{"type":"FeatureCollection", "features": [
{"type":"Feature","geometry":{"type":"Polygon","coordinates":[[[-58.3431,-34.6302],[-58.3362,-34.6282],[-58.3409,-34.617],[-58.3414,-34.6099],[-58.3468,-34.6024],[-58.3556,-34.5952],[-58.3691,-34.5941],[-58.3596,-34.5884],[-58.3616,-34.5812],[-58.3782,-34.5728],[-58.3814,-34.5683],[-58.3901,-34.5693],[-58.4037,-34.5638],[-58.4111,-34.5574],[-58.4256,-34.5523],[-58.4315,-34.5446],[-58.4426,-34.5368],[-58.4485,-34.5374],[-58.4557,-34.5274],[-58.4596,-34.5277],[-58.4635,-34.5334],[-58.5008,-34.5495],[-58.5315,-34.6155],[-58.5289,-34.6546],[-58.4612,-34.7054],[-58.4274,-34.6655],[-58.4134,-34.6588],[-58.3927,-34.6627],[-58.3852,-34.6582],[-58.3741,-34.6572],[-58.3684,-34.6511],[-58.3566,-34.6445],[-58.3559,-34.6382],[-58.3431,-34.6302]]]},"properties":{"nombre":"Ciudad Autónoma de Buenos Aires","slug":"ciudad-autonoma-de-buenos-aires"}},
{"type":"Feature","geometry":{"type":"Polygon","coordinates":[[[-66.6618,-31.9205],[-66.8857,-31.8977],[-67.0059,-31.8554],[-67.05,-31.8575],[-67.078,-31.849],[-67.1367,-31.8338],[-67.2415,-31.8808],[-67.3792,-31.8681],[-67.3783,-31.8845],[-67.3726,-31.9071],[-67.3683,-31.9338],[-67.3652,-31.9759],[-67.3677,-32.0146],[-67.3778,-32.0526],[-67.3807,-32.0799],[-67.3838,-32.1252],[-67.3808,-32.1958],[-67.382,-32.2113],[-67.3802,-32.2238],[-67.376,-32.2374],[-67.3704,-32.2463],[-67.278,-32.2923],[-67.2662,-32.3393],[-67.2638,-32.3819],[-67.3177,-32.382],[-67.3202,-32.3879],[-67.3122,-32.4005],[-67.3111,-32.4112],[-67.3068,-32.4139],[-67.3101,-32.4247],[-67.3032,-32.4315],[-67.2959,-32.4314],[-67.2893,-32.4431],[-67.2975,-32.4465],[-67.2959,-32.4616],[-67.3014,-32.4707],[-67.2957,-32.4785],[-67.2926,-32.4902],[-67.2936,-32.4956],[-67.2865,-32.501],[-67.2831,-32.5127],[-67.2861,-32.5196],[-67.2936,-32.5198],[-67.2973,-32.5361],[-67.2926,-32.5393],[-67.2872,-32.534],[-67.2771,-32.5365],[-67.2679,-32.5459],[-67.2619,-32.5566],[-67.2693,-32.5609],[-67.2687,-32.5701],[-67.2623,-32.5771],[-67.2505,-32.5854],[-67.2466,-32.5907],[-67.244,-32.6032],[-67.2574,-32.6202],[-67.2517,-32.6306],[-67.2397,-32.6332],[-67.2354,-32.6435],[-67.2375,-32.6491],[-67.2355,-32.6562],[-67.23,-32.6603],[-67.2297,-32.6684],[-67.225,-32.6822],[-67.2135,-32.6889],[-67.2107,-32.6861],[-67.1957,-32.6915],[-67.1923,-32.6965],[-67.1925,-32.704],[-67.1802,-32.7175],[-67.1829,-32.7273],[-67.1765,-32.741],[-67.17,-32.7499],[-67.167,-32.7628],[-67.1823,-32.7648],[-67.1819,-32.7816],[-67.1768,-32.7869],[-67.1793,-32.7907],[-67.1789,-32.8044],[-67.1766,-32.8151],[-67.1887,-32.8357],[-67.1943,-32.8401],[-67.2015,-32.8407],[-67.2092,-32.8474],[-67.211,-32.8572],[-67.2252,-32.8588],[-67.2308,-32.8612],[-67.2273,-32.877],[-67.2324,-32.885],[-67.2311,-32.8979],[-67.2281,-32.9014],[-67.2148,-32.9083],[-67.2121,-32.9117],[-67.2118,-32.9221],[-67.2142,-32.9273],[-67.2091,-32.9359],[-67.2104,-32.9459],[-67.2015,-32.9565],[-67.204,-32.962],[-67.2014,-32.9733],[-67.1915,-32.9828],[-67.1935,-32.9895],[-67.1886,-32.9994],[-67.1793,-33.0035],[-67.1847,-33.0143],[-67.1827,-33.0296],[-67.1834,-33.0392],[-67.1905,-33.0434],[-67.1932,-33.0494],[-67.1852,-33.0532],[-67.1769,-33.0647],[-67.1779,-33.0706],[-67.1745,-33.0782],[-67.1833,-33.0854],[-67.1846,-33.094],[-67.1801,-33.1063],[-67.1847,-33.1171],[-67.1845,-33.1275],[-67.1722,-33.1519],[-67.1722,-33.1582],[-67.1672,-33.1662],[-67.1773,-33.1787],[-67.1758,-33.1868],[-67.1812,-33.1962],[-67.1824,-33.204],[-67.1774,-33.2097],[-67.1787,-33.2201],[-67.1771,-33.2332],[-67.1802,-33.2522],[-67.1751,-33.2577],[-67.1717,-33.2695],[-67.1751,-33.2862],[-67.1663,-33.304],[-67.16,-33.3133],[-67.1592,-33.319],[-67.1522,-33.3268],[-67.1563,-33.341],[-67.155,-33.3456],[-67.1574,-33.3705],[-67.1498,-33.3802],[-67.1483,-33.3881],[-67.149,-33.3999],[-67.1526,-33.4122],[-67.1431,-33.4283],[-67.1455,-33.4397],[-67.1312,-33.4512],[-67.1353,-33.464],[-67.1324,-33.4704],[-67.121,-33.4741],[-67.1147,-33.4881],[-67.1083,-33.49],[-67.0943,-33.5084],[-67.0974,-33.5222],[-67.0914,-33.5279],[-67.0964,-33.5328],[-67.0887,-33.5416],[-67.076,-33.5431],[-67.0659,-33.55],[-67.0622,-33.5583],[-67.0695,-33.5644],[-67.0664,-33.5713],[-67.0588,-33.5732],[-67.0573,-33.5803],[-67.0464,-33.5859],[-67.0403,-33.5954],[-67.037,-33.6069],[-67.029,-33.6097],[-67.0182,-33.6099],[-67.0155,-33.618],[-67.0085,-33.618],[-67.0041,-33.63],[-67.0045,-33.6508],[-66.9985,-33.6561],[-67.0047,-33.6658],[-66.9966,-33.6713],[-66.9975,-33.6752],[-66.9814,-33.6892],[-66.9737,-33.6893],[-66.973,-33.7029],[-66.9686,-33.7028],[-66.9617,-33.7124],[-66.9612,-33.7182],[-66.9494,-33.7313],[-66.9342,-33.7388],[-66.9313,-33.7439],[-66.919,-33.7465],[-66.8976,-33.761],[-66.8925,-33.7663],[-66.8837,-33.7683],[-66.885,-33.7762],[-66.8816,-33.7876],[-66.8841,-33.8028],[-66.8793,-33.818],[-66.8755,-33.8225],[-66.8733,-33.8329],[-66.859,-33.8388],[-66.8508,-33.8445],[-66.8226,-33.855],[-66.8117,-33.8629],[-66.8012,-33.863],[-66.7949,-33.8718],[-66.7941,-33.8786],[-66.7876,-33.8816],[-66.7797,-33.8895],[-66.7733,-33.8857],[-66.7695,-33.9011],[-66.7566,-33.9052],[-66.7503,-33.9143],[-66.7403,-33.9112],[-66.7299,-33.9191],[-66.7286,-33.9288],[-66.7101,-33.9375],[-66.704,-33.9322],[-66.6929,-33.9383],[-66.6864,-33.939],[-66.6754,-33.9523],[-66.6675,-33.9561],[-66.6661,-33.9609],[-66.6712,-33.9728],[-66.6632,-33.9863],[-66.6687,-33.9893],[-66.6729,-33.9963],[-66.681,-33.9973],[-66.687,-34.0029],[-66.6902,-34.0107],[-66.6945,-34.0114],[-66.7005,-34.0203],[-66.708,-34.0255],[-66.7008,-34.0337],[-66.7037,-34.0397],[-66.6993,-34.0465],[-66.7119,-34.0524],[-66.7157,-34.0578],[-66.7126,-34.066],[-66.7168,-34.0728],[-66.7107,-34.0818],[-66.7106,-34.0903],[-66.7142,-34.0937],[-66.7127,-34.1022],[-66.7185,-34.1123],[-66.7239,-34.1156],[-66.7251,-34.1221],[-66.7206,-34.1252],[-66.723,-34.1329],[-66.7337,-34.137],[-66.7252,-34.1471],[-66.7124,-34.1464],[-66.7113,-34.1518],[-66.7163,-34.1552],[-66.7185,-34.1687],[-66.7241,-34.1723],[-66.7303,-34.1821],[-66.7183,-34.1899],[-66.7288,-34.2085],[-66.7204,-34.2091],[-66.7235,-34.2211],[-66.7301,-34.2223],[-66.7459,-34.2216],[-66.7484,-34.2273],[-66.7443,-34.2326],[-66.7521,-34.2349],[-66.7622,-34.2281],[-66.7843,-34.2326],[-66.7872,-34.2519],[-66.8012,-34.2584],[-66.7888,-34.2664],[-66.7778,-34.2883],[-66.7761,-34.2986],[-66.7842,-34.3027],[-66.7976,-34.301],[-66.8028,-34.3057],[-66.8034,-34.3146],[-66.801,-34.3221],[-66.8,-34.3369],[-66.8066,-34.3387],[-66.8119,-34.3451],[-66.7997,-34.3546],[-66.7952,-34.3557],[-66.7869,-34.3777],[-66.7725,-34.3753],[-66.7642,-34.3791],[-66.7645,-34.3879],[-66.776,-34.3937],[-66.7724,-34.4029],[-66.7775,-34.4117],[-66.7872,-34.4092],[-66.7947,-34.4133],[-66.7884,-34.4212],[-66.7734,-34.4245],[-66.7674,-34.4318],[-66.7574,-34.4345],[-66.7544,-34.4431],[-66.7553,-34.4508],[-66.7525,-34.4601],[-66.7589,-34.4719],[-66.7582,-34.4874],[-66.7638,-34.4969],[-66.756,-34.5142],[-66.7576,-34.5234],[-66.7555,-34.5339],[-66.7643,-34.5392],[-66.7615,-34.5453],[-66.7652,-34.5509],[-66.7561,-34.5605],[-66.7572,-34.5666],[-66.7467,-34.572],[-66.7352,-34.5835],[-66.7298,-34.5844],[-66.7282,-34.5968],[-66.7321,-34.6006],[-66.7266,-34.6102],[-66.7123,-34.6176],[-66.704,-34.6188],[-66.7039,-34.6237],[-66.712,-34.6284],[-66.7036,-34.6345],[-66.7004,-34.6492],[-66.6967,-34.6532],[-66.6946,-34.6662],[-66.6907,-34.6745],[-66.6916,-34.6867],[-66.6871,-34.6925],[-66.6769,-34.6906],[-66.6694,-34.6952],[-66.6541,-34.7095],[-66.6433,-34.7134],[-66.6383,-34.7247],[-66.6415,-34.7395],[-66.6515,-34.748],[-66.6497,-34.7583],[-66.6429,-34.7643],[-66.6264,-34.7684],[-66.6214,-34.7677],[-66.6067,-34.7741],[-66.5955,-34.7891],[-66.6025,-34.8021],[-66.5939,-34.803],[-66.5939,-34.8078],[-66.5657,-34.826],[-66.5612,-34.8327],[-66.5614,-34.8449],[-66.5559,-34.8529],[-66.5514,-34.8706],[-66.5445,-34.8821],[-66.5544,-34.8922],[-66.554,-34.9011],[-66.5501,-34.9069],[-66.5542,-34.9115],[-66.5492,-34.9188],[-66.5385,-34.9171],[-66.5388,-34.9228],[-66.5249,-34.9436],[-66.5255,-34.951],[-66.5347,-34.961],[-66.5451,-34.9674],[-66.545,-34.9712],[-66.5354,-34.9822],[-66.5357,-34.9978],[-66.5323,-35.0053],[-66.5393,-35.011],[-66.5226,-35.0198],[-66.5241,-35.036],[-66.5202,-35.0428],[-66.5266,-35.049],[-66.5154,-35.0569],[-66.5205,-35.0647],[-66.5125,-35.0714],[-66.5153,-35.0763],[-66.512,-35.0829],[-66.5034,-35.0856],[-66.5071,-35.0907],[-66.5027,-35.0944],[-66.4945,-35.0913],[-66.4877,-35.0966],[-66.4975,-35.106],[-66.4873,-35.1212],[-66.4897,-35.1302],[-66.4842,-35.1311],[-66.4781,-35.1397],[-66.4788,-35.1449],[-66.4868,-35.1535],[-66.4945,-35.1581],[-66.4965,-35.1742],[-66.4923,-35.1842],[-66.4974,-35.1911],[-66.497,-35.1958],[-66.4903,-35.2079],[-66.4833,-35.2091],[-66.4832,-35.2159],[-66.4879,-35.2183],[-66.4896,-35.2308],[-66.4842,-35.2408],[-66.4926,-35.2458],[-66.5007,-35.2474],[-66.5111,-35.2657],[-66.5195,-35.2743],[-66.5137,-35.2824],[-66.5181,-35.2879],[-66.5119,-35.2923],[-66.5091,-35.3003],[-66.4997,-35.303],[-66.4956,-35.3112],[-66.4995,-35.3284],[-66.4991,-35.3452],[-66.5064,-35.3536],[-66.5039,-35.3628],[-66.5067,-35.3756],[-66.5139,-35.3877],[-66.5081,-35.3975],[-66.5123,-35.3992],[-66.52,-35.4119],[-66.5247,-35.4162],[-66.5222,-35.4282],[-66.5251,-35.4378],[-66.53,-35.4453],[-66.5241,-35.449],[-66.5251,-35.4607],[-66.5195,-35.4629],[-66.5174,-35.4701],[-66.52,-35.4816],[-66.5239,-35.4889],[-66.5228,-35.5074],[-66.5283,-35.5261],[-66.5252,-35.5402],[-66.533,-35.5435],[-66.5332,-35.5498],[-66.539,-35.5565],[-66.5392,-35.562],[-66.5497,-35.5693],[-66.5632,-35.5734],[-66.5703,-35.582],[-66.5695,-35.5995],[-66.5635,-35.6104],[-66.5647,-35.6191],[-66.562,-35.6253],[-66.5477,-35.6388],[-66.5602,-35.6556],[-66.5613,-35.6643],[-66.5578,-35.672],[-66.57,-35.694],[-66.5806,-35.7038],[-66.58,-35.7351],[-66.5839,-35.7403],[-66.5816,-35.7476],[-66.5834,-35.7567],[-66.5807,-35.7686],[-66.5906,-35.7866],[-66.5894,-35.7944],[-66.5951,-35.8094],[-66.6011,-35.8165],[-66.6045,-35.8277],[-66.612,-35.8354],[-66.6149,-35.8427],[-66.6222,-35.8484],[-66.6232,-35.8542],[-66.6199,-35.8648],[-66.6216,-35.8726],[-66.6207,-35.8844],[-66.6267,-35.8908],[-66.6267,-35.8979],[-66.6181,-35.903],[-66.6191,-35.907],[-66.6286,-35.9167],[-66.6271,-35.9395],[-66.6171,-35.9483],[-66.6223,-35.9543],[-66.6188,-35.9642],[-66.6197,-35.971],[-66.6246,-35.9729],[-66.6253,-35.9801],[-66.633,-35.9888],[-66.6378,-36.0006],[-66.6358,-36.0012],[-66.5839,-36.0004],[-66.4459,-36],[-66.3745,-35.9994],[-66.3306,-36.0001],[-66.0846,-35.9998],[-65.938,-35.9999],[-65.8232,-35.9997],[-65.7492,-35.9985],[-65.648,-35.9974],[-65.5325,-35.9964],[-65.4365,-35.9983],[-65.3563,-35.9995],[-65.1493,-35.9995],[-65.1078,-35.9991],[-65.1076,-35.8012],[-65.1074,-35.6264],[-65.1073,-35.5335],[-65.1071,-35.3583],[-65.1068,-35.0153],[-65.1063,-34.8802],[-65.1059,-34.7922],[-65.1059,-34.6025],[-65.1072,-34.4219],[-65.1068,-34.3471],[-65.1073,-34.3351],[-65.1085,-34.2425],[-65.1078,-34.2002],[-65.1085,-34.168],[-65.1096,-33.9931],[-65.1092,-33.9506],[-65.1123,-33.8611],[-65.1148,-33.8121],[-65.1174,-33.7707],[-65.1191,-33.7259],[-65.1213,-33.6842],[-65.1247,-33.5866],[-65.1272,-33.5458],[-65.1288,-33.505],[-65.1355,-33.3649],[-65.141,-33.2582],[-65.143,-33.1948],[-65.1213,-33.1791],[-65.1113,-33.1761],[-65.111,-33.1723],[-65.0981,-33.1536],[-65.0932,-33.1556],[-65.0862,-33.1487],[-65.0708,-33.1383],[-65.0691,-33.1321],[-65.0623,-33.1266],[-65.0548,-33.1156],[-65.0544,-33.1092],[-65.0594,-33.1006],[-65.0528,-33.0903],[-65.0481,-33.0688],[-65.04,-33.0583],[-65.0305,-33.0545],[-65.0257,-33.0436],[-65.0174,-33.0329],[-65.0118,-33.0171],[-64.9997,-33.0027],[-65.0086,-32.9895],[-65.0215,-32.9771],[-65.0209,-32.9688],[-65.004,-32.9535],[-64.9928,-32.9452],[-64.9936,-32.929],[-64.981,-32.9102],[-64.9823,-32.9022],[-64.9785,-32.8895],[-64.98,-32.8852],[-64.9748,-32.8754],[-64.9631,-32.8633],[-64.9617,-32.8564],[-64.966,-32.8494],[-64.974,-32.829],[-64.9731,-32.8169],[-64.9685,-32.7988],[-64.9566,-32.7903],[-64.9478,-32.7744],[-64.9432,-32.7614],[-64.9513,-32.742],[-64.9482,-32.7228],[-64.9366,-32.709],[-64.9236,-32.6984],[-64.9157,-32.6968],[-64.9095,-32.6854],[-64.9114,-32.6772],[-64.9214,-32.6713],[-64.9239,-32.6535],[-64.9179,-32.6465],[-64.9099,-32.6422],[-64.9136,-32.6343],[-64.9209,-32.6318],[-64.9215,-32.6236],[-64.9161,-32.6081],[-64.9067,-32.5963],[-64.8986,-32.5901],[-64.8833,-32.5726],[-64.8844,-32.5606],[-64.8888,-32.5523],[-64.8897,-32.5417],[-64.8827,-32.5316],[-64.8859,-32.5212],[-64.8977,-32.5164],[-64.9028,-32.4994],[-64.9126,-32.4932],[-64.9192,-32.4838],[-64.9157,-32.4693],[-64.9203,-32.4612],[-64.9203,-32.4341],[-64.9275,-32.4291],[-64.9293,-32.4171],[-64.9243,-32.4047],[-64.9263,-32.399],[-64.9221,-32.3705],[-64.9273,-32.3579],[-64.9268,-32.3447],[-64.924,-32.34],[-64.9233,-32.3278],[-64.9372,-32.3102],[-64.9414,-32.2983],[-64.9603,-32.316],[-64.9772,-32.3214],[-64.9972,-32.314],[-65.0097,-32.3168],[-65.0202,-32.3152],[-65.0396,-32.3173],[-65.0568,-32.314],[-65.0662,-32.3167],[-65.212,-32.3267],[-65.2092,-32.3244],[-65.2098,-32.3086],[-65.2145,-32.2896],[-65.2187,-32.2874],[-65.2192,-32.2795],[-65.2089,-32.2527],[-65.2126,-32.2463],[-65.2105,-32.2353],[-65.2198,-32.2226],[-65.2312,-32.2111],[-65.2322,-32.2055],[-65.2251,-32.1789],[-65.2268,-32.1713],[-65.2344,-32.1547],[-65.2311,-32.1503],[-65.2377,-32.1315],[-65.2418,-32.1244],[-65.2383,-32.1054],[-65.2458,-32.089],[-65.2539,-32.09],[-65.2639,-32.0777],[-65.2765,-32.0725],[-65.2872,-32.0641],[-65.293,-32.0636],[-65.3035,-32.054],[-65.3104,-32.0529],[-65.3122,-32.0427],[-65.328,-32.0348],[-65.5092,-31.9526],[-65.628,-31.8986],[-65.7698,-31.8886],[-65.7806,-31.8884],[-65.7923,-31.8922],[-65.8343,-31.8989],[-65.8571,-31.9005],[-65.8775,-31.9062],[-65.8862,-31.9102],[-65.9149,-31.9099],[-65.9498,-31.9004],[-65.9607,-31.8953],[-65.979,-31.8892],[-65.9902,-31.8961],[-66.0077,-31.9033],[-66.0177,-31.9094],[-66.0692,-31.9365],[-66.0713,-31.9514],[-66.0793,-31.9719],[-66.1314,-31.9437],[-66.151,-31.9394],[-66.161,-31.9403],[-66.1585,-31.9607],[-66.1602,-31.9628],[-66.2269,-31.9426],[-66.2794,-31.934],[-66.299,-31.9313],[-66.3022,-31.9336],[-66.3315,-31.939],[-66.3375,-31.9432],[-66.3427,-31.9574],[-66.3528,-31.9947],[-66.367,-31.998],[-66.3835,-31.9901],[-66.3895,-31.9858],[-66.4125,-31.9808],[-66.5088,-31.9614],[-66.5688,-31.9498],[-66.6048,-31.9343],[-66.6045,-31.9234],[-66.6618,-31.9205]]]},"properties":{"nombre":"San Luis","slug":"san-luis"}},
{"type":"Feature","geometry":{"type":"Polygon","coordinates":[[[-58.8808,-28.0668],[-58.8818,-28.0597],[-58.8924,-28.0457],[-58.8937,-28.0353],[-58.8913,-28.0254],[-58.8864,-28.0159],[-58.884,-28],[-59.0286,-28],[-59.1763,-27.9999],[-59.3118,-28],[-59.4512,-28.0001],[-59.6491,-28.001],[-59.7124,-28.0015],[-59.8214,-28.0013],[-59.9385,-28.0013],[-60.0602,-28.0013],[-60.1534,-28.0006],[-60.2957,-28.0011],[-60.4632,-28.0009],[-60.6364,-27.9998],[-60.7152,-27.9995],[-60.7931,-27.9988],[-60.8723,-27.9984],[-61.0081,-27.9984],[-61.098,-27.9977],[-61.212,-27.9982],[-61.3883,-27.9984],[-61.4623,-27.9982],[-61.6027,-27.9983],[-61.712,-27.9986],[-61.7533,-28.2451],[-61.7745,-28.372],[-61.801,-28.5305],[-61.8434,-28.7837],[-61.8711,-28.9496],[-61.9017,-29.132],[-61.9493,-29.4123],[-61.9663,-29.5122],[-61.9917,-29.6616],[-62.0164,-29.8071],[-62.0525,-30.0196],[-62.0658,-30.0979],[-62.0898,-30.2395],[-62.113,-30.3762],[-62.1307,-30.4804],[-61.9823,-30.6161],[-61.8422,-30.7443],[-61.9018,-30.9283],[-61.9654,-31.1235],[-62.0078,-31.2535],[-62.0657,-31.4297],[-62.1235,-31.6054],[-62.2417,-31.6997],[-62.2181,-31.7406],[-62.218,-31.7881],[-62.226,-31.8378],[-62.2235,-31.8839],[-62.1889,-31.9223],[-62.1753,-31.9671],[-62.1678,-31.986],[-62.1822,-32.0487],[-62.1819,-32.063],[-62.1965,-32.1112],[-62.1968,-32.1148],[-62.1789,-32.1594],[-62.1453,-32.1935],[-62.1277,-32.2092],[-62.0425,-32.2584],[-62.0379,-32.2629],[-62.0342,-32.2726],[-62.026,-32.3054],[-62.0117,-32.3471],[-62.0063,-32.354],[-61.9957,-32.3732],[-61.9872,-32.3846],[-61.984,-32.3938],[-61.9721,-32.4054],[-61.9654,-32.4159],[-61.9583,-32.421],[-61.9549,-32.4271],[-61.9439,-32.4391],[-61.9286,-32.4642],[-61.9205,-32.4851],[-61.9131,-32.4997],[-61.9205,-32.5053],[-61.9121,-32.5266],[-61.9308,-32.5382],[-61.9287,-32.5483],[-61.9197,-32.5528],[-61.9051,-32.5525],[-61.9026,-32.569],[-61.9133,-32.5737],[-61.9263,-32.5843],[-61.9227,-32.5925],[-61.9076,-32.5955],[-61.9004,-32.5923],[-61.8909,-32.5918],[-61.8907,-32.6147],[-61.8962,-32.6152],[-61.9171,-32.6299],[-61.9177,-32.6324],[-61.9462,-32.651],[-61.9437,-32.6557],[-61.9466,-32.6785],[-61.9348,-32.6802],[-61.9317,-32.6887],[-61.904,-32.696],[-61.9005,-32.6938],[-61.8854,-32.6919],[-61.8666,-32.6953],[-61.858,-32.6946],[-61.8528,-32.7062],[-61.8428,-32.723],[-61.8405,-32.7311],[-61.8301,-32.7462],[-61.8284,-32.7545],[-61.8208,-32.7584],[-61.8102,-32.7594],[-61.7957,-32.774],[-61.7978,-32.7788],[-61.7917,-32.7941],[-61.7864,-32.7947],[-61.7853,-32.8131],[-61.7778,-32.83],[-61.7837,-32.8526],[-61.7928,-32.8732],[-61.7858,-32.8888],[-61.7782,-32.8909],[-61.773,-32.9027],[-61.7723,-32.9131],[-61.7766,-32.9266],[-61.7909,-32.958],[-61.7865,-32.9635],[-61.7877,-32.9727],[-61.7913,-32.9745],[-61.7895,-32.983],[-61.7921,-32.9888],[-61.7877,-33.0062],[-61.7937,-33.014],[-61.8004,-33.017],[-61.8244,-33.0414],[-61.8485,-33.0563],[-61.8526,-33.0624],[-61.8611,-33.0684],[-61.8739,-33.0836],[-61.8764,-33.0919],[-61.8847,-33.1022],[-61.9041,-33.1174],[-61.9232,-33.1196],[-61.9702,-33.1824],[-62.0634,-33.3071],[-62.1244,-33.3887],[-62.2094,-33.5017],[-62.3148,-33.6414],[-62.4116,-33.7691],[-62.4715,-33.8478],[-62.5449,-33.944],[-62.7801,-34.251],[-62.8839,-34.3865],[-62.7576,-34.3861],[-62.5315,-34.3859],[-62.2691,-34.3858],[-62.0674,-34.3857],[-61.8161,-34.3856],[-61.7198,-34.3856],[-61.5658,-34.243],[-61.3314,-34.0257],[-61.1853,-33.89],[-61.0884,-33.7997],[-60.976,-33.6943],[-60.934,-33.6547],[-60.9324,-33.647],[-60.9219,-33.6371],[-60.9235,-33.6177],[-60.9181,-33.5884],[-60.8941,-33.5652],[-60.882,-33.5566],[-60.8613,-33.5463],[-60.8445,-33.546],[-60.8247,-33.5438],[-60.8203,-33.5406],[-60.8108,-33.5473],[-60.8107,-33.5548],[-60.7931,-33.5701],[-60.7821,-33.5776],[-60.7471,-33.5883],[-60.7344,-33.5865],[-60.7113,-33.5888],[-60.701,-33.5849],[-60.6906,-33.5841],[-60.6648,-33.5923],[-60.6564,-33.6038],[-60.6482,-33.6074],[-60.6397,-33.6161],[-60.6255,-33.6255],[-60.6166,-33.6254],[-60.6059,-33.6304],[-60.6018,-33.6274],[-60.5828,-33.6343],[-60.5612,-33.6452],[-60.5233,-33.6487],[-60.5187,-33.6443],[-60.5097,-33.6461],[-60.4898,-33.6433],[-60.4764,-33.6375],[-60.4679,-33.6373],[-60.4596,-33.6315],[-60.4569,-33.6232],[-60.4605,-33.6102],[-60.4565,-33.6014],[-60.4574,-33.5825],[-60.4491,-33.579],[-60.4406,-33.5674],[-60.4266,-33.5651],[-60.4185,-33.5585],[-60.4154,-33.5439],[-60.4215,-33.5348],[-60.4205,-33.5255],[-60.4224,-33.515],[-60.421,-33.5046],[-60.4163,-33.4981],[-60.4169,-33.4886],[-60.4133,-33.484],[-60.4121,-33.4728],[-60.4085,-33.466],[-60.4001,-33.46],[-60.3892,-33.4481],[-60.3725,-33.4394],[-60.3646,-33.4329],[-60.3467,-33.4243],[-60.3335,-33.4073],[-60.3348,-33.3971],[-60.3249,-33.3831],[-60.3217,-33.3737],[-60.3266,-33.368],[-60.3234,-33.3503],[-60.3134,-33.3387],[-60.3008,-33.3283],[-60.2907,-33.3232],[-60.2828,-33.3134],[-60.2843,-33.3099],[-60.2711,-33.2878],[-60.2649,-33.2691],[-60.2524,-33.275],[-60.2595,-33.2619],[-60.2928,-33.2459],[-60.2978,-33.2423],[-60.3002,-33.2304],[-60.2988,-33.2266],[-60.2869,-33.2166],[-60.2845,-33.2099],[-60.2883,-33.1976],[-60.3031,-33.1835],[-60.3109,-33.1804],[-60.3357,-33.1768],[-60.3604,-33.1804],[-60.3825,-33.1892],[-60.398,-33.1868],[-60.4242,-33.174],[-60.4346,-33.1654],[-60.4406,-33.1569],[-60.4515,-33.1495],[-60.467,-33.145],[-60.4934,-33.1314],[-60.5132,-33.1129],[-60.5224,-33.0992],[-60.5349,-33.0778],[-60.5544,-33.0536],[-60.5647,-33.0422],[-60.5859,-33.0248],[-60.6012,-33.006],[-60.6105,-32.9913],[-60.6136,-32.966],[-60.6169,-32.9539],[-60.6257,-32.9413],[-60.6502,-32.9267],[-60.6629,-32.9162],[-60.6762,-32.8996],[-60.6819,-32.8792],[-60.6793,-32.867],[-60.665,-32.8551],[-60.659,-32.8402],[-60.6589,-32.8312],[-60.6786,-32.8158],[-60.6943,-32.8056],[-60.716,-32.7736],[-60.7221,-32.747],[-60.7221,-32.7277],[-60.7199,-32.6936],[-60.7214,-32.6807],[-60.7259,-32.6636],[-60.7423,-32.6403],[-60.7521,-32.6222],[-60.7524,-32.6147],[-60.7439,-32.5861],[-60.7438,-32.5765],[-60.7474,-32.5543],[-60.7552,-32.5371],[-60.7714,-32.5193],[-60.7762,-32.507],[-60.7728,-32.5002],[-60.7653,-32.4936],[-60.748,-32.4826],[-60.7288,-32.4651],[-60.7238,-32.4561],[-60.7202,-32.44],[-60.7116,-32.3931],[-60.7123,-32.3833],[-60.7202,-32.3593],[-60.7216,-32.3421],[-60.719,-32.334],[-60.7121,-32.3257],[-60.7016,-32.3231],[-60.6823,-32.324],[-60.6788,-32.315],[-60.6828,-32.2865],[-60.6772,-32.2575],[-60.6735,-32.2449],[-60.6737,-32.224],[-60.6804,-32.209],[-60.6904,-32.1971],[-60.6971,-32.1824],[-60.7001,-32.169],[-60.7004,-32.1498],[-60.6947,-32.1288],[-60.6802,-32.1028],[-60.6621,-32.0852],[-60.6586,-32.0802],[-60.656,-32.0671],[-60.6581,-32.0507],[-60.6637,-32.0384],[-60.6728,-32.028],[-60.6844,-32.0121],[-60.6957,-32.0068],[-60.7045,-32.0004],[-60.7207,-31.9852],[-60.7235,-31.9776],[-60.7197,-31.9588],[-60.6719,-31.9302],[-60.6601,-31.9183],[-60.6529,-31.8971],[-60.6592,-31.8781],[-60.6615,-31.8617],[-60.6607,-31.8512],[-60.6626,-31.8445],[-60.6734,-31.8302],[-60.6758,-31.8117],[-60.6655,-31.7977],[-60.6531,-31.792],[-60.6409,-31.7918],[-60.6367,-31.7825],[-60.6364,-31.7746],[-60.6437,-31.7633],[-60.6429,-31.7512],[-60.6388,-31.742],[-60.6276,-31.7332],[-60.591,-31.7109],[-60.5681,-31.7049],[-60.5374,-31.6999],[-60.5177,-31.6992],[-60.491,-31.7004],[-60.4676,-31.6983],[-60.4544,-31.6893],[-60.4438,-31.6756],[-60.3963,-31.643],[-60.3573,-31.6266],[-60.3347,-31.6126],[-60.3276,-31.6021],[-60.3257,-31.5867],[-60.3269,-31.5788],[-60.3373,-31.5674],[-60.3399,-31.5552],[-60.3352,-31.5491],[-60.3257,-31.5419],[-60.3171,-31.5381],[-60.2993,-31.5336],[-60.2828,-31.5324],[-60.2579,-31.5357],[-60.244,-31.5304],[-60.2302,-31.5183],[-60.2223,-31.503],[-60.2195,-31.4933],[-60.2188,-31.4757],[-60.2071,-31.4652],[-60.1813,-31.4607],[-60.1491,-31.4483],[-60.1394,-31.4372],[-60.1384,-31.4134],[-60.1174,-31.3888],[-60.0961,-31.3706],[-60.0896,-31.3565],[-60.0869,-31.3398],[-60.0956,-31.3227],[-60.1057,-31.3108],[-60.1101,-31.2969],[-60.1056,-31.2899],[-60.0751,-31.2774],[-60.0255,-31.2591],[-60.0134,-31.2507],[-60.0014,-31.2369],[-59.9887,-31.2066],[-59.9848,-31.1934],[-59.9833,-31.1786],[-59.9848,-31.1664],[-59.9833,-31.1557],[-59.977,-31.1427],[-59.9634,-31.1199],[-59.9479,-31.1094],[-59.9254,-31.1051],[-59.9028,-31.0848],[-59.8779,-31.0562],[-59.846,-30.9999],[-59.8396,-30.9865],[-59.8261,-30.9717],[-59.8193,-30.9549],[-59.8182,-30.9425],[-59.8115,-30.9359],[-59.7779,-30.913],[-59.7701,-30.9057],[-59.7541,-30.8961],[-59.7348,-30.8766],[-59.7161,-30.8462],[-59.7106,-30.8343],[-59.7049,-30.8174],[-59.7015,-30.8012],[-59.7025,-30.7922],[-59.6994,-30.7691],[-59.6942,-30.7648],[-59.6652,-30.7489],[-59.6542,-30.7409],[-59.6399,-30.7278],[-59.6333,-30.7139],[-59.6366,-30.7013],[-59.6631,-30.682],[-59.6681,-30.676],[-59.6764,-30.6594],[-59.6784,-30.6469],[-59.6735,-30.6363],[-59.6509,-30.6089],[-59.6459,-30.597],[-59.6459,-30.5663],[-59.6505,-30.529],[-59.6507,-30.5138],[-59.656,-30.5015],[-59.6672,-30.4874],[-59.6738,-30.4767],[-59.6732,-30.4654],[-59.6839,-30.4461],[-59.6891,-30.4422],[-59.7033,-30.4362],[-59.7171,-30.4254],[-59.7217,-30.4184],[-59.7236,-30.4089],[-59.7192,-30.3992],[-59.709,-30.3952],[-59.698,-30.3938],[-59.6857,-30.3896],[-59.6714,-30.3763],[-59.6668,-30.3679],[-59.6675,-30.3604],[-59.6721,-30.3517],[-59.6717,-30.3387],[-59.6668,-30.3272],[-59.6723,-30.3205],[-59.6858,-30.3169],[-59.6935,-30.3131],[-59.708,-30.294],[-59.7084,-30.2931],[-59.7113,-30.2841],[-59.7108,-30.2703],[-59.7073,-30.2667],[-59.6799,-30.2613],[-59.6635,-30.2567],[-59.6482,-30.2494],[-59.6392,-30.242],[-59.6259,-30.2115],[-59.6268,-30.1977],[-59.6309,-30.1822],[-59.6313,-30.168],[-59.628,-30.1549],[-59.6187,-30.1325],[-59.6161,-30.113],[-59.6121,-30.1025],[-59.5973,-30.0795],[-59.5897,-30.0619],[-59.5797,-30.0454],[-59.5685,-30.0164],[-59.5664,-30.0043],[-59.5702,-29.9967],[-59.5799,-29.989],[-59.5889,-29.9763],[-59.5916,-29.9687],[-59.5909,-29.9557],[-59.5926,-29.9398],[-59.6014,-29.9103],[-59.6047,-29.9027],[-59.6197,-29.8786],[-59.6556,-29.8534],[-59.6597,-29.8432],[-59.6585,-29.8299],[-59.6516,-29.818],[-59.6466,-29.8141],[-59.6354,-29.7963],[-59.6175,-29.7758],[-59.6135,-29.7363],[-59.6106,-29.7266],[-59.6104,-29.7149],[-59.6142,-29.6883],[-59.614,-29.6688],[-59.6087,-29.6516],[-59.6047,-29.6281],[-59.6023,-29.6076],[-59.6023,-29.5936],[-59.5999,-29.5836],[-59.5902,-29.5698],[-59.5926,-29.5543],[-59.5892,-29.5441],[-59.5914,-29.5341],[-59.5895,-29.5172],[-59.5845,-29.5024],[-59.5828,-29.4815],[-59.58,-29.4598],[-59.587,-29.438],[-59.6001,-29.4211],[-59.6052,-29.4088],[-59.6043,-29.3947],[-59.594,-29.3825],[-59.5611,-29.3703],[-59.5322,-29.3539],[-59.5198,-29.3432],[-59.5162,-29.3377],[-59.5119,-29.3168],[-59.512,-29.2777],[-59.5109,-29.2573],[-59.5087,-29.2508],[-59.5006,-29.2435],[-59.4902,-29.2381],[-59.4423,-29.2235],[-59.4334,-29.2215],[-59.4078,-29.2214],[-59.4021,-29.2169],[-59.3968,-29.1905],[-59.3907,-29.1814],[-59.3709,-29.1564],[-59.3639,-29.1489],[-59.3625,-29.1379],[-59.3582,-29.1279],[-59.3468,-29.1144],[-59.3325,-29.1084],[-59.3025,-29.1058],[-59.2753,-29.0996],[-59.2487,-29.0837],[-59.2126,-29.0527],[-59.1997,-29.0315],[-59.1983,-29.0254],[-59.2002,-29.0123],[-59.2088,-28.9982],[-59.2109,-28.9844],[-59.2095,-28.969],[-59.2047,-28.9545],[-59.1952,-28.938],[-59.1833,-28.9273],[-59.1697,-28.9088],[-59.1581,-28.8774],[-59.1574,-28.8643],[-59.1581,-28.8426],[-59.1607,-28.8245],[-59.1619,-28.8069],[-59.1605,-28.7948],[-59.1555,-28.785],[-59.1355,-28.7679],[-59.1181,-28.7432],[-59.1157,-28.7374],[-59.1022,-28.7158],[-59.0991,-28.7008],[-59.0938,-28.6889],[-59.0781,-28.6649],[-59.0815,-28.6568],[-59.0962,-28.648],[-59.105,-28.6339],[-59.1057,-28.6147],[-59.0988,-28.5961],[-59.1011,-28.5832],[-59.0993,-28.5744],[-59.0882,-28.5578],[-59.0843,-28.5392],[-59.078,-28.5307],[-59.0684,-28.5241],[-59.0543,-28.5078],[-59.0489,-28.4893],[-59.0558,-28.4712],[-59.0696,-28.451],[-59.086,-28.436],[-59.0855,-28.42],[-59.0779,-28.3988],[-59.0762,-28.3653],[-59.081,-28.3473],[-59.1001,-28.3348],[-59.1035,-28.3288],[-59.1017,-28.3013],[-59.1024,-28.2696],[-59.1098,-28.2451],[-59.1095,-28.2297],[-59.105,-28.2178],[-59.0899,-28.2052],[-59.0862,-28.1995],[-59.0892,-28.1816],[-59.0876,-28.1718],[-59.08,-28.1503],[-59.0723,-28.1363],[-59.0624,-28.1281],[-59.0534,-28.1268],[-59.0281,-28.1346],[-59.0075,-28.1386],[-58.9844,-28.1403],[-58.9632,-28.1395],[-58.9451,-28.1338],[-58.9268,-28.1097],[-58.8995,-28.0827],[-58.8808,-28.0668]]]},"properties":{"nombre":"Santa Fe","slug":"santa-fe"}},
{"type":"Feature","geometry":{"type":"Polygon","coordinates":[[[-64.4949,-26.2195],[-64.5028,-26.217],[-64.5133,-26.2191],[-64.5191,-26.2242],[-64.5381,-26.222],[-64.5429,-26.2201],[-64.5525,-26.2259],[-64.572,-26.2235],[-64.58,-26.2184],[-64.5838,-26.224],[-64.5902,-26.2203],[-64.6064,-26.2277],[-64.6147,-26.233],[-64.6217,-26.2264],[-64.6334,-26.2348],[-64.6429,-26.2324],[-64.6478,-26.238],[-64.6678,-26.2427],[-64.6773,-26.2377],[-64.6904,-26.24],[-64.7106,-26.2358],[-64.7268,-26.2409],[-64.7482,-26.2379],[-64.7591,-26.224],[-64.7725,-26.2261],[-64.7822,-26.2234],[-64.8093,-26.2328],[-64.8159,-26.2313],[-64.8228,-26.2427],[-64.8319,-26.2371],[-64.8394,-26.2367],[-64.8469,-26.2398],[-64.8471,-26.2479],[-64.8583,-26.253],[-64.859,-26.2576],[-64.8663,-26.2625],[-64.8734,-26.2749],[-64.8873,-26.2825],[-64.8979,-26.2797],[-64.904,-26.2876],[-64.9123,-26.2918],[-64.9238,-26.2922],[-64.94,-26.3021],[-64.9509,-26.3068],[-64.9585,-26.3036],[-64.9656,-26.2951],[-64.9766,-26.2747],[-64.99,-26.2801],[-64.9938,-26.2838],[-65.0032,-26.2826],[-65.0144,-26.2848],[-65.0268,-26.2913],[-65.0353,-26.2896],[-65.0386,-26.2854],[-65.0334,-26.2707],[-65.0463,-26.2646],[-65.0471,-26.2543],[-65.043,-26.248],[-65.0407,-26.2374],[-65.0426,-26.2296],[-65.0508,-26.231],[-65.1098,-26.2167],[-65.1934,-26.1941],[-65.1954,-26.195],[-65.2254,-26.1905],[-65.2227,-26.1844],[-65.2721,-26.1732],[-65.2761,-26.1666],[-65.2754,-26.1557],[-65.282,-26.1521],[-65.2803,-26.1476],[-65.2861,-26.1414],[-65.2842,-26.1362],[-65.2886,-26.1276],[-65.2938,-26.1268],[-65.2934,-26.1168],[-65.2897,-26.1138],[-65.2916,-26.1037],[-65.2963,-26.0942],[-65.3009,-26.0908],[-65.2968,-26.0848],[-65.2999,-26.0806],[-65.3081,-26.0845],[-65.3171,-26.0812],[-65.322,-26.0719],[-65.3323,-26.0658],[-65.3362,-26.0683],[-65.3471,-26.0604],[-65.363,-26.0587],[-65.3698,-26.0657],[-65.3745,-26.0654],[-65.3801,-26.0713],[-65.3888,-26.0846],[-65.4093,-26.0948],[-65.4161,-26.104],[-65.4225,-26.1085],[-65.4384,-26.1095],[-65.4412,-26.1042],[-65.4471,-26.1057],[-65.4588,-26.1026],[-65.4603,-26.0945],[-65.4692,-26.0907],[-65.4766,-26.0953],[-65.494,-26.0905],[-65.5046,-26.09],[-65.521,-26.0953],[-65.531,-26.0936],[-65.5481,-26.0875],[-65.5583,-26.0938],[-65.5694,-26.0973],[-65.5704,-26.1008],[-65.582,-26.107],[-65.5873,-26.1145],[-65.5964,-26.1137],[-65.6017,-26.1207],[-65.6164,-26.1238],[-65.63,-26.1234],[-65.6361,-26.1187],[-65.6401,-26.111],[-65.6645,-26.1174],[-65.6885,-26.1173],[-65.6893,-26.1257],[-65.6978,-26.1446],[-65.6999,-26.1564],[-65.6921,-26.1647],[-65.6945,-26.1731],[-65.696,-26.1873],[-65.7031,-26.1893],[-65.7036,-26.202],[-65.7117,-26.2134],[-65.709,-26.2204],[-65.7034,-26.2253],[-65.7028,-26.2416],[-65.7117,-26.253],[-65.7081,-26.2607],[-65.7158,-26.2656],[-65.7228,-26.2798],[-65.7116,-26.2892],[-65.7075,-26.299],[-65.722,-26.3095],[-65.723,-26.313],[-65.7115,-26.3287],[-65.7124,-26.3442],[-65.7194,-26.3528],[-65.8262,-26.319],[-66,-26.264],[-66.033,-26.2499],[-66.0419,-26.2493],[-66.047,-26.2412],[-66.0714,-26.2387],[-66.0998,-26.2205],[-66.1017,-26.2289],[-66.1004,-26.2355],[-66.0941,-26.2486],[-66.1042,-26.2616],[-66.1133,-26.2619],[-66.1191,-26.2674],[-66.1221,-26.286],[-66.1206,-26.3039],[-66.1237,-26.3102],[-66.1182,-26.32],[-66.1143,-26.3436],[-66.1169,-26.3494],[-66.1194,-26.3704],[-66.1191,-26.377],[-66.124,-26.3866],[-66.1295,-26.3904],[-66.1372,-26.3912],[-66.1558,-26.3973],[-66.1583,-26.4014],[-66.1608,-26.4167],[-66.1564,-26.4228],[-66.1537,-26.4365],[-66.1562,-26.448],[-66.1716,-26.4677],[-66.1765,-26.4694],[-66.1768,-26.4847],[-66.1746,-26.4912],[-66.1687,-26.4937],[-66.164,-26.5013],[-66.1725,-26.5106],[-66.1717,-26.5217],[-66.1639,-26.5383],[-66.1691,-26.5449],[-66.1652,-26.558],[-66.1671,-26.5683],[-66.1761,-26.5778],[-66.1675,-26.6013],[-66.1718,-26.6243],[-66.1712,-26.6312],[-66.1533,-26.6254],[-66.0422,-26.6004],[-65.9507,-26.6603],[-65.8343,-26.7366],[-65.8305,-26.7414],[-65.8308,-26.748],[-65.8539,-26.7597],[-65.8576,-26.7663],[-65.8604,-26.783],[-65.8659,-26.7955],[-65.8733,-26.8025],[-65.8815,-26.8062],[-65.8744,-26.8182],[-65.8867,-26.83],[-65.894,-26.8419],[-65.8944,-26.8496],[-65.8901,-26.8561],[-65.9005,-26.8638],[-65.8956,-26.8726],[-65.8882,-26.8807],[-65.8774,-26.8828],[-65.8747,-26.8915],[-65.8576,-26.9013],[-65.8591,-26.913],[-65.8566,-26.9155],[-65.8578,-26.9292],[-65.862,-26.9324],[-65.8749,-26.9329],[-65.8852,-26.9543],[-65.8912,-26.9751],[-65.8989,-26.9791],[-65.9119,-26.9809],[-65.9161,-26.9891],[-65.9161,-27.0037],[-65.9135,-27.0068],[-65.9171,-27.0149],[-65.9218,-27.0182],[-65.9315,-27.0172],[-65.9464,-27.0234],[-65.9558,-27.0321],[-65.9653,-27.0346],[-65.964,-27.0487],[-65.9683,-27.0543],[-65.9741,-27.0546],[-65.9752,-27.0658],[-65.9711,-27.0687],[-65.9777,-27.0878],[-65.991,-27.1056],[-66.0017,-27.1019],[-66.0053,-27.1085],[-66.0196,-27.1129],[-66.0208,-27.1196],[-66.0357,-27.1271],[-66.0413,-27.1363],[-66.0549,-27.1453],[-66.0556,-27.1557],[-66.0636,-27.1621],[-66.0622,-27.168],[-66.0676,-27.1752],[-66.069,-27.187],[-66.0824,-27.1983],[-66.0793,-27.2088],[-66.104,-27.2162],[-66.11,-27.2155],[-66.1233,-27.2323],[-66.1229,-27.2372],[-66.1332,-27.2406],[-66.1342,-27.2485],[-66.1392,-27.2623],[-66.1329,-27.2662],[-66.1262,-27.2647],[-66.1156,-27.2677],[-66.1113,-27.2724],[-66.0928,-27.2774],[-66.0858,-27.2837],[-66.0764,-27.2887],[-66.0528,-27.2935],[-66.0514,-27.2958],[-66.0391,-27.2959],[-66.03,-27.2979],[-66.0175,-27.304],[-66.0114,-27.3106],[-65.9956,-27.3141],[-65.9796,-27.3288],[-65.9717,-27.3338],[-65.9698,-27.3492],[-65.965,-27.3605],[-65.9676,-27.3644],[-65.9677,-27.376],[-65.9654,-27.3879],[-65.9692,-27.4064],[-65.9744,-27.4149],[-65.9724,-27.4252],[-65.968,-27.4294],[-65.9735,-27.4366],[-65.9749,-27.4428],[-65.9744,-27.4627],[-65.9725,-27.4675],[-65.9738,-27.5025],[-65.9668,-27.5178],[-65.9712,-27.5244],[-65.9653,-27.5378],[-65.9659,-27.5436],[-65.9503,-27.5618],[-65.9559,-27.5708],[-65.9488,-27.5888],[-65.944,-27.5951],[-65.94,-27.6093],[-65.9399,-27.6163],[-65.9355,-27.6221],[-65.93,-27.6465],[-65.9234,-27.6523],[-65.9154,-27.6691],[-65.8754,-27.6725],[-65.8712,-27.682],[-65.8655,-27.689],[-65.8647,-27.7088],[-65.8609,-27.7245],[-65.8551,-27.7329],[-65.8547,-27.7402],[-65.8483,-27.7509],[-65.8456,-27.7699],[-65.8324,-27.8111],[-65.8287,-27.8204],[-65.8329,-27.8375],[-65.8318,-27.8488],[-65.8263,-27.8463],[-65.819,-27.8328],[-65.8207,-27.8204],[-65.8086,-27.8207],[-65.8023,-27.8155],[-65.7949,-27.8003],[-65.7996,-27.7946],[-65.7988,-27.7868],[-65.793,-27.7826],[-65.7532,-27.77],[-65.7429,-27.78],[-65.7211,-27.799],[-65.7193,-27.8163],[-65.7064,-27.8136],[-65.7042,-27.8311],[-65.6995,-27.8412],[-65.6979,-27.8606],[-65.7016,-27.867],[-65.6987,-27.8716],[-65.6989,-27.8896],[-65.6957,-27.8985],[-65.6909,-27.9005],[-65.6868,-27.9135],[-65.6809,-27.9179],[-65.6747,-27.9285],[-65.6751,-27.9344],[-65.6689,-27.9526],[-65.6686,-27.9649],[-65.6663,-27.9732],[-65.6247,-27.9733],[-65.6199,-27.9714],[-65.6126,-27.9913],[-65.6067,-27.9922],[-65.5975,-28.0002],[-65.592,-27.9985],[-65.5763,-28.0141],[-65.5653,-28.0112],[-65.5587,-28.0026],[-65.5596,-27.9972],[-65.5459,-27.9893],[-65.5444,-27.9758],[-65.5197,-27.9619],[-65.5232,-27.9493],[-65.5072,-27.9416],[-65.504,-27.9311],[-65.4984,-27.9228],[-65.4909,-27.9185],[-65.4792,-27.9166],[-65.4685,-27.9087],[-65.4635,-27.9088],[-65.455,-27.9001],[-65.434,-27.8838],[-65.4232,-27.8841],[-65.4054,-27.8727],[-65.3973,-27.8643],[-65.3941,-27.8569],[-65.383,-27.8542],[-65.3709,-27.8461],[-65.3647,-27.8458],[-65.1708,-27.9465],[-65.1781,-27.9164],[-65.1695,-27.9177],[-65.1596,-27.877],[-65.1424,-27.8812],[-65.1431,-27.8853],[-65.108,-27.8932],[-65.0881,-27.8929],[-65.039,-27.8793],[-65.0299,-27.8408],[-65.0166,-27.794],[-65.0167,-27.7892],[-65.0281,-27.7527],[-64.986,-27.7416],[-65.0185,-27.6267],[-65.0271,-27.5871],[-65.0243,-27.5779],[-65.0152,-27.5763],[-65.0117,-27.5642],[-65.0033,-27.5632],[-64.9969,-27.5694],[-64.9784,-27.5665],[-64.9674,-27.5541],[-64.9655,-27.5477],[-64.9662,-27.5349],[-64.965,-27.523],[-64.9681,-27.5054],[-64.9784,-27.4947],[-64.9971,-27.4889],[-65.006,-27.4882],[-65.0089,-27.4837],[-65.0011,-27.4517],[-64.9744,-27.3509],[-64.9371,-27.3581],[-64.934,-27.345],[-64.8779,-27.3258],[-64.8543,-27.3183],[-64.8319,-27.2212],[-64.8278,-27.2231],[-64.8112,-27.1493],[-64.7987,-27.1517],[-64.7898,-27.1123],[-64.7704,-27.0318],[-64.7669,-27.0148],[-64.7533,-27.0171],[-64.7503,-27.003],[-64.7426,-27.0044],[-64.7074,-26.82],[-64.6777,-26.825],[-64.6722,-26.7942],[-64.6179,-26.8027],[-64.587,-26.6579],[-64.4986,-26.6736],[-64.5022,-26.6169],[-64.505,-26.6017],[-64.5087,-26.549],[-64.5208,-26.548],[-64.5212,-26.5282],[-64.5165,-26.5118],[-64.5164,-26.4893],[-64.5186,-26.4796],[-64.5262,-26.4642],[-64.5238,-26.4528],[-64.5246,-26.4412],[-64.5292,-26.4188],[-64.5348,-26.4101],[-64.531,-26.4009],[-64.5325,-26.3898],[-64.5315,-26.3787],[-64.5203,-26.3524],[-64.5169,-26.348],[-64.5073,-26.343],[-64.4959,-26.329],[-64.4929,-26.3222],[-64.4818,-26.3076],[-64.5021,-26.2395],[-64.4949,-26.2195]]]},"properties":{"nombre":"Tucumán","slug":"tucuman"}},
{"type":"Feature","geometry":{"type":"Polygon","coordinates":[[[-65.1866,-22.0853],[-65.3511,-22.0876],[-65.455,-22.089],[-65.475,-22.0895],[-65.4838,-22.0958],[-65.5744,-22.0762],[-65.5798,-22.0793],[-65.583,-22.0864],[-65.5824,-22.0941],[-65.603,-22.0975],[-65.6063,-22.0946],[-65.6188,-22.0969],[-65.6291,-22.1042],[-65.6394,-22.107],[-65.6518,-22.1057],[-65.6581,-22.1109],[-65.6753,-22.1116],[-65.6879,-22.1088],[-65.6926,-22.1035],[-65.7149,-22.0974],[-65.7254,-22.1071],[-65.7337,-22.1097],[-65.7483,-22.1091],[-65.7772,-22.0922],[-65.7864,-22.0814],[-65.795,-22.0748],[-65.8048,-22.0752],[-65.9248,-21.9335],[-66.0482,-21.919],[-66.0433,-21.8719],[-66.0763,-21.835],[-66.1941,-21.796],[-66.221,-21.7809],[-66.2255,-21.7884],[-66.2411,-21.7889],[-66.2419,-21.8026],[-66.2372,-21.8153],[-66.2412,-21.8319],[-66.2408,-21.8379],[-66.236,-21.8496],[-66.2449,-21.8743],[-66.2499,-21.8915],[-66.2509,-21.9015],[-66.2603,-21.9061],[-66.2595,-21.9184],[-66.2619,-21.9263],[-66.2605,-21.9351],[-66.2709,-21.943],[-66.2752,-21.9513],[-66.273,-21.9544],[-66.2775,-21.9717],[-66.2768,-21.9793],[-66.2831,-21.9826],[-66.2835,-21.9892],[-66.279,-21.9975],[-66.2809,-22.0187],[-66.2776,-22.023],[-66.2851,-22.0309],[-66.2924,-22.0346],[-66.2868,-22.0405],[-66.2838,-22.0516],[-66.2927,-22.0645],[-66.2856,-22.071],[-66.2906,-22.0746],[-66.2879,-22.0858],[-66.2949,-22.0902],[-66.302,-22.0903],[-66.3092,-22.0938],[-66.3174,-22.0848],[-66.3255,-22.0883],[-66.3232,-22.0967],[-66.3317,-22.1118],[-66.3321,-22.1187],[-66.3412,-22.1168],[-66.3473,-22.1195],[-66.3478,-22.128],[-66.4751,-22.1602],[-66.6232,-22.1974],[-66.6382,-22.2255],[-66.6525,-22.2164],[-66.6862,-22.2095],[-66.7393,-22.2385],[-66.7596,-22.3254],[-66.7616,-22.3459],[-66.7843,-22.4018],[-66.7851,-22.4239],[-66.7825,-22.4381],[-66.8017,-22.4473],[-66.9286,-22.4922],[-66.9729,-22.5407],[-67.0272,-22.5409],[-67.0141,-22.6548],[-67.1278,-22.7221],[-67.1805,-22.8141],[-67.1777,-22.8171],[-67.0761,-22.916],[-66.9905,-23],[-67.0143,-23.077],[-67.0168,-23.0829],[-67.0628,-23.2264],[-67.0731,-23.2597],[-67.0897,-23.3106],[-67.1344,-23.4485],[-67.1408,-23.4699],[-67.1821,-23.5986],[-67.213,-23.6949],[-67.1427,-23.7569],[-66.9976,-23.885],[-66.9885,-23.8951],[-66.983,-23.9071],[-66.9794,-23.9226],[-66.9699,-23.9363],[-66.9612,-23.9448],[-66.9494,-23.9657],[-66.951,-23.9709],[-66.9411,-23.984],[-66.9277,-23.9747],[-66.9152,-23.9702],[-66.9113,-23.9714],[-66.8871,-23.9717],[-66.8804,-23.9752],[-66.8823,-23.9803],[-66.8799,-23.9939],[-66.8673,-24.009],[-66.8626,-24.0181],[-66.84,-24.0681],[-66.8244,-24.0799],[-66.8012,-24.0945],[-66.7938,-24.0968],[-66.7752,-24.0878],[-66.7522,-24.0871],[-66.741,-24.0926],[-66.7338,-24.1042],[-66.7291,-24.1192],[-66.7141,-24.1323],[-66.7074,-24.1328],[-66.6996,-24.1368],[-66.6896,-24.1375],[-66.6786,-24.1421],[-66.666,-24.1575],[-66.6529,-24.1659],[-66.6463,-24.1725],[-66.6291,-24.1761],[-66.6194,-24.1818],[-66.6039,-24.1832],[-66.5908,-24.188],[-66.5723,-24.1887],[-66.5668,-24.1861],[-66.5587,-24.1873],[-66.5571,-24.1918],[-66.5488,-24.1937],[-66.5436,-24.2076],[-66.5332,-24.2075],[-66.5184,-24.2015],[-66.5121,-24.1974],[-66.5001,-24.1987],[-66.4912,-24.2093],[-66.4834,-24.213],[-66.4723,-24.2039],[-66.469,-24.1984],[-66.4788,-24.1846],[-66.4603,-24.1739],[-66.4482,-24.1687],[-66.4457,-24.1647],[-66.4348,-24.1679],[-66.4258,-24.1656],[-66.4206,-24.1607],[-66.4221,-24.1495],[-66.4148,-24.1434],[-66.4143,-24.1287],[-66.4031,-24.1245],[-66.3936,-24.1289],[-66.3818,-24.1278],[-66.3817,-24.1222],[-66.3766,-24.1184],[-66.3695,-24.0932],[-66.3623,-24.0874],[-66.3705,-24.0801],[-66.368,-24.0614],[-66.3702,-24.0501],[-66.3646,-24.0384],[-66.3584,-24.034],[-66.3497,-24.0212],[-66.3529,-24.015],[-66.3513,-24.0061],[-66.3533,-23.9986],[-66.3434,-23.9827],[-66.3593,-23.9845],[-66.3618,-23.9768],[-66.3681,-23.9719],[-66.3653,-23.9645],[-66.3622,-23.9366],[-66.3667,-23.9337],[-66.3606,-23.9209],[-66.362,-23.9061],[-66.3604,-23.896],[-66.3533,-23.8903],[-66.3544,-23.8839],[-66.36,-23.877],[-66.3645,-23.8674],[-66.3715,-23.8626],[-66.3742,-23.8527],[-66.3793,-23.8474],[-66.3808,-23.8279],[-66.372,-23.8219],[-66.3679,-23.8245],[-66.3579,-23.8229],[-66.3575,-23.8096],[-66.3597,-23.7994],[-66.3605,-23.7842],[-66.3675,-23.7744],[-66.3769,-23.7489],[-66.3676,-23.7331],[-66.3679,-23.7265],[-66.3726,-23.7222],[-66.3681,-23.7175],[-66.3676,-23.6946],[-66.359,-23.6841],[-66.3535,-23.6731],[-66.3482,-23.6685],[-66.3381,-23.669],[-66.3369,-23.6572],[-66.3303,-23.6566],[-66.3321,-23.6406],[-66.3294,-23.632],[-66.3355,-23.6285],[-66.3334,-23.6223],[-66.3272,-23.6173],[-66.3216,-23.6084],[-66.3172,-23.606],[-66.32,-23.5978],[-66.3157,-23.5931],[-66.3154,-23.5855],[-66.3183,-23.5796],[-66.3174,-23.5736],[-66.3111,-23.5614],[-66.3052,-23.5593],[-66.2977,-23.5616],[-66.2964,-23.5693],[-66.287,-23.5688],[-66.2836,-23.5747],[-66.2732,-23.573],[-66.2649,-23.5663],[-66.2605,-23.5583],[-66.2581,-23.5342],[-66.2534,-23.5301],[-66.2498,-23.5116],[-66.2396,-23.4925],[-66.2359,-23.4925],[-66.2293,-23.4853],[-66.2186,-23.4844],[-66.2059,-23.4619],[-66.1933,-23.4527],[-66.1821,-23.4356],[-66.1854,-23.4221],[-66.1717,-23.4139],[-66.1423,-23.4219],[-66.1198,-23.4303],[-66.1092,-23.4373],[-66.094,-23.4549],[-66.073,-23.4686],[-66.0528,-23.4779],[-66.0208,-23.5003],[-66.0112,-23.5088],[-65.9991,-23.5148],[-65.9872,-23.5097],[-66.0034,-23.6986],[-66.0099,-23.7747],[-66.0105,-23.7908],[-66.0081,-23.8027],[-66.0102,-23.8216],[-66.014,-23.8353],[-66.0198,-23.8467],[-66.0219,-23.8617],[-66.0181,-23.8824],[-66.011,-23.8984],[-66.0151,-23.9086],[-66.0165,-23.9181],[-66.0138,-23.925],[-66.0043,-23.9274],[-65.9965,-23.9446],[-65.9978,-23.9606],[-65.994,-23.9644],[-65.9909,-23.9817],[-65.9804,-23.9802],[-65.9713,-23.9764],[-65.9602,-23.9667],[-65.942,-23.9675],[-65.9375,-23.9757],[-65.9482,-23.9941],[-65.9502,-24.0036],[-65.9431,-24.0082],[-65.9171,-24.0034],[-65.9051,-24.0046],[-65.8887,-24.0039],[-65.8781,-24.0021],[-65.8674,-24.0033],[-65.8505,-24.0156],[-65.8431,-24.019],[-65.8273,-24.019],[-65.8028,-24.0345],[-65.7851,-24.056],[-65.7583,-24.0559],[-65.7463,-24.0624],[-65.7529,-24.0696],[-65.7495,-24.0759],[-65.7375,-24.0801],[-65.7333,-24.084],[-65.7345,-24.0906],[-65.7269,-24.0993],[-65.7209,-24.1093],[-65.7224,-24.1183],[-65.7266,-24.1262],[-65.7308,-24.1442],[-65.7231,-24.1519],[-65.7161,-24.163],[-65.7158,-24.1699],[-65.725,-24.186],[-65.7188,-24.1947],[-65.7101,-24.1969],[-65.7031,-24.2074],[-65.6945,-24.2148],[-65.6972,-24.2297],[-65.6846,-24.2381],[-65.6802,-24.2458],[-65.6725,-24.2487],[-65.6705,-24.2568],[-65.6734,-24.2795],[-65.6764,-24.2825],[-65.6782,-24.2939],[-65.6827,-24.3077],[-65.6765,-24.3203],[-65.6696,-24.3411],[-65.6626,-24.3453],[-65.6559,-24.3551],[-65.6559,-24.3638],[-65.6587,-24.3677],[-65.6534,-24.3803],[-65.63,-24.3834],[-65.6224,-24.3811],[-65.6162,-24.3879],[-65.6143,-24.4019],[-65.6116,-24.4072],[-65.6026,-24.4093],[-65.6002,-24.417],[-65.5922,-24.4176],[-65.5713,-24.4222],[-65.5652,-24.4268],[-65.5561,-24.4376],[-65.546,-24.4424],[-65.5437,-24.4493],[-65.527,-24.4505],[-65.5204,-24.4463],[-65.5109,-24.4558],[-65.5063,-24.4554],[-65.5044,-24.4381],[-65.488,-24.4276],[-65.4756,-24.4303],[-65.4643,-24.4306],[-65.4514,-24.4429],[-65.4489,-24.4519],[-65.4398,-24.4605],[-65.433,-24.4572],[-65.4272,-24.451],[-65.4183,-24.4514],[-65.4162,-24.4559],[-65.3976,-24.4578],[-65.392,-24.4612],[-65.3777,-24.4621],[-65.3701,-24.4648],[-65.3588,-24.4613],[-65.3518,-24.4688],[-65.3578,-24.4819],[-65.3535,-24.4909],[-65.3434,-24.4977],[-65.3348,-24.4974],[-65.3291,-24.5004],[-65.3173,-24.5023],[-65.3068,-24.4995],[-65.2966,-24.4937],[-65.2685,-24.4915],[-65.2534,-24.4887],[-65.2478,-24.4859],[-65.2293,-24.4862],[-65.2307,-24.4715],[-65.2184,-24.4645],[-65.207,-24.4609],[-65.1945,-24.4598],[-65.1737,-24.4699],[-65.166,-24.4782],[-65.1601,-24.4794],[-65.1564,-24.487],[-65.1457,-24.4944],[-65.141,-24.5038],[-65.1309,-24.5108],[-65.1155,-24.5162],[-65.1,-24.529],[-65.0999,-24.529],[-65.0962,-24.5383],[-65.0913,-24.5433],[-65.0902,-24.5517],[-65.0797,-24.5622],[-65.0719,-24.5643],[-65.0629,-24.5633],[-65.0464,-24.5717],[-65.0073,-24.5796],[-64.9968,-24.5762],[-64.9816,-24.5807],[-64.9714,-24.5869],[-64.9687,-24.5853],[-64.9527,-24.5936],[-64.944,-24.5966],[-64.9375,-24.5944],[-64.9286,-24.599],[-64.9181,-24.5942],[-64.9006,-24.5913],[-64.8971,-24.5838],[-64.8849,-24.5722],[-64.8844,-24.5658],[-64.8915,-24.5652],[-64.8898,-24.5459],[-64.8827,-24.5365],[-64.8853,-24.5218],[-64.8811,-24.5127],[-64.8756,-24.507],[-64.8771,-24.5004],[-64.8709,-24.4953],[-64.8619,-24.494],[-64.8616,-24.4818],[-64.8539,-24.475],[-64.8548,-24.4698],[-64.8375,-24.4692],[-64.8117,-24.4828],[-64.7831,-24.4988],[-64.7706,-24.5042],[-64.7639,-24.5176],[-64.7529,-24.5244],[-64.7466,-24.523],[-64.7347,-24.5251],[-64.7258,-24.5299],[-64.717,-24.542],[-64.7108,-24.5551],[-64.7049,-24.5621],[-64.691,-24.5713],[-64.6841,-24.5711],[-64.6799,-24.5813],[-64.6836,-24.5908],[-64.6744,-24.6008],[-64.665,-24.6074],[-64.6571,-24.6075],[-64.6475,-24.6134],[-64.6317,-24.6079],[-64.618,-24.5963],[-64.5939,-24.5834],[-64.5861,-24.585],[-64.5773,-24.5829],[-64.5653,-24.5757],[-64.5601,-24.5772],[-64.545,-24.5386],[-64.5458,-24.5321],[-64.5365,-24.5092],[-64.5326,-24.5048],[-64.5249,-24.5081],[-64.5187,-24.5052],[-64.5019,-24.5058],[-64.4974,-24.5027],[-64.4931,-24.491],[-64.4916,-24.4817],[-64.4833,-24.4668],[-64.4768,-24.4626],[-64.4633,-24.4657],[-64.4554,-24.463],[-64.4507,-24.454],[-64.4358,-24.4409],[-64.437,-24.4267],[-64.4278,-24.4104],[-64.4217,-24.4022],[-64.3901,-24.4057],[-64.3761,-24.416],[-64.369,-24.415],[-64.3669,-24.4195],[-64.346,-24.4254],[-64.3378,-24.4218],[-64.3336,-24.4252],[-64.3255,-24.4232],[-64.3175,-24.427],[-64.3078,-24.4205],[-64.3051,-24.4135],[-64.2976,-24.4052],[-64.2888,-24.4071],[-64.279,-24.3955],[-64.2738,-24.3933],[-64.2706,-24.3857],[-64.252,-24.3642],[-64.2539,-24.3504],[-64.2524,-24.3444],[-64.245,-24.3362],[-64.2254,-24.3274],[-64.2167,-24.3086],[-64.2076,-24.305],[-64.1926,-24.2858],[-64.1855,-24.2703],[-64.18,-24.2636],[-64.175,-24.2465],[-64.1702,-24.2349],[-64.1684,-24.2255],[-64.1618,-24.2211],[-64.1673,-24.2163],[-64.175,-24.2149],[-64.1688,-24.1873],[-64.1616,-24.1792],[-64.1639,-24.1742],[-64.1624,-24.1642],[-64.1581,-24.1562],[-64.157,-24.1469],[-64.1508,-24.1364],[-64.1543,-24.12],[-64.1547,-24.0949],[-64.1537,-24.0798],[-64.161,-24.0706],[-64.16,-23.9288],[-64.1592,-23.8149],[-64.1579,-23.6334],[-64.1571,-23.518],[-64.3543,-23.518],[-64.3515,-23.5316],[-64.3639,-23.5334],[-64.3688,-23.5376],[-64.37,-23.5448],[-64.3791,-23.5538],[-64.3856,-23.5636],[-64.3847,-23.5749],[-64.3862,-23.5813],[-64.3912,-23.584],[-64.4022,-23.5965],[-64.3932,-23.6101],[-64.4068,-23.6197],[-64.4089,-23.6279],[-64.419,-23.6357],[-64.4334,-23.633],[-64.4408,-23.6379],[-64.4483,-23.6394],[-64.4473,-23.6272],[-64.4526,-23.6275],[-64.4613,-23.6233],[-64.4644,-23.6124],[-64.4788,-23.6082],[-64.4794,-23.5994],[-64.4838,-23.5997],[-64.4924,-23.5866],[-64.4959,-23.5784],[-64.4948,-23.5687],[-64.5034,-23.5613],[-64.5096,-23.5601],[-64.52,-23.5516],[-64.521,-23.5453],[-64.5352,-23.5359],[-64.5319,-23.5222],[-64.5453,-23.5234],[-64.5534,-23.5123],[-64.5592,-23.5148],[-64.5665,-23.5139],[-64.5691,-23.5073],[-64.5776,-23.5138],[-64.5861,-23.5122],[-64.599,-23.5012],[-64.6146,-23.4923],[-64.6237,-23.4912],[-64.6355,-23.4849],[-64.6541,-23.4846],[-64.6612,-23.4787],[-64.667,-23.4673],[-64.6795,-23.4577],[-64.68,-23.4546],[-64.6926,-23.4523],[-64.6947,-23.4588],[-64.7058,-23.4614],[-64.7142,-23.4599],[-64.7315,-23.4683],[-64.7394,-23.4699],[-64.7394,-23.4789],[-64.7492,-23.48],[-64.7612,-23.4757],[-64.7735,-23.4866],[-64.7768,-23.4872],[-64.7883,-23.4962],[-64.7937,-23.4945],[-64.8042,-23.4954],[-64.8178,-23.4884],[-64.8314,-23.4889],[-64.8409,-23.4844],[-64.8507,-23.492],[-64.8586,-23.4856],[-64.8642,-23.485],[-64.8714,-23.4789],[-64.874,-23.4697],[-64.8695,-23.4569],[-64.8684,-23.4474],[-64.8814,-23.442],[-64.8949,-23.4404],[-64.9001,-23.4307],[-64.9067,-23.4238],[-64.9041,-23.4076],[-64.9105,-23.4008],[-64.9049,-23.3976],[-64.9005,-23.3893],[-64.903,-23.3824],[-64.9002,-23.3703],[-64.8937,-23.3649],[-64.8924,-23.3594],[-64.9004,-23.3567],[-64.905,-23.3519],[-64.8995,-23.3385],[-64.903,-23.325],[-64.9086,-23.3207],[-64.9118,-23.3093],[-64.9215,-23.3064],[-64.9284,-23.301],[-64.9291,-23.2967],[-64.9396,-23.2848],[-64.9429,-23.2724],[-64.9522,-23.2701],[-64.9561,-23.2814],[-64.9646,-23.2861],[-64.9727,-23.283],[-64.9883,-23.2811],[-65.001,-23.2849],[-65.0101,-23.2851],[-65.0142,-23.2783],[-65.0159,-23.267],[-65.0189,-23.2626],[-65.0336,-23.2552],[-65.0377,-23.2475],[-65.0365,-23.2378],[-65.038,-23.2284],[-65.045,-23.2251],[-65.0519,-23.2295],[-65.0598,-23.2256],[-65.0619,-23.2208],[-65.072,-23.2203],[-65.0748,-23.2138],[-65.0697,-23.1995],[-65.0641,-23.1973],[-65.0599,-23.1912],[-65.0557,-23.177],[-65.0461,-23.1628],[-65.0466,-23.1521],[-65.064,-23.1403],[-65.0708,-23.1387],[-65.0716,-23.1323],[-65.0678,-23.1243],[-65.0622,-23.1188],[-65.0666,-23.1046],[-65.0633,-23.0971],[-65.0674,-23.0933],[-65.0665,-23.0838],[-65.0614,-23.0741],[-65.0623,-23.0651],[-65.07,-23.0548],[-65.0664,-23.0486],[-65.0713,-23.0412],[-65.0755,-23.041],[-65.0872,-23.0275],[-65.095,-23.0251],[-65.1036,-23.0253],[-65.1173,-23.0202],[-65.1292,-23.0097],[-65.1316,-23.004],[-65.1433,-23.002],[-65.1557,-22.9977],[-65.1698,-22.9999],[-65.1803,-22.9976],[-65.1889,-22.9982],[-65.1905,-22.9943],[-65.1875,-22.9718],[-65.1924,-22.9668],[-65.2016,-22.9669],[-65.2005,-22.9575],[-65.216,-22.9601],[-65.2232,-22.9505],[-65.2384,-22.9354],[-65.2517,-22.928],[-65.2538,-22.9187],[-65.2496,-22.9096],[-65.253,-22.9012],[-65.2491,-22.8913],[-65.2526,-22.875],[-65.2622,-22.875],[-65.2595,-22.8581],[-65.2646,-22.8457],[-65.2684,-22.8415],[-65.267,-22.8318],[-65.2761,-22.8169],[-65.2742,-22.7901],[-65.285,-22.7767],[-65.302,-22.765],[-65.301,-22.7512],[-65.2974,-22.7404],[-65.2999,-22.7342],[-65.305,-22.7329],[-65.3059,-22.7207],[-65.3001,-22.7088],[-65.2978,-22.6986],[-65.2921,-22.6916],[-65.282,-22.6716],[-65.2776,-22.6702],[-65.273,-22.6632],[-65.2717,-22.6482],[-65.287,-22.6415],[-65.2933,-22.6327],[-65.3049,-22.6291],[-65.3265,-22.6129],[-65.3469,-22.6059],[-65.3511,-22.5965],[-65.3446,-22.5867],[-65.3495,-22.5746],[-65.348,-22.5617],[-65.3455,-22.5575],[-65.3493,-22.5501],[-65.3502,-22.5399],[-65.3456,-22.5302],[-65.3468,-22.5194],[-65.338,-22.5085],[-65.3255,-22.4966],[-65.3199,-22.485],[-65.3128,-22.4791],[-65.3057,-22.4666],[-65.3012,-22.4467],[-65.2969,-22.4397],[-65.2978,-22.4277],[-65.294,-22.4189],[-65.2819,-22.4138],[-65.2836,-22.4075],[-65.2844,-22.3896],[-65.2805,-22.3804],[-65.2685,-22.3613],[-65.265,-22.3458],[-65.2614,-22.3374],[-65.2434,-22.3333],[-65.2405,-22.3261],[-65.2356,-22.3258],[-65.2266,-22.3202],[-65.2383,-22.2979],[-65.2372,-22.2863],[-65.2403,-22.2792],[-65.2307,-22.2528],[-65.2301,-22.2248],[-65.2265,-22.2197],[-65.2264,-22.2081],[-65.2223,-22.1966],[-65.2235,-22.1916],[-65.2203,-22.1807],[-65.2205,-22.1696],[-65.2138,-22.15],[-65.2035,-22.1487],[-65.1941,-22.1447],[-65.1921,-22.1375],[-65.1922,-22.1223],[-65.1957,-22.1099],[-65.1944,-22.1001],[-65.1886,-22.0935],[-65.1866,-22.0853]]]},"properties":{"nombre":"Jujuy","slug":"jujuy"}},
{"type":"Feature","geometry":{"type":"Polygon","coordinates":[[[-61.712,-27.9986],[-61.712,-27.863],[-61.7119,-27.7775],[-61.7118,-27.6377],[-61.7119,-27.5146],[-61.7122,-27.4232],[-61.7128,-27.3126],[-61.7127,-27.1325],[-61.7128,-27.0593],[-61.7127,-26.9276],[-61.7126,-26.8092],[-61.7126,-26.6866],[-61.7121,-26.5762],[-61.712,-26.4785],[-61.7123,-26.3805],[-61.7122,-26.3128],[-61.7122,-26.1867],[-61.7125,-26.0115],[-61.7122,-25.9801],[-61.7119,-25.8509],[-61.7118,-25.6547],[-61.8368,-25.655],[-62.0128,-25.6549],[-62.1781,-25.653],[-62.3259,-25.6519],[-62.3791,-25.6519],[-62.5355,-25.6513],[-63.1924,-25.6491],[-63.4224,-25.6492],[-63.4755,-25.71],[-63.5663,-25.7099],[-63.6605,-25.6854],[-63.7427,-25.6851],[-63.7676,-25.6854],[-63.875,-25.6848],[-63.9087,-25.683],[-64.0078,-25.6738],[-64.0255,-25.7539],[-64.1963,-25.728],[-64.1975,-25.7095],[-64.268,-25.7006],[-64.2765,-25.7206],[-64.4003,-26.0115],[-64.413,-26.0405],[-64.4036,-26.0484],[-64.4167,-26.1143],[-64.4255,-26.1159],[-64.4949,-26.2195],[-64.5021,-26.2395],[-64.4818,-26.3076],[-64.4929,-26.3222],[-64.4959,-26.329],[-64.5073,-26.343],[-64.5169,-26.348],[-64.5203,-26.3524],[-64.5315,-26.3787],[-64.5325,-26.3898],[-64.531,-26.4009],[-64.5348,-26.4101],[-64.5292,-26.4188],[-64.5246,-26.4412],[-64.5238,-26.4528],[-64.5262,-26.4642],[-64.5186,-26.4796],[-64.5164,-26.4893],[-64.5165,-26.5118],[-64.5212,-26.5282],[-64.5208,-26.548],[-64.5087,-26.549],[-64.505,-26.6017],[-64.5022,-26.6169],[-64.4986,-26.6736],[-64.587,-26.6579],[-64.6179,-26.8027],[-64.6722,-26.7942],[-64.6777,-26.825],[-64.7074,-26.82],[-64.7426,-27.0044],[-64.7503,-27.003],[-64.7533,-27.0171],[-64.7669,-27.0148],[-64.7704,-27.0318],[-64.7898,-27.1123],[-64.7987,-27.1517],[-64.8112,-27.1493],[-64.8278,-27.2231],[-64.8319,-27.2212],[-64.8543,-27.3183],[-64.8779,-27.3258],[-64.934,-27.345],[-64.9371,-27.3581],[-64.9744,-27.3509],[-65.0011,-27.4517],[-65.0089,-27.4837],[-65.006,-27.4882],[-64.9971,-27.4889],[-64.9784,-27.4947],[-64.9681,-27.5054],[-64.965,-27.523],[-64.9662,-27.5349],[-64.9655,-27.5477],[-64.9674,-27.5541],[-64.9784,-27.5665],[-64.9969,-27.5694],[-65.0033,-27.5632],[-65.0117,-27.5642],[-65.0152,-27.5763],[-65.0243,-27.5779],[-65.0271,-27.5871],[-65.0185,-27.6267],[-64.986,-27.7416],[-65.0281,-27.7527],[-65.0167,-27.7892],[-65.0166,-27.794],[-65.0299,-27.8408],[-65.039,-27.8793],[-65.0881,-27.8929],[-65.108,-27.8932],[-65.1431,-27.8853],[-65.1424,-27.8812],[-65.1596,-27.877],[-65.1695,-27.9177],[-65.1781,-27.9164],[-65.1708,-27.9465],[-65.1484,-28.0389],[-65.1124,-28.1867],[-65.1063,-28.3004],[-65.0971,-28.4709],[-65.1259,-28.6115],[-65.1846,-28.6006],[-65.1883,-28.6192],[-65.1872,-28.6242],[-65.1769,-28.6223],[-65.1703,-28.6347],[-65.1622,-28.6353],[-65.1614,-28.6404],[-65.154,-28.6443],[-65.1371,-28.6464],[-65.1391,-28.657],[-65.1268,-28.7162],[-65.0166,-28.7378],[-65.0113,-28.7485],[-65.0033,-28.7562],[-65.0008,-28.7661],[-64.9954,-28.7723],[-64.9849,-28.7793],[-64.9773,-28.7892],[-64.961,-28.798],[-64.9482,-28.8013],[-64.9386,-28.8057],[-64.9316,-28.8137],[-64.9236,-28.8182],[-64.9011,-28.8413],[-64.8993,-28.8525],[-64.9069,-28.8699],[-64.912,-28.8866],[-64.9017,-28.9143],[-64.9062,-28.9263],[-64.9066,-28.9324],[-64.8637,-29.0161],[-64.8665,-29.022],[-64.8666,-29.0308],[-64.8598,-29.035],[-64.8637,-29.0599],[-64.8544,-29.0703],[-64.8541,-29.0913],[-64.856,-29.1052],[-64.8531,-29.1224],[-64.8566,-29.1486],[-64.8526,-29.1548],[-64.8554,-29.1776],[-64.8545,-29.1974],[-64.8452,-29.2129],[-64.8421,-29.2233],[-64.8376,-29.2286],[-64.8259,-29.235],[-64.8164,-29.2455],[-64.8033,-29.2538],[-64.7812,-29.2655],[-64.7836,-29.2702],[-64.7907,-29.2726],[-64.8247,-29.2738],[-64.8302,-29.2786],[-64.8384,-29.298],[-64.8431,-29.3195],[-64.8426,-29.3337],[-64.835,-29.3475],[-64.8167,-29.3661],[-64.8145,-29.3775],[-64.8079,-29.3847],[-64.7974,-29.3918],[-64.7879,-29.4006],[-64.786,-29.4055],[-64.7923,-29.4181],[-64.7964,-29.4345],[-64.8014,-29.4418],[-64.8167,-29.4527],[-64.8231,-29.4632],[-64.8281,-29.4836],[-64.8278,-29.5024],[-64.8312,-29.5124],[-64.8297,-29.5227],[-64.8293,-29.5507],[-64.8243,-29.5653],[-64.8246,-29.5743],[-64.5887,-29.5418],[-64.4894,-29.5281],[-64.2755,-29.4987],[-64.0823,-29.5301],[-63.9808,-29.551],[-63.9578,-29.6235],[-63.9367,-29.6238],[-63.9281,-29.6261],[-63.9069,-29.6272],[-63.8739,-29.6308],[-63.8686,-29.6167],[-63.848,-29.588],[-63.8419,-29.5808],[-63.8118,-29.5791],[-63.7838,-29.5842],[-63.7841,-29.5975],[-63.7963,-29.611],[-63.795,-29.615],[-63.7794,-29.6176],[-63.7615,-29.6186],[-63.7535,-29.6239],[-63.7482,-29.6348],[-63.7525,-29.6411],[-63.7471,-29.6496],[-63.7484,-29.6533],[-63.719,-29.6662],[-63.715,-29.6618],[-63.7052,-29.6627],[-63.69,-29.6608],[-63.6752,-29.6651],[-63.6654,-29.6601],[-63.6503,-29.6628],[-63.6382,-29.6558],[-63.6279,-29.655],[-63.6106,-29.6572],[-63.6061,-29.662],[-63.6009,-29.659],[-63.5845,-29.658],[-63.5687,-29.6643],[-63.5549,-29.6642],[-63.541,-29.6601],[-63.5346,-29.6611],[-63.5275,-29.658],[-63.5135,-29.6638],[-63.5093,-29.6619],[-63.4981,-29.6644],[-63.4654,-29.6645],[-63.4805,-29.7255],[-63.4597,-29.7255],[-63.4596,-29.7569],[-63.2705,-29.7792],[-62.8063,-29.8338],[-62.8293,-29.8424],[-62.8271,-29.8459],[-62.8347,-29.8527],[-62.8381,-29.8646],[-62.8366,-29.8735],[-62.825,-29.8759],[-62.8271,-29.8833],[-62.8237,-29.8879],[-62.8203,-29.9039],[-62.8124,-29.9033],[-62.8038,-29.9084],[-62.7992,-29.923],[-62.7911,-29.9288],[-62.7904,-29.9359],[-62.7855,-29.9457],[-62.792,-29.9533],[-62.7919,-29.96],[-62.7711,-29.9673],[-62.7536,-29.9664],[-62.7426,-29.979],[-62.7327,-29.9826],[-62.7239,-29.9908],[-62.6995,-29.9888],[-62.6912,-29.9958],[-62.6757,-29.9982],[-62.6638,-29.9983],[-62.655,-30.0073],[-62.6595,-30.0177],[-62.6746,-30.0341],[-62.6638,-30.0487],[-62.6554,-30.0553],[-62.6458,-30.0533],[-62.6346,-30.0547],[-62.6227,-30.0528],[-62.6091,-30.055],[-62.6056,-30.0595],[-62.5918,-30.0608],[-62.5863,-30.0637],[-62.5756,-30.0609],[-62.5565,-30.0628],[-62.5584,-30.0763],[-62.5648,-30.0928],[-62.5614,-30.1],[-62.5646,-30.1148],[-62.5704,-30.1265],[-62.5761,-30.131],[-62.5823,-30.1484],[-62.5876,-30.1504],[-62.5962,-30.1641],[-62.5925,-30.1779],[-62.5961,-30.188],[-62.6013,-30.1909],[-62.5966,-30.1979],[-62.5997,-30.2018],[-62.595,-30.2095],[-62.599,-30.217],[-62.5915,-30.224],[-62.5897,-30.236],[-62.5936,-30.2596],[-62.5894,-30.2687],[-62.5822,-30.2724],[-62.5717,-30.2826],[-62.5628,-30.2886],[-62.5524,-30.2996],[-62.5345,-30.312],[-62.524,-30.3263],[-62.5201,-30.3419],[-62.1738,-30.3453],[-62.1307,-30.4804],[-62.113,-30.3762],[-62.0898,-30.2395],[-62.0658,-30.0979],[-62.0525,-30.0196],[-62.0164,-29.8071],[-61.9917,-29.6616],[-61.9663,-29.5122],[-61.9493,-29.4123],[-61.9017,-29.132],[-61.8711,-28.9496],[-61.8434,-28.7837],[-61.801,-28.5305],[-61.7745,-28.372],[-61.7533,-28.2451],[-61.712,-27.9986]]]},"properties":{"nombre":"Santiago del Estero","slug":"santiago-del-estero"}},
{"type":"Feature","geometry":{"type":"Polygon","coordinates":[[[-62.1307,-30.4804],[-62.1738,-30.3453],[-62.5201,-30.3419],[-62.524,-30.3263],[-62.5345,-30.312],[-62.5524,-30.2996],[-62.5628,-30.2886],[-62.5717,-30.2826],[-62.5822,-30.2724],[-62.5894,-30.2687],[-62.5936,-30.2596],[-62.5897,-30.236],[-62.5915,-30.224],[-62.599,-30.217],[-62.595,-30.2095],[-62.5997,-30.2018],[-62.5966,-30.1979],[-62.6013,-30.1909],[-62.5961,-30.188],[-62.5925,-30.1779],[-62.5962,-30.1641],[-62.5876,-30.1504],[-62.5823,-30.1484],[-62.5761,-30.131],[-62.5704,-30.1265],[-62.5646,-30.1148],[-62.5614,-30.1],[-62.5648,-30.0928],[-62.5584,-30.0763],[-62.5565,-30.0628],[-62.5756,-30.0609],[-62.5863,-30.0637],[-62.5918,-30.0608],[-62.6056,-30.0595],[-62.6091,-30.055],[-62.6227,-30.0528],[-62.6346,-30.0547],[-62.6458,-30.0533],[-62.6554,-30.0553],[-62.6638,-30.0487],[-62.6746,-30.0341],[-62.6595,-30.0177],[-62.655,-30.0073],[-62.6638,-29.9983],[-62.6757,-29.9982],[-62.6912,-29.9958],[-62.6995,-29.9888],[-62.7239,-29.9908],[-62.7327,-29.9826],[-62.7426,-29.979],[-62.7536,-29.9664],[-62.7711,-29.9673],[-62.7919,-29.96],[-62.792,-29.9533],[-62.7855,-29.9457],[-62.7904,-29.9359],[-62.7911,-29.9288],[-62.7992,-29.923],[-62.8038,-29.9084],[-62.8124,-29.9033],[-62.8203,-29.9039],[-62.8237,-29.8879],[-62.8271,-29.8833],[-62.825,-29.8759],[-62.8366,-29.8735],[-62.8381,-29.8646],[-62.8347,-29.8527],[-62.8271,-29.8459],[-62.8293,-29.8424],[-62.8063,-29.8338],[-63.2705,-29.7792],[-63.4596,-29.7569],[-63.4597,-29.7255],[-63.4805,-29.7255],[-63.4654,-29.6645],[-63.4981,-29.6644],[-63.5093,-29.6619],[-63.5135,-29.6638],[-63.5275,-29.658],[-63.5346,-29.6611],[-63.541,-29.6601],[-63.5549,-29.6642],[-63.5687,-29.6643],[-63.5845,-29.658],[-63.6009,-29.659],[-63.6061,-29.662],[-63.6106,-29.6572],[-63.6279,-29.655],[-63.6382,-29.6558],[-63.6503,-29.6628],[-63.6654,-29.6601],[-63.6752,-29.6651],[-63.69,-29.6608],[-63.7052,-29.6627],[-63.715,-29.6618],[-63.719,-29.6662],[-63.7484,-29.6533],[-63.7471,-29.6496],[-63.7525,-29.6411],[-63.7482,-29.6348],[-63.7535,-29.6239],[-63.7615,-29.6186],[-63.7794,-29.6176],[-63.795,-29.615],[-63.7963,-29.611],[-63.7841,-29.5975],[-63.7838,-29.5842],[-63.8118,-29.5791],[-63.8419,-29.5808],[-63.848,-29.588],[-63.8686,-29.6167],[-63.8739,-29.6308],[-63.9069,-29.6272],[-63.9281,-29.6261],[-63.9367,-29.6238],[-63.9578,-29.6235],[-63.9808,-29.551],[-64.0823,-29.5301],[-64.2755,-29.4987],[-64.4894,-29.5281],[-64.5887,-29.5418],[-64.8246,-29.5743],[-64.9641,-29.5961],[-64.9477,-29.7532],[-64.9379,-29.8475],[-65.0397,-29.9398],[-65.1583,-30.0473],[-65.2538,-30.0734],[-65.423,-30.1196],[-65.4925,-30.3718],[-65.5252,-30.4908],[-65.5991,-30.6567],[-65.6661,-30.8074],[-65.7266,-30.9434],[-65.7715,-31.0442],[-65.771,-31.2614],[-65.7708,-31.3684],[-65.7701,-31.7434],[-65.7698,-31.8886],[-65.628,-31.8986],[-65.5092,-31.9526],[-65.328,-32.0348],[-65.3122,-32.0427],[-65.3104,-32.0529],[-65.3035,-32.054],[-65.293,-32.0636],[-65.2872,-32.0641],[-65.2765,-32.0725],[-65.2639,-32.0777],[-65.2539,-32.09],[-65.2458,-32.089],[-65.2383,-32.1054],[-65.2418,-32.1244],[-65.2377,-32.1315],[-65.2311,-32.1503],[-65.2344,-32.1547],[-65.2268,-32.1713],[-65.2251,-32.1789],[-65.2322,-32.2055],[-65.2312,-32.2111],[-65.2198,-32.2226],[-65.2105,-32.2353],[-65.2126,-32.2463],[-65.2089,-32.2527],[-65.2192,-32.2795],[-65.2187,-32.2874],[-65.2145,-32.2896],[-65.2098,-32.3086],[-65.2092,-32.3244],[-65.212,-32.3267],[-65.0662,-32.3167],[-65.0568,-32.314],[-65.0396,-32.3173],[-65.0202,-32.3152],[-65.0097,-32.3168],[-64.9972,-32.314],[-64.9772,-32.3214],[-64.9603,-32.316],[-64.9414,-32.2983],[-64.9372,-32.3102],[-64.9233,-32.3278],[-64.924,-32.34],[-64.9268,-32.3447],[-64.9273,-32.3579],[-64.9221,-32.3705],[-64.9263,-32.399],[-64.9243,-32.4047],[-64.9293,-32.4171],[-64.9275,-32.4291],[-64.9203,-32.4341],[-64.9203,-32.4612],[-64.9157,-32.4693],[-64.9192,-32.4838],[-64.9126,-32.4932],[-64.9028,-32.4994],[-64.8977,-32.5164],[-64.8859,-32.5212],[-64.8827,-32.5316],[-64.8897,-32.5417],[-64.8888,-32.5523],[-64.8844,-32.5606],[-64.8833,-32.5726],[-64.8986,-32.5901],[-64.9067,-32.5963],[-64.9161,-32.6081],[-64.9215,-32.6236],[-64.9209,-32.6318],[-64.9136,-32.6343],[-64.9099,-32.6422],[-64.9179,-32.6465],[-64.9239,-32.6535],[-64.9214,-32.6713],[-64.9114,-32.6772],[-64.9095,-32.6854],[-64.9157,-32.6968],[-64.9236,-32.6984],[-64.9366,-32.709],[-64.9482,-32.7228],[-64.9513,-32.742],[-64.9432,-32.7614],[-64.9478,-32.7744],[-64.9566,-32.7903],[-64.9685,-32.7988],[-64.9731,-32.8169],[-64.974,-32.829],[-64.966,-32.8494],[-64.9617,-32.8564],[-64.9631,-32.8633],[-64.9748,-32.8754],[-64.98,-32.8852],[-64.9785,-32.8895],[-64.9823,-32.9022],[-64.981,-32.9102],[-64.9936,-32.929],[-64.9928,-32.9452],[-65.004,-32.9535],[-65.0209,-32.9688],[-65.0215,-32.9771],[-65.0086,-32.9895],[-64.9997,-33.0027],[-65.0118,-33.0171],[-65.0174,-33.0329],[-65.0257,-33.0436],[-65.0305,-33.0545],[-65.04,-33.0583],[-65.0481,-33.0688],[-65.0528,-33.0903],[-65.0594,-33.1006],[-65.0544,-33.1092],[-65.0548,-33.1156],[-65.0623,-33.1266],[-65.0691,-33.1321],[-65.0708,-33.1383],[-65.0862,-33.1487],[-65.0932,-33.1556],[-65.0981,-33.1536],[-65.111,-33.1723],[-65.1113,-33.1761],[-65.1213,-33.1791],[-65.143,-33.1948],[-65.141,-33.2582],[-65.1355,-33.3649],[-65.1288,-33.505],[-65.1272,-33.5458],[-65.1247,-33.5866],[-65.1213,-33.6842],[-65.1191,-33.7259],[-65.1174,-33.7707],[-65.1148,-33.8121],[-65.1123,-33.8611],[-65.1092,-33.9506],[-65.1096,-33.9931],[-65.1085,-34.168],[-65.1078,-34.2002],[-65.1085,-34.2425],[-65.1073,-34.3351],[-65.1068,-34.3471],[-65.1072,-34.4219],[-65.1059,-34.6025],[-65.1059,-34.7922],[-65.1063,-34.8802],[-65.1068,-35.0153],[-65.0735,-35.0153],[-64.9371,-35.0142],[-64.76,-35.0127],[-64.5881,-35.0115],[-64.4888,-35.0116],[-64.3477,-35.0107],[-64.2563,-35.0111],[-64.1407,-35.009],[-63.9898,-35.0082],[-63.8441,-35.0071],[-63.7063,-35.0059],[-63.4904,-35.0041],[-63.3857,-35.0022],[-63.3854,-34.822],[-63.3855,-34.6868],[-63.3853,-34.5296],[-63.3851,-34.3858],[-63.2754,-34.3859],[-62.8839,-34.3865],[-62.7801,-34.251],[-62.5449,-33.944],[-62.4715,-33.8478],[-62.4116,-33.7691],[-62.3148,-33.6414],[-62.2094,-33.5017],[-62.1244,-33.3887],[-62.0634,-33.3071],[-61.9702,-33.1824],[-61.9232,-33.1196],[-61.9041,-33.1174],[-61.8847,-33.1022],[-61.8764,-33.0919],[-61.8739,-33.0836],[-61.8611,-33.0684],[-61.8526,-33.0624],[-61.8485,-33.0563],[-61.8244,-33.0414],[-61.8004,-33.017],[-61.7937,-33.014],[-61.7877,-33.0062],[-61.7921,-32.9888],[-61.7895,-32.983],[-61.7913,-32.9745],[-61.7877,-32.9727],[-61.7865,-32.9635],[-61.7909,-32.958],[-61.7766,-32.9266],[-61.7723,-32.9131],[-61.773,-32.9027],[-61.7782,-32.8909],[-61.7858,-32.8888],[-61.7928,-32.8732],[-61.7837,-32.8526],[-61.7778,-32.83],[-61.7853,-32.8131],[-61.7864,-32.7947],[-61.7917,-32.7941],[-61.7978,-32.7788],[-61.7957,-32.774],[-61.8102,-32.7594],[-61.8208,-32.7584],[-61.8284,-32.7545],[-61.8301,-32.7462],[-61.8405,-32.7311],[-61.8428,-32.723],[-61.8528,-32.7062],[-61.858,-32.6946],[-61.8666,-32.6953],[-61.8854,-32.6919],[-61.9005,-32.6938],[-61.904,-32.696],[-61.9317,-32.6887],[-61.9348,-32.6802],[-61.9466,-32.6785],[-61.9437,-32.6557],[-61.9462,-32.651],[-61.9177,-32.6324],[-61.9171,-32.6299],[-61.8962,-32.6152],[-61.8907,-32.6147],[-61.8909,-32.5918],[-61.9004,-32.5923],[-61.9076,-32.5955],[-61.9227,-32.5925],[-61.9263,-32.5843],[-61.9133,-32.5737],[-61.9026,-32.569],[-61.9051,-32.5525],[-61.9197,-32.5528],[-61.9287,-32.5483],[-61.9308,-32.5382],[-61.9121,-32.5266],[-61.9205,-32.5053],[-61.9131,-32.4997],[-61.9205,-32.4851],[-61.9286,-32.4642],[-61.9439,-32.4391],[-61.9549,-32.4271],[-61.9583,-32.421],[-61.9654,-32.4159],[-61.9721,-32.4054],[-61.984,-32.3938],[-61.9872,-32.3846],[-61.9957,-32.3732],[-62.0063,-32.354],[-62.0117,-32.3471],[-62.026,-32.3054],[-62.0342,-32.2726],[-62.0379,-32.2629],[-62.0425,-32.2584],[-62.1277,-32.2092],[-62.1453,-32.1935],[-62.1789,-32.1594],[-62.1968,-32.1148],[-62.1965,-32.1112],[-62.1819,-32.063],[-62.1822,-32.0487],[-62.1678,-31.986],[-62.1753,-31.9671],[-62.1889,-31.9223],[-62.2235,-31.8839],[-62.226,-31.8378],[-62.218,-31.7881],[-62.2181,-31.7406],[-62.2417,-31.6997],[-62.1235,-31.6054],[-62.0657,-31.4297],[-62.0078,-31.2535],[-61.9654,-31.1235],[-61.9018,-30.9283],[-61.8422,-30.7443],[-61.9823,-30.6161],[-62.1307,-30.4804]]]},"properties":{"nombre":"Córdoba","slug":"cordoba"}},
{"type":"Feature","geometry":{"type":"Polygon","coordinates":[[[-63.3833,-39.3285],[-63.3834,-39.1735],[-63.3837,-39.0569],[-63.3835,-39.0154],[-63.384,-38.9737],[-63.3842,-38.8178],[-63.385,-38.7227],[-63.3848,-38.6281],[-63.3845,-38.6056],[-63.3849,-38.5454],[-63.3851,-38.3422],[-63.3855,-38.1698],[-63.3855,-37.9822],[-63.3857,-37.9116],[-63.3856,-37.7747],[-63.3855,-37.6583],[-63.3852,-37.5397],[-63.3855,-37.3496],[-63.3853,-37.2952],[-63.3855,-37.1129],[-63.3855,-36.9216],[-63.3852,-36.9199],[-63.3853,-36.8086],[-63.3851,-36.7082],[-63.3854,-36.5485],[-63.3855,-36.3984],[-63.3856,-36.266],[-63.3853,-36.1765],[-63.3854,-36.0247],[-63.3855,-35.8364],[-63.3856,-35.6494],[-63.3856,-35.5584],[-63.3856,-35.409],[-63.3857,-35.2506],[-63.3857,-35.1379],[-63.3857,-35.0022],[-63.4904,-35.0041],[-63.7063,-35.0059],[-63.8441,-35.0071],[-63.9898,-35.0082],[-64.1407,-35.009],[-64.2563,-35.0111],[-64.3477,-35.0107],[-64.4888,-35.0116],[-64.5881,-35.0115],[-64.76,-35.0127],[-64.9371,-35.0142],[-65.0735,-35.0153],[-65.1068,-35.0153],[-65.1071,-35.3583],[-65.1073,-35.5335],[-65.1074,-35.6264],[-65.1076,-35.8012],[-65.1078,-35.9991],[-65.1493,-35.9995],[-65.3563,-35.9995],[-65.4365,-35.9983],[-65.5325,-35.9964],[-65.648,-35.9974],[-65.7492,-35.9985],[-65.8232,-35.9997],[-65.938,-35.9999],[-66.0846,-35.9998],[-66.3306,-36.0001],[-66.3745,-35.9994],[-66.4459,-36],[-66.5839,-36.0004],[-66.6358,-36.0012],[-66.6378,-36.0006],[-66.6613,-36.0008],[-66.7259,-36.0003],[-66.8128,-36.0003],[-66.9891,-36],[-67.0709,-35.9999],[-67.1329,-35.9991],[-67.1902,-35.9993],[-67.2712,-35.999],[-67.3862,-35.9988],[-67.6274,-35.9984],[-67.6968,-35.9985],[-67.8213,-35.9982],[-67.949,-35.9979],[-68.0724,-35.9979],[-68.227,-35.9976],[-68.2964,-35.9976],[-68.2965,-36.1597],[-68.2961,-36.1725],[-68.2502,-36.1725],[-68.2465,-36.3747],[-68.2464,-36.6004],[-68.2458,-36.699],[-68.247,-36.8265],[-68.2474,-37.0268],[-68.2471,-37.0931],[-68.2474,-37.1709],[-68.2486,-37.2606],[-68.2518,-37.4408],[-68.2543,-37.5719],[-68.2404,-37.5798],[-68.2397,-37.5843],[-68.2167,-37.5881],[-68.2081,-37.5858],[-68.2018,-37.5889],[-68.1802,-37.5839],[-68.1724,-37.585],[-68.1652,-37.5811],[-68.1514,-37.5805],[-68.1428,-37.5869],[-68.1345,-37.5867],[-68.1303,-37.5911],[-68.1207,-37.5905],[-68.1068,-37.5962],[-68.0996,-37.5917],[-68.0816,-37.5898],[-68.0673,-37.5976],[-68.0382,-37.6011],[-68.027,-37.5974],[-68.0003,-37.605],[-67.9939,-37.6035],[-67.9784,-37.6081],[-67.9674,-37.6033],[-67.9622,-37.6065],[-67.9481,-37.603],[-67.9381,-37.605],[-67.9279,-37.6119],[-67.9239,-37.6172],[-67.9135,-37.6185],[-67.9065,-37.615],[-67.8755,-37.6189],[-67.8706,-37.6129],[-67.8639,-37.6166],[-67.8415,-37.6209],[-67.8383,-37.6301],[-67.8299,-37.6292],[-67.8204,-37.6365],[-67.8178,-37.6418],[-67.8093,-37.6467],[-67.7939,-37.6489],[-67.7856,-37.6523],[-67.7824,-37.6597],[-67.7708,-37.6692],[-67.7704,-37.6809],[-67.7737,-37.6877],[-67.7679,-37.6939],[-67.7618,-37.7082],[-67.7661,-37.722],[-67.7611,-37.7353],[-67.7604,-37.7434],[-67.7479,-37.7588],[-67.7403,-37.7654],[-67.7416,-37.7714],[-67.7359,-37.7806],[-67.7419,-37.7849],[-67.7374,-37.7918],[-67.7296,-37.7887],[-67.7238,-37.7935],[-67.7245,-37.7994],[-67.7208,-37.808],[-67.7217,-37.8134],[-67.7279,-37.819],[-67.727,-37.8247],[-67.7312,-37.8419],[-67.7305,-37.8519],[-67.7365,-37.858],[-67.7522,-37.8678],[-67.753,-37.8719],[-67.7668,-37.8851],[-67.7805,-37.8874],[-67.7988,-37.9004],[-67.8065,-37.8991],[-67.8089,-37.9042],[-67.818,-37.9029],[-67.8218,-37.9086],[-67.8462,-37.9177],[-67.8464,-37.9272],[-67.8692,-37.9393],[-67.8731,-37.9431],[-67.8706,-37.9506],[-67.8802,-37.9535],[-67.8921,-37.972],[-67.8987,-37.9747],[-67.9033,-37.9821],[-67.8994,-37.998],[-67.8893,-37.9995],[-67.8954,-38.016],[-67.8831,-38.0188],[-67.876,-38.0339],[-67.8681,-38.0363],[-67.8594,-38.0539],[-67.8527,-38.0514],[-67.8434,-38.0607],[-67.8377,-38.0557],[-67.8282,-38.0632],[-67.8184,-38.0617],[-67.8134,-38.067],[-67.8051,-38.0648],[-67.7958,-38.0666],[-67.7845,-38.0581],[-67.7736,-38.0567],[-67.7652,-38.0641],[-67.7563,-38.0646],[-67.758,-38.0568],[-67.7507,-38.0561],[-67.7452,-38.0642],[-67.7476,-38.074],[-67.7299,-38.0774],[-67.7305,-38.0836],[-67.7258,-38.0931],[-67.7341,-38.0987],[-67.7268,-38.1057],[-67.7301,-38.1148],[-67.7203,-38.1225],[-67.7155,-38.1305],[-67.7075,-38.1234],[-67.6974,-38.1268],[-67.6856,-38.1381],[-67.68,-38.1581],[-67.6818,-38.1648],[-67.6684,-38.1795],[-67.6654,-38.1879],[-67.6565,-38.2018],[-67.6021,-38.2345],[-67.5932,-38.2406],[-67.5802,-38.2445],[-67.5479,-38.2563],[-67.5287,-38.2577],[-67.501,-38.2569],[-67.4881,-38.2549],[-67.4667,-38.2548],[-67.4303,-38.2529],[-67.3641,-38.2538],[-67.3442,-38.2518],[-67.3171,-38.2476],[-67.3059,-38.2422],[-67.2812,-38.225],[-67.2611,-38.2171],[-67.2183,-38.2131],[-67.1991,-38.2123],[-67.1861,-38.2165],[-67.1856,-38.2266],[-67.1928,-38.234],[-67.1966,-38.2538],[-67.192,-38.2579],[-67.1784,-38.2615],[-67.1736,-38.2602],[-67.1712,-38.2717],[-67.1724,-38.2792],[-67.1626,-38.2826],[-67.1531,-38.2913],[-67.1582,-38.3061],[-67.1479,-38.3316],[-67.1496,-38.3408],[-67.1562,-38.3493],[-67.1545,-38.3555],[-67.1392,-38.3609],[-67.1329,-38.3537],[-67.1186,-38.3568],[-67.1173,-38.3653],[-67.112,-38.3731],[-67.1043,-38.3773],[-67.0918,-38.3996],[-67.0818,-38.3991],[-67.0698,-38.4021],[-67.057,-38.4116],[-67.0461,-38.4141],[-67.0322,-38.4148],[-67.007,-38.4243],[-67.0031,-38.436],[-66.9958,-38.4457],[-66.9827,-38.4482],[-66.9723,-38.4427],[-66.9629,-38.4448],[-66.951,-38.4526],[-66.9191,-38.4488],[-66.897,-38.4437],[-66.8931,-38.4603],[-66.8716,-38.4634],[-66.8544,-38.4756],[-66.8343,-38.4765],[-66.812,-38.4848],[-66.7892,-38.4796],[-66.7631,-38.5051],[-66.7532,-38.5071],[-66.7439,-38.518],[-66.7163,-38.5199],[-66.7126,-38.523],[-66.7122,-38.5318],[-66.7044,-38.5291],[-66.6927,-38.529],[-66.6632,-38.5382],[-66.6509,-38.5348],[-66.6347,-38.543],[-66.6338,-38.5568],[-66.6107,-38.5575],[-66.6035,-38.5739],[-66.6058,-38.5808],[-66.5953,-38.5897],[-66.6005,-38.5971],[-66.5933,-38.6064],[-66.5891,-38.6165],[-66.5782,-38.6228],[-66.5838,-38.6356],[-66.5966,-38.6477],[-66.5987,-38.6559],[-66.5941,-38.6649],[-66.5954,-38.6747],[-66.6073,-38.6759],[-66.6064,-38.6797],[-66.5948,-38.6842],[-66.5866,-38.6906],[-66.5833,-38.6969],[-66.5752,-38.7014],[-66.5582,-38.6964],[-66.5458,-38.7073],[-66.5433,-38.7162],[-66.5386,-38.7209],[-66.5232,-38.7153],[-66.5069,-38.7187],[-66.4967,-38.7185],[-66.4861,-38.7303],[-66.4795,-38.727],[-66.4743,-38.7309],[-66.4654,-38.7316],[-66.4616,-38.7356],[-66.4477,-38.7364],[-66.4471,-38.7436],[-66.4418,-38.7456],[-66.4165,-38.7437],[-66.4119,-38.733],[-66.4059,-38.7316],[-66.4044,-38.7441],[-66.3891,-38.7384],[-66.3744,-38.7451],[-66.3558,-38.7455],[-66.3462,-38.7565],[-66.3323,-38.7541],[-66.3255,-38.7482],[-66.3185,-38.7514],[-66.3195,-38.7582],[-66.3124,-38.7607],[-66.3134,-38.7445],[-66.2964,-38.7435],[-66.2901,-38.7459],[-66.2927,-38.7541],[-66.2883,-38.7557],[-66.2741,-38.7447],[-66.2605,-38.7448],[-66.2425,-38.7351],[-66.2268,-38.7367],[-66.218,-38.741],[-66.2114,-38.7334],[-66.2026,-38.7324],[-66.1982,-38.7372],[-66.1802,-38.7313],[-66.1749,-38.7402],[-66.1629,-38.7372],[-66.155,-38.7289],[-66.1454,-38.735],[-66.1331,-38.7393],[-66.1247,-38.7329],[-66.1201,-38.7353],[-66.1093,-38.7349],[-66.1041,-38.7274],[-66.0918,-38.7304],[-66.0815,-38.727],[-66.0764,-38.7343],[-66.077,-38.7425],[-66.0647,-38.7511],[-66.0575,-38.7497],[-66.0524,-38.7432],[-66.0339,-38.7509],[-66.0216,-38.749],[-66.02,-38.7429],[-65.9927,-38.7474],[-65.9819,-38.7443],[-65.9678,-38.7467],[-65.9557,-38.7466],[-65.9461,-38.7493],[-65.95,-38.7589],[-65.9493,-38.7645],[-65.9418,-38.7694],[-65.9233,-38.7655],[-65.9116,-38.7661],[-65.9104,-38.774],[-65.9133,-38.7799],[-65.9057,-38.7837],[-65.8899,-38.7765],[-65.8771,-38.7779],[-65.8749,-38.7824],[-65.8831,-38.7879],[-65.8755,-38.7923],[-65.8695,-38.7891],[-65.8546,-38.7966],[-65.8411,-38.7866],[-65.8312,-38.7888],[-65.8293,-38.7952],[-65.8199,-38.7979],[-65.8146,-38.7914],[-65.8047,-38.7939],[-65.81,-38.8011],[-65.802,-38.8059],[-65.7905,-38.7954],[-65.7833,-38.8087],[-65.7782,-38.8116],[-65.7666,-38.8123],[-65.7542,-38.8158],[-65.7486,-38.8104],[-65.7419,-38.8163],[-65.7167,-38.819],[-65.7126,-38.825],[-65.7066,-38.8169],[-65.6984,-38.8197],[-65.6974,-38.8304],[-65.6911,-38.8348],[-65.6846,-38.8315],[-65.6753,-38.8317],[-65.6671,-38.8267],[-65.6525,-38.8274],[-65.6479,-38.824],[-65.6505,-38.8146],[-65.6488,-38.8102],[-65.6395,-38.8108],[-65.631,-38.8183],[-65.628,-38.812],[-65.6333,-38.8046],[-65.6298,-38.802],[-65.6195,-38.8088],[-65.6152,-38.8083],[-65.6097,-38.7954],[-65.623,-38.7863],[-65.6099,-38.7854],[-65.6033,-38.7771],[-65.5849,-38.7745],[-65.574,-38.7777],[-65.5717,-38.7843],[-65.5634,-38.7819],[-65.5561,-38.7831],[-65.5445,-38.7802],[-65.5325,-38.7815],[-65.5265,-38.7785],[-65.5111,-38.7882],[-65.5025,-38.7981],[-65.4764,-38.8068],[-65.4615,-38.807],[-65.4553,-38.8159],[-65.4338,-38.8161],[-65.429,-38.8207],[-65.4173,-38.8221],[-65.4074,-38.8294],[-65.4012,-38.828],[-65.3895,-38.8318],[-65.3855,-38.8457],[-65.3771,-38.8556],[-65.3683,-38.8549],[-65.3591,-38.8484],[-65.3385,-38.846],[-65.3334,-38.8402],[-65.3102,-38.8307],[-65.2847,-38.8252],[-65.2805,-38.8214],[-65.2675,-38.8221],[-65.2571,-38.8314],[-65.2418,-38.831],[-65.2314,-38.8339],[-65.2201,-38.8341],[-65.2132,-38.8372],[-65.2082,-38.8315],[-65.1972,-38.8324],[-65.1918,-38.8364],[-65.1862,-38.8293],[-65.1897,-38.8176],[-65.194,-38.8118],[-65.1744,-38.8081],[-65.1689,-38.8022],[-65.1573,-38.8052],[-65.1555,-38.8114],[-65.14,-38.8184],[-65.1311,-38.8116],[-65.1299,-38.8059],[-65.118,-38.806],[-65.1134,-38.7997],[-65.099,-38.8002],[-65.0902,-38.8082],[-65.0683,-38.8115],[-65.0615,-38.8099],[-65.05,-38.812],[-65.031,-38.8178],[-65.0209,-38.8143],[-65.0018,-38.8195],[-64.9902,-38.8182],[-64.9795,-38.8208],[-64.9572,-38.8231],[-64.9386,-38.8299],[-64.9264,-38.8329],[-64.9131,-38.8329],[-64.906,-38.8274],[-64.8895,-38.8254],[-64.8821,-38.8163],[-64.8771,-38.8145],[-64.8557,-38.8247],[-64.8472,-38.8266],[-64.8282,-38.8253],[-64.8095,-38.8161],[-64.8001,-38.8211],[-64.7894,-38.823],[-64.7779,-38.8291],[-64.766,-38.8304],[-64.7438,-38.8375],[-64.738,-38.8407],[-64.7182,-38.8414],[-64.7007,-38.8376],[-64.6912,-38.8434],[-64.6724,-38.8336],[-64.6513,-38.8383],[-64.6441,-38.8464],[-64.634,-38.8448],[-64.6256,-38.853],[-64.6048,-38.8474],[-64.5998,-38.8578],[-64.5916,-38.8593],[-64.5725,-38.8553],[-64.5659,-38.8603],[-64.5572,-38.8616],[-64.5496,-38.8589],[-64.5424,-38.8652],[-64.5376,-38.8584],[-64.5242,-38.8604],[-64.5152,-38.8684],[-64.4821,-38.865],[-64.4764,-38.86],[-64.4621,-38.8683],[-64.4472,-38.8678],[-64.427,-38.8781],[-64.4207,-38.8718],[-64.4087,-38.8827],[-64.3996,-38.873],[-64.3946,-38.8741],[-64.3943,-38.8877],[-64.3835,-38.8859],[-64.3763,-38.8921],[-64.3708,-38.8907],[-64.3652,-38.8827],[-64.3579,-38.8911],[-64.346,-38.8849],[-64.3435,-38.8937],[-64.3365,-38.8963],[-64.3311,-38.9046],[-64.3208,-38.9069],[-64.2956,-38.8975],[-64.2905,-38.9075],[-64.276,-38.9153],[-64.2615,-38.9151],[-64.2441,-38.9238],[-64.2301,-38.9241],[-64.2272,-38.927],[-64.2096,-38.9337],[-64.2035,-38.9419],[-64.1933,-38.9439],[-64.1526,-38.9632],[-64.1432,-38.9624],[-64.1369,-38.9683],[-64.1272,-38.9685],[-64.1136,-38.9751],[-64.1031,-38.978],[-64.0908,-38.9874],[-64.0834,-38.9898],[-64.064,-38.9917],[-64.0663,-39.0017],[-64.0625,-39.01],[-64.0495,-38.9996],[-64.0321,-39.0023],[-64.0219,-38.9996],[-64.0113,-39.0021],[-64.0114,-39.0095],[-64.0206,-39.0102],[-64.0236,-39.0175],[-64.0103,-39.0175],[-63.995,-39.0106],[-63.9903,-39.0153],[-64.0024,-39.025],[-63.9986,-39.0356],[-63.9818,-39.0378],[-63.959,-39.0452],[-63.9571,-39.0542],[-63.9386,-39.058],[-63.9335,-39.0616],[-63.9268,-39.0767],[-63.9359,-39.0881],[-63.9291,-39.0942],[-63.9162,-39.0863],[-63.9071,-39.0912],[-63.8979,-39.107],[-63.8827,-39.1041],[-63.8744,-39.1077],[-63.8703,-39.096],[-63.8639,-39.1012],[-63.8591,-39.1097],[-63.8518,-39.1111],[-63.8431,-39.1085],[-63.8316,-39.1228],[-63.8369,-39.1329],[-63.8326,-39.1364],[-63.8194,-39.1265],[-63.8089,-39.124],[-63.7984,-39.1243],[-63.7915,-39.1189],[-63.7972,-39.1133],[-63.7882,-39.1092],[-63.7803,-39.1254],[-63.769,-39.1301],[-63.7571,-39.1292],[-63.7561,-39.1353],[-63.7612,-39.1384],[-63.7619,-39.1564],[-63.7498,-39.1599],[-63.733,-39.1859],[-63.7238,-39.1869],[-63.7183,-39.194],[-63.7112,-39.1982],[-63.6909,-39.2064],[-63.6717,-39.2036],[-63.669,-39.2078],[-63.6764,-39.2188],[-63.6544,-39.2288],[-63.6419,-39.2296],[-63.6334,-39.2274],[-63.6365,-39.2436],[-63.6289,-39.2489],[-63.6156,-39.2404],[-63.6172,-39.2498],[-63.6083,-39.2527],[-63.5914,-39.2472],[-63.5891,-39.2549],[-63.581,-39.2589],[-63.5691,-39.257],[-63.5633,-39.2671],[-63.558,-39.2614],[-63.5405,-39.2766],[-63.5381,-39.2823],[-63.5413,-39.2931],[-63.5389,-39.2982],[-63.514,-39.3078],[-63.5052,-39.3142],[-63.493,-39.3084],[-63.4856,-39.3083],[-63.4752,-39.3179],[-63.46,-39.3283],[-63.451,-39.3207],[-63.4318,-39.3305],[-63.4192,-39.3264],[-63.4005,-39.3291],[-63.3833,-39.3285]]]},"properties":{"nombre":"La Pampa","slug":"la-pampa"}},
{"type":"Feature","geometry":{"type":"Polygon","coordinates":[[[-58.3782,-26.8798],[-58.3792,-26.8619],[-58.3863,-26.8568],[-58.3963,-26.867],[-58.3972,-26.8538],[-58.3906,-26.841],[-58.3968,-26.8325],[-58.4044,-26.8406],[-58.4144,-26.8342],[-58.421,-26.8368],[-58.4281,-26.8338],[-58.4224,-26.8244],[-58.4481,-26.8274],[-58.4505,-26.8171],[-58.4681,-26.8188],[-58.4733,-26.8282],[-58.4819,-26.8184],[-58.4719,-26.8146],[-58.4857,-26.795],[-58.4947,-26.7945],[-58.5009,-26.7804],[-58.5094,-26.774],[-58.5137,-26.7634],[-58.5208,-26.7561],[-58.5265,-26.7587],[-58.5341,-26.7561],[-58.5308,-26.7408],[-58.5446,-26.7386],[-58.5424,-26.7498],[-58.5497,-26.7488],[-58.5554,-26.74],[-58.558,-26.729],[-58.5665,-26.7313],[-58.5691,-26.7277],[-58.5698,-26.7151],[-58.5729,-26.7081],[-58.5705,-26.7036],[-58.5771,-26.695],[-58.5722,-26.6875],[-58.5798,-26.6859],[-58.5939,-26.6883],[-58.611,-26.6815],[-58.6171,-26.6759],[-58.6254,-26.6643],[-58.6421,-26.6556],[-58.6532,-26.6594],[-58.6596,-26.6504],[-58.6745,-26.6421],[-58.677,-26.6344],[-58.6843,-26.6262],[-58.682,-26.6174],[-58.6886,-26.6035],[-58.6879,-26.5964],[-58.6955,-26.594],[-58.7072,-26.5978],[-58.7154,-26.5942],[-58.7201,-26.6021],[-58.729,-26.6036],[-58.7352,-26.6015],[-58.7408,-26.6045],[-58.7515,-26.5967],[-58.7539,-26.5906],[-58.7526,-26.5836],[-58.7564,-26.573],[-58.7607,-26.5689],[-58.7553,-26.5633],[-58.7652,-26.5567],[-58.7706,-26.5387],[-58.7765,-26.5362],[-58.7961,-26.535],[-58.797,-26.519],[-58.8233,-26.525],[-58.84,-26.5187],[-58.8456,-26.5192],[-58.8568,-26.5089],[-58.8583,-26.4941],[-58.8612,-26.4832],[-58.8658,-26.4751],[-58.8717,-26.4721],[-58.8947,-26.4691],[-58.9098,-26.4626],[-58.9163,-26.4506],[-58.9149,-26.4451],[-58.9253,-26.4439],[-58.9295,-26.4328],[-58.9393,-26.4331],[-58.9591,-26.3972],[-58.9778,-26.3869],[-58.9857,-26.38],[-58.9993,-26.3792],[-59.0062,-26.3754],[-59.0138,-26.3795],[-59.0241,-26.3812],[-59.0244,-26.3733],[-59.0353,-26.3744],[-59.0429,-26.3653],[-59.0685,-26.3742],[-59.0807,-26.359],[-59.096,-26.353],[-59.1112,-26.3423],[-59.1245,-26.3461],[-59.126,-26.338],[-59.116,-26.3363],[-59.1103,-26.326],[-59.1307,-26.3281],[-59.1383,-26.3234],[-59.1539,-26.3169],[-59.1521,-26.308],[-59.1388,-26.3127],[-59.1378,-26.3024],[-59.1402,-26.2994],[-59.159,-26.3005],[-59.1676,-26.2986],[-59.1715,-26.3091],[-59.1786,-26.3054],[-59.1846,-26.3063],[-59.1904,-26.3165],[-59.1841,-26.3229],[-59.1926,-26.3297],[-59.2019,-26.3266],[-59.2265,-26.3394],[-59.2359,-26.3387],[-59.2547,-26.3405],[-59.2524,-26.3487],[-59.2633,-26.347],[-59.2777,-26.3498],[-59.2845,-26.3431],[-59.2927,-26.3434],[-59.2976,-26.3358],[-59.3086,-26.3404],[-59.3117,-26.3354],[-59.3106,-26.3234],[-59.3143,-26.3189],[-59.3335,-26.3357],[-59.3402,-26.3339],[-59.3454,-26.328],[-59.3575,-26.338],[-59.3628,-26.3339],[-59.3637,-26.3281],[-59.3779,-26.3208],[-59.3792,-26.3121],[-59.385,-26.3092],[-59.3884,-26.3031],[-59.4025,-26.3009],[-59.4011,-26.2935],[-59.3901,-26.2973],[-59.3888,-26.2904],[-59.3841,-26.2853],[-59.3846,-26.2793],[-59.3961,-26.2738],[-59.3811,-26.268],[-59.3993,-26.2562],[-59.3952,-26.2496],[-59.4035,-26.24],[-59.4022,-26.2325],[-59.4139,-26.225],[-59.4156,-26.2184],[-59.4103,-26.2071],[-59.4234,-26.2034],[-59.4292,-26.1964],[-59.4187,-26.1962],[-59.4198,-26.1781],[-59.4088,-26.1791],[-59.4147,-26.1676],[-59.424,-26.1672],[-59.4214,-26.1612],[-59.4348,-26.1536],[-59.4383,-26.1491],[-59.4461,-26.1534],[-59.4531,-26.148],[-59.4568,-26.1508],[-59.4579,-26.1604],[-59.4669,-26.152],[-59.4774,-26.1623],[-59.4878,-26.1556],[-59.4918,-26.1606],[-59.4976,-26.1537],[-59.5092,-26.1592],[-59.516,-26.1452],[-59.5212,-26.1434],[-59.5283,-26.149],[-59.5355,-26.1413],[-59.5473,-26.1509],[-59.5672,-26.1489],[-59.5742,-26.1528],[-59.5752,-26.1425],[-59.5848,-26.1218],[-59.5878,-26.1216],[-59.5955,-26.131],[-59.6001,-26.1282],[-59.6004,-26.1169],[-59.6089,-26.1237],[-59.6161,-26.12],[-59.6394,-26.1168],[-59.6351,-26.1258],[-59.6262,-26.1343],[-59.6328,-26.1364],[-59.6571,-26.1347],[-59.6573,-26.1274],[-59.649,-26.1216],[-59.655,-26.1157],[-59.6693,-26.1125],[-59.6774,-26.1015],[-59.6743,-26.0961],[-59.6825,-26.0895],[-59.6757,-26.081],[-59.6679,-26.0773],[-59.6731,-26.0702],[-59.664,-26.0638],[-59.6631,-26.0552],[-59.6684,-26.0548],[-59.6735,-26.0605],[-59.6786,-26.0541],[-59.6726,-26.0498],[-59.676,-26.0404],[-59.6756,-26.0289],[-59.6682,-26.0249],[-59.6752,-26.0154],[-59.6723,-26.0028],[-59.6822,-26.0004],[-59.6961,-26.0065],[-59.7074,-25.9986],[-59.7251,-25.9998],[-59.7213,-25.991],[-59.7303,-25.9792],[-59.7279,-25.9701],[-59.7376,-25.9751],[-59.7439,-25.9678],[-59.7514,-25.9632],[-59.7537,-25.9477],[-59.7477,-25.9419],[-59.7579,-25.938],[-59.7517,-25.929],[-59.7555,-25.9189],[-59.7617,-25.9196],[-59.7684,-25.9153],[-59.7786,-25.9158],[-59.7883,-25.9097],[-59.7892,-25.903],[-59.7948,-25.8967],[-59.8055,-25.8911],[-59.8087,-25.8954],[-59.8246,-25.8916],[-59.8242,-25.8874],[-59.8167,-25.8811],[-59.8257,-25.8719],[-59.8361,-25.876],[-59.8409,-25.8602],[-59.8437,-25.856],[-59.8577,-25.8461],[-59.8628,-25.8501],[-59.8713,-25.8458],[-59.8592,-25.838],[-59.8696,-25.8354],[-59.8746,-25.8435],[-59.8791,-25.842],[-59.8729,-25.8261],[-59.8813,-25.8151],[-59.877,-25.8065],[-59.8856,-25.8009],[-59.9003,-25.7949],[-59.906,-25.7962],[-59.9265,-25.7919],[-59.9212,-25.7824],[-59.9279,-25.7699],[-59.9431,-25.7734],[-59.9426,-25.7596],[-59.9469,-25.7596],[-59.955,-25.7699],[-59.9868,-25.7432],[-59.9902,-25.7312],[-59.9982,-25.7346],[-60.0116,-25.7295],[-60.0215,-25.723],[-60.0182,-25.7041],[-60.0349,-25.6894],[-60.0467,-25.686],[-60.0572,-25.6799],[-60.0781,-25.6795],[-60.0867,-25.6752],[-60.0933,-25.6683],[-60.1028,-25.67],[-60.1014,-25.6575],[-60.1157,-25.6631],[-60.1318,-25.6498],[-60.1399,-25.6511],[-60.1423,-25.6373],[-60.1513,-25.6438],[-60.1661,-25.6455],[-60.1713,-25.6485],[-60.1718,-25.6601],[-60.177,-25.6597],[-60.1813,-25.6438],[-60.1893,-25.6416],[-60.1927,-25.636],[-60.1775,-25.6274],[-60.1912,-25.6213],[-60.2008,-25.6097],[-60.1969,-25.6032],[-60.2084,-25.6011],[-60.2155,-25.602],[-60.2207,-25.5985],[-60.2117,-25.5929],[-60.2236,-25.5895],[-60.224,-25.5817],[-60.205,-25.5739],[-60.2093,-25.5705],[-60.216,-25.5722],[-60.2212,-25.5657],[-60.234,-25.5666],[-60.2378,-25.5593],[-60.2416,-25.5446],[-60.2264,-25.5429],[-60.2202,-25.5343],[-60.2264,-25.5079],[-60.2388,-25.5032],[-60.2245,-25.4851],[-60.2388,-25.473],[-60.2488,-25.4747],[-60.2526,-25.4639],[-60.2564,-25.4626],[-60.2692,-25.4691],[-60.2773,-25.4618],[-60.2797,-25.448],[-60.2782,-25.4402],[-60.2825,-25.4333],[-60.2911,-25.4333],[-60.3001,-25.4277],[-60.2958,-25.4165],[-60.2996,-25.41],[-60.3068,-25.4212],[-60.3229,-25.4242],[-60.3201,-25.4191],[-60.3087,-25.4104],[-60.3272,-25.4074],[-60.331,-25.4018],[-60.3339,-25.3914],[-60.332,-25.3875],[-60.3129,-25.3884],[-60.3148,-25.3836],[-60.331,-25.3776],[-60.3381,-25.3802],[-60.3462,-25.3767],[-60.3386,-25.3698],[-60.34,-25.3573],[-60.35,-25.3556],[-60.3529,-25.3396],[-60.3543,-25.3227],[-60.359,-25.3214],[-60.3638,-25.3314],[-60.3709,-25.3266],[-60.3776,-25.3279],[-60.389,-25.3353],[-60.4009,-25.3297],[-60.4137,-25.3076],[-60.4194,-25.3089],[-60.4246,-25.3163],[-60.4289,-25.3102],[-60.4289,-25.2994],[-60.4313,-25.2817],[-60.4394,-25.2752],[-60.4418,-25.2653],[-60.4527,-25.2545],[-60.4632,-25.2484],[-60.466,-25.2424],[-60.4788,-25.2402],[-60.485,-25.2359],[-60.4893,-25.2285],[-60.4869,-25.2147],[-60.495,-25.2069],[-60.5036,-25.2138],[-60.5102,-25.2086],[-60.5102,-25.1883],[-60.5172,-25.1842],[-60.5296,-25.1718],[-60.541,-25.1674],[-60.5441,-25.1802],[-60.5612,-25.1836],[-60.5665,-25.1914],[-60.5722,-25.1845],[-60.5712,-25.1698],[-60.586,-25.178],[-60.5931,-25.1711],[-60.5959,-25.1646],[-60.6054,-25.1594],[-60.6097,-25.1672],[-60.6054,-25.1693],[-60.6083,-25.1771],[-60.6164,-25.1767],[-60.6259,-25.1706],[-60.6306,-25.1776],[-60.6373,-25.1654],[-60.6468,-25.1693],[-60.6515,-25.1654],[-60.6539,-25.1585],[-60.6425,-25.1598],[-60.6444,-25.1542],[-60.6611,-25.1525],[-60.6706,-25.149],[-60.6725,-25.1438],[-60.6658,-25.1347],[-60.6563,-25.1256],[-60.6611,-25.1204],[-60.6753,-25.1187],[-60.6863,-25.114],[-60.6891,-25.1166],[-60.6744,-25.1278],[-60.6763,-25.1356],[-60.7,-25.1196],[-60.7067,-25.1187],[-60.7214,-25.1252],[-60.7195,-25.1179],[-60.7328,-25.117],[-60.7343,-25.101],[-60.7419,-25.1018],[-60.7547,-25.0927],[-60.7675,-25.0906],[-60.7614,-25.0832],[-60.7509,-25.0776],[-60.7485,-25.0694],[-60.7647,-25.0724],[-60.782,-25.0711],[-60.807,-25.0642],[-60.8079,-25.0728],[-60.8141,-25.0746],[-60.8198,-25.0702],[-60.8293,-25.0451],[-60.8369,-25.0382],[-60.8208,-25.0395],[-60.8217,-25.0343],[-60.8331,-25.0324],[-60.8621,-25.0328],[-60.8697,-25.0313],[-60.875,-25.0197],[-60.8973,-25.0105],[-60.9068,-25.0152],[-60.9211,-25.0105],[-60.9273,-24.9927],[-60.9339,-25.0048],[-60.9401,-25.0044],[-60.9415,-24.991],[-60.9249,-24.9866],[-60.9216,-24.9793],[-60.9391,-24.978],[-60.9482,-24.9702],[-60.9571,-24.968],[-60.9586,-24.955],[-60.9725,-24.9419],[-60.9753,-24.9459],[-60.9824,-24.9433],[-60.9957,-24.9338],[-61.0025,-24.9175],[-61.0067,-24.9228],[-61.0141,-24.9245],[-61.0209,-24.9186],[-61.0147,-24.9134],[-61.0204,-24.9056],[-61.0318,-24.9013],[-61.0242,-24.8891],[-61.0333,-24.89],[-61.038,-24.8974],[-61.0428,-24.8974],[-61.0632,-24.8726],[-61.0684,-24.8763],[-61.0751,-24.8727],[-61.0788,-24.8646],[-61.068,-24.8605],[-61.0713,-24.8549],[-61.0827,-24.851],[-61.087,-24.854],[-61.0927,-24.8488],[-61.0894,-24.8397],[-61.0927,-24.8349],[-61.1022,-24.8375],[-61.1298,-24.8197],[-61.144,-24.805],[-61.1469,-24.7989],[-61.1435,-24.7928],[-61.1493,-24.7872],[-61.1564,-24.785],[-61.1578,-24.7798],[-61.1583,-24.7577],[-61.1488,-24.7611],[-61.1502,-24.7499],[-61.1564,-24.7386],[-61.1678,-24.7368],[-61.1697,-24.7295],[-61.163,-24.726],[-61.1626,-24.7216],[-61.1697,-24.7186],[-61.1702,-24.7099],[-61.1569,-24.7038],[-61.1616,-24.6991],[-61.1706,-24.6999],[-61.1787,-24.7099],[-61.1768,-24.7195],[-61.1801,-24.7225],[-61.1892,-24.7099],[-61.2084,-24.6967],[-61.2015,-24.6886],[-61.2011,-24.6826],[-61.2177,-24.6656],[-61.2115,-24.6652],[-61.1992,-24.6743],[-61.1973,-24.6613],[-61.2077,-24.6556],[-61.2149,-24.6491],[-61.2244,-24.6574],[-61.2296,-24.6495],[-61.2286,-24.6374],[-61.2343,-24.6382],[-61.2443,-24.6535],[-61.251,-24.6438],[-61.2529,-24.6287],[-61.2581,-24.6226],[-61.2676,-24.6356],[-61.2761,-24.6392],[-61.2808,-24.6363],[-61.2847,-24.6243],[-61.3028,-24.6269],[-61.3123,-24.633],[-61.3233,-24.6362],[-61.3293,-24.6355],[-61.3418,-24.6395],[-61.3525,-24.6353],[-61.3618,-24.6216],[-61.3674,-24.6313],[-61.3812,-24.6378],[-61.3828,-24.6241],[-61.3812,-24.6137],[-61.3904,-24.6116],[-61.4014,-24.6126],[-61.4238,-24.6175],[-61.4326,-24.6152],[-61.4402,-24.6096],[-61.454,-24.6122],[-61.4811,-24.5952],[-61.4839,-24.59],[-61.4715,-24.5848],[-61.4772,-24.5752],[-61.4868,-24.5683],[-61.5029,-24.56],[-61.5176,-24.5486],[-61.5262,-24.5337],[-61.5181,-24.5252],[-61.5186,-24.5191],[-61.5295,-24.5183],[-61.5352,-24.5152],[-61.549,-24.4996],[-61.5543,-24.4974],[-61.5733,-24.4952],[-61.589,-24.487],[-61.5964,-24.4793],[-61.5931,-24.4716],[-61.582,-24.4537],[-61.5828,-24.4416],[-61.5923,-24.4369],[-61.5975,-24.4382],[-61.5989,-24.4521],[-61.6042,-24.4556],[-61.608,-24.4508],[-61.6103,-24.4217],[-61.618,-24.4204],[-61.6322,-24.433],[-61.6397,-24.4346],[-61.6552,-24.4327],[-61.6569,-24.4239],[-61.6759,-24.4229],[-61.6855,-24.4143],[-61.6945,-24.4152],[-61.7016,-24.4054],[-61.7038,-24.3939],[-61.714,-24.3834],[-61.7107,-24.3773],[-61.6959,-24.3707],[-61.694,-24.366],[-61.7202,-24.3642],[-61.7282,-24.3594],[-61.7282,-24.3529],[-61.7206,-24.3398],[-61.7287,-24.342],[-61.7606,-24.3285],[-61.7658,-24.3224],[-61.7615,-24.3067],[-61.7715,-24.3106],[-61.791,-24.3337],[-61.7986,-24.3363],[-61.8024,-24.3224],[-61.8247,-24.3198],[-61.8366,-24.3128],[-61.8399,-24.3015],[-61.8661,-24.3101],[-61.8793,-24.3073],[-61.8823,-24.3024],[-61.8851,-24.2815],[-61.8804,-24.2701],[-61.8865,-24.2693],[-61.8975,-24.2915],[-61.9051,-24.3048],[-61.9085,-24.3068],[-61.9174,-24.2982],[-61.9203,-24.2839],[-61.9177,-24.2801],[-61.9079,-24.2816],[-61.904,-24.2778],[-61.9042,-24.2677],[-61.9078,-24.2594],[-61.9298,-24.2653],[-61.9388,-24.2662],[-61.9545,-24.2614],[-61.9564,-24.2584],[-61.9517,-24.2475],[-61.945,-24.2392],[-61.9607,-24.2348],[-61.9692,-24.2344],[-61.9847,-24.2271],[-61.9868,-24.2294],[-61.9792,-24.2453],[-61.9892,-24.2505],[-61.9963,-24.247],[-62.0054,-24.2309],[-62.0177,-24.227],[-62.0234,-24.2344],[-62.0329,-24.2396],[-62.041,-24.2405],[-62.0482,-24.2313],[-62.0493,-24.2244],[-62.0553,-24.2113],[-62.0662,-24.2152],[-62.0791,-24.2296],[-62.0871,-24.2261],[-62.0876,-24.2204],[-62.0738,-24.2039],[-62.0764,-24.2013],[-62.0883,-24.202],[-62.1059,-24.2075],[-62.1228,-24.21],[-62.1399,-24.2156],[-62.1361,-24.196],[-62.1641,-24.1956],[-62.1679,-24.2039],[-62.1751,-24.2013],[-62.1808,-24.1952],[-62.1751,-24.189],[-62.1717,-24.1777],[-62.177,-24.1603],[-62.1827,-24.155],[-62.195,-24.1528],[-62.2164,-24.1511],[-62.2283,-24.1354],[-62.2393,-24.1441],[-62.2435,-24.1454],[-62.2511,-24.138],[-62.2863,-24.1293],[-62.2925,-24.1262],[-62.2934,-24.1206],[-62.3015,-24.1162],[-62.3196,-24.1245],[-62.3243,-24.1232],[-62.3129,-24.1114],[-62.3096,-24.1053],[-62.3101,-24.0966],[-62.3134,-24.0922],[-62.3205,-24.0913],[-62.3305,-24.0791],[-62.3422,-24.1102],[-62.3421,-24.2373],[-62.3421,-24.3578],[-62.3424,-24.3921],[-62.3796,-24.4358],[-62.5142,-24.5946],[-62.6151,-24.7116],[-62.7227,-24.8391],[-62.8451,-24.9819],[-62.8856,-25.0287],[-63.0087,-25.1719],[-63.1075,-25.2865],[-63.2045,-25.3986],[-63.2355,-25.4347],[-63.2971,-25.5053],[-63.3594,-25.5771],[-63.4224,-25.6492],[-63.1924,-25.6491],[-62.5355,-25.6513],[-62.3791,-25.6519],[-62.3259,-25.6519],[-62.1781,-25.653],[-62.0128,-25.6549],[-61.8368,-25.655],[-61.7118,-25.6547],[-61.7119,-25.8509],[-61.7122,-25.9801],[-61.7125,-26.0115],[-61.7122,-26.1867],[-61.7122,-26.3128],[-61.7123,-26.3805],[-61.712,-26.4785],[-61.7121,-26.5762],[-61.7126,-26.6866],[-61.7126,-26.8092],[-61.7127,-26.9276],[-61.7128,-27.0593],[-61.7127,-27.1325],[-61.7128,-27.3126],[-61.7122,-27.4232],[-61.7119,-27.5146],[-61.7118,-27.6377],[-61.7119,-27.7775],[-61.712,-27.863],[-61.712,-27.9986],[-61.6027,-27.9983],[-61.4623,-27.9982],[-61.3883,-27.9984],[-61.212,-27.9982],[-61.098,-27.9977],[-61.0081,-27.9984],[-60.8723,-27.9984],[-60.7931,-27.9988],[-60.7152,-27.9995],[-60.6364,-27.9998],[-60.4632,-28.0009],[-60.2957,-28.0011],[-60.1534,-28.0006],[-60.0602,-28.0013],[-59.9385,-28.0013],[-59.8214,-28.0013],[-59.7124,-28.0015],[-59.6491,-28.001],[-59.4512,-28.0001],[-59.3118,-28],[-59.1763,-27.9999],[-59.0286,-28],[-58.884,-28],[-58.8864,-28.0159],[-58.8913,-28.0254],[-58.8937,-28.0353],[-58.8924,-28.0457],[-58.8818,-28.0597],[-58.8808,-28.0668],[-58.8653,-28.0567],[-58.8597,-28.0503],[-58.8614,-28.0381],[-58.8607,-28.021],[-58.8577,-28.0116],[-58.8422,-27.9916],[-58.8321,-27.9738],[-58.8293,-27.9619],[-58.8435,-27.914],[-58.8455,-27.8916],[-58.8432,-27.8763],[-58.8372,-27.8627],[-58.8235,-27.8395],[-58.8139,-27.8036],[-58.8097,-27.7834],[-58.8133,-27.7477],[-58.8188,-27.6812],[-58.8355,-27.6466],[-58.8449,-27.6382],[-58.8691,-27.6235],[-58.8827,-27.6085],[-58.8828,-27.5993],[-58.8714,-27.5799],[-58.8713,-27.5593],[-58.8778,-27.549],[-58.8812,-27.5287],[-58.8814,-27.4979],[-58.8723,-27.4847],[-58.8573,-27.4672],[-58.829,-27.4418],[-58.8151,-27.4308],[-58.8086,-27.4237],[-58.7977,-27.4057],[-58.7935,-27.3932],[-58.781,-27.3818],[-58.7683,-27.3763],[-58.7563,-27.3835],[-58.7456,-27.3822],[-58.7009,-27.3635],[-58.6761,-27.3611],[-58.6688,-27.3591],[-58.6404,-27.3375],[-58.6234,-27.3277],[-58.6165,-27.3186],[-58.6189,-27.3097],[-58.6162,-27.2997],[-58.6088,-27.2906],[-58.6069,-27.2833],[-58.598,-27.2725],[-58.5954,-27.2628],[-58.5957,-27.2501],[-58.5906,-27.2326],[-58.5919,-27.2251],[-58.5961,-27.2204],[-58.6126,-27.2104],[-58.6283,-27.2034],[-58.6494,-27.1962],[-58.6616,-27.1866],[-58.6645,-27.1753],[-58.6627,-27.1625],[-58.6522,-27.1306],[-58.6369,-27.1176],[-58.6257,-27.1139],[-58.6099,-27.1107],[-58.5818,-27.1077],[-58.5612,-27.1124],[-58.5549,-27.1089],[-58.5542,-27.1037],[-58.5575,-27.088],[-58.5518,-27.0739],[-58.5518,-27.0679],[-58.5557,-27.0567],[-58.5627,-27.0489],[-58.5637,-27.0435],[-58.5596,-27.0376],[-58.553,-27.0347],[-58.5407,-27.0343],[-58.5271,-27.0375],[-58.5213,-27.0415],[-58.5181,-27.0496],[-58.5199,-27.0553],[-58.5172,-27.0627],[-58.5061,-27.0596],[-58.4982,-27.051],[-58.4976,-27.0434],[-58.5029,-27.0337],[-58.5203,-27.014],[-58.5211,-27.0039],[-58.5103,-26.9972],[-58.4959,-26.9965],[-58.481,-27.0055],[-58.4708,-27.0023],[-58.4681,-26.9914],[-58.4692,-26.9845],[-58.476,-26.9672],[-58.4843,-26.9572],[-58.4947,-26.9384],[-58.503,-26.9307],[-58.5,-26.9259],[-58.4788,-26.9332],[-58.4596,-26.9297],[-58.4429,-26.9219],[-58.4115,-26.9037],[-58.3892,-26.8947],[-58.3803,-26.888],[-58.3782,-26.8798]]]},"properties":{"nombre":"Chaco","slug":"chaco"}},
{"type":"Feature","geometry":{"type":"Polygon","coordinates":[[[-58.3782,-26.8798],[-58.3746,-26.8664],[-58.3637,-26.8645],[-58.3512,-26.8699],[-58.3387,-26.872],[-58.3253,-26.8697],[-58.3184,-26.857],[-58.319,-26.8463],[-58.326,-26.8312],[-58.3351,-26.8221],[-58.3368,-26.8173],[-58.3333,-26.8075],[-58.3281,-26.8061],[-58.3097,-26.8088],[-58.2855,-26.7968],[-58.2838,-26.7868],[-58.2935,-26.773],[-58.2959,-26.7629],[-58.2933,-26.7578],[-58.2873,-26.7558],[-58.2708,-26.762],[-58.2598,-26.7623],[-58.248,-26.7546],[-58.2454,-26.7474],[-58.2541,-26.7273],[-58.2563,-26.7185],[-58.2543,-26.6875],[-58.2576,-26.6677],[-58.2633,-26.6595],[-58.2635,-26.6517],[-58.2553,-26.6419],[-58.2457,-26.6423],[-58.2254,-26.6536],[-58.2151,-26.6549],[-58.2019,-26.6542],[-58.1936,-26.6503],[-58.1907,-26.6431],[-58.1935,-26.6381],[-58.2071,-26.6278],[-58.2102,-26.6221],[-58.2087,-26.6147],[-58.1989,-26.6077],[-58.1941,-26.5978],[-58.1973,-26.5815],[-58.1989,-26.5643],[-58.2009,-26.5584],[-58.2171,-26.5485],[-58.2226,-26.5425],[-58.2249,-26.5313],[-58.2224,-26.5243],[-58.2085,-26.5049],[-58.2082,-26.4955],[-58.2118,-26.4906],[-58.232,-26.481],[-58.2337,-26.4776],[-58.2316,-26.4668],[-58.2238,-26.4637],[-58.2029,-26.4652],[-58.1885,-26.4631],[-58.1809,-26.4574],[-58.1839,-26.4494],[-58.1965,-26.4414],[-58.2093,-26.4263],[-58.2185,-26.4178],[-58.2218,-26.4087],[-58.2217,-26.3995],[-58.2171,-26.3855],[-58.2072,-26.3765],[-58.1877,-26.3657],[-58.1735,-26.3624],[-58.166,-26.3577],[-58.1597,-26.3488],[-58.1543,-26.3229],[-58.1555,-26.3102],[-58.1631,-26.3005],[-58.168,-26.2859],[-58.1666,-26.2695],[-58.1582,-26.2602],[-58.1345,-26.2523],[-58.1095,-26.2409],[-58.1047,-26.2327],[-58.1041,-26.2238],[-58.1075,-26.2177],[-58.1136,-26.2136],[-58.1403,-26.2001],[-58.159,-26.1849],[-58.1546,-26.1786],[-58.1405,-26.1801],[-58.1229,-26.1869],[-58.1181,-26.1845],[-58.1203,-26.1608],[-58.1135,-26.1462],[-58.1018,-26.1357],[-58.0909,-26.1163],[-58.0731,-26.1087],[-58.0636,-26.108],[-58.0494,-26.1116],[-58.037,-26.1112],[-58.0154,-26.1017],[-57.9903,-26.0874],[-57.9725,-26.0804],[-57.9464,-26.066],[-57.9318,-26.0493],[-57.9253,-26.0373],[-57.9195,-26.0323],[-57.8963,-26.0199],[-57.8775,-26.0163],[-57.8582,-26.0102],[-57.8522,-26.0052],[-57.85,-25.9977],[-57.8513,-25.9914],[-57.8629,-25.981],[-57.8866,-25.969],[-57.8937,-25.9643],[-57.894,-25.9532],[-57.8877,-25.9416],[-57.8739,-25.9291],[-57.8419,-25.9212],[-57.8376,-25.9175],[-57.8365,-25.9073],[-57.8413,-25.8999],[-57.8582,-25.8896],[-57.863,-25.8822],[-57.864,-25.8674],[-57.8585,-25.858],[-57.8509,-25.8534],[-57.8366,-25.8494],[-57.8163,-25.8474],[-57.8063,-25.8391],[-57.7966,-25.8249],[-57.7965,-25.8102],[-57.8015,-25.8025],[-57.8202,-25.7801],[-57.824,-25.7667],[-57.8288,-25.7611],[-57.8274,-25.7537],[-57.8232,-25.7512],[-57.8085,-25.7534],[-57.7937,-25.7621],[-57.7845,-25.7622],[-57.7726,-25.7568],[-57.7621,-25.7447],[-57.7352,-25.7265],[-57.7271,-25.715],[-57.7322,-25.7078],[-57.7584,-25.71],[-57.7668,-25.6995],[-57.7657,-25.6903],[-57.7584,-25.6797],[-57.752,-25.6645],[-57.7438,-25.653],[-57.7354,-25.647],[-57.7268,-25.6456],[-57.7083,-25.6502],[-57.6929,-25.6601],[-57.6825,-25.6622],[-57.6718,-25.6555],[-57.6707,-25.6473],[-57.6745,-25.6222],[-57.6783,-25.6065],[-57.6731,-25.5953],[-57.6642,-25.5945],[-57.656,-25.597],[-57.6415,-25.6115],[-57.6271,-25.6176],[-57.6168,-25.6161],[-57.6108,-25.6106],[-57.6071,-25.6],[-57.6049,-25.5873],[-57.6046,-25.5688],[-57.5983,-25.5668],[-57.5881,-25.5708],[-57.5781,-25.5675],[-57.5726,-25.5561],[-57.5698,-25.545],[-57.5708,-25.536],[-57.5774,-25.5274],[-57.5797,-25.5207],[-57.5787,-25.5073],[-57.569,-25.4914],[-57.5663,-25.4817],[-57.5617,-25.4737],[-57.5594,-25.4618],[-57.5606,-25.4527],[-57.5652,-25.446],[-57.5743,-25.4272],[-57.5917,-25.4081],[-57.5965,-25.4011],[-57.6167,-25.3893],[-57.6352,-25.386],[-57.6424,-25.3834],[-57.6506,-25.3666],[-57.6638,-25.3544],[-57.67,-25.3534],[-57.6723,-25.3467],[-57.6811,-25.3426],[-57.6848,-25.3312],[-57.6924,-25.3283],[-57.6932,-25.3226],[-57.6993,-25.3181],[-57.6994,-25.3044],[-57.7059,-25.2966],[-57.6978,-25.2934],[-57.6946,-25.2879],[-57.7093,-25.2861],[-57.7115,-25.2737],[-57.7224,-25.2775],[-57.7236,-25.2666],[-57.7297,-25.2586],[-57.7266,-25.2537],[-57.7287,-25.2466],[-57.7361,-25.2442],[-57.743,-25.2368],[-57.7427,-25.2327],[-57.7516,-25.228],[-57.7542,-25.2201],[-57.7591,-25.2203],[-57.7552,-25.2083],[-57.7486,-25.2065],[-57.7492,-25.1963],[-57.7588,-25.1866],[-57.7528,-25.1817],[-57.761,-25.1722],[-57.7684,-25.1729],[-57.7702,-25.1646],[-57.7759,-25.162],[-57.7789,-25.1533],[-57.8109,-25.146],[-57.824,-25.1398],[-57.8264,-25.1306],[-57.8384,-25.1269],[-57.8407,-25.1203],[-57.8472,-25.1155],[-57.8483,-25.0974],[-57.8587,-25.0903],[-57.8624,-25.0838],[-57.8685,-25.084],[-57.8867,-25.0766],[-57.8964,-25.0801],[-57.9035,-25.0781],[-57.9071,-25.0735],[-57.9164,-25.0779],[-57.923,-25.0734],[-57.9319,-25.0776],[-57.9407,-25.0719],[-57.9431,-25.0773],[-57.9526,-25.0806],[-57.9583,-25.0736],[-57.9708,-25.0829],[-57.985,-25.0836],[-57.991,-25.0749],[-57.9998,-25.0707],[-57.9968,-25.0554],[-58.004,-25.0457],[-58.0046,-25.0371],[-58.011,-25.0407],[-58.0185,-25.0407],[-58.0317,-25.0357],[-58.0449,-25.0431],[-58.0475,-25.0385],[-58.0544,-25.0438],[-58.0611,-25.0408],[-58.0706,-25.0414],[-58.0774,-25.0375],[-58.0782,-25.0235],[-58.084,-25.0168],[-58.095,-25.0091],[-58.107,-25.0159],[-58.1175,-25.019],[-58.1187,-25.0131],[-58.1312,-25.0123],[-58.1361,-25.0063],[-58.1374,-24.9939],[-58.1501,-24.9802],[-58.1507,-24.9746],[-58.1642,-24.9712],[-58.1679,-24.9668],[-58.1869,-24.9706],[-58.1935,-24.968],[-58.1948,-24.9594],[-58.202,-24.9497],[-58.2244,-24.942],[-58.2244,-24.9305],[-58.2356,-24.927],[-58.2457,-24.9332],[-58.2551,-24.9357],[-58.2794,-24.956],[-58.2844,-24.9555],[-58.2883,-24.9638],[-58.2995,-24.9765],[-58.3144,-24.9828],[-58.3292,-24.9978],[-58.3358,-24.9989],[-58.3442,-24.9864],[-58.3484,-24.9743],[-58.3529,-24.9686],[-58.3615,-24.9671],[-58.3693,-24.959],[-58.3762,-24.9586],[-58.3821,-24.9544],[-58.3929,-24.9516],[-58.3977,-24.9409],[-58.4079,-24.9247],[-58.4137,-24.9206],[-58.4212,-24.923],[-58.4301,-24.9196],[-58.4331,-24.9142],[-58.4287,-24.905],[-58.4303,-24.8931],[-58.4427,-24.8786],[-58.4493,-24.8784],[-58.4692,-24.8637],[-58.4856,-24.8589],[-58.4973,-24.858],[-58.5037,-24.8488],[-58.5101,-24.844],[-58.5163,-24.8437],[-58.5264,-24.8507],[-58.5422,-24.8379],[-58.55,-24.8281],[-58.5572,-24.8304],[-58.5678,-24.8227],[-58.5837,-24.8216],[-58.5908,-24.8273],[-58.5962,-24.8248],[-58.6113,-24.8311],[-58.629,-24.8277],[-58.6388,-24.8282],[-58.6488,-24.8245],[-58.6602,-24.8314],[-58.6735,-24.8315],[-58.6797,-24.8249],[-58.6811,-24.8183],[-58.6891,-24.8101],[-58.6997,-24.8144],[-58.7096,-24.8091],[-58.7093,-24.8],[-58.7198,-24.7822],[-58.7274,-24.7742],[-58.7401,-24.7808],[-58.7684,-24.7743],[-58.7827,-24.7758],[-58.7972,-24.7724],[-58.8084,-24.7716],[-58.813,-24.7659],[-58.8229,-24.7615],[-58.828,-24.753],[-58.8462,-24.7375],[-58.8548,-24.7326],[-58.8708,-24.7282],[-58.8783,-24.7333],[-58.8888,-24.7166],[-58.9034,-24.7048],[-58.9089,-24.7034],[-58.917,-24.6964],[-58.9264,-24.6965],[-58.9274,-24.6927],[-58.9404,-24.6855],[-58.9422,-24.6808],[-58.9674,-24.6715],[-58.9714,-24.6628],[-58.9853,-24.6598],[-58.9941,-24.664],[-59.0047,-24.6604],[-59.0239,-24.6601],[-59.0283,-24.657],[-59.0336,-24.648],[-59.0474,-24.6449],[-59.0519,-24.642],[-59.0574,-24.631],[-59.0664,-24.6297],[-59.0798,-24.6213],[-59.0896,-24.6178],[-59.1,-24.6167],[-59.1107,-24.6238],[-59.1161,-24.6228],[-59.1301,-24.612],[-59.1357,-24.606],[-59.1444,-24.6047],[-59.1534,-24.5997],[-59.1571,-24.5875],[-59.1732,-24.5812],[-59.1805,-24.575],[-59.1799,-24.571],[-59.1859,-24.5635],[-59.2033,-24.5591],[-59.2062,-24.555],[-59.218,-24.5542],[-59.2278,-24.5492],[-59.2357,-24.5493],[-59.2413,-24.5461],[-59.2433,-24.539],[-59.2507,-24.5274],[-59.2578,-24.5196],[-59.2626,-24.5201],[-59.277,-24.5165],[-59.2869,-24.518],[-59.2965,-24.5135],[-59.3014,-24.5034],[-59.3115,-24.5027],[-59.3201,-24.4919],[-59.3281,-24.4929],[-59.3335,-24.4893],[-59.3401,-24.49],[-59.3519,-24.4817],[-59.3586,-24.4542],[-59.3654,-24.4495],[-59.3691,-24.4353],[-59.3733,-24.4321],[-59.3757,-24.4205],[-59.3806,-24.4211],[-59.3913,-24.4141],[-59.4009,-24.4114],[-59.4115,-24.4126],[-59.4223,-24.4073],[-59.4243,-24.3972],[-59.4422,-24.3894],[-59.4506,-24.3764],[-59.4566,-24.3735],[-59.4598,-24.3672],[-59.4578,-24.3581],[-59.4666,-24.3537],[-59.4724,-24.3466],[-59.4683,-24.3403],[-59.4761,-24.333],[-59.632,-24.2422],[-59.7567,-24.1695],[-59.9388,-24.0678],[-60.039,-24.0117],[-60.0495,-24.0136],[-60.0731,-24.0111],[-60.0796,-24.014],[-60.0885,-24.0233],[-60.0919,-24.0242],[-60.1034,-24.0199],[-60.1063,-24.0272],[-60.1247,-24.0342],[-60.1382,-24.0376],[-60.1744,-24.0438],[-60.1924,-24.0448],[-60.2165,-24.0443],[-60.2437,-24.0454],[-60.2744,-24.0442],[-60.2951,-24.0414],[-60.3107,-24.0375],[-60.3285,-24.0298],[-60.3267,-24.0257],[-60.3368,-24.0207],[-60.3448,-24.023],[-60.3517,-24.0217],[-60.358,-24.0243],[-60.3655,-24.0201],[-60.372,-24.023],[-60.3805,-24.0191],[-60.3815,-24.004],[-60.3892,-23.9937],[-60.4134,-23.9859],[-60.4276,-23.9778],[-60.4359,-23.9666],[-60.4596,-23.9572],[-60.4643,-23.9575],[-60.4778,-23.951],[-60.4867,-23.951],[-60.4979,-23.9594],[-60.5007,-23.9647],[-60.5085,-23.9708],[-60.5147,-23.968],[-60.5321,-23.9679],[-60.5433,-23.9633],[-60.5537,-23.9657],[-60.5607,-23.9545],[-60.5723,-23.9592],[-60.5888,-23.9589],[-60.5873,-23.9472],[-60.5907,-23.9428],[-60.5919,-23.9241],[-60.6021,-23.9085],[-60.6124,-23.9036],[-60.6248,-23.904],[-60.6324,-23.9085],[-60.6437,-23.909],[-60.6541,-23.9062],[-60.6585,-23.8995],[-60.6686,-23.8993],[-60.6849,-23.8959],[-60.6907,-23.9022],[-60.7133,-23.8891],[-60.7336,-23.8832],[-60.7359,-23.8763],[-60.7442,-23.873],[-60.7594,-23.8783],[-60.7598,-23.8734],[-60.791,-23.8722],[-60.7902,-23.8774],[-60.7989,-23.8768],[-60.8034,-23.8684],[-60.8303,-23.873],[-60.8405,-23.87],[-60.846,-23.8716],[-60.8528,-23.8658],[-60.8587,-23.8492],[-60.8677,-23.8527],[-60.876,-23.8439],[-60.9037,-23.8267],[-60.9082,-23.814],[-60.9249,-23.8084],[-60.9296,-23.8025],[-60.9361,-23.8003],[-60.9437,-23.8014],[-60.9445,-23.8098],[-60.9608,-23.8125],[-60.9666,-23.8085],[-60.9798,-23.8088],[-60.9868,-23.8129],[-61.0039,-23.7868],[-61.0122,-23.7783],[-61.0204,-23.7726],[-61.0173,-23.7685],[-61.0151,-23.7582],[-61.025,-23.7541],[-61.0345,-23.7442],[-61.04,-23.743],[-61.042,-23.73],[-61.0514,-23.7164],[-61.0609,-23.705],[-61.0677,-23.7015],[-61.0807,-23.6902],[-61.0799,-23.6844],[-61.0867,-23.6799],[-61.0811,-23.6709],[-61.0885,-23.6666],[-61.0952,-23.6667],[-61.0987,-23.6559],[-61.0938,-23.6498],[-61.0905,-23.6391],[-61.0956,-23.6303],[-61.0967,-23.6119],[-61.0994,-23.6051],[-61.1082,-23.5987],[-61.1222,-23.5942],[-61.129,-23.5897],[-61.131,-23.5784],[-61.1457,-23.5805],[-61.1502,-23.5758],[-61.1464,-23.5699],[-61.1562,-23.5696],[-61.165,-23.5667],[-61.1684,-23.5621],[-61.1688,-23.5528],[-61.1786,-23.5472],[-61.1935,-23.5504],[-61.1968,-23.5432],[-61.2032,-23.5505],[-61.2082,-23.5479],[-61.2151,-23.5518],[-61.2282,-23.5496],[-61.2337,-23.5433],[-61.2463,-23.5411],[-61.2487,-23.5322],[-61.2643,-23.5166],[-61.2707,-23.5203],[-61.2777,-23.5146],[-61.273,-23.5068],[-61.2854,-23.5016],[-61.2794,-23.4905],[-61.287,-23.4879],[-61.2935,-23.4945],[-61.2959,-23.4854],[-61.3071,-23.4792],[-61.3166,-23.4709],[-61.3254,-23.4663],[-61.3376,-23.4676],[-61.35,-23.4594],[-61.3509,-23.4509],[-61.3557,-23.4497],[-61.3615,-23.456],[-61.3717,-23.4547],[-61.3769,-23.457],[-61.3795,-23.4487],[-61.3847,-23.4472],[-61.3865,-23.4579],[-61.4001,-23.4456],[-61.419,-23.4475],[-61.4244,-23.4381],[-61.4369,-23.4311],[-61.4472,-23.4223],[-61.4695,-23.4256],[-61.4759,-23.4189],[-61.4819,-23.4191],[-61.4875,-23.4243],[-61.4941,-23.4244],[-61.5007,-23.4165],[-61.4983,-23.4088],[-61.505,-23.4045],[-61.5061,-23.3944],[-61.5122,-23.3924],[-61.5186,-23.3857],[-61.5222,-23.3773],[-61.5239,-23.3662],[-61.5145,-23.3559],[-61.5177,-23.3507],[-61.5235,-23.3507],[-61.5298,-23.3457],[-61.5379,-23.3446],[-61.5442,-23.3495],[-61.5589,-23.3449],[-61.5675,-23.3385],[-61.5691,-23.3344],[-61.5668,-23.3235],[-61.5728,-23.3228],[-61.5773,-23.3138],[-61.5715,-23.3079],[-61.5749,-23.303],[-61.5921,-23.3027],[-61.5944,-23.2943],[-61.6015,-23.293],[-61.6081,-23.2832],[-61.6177,-23.2831],[-61.6251,-23.2789],[-61.6325,-23.2829],[-61.6384,-23.2761],[-61.6477,-23.2823],[-61.667,-23.2859],[-61.6643,-23.2758],[-61.6777,-23.2752],[-61.6826,-23.2724],[-61.6861,-23.2617],[-61.6989,-23.2568],[-61.7004,-23.2513],[-61.709,-23.2433],[-61.716,-23.2401],[-61.727,-23.2423],[-61.7369,-23.2317],[-61.7384,-23.2174],[-61.7352,-23.1988],[-61.7412,-23.1949],[-61.7444,-23.1843],[-61.7558,-23.1705],[-61.7656,-23.1653],[-61.7768,-23.1621],[-61.7934,-23.1652],[-61.7946,-23.1552],[-61.8034,-23.1585],[-61.8127,-23.1518],[-61.8169,-23.1454],[-61.8181,-23.1274],[-61.8271,-23.1291],[-61.8429,-23.1092],[-61.849,-23.1041],[-61.8486,-23.0952],[-61.8581,-23.0939],[-61.8606,-23.0857],[-61.8671,-23.0843],[-61.8742,-23.0918],[-61.8765,-23.0831],[-61.8857,-23.0794],[-61.8872,-23.0727],[-61.898,-23.0751],[-61.9069,-23.0685],[-61.9264,-23.0709],[-61.9347,-23.0677],[-61.9343,-23.0592],[-61.9377,-23.0489],[-61.9484,-23.0443],[-61.9516,-23.0338],[-61.9743,-23.028],[-61.9828,-23.0229],[-61.9871,-23.017],[-61.9924,-22.9957],[-61.9973,-22.9902],[-62.002,-22.9948],[-62.0059,-22.9885],[-62.0014,-22.9792],[-61.9941,-22.9761],[-61.9986,-22.966],[-62.0058,-22.9756],[-62.0104,-22.9757],[-62.0069,-22.9618],[-61.9959,-22.9515],[-62.0038,-22.9393],[-61.9996,-22.9296],[-62.0061,-22.9264],[-62.0113,-22.9313],[-62.0174,-22.9239],[-62.0248,-22.9277],[-62.0271,-22.9175],[-62.0213,-22.9095],[-62.0315,-22.8995],[-62.0361,-22.8781],[-62.0448,-22.8653],[-62.0571,-22.8628],[-62.0588,-22.851],[-62.064,-22.8472],[-62.0722,-22.8467],[-62.0771,-22.838],[-62.0769,-22.8268],[-62.0889,-22.8266],[-62.0948,-22.8168],[-62.0946,-22.8084],[-62.0987,-22.8056],[-62.104,-22.8134],[-62.1094,-22.8164],[-62.1108,-22.804],[-62.1156,-22.7949],[-62.1219,-22.7958],[-62.1247,-22.7908],[-62.1375,-22.783],[-62.1398,-22.7784],[-62.1349,-22.7736],[-62.1369,-22.7694],[-62.147,-22.7656],[-62.1592,-22.7585],[-62.1641,-22.7499],[-62.1577,-22.742],[-62.1604,-22.7334],[-62.1729,-22.7227],[-62.1878,-22.7044],[-62.193,-22.714],[-62.197,-22.7143],[-62.2026,-22.7016],[-62.2011,-22.6951],[-62.1956,-22.6933],[-62.1825,-22.6959],[-62.1778,-22.6923],[-62.1867,-22.6786],[-62.1961,-22.6844],[-62.2008,-22.6803],[-62.1967,-22.6731],[-62.2036,-22.6619],[-62.1925,-22.6533],[-62.1939,-22.6466],[-62.1907,-22.6372],[-62.189,-22.6225],[-62.1928,-22.6222],[-62.203,-22.6424],[-62.2102,-22.6411],[-62.2105,-22.6346],[-62.2257,-22.6226],[-62.2423,-22.6245],[-62.236,-22.618],[-62.2408,-22.614],[-62.2475,-22.6146],[-62.2539,-22.6086],[-62.2531,-22.601],[-62.2622,-22.6041],[-62.2625,-22.5968],[-62.2465,-22.5913],[-62.2422,-22.5836],[-62.2459,-22.5765],[-62.2338,-22.5709],[-62.2374,-22.5583],[-62.2341,-22.5443],[-62.2448,-22.5358],[-62.2549,-22.5309],[-62.25,-22.522],[-62.2517,-22.5155],[-62.2619,-22.5135],[-62.271,-22.5153],[-62.2794,-22.5114],[-62.2814,-22.5202],[-62.2892,-22.5178],[-62.2868,-22.5024],[-62.2836,-22.4966],[-62.2912,-22.4918],[-62.2896,-22.4778],[-62.2948,-22.4759],[-62.3048,-22.4849],[-62.3106,-22.4869],[-62.3288,-22.4834],[-62.3358,-22.4769],[-62.3336,-22.4654],[-62.3423,-22.4609],[-62.3414,-22.5907],[-62.3415,-22.6892],[-62.3416,-22.8887],[-62.3418,-23.346],[-62.342,-23.5264],[-62.3421,-23.6747],[-62.3423,-23.7521],[-62.3423,-23.9484],[-62.3422,-24.1102],[-62.3305,-24.0791],[-62.3205,-24.0913],[-62.3134,-24.0922],[-62.3101,-24.0966],[-62.3096,-24.1053],[-62.3129,-24.1114],[-62.3243,-24.1232],[-62.3196,-24.1245],[-62.3015,-24.1162],[-62.2934,-24.1206],[-62.2925,-24.1262],[-62.2863,-24.1293],[-62.2511,-24.138],[-62.2435,-24.1454],[-62.2393,-24.1441],[-62.2283,-24.1354],[-62.2164,-24.1511],[-62.195,-24.1528],[-62.1827,-24.155],[-62.177,-24.1603],[-62.1717,-24.1777],[-62.1751,-24.189],[-62.1808,-24.1952],[-62.1751,-24.2013],[-62.1679,-24.2039],[-62.1641,-24.1956],[-62.1361,-24.196],[-62.1399,-24.2156],[-62.1228,-24.21],[-62.1059,-24.2075],[-62.0883,-24.202],[-62.0764,-24.2013],[-62.0738,-24.2039],[-62.0876,-24.2204],[-62.0871,-24.2261],[-62.0791,-24.2296],[-62.0662,-24.2152],[-62.0553,-24.2113],[-62.0493,-24.2244],[-62.0482,-24.2313],[-62.041,-24.2405],[-62.0329,-24.2396],[-62.0234,-24.2344],[-62.0177,-24.227],[-62.0054,-24.2309],[-61.9963,-24.247],[-61.9892,-24.2505],[-61.9792,-24.2453],[-61.9868,-24.2294],[-61.9847,-24.2271],[-61.9692,-24.2344],[-61.9607,-24.2348],[-61.945,-24.2392],[-61.9517,-24.2475],[-61.9564,-24.2584],[-61.9545,-24.2614],[-61.9388,-24.2662],[-61.9298,-24.2653],[-61.9078,-24.2594],[-61.9042,-24.2677],[-61.904,-24.2778],[-61.9079,-24.2816],[-61.9177,-24.2801],[-61.9203,-24.2839],[-61.9174,-24.2982],[-61.9085,-24.3068],[-61.9051,-24.3048],[-61.8975,-24.2915],[-61.8865,-24.2693],[-61.8804,-24.2701],[-61.8851,-24.2815],[-61.8823,-24.3024],[-61.8793,-24.3073],[-61.8661,-24.3101],[-61.8399,-24.3015],[-61.8366,-24.3128],[-61.8247,-24.3198],[-61.8024,-24.3224],[-61.7986,-24.3363],[-61.791,-24.3337],[-61.7715,-24.3106],[-61.7615,-24.3067],[-61.7658,-24.3224],[-61.7606,-24.3285],[-61.7287,-24.342],[-61.7206,-24.3398],[-61.7282,-24.3529],[-61.7282,-24.3594],[-61.7202,-24.3642],[-61.694,-24.366],[-61.6959,-24.3707],[-61.7107,-24.3773],[-61.714,-24.3834],[-61.7038,-24.3939],[-61.7016,-24.4054],[-61.6945,-24.4152],[-61.6855,-24.4143],[-61.6759,-24.4229],[-61.6569,-24.4239],[-61.6552,-24.4327],[-61.6397,-24.4346],[-61.6322,-24.433],[-61.618,-24.4204],[-61.6103,-24.4217],[-61.608,-24.4508],[-61.6042,-24.4556],[-61.5989,-24.4521],[-61.5975,-24.4382],[-61.5923,-24.4369],[-61.5828,-24.4416],[-61.582,-24.4537],[-61.5931,-24.4716],[-61.5964,-24.4793],[-61.589,-24.487],[-61.5733,-24.4952],[-61.5543,-24.4974],[-61.549,-24.4996],[-61.5352,-24.5152],[-61.5295,-24.5183],[-61.5186,-24.5191],[-61.5181,-24.5252],[-61.5262,-24.5337],[-61.5176,-24.5486],[-61.5029,-24.56],[-61.4868,-24.5683],[-61.4772,-24.5752],[-61.4715,-24.5848],[-61.4839,-24.59],[-61.4811,-24.5952],[-61.454,-24.6122],[-61.4402,-24.6096],[-61.4326,-24.6152],[-61.4238,-24.6175],[-61.4014,-24.6126],[-61.3904,-24.6116],[-61.3812,-24.6137],[-61.3828,-24.6241],[-61.3812,-24.6378],[-61.3674,-24.6313],[-61.3618,-24.6216],[-61.3525,-24.6353],[-61.3418,-24.6395],[-61.3293,-24.6355],[-61.3233,-24.6362],[-61.3123,-24.633],[-61.3028,-24.6269],[-61.2847,-24.6243],[-61.2808,-24.6363],[-61.2761,-24.6392],[-61.2676,-24.6356],[-61.2581,-24.6226],[-61.2529,-24.6287],[-61.251,-24.6438],[-61.2443,-24.6535],[-61.2343,-24.6382],[-61.2286,-24.6374],[-61.2296,-24.6495],[-61.2244,-24.6574],[-61.2149,-24.6491],[-61.2077,-24.6556],[-61.1973,-24.6613],[-61.1992,-24.6743],[-61.2115,-24.6652],[-61.2177,-24.6656],[-61.2011,-24.6826],[-61.2015,-24.6886],[-61.2084,-24.6967],[-61.1892,-24.7099],[-61.1801,-24.7225],[-61.1768,-24.7195],[-61.1787,-24.7099],[-61.1706,-24.6999],[-61.1616,-24.6991],[-61.1569,-24.7038],[-61.1702,-24.7099],[-61.1697,-24.7186],[-61.1626,-24.7216],[-61.163,-24.726],[-61.1697,-24.7295],[-61.1678,-24.7368],[-61.1564,-24.7386],[-61.1502,-24.7499],[-61.1488,-24.7611],[-61.1583,-24.7577],[-61.1578,-24.7798],[-61.1564,-24.785],[-61.1493,-24.7872],[-61.1435,-24.7928],[-61.1469,-24.7989],[-61.144,-24.805],[-61.1298,-24.8197],[-61.1022,-24.8375],[-61.0927,-24.8349],[-61.0894,-24.8397],[-61.0927,-24.8488],[-61.087,-24.854],[-61.0827,-24.851],[-61.0713,-24.8549],[-61.068,-24.8605],[-61.0788,-24.8646],[-61.0751,-24.8727],[-61.0684,-24.8763],[-61.0632,-24.8726],[-61.0428,-24.8974],[-61.038,-24.8974],[-61.0333,-24.89],[-61.0242,-24.8891],[-61.0318,-24.9013],[-61.0204,-24.9056],[-61.0147,-24.9134],[-61.0209,-24.9186],[-61.0141,-24.9245],[-61.0067,-24.9228],[-61.0025,-24.9175],[-60.9957,-24.9338],[-60.9824,-24.9433],[-60.9753,-24.9459],[-60.9725,-24.9419],[-60.9586,-24.955],[-60.9571,-24.968],[-60.9482,-24.9702],[-60.9391,-24.978],[-60.9216,-24.9793],[-60.9249,-24.9866],[-60.9415,-24.991],[-60.9401,-25.0044],[-60.9339,-25.0048],[-60.9273,-24.9927],[-60.9211,-25.0105],[-60.9068,-25.0152],[-60.8973,-25.0105],[-60.875,-25.0197],[-60.8697,-25.0313],[-60.8621,-25.0328],[-60.8331,-25.0324],[-60.8217,-25.0343],[-60.8208,-25.0395],[-60.8369,-25.0382],[-60.8293,-25.0451],[-60.8198,-25.0702],[-60.8141,-25.0746],[-60.8079,-25.0728],[-60.807,-25.0642],[-60.782,-25.0711],[-60.7647,-25.0724],[-60.7485,-25.0694],[-60.7509,-25.0776],[-60.7614,-25.0832],[-60.7675,-25.0906],[-60.7547,-25.0927],[-60.7419,-25.1018],[-60.7343,-25.101],[-60.7328,-25.117],[-60.7195,-25.1179],[-60.7214,-25.1252],[-60.7067,-25.1187],[-60.7,-25.1196],[-60.6763,-25.1356],[-60.6744,-25.1278],[-60.6891,-25.1166],[-60.6863,-25.114],[-60.6753,-25.1187],[-60.6611,-25.1204],[-60.6563,-25.1256],[-60.6658,-25.1347],[-60.6725,-25.1438],[-60.6706,-25.149],[-60.6611,-25.1525],[-60.6444,-25.1542],[-60.6425,-25.1598],[-60.6539,-25.1585],[-60.6515,-25.1654],[-60.6468,-25.1693],[-60.6373,-25.1654],[-60.6306,-25.1776],[-60.6259,-25.1706],[-60.6164,-25.1767],[-60.6083,-25.1771],[-60.6054,-25.1693],[-60.6097,-25.1672],[-60.6054,-25.1594],[-60.5959,-25.1646],[-60.5931,-25.1711],[-60.586,-25.178],[-60.5712,-25.1698],[-60.5722,-25.1845],[-60.5665,-25.1914],[-60.5612,-25.1836],[-60.5441,-25.1802],[-60.541,-25.1674],[-60.5296,-25.1718],[-60.5172,-25.1842],[-60.5102,-25.1883],[-60.5102,-25.2086],[-60.5036,-25.2138],[-60.495,-25.2069],[-60.4869,-25.2147],[-60.4893,-25.2285],[-60.485,-25.2359],[-60.4788,-25.2402],[-60.466,-25.2424],[-60.4632,-25.2484],[-60.4527,-25.2545],[-60.4418,-25.2653],[-60.4394,-25.2752],[-60.4313,-25.2817],[-60.4289,-25.2994],[-60.4289,-25.3102],[-60.4246,-25.3163],[-60.4194,-25.3089],[-60.4137,-25.3076],[-60.4009,-25.3297],[-60.389,-25.3353],[-60.3776,-25.3279],[-60.3709,-25.3266],[-60.3638,-25.3314],[-60.359,-25.3214],[-60.3543,-25.3227],[-60.3529,-25.3396],[-60.35,-25.3556],[-60.34,-25.3573],[-60.3386,-25.3698],[-60.3462,-25.3767],[-60.3381,-25.3802],[-60.331,-25.3776],[-60.3148,-25.3836],[-60.3129,-25.3884],[-60.332,-25.3875],[-60.3339,-25.3914],[-60.331,-25.4018],[-60.3272,-25.4074],[-60.3087,-25.4104],[-60.3201,-25.4191],[-60.3229,-25.4242],[-60.3068,-25.4212],[-60.2996,-25.41],[-60.2958,-25.4165],[-60.3001,-25.4277],[-60.2911,-25.4333],[-60.2825,-25.4333],[-60.2782,-25.4402],[-60.2797,-25.448],[-60.2773,-25.4618],[-60.2692,-25.4691],[-60.2564,-25.4626],[-60.2526,-25.4639],[-60.2488,-25.4747],[-60.2388,-25.473],[-60.2245,-25.4851],[-60.2388,-25.5032],[-60.2264,-25.5079],[-60.2202,-25.5343],[-60.2264,-25.5429],[-60.2416,-25.5446],[-60.2378,-25.5593],[-60.234,-25.5666],[-60.2212,-25.5657],[-60.216,-25.5722],[-60.2093,-25.5705],[-60.205,-25.5739],[-60.224,-25.5817],[-60.2236,-25.5895],[-60.2117,-25.5929],[-60.2207,-25.5985],[-60.2155,-25.602],[-60.2084,-25.6011],[-60.1969,-25.6032],[-60.2008,-25.6097],[-60.1912,-25.6213],[-60.1775,-25.6274],[-60.1927,-25.636],[-60.1893,-25.6416],[-60.1813,-25.6438],[-60.177,-25.6597],[-60.1718,-25.6601],[-60.1713,-25.6485],[-60.1661,-25.6455],[-60.1513,-25.6438],[-60.1423,-25.6373],[-60.1399,-25.6511],[-60.1318,-25.6498],[-60.1157,-25.6631],[-60.1014,-25.6575],[-60.1028,-25.67],[-60.0933,-25.6683],[-60.0867,-25.6752],[-60.0781,-25.6795],[-60.0572,-25.6799],[-60.0467,-25.686],[-60.0349,-25.6894],[-60.0182,-25.7041],[-60.0215,-25.723],[-60.0116,-25.7295],[-59.9982,-25.7346],[-59.9902,-25.7312],[-59.9868,-25.7432],[-59.955,-25.7699],[-59.9469,-25.7596],[-59.9426,-25.7596],[-59.9431,-25.7734],[-59.9279,-25.7699],[-59.9212,-25.7824],[-59.9265,-25.7919],[-59.906,-25.7962],[-59.9003,-25.7949],[-59.8856,-25.8009],[-59.877,-25.8065],[-59.8813,-25.8151],[-59.8729,-25.8261],[-59.8791,-25.842],[-59.8746,-25.8435],[-59.8696,-25.8354],[-59.8592,-25.838],[-59.8713,-25.8458],[-59.8628,-25.8501],[-59.8577,-25.8461],[-59.8437,-25.856],[-59.8409,-25.8602],[-59.8361,-25.876],[-59.8257,-25.8719],[-59.8167,-25.8811],[-59.8242,-25.8874],[-59.8246,-25.8916],[-59.8087,-25.8954],[-59.8055,-25.8911],[-59.7948,-25.8967],[-59.7892,-25.903],[-59.7883,-25.9097],[-59.7786,-25.9158],[-59.7684,-25.9153],[-59.7617,-25.9196],[-59.7555,-25.9189],[-59.7517,-25.929],[-59.7579,-25.938],[-59.7477,-25.9419],[-59.7537,-25.9477],[-59.7514,-25.9632],[-59.7439,-25.9678],[-59.7376,-25.9751],[-59.7279,-25.9701],[-59.7303,-25.9792],[-59.7213,-25.991],[-59.7251,-25.9998],[-59.7074,-25.9986],[-59.6961,-26.0065],[-59.6822,-26.0004],[-59.6723,-26.0028],[-59.6752,-26.0154],[-59.6682,-26.0249],[-59.6756,-26.0289],[-59.676,-26.0404],[-59.6726,-26.0498],[-59.6786,-26.0541],[-59.6735,-26.0605],[-59.6684,-26.0548],[-59.6631,-26.0552],[-59.664,-26.0638],[-59.6731,-26.0702],[-59.6679,-26.0773],[-59.6757,-26.081],[-59.6825,-26.0895],[-59.6743,-26.0961],[-59.6774,-26.1015],[-59.6693,-26.1125],[-59.655,-26.1157],[-59.649,-26.1216],[-59.6573,-26.1274],[-59.6571,-26.1347],[-59.6328,-26.1364],[-59.6262,-26.1343],[-59.6351,-26.1258],[-59.6394,-26.1168],[-59.6161,-26.12],[-59.6089,-26.1237],[-59.6004,-26.1169],[-59.6001,-26.1282],[-59.5955,-26.131],[-59.5878,-26.1216],[-59.5848,-26.1218],[-59.5752,-26.1425],[-59.5742,-26.1528],[-59.5672,-26.1489],[-59.5473,-26.1509],[-59.5355,-26.1413],[-59.5283,-26.149],[-59.5212,-26.1434],[-59.516,-26.1452],[-59.5092,-26.1592],[-59.4976,-26.1537],[-59.4918,-26.1606],[-59.4878,-26.1556],[-59.4774,-26.1623],[-59.4669,-26.152],[-59.4579,-26.1604],[-59.4568,-26.1508],[-59.4531,-26.148],[-59.4461,-26.1534],[-59.4383,-26.1491],[-59.4348,-26.1536],[-59.4214,-26.1612],[-59.424,-26.1672],[-59.4147,-26.1676],[-59.4088,-26.1791],[-59.4198,-26.1781],[-59.4187,-26.1962],[-59.4292,-26.1964],[-59.4234,-26.2034],[-59.4103,-26.2071],[-59.4156,-26.2184],[-59.4139,-26.225],[-59.4022,-26.2325],[-59.4035,-26.24],[-59.3952,-26.2496],[-59.3993,-26.2562],[-59.3811,-26.268],[-59.3961,-26.2738],[-59.3846,-26.2793],[-59.3841,-26.2853],[-59.3888,-26.2904],[-59.3901,-26.2973],[-59.4011,-26.2935],[-59.4025,-26.3009],[-59.3884,-26.3031],[-59.385,-26.3092],[-59.3792,-26.3121],[-59.3779,-26.3208],[-59.3637,-26.3281],[-59.3628,-26.3339],[-59.3575,-26.338],[-59.3454,-26.328],[-59.3402,-26.3339],[-59.3335,-26.3357],[-59.3143,-26.3189],[-59.3106,-26.3234],[-59.3117,-26.3354],[-59.3086,-26.3404],[-59.2976,-26.3358],[-59.2927,-26.3434],[-59.2845,-26.3431],[-59.2777,-26.3498],[-59.2633,-26.347],[-59.2524,-26.3487],[-59.2547,-26.3405],[-59.2359,-26.3387],[-59.2265,-26.3394],[-59.2019,-26.3266],[-59.1926,-26.3297],[-59.1841,-26.3229],[-59.1904,-26.3165],[-59.1846,-26.3063],[-59.1786,-26.3054],[-59.1715,-26.3091],[-59.1676,-26.2986],[-59.159,-26.3005],[-59.1402,-26.2994],[-59.1378,-26.3024],[-59.1388,-26.3127],[-59.1521,-26.308],[-59.1539,-26.3169],[-59.1383,-26.3234],[-59.1307,-26.3281],[-59.1103,-26.326],[-59.116,-26.3363],[-59.126,-26.338],[-59.1245,-26.3461],[-59.1112,-26.3423],[-59.096,-26.353],[-59.0807,-26.359],[-59.0685,-26.3742],[-59.0429,-26.3653],[-59.0353,-26.3744],[-59.0244,-26.3733],[-59.0241,-26.3812],[-59.0138,-26.3795],[-59.0062,-26.3754],[-58.9993,-26.3792],[-58.9857,-26.38],[-58.9778,-26.3869],[-58.9591,-26.3972],[-58.9393,-26.4331],[-58.9295,-26.4328],[-58.9253,-26.4439],[-58.9149,-26.4451],[-58.9163,-26.4506],[-58.9098,-26.4626],[-58.8947,-26.4691],[-58.8717,-26.4721],[-58.8658,-26.4751],[-58.8612,-26.4832],[-58.8583,-26.4941],[-58.8568,-26.5089],[-58.8456,-26.5192],[-58.84,-26.5187],[-58.8233,-26.525],[-58.797,-26.519],[-58.7961,-26.535],[-58.7765,-26.5362],[-58.7706,-26.5387],[-58.7652,-26.5567],[-58.7553,-26.5633],[-58.7607,-26.5689],[-58.7564,-26.573],[-58.7526,-26.5836],[-58.7539,-26.5906],[-58.7515,-26.5967],[-58.7408,-26.6045],[-58.7352,-26.6015],[-58.729,-26.6036],[-58.7201,-26.6021],[-58.7154,-26.5942],[-58.7072,-26.5978],[-58.6955,-26.594],[-58.6879,-26.5964],[-58.6886,-26.6035],[-58.682,-26.6174],[-58.6843,-26.6262],[-58.677,-26.6344],[-58.6745,-26.6421],[-58.6596,-26.6504],[-58.6532,-26.6594],[-58.6421,-26.6556],[-58.6254,-26.6643],[-58.6171,-26.6759],[-58.611,-26.6815],[-58.5939,-26.6883],[-58.5798,-26.6859],[-58.5722,-26.6875],[-58.5771,-26.695],[-58.5705,-26.7036],[-58.5729,-26.7081],[-58.5698,-26.7151],[-58.5691,-26.7277],[-58.5665,-26.7313],[-58.558,-26.729],[-58.5554,-26.74],[-58.5497,-26.7488],[-58.5424,-26.7498],[-58.5446,-26.7386],[-58.5308,-26.7408],[-58.5341,-26.7561],[-58.5265,-26.7587],[-58.5208,-26.7561],[-58.5137,-26.7634],[-58.5094,-26.774],[-58.5009,-26.7804],[-58.4947,-26.7945],[-58.4857,-26.795],[-58.4719,-26.8146],[-58.4819,-26.8184],[-58.4733,-26.8282],[-58.4681,-26.8188],[-58.4505,-26.8171],[-58.4481,-26.8274],[-58.4224,-26.8244],[-58.4281,-26.8338],[-58.421,-26.8368],[-58.4144,-26.8342],[-58.4044,-26.8406],[-58.3968,-26.8325],[-58.3906,-26.841],[-58.3972,-26.8538],[-58.3963,-26.867],[-58.3863,-26.8568],[-58.3792,-26.8619],[-58.3782,-26.8798]]]},"properties":{"nombre":"Formosa","slug":"formosa"}},
{"type":"Feature","geometry":{"type":"MultiPolygon","coordinates":[[[[-65.0693,-42],[-65.25,-42],[-65.5,-42],[-65.7281,-42],[-66.0001,-42],[-66.2504,-42],[-66.5003,-42],[-66.7504,-42],[-66.8769,-42],[-67.2502,-42],[-67.5004,-42],[-67.7506,-42],[-68,-42],[-68.25,-42],[-68.5004,-42],[-68.7504,-42],[-69.0003,-42],[-69.2502,-42],[-69.5002,-42],[-69.75,-42],[-70.0001,-42],[-70.25,-42],[-70.5,-42],[-70.75,-42],[-70.9907,-42],[-71.1749,-42],[-71.3462,-42],[-71.4893,-42],[-71.6253,-42],[-71.7737,-42],[-71.7733,-42.0076],[-71.7612,-42.0126],[-71.7578,-42.0234],[-71.7531,-42.0275],[-71.7529,-42.0379],[-71.7437,-42.0374],[-71.7295,-42.0441],[-71.7248,-42.0525],[-71.7246,-42.0591],[-71.7341,-42.0631],[-71.7387,-42.0719],[-71.7375,-42.086],[-71.7264,-42.102],[-71.7255,-42.1099],[-71.731,-42.1229],[-71.7536,-42.13],[-71.7703,-42.1286],[-71.7797,-42.1474],[-71.7891,-42.1496],[-71.8029,-42.1455],[-71.8154,-42.156],[-71.8366,-42.1621],[-71.8442,-42.1543],[-71.8579,-42.1591],[-71.8748,-42.1549],[-71.8798,-42.1668],[-71.8928,-42.1775],[-71.9047,-42.182],[-71.911,-42.1873],[-71.9247,-42.1903],[-71.9367,-42.1809],[-71.9405,-42.1718],[-71.954,-42.1633],[-71.9561,-42.142],[-71.9634,-42.139],[-71.9686,-42.1439],[-71.9863,-42.1391],[-71.9982,-42.1411],[-72.0071,-42.1394],[-72.0297,-42.1215],[-72.0392,-42.1264],[-72.0461,-42.1233],[-72.0523,-42.114],[-72.0671,-42.1176],[-72.0645,-42.1215],[-72.0738,-42.1251],[-72.0803,-42.1321],[-72.0652,-42.1378],[-72.0673,-42.1474],[-72.0849,-42.1437],[-72.0892,-42.1476],[-72.1047,-42.1453],[-72.1136,-42.1476],[-72.1215,-42.1545],[-72.1358,-42.1489],[-72.1576,-42.144],[-72.1721,-42.1391],[-72.1776,-42.1529],[-72.188,-42.1585],[-72.1847,-42.1765],[-72.1797,-42.1817],[-72.1687,-42.1861],[-72.1569,-42.1939],[-72.1561,-42.2053],[-72.1665,-42.2134],[-72.1588,-42.2272],[-72.1537,-42.243],[-72.1684,-42.2505],[-72.1673,-42.2616],[-72.1609,-42.2698],[-72.1549,-42.2724],[-72.1404,-42.2899],[-72.1312,-42.3078],[-72.1266,-42.3109],[-72.1222,-42.3228],[-72.1267,-42.3268],[-72.1383,-42.3275],[-72.1357,-42.3395],[-72.1386,-42.3473],[-72.1307,-42.3591],[-72.1348,-42.3702],[-72.13,-42.3752],[-72.1318,-42.3842],[-72.1224,-42.3894],[-72.1128,-42.3985],[-72.1041,-42.3953],[-72.0891,-42.3963],[-72.0773,-42.3828],[-72.0683,-42.3915],[-72.0594,-42.3965],[-72.0379,-42.4004],[-72.0273,-42.4087],[-72.0341,-42.4161],[-72.036,-42.4254],[-72.0321,-42.4305],[-72.0392,-42.4436],[-72.0468,-42.4491],[-72.0337,-42.4571],[-72.0326,-42.4668],[-72.0139,-42.4854],[-72.0121,-42.4949],[-72.0153,-42.4988],[-72.0256,-42.5014],[-72.0295,-42.5171],[-72.0438,-42.5386],[-72.054,-42.5447],[-72.0529,-42.5625],[-72.0571,-42.5699],[-72.0659,-42.5721],[-72.0749,-42.5656],[-72.0932,-42.5823],[-72.097,-42.5926],[-72.1065,-42.6011],[-72.119,-42.6028],[-72.1145,-42.6086],[-72.1145,-42.6305],[-72.1031,-42.6303],[-72.0962,-42.6415],[-72.1083,-42.649],[-72.1101,-42.654],[-72.1188,-42.6604],[-72.1226,-42.6724],[-72.1313,-42.672],[-72.1354,-42.6797],[-72.1491,-42.6814],[-72.1549,-42.6778],[-72.1738,-42.6741],[-72.1743,-42.6827],[-72.1797,-42.6972],[-72.1673,-42.7044],[-72.1607,-42.7044],[-72.1377,-42.7119],[-72.1396,-42.7166],[-72.1355,-42.727],[-72.1287,-42.7318],[-72.1472,-42.742],[-72.1442,-42.7502],[-72.1341,-42.7584],[-72.1338,-42.7738],[-72.1313,-42.7771],[-72.1407,-42.7841],[-72.1387,-42.7894],[-72.1494,-42.7987],[-72.165,-42.7983],[-72.1616,-42.8089],[-72.1559,-42.8149],[-72.1591,-42.8268],[-72.1508,-42.8316],[-72.1499,-42.8415],[-72.146,-42.8517],[-72.1344,-42.8525],[-72.1349,-42.8675],[-72.1205,-42.8766],[-72.1184,-42.8825],[-72.1316,-42.8849],[-72.1418,-42.8954],[-72.1414,-42.9014],[-72.1321,-42.9075],[-72.1325,-42.9112],[-72.1141,-42.9226],[-72.1187,-42.9336],[-72.1037,-42.9422],[-72.0977,-42.9416],[-72.0934,-42.9497],[-72.0732,-42.9496],[-72.0562,-42.9746],[-72.0586,-42.9803],[-72.0372,-42.9948],[-72.0402,-43.0023],[-72.0372,-43.0117],[-72.0194,-43.018],[-72.0124,-43.0302],[-72.0026,-43.0374],[-71.9914,-43.035],[-71.9805,-43.0362],[-71.9791,-43.0448],[-71.9731,-43.0458],[-71.9662,-43.0402],[-71.9538,-43.0417],[-71.9436,-43.0464],[-71.9348,-43.0562],[-71.9374,-43.0709],[-71.9339,-43.0805],[-71.9409,-43.0913],[-71.9334,-43.0984],[-71.9096,-43.1027],[-71.8927,-43.107],[-71.8864,-43.127],[-71.8565,-43.1291],[-71.8538,-43.1345],[-71.8573,-43.1426],[-71.8353,-43.1432],[-71.8259,-43.1498],[-71.8167,-43.1452],[-71.8052,-43.1535],[-71.789,-43.1599],[-71.7837,-43.1688],[-71.7605,-43.1646],[-71.7545,-43.1766],[-71.7426,-43.1783],[-71.7294,-43.1997],[-71.7331,-43.2096],[-71.7424,-43.223],[-71.7571,-43.228],[-71.7556,-43.2395],[-71.7475,-43.2502],[-71.7462,-43.2669],[-71.741,-43.2679],[-71.7306,-43.2834],[-71.7363,-43.2886],[-71.7328,-43.2973],[-71.7317,-43.309],[-71.7346,-43.3143],[-71.747,-43.32],[-71.7615,-43.3139],[-71.7617,-43.3054],[-71.7686,-43.3001],[-71.784,-43.297],[-71.7913,-43.2976],[-71.8035,-43.3066],[-71.8012,-43.3127],[-71.8091,-43.3149],[-71.811,-43.32],[-71.8238,-43.3241],[-71.8401,-43.3352],[-71.8504,-43.3352],[-71.8547,-43.3321],[-71.8665,-43.3328],[-71.8718,-43.3285],[-71.8899,-43.3251],[-71.8958,-43.3198],[-71.9067,-43.3244],[-71.8969,-43.3375],[-71.9021,-43.3438],[-71.8949,-43.3491],[-71.8902,-43.3598],[-71.8978,-43.3701],[-71.8937,-43.3801],[-71.9023,-43.3799],[-71.912,-43.3867],[-71.9206,-43.385],[-71.9329,-43.3863],[-71.931,-43.3966],[-71.9262,-43.4051],[-71.9145,-43.4152],[-71.9228,-43.4266],[-71.9281,-43.4421],[-71.9343,-43.4479],[-71.9311,-43.4567],[-71.906,-43.4565],[-71.895,-43.4512],[-71.8804,-43.4519],[-71.8785,-43.4632],[-71.8695,-43.4637],[-71.8486,-43.4829],[-71.852,-43.4947],[-71.8596,-43.5084],[-71.8645,-43.511],[-71.8719,-43.5265],[-71.8785,-43.5275],[-71.8775,-43.5511],[-71.8653,-43.5517],[-71.8456,-43.5482],[-71.8284,-43.55],[-71.8,-43.5411],[-71.7826,-43.542],[-71.7765,-43.5387],[-71.7713,-43.5505],[-71.763,-43.5563],[-71.7652,-43.5634],[-71.7599,-43.5714],[-71.7649,-43.575],[-71.7624,-43.5809],[-71.7528,-43.5854],[-71.7423,-43.5859],[-71.7333,-43.5796],[-71.7194,-43.5787],[-71.7085,-43.5839],[-71.7101,-43.5944],[-71.7077,-43.6068],[-71.7027,-43.6152],[-71.7033,-43.623],[-71.6906,-43.6268],[-71.673,-43.6249],[-71.6508,-43.6208],[-71.6263,-43.6237],[-71.6078,-43.6286],[-71.5911,-43.6378],[-71.5815,-43.6517],[-71.5814,-43.6592],[-71.5883,-43.6754],[-71.612,-43.676],[-71.6106,-43.682],[-71.6027,-43.6868],[-71.5998,-43.697],[-71.6067,-43.7003],[-71.6215,-43.7009],[-71.6283,-43.6983],[-71.6368,-43.7035],[-71.6505,-43.7008],[-71.6616,-43.7034],[-71.6629,-43.7097],[-71.6596,-43.7166],[-71.6679,-43.7233],[-71.6807,-43.7208],[-71.6967,-43.7261],[-71.7019,-43.7385],[-71.7294,-43.7622],[-71.736,-43.7785],[-71.7458,-43.7824],[-71.7535,-43.789],[-71.7504,-43.7938],[-71.7494,-43.8087],[-71.7567,-43.8157],[-71.7586,-43.831],[-71.7633,-43.8372],[-71.7569,-43.8455],[-71.7405,-43.8512],[-71.732,-43.8597],[-71.7162,-43.8547],[-71.7087,-43.8557],[-71.7089,-43.8629],[-71.7046,-43.8683],[-71.7034,-43.8783],[-71.7063,-43.8806],[-71.7071,-43.8946],[-71.6989,-43.895],[-71.6951,-43.9027],[-71.677,-43.9043],[-71.6672,-43.9011],[-71.6559,-43.9138],[-71.6504,-43.9251],[-71.6488,-43.9459],[-71.6555,-43.9497],[-71.6611,-43.9637],[-71.6787,-43.9706],[-71.6846,-43.9883],[-71.6944,-43.9987],[-71.6962,-44.0063],[-71.7119,-44.0205],[-71.7169,-44.0312],[-71.7154,-44.0382],[-71.7221,-44.0496],[-71.7364,-44.0657],[-71.737,-44.0728],[-71.7459,-44.0758],[-71.7505,-44.0915],[-71.7685,-44.1072],[-71.7813,-44.1115],[-71.8245,-44.1141],[-71.8351,-44.1069],[-71.8477,-44.111],[-71.8517,-44.1265],[-71.8433,-44.139],[-71.8413,-44.1463],[-71.8477,-44.155],[-71.8409,-44.1639],[-71.8281,-44.1667],[-71.8105,-44.1866],[-71.799,-44.1932],[-71.8018,-44.1972],[-71.7981,-44.2088],[-71.8006,-44.2146],[-71.78,-44.2172],[-71.7887,-44.2222],[-71.8077,-44.2281],[-71.8056,-44.234],[-71.813,-44.2386],[-71.8054,-44.2473],[-71.8129,-44.2511],[-71.8062,-44.2557],[-71.8089,-44.2604],[-71.8269,-44.2599],[-71.8287,-44.2667],[-71.8094,-44.2691],[-71.804,-44.2785],[-71.8088,-44.2882],[-71.8046,-44.2903],[-71.7996,-44.3005],[-71.7939,-44.3045],[-71.7888,-44.3194],[-71.7885,-44.3331],[-71.8001,-44.339],[-71.8146,-44.3402],[-71.8203,-44.3455],[-71.8394,-44.3524],[-71.8286,-44.3634],[-71.8346,-44.3672],[-71.829,-44.3724],[-71.8186,-44.3762],[-71.8208,-44.3923],[-71.8051,-44.3977],[-71.8044,-44.4011],[-71.8154,-44.4147],[-71.803,-44.4196],[-71.772,-44.4084],[-71.7515,-44.3996],[-71.7363,-44.3992],[-71.7206,-44.3905],[-71.7136,-44.3794],[-71.6951,-44.3816],[-71.6976,-44.3907],[-71.6945,-44.3964],[-71.6828,-44.3999],[-71.6693,-44.4085],[-71.6579,-44.409],[-71.6429,-44.4036],[-71.6383,-44.3986],[-71.6172,-44.3985],[-71.6111,-44.4021],[-71.5887,-44.3987],[-71.5833,-44.4049],[-71.5587,-44.4089],[-71.5392,-44.4067],[-71.5222,-44.3969],[-71.5089,-44.3938],[-71.494,-44.3994],[-71.4865,-44.3989],[-71.4656,-44.3888],[-71.4548,-44.3945],[-71.4435,-44.3961],[-71.4258,-44.3923],[-71.4188,-44.3889],[-71.4085,-44.3927],[-71.3889,-44.3854],[-71.3775,-44.3909],[-71.3659,-44.3909],[-71.3665,-44.3959],[-71.3527,-44.4034],[-71.3567,-44.4095],[-71.3493,-44.4247],[-71.3409,-44.4188],[-71.3335,-44.4193],[-71.3246,-44.4275],[-71.3122,-44.4296],[-71.3083,-44.4242],[-71.2918,-44.4231],[-71.2677,-44.4238],[-71.2509,-44.4174],[-71.2416,-44.4179],[-71.2337,-44.4228],[-71.2249,-44.4355],[-71.2175,-44.4368],[-71.2092,-44.4333],[-71.1839,-44.441],[-71.1694,-44.4405],[-71.1536,-44.4598],[-71.1462,-44.462],[-71.1414,-44.4676],[-71.1301,-44.4732],[-71.1498,-44.484],[-71.1511,-44.4897],[-71.1636,-44.4983],[-71.1584,-44.5045],[-71.1433,-44.5081],[-71.1343,-44.5057],[-71.1243,-44.5131],[-71.1109,-44.5182],[-71.1066,-44.5247],[-71.0915,-44.5325],[-71.097,-44.5493],[-71.1032,-44.5536],[-71.0979,-44.56],[-71.0997,-44.5695],[-71.1055,-44.5751],[-71.1046,-44.5803],[-71.0972,-44.5859],[-71.1056,-44.5912],[-71.1117,-44.5902],[-71.1193,-44.5969],[-71.134,-44.5971],[-71.1456,-44.5919],[-71.1643,-44.5927],[-71.1763,-44.5997],[-71.1888,-44.5938],[-71.2008,-44.5916],[-71.1944,-44.6008],[-71.2012,-44.6099],[-71.2146,-44.6167],[-71.2165,-44.621],[-71.2137,-44.6329],[-71.2164,-44.6358],[-71.2317,-44.6383],[-71.2345,-44.6524],[-71.2282,-44.6572],[-71.2137,-44.6767],[-71.1997,-44.6788],[-71.1979,-44.6894],[-71.2099,-44.6981],[-71.2091,-44.7029],[-71.2141,-44.7152],[-71.2057,-44.7165],[-71.2023,-44.7228],[-71.204,-44.7407],[-71.2083,-44.7532],[-71.2206,-44.7619],[-71.2381,-44.7693],[-71.245,-44.7788],[-71.2537,-44.7852],[-71.2487,-44.7979],[-71.2617,-44.805],[-71.2898,-44.8097],[-71.3043,-44.8062],[-71.3283,-44.8085],[-71.3384,-44.7978],[-71.3583,-44.7905],[-71.3738,-44.7962],[-71.3962,-44.7893],[-71.4081,-44.777],[-71.4174,-44.7744],[-71.43,-44.7646],[-71.4314,-44.7572],[-71.4418,-44.7527],[-71.4513,-44.7521],[-71.4694,-44.7376],[-71.4886,-44.7366],[-71.5056,-44.7425],[-71.5197,-44.7453],[-71.5312,-44.743],[-71.5464,-44.752],[-71.5571,-44.7537],[-71.5694,-44.7587],[-71.5816,-44.7523],[-71.5922,-44.7629],[-71.5957,-44.7704],[-71.5954,-44.7794],[-71.6171,-44.777],[-71.6316,-44.7781],[-71.649,-44.782],[-71.6575,-44.7862],[-71.6719,-44.787],[-71.6757,-44.7783],[-71.6741,-44.7718],[-71.687,-44.765],[-71.6965,-44.7656],[-71.705,-44.7699],[-71.7217,-44.7668],[-71.7359,-44.7688],[-71.7491,-44.7617],[-71.7629,-44.7624],[-71.7721,-44.7552],[-71.7895,-44.7531],[-71.8104,-44.7636],[-71.8161,-44.7707],[-71.8252,-44.776],[-71.8235,-44.7815],[-71.8107,-44.7851],[-71.8144,-44.7923],[-71.8333,-44.7917],[-71.8503,-44.8003],[-71.8598,-44.8005],[-71.8755,-44.7943],[-71.8844,-44.7952],[-71.8925,-44.7858],[-71.9009,-44.7846],[-71.9126,-44.7771],[-71.9228,-44.7781],[-71.9213,-44.7859],[-71.9264,-44.7928],[-71.9236,-44.7975],[-71.9275,-44.804],[-71.9452,-44.7912],[-71.9568,-44.786],[-71.9658,-44.7859],[-71.9825,-44.78],[-72.0006,-44.7864],[-72.0069,-44.7828],[-72.0082,-44.773],[-72.0157,-44.7721],[-72.0138,-44.7603],[-72.0182,-44.7567],[-72.0324,-44.7655],[-72.0448,-44.7591],[-72.0573,-44.7564],[-72.0668,-44.7594],[-72.0641,-44.7722],[-72.0739,-44.7811],[-72.0677,-44.788],[-72.0561,-44.7934],[-72.0464,-44.794],[-72.0287,-44.8052],[-72.0366,-44.809],[-72.0379,-44.8162],[-72.0497,-44.83],[-72.0493,-44.837],[-72.0575,-44.8407],[-72.0654,-44.8483],[-72.0529,-44.8564],[-72.0422,-44.8588],[-72.0383,-44.8646],[-72.0473,-44.8669],[-72.0647,-44.8749],[-72.063,-44.8793],[-72.0505,-44.8817],[-72.0433,-44.8907],[-72.0398,-44.9001],[-72.0337,-44.9048],[-72.0195,-44.8974],[-71.9981,-44.8989],[-71.9778,-44.9042],[-71.9791,-44.9154],[-71.974,-44.9209],[-71.9479,-44.9206],[-71.9419,-44.9305],[-71.9351,-44.9341],[-71.935,-44.9394],[-71.925,-44.9442],[-71.9091,-44.9482],[-71.8849,-44.95],[-71.8828,-44.9582],[-71.8649,-44.9477],[-71.8544,-44.9323],[-71.8432,-44.9284],[-71.8314,-44.927],[-71.8172,-44.9198],[-71.8098,-44.9221],[-71.8071,-44.9305],[-71.7878,-44.9333],[-71.7782,-44.9403],[-71.7722,-44.937],[-71.7602,-44.9247],[-71.7506,-44.9324],[-71.745,-44.9566],[-71.7111,-44.9551],[-71.6967,-44.9599],[-71.6872,-44.9672],[-71.6573,-44.9756],[-71.6354,-44.9702],[-71.6245,-44.9749],[-71.6129,-44.9753],[-71.6015,-44.9707],[-71.5937,-44.9769],[-71.5774,-44.9812],[-71.5621,-44.978],[-71.5575,-44.9884],[-71.5506,-44.9969],[-71.5415,-44.9993],[-71.5527,-45.0108],[-71.5483,-45.0138],[-71.558,-45.0315],[-71.5458,-45.0346],[-71.5304,-45.0457],[-71.5203,-45.0581],[-71.5118,-45.0609],[-71.5066,-45.068],[-71.5052,-45.0838],[-71.5104,-45.087],[-71.513,-45.0966],[-71.5228,-45.1027],[-71.5035,-45.1024],[-71.4914,-45.1078],[-71.4758,-45.1399],[-71.4701,-45.1488],[-71.4454,-45.1524],[-71.4404,-45.1568],[-71.4278,-45.1575],[-71.4187,-45.1667],[-71.4182,-45.1762],[-71.407,-45.1801],[-71.407,-45.189],[-71.3921,-45.2022],[-71.3786,-45.2071],[-71.3715,-45.2178],[-71.3709,-45.2246],[-71.3557,-45.2283],[-71.3369,-45.2368],[-71.3331,-45.2431],[-71.333,-45.2528],[-71.3421,-45.263],[-71.3504,-45.2679],[-71.3471,-45.2725],[-71.3389,-45.2735],[-71.3373,-45.2783],[-71.3286,-45.2785],[-71.3202,-45.2971],[-71.3252,-45.307],[-71.335,-45.3143],[-71.3332,-45.3198],[-71.348,-45.327],[-71.3486,-45.3314],[-71.3718,-45.3395],[-71.3827,-45.3494],[-71.4025,-45.3549],[-71.4117,-45.3543],[-71.4384,-45.3625],[-71.4487,-45.3696],[-71.4393,-45.3737],[-71.4432,-45.379],[-71.4371,-45.3923],[-71.4555,-45.3862],[-71.4653,-45.3879],[-71.4877,-45.3857],[-71.5008,-45.3865],[-71.5126,-45.3897],[-71.5278,-45.3914],[-71.531,-45.3962],[-71.5296,-45.411],[-71.5219,-45.4186],[-71.5208,-45.426],[-71.5339,-45.4324],[-71.5298,-45.4378],[-71.5181,-45.4392],[-71.5104,-45.4455],[-71.5086,-45.4607],[-71.4947,-45.4712],[-71.4841,-45.4699],[-71.4751,-45.4742],[-71.4698,-45.482],[-71.4788,-45.4866],[-71.4681,-45.492],[-71.4743,-45.4961],[-71.4997,-45.5016],[-71.5117,-45.5092],[-71.5258,-45.5096],[-71.5422,-45.5152],[-71.5445,-45.5205],[-71.5613,-45.5235],[-71.5765,-45.5195],[-71.6048,-45.5224],[-71.6114,-45.5149],[-71.6237,-45.5114],[-71.6396,-45.5128],[-71.6464,-45.5185],[-71.6626,-45.518],[-71.6821,-45.5151],[-71.6888,-45.5212],[-71.6826,-45.5278],[-71.7047,-45.5363],[-71.7237,-45.5366],[-71.7317,-45.5411],[-71.7402,-45.5414],[-71.7635,-45.5603],[-71.7629,-45.5766],[-71.7426,-45.5792],[-71.7377,-45.5755],[-71.7314,-45.59],[-71.7373,-45.5932],[-71.7422,-45.6045],[-71.7538,-45.6098],[-71.7634,-45.6206],[-71.7727,-45.6172],[-71.7796,-45.6218],[-71.7773,-45.6292],[-71.7807,-45.6341],[-71.772,-45.641],[-71.7795,-45.6462],[-71.7809,-45.6554],[-71.7955,-45.6668],[-71.7834,-45.6722],[-71.773,-45.6812],[-71.775,-45.6942],[-71.78,-45.7017],[-71.7948,-45.707],[-71.8014,-45.719],[-71.7951,-45.7301],[-71.7712,-45.7437],[-71.7667,-45.7511],[-71.765,-45.7611],[-71.7543,-45.7706],[-71.7551,-45.7764],[-71.7619,-45.7875],[-71.7583,-45.7918],[-71.7446,-45.7988],[-71.7423,-45.8061],[-71.754,-45.8183],[-71.7543,-45.8238],[-71.7672,-45.8361],[-71.7691,-45.8462],[-71.756,-45.8509],[-71.7279,-45.8565],[-71.7156,-45.8552],[-71.7081,-45.8615],[-71.6974,-45.8666],[-71.6924,-45.8649],[-71.6814,-45.874],[-71.6718,-45.8748],[-71.6533,-45.8914],[-71.65,-45.9041],[-71.6448,-45.9083],[-71.6465,-45.915],[-71.6411,-45.9248],[-71.6322,-45.9277],[-71.6237,-45.9348],[-71.6185,-45.949],[-71.6151,-45.9745],[-71.6187,-45.981],[-71.6263,-45.9832],[-71.6325,-45.9768],[-71.6473,-45.9856],[-71.6443,-45.9915],[-71.646,-45.9999],[-71.6303,-46],[-69.6562,-45.9999],[-69.6481,-45.9999],[-68.3631,-45.9999],[-67.5957,-45.9999],[-67.5927,-45.9881],[-67.5809,-45.9775],[-67.5728,-45.9767],[-67.5682,-45.9654],[-67.5602,-45.9608],[-67.5343,-45.9607],[-67.5325,-45.9574],[-67.548,-45.9541],[-67.5557,-45.9451],[-67.5575,-45.9386],[-67.5521,-45.9257],[-67.5432,-45.9149],[-67.536,-45.9127],[-67.5143,-45.8949],[-67.4991,-45.8748],[-67.494,-45.8746],[-67.4799,-45.8662],[-67.4738,-45.8602],[-67.4758,-45.8538],[-67.4683,-45.8469],[-67.4625,-45.8299],[-67.4547,-45.8195],[-67.4416,-45.8172],[-67.4265,-45.8107],[-67.4164,-45.8004],[-67.407,-45.7982],[-67.4023,-45.7898],[-67.3929,-45.7864],[-67.377,-45.7915],[-67.3686,-45.7873],[-67.3661,-45.7758],[-67.3738,-45.7689],[-67.3686,-45.7542],[-67.3775,-45.7467],[-67.3787,-45.7345],[-67.3752,-45.7296],[-67.3592,-45.7234],[-67.349,-45.7255],[-67.3423,-45.7229],[-67.3439,-45.7139],[-67.356,-45.7104],[-67.3614,-45.6992],[-67.3587,-45.6807],[-67.3615,-45.6681],[-67.36,-45.6504],[-67.3557,-45.638],[-67.3415,-45.6196],[-67.324,-45.6045],[-67.3044,-45.5911],[-67.2844,-45.5692],[-67.2604,-45.5502],[-67.2331,-45.5315],[-67.2219,-45.5274],[-67.2081,-45.5045],[-67.1904,-45.4834],[-67.1679,-45.461],[-67.1509,-45.437],[-67.1382,-45.4221],[-67.1232,-45.4083],[-67.1058,-45.3961],[-67.0907,-45.3773],[-67.0784,-45.3693],[-67.0727,-45.3626],[-67.0686,-45.3518],[-67.0603,-45.3429],[-67.0455,-45.3325],[-67.036,-45.3222],[-67.0161,-45.3074],[-66.9901,-45.2938],[-66.9655,-45.2738],[-66.9391,-45.2612],[-66.889,-45.2417],[-66.8536,-45.2321],[-66.8413,-45.23],[-66.8257,-45.2346],[-66.7986,-45.2281],[-66.7817,-45.2318],[-66.7684,-45.2261],[-66.7507,-45.2231],[-66.7188,-45.2224],[-66.7053,-45.2243],[-66.6676,-45.2122],[-66.6504,-45.2139],[-66.6372,-45.2132],[-66.6305,-45.2155],[-66.6112,-45.212],[-66.5898,-45.215],[-66.5795,-45.2116],[-66.5545,-45.2132],[-66.5523,-45.2201],[-66.5429,-45.2251],[-66.5354,-45.2206],[-66.5183,-45.2226],[-66.5196,-45.2136],[-66.5246,-45.205],[-66.5156,-45.2015],[-66.5273,-45.1927],[-66.528,-45.1866],[-66.5405,-45.1788],[-66.5529,-45.1773],[-66.5613,-45.1801],[-66.5694,-45.1767],[-66.5745,-45.1681],[-66.5882,-45.1751],[-66.5994,-45.1652],[-66.5906,-45.1581],[-66.6019,-45.1485],[-66.5997,-45.1394],[-66.592,-45.1378],[-66.5733,-45.1428],[-66.5555,-45.1416],[-66.5459,-45.1435],[-66.5408,-45.1517],[-66.5345,-45.15],[-66.5171,-45.1515],[-66.5093,-45.1545],[-66.5068,-45.1645],[-66.4729,-45.1644],[-66.4683,-45.1617],[-66.4687,-45.1524],[-66.4608,-45.1491],[-66.4657,-45.1438],[-66.4887,-45.1482],[-66.4977,-45.1449],[-66.5073,-45.1476],[-66.5159,-45.1465],[-66.5245,-45.1492],[-66.535,-45.138],[-66.5351,-45.1188],[-66.5307,-45.1102],[-66.5203,-45.0997],[-66.5124,-45.0952],[-66.494,-45.0977],[-66.4821,-45.0875],[-66.4653,-45.0767],[-66.4483,-45.0722],[-66.4418,-45.0743],[-66.4266,-45.0711],[-66.4156,-45.0629],[-66.4084,-45.0618],[-66.3985,-45.0531],[-66.3747,-45.0559],[-66.3746,-45.0515],[-66.3674,-45.0423],[-66.3592,-45.0397],[-66.3283,-45.0434],[-66.3076,-45.047],[-66.2939,-45.0459],[-66.2842,-45.0496],[-66.2744,-45.0489],[-66.2603,-45.0363],[-66.2464,-45.0209],[-66.2263,-45.0189],[-66.2329,-45.0141],[-66.2273,-45.0047],[-66.2087,-45.0025],[-66.21,-44.9959],[-66.1966,-44.9831],[-66.1874,-44.9828],[-66.1777,-44.9875],[-66.1484,-44.9912],[-66.1475,-44.9867],[-66.1242,-44.9878],[-66.1189,-44.9852],[-66.0927,-44.9894],[-66.086,-44.997],[-66.0725,-44.9898],[-66.0708,-44.9946],[-66.0602,-44.9946],[-66.0567,-45.0043],[-66.0424,-45.0004],[-66.0141,-45.0058],[-66.0052,-45.0055],[-65.9868,-45.0169],[-65.9581,-45.0438],[-65.9451,-45.0432],[-65.9318,-45.049],[-65.918,-45.0348],[-65.9112,-45.0318],[-65.8861,-45.0363],[-65.8869,-45.0306],[-65.8942,-45.0237],[-65.8907,-45.019],[-65.8956,-45.0132],[-65.8931,-45.0089],[-65.873,-45.0023],[-65.8691,-45.0046],[-65.8493,-45.0018],[-65.8306,-45.009],[-65.8247,-45.0138],[-65.8243,-45.027],[-65.8287,-45.0391],[-65.8202,-45.0405],[-65.8083,-45.0328],[-65.8148,-45.0261],[-65.8143,-45.0178],[-65.8075,-45.0151],[-65.7985,-45.0245],[-65.791,-45.027],[-65.778,-45.0265],[-65.7652,-45.0212],[-65.7566,-45.0243],[-65.7405,-45.024],[-65.7369,-45.0402],[-65.7227,-45.0417],[-65.7152,-45.0451],[-65.7029,-45.0445],[-65.697,-45.0583],[-65.6899,-45.062],[-65.6858,-45.0563],[-65.6975,-45.045],[-65.6839,-45.0382],[-65.6729,-45.0444],[-65.661,-45.0439],[-65.6528,-45.0396],[-65.6462,-45.0459],[-65.6376,-45.037],[-65.6283,-45.0385],[-65.6109,-45.0331],[-65.6038,-45.0255],[-65.6102,-45.0168],[-65.62,-45.0157],[-65.6255,-45.0102],[-65.6231,-45.0041],[-65.6152,-45.0001],[-65.6086,-45.0033],[-65.5888,-45.0075],[-65.5849,-44.9988],[-65.6052,-44.9844],[-65.6067,-44.9765],[-65.5987,-44.965],[-65.5911,-44.9639],[-65.5931,-44.9568],[-65.5755,-44.9616],[-65.5671,-44.9579],[-65.5508,-44.9403],[-65.5367,-44.9377],[-65.5257,-44.9242],[-65.5334,-44.9224],[-65.5437,-44.912],[-65.5538,-44.9119],[-65.5684,-44.9024],[-65.5729,-44.8956],[-65.5924,-44.8977],[-65.5926,-44.9037],[-65.5982,-44.9073],[-65.6091,-44.893],[-65.6176,-44.8874],[-65.6374,-44.8843],[-65.6514,-44.8908],[-65.6648,-44.8907],[-65.6707,-44.8819],[-65.6876,-44.8801],[-65.7038,-44.8756],[-65.7142,-44.8685],[-65.7245,-44.8565],[-65.7288,-44.8484],[-65.7247,-44.8335],[-65.7289,-44.8238],[-65.7284,-44.8101],[-65.7147,-44.8023],[-65.7026,-44.8013],[-65.7029,-44.7952],[-65.6977,-44.788],[-65.6976,-44.7765],[-65.6947,-44.771],[-65.6966,-44.7368],[-65.693,-44.725],[-65.6822,-44.7069],[-65.6709,-44.6979],[-65.6625,-44.6845],[-65.6448,-44.6701],[-65.6238,-44.6597],[-65.6116,-44.65],[-65.5981,-44.6432],[-65.5833,-44.6427],[-65.5728,-44.646],[-65.5674,-44.6374],[-65.5488,-44.6229],[-65.521,-44.6093],[-65.4916,-44.6028],[-65.4836,-44.6047],[-65.48,-44.5998],[-65.465,-44.5939],[-65.471,-44.5848],[-65.4616,-44.5758],[-65.4508,-44.5756],[-65.4352,-44.5697],[-65.4268,-44.5696],[-65.4232,-44.5744],[-65.4151,-44.5728],[-65.4052,-44.586],[-65.3925,-44.5858],[-65.3893,-44.5799],[-65.3763,-44.5752],[-65.3722,-44.5828],[-65.3616,-44.5795],[-65.3582,-44.5738],[-65.3804,-44.568],[-65.3941,-44.5588],[-65.3931,-44.5483],[-65.3882,-44.543],[-65.3696,-44.5421],[-65.3594,-44.5374],[-65.3614,-44.533],[-65.3723,-44.5334],[-65.3771,-44.5249],[-65.3752,-44.5159],[-65.3679,-44.5115],[-65.3595,-44.5117],[-65.3409,-44.506],[-65.3239,-44.5089],[-65.3179,-44.5166],[-65.3234,-44.5274],[-65.317,-44.5309],[-65.3111,-44.5198],[-65.3012,-44.5104],[-65.294,-44.5144],[-65.288,-44.5099],[-65.2906,-44.5036],[-65.2843,-44.4938],[-65.2955,-44.491],[-65.3163,-44.4938],[-65.3232,-44.4879],[-65.3109,-44.4726],[-65.3161,-44.4656],[-65.3258,-44.4665],[-65.3342,-44.4599],[-65.3274,-44.4487],[-65.3158,-44.4461],[-65.3076,-44.4404],[-65.3136,-44.4287],[-65.3044,-44.4237],[-65.2925,-44.43],[-65.2923,-44.422],[-65.2824,-44.4224],[-65.2853,-44.4099],[-65.2766,-44.4084],[-65.2685,-44.4026],[-65.2641,-44.3902],[-65.2442,-44.3854],[-65.2361,-44.3858],[-65.2332,-44.3739],[-65.2216,-44.364],[-65.2217,-44.356],[-65.226,-44.3471],[-65.2239,-44.3379],[-65.2274,-44.3341],[-65.2426,-44.338],[-65.2548,-44.3324],[-65.2616,-44.3172],[-65.253,-44.3089],[-65.2634,-44.3068],[-65.2708,-44.2988],[-65.2748,-44.2837],[-65.2702,-44.2717],[-65.2796,-44.2695],[-65.2934,-44.2584],[-65.3026,-44.2445],[-65.3096,-44.227],[-65.3117,-44.2169],[-65.3111,-44.1985],[-65.3066,-44.181],[-65.2942,-44.1613],[-65.2764,-44.1469],[-65.2639,-44.1437],[-65.2508,-44.147],[-65.2333,-44.1452],[-65.2215,-44.1348],[-65.2178,-44.1245],[-65.2324,-44.1189],[-65.2367,-44.1087],[-65.2341,-44.0967],[-65.2416,-44.0883],[-65.2418,-44.0803],[-65.2359,-44.0685],[-65.2186,-44.0588],[-65.2171,-44.0442],[-65.2248,-44.0453],[-65.2346,-44.0406],[-65.2516,-44.0276],[-65.2532,-44.0131],[-65.2465,-44.0084],[-65.2576,-43.9956],[-65.252,-43.9819],[-65.2305,-43.9766],[-65.2344,-43.9705],[-65.2486,-43.9688],[-65.2526,-43.9716],[-65.263,-43.9682],[-65.2695,-43.9698],[-65.2831,-43.9621],[-65.2911,-43.9425],[-65.3004,-43.9294],[-65.3013,-43.9142],[-65.3063,-43.906],[-65.3108,-43.8884],[-65.3158,-43.8768],[-65.3166,-43.8622],[-65.326,-43.8528],[-65.3286,-43.8457],[-65.3265,-43.8343],[-65.3212,-43.8199],[-65.3224,-43.8068],[-65.3177,-43.8052],[-65.3112,-43.7956],[-65.322,-43.7826],[-65.35,-43.7753],[-65.3533,-43.7697],[-65.3552,-43.7533],[-65.3538,-43.7354],[-65.3503,-43.7312],[-65.3512,-43.7196],[-65.3439,-43.7022],[-65.3416,-43.6778],[-65.3329,-43.6575],[-65.3151,-43.6396],[-65.3163,-43.6352],[-65.2897,-43.6073],[-65.2871,-43.5994],[-65.2766,-43.59],[-65.2698,-43.5886],[-65.2609,-43.5776],[-65.2507,-43.5685],[-65.2311,-43.5569],[-65.2241,-43.5564],[-65.205,-43.5434],[-65.194,-43.5399],[-65.1917,-43.529],[-65.1835,-43.5237],[-65.1757,-43.5123],[-65.174,-43.5054],[-65.1386,-43.4669],[-65.1147,-43.4471],[-65.0908,-43.4308],[-65.0892,-43.4276],[-65.0526,-43.4026],[-65.0435,-43.3811],[-65.0475,-43.3627],[-65.0554,-43.353],[-65.0561,-43.3451],[-65.0503,-43.3283],[-65.0416,-43.3158],[-65.027,-43.3021],[-65.0017,-43.2751],[-64.9763,-43.255],[-64.8892,-43.2073],[-64.8496,-43.1889],[-64.7961,-43.1657],[-64.7576,-43.1506],[-64.7425,-43.1462],[-64.6826,-43.1257],[-64.6358,-43.1134],[-64.588,-43.1022],[-64.5615,-43.0944],[-64.5522,-43.0931],[-64.5085,-43.078],[-64.4824,-43.0699],[-64.4714,-43.0688],[-64.459,-43.0645],[-64.4226,-43.0392],[-64.4053,-43.0303],[-64.391,-43.0261],[-64.3861,-43.0212],[-64.37,-43.0149],[-64.3329,-43.0036],[-64.3251,-42.998],[-64.3219,-42.9887],[-64.3131,-42.9857],[-64.3077,-42.9786],[-64.3086,-42.9708],[-64.3195,-42.96],[-64.3222,-42.9496],[-64.3303,-42.9359],[-64.3682,-42.9531],[-64.3968,-42.9596],[-64.4233,-42.9549],[-64.4333,-42.9506],[-64.4431,-42.9499],[-64.4848,-42.9499],[-64.494,-42.9483],[-64.5094,-42.934],[-64.5241,-42.9247],[-64.5437,-42.9199],[-64.5549,-42.924],[-64.5826,-42.9245],[-64.619,-42.9215],[-64.6485,-42.9146],[-64.6673,-42.9085],[-64.6698,-42.9054],[-64.6963,-42.8982],[-64.7031,-42.8858],[-64.7307,-42.8733],[-64.7776,-42.8578],[-64.7884,-42.8518],[-64.7987,-42.8489],[-64.8175,-42.839],[-64.8475,-42.8391],[-64.8653,-42.8336],[-64.8746,-42.8356],[-64.8827,-42.8318],[-64.8832,-42.8262],[-64.891,-42.816],[-64.9022,-42.8109],[-64.9108,-42.8126],[-64.9228,-42.8083],[-64.9375,-42.8001],[-64.9571,-42.7854],[-64.965,-42.7934],[-64.9816,-42.7897],[-64.9993,-42.7798],[-65.0075,-42.7845],[-65.0161,-42.7813],[-65.0263,-42.7736],[-65.0354,-42.7612],[-65.0367,-42.7532],[-65.0361,-42.7306],[-65.0331,-42.725],[-65.0169,-42.7103],[-64.9959,-42.6971],[-64.9954,-42.691],[-64.9878,-42.6701],[-64.9907,-42.6673],[-64.985,-42.6536],[-64.9788,-42.6483],[-64.9689,-42.6456],[-64.9604,-42.637],[-64.9331,-42.6206],[-64.9232,-42.6168],[-64.9037,-42.6143],[-64.8795,-42.6134],[-64.8639,-42.6188],[-64.8507,-42.6172],[-64.8404,-42.6112],[-64.8339,-42.6106],[-64.8269,-42.6015],[-64.8116,-42.5954],[-64.809,-42.5909],[-64.7918,-42.5805],[-64.7812,-42.5668],[-64.7624,-42.5525],[-64.7455,-42.5429],[-64.723,-42.5349],[-64.6907,-42.5151],[-64.672,-42.5079],[-64.6448,-42.5035],[-64.6313,-42.4968],[-64.598,-42.4962],[-64.5778,-42.4909],[-64.5633,-42.4915],[-64.5148,-42.5019],[-64.5083,-42.4995],[-64.4894,-42.5002],[-64.4646,-42.5039],[-64.4417,-42.5095],[-64.4348,-42.5097],[-64.401,-42.5172],[-64.3603,-42.5342],[-64.3477,-42.5306],[-64.3299,-42.5379],[-64.3105,-42.5558],[-64.3085,-42.5628],[-64.3131,-42.5669],[-64.309,-42.572],[-64.309,-42.5859],[-64.2825,-42.5733],[-64.2654,-42.5831],[-64.2568,-42.5965],[-64.2646,-42.6038],[-64.2734,-42.6177],[-64.2585,-42.6186],[-64.2446,-42.6137],[-64.2269,-42.6146],[-64.2138,-42.6219],[-64.2121,-42.6324],[-64.2202,-42.6406],[-64.2229,-42.6486],[-64.2315,-42.661],[-64.238,-42.6643],[-64.2411,-42.6743],[-64.2486,-42.6819],[-64.2452,-42.6981],[-64.2462,-42.7159],[-64.2535,-42.7316],[-64.2591,-42.7398],[-64.26,-42.747],[-64.2526,-42.7674],[-64.242,-42.7832],[-64.2277,-42.7967],[-64.2113,-42.8089],[-64.2034,-42.8197],[-64.1952,-42.8263],[-64.1924,-42.8333],[-64.1772,-42.8465],[-64.1582,-42.8574],[-64.155,-42.8647],[-64.1452,-42.8738],[-64.1289,-42.8773],[-64.107,-42.8785],[-64.0935,-42.8743],[-64.0847,-42.8737],[-64.0648,-42.868],[-64.0404,-42.864],[-64.024,-42.8631],[-64.0109,-42.8605],[-63.998,-42.8547],[-63.9806,-42.8502],[-63.9384,-42.8421],[-63.9187,-42.8437],[-63.9063,-42.8371],[-63.8797,-42.8346],[-63.8544,-42.8283],[-63.8444,-42.8285],[-63.8327,-42.8237],[-63.826,-42.8246],[-63.7905,-42.8141],[-63.7506,-42.8097],[-63.7329,-42.8128],[-63.7187,-42.8043],[-63.7097,-42.8038],[-63.7005,-42.7964],[-63.6883,-42.793],[-63.6657,-42.7828],[-63.6613,-42.7773],[-63.6549,-42.7786],[-63.646,-42.77],[-63.6367,-42.7691],[-63.6325,-42.7652],[-63.6306,-42.7545],[-63.6344,-42.7506],[-63.6339,-42.7382],[-63.6369,-42.7366],[-63.6379,-42.7237],[-63.6412,-42.715],[-63.6398,-42.6998],[-63.6232,-42.6768],[-63.6182,-42.6646],[-63.617,-42.6547],[-63.6085,-42.6413],[-63.6063,-42.6313],[-63.6006,-42.6245],[-63.5857,-42.615],[-63.5832,-42.6063],[-63.5873,-42.5995],[-63.5848,-42.5942],[-63.5892,-42.5844],[-63.59,-42.5707],[-63.5981,-42.562],[-63.6041,-42.5472],[-63.6035,-42.5199],[-63.5995,-42.5139],[-63.599,-42.5059],[-63.6038,-42.501],[-63.6061,-42.4634],[-63.6083,-42.4426],[-63.6085,-42.41],[-63.6051,-42.3783],[-63.5996,-42.3581],[-63.5984,-42.334],[-63.603,-42.3154],[-63.6086,-42.3023],[-63.62,-42.2839],[-63.6377,-42.2615],[-63.6639,-42.2337],[-63.6769,-42.2187],[-63.6974,-42.1866],[-63.7046,-42.1663],[-63.7161,-42.1509],[-63.7295,-42.1172],[-63.7391,-42.0978],[-63.7578,-42.0771],[-63.7703,-42.0738],[-63.7824,-42.0743],[-63.7976,-42.0721],[-63.8154,-42.0734],[-63.8384,-42.078],[-63.8474,-42.0782],[-63.8895,-42.0877],[-63.9313,-42.1041],[-63.9378,-42.1046],[-63.9416,-42.1132],[-63.955,-42.1159],[-63.9638,-42.1145],[-63.9697,-42.1221],[-63.9767,-42.1251],[-63.9818,-42.1336],[-63.9909,-42.1392],[-64.0052,-42.1421],[-64.0209,-42.1483],[-64.0343,-42.156],[-64.0414,-42.1645],[-64.0558,-42.1662],[-64.0644,-42.1737],[-64.0751,-42.1783],[-64.0872,-42.1797],[-64.1058,-42.1842],[-64.118,-42.1893],[-64.1436,-42.1966],[-64.1597,-42.199],[-64.2354,-42.2125],[-64.2933,-42.2209],[-64.3696,-42.2353],[-64.3576,-42.2445],[-64.3405,-42.2457],[-64.3299,-42.2499],[-64.313,-42.2521],[-64.3078,-42.2487],[-64.2989,-42.2492],[-64.2926,-42.245],[-64.2747,-42.2466],[-64.2708,-42.2392],[-64.2421,-42.2347],[-64.2296,-42.2412],[-64.2152,-42.2437],[-64.2074,-42.242],[-64.1923,-42.2447],[-64.1861,-42.2483],[-64.1789,-42.2456],[-64.1626,-42.2433],[-64.1516,-42.2397],[-64.1402,-42.2433],[-64.1286,-42.2407],[-64.1079,-42.2511],[-64.0996,-42.2506],[-64.089,-42.2538],[-64.0797,-42.2612],[-64.0723,-42.2635],[-64.0641,-42.2735],[-64.059,-42.2753],[-64.0495,-42.2918],[-64.0444,-42.3129],[-64.0488,-42.3224],[-64.061,-42.3301],[-64.0566,-42.339],[-64.0426,-42.3465],[-64.0519,-42.3744],[-64.0568,-42.3827],[-64.0679,-42.3852],[-64.0862,-42.3989],[-64.0991,-42.4039],[-64.116,-42.4246],[-64.1259,-42.4297],[-64.1404,-42.4281],[-64.1508,-42.4227],[-64.1687,-42.4214],[-64.1795,-42.4177],[-64.1958,-42.4182],[-64.2153,-42.4221],[-64.2218,-42.4181],[-64.2392,-42.4182],[-64.2468,-42.4151],[-64.2578,-42.4164],[-64.266,-42.4144],[-64.2894,-42.4151],[-64.2937,-42.4136],[-64.3004,-42.404],[-64.3061,-42.4054],[-64.3174,-42.413],[-64.3282,-42.4123],[-64.3336,-42.4196],[-64.3575,-42.4267],[-64.3686,-42.423],[-64.3845,-42.4292],[-64.3926,-42.4287],[-64.4168,-42.4328],[-64.4282,-42.4395],[-64.4435,-42.4397],[-64.4522,-42.4356],[-64.4678,-42.4388],[-64.4773,-42.4383],[-64.4851,-42.4313],[-64.4819,-42.42],[-64.4913,-42.4202],[-64.4914,-42.4281],[-64.5031,-42.4303],[-64.5161,-42.4279],[-64.5281,-42.4281],[-64.5379,-42.425],[-64.5471,-42.4267],[-64.5562,-42.432],[-64.5667,-42.4302],[-64.5789,-42.422],[-64.5853,-42.427],[-64.6015,-42.4243],[-64.6101,-42.4264],[-64.6179,-42.4197],[-64.62,-42.4041],[-64.6177,-42.3947],[-64.5954,-42.3848],[-64.5924,-42.3789],[-64.5934,-42.3691],[-64.5779,-42.3575],[-64.5709,-42.3483],[-64.5667,-42.3377],[-64.5688,-42.3269],[-64.5661,-42.319],[-64.5586,-42.3075],[-64.5431,-42.2931],[-64.5258,-42.2865],[-64.5213,-42.2808],[-64.5086,-42.277],[-64.5069,-42.2711],[-64.4907,-42.2613],[-64.4804,-42.2495],[-64.4654,-42.2408],[-64.4736,-42.2369],[-64.488,-42.2377],[-64.5132,-42.2361],[-64.539,-42.2363],[-64.5731,-42.233],[-64.6142,-42.2308],[-64.6488,-42.2255],[-64.6635,-42.2241],[-64.6968,-42.2162],[-64.7198,-42.2163],[-64.7511,-42.2121],[-64.7721,-42.2063],[-64.7997,-42.1965],[-64.8116,-42.1992],[-64.8304,-42.1968],[-64.857,-42.1888],[-64.8853,-42.1787],[-64.9053,-42.1696],[-64.9392,-42.1503],[-64.96,-42.1376],[-64.9823,-42.1214],[-65.014,-42.0934],[-65.0322,-42.0737],[-65.0426,-42.0603],[-65.0606,-42.0317],[-65.0685,-42.0148],[-65.0693,-42]]],[[[-65.993,-45.0911],[-66.004,-45.0868],[-66.0095,-45.0796],[-66.0198,-45.0864],[-66.0157,-45.0973],[-66.0066,-45.1047],[-65.9943,-45.1055],[-65.9888,-45.1094],[-65.9853,-45.0954],[-65.993,-45.0911]]],[[[-65.5976,-45.0434],[-65.6141,-45.0423],[-65.624,-45.0461],[-65.6082,-45.0601],[-65.5866,-45.0523],[-65.5851,-45.0464],[-65.5976,-45.0434]]],[[[-65.9508,-45.1088],[-65.9576,-45.1168],[-65.9454,-45.1188],[-65.9448,-45.1081],[-65.9508,-45.1088]]],[[[-65.7104,-45.0528],[-65.7177,-45.0484],[-65.723,-45.0539],[-65.7125,-45.0581],[-65.7104,-45.0528]]]]},"properties":{"nombre":"Chubut","slug":"chubut"}},
{"type":"Feature","geometry":{"type":"MultiPolygon","coordinates":[[[[-63.3833,-39.3285],[-63.4005,-39.3291],[-63.4192,-39.3264],[-63.4318,-39.3305],[-63.451,-39.3207],[-63.46,-39.3283],[-63.4752,-39.3179],[-63.4856,-39.3083],[-63.493,-39.3084],[-63.5052,-39.3142],[-63.514,-39.3078],[-63.5389,-39.2982],[-63.5413,-39.2931],[-63.5381,-39.2823],[-63.5405,-39.2766],[-63.558,-39.2614],[-63.5633,-39.2671],[-63.5691,-39.257],[-63.581,-39.2589],[-63.5891,-39.2549],[-63.5914,-39.2472],[-63.6083,-39.2527],[-63.6172,-39.2498],[-63.6156,-39.2404],[-63.6289,-39.2489],[-63.6365,-39.2436],[-63.6334,-39.2274],[-63.6419,-39.2296],[-63.6544,-39.2288],[-63.6764,-39.2188],[-63.669,-39.2078],[-63.6717,-39.2036],[-63.6909,-39.2064],[-63.7112,-39.1982],[-63.7183,-39.194],[-63.7238,-39.1869],[-63.733,-39.1859],[-63.7498,-39.1599],[-63.7619,-39.1564],[-63.7612,-39.1384],[-63.7561,-39.1353],[-63.7571,-39.1292],[-63.769,-39.1301],[-63.7803,-39.1254],[-63.7882,-39.1092],[-63.7972,-39.1133],[-63.7915,-39.1189],[-63.7984,-39.1243],[-63.8089,-39.124],[-63.8194,-39.1265],[-63.8326,-39.1364],[-63.8369,-39.1329],[-63.8316,-39.1228],[-63.8431,-39.1085],[-63.8518,-39.1111],[-63.8591,-39.1097],[-63.8639,-39.1012],[-63.8703,-39.096],[-63.8744,-39.1077],[-63.8827,-39.1041],[-63.8979,-39.107],[-63.9071,-39.0912],[-63.9162,-39.0863],[-63.9291,-39.0942],[-63.9359,-39.0881],[-63.9268,-39.0767],[-63.9335,-39.0616],[-63.9386,-39.058],[-63.9571,-39.0542],[-63.959,-39.0452],[-63.9818,-39.0378],[-63.9986,-39.0356],[-64.0024,-39.025],[-63.9903,-39.0153],[-63.995,-39.0106],[-64.0103,-39.0175],[-64.0236,-39.0175],[-64.0206,-39.0102],[-64.0114,-39.0095],[-64.0113,-39.0021],[-64.0219,-38.9996],[-64.0321,-39.0023],[-64.0495,-38.9996],[-64.0625,-39.01],[-64.0663,-39.0017],[-64.064,-38.9917],[-64.0834,-38.9898],[-64.0908,-38.9874],[-64.1031,-38.978],[-64.1136,-38.9751],[-64.1272,-38.9685],[-64.1369,-38.9683],[-64.1432,-38.9624],[-64.1526,-38.9632],[-64.1933,-38.9439],[-64.2035,-38.9419],[-64.2096,-38.9337],[-64.2272,-38.927],[-64.2301,-38.9241],[-64.2441,-38.9238],[-64.2615,-38.9151],[-64.276,-38.9153],[-64.2905,-38.9075],[-64.2956,-38.8975],[-64.3208,-38.9069],[-64.3311,-38.9046],[-64.3365,-38.8963],[-64.3435,-38.8937],[-64.346,-38.8849],[-64.3579,-38.8911],[-64.3652,-38.8827],[-64.3708,-38.8907],[-64.3763,-38.8921],[-64.3835,-38.8859],[-64.3943,-38.8877],[-64.3946,-38.8741],[-64.3996,-38.873],[-64.4087,-38.8827],[-64.4207,-38.8718],[-64.427,-38.8781],[-64.4472,-38.8678],[-64.4621,-38.8683],[-64.4764,-38.86],[-64.4821,-38.865],[-64.5152,-38.8684],[-64.5242,-38.8604],[-64.5376,-38.8584],[-64.5424,-38.8652],[-64.5496,-38.8589],[-64.5572,-38.8616],[-64.5659,-38.8603],[-64.5725,-38.8553],[-64.5916,-38.8593],[-64.5998,-38.8578],[-64.6048,-38.8474],[-64.6256,-38.853],[-64.634,-38.8448],[-64.6441,-38.8464],[-64.6513,-38.8383],[-64.6724,-38.8336],[-64.6912,-38.8434],[-64.7007,-38.8376],[-64.7182,-38.8414],[-64.738,-38.8407],[-64.7438,-38.8375],[-64.766,-38.8304],[-64.7779,-38.8291],[-64.7894,-38.823],[-64.8001,-38.8211],[-64.8095,-38.8161],[-64.8282,-38.8253],[-64.8472,-38.8266],[-64.8557,-38.8247],[-64.8771,-38.8145],[-64.8821,-38.8163],[-64.8895,-38.8254],[-64.906,-38.8274],[-64.9131,-38.8329],[-64.9264,-38.8329],[-64.9386,-38.8299],[-64.9572,-38.8231],[-64.9795,-38.8208],[-64.9902,-38.8182],[-65.0018,-38.8195],[-65.0209,-38.8143],[-65.031,-38.8178],[-65.05,-38.812],[-65.0615,-38.8099],[-65.0683,-38.8115],[-65.0902,-38.8082],[-65.099,-38.8002],[-65.1134,-38.7997],[-65.118,-38.806],[-65.1299,-38.8059],[-65.1311,-38.8116],[-65.14,-38.8184],[-65.1555,-38.8114],[-65.1573,-38.8052],[-65.1689,-38.8022],[-65.1744,-38.8081],[-65.194,-38.8118],[-65.1897,-38.8176],[-65.1862,-38.8293],[-65.1918,-38.8364],[-65.1972,-38.8324],[-65.2082,-38.8315],[-65.2132,-38.8372],[-65.2201,-38.8341],[-65.2314,-38.8339],[-65.2418,-38.831],[-65.2571,-38.8314],[-65.2675,-38.8221],[-65.2805,-38.8214],[-65.2847,-38.8252],[-65.3102,-38.8307],[-65.3334,-38.8402],[-65.3385,-38.846],[-65.3591,-38.8484],[-65.3683,-38.8549],[-65.3771,-38.8556],[-65.3855,-38.8457],[-65.3895,-38.8318],[-65.4012,-38.828],[-65.4074,-38.8294],[-65.4173,-38.8221],[-65.429,-38.8207],[-65.4338,-38.8161],[-65.4553,-38.8159],[-65.4615,-38.807],[-65.4764,-38.8068],[-65.5025,-38.7981],[-65.5111,-38.7882],[-65.5265,-38.7785],[-65.5325,-38.7815],[-65.5445,-38.7802],[-65.5561,-38.7831],[-65.5634,-38.7819],[-65.5717,-38.7843],[-65.574,-38.7777],[-65.5849,-38.7745],[-65.6033,-38.7771],[-65.6099,-38.7854],[-65.623,-38.7863],[-65.6097,-38.7954],[-65.6152,-38.8083],[-65.6195,-38.8088],[-65.6298,-38.802],[-65.6333,-38.8046],[-65.628,-38.812],[-65.631,-38.8183],[-65.6395,-38.8108],[-65.6488,-38.8102],[-65.6505,-38.8146],[-65.6479,-38.824],[-65.6525,-38.8274],[-65.6671,-38.8267],[-65.6753,-38.8317],[-65.6846,-38.8315],[-65.6911,-38.8348],[-65.6974,-38.8304],[-65.6984,-38.8197],[-65.7066,-38.8169],[-65.7126,-38.825],[-65.7167,-38.819],[-65.7419,-38.8163],[-65.7486,-38.8104],[-65.7542,-38.8158],[-65.7666,-38.8123],[-65.7782,-38.8116],[-65.7833,-38.8087],[-65.7905,-38.7954],[-65.802,-38.8059],[-65.81,-38.8011],[-65.8047,-38.7939],[-65.8146,-38.7914],[-65.8199,-38.7979],[-65.8293,-38.7952],[-65.8312,-38.7888],[-65.8411,-38.7866],[-65.8546,-38.7966],[-65.8695,-38.7891],[-65.8755,-38.7923],[-65.8831,-38.7879],[-65.8749,-38.7824],[-65.8771,-38.7779],[-65.8899,-38.7765],[-65.9057,-38.7837],[-65.9133,-38.7799],[-65.9104,-38.774],[-65.9116,-38.7661],[-65.9233,-38.7655],[-65.9418,-38.7694],[-65.9493,-38.7645],[-65.95,-38.7589],[-65.9461,-38.7493],[-65.9557,-38.7466],[-65.9678,-38.7467],[-65.9819,-38.7443],[-65.9927,-38.7474],[-66.02,-38.7429],[-66.0216,-38.749],[-66.0339,-38.7509],[-66.0524,-38.7432],[-66.0575,-38.7497],[-66.0647,-38.7511],[-66.077,-38.7425],[-66.0764,-38.7343],[-66.0815,-38.727],[-66.0918,-38.7304],[-66.1041,-38.7274],[-66.1093,-38.7349],[-66.1201,-38.7353],[-66.1247,-38.7329],[-66.1331,-38.7393],[-66.1454,-38.735],[-66.155,-38.7289],[-66.1629,-38.7372],[-66.1749,-38.7402],[-66.1802,-38.7313],[-66.1982,-38.7372],[-66.2026,-38.7324],[-66.2114,-38.7334],[-66.218,-38.741],[-66.2268,-38.7367],[-66.2425,-38.7351],[-66.2605,-38.7448],[-66.2741,-38.7447],[-66.2883,-38.7557],[-66.2927,-38.7541],[-66.2901,-38.7459],[-66.2964,-38.7435],[-66.3134,-38.7445],[-66.3124,-38.7607],[-66.3195,-38.7582],[-66.3185,-38.7514],[-66.3255,-38.7482],[-66.3323,-38.7541],[-66.3462,-38.7565],[-66.3558,-38.7455],[-66.3744,-38.7451],[-66.3891,-38.7384],[-66.4044,-38.7441],[-66.4059,-38.7316],[-66.4119,-38.733],[-66.4165,-38.7437],[-66.4418,-38.7456],[-66.4471,-38.7436],[-66.4477,-38.7364],[-66.4616,-38.7356],[-66.4654,-38.7316],[-66.4743,-38.7309],[-66.4795,-38.727],[-66.4861,-38.7303],[-66.4967,-38.7185],[-66.5069,-38.7187],[-66.5232,-38.7153],[-66.5386,-38.7209],[-66.5433,-38.7162],[-66.5458,-38.7073],[-66.5582,-38.6964],[-66.5752,-38.7014],[-66.5833,-38.6969],[-66.5866,-38.6906],[-66.5948,-38.6842],[-66.6064,-38.6797],[-66.6073,-38.6759],[-66.5954,-38.6747],[-66.5941,-38.6649],[-66.5987,-38.6559],[-66.5966,-38.6477],[-66.5838,-38.6356],[-66.5782,-38.6228],[-66.5891,-38.6165],[-66.5933,-38.6064],[-66.6005,-38.5971],[-66.5953,-38.5897],[-66.6058,-38.5808],[-66.6035,-38.5739],[-66.6107,-38.5575],[-66.6338,-38.5568],[-66.6347,-38.543],[-66.6509,-38.5348],[-66.6632,-38.5382],[-66.6927,-38.529],[-66.7044,-38.5291],[-66.7122,-38.5318],[-66.7126,-38.523],[-66.7163,-38.5199],[-66.7439,-38.518],[-66.7532,-38.5071],[-66.7631,-38.5051],[-66.7892,-38.4796],[-66.812,-38.4848],[-66.8343,-38.4765],[-66.8544,-38.4756],[-66.8716,-38.4634],[-66.8931,-38.4603],[-66.897,-38.4437],[-66.9191,-38.4488],[-66.951,-38.4526],[-66.9629,-38.4448],[-66.9723,-38.4427],[-66.9827,-38.4482],[-66.9958,-38.4457],[-67.0031,-38.436],[-67.007,-38.4243],[-67.0322,-38.4148],[-67.0461,-38.4141],[-67.057,-38.4116],[-67.0698,-38.4021],[-67.0818,-38.3991],[-67.0918,-38.3996],[-67.1043,-38.3773],[-67.112,-38.3731],[-67.1173,-38.3653],[-67.1186,-38.3568],[-67.1329,-38.3537],[-67.1392,-38.3609],[-67.1545,-38.3555],[-67.1562,-38.3493],[-67.1496,-38.3408],[-67.1479,-38.3316],[-67.1582,-38.3061],[-67.1531,-38.2913],[-67.1626,-38.2826],[-67.1724,-38.2792],[-67.1712,-38.2717],[-67.1736,-38.2602],[-67.1784,-38.2615],[-67.192,-38.2579],[-67.1966,-38.2538],[-67.1928,-38.234],[-67.1856,-38.2266],[-67.1861,-38.2165],[-67.1991,-38.2123],[-67.2183,-38.2131],[-67.2611,-38.2171],[-67.2812,-38.225],[-67.3059,-38.2422],[-67.3171,-38.2476],[-67.3442,-38.2518],[-67.3641,-38.2538],[-67.4303,-38.2529],[-67.4667,-38.2548],[-67.4881,-38.2549],[-67.501,-38.2569],[-67.5287,-38.2577],[-67.5479,-38.2563],[-67.5802,-38.2445],[-67.5932,-38.2406],[-67.6021,-38.2345],[-67.6565,-38.2018],[-67.6654,-38.1879],[-67.6684,-38.1795],[-67.6818,-38.1648],[-67.68,-38.1581],[-67.6856,-38.1381],[-67.6974,-38.1268],[-67.7075,-38.1234],[-67.7155,-38.1305],[-67.7203,-38.1225],[-67.7301,-38.1148],[-67.7268,-38.1057],[-67.7341,-38.0987],[-67.7258,-38.0931],[-67.7305,-38.0836],[-67.7299,-38.0774],[-67.7476,-38.074],[-67.7452,-38.0642],[-67.7507,-38.0561],[-67.758,-38.0568],[-67.7563,-38.0646],[-67.7652,-38.0641],[-67.7736,-38.0567],[-67.7845,-38.0581],[-67.7958,-38.0666],[-67.8051,-38.0648],[-67.8134,-38.067],[-67.8184,-38.0617],[-67.8282,-38.0632],[-67.8377,-38.0557],[-67.8434,-38.0607],[-67.8527,-38.0514],[-67.8594,-38.0539],[-67.8681,-38.0363],[-67.876,-38.0339],[-67.8831,-38.0188],[-67.8954,-38.016],[-67.8893,-37.9995],[-67.8994,-37.998],[-67.9033,-37.9821],[-67.8987,-37.9747],[-67.8921,-37.972],[-67.8802,-37.9535],[-67.8706,-37.9506],[-67.8731,-37.9431],[-67.8692,-37.9393],[-67.8464,-37.9272],[-67.8462,-37.9177],[-67.8218,-37.9086],[-67.818,-37.9029],[-67.8089,-37.9042],[-67.8065,-37.8991],[-67.7988,-37.9004],[-67.7805,-37.8874],[-67.7668,-37.8851],[-67.753,-37.8719],[-67.7522,-37.8678],[-67.7365,-37.858],[-67.7305,-37.8519],[-67.7312,-37.8419],[-67.727,-37.8247],[-67.7279,-37.819],[-67.7217,-37.8134],[-67.7208,-37.808],[-67.7245,-37.7994],[-67.7238,-37.7935],[-67.7296,-37.7887],[-67.7374,-37.7918],[-67.7419,-37.7849],[-67.7359,-37.7806],[-67.7416,-37.7714],[-67.7403,-37.7654],[-67.7479,-37.7588],[-67.7604,-37.7434],[-67.7611,-37.7353],[-67.7661,-37.722],[-67.7618,-37.7082],[-67.7679,-37.6939],[-67.7737,-37.6877],[-67.7704,-37.6809],[-67.7708,-37.6692],[-67.7824,-37.6597],[-67.7856,-37.6523],[-67.7939,-37.6489],[-67.8093,-37.6467],[-67.8178,-37.6418],[-67.8204,-37.6365],[-67.8299,-37.6292],[-67.8383,-37.6301],[-67.8415,-37.6209],[-67.8639,-37.6166],[-67.8706,-37.6129],[-67.8755,-37.6189],[-67.9065,-37.615],[-67.9135,-37.6185],[-67.9239,-37.6172],[-67.9279,-37.6119],[-67.9381,-37.605],[-67.9481,-37.603],[-67.9622,-37.6065],[-67.9674,-37.6033],[-67.9784,-37.6081],[-67.9939,-37.6035],[-68.0003,-37.605],[-68.027,-37.5974],[-68.0382,-37.6011],[-68.0673,-37.5976],[-68.0816,-37.5898],[-68.0996,-37.5917],[-68.1068,-37.5962],[-68.1207,-37.5905],[-68.1303,-37.5911],[-68.1345,-37.5867],[-68.1428,-37.5869],[-68.1514,-37.5805],[-68.1652,-37.5811],[-68.1724,-37.585],[-68.1802,-37.5839],[-68.2018,-37.5889],[-68.2081,-37.5858],[-68.2167,-37.5881],[-68.2397,-37.5843],[-68.2404,-37.5798],[-68.2543,-37.5719],[-68.2547,-37.6618],[-68.2538,-37.7046],[-68.2558,-38.171],[-68.256,-38.3233],[-68.2562,-38.5094],[-68.256,-38.6563],[-68.2563,-38.6795],[-68.2499,-38.6823],[-68.2422,-38.6969],[-68.2306,-38.7011],[-68.2168,-38.7094],[-68.2061,-38.7077],[-68.1957,-38.7114],[-68.1914,-38.7219],[-68.1838,-38.719],[-68.1797,-38.724],[-68.1681,-38.7297],[-68.1632,-38.7378],[-68.1526,-38.7403],[-68.1464,-38.7453],[-68.1373,-38.7447],[-68.1341,-38.7493],[-68.1212,-38.7467],[-68.1202,-38.7576],[-68.1261,-38.7675],[-68.1191,-38.7751],[-68.1196,-38.7799],[-68.1138,-38.7852],[-68.1182,-38.7934],[-68.1058,-38.8045],[-68.1105,-38.8101],[-68.093,-38.8193],[-68.0954,-38.8305],[-68.0882,-38.8433],[-68.0813,-38.8497],[-68.0935,-38.8569],[-68.0843,-38.8608],[-68.0821,-38.8702],[-68.0736,-38.87],[-68.0745,-38.8841],[-68.0647,-38.8966],[-68.0692,-38.9016],[-68.0647,-38.9098],[-68.0577,-38.9084],[-68.0508,-38.9117],[-68.0489,-38.9217],[-68.0423,-38.9259],[-68.0392,-38.9421],[-68.0233,-38.9481],[-68.0147,-38.9568],[-68.0068,-38.961],[-68.0088,-38.9679],[-68.0008,-38.9719],[-68.0034,-38.9772],[-68.0159,-38.9798],[-68.024,-38.9764],[-68.0347,-38.9795],[-68.0469,-38.9779],[-68.058,-38.9811],[-68.0575,-38.9916],[-68.0783,-38.9951],[-68.0931,-38.9924],[-68.1044,-38.9847],[-68.1181,-38.9805],[-68.1324,-38.984],[-68.145,-38.9762],[-68.1532,-38.9759],[-68.1621,-38.9803],[-68.1708,-38.9765],[-68.1735,-38.9687],[-68.1838,-38.9708],[-68.1923,-38.9695],[-68.2074,-38.9712],[-68.2211,-38.9799],[-68.2252,-38.9888],[-68.2325,-38.9909],[-68.2425,-38.9861],[-68.2528,-38.9894],[-68.2587,-38.9837],[-68.2791,-38.986],[-68.2924,-38.982],[-68.296,-38.9773],[-68.3045,-38.9776],[-68.3039,-38.9872],[-68.3449,-39.0023],[-68.355,-39.0019],[-68.3618,-39.0097],[-68.3842,-39.0163],[-68.392,-39.0245],[-68.3996,-39.0266],[-68.4123,-39.0344],[-68.4208,-39.0291],[-68.4279,-39.0289],[-68.45,-39.042],[-68.4693,-39.0458],[-68.4749,-39.0533],[-68.4974,-39.0684],[-68.5078,-39.0713],[-68.5158,-39.0664],[-68.5184,-39.0752],[-68.5303,-39.0784],[-68.5411,-39.0785],[-68.5536,-39.0748],[-68.5639,-39.0784],[-68.5665,-39.0836],[-68.5796,-39.099],[-68.5829,-39.1071],[-68.5947,-39.1202],[-68.6143,-39.1351],[-68.6273,-39.1489],[-68.6563,-39.1676],[-68.6625,-39.178],[-68.6556,-39.1888],[-68.6533,-39.1992],[-68.6655,-39.2173],[-68.6814,-39.227],[-68.6939,-39.2304],[-68.7017,-39.2416],[-68.7141,-39.2435],[-68.7304,-39.2505],[-68.7413,-39.2609],[-68.7546,-39.2696],[-68.7737,-39.2735],[-68.7881,-39.278],[-68.8024,-39.2849],[-68.8101,-39.2935],[-68.8185,-39.3126],[-68.8178,-39.3314],[-68.8111,-39.3371],[-68.8081,-39.3474],[-68.824,-39.3749],[-68.8303,-39.3818],[-68.8478,-39.393],[-68.8865,-39.4025],[-68.9125,-39.4179],[-68.921,-39.4248],[-68.9279,-39.438],[-68.9268,-39.4476],[-68.9291,-39.459],[-68.935,-39.4643],[-68.9665,-39.4836],[-68.988,-39.506],[-68.9999,-39.5152],[-69.0197,-39.5201],[-69.0384,-39.5262],[-69.057,-39.5264],[-69.0815,-39.5219],[-69.1073,-39.5147],[-69.1128,-39.5147],[-69.1249,-39.5209],[-69.1419,-39.5349],[-69.1717,-39.5574],[-69.1833,-39.5632],[-69.2201,-39.5693],[-69.2357,-39.5752],[-69.2635,-39.5909],[-69.2801,-39.5987],[-69.2763,-39.6088],[-69.2779,-39.6162],[-69.2691,-39.6214],[-69.2723,-39.629],[-69.2824,-39.6404],[-69.2937,-39.6455],[-69.29,-39.653],[-69.2981,-39.6573],[-69.3037,-39.6536],[-69.314,-39.6539],[-69.3208,-39.6605],[-69.3224,-39.6667],[-69.3287,-39.6688],[-69.3341,-39.6786],[-69.343,-39.6804],[-69.3494,-39.6933],[-69.3473,-39.7076],[-69.3535,-39.7154],[-69.3631,-39.7161],[-69.3677,-39.7243],[-69.376,-39.7321],[-69.3895,-39.7312],[-69.3892,-39.7412],[-69.394,-39.7456],[-69.4055,-39.7465],[-69.4112,-39.7512],[-69.4114,-39.7594],[-69.4219,-39.7681],[-69.4394,-39.7696],[-69.4484,-39.7774],[-69.4551,-39.7769],[-69.4731,-39.7844],[-69.4802,-39.7901],[-69.4936,-39.7963],[-69.4993,-39.8062],[-69.5053,-39.8089],[-69.5097,-39.8159],[-69.5247,-39.8133],[-69.5339,-39.8156],[-69.5581,-39.8094],[-69.5631,-39.8135],[-69.5885,-39.8164],[-69.5917,-39.824],[-69.5998,-39.8315],[-69.6083,-39.8302],[-69.6273,-39.842],[-69.6388,-39.8416],[-69.6507,-39.8362],[-69.6643,-39.847],[-69.6714,-39.8499],[-69.6836,-39.8508],[-69.6992,-39.8481],[-69.7123,-39.8569],[-69.7224,-39.8606],[-69.7262,-39.8668],[-69.7363,-39.8721],[-69.7486,-39.8715],[-69.7596,-39.8823],[-69.775,-39.8864],[-69.7899,-39.8832],[-69.7962,-39.8846],[-69.8105,-39.8991],[-69.8215,-39.8962],[-69.8311,-39.9012],[-69.8377,-39.9012],[-69.8461,-39.9098],[-69.8551,-39.9083],[-69.8659,-39.9109],[-69.8803,-39.9219],[-69.8805,-39.9301],[-69.9006,-39.9406],[-69.9179,-39.9371],[-69.9328,-39.9449],[-69.9318,-39.9523],[-69.9362,-39.9568],[-69.9496,-39.9586],[-69.955,-39.9682],[-69.9707,-39.9775],[-69.9768,-39.9995],[-69.9844,-40.0069],[-69.9863,-40.0136],[-69.9979,-40.0226],[-70.0025,-40.0315],[-70.0054,-40.0474],[-69.996,-40.086],[-69.9948,-40.1031],[-69.9843,-40.1131],[-69.9707,-40.121],[-69.968,-40.1263],[-69.9696,-40.1365],[-69.9667,-40.1437],[-69.9578,-40.1554],[-69.9556,-40.1667],[-69.9503,-40.179],[-69.9559,-40.1839],[-69.9652,-40.1854],[-69.985,-40.1788],[-69.9911,-40.1794],[-69.9918,-40.1906],[-70.0078,-40.2084],[-70.0276,-40.2158],[-70.0588,-40.249],[-70.0579,-40.2635],[-70.0501,-40.3022],[-70.0496,-40.3178],[-70.0544,-40.3299],[-70.0593,-40.361],[-70.0627,-40.3746],[-70.0787,-40.3882],[-70.103,-40.4057],[-70.1312,-40.413],[-70.1531,-40.414],[-70.1662,-40.4198],[-70.1749,-40.4276],[-70.1779,-40.4383],[-70.1769,-40.449],[-70.1711,-40.4621],[-70.1681,-40.4743],[-70.1706,-40.483],[-70.1788,-40.4898],[-70.1895,-40.4942],[-70.2051,-40.4971],[-70.2187,-40.4971],[-70.2299,-40.5029],[-70.2473,-40.5054],[-70.2799,-40.5029],[-70.2984,-40.5044],[-70.3139,-40.5083],[-70.3674,-40.5185],[-70.4106,-40.5329],[-70.4284,-40.5354],[-70.4372,-40.5228],[-70.4483,-40.5226],[-70.462,-40.5134],[-70.5021,-40.5092],[-70.5135,-40.5031],[-70.5256,-40.5074],[-70.5377,-40.5033],[-70.5464,-40.5053],[-70.544,-40.5134],[-70.5497,-40.521],[-70.5583,-40.5251],[-70.5844,-40.533],[-70.5956,-40.5376],[-70.6214,-40.5515],[-70.6294,-40.5584],[-70.6428,-40.5848],[-70.6539,-40.5913],[-70.6709,-40.5947],[-70.6869,-40.5949],[-70.7123,-40.5918],[-70.7331,-40.5801],[-70.748,-40.5857],[-70.7771,-40.584],[-70.7951,-40.5906],[-70.8554,-40.5934],[-70.8686,-40.5985],[-70.8731,-40.6148],[-70.883,-40.6215],[-70.8976,-40.6217],[-70.9215,-40.6325],[-70.9323,-40.6387],[-70.9448,-40.639],[-70.9608,-40.6416],[-70.9765,-40.6487],[-70.9955,-40.6688],[-71.0118,-40.6793],[-71.0158,-40.6886],[-71.0147,-40.6999],[-71.0268,-40.7129],[-71.0251,-40.7208],[-71.0331,-40.7259],[-71.0442,-40.7291],[-71.0556,-40.728],[-71.0695,-40.7297],[-71.0848,-40.7245],[-71.0937,-40.7267],[-71.1018,-40.7383],[-71.1022,-40.7461],[-71.1209,-40.7586],[-71.1183,-40.7675],[-71.1242,-40.7793],[-71.1189,-40.7812],[-71.1181,-40.805],[-71.1012,-40.8128],[-71.1021,-40.8219],[-71.0931,-40.8259],[-71.0926,-40.832],[-71.1023,-40.8365],[-71.0925,-40.8413],[-71.086,-40.8523],[-71.0689,-40.8507],[-71.0613,-40.8575],[-71.0553,-40.8691],[-71.0465,-40.8724],[-71.0479,-40.8794],[-71.039,-40.889],[-71.0382,-40.8991],[-71.0341,-40.9036],[-71.0356,-40.9135],[-71.0318,-40.9181],[-71.0361,-40.9249],[-71.0323,-40.9343],[-71.0373,-40.9381],[-71.0364,-40.9559],[-71.051,-40.963],[-71.0605,-40.981],[-71.0728,-40.9792],[-71.0876,-40.9863],[-71.1023,-40.9906],[-71.09,-40.9946],[-71.1083,-41.0066],[-71.1153,-41.0076],[-71.119,-41.018],[-71.1253,-41.0229],[-71.1261,-41.0356],[-71.1308,-41.0473],[-71.1419,-41.0561],[-71.1607,-41.0536],[-71.1749,-41.0562],[-71.2214,-41.0876],[-71.2405,-41.0951],[-71.2521,-41.0979],[-71.2886,-41.1006],[-71.3062,-41.1001],[-71.3438,-41.0938],[-71.3607,-41.0887],[-71.4225,-41.0622],[-71.44,-41.0503],[-71.4564,-41.0417],[-71.4794,-41.0383],[-71.5093,-41.0356],[-71.529,-41.0295],[-71.5352,-41.0273],[-71.5506,-41.0232],[-71.5577,-41.0224],[-71.6076,-41.0349],[-71.6326,-41.0346],[-71.6562,-41.0311],[-71.7027,-41.0218],[-71.733,-41.0229],[-71.7483,-41.0225],[-71.7688,-41.0196],[-71.7853,-41.0188],[-71.818,-41.0231],[-71.8315,-41.0297],[-71.8442,-41.0237],[-71.8607,-41.0307],[-71.8497,-41.0309],[-71.8391,-41.0359],[-71.8336,-41.0429],[-71.836,-41.0488],[-71.8179,-41.0621],[-71.8284,-41.0736],[-71.8461,-41.0815],[-71.8462,-41.0867],[-71.8521,-41.0984],[-71.8463,-41.1026],[-71.8452,-41.1113],[-71.8377,-41.1155],[-71.8364,-41.1209],[-71.8431,-41.1288],[-71.8392,-41.1367],[-71.8394,-41.1495],[-71.855,-41.1515],[-71.8663,-41.1549],[-71.87,-41.1598],[-71.8871,-41.161],[-71.887,-41.1696],[-71.8824,-41.1731],[-71.8787,-41.188],[-71.8727,-41.1968],[-71.8736,-41.2062],[-71.8564,-41.2128],[-71.8583,-41.225],[-71.8576,-41.2353],[-71.8466,-41.241],[-71.8558,-41.2463],[-71.8511,-41.2501],[-71.8343,-41.2718],[-71.8456,-41.2691],[-71.8497,-41.2607],[-71.866,-41.2556],[-71.8881,-41.2644],[-71.8971,-41.2707],[-71.8967,-41.2789],[-71.8857,-41.2925],[-71.8769,-41.2965],[-71.8764,-41.308],[-71.8865,-41.3146],[-71.8817,-41.3208],[-71.8848,-41.3259],[-71.8993,-41.3306],[-71.8995,-41.339],[-71.911,-41.3408],[-71.9072,-41.3463],[-71.9094,-41.3618],[-71.9014,-41.3626],[-71.8893,-41.3681],[-71.8878,-41.3794],[-71.8786,-41.383],[-71.877,-41.3923],[-71.8651,-41.3977],[-71.8709,-41.409],[-71.8656,-41.4203],[-71.8493,-41.4285],[-71.8358,-41.4326],[-71.8374,-41.4443],[-71.8439,-41.4524],[-71.8422,-41.4626],[-71.8362,-41.4661],[-71.8359,-41.4766],[-71.8298,-41.4831],[-71.8408,-41.4931],[-71.8373,-41.5006],[-71.842,-41.5026],[-71.8523,-41.5149],[-71.8466,-41.5281],[-71.8464,-41.5366],[-71.8389,-41.5402],[-71.836,-41.5494],[-71.8281,-41.5512],[-71.8305,-41.5603],[-71.8176,-41.5756],[-71.8337,-41.5717],[-71.8376,-41.5662],[-71.8444,-41.5654],[-71.8501,-41.5726],[-71.8595,-41.5743],[-71.8634,-41.5845],[-71.8742,-41.5881],[-71.8753,-41.6002],[-71.8856,-41.6056],[-71.8789,-41.6147],[-71.8728,-41.6158],[-71.8669,-41.6225],[-71.8658,-41.6305],[-71.8572,-41.6451],[-71.8381,-41.6463],[-71.8339,-41.6539],[-71.836,-41.6672],[-71.83,-41.6759],[-71.8221,-41.6708],[-71.8158,-41.675],[-71.8176,-41.6898],[-71.8098,-41.6929],[-71.7974,-41.6918],[-71.7919,-41.703],[-71.8054,-41.714],[-71.8102,-41.72],[-71.7997,-41.7247],[-71.7845,-41.7347],[-71.786,-41.7406],[-71.7838,-41.7515],[-71.7751,-41.7595],[-71.7763,-41.7675],[-71.7689,-41.7732],[-71.7641,-41.7833],[-71.7739,-41.7928],[-71.7714,-41.8003],[-71.7661,-41.8037],[-71.7694,-41.8096],[-71.7646,-41.8164],[-71.7533,-41.8192],[-71.7515,-41.8245],[-71.7629,-41.8273],[-71.7935,-41.832],[-71.7974,-41.8442],[-71.792,-41.8511],[-71.7906,-41.864],[-71.7924,-41.8744],[-71.7835,-41.8952],[-71.7824,-41.901],[-71.7738,-41.9105],[-71.7758,-41.9178],[-71.7727,-41.9307],[-71.7732,-41.9377],[-71.7843,-41.9446],[-71.7944,-41.9448],[-71.7913,-41.9557],[-71.7945,-41.9616],[-71.7825,-41.9808],[-71.7737,-42],[-71.6253,-42],[-71.4893,-42],[-71.3462,-42],[-71.1749,-42],[-70.9907,-42],[-70.75,-42],[-70.5,-42],[-70.25,-42],[-70.0001,-42],[-69.75,-42],[-69.5002,-42],[-69.2502,-42],[-69.0003,-42],[-68.7504,-42],[-68.5004,-42],[-68.25,-42],[-68,-42],[-67.7506,-42],[-67.5004,-42],[-67.2502,-42],[-66.8769,-42],[-66.7504,-42],[-66.5003,-42],[-66.2504,-42],[-66.0001,-42],[-65.7281,-42],[-65.5,-42],[-65.25,-42],[-65.0693,-42],[-65.0682,-41.9826],[-65.0735,-41.9756],[-65.0746,-41.9651],[-65.0682,-41.9524],[-65.0615,-41.9342],[-65.0611,-41.9166],[-65.0633,-41.9013],[-65.0567,-41.9007],[-65.0597,-41.889],[-65.0576,-41.8816],[-65.0429,-41.8742],[-65.049,-41.8624],[-65.0462,-41.8522],[-65.0497,-41.8459],[-65.0473,-41.8373],[-65.0397,-41.8309],[-65.0321,-41.8339],[-65.0163,-41.8326],[-65.0148,-41.8259],[-65.0167,-41.7987],[-65.0127,-41.7797],[-64.9989,-41.7711],[-64.9978,-41.7644],[-65.0027,-41.7561],[-65.0114,-41.7522],[-65.0204,-41.7349],[-65.0232,-41.721],[-65.0202,-41.7073],[-65.0208,-41.6968],[-65.0242,-41.6915],[-65.026,-41.667],[-65.0237,-41.648],[-65.0215,-41.6454],[-65.0237,-41.6332],[-65.0227,-41.6184],[-65.029,-41.6134],[-65.0295,-41.6065],[-65.0354,-41.6054],[-65.0372,-41.5988],[-65.031,-41.5968],[-65.0254,-41.604],[-65.0265,-41.6112],[-65.0133,-41.6078],[-65.0105,-41.5964],[-65.0017,-41.5818],[-64.9998,-41.5727],[-65.0067,-41.5573],[-65.0015,-41.5476],[-64.9934,-41.5464],[-64.9898,-41.5374],[-64.9878,-41.5188],[-64.9914,-41.5138],[-64.992,-41.501],[-64.998,-41.4957],[-65.0003,-41.4861],[-65.0136,-41.4797],[-65.0234,-41.4777],[-65.0316,-41.469],[-65.0439,-41.4625],[-65.0545,-41.4444],[-65.0525,-41.434],[-65.0653,-41.4189],[-65.0736,-41.4152],[-65.0713,-41.4102],[-65.0761,-41.4007],[-65.0736,-41.3922],[-65.0768,-41.3895],[-65.0786,-41.3784],[-65.0915,-41.3619],[-65.0927,-41.3471],[-65.1016,-41.3357],[-65.0988,-41.3218],[-65.1042,-41.3173],[-65.11,-41.295],[-65.1184,-41.2786],[-65.117,-41.2729],[-65.1218,-41.2533],[-65.1324,-41.2374],[-65.1365,-41.2276],[-65.137,-41.2145],[-65.1466,-41.1771],[-65.1516,-41.1725],[-65.1504,-41.1487],[-65.1477,-41.1452],[-65.1518,-41.1268],[-65.152,-41.1065],[-65.1576,-41.101],[-65.1576,-41.0925],[-65.1647,-41.0809],[-65.1635,-41.0746],[-65.1682,-41.0683],[-65.1664,-41.0626],[-65.1573,-41.0519],[-65.1614,-41.0183],[-65.1659,-41],[-65.1643,-40.9877],[-65.1663,-40.9798],[-65.1638,-40.9538],[-65.1571,-40.9298],[-65.1471,-40.9042],[-65.1368,-40.8916],[-65.1252,-40.8813],[-65.1266,-40.8741],[-65.1236,-40.8686],[-65.1289,-40.8568],[-65.1204,-40.8452],[-65.1133,-40.8321],[-65.0998,-40.8232],[-65.0927,-40.8146],[-65.0834,-40.8085],[-65.061,-40.7987],[-65.0512,-40.7844],[-65.0309,-40.7705],[-65.018,-40.7644],[-64.984,-40.7568],[-64.9493,-40.7558],[-64.9312,-40.7576],[-64.9042,-40.7625],[-64.9006,-40.7582],[-64.9244,-40.7478],[-64.9342,-40.7492],[-64.9571,-40.7493],[-64.9564,-40.7447],[-64.9446,-40.7421],[-64.9374,-40.7436],[-64.9222,-40.7405],[-64.9167,-40.7273],[-64.9265,-40.7252],[-64.9472,-40.7271],[-64.9668,-40.7275],[-64.963,-40.7214],[-64.9562,-40.7217],[-64.9545,-40.7096],[-64.9453,-40.7103],[-64.9138,-40.7097],[-64.9004,-40.7139],[-64.8713,-40.7143],[-64.8657,-40.7161],[-64.8474,-40.7159],[-64.8466,-40.7195],[-64.8307,-40.7239],[-64.8207,-40.7303],[-64.8114,-40.7252],[-64.8017,-40.7307],[-64.7876,-40.734],[-64.7752,-40.7398],[-64.8006,-40.7491],[-64.7926,-40.7577],[-64.7974,-40.7682],[-64.7975,-40.7805],[-64.7892,-40.7809],[-64.7867,-40.7751],[-64.779,-40.7688],[-64.7694,-40.7674],[-64.7512,-40.7699],[-64.7405,-40.7776],[-64.7336,-40.7875],[-64.7433,-40.7866],[-64.75,-40.789],[-64.7502,-40.7965],[-64.742,-40.8107],[-64.7741,-40.8032],[-64.7914,-40.8031],[-64.8081,-40.7937],[-64.8183,-40.7947],[-64.8244,-40.7881],[-64.836,-40.7858],[-64.8427,-40.7883],[-64.8382,-40.7967],[-64.8453,-40.807],[-64.8509,-40.8011],[-64.842,-40.7845],[-64.8474,-40.7828],[-64.8597,-40.7906],[-64.9033,-40.8044],[-64.9052,-40.808],[-64.8998,-40.8166],[-64.8901,-40.8228],[-64.868,-40.8305],[-64.8167,-40.8229],[-64.7815,-40.8187],[-64.7571,-40.8176],[-64.7409,-40.8193],[-64.7122,-40.8257],[-64.6764,-40.8388],[-64.6553,-40.8404],[-64.6181,-40.8481],[-64.6021,-40.8504],[-64.5821,-40.857],[-64.5434,-40.8644],[-64.5326,-40.8677],[-64.5211,-40.8747],[-64.5113,-40.8779],[-64.5046,-40.8835],[-64.4579,-40.9021],[-64.4343,-40.904],[-64.421,-40.9076],[-64.3997,-40.917],[-64.3951,-40.9271],[-64.3793,-40.9336],[-64.3276,-40.95],[-64.3114,-40.956],[-64.2923,-40.9663],[-64.2883,-40.9723],[-64.2813,-40.974],[-64.2562,-40.9855],[-64.2487,-40.9904],[-64.2281,-40.9966],[-64.221,-41.0023],[-64.2069,-41.0071],[-64.2062,-41.0098],[-64.1891,-41.0139],[-64.1772,-41.0138],[-64.1384,-41.0221],[-64.1142,-41.023],[-64.1057,-41.0218],[-64.0893,-41.0147],[-64.0818,-41.0267],[-64.0962,-41.0249],[-64.1133,-41.0286],[-64.1012,-41.0323],[-64.0686,-41.0398],[-64.0343,-41.049],[-63.994,-41.0609],[-63.9505,-41.0764],[-63.9226,-41.0921],[-63.903,-41.1102],[-63.8969,-41.1226],[-63.8865,-41.1305],[-63.8711,-41.1374],[-63.8476,-41.1425],[-63.8363,-41.1431],[-63.8092,-41.1514],[-63.7886,-41.159],[-63.7772,-41.1604],[-63.7487,-41.1576],[-63.7314,-41.1571],[-63.6519,-41.157],[-63.6461,-41.156],[-63.6018,-41.156],[-63.5688,-41.1595],[-63.5407,-41.161],[-63.48,-41.1598],[-63.4633,-41.1612],[-63.4526,-41.1604],[-63.4373,-41.162],[-63.4093,-41.1593],[-63.3973,-41.1571],[-63.3542,-41.1527],[-63.321,-41.1511],[-63.3019,-41.1526],[-63.2821,-41.1573],[-63.2291,-41.1592],[-63.2126,-41.1578],[-63.1887,-41.1582],[-63.172,-41.1572],[-63.1439,-41.1574],[-63.1165,-41.1555],[-63.1043,-41.1537],[-63.089,-41.1491],[-63.0821,-41.15],[-63.0705,-41.1463],[-63.0533,-41.144],[-63.0437,-41.1402],[-63.0345,-41.1311],[-63.0188,-41.1231],[-63.0107,-41.121],[-63.0039,-41.1147],[-62.993,-41.1095],[-62.971,-41.1026],[-62.9354,-41.094],[-62.9225,-41.0889],[-62.8845,-41.0794],[-62.8575,-41.0667],[-62.8324,-41.0562],[-62.8149,-41.0437],[-62.7995,-41.0353],[-62.7897,-41.0242],[-62.7957,-41.015],[-62.7996,-41.0007],[-62.802,-40.9826],[-62.8186,-40.9694],[-62.8265,-40.9615],[-62.8341,-40.949],[-62.8454,-40.9409],[-62.8525,-40.9257],[-62.8644,-40.9141],[-62.879,-40.8948],[-62.8985,-40.8823],[-62.9156,-40.8697],[-62.9217,-40.8577],[-62.9299,-40.8474],[-62.944,-40.8402],[-62.9465,-40.83],[-62.9511,-40.8227],[-62.9603,-40.8169],[-62.9788,-40.816],[-62.991,-40.801],[-63,-40.7978],[-63.0327,-40.7931],[-63.0432,-40.776],[-63.0569,-40.7696],[-63.0813,-40.7637],[-63.0892,-40.765],[-63.1031,-40.7599],[-63.1136,-40.7474],[-63.1397,-40.7416],[-63.1553,-40.7296],[-63.1731,-40.7271],[-63.1921,-40.7167],[-63.204,-40.7228],[-63.2334,-40.7238],[-63.2722,-40.7227],[-63.2853,-40.7294],[-63.2971,-40.7237],[-63.2962,-40.7149],[-63.3047,-40.7089],[-63.3171,-40.7067],[-63.3297,-40.7091],[-63.3414,-40.7006],[-63.3577,-40.6998],[-63.3636,-40.6895],[-63.3716,-40.692],[-63.3662,-40.7],[-63.3793,-40.7104],[-63.3801,-40.6744],[-63.3803,-40.5774],[-63.3808,-40.4075],[-63.381,-40.2578],[-63.3815,-40.1273],[-63.3823,-39.9442],[-63.3825,-39.8145],[-63.3829,-39.6136],[-63.383,-39.48],[-63.383,-39.3819],[-63.3833,-39.3285]]],[[[-64.7655,-40.7835],[-64.7542,-40.7771],[-64.76,-40.7744],[-64.7655,-40.7835]]]]},"properties":{"nombre":"Río Negro","slug":"rio-negro"}},
{"type":"Feature","geometry":{"type":"MultiPolygon","coordinates":[[[[-55.6202,-28.1375],[-55.6167,-28.1253],[-55.6116,-28.1185],[-55.5999,-28.1156],[-55.5865,-28.1199],[-55.5838,-28.1277],[-55.5888,-28.1433],[-55.5843,-28.1499],[-55.5655,-28.1627],[-55.5548,-28.1628],[-55.5483,-28.1515],[-55.5484,-28.1404],[-55.5459,-28.1317],[-55.5361,-28.119],[-55.5131,-28.1139],[-55.5034,-28.0984],[-55.4982,-28.081],[-55.4913,-28.0772],[-55.4834,-28.0776],[-55.4748,-28.0836],[-55.4636,-28.0961],[-55.4554,-28.0994],[-55.4478,-28.0991],[-55.442,-28.0935],[-55.4305,-28.0765],[-55.4228,-28.061],[-55.4129,-28.0547],[-55.3961,-28.0481],[-55.3816,-28.0396],[-55.3705,-28.0285],[-55.3685,-28.0219],[-55.3699,-28.0142],[-55.3805,-27.9991],[-55.385,-27.9852],[-55.3836,-27.9812],[-55.3717,-27.9757],[-55.3487,-27.9716],[-55.3416,-27.9685],[-55.3365,-27.9614],[-55.3359,-27.9454],[-55.3322,-27.9327],[-55.3226,-27.9244],[-55.3101,-27.9216],[-55.2873,-27.9309],[-55.279,-27.9327],[-55.2692,-27.9312],[-55.2599,-27.9257],[-55.2492,-27.9131],[-55.2363,-27.8912],[-55.2284,-27.8809],[-55.2137,-27.8701],[-55.2049,-27.8611],[-55.1972,-27.8571],[-55.1807,-27.8567],[-55.1715,-27.8611],[-55.1606,-27.8738],[-55.1398,-27.8942],[-55.1313,-27.8955],[-55.1259,-27.891],[-55.1237,-27.8834],[-55.1266,-27.8664],[-55.1252,-27.8588],[-55.1159,-27.8505],[-55.1085,-27.8474],[-55.0886,-27.8423],[-55.0634,-27.8478],[-55.0453,-27.8561],[-55.0327,-27.8567],[-55.0263,-27.8505],[-55.0237,-27.8439],[-55.025,-27.8326],[-55.0325,-27.8249],[-55.0533,-27.8159],[-55.0737,-27.8014],[-55.083,-27.7971],[-55.0839,-27.786],[-55.0769,-27.7766],[-55.067,-27.7716],[-55.0537,-27.7704],[-55.0432,-27.7748],[-55.027,-27.7927],[-55.0209,-27.7966],[-55.0083,-27.7976],[-54.9993,-27.7919],[-54.9928,-27.7757],[-54.9821,-27.7707],[-54.9723,-27.772],[-54.9671,-27.7759],[-54.9558,-27.7783],[-54.9422,-27.7756],[-54.9362,-27.7719],[-54.9289,-27.754],[-54.9098,-27.7339],[-54.9028,-27.721],[-54.9005,-27.6992],[-54.9037,-27.6663],[-54.9069,-27.6434],[-54.9051,-27.6386],[-54.8966,-27.6303],[-54.8903,-27.6274],[-54.8721,-27.6271],[-54.8562,-27.6281],[-54.8468,-27.6203],[-54.8418,-27.6117],[-54.8344,-27.5812],[-54.8284,-27.5608],[-54.8172,-27.539],[-54.8094,-27.5309],[-54.7988,-27.5323],[-54.7925,-27.5411],[-54.7908,-27.5586],[-54.7839,-27.58],[-54.7745,-27.5851],[-54.7668,-27.5858],[-54.7567,-27.579],[-54.7482,-27.5663],[-54.743,-27.5623],[-54.7301,-27.5617],[-54.7023,-27.5709],[-54.6837,-27.575],[-54.6758,-27.5729],[-54.6718,-27.5655],[-54.6732,-27.5468],[-54.6786,-27.532],[-54.6792,-27.5134],[-54.6741,-27.5068],[-54.6652,-27.5062],[-54.6559,-27.5155],[-54.6501,-27.534],[-54.6458,-27.5418],[-54.6374,-27.5462],[-54.6261,-27.5441],[-54.6197,-27.5399],[-54.614,-27.5315],[-54.6063,-27.5052],[-54.5965,-27.4901],[-54.5921,-27.4784],[-54.5907,-27.461],[-54.5817,-27.4534],[-54.5716,-27.4544],[-54.5589,-27.465],[-54.5452,-27.4816],[-54.5411,-27.4894],[-54.537,-27.5025],[-54.5269,-27.5063],[-54.5198,-27.5024],[-54.5127,-27.4893],[-54.5043,-27.4818],[-54.4961,-27.4806],[-54.4672,-27.4805],[-54.4493,-27.4761],[-54.4419,-27.4659],[-54.4436,-27.4595],[-54.4586,-27.4489],[-54.4666,-27.4412],[-54.471,-27.4317],[-54.4647,-27.4238],[-54.4522,-27.4232],[-54.4448,-27.4252],[-54.4335,-27.4231],[-54.4153,-27.4072],[-54.4092,-27.4062],[-54.3965,-27.4127],[-54.3844,-27.4279],[-54.3712,-27.4495],[-54.3601,-27.4623],[-54.3533,-27.4663],[-54.3419,-27.4657],[-54.3353,-27.456],[-54.3337,-27.4476],[-54.3393,-27.4347],[-54.3408,-27.4058],[-54.3335,-27.4029],[-54.3258,-27.4076],[-54.3085,-27.423],[-54.3029,-27.4297],[-54.2945,-27.4447],[-54.2893,-27.4479],[-54.2816,-27.4472],[-54.2691,-27.4391],[-54.2672,-27.4349],[-54.2694,-27.4154],[-54.266,-27.4024],[-54.2595,-27.3965],[-54.2471,-27.3932],[-54.2288,-27.3923],[-54.2148,-27.3835],[-54.2123,-27.3745],[-54.2132,-27.3569],[-54.2116,-27.3458],[-54.2073,-27.332],[-54.1968,-27.3178],[-54.1917,-27.3037],[-54.193,-27.2923],[-54.1897,-27.2757],[-54.1863,-27.2666],[-54.1733,-27.255],[-54.1676,-27.2531],[-54.1596,-27.258],[-54.1545,-27.2721],[-54.1589,-27.292],[-54.1541,-27.2969],[-54.1319,-27.3014],[-54.1018,-27.3032],[-54.0936,-27.3024],[-54.0771,-27.2964],[-54.0697,-27.2876],[-54.0622,-27.273],[-54.0551,-27.2637],[-54.046,-27.2591],[-54.027,-27.2551],[-54.0201,-27.2468],[-54.0161,-27.2372],[-54.0146,-27.2273],[-54.0162,-27.2202],[-54.0137,-27.2063],[-54.0053,-27.1971],[-53.9814,-27.1962],[-53.97,-27.1995],[-53.9627,-27.1976],[-53.9571,-27.1851],[-53.9599,-27.1602],[-53.9481,-27.1515],[-53.9387,-27.1539],[-53.9285,-27.1594],[-53.9183,-27.1735],[-53.9106,-27.1768],[-53.9038,-27.1756],[-53.8974,-27.17],[-53.888,-27.1539],[-53.8845,-27.1351],[-53.8783,-27.1275],[-53.8692,-27.1251],[-53.8612,-27.1285],[-53.8475,-27.1579],[-53.8367,-27.1697],[-53.8332,-27.1622],[-53.8369,-27.1542],[-53.826,-27.145],[-53.8126,-27.1448],[-53.8005,-27.1469],[-53.7981,-27.1381],[-53.8016,-27.1366],[-53.819,-27.1397],[-53.8255,-27.1295],[-53.8142,-27.1293],[-53.8043,-27.122],[-53.8077,-27.1103],[-53.8185,-27.1035],[-53.81,-27.0988],[-53.8026,-27.1084],[-53.7934,-27.1099],[-53.7772,-27.1011],[-53.8018,-27.086],[-53.8047,-27.0766],[-53.7993,-27.0674],[-53.7853,-27.0775],[-53.7833,-27.0721],[-53.7981,-27.0584],[-53.8024,-27.0407],[-53.7915,-27.0429],[-53.784,-27.0548],[-53.7732,-27.0653],[-53.7624,-27.0664],[-53.7593,-27.0605],[-53.7726,-27.054],[-53.7774,-27.0471],[-53.7786,-27.0388],[-53.7854,-27.0283],[-53.7819,-27.0261],[-53.7729,-27.0333],[-53.7669,-27.0432],[-53.7622,-27.0441],[-53.7594,-27.0342],[-53.747,-27.0317],[-53.7497,-27.0217],[-53.7603,-27.0157],[-53.7636,-27.0088],[-53.7556,-27.0046],[-53.7489,-27.0069],[-53.7424,-27.0141],[-53.7326,-27.0081],[-53.734,-27.0014],[-53.7421,-26.9958],[-53.7402,-26.9904],[-53.7242,-26.9939],[-53.7181,-26.9905],[-53.7187,-26.9838],[-53.7307,-26.98],[-53.7287,-26.9636],[-53.7233,-26.959],[-53.7114,-26.9655],[-53.7035,-26.9605],[-53.7012,-26.9528],[-53.7099,-26.9375],[-53.7039,-26.9335],[-53.6945,-26.9368],[-53.6828,-26.9442],[-53.6747,-26.946],[-53.6733,-26.9405],[-53.6845,-26.937],[-53.696,-26.9311],[-53.6965,-26.9275],[-53.6814,-26.9162],[-53.6794,-26.9024],[-53.6716,-26.8963],[-53.6741,-26.8927],[-53.6883,-26.8909],[-53.6956,-26.8869],[-53.6913,-26.8767],[-53.683,-26.8673],[-53.6879,-26.8606],[-53.6759,-26.861],[-53.6616,-26.8636],[-53.661,-26.8573],[-53.6711,-26.8528],[-53.6773,-26.8433],[-53.6807,-26.8423],[-53.6901,-26.8481],[-53.6961,-26.8431],[-53.6889,-26.8372],[-53.699,-26.8263],[-53.7009,-26.8153],[-53.6972,-26.8123],[-53.7024,-26.797],[-53.7089,-26.7978],[-53.7151,-26.7897],[-53.717,-26.7812],[-53.6993,-26.7688],[-53.7134,-26.7662],[-53.7164,-26.7732],[-53.7302,-26.7738],[-53.7365,-26.7675],[-53.7183,-26.7594],[-53.7144,-26.7501],[-53.7212,-26.7478],[-53.7287,-26.7404],[-53.7476,-26.7417],[-53.7489,-26.7365],[-53.7438,-26.7293],[-53.758,-26.7203],[-53.7574,-26.714],[-53.753,-26.7103],[-53.7463,-26.7197],[-53.7343,-26.7166],[-53.7331,-26.7003],[-53.7419,-26.6904],[-53.7338,-26.6892],[-53.7276,-26.6922],[-53.7175,-26.6848],[-53.718,-26.6803],[-53.7297,-26.6793],[-53.7248,-26.667],[-53.7187,-26.6672],[-53.719,-26.6601],[-53.7281,-26.6581],[-53.7336,-26.6525],[-53.7342,-26.646],[-53.7417,-26.6478],[-53.7566,-26.6442],[-53.7577,-26.6378],[-53.7486,-26.6364],[-53.7412,-26.6383],[-53.741,-26.6304],[-53.734,-26.631],[-53.7296,-26.621],[-53.7346,-26.6131],[-53.7347,-26.6074],[-53.7305,-26.6019],[-53.7224,-26.5817],[-53.721,-26.5706],[-53.7222,-26.5621],[-53.7114,-26.5628],[-53.7125,-26.5562],[-53.7224,-26.559],[-53.7342,-26.567],[-53.7356,-26.5588],[-53.726,-26.5599],[-53.7289,-26.5492],[-53.7377,-26.5483],[-53.7411,-26.5436],[-53.7322,-26.539],[-53.7258,-26.5423],[-53.7226,-26.5273],[-53.7268,-26.5254],[-53.7308,-26.5105],[-53.7301,-26.5029],[-53.7243,-26.5009],[-53.7204,-26.5069],[-53.7089,-26.5009],[-53.7025,-26.4899],[-53.6975,-26.4908],[-53.6998,-26.4781],[-53.7054,-26.4807],[-53.7148,-26.4699],[-53.6988,-26.4611],[-53.697,-26.4555],[-53.7023,-26.4506],[-53.7045,-26.4437],[-53.6968,-26.4405],[-53.6892,-26.4435],[-53.6887,-26.435],[-53.6988,-26.4156],[-53.7047,-26.4123],[-53.6967,-26.402],[-53.7078,-26.395],[-53.71,-26.3877],[-53.7014,-26.389],[-53.6975,-26.3775],[-53.7026,-26.3729],[-53.7002,-26.3628],[-53.6927,-26.3558],[-53.6859,-26.3362],[-53.6711,-26.3307],[-53.6697,-26.319],[-53.6659,-26.3174],[-53.6527,-26.2906],[-53.6478,-26.2891],[-53.6444,-26.2822],[-53.645,-26.2728],[-53.6417,-26.2597],[-53.6443,-26.2528],[-53.6407,-26.2465],[-53.6439,-26.2415],[-53.6535,-26.235],[-53.6415,-26.2126],[-53.6531,-26.2055],[-53.6502,-26.1951],[-53.6575,-26.1929],[-53.6597,-26.1876],[-53.6764,-26.1716],[-53.6823,-26.162],[-53.6991,-26.1536],[-53.7082,-26.1355],[-53.7147,-26.1274],[-53.7217,-26.1295],[-53.7406,-26.1178],[-53.7425,-26.1074],[-53.7378,-26.0993],[-53.7399,-26.0833],[-53.7325,-26.0684],[-53.7269,-26.0647],[-53.7311,-26.0583],[-53.7328,-26.0471],[-53.7376,-26.0412],[-53.7447,-26.0443],[-53.7605,-26.0314],[-53.7624,-26.0359],[-53.7716,-26.0315],[-53.771,-26.0269],[-53.7802,-26.0199],[-53.7837,-26.0133],[-53.7823,-26.0076],[-53.7929,-26.0065],[-53.7921,-26.0019],[-53.8015,-25.9997],[-53.8052,-25.9954],[-53.8009,-25.9891],[-53.8068,-25.9855],[-53.8104,-25.9906],[-53.8179,-25.99],[-53.8164,-25.9829],[-53.819,-25.9765],[-53.8274,-25.9763],[-53.8361,-25.9719],[-53.8354,-25.9655],[-53.8306,-25.9637],[-53.84,-25.9537],[-53.8424,-25.9323],[-53.8338,-25.932],[-53.8341,-25.9213],[-53.8234,-25.9294],[-53.8199,-25.9263],[-53.8233,-25.9185],[-53.8195,-25.9121],[-53.8322,-25.9063],[-53.8217,-25.9036],[-53.82,-25.8975],[-53.8345,-25.8954],[-53.8371,-25.8874],[-53.8465,-25.8885],[-53.8493,-25.8831],[-53.8396,-25.8827],[-53.8325,-25.8789],[-53.8245,-25.8709],[-53.8349,-25.8695],[-53.8317,-25.8597],[-53.8422,-25.8602],[-53.8343,-25.8507],[-53.8428,-25.839],[-53.8501,-25.8396],[-53.8421,-25.8263],[-53.8358,-25.8255],[-53.8385,-25.8163],[-53.8273,-25.8132],[-53.8278,-25.8043],[-53.8219,-25.799],[-53.8258,-25.7904],[-53.8387,-25.792],[-53.8309,-25.7809],[-53.8386,-25.7727],[-53.8523,-25.769],[-53.8483,-25.7578],[-53.8371,-25.7486],[-53.8462,-25.7459],[-53.8494,-25.7409],[-53.8648,-25.7452],[-53.8664,-25.7407],[-53.8639,-25.7312],[-53.859,-25.7233],[-53.8625,-25.7166],[-53.8679,-25.72],[-53.8784,-25.7069],[-53.8685,-25.7067],[-53.8649,-25.7035],[-53.8504,-25.7014],[-53.8553,-25.6916],[-53.8428,-25.6869],[-53.8538,-25.683],[-53.8595,-25.6773],[-53.8545,-25.6735],[-53.8621,-25.659],[-53.8737,-25.6574],[-53.8764,-25.6542],[-53.8841,-25.6583],[-53.8897,-25.6569],[-53.884,-25.6488],[-53.8851,-25.644],[-53.8952,-25.6416],[-53.8921,-25.6287],[-53.8948,-25.6227],[-53.9127,-25.6362],[-53.9213,-25.6298],[-53.9155,-25.6224],[-53.9172,-25.616],[-53.9326,-25.6226],[-53.9426,-25.6177],[-53.9541,-25.6241],[-53.945,-25.631],[-53.9513,-25.6468],[-53.9626,-25.6432],[-53.9634,-25.6344],[-53.9607,-25.6304],[-53.9649,-25.6218],[-53.9655,-25.6126],[-53.9738,-25.6151],[-53.9775,-25.6124],[-53.9782,-25.6047],[-53.9704,-25.6007],[-53.98,-25.5923],[-53.9895,-25.5891],[-54.0023,-25.5794],[-54.0075,-25.5701],[-54.0133,-25.5646],[-54.0235,-25.5637],[-54.0283,-25.5662],[-54.0394,-25.5818],[-54.0459,-25.5852],[-54.0543,-25.5838],[-54.0598,-25.5784],[-54.0653,-25.5674],[-54.0726,-25.5595],[-54.0834,-25.5609],[-54.0848,-25.574],[-54.0898,-25.5891],[-54.0886,-25.6078],[-54.0932,-25.6179],[-54.1004,-25.6182],[-54.1046,-25.6146],[-54.1111,-25.6027],[-54.1224,-25.5781],[-54.1231,-25.5621],[-54.116,-25.5474],[-54.1069,-25.5376],[-54.0994,-25.5263],[-54.094,-25.5148],[-54.0936,-25.4997],[-54.1043,-25.4944],[-54.117,-25.4996],[-54.1376,-25.5155],[-54.1581,-25.5375],[-54.1658,-25.5428],[-54.1729,-25.5417],[-54.1888,-25.535],[-54.1957,-25.5347],[-54.2026,-25.5379],[-54.2076,-25.5438],[-54.2075,-25.5542],[-54.2018,-25.5598],[-54.182,-25.5653],[-54.1728,-25.5772],[-54.1769,-25.5841],[-54.1867,-25.5858],[-54.2038,-25.5796],[-54.22,-25.5665],[-54.2306,-25.563],[-54.2368,-25.5715],[-54.2344,-25.5915],[-54.2405,-25.5971],[-54.2534,-25.5966],[-54.2574,-25.5933],[-54.2694,-25.5769],[-54.2804,-25.5589],[-54.2873,-25.5557],[-54.3079,-25.5639],[-54.3215,-25.5669],[-54.3315,-25.5757],[-54.3352,-25.5884],[-54.342,-25.6013],[-54.3481,-25.6064],[-54.3593,-25.6045],[-54.3708,-25.5948],[-54.3764,-25.5941],[-54.387,-25.5993],[-54.391,-25.6053],[-54.389,-25.6252],[-54.3948,-25.6376],[-54.402,-25.6446],[-54.422,-25.6549],[-54.4264,-25.664],[-54.4245,-25.6893],[-54.4325,-25.694],[-54.4403,-25.688],[-54.4435,-25.6706],[-54.4484,-25.661],[-54.4681,-25.638],[-54.4842,-25.6263],[-54.4908,-25.6199],[-54.5,-25.6146],[-54.5119,-25.6199],[-54.5174,-25.6257],[-54.5277,-25.6283],[-54.5357,-25.6217],[-54.5376,-25.6149],[-54.5348,-25.6093],[-54.5349,-25.5986],[-54.5545,-25.5878],[-54.5653,-25.5907],[-54.5827,-25.5931],[-54.5933,-25.5933],[-54.5962,-25.6076],[-54.5966,-25.6235],[-54.5886,-25.6449],[-54.5828,-25.6525],[-54.581,-25.6602],[-54.5837,-25.6663],[-54.5967,-25.6696],[-54.6074,-25.6684],[-54.6304,-25.6595],[-54.6404,-25.6601],[-54.6501,-25.6645],[-54.6552,-25.6704],[-54.6581,-25.6781],[-54.6565,-25.6909],[-54.6406,-25.7198],[-54.6347,-25.7375],[-54.6322,-25.7624],[-54.626,-25.7771],[-54.6112,-25.7981],[-54.5967,-25.8118],[-54.5889,-25.8226],[-54.5867,-25.8306],[-54.5887,-25.841],[-54.5945,-25.8531],[-54.5965,-25.8618],[-54.6077,-25.8803],[-54.6154,-25.8956],[-54.622,-25.9124],[-54.6217,-25.9351],[-54.618,-25.9445],[-54.6114,-25.9509],[-54.6067,-25.961],[-54.6107,-25.9778],[-54.6149,-25.9825],[-54.6237,-25.9854],[-54.6555,-25.9793],[-54.6726,-25.9844],[-54.6788,-25.9947],[-54.6795,-26.0096],[-54.6767,-26.0179],[-54.6632,-26.0431],[-54.6506,-26.0643],[-54.6437,-26.0885],[-54.6449,-26.1073],[-54.6491,-26.1165],[-54.6604,-26.1276],[-54.6664,-26.136],[-54.6741,-26.1429],[-54.6725,-26.1563],[-54.665,-26.1703],[-54.6544,-26.1804],[-54.6319,-26.1931],[-54.6225,-26.2016],[-54.6184,-26.2097],[-54.6192,-26.2187],[-54.6233,-26.2238],[-54.645,-26.2357],[-54.673,-26.2552],[-54.6786,-26.2625],[-54.6776,-26.2753],[-54.664,-26.2853],[-54.658,-26.2941],[-54.6494,-26.2985],[-54.6476,-26.3115],[-54.6515,-26.32],[-54.6665,-26.3338],[-54.6786,-26.3501],[-54.6955,-26.3758],[-54.6981,-26.3839],[-54.6969,-26.4116],[-54.6991,-26.4325],[-54.7064,-26.4491],[-54.7125,-26.4569],[-54.7352,-26.4751],[-54.7523,-26.4935],[-54.7735,-26.5045],[-54.7843,-26.5128],[-54.7919,-26.5221],[-54.8005,-26.5361],[-54.8074,-26.5558],[-54.8065,-26.5637],[-54.797,-26.5766],[-54.7937,-26.5853],[-54.7876,-26.594],[-54.7844,-26.6053],[-54.7848,-26.6233],[-54.7886,-26.6335],[-54.801,-26.6485],[-54.8124,-26.6678],[-54.8209,-26.6733],[-54.8315,-26.6741],[-54.8387,-26.6706],[-54.8455,-26.6632],[-54.8558,-26.6563],[-54.8625,-26.6551],[-54.8803,-26.656],[-54.9195,-26.6682],[-54.9422,-26.6824],[-54.9477,-26.6929],[-54.9487,-26.7118],[-54.9442,-26.7354],[-54.9442,-26.7527],[-54.9501,-26.7715],[-54.9563,-26.7814],[-54.9662,-26.7881],[-54.976,-26.7899],[-55.0074,-26.7879],[-55.0267,-26.7897],[-55.0409,-26.7932],[-55.0575,-26.799],[-55.0715,-26.8112],[-55.0887,-26.8331],[-55.099,-26.8398],[-55.1145,-26.8453],[-55.1298,-26.8536],[-55.1416,-26.8663],[-55.1472,-26.8785],[-55.1503,-26.896],[-55.1424,-26.9166],[-55.1301,-26.9359],[-55.1321,-26.9445],[-55.1378,-26.9512],[-55.1511,-26.9562],[-55.1699,-26.9598],[-55.1937,-26.9689],[-55.2031,-26.9699],[-55.2153,-26.9642],[-55.2324,-26.9481],[-55.2442,-26.9401],[-55.2549,-26.9376],[-55.2646,-26.9387],[-55.2737,-26.9425],[-55.2941,-26.9581],[-55.3098,-26.9644],[-55.3329,-26.9634],[-55.346,-26.9649],[-55.3692,-26.9644],[-55.387,-26.9721],[-55.3953,-26.9788],[-55.4198,-26.993],[-55.4391,-27.0142],[-55.4457,-27.0254],[-55.4537,-27.0456],[-55.456,-27.0588],[-55.455,-27.0773],[-55.45,-27.092],[-55.4511,-27.1021],[-55.4591,-27.1084],[-55.4689,-27.1116],[-55.481,-27.1115],[-55.4974,-27.1083],[-55.5265,-27.1009],[-55.5491,-27.0982],[-55.5594,-27.0998],[-55.5647,-27.1074],[-55.5653,-27.1223],[-55.5632,-27.135],[-55.5583,-27.1498],[-55.5611,-27.1609],[-55.5748,-27.1688],[-55.5817,-27.1671],[-55.5892,-27.1611],[-55.605,-27.1601],[-55.6129,-27.1658],[-55.6154,-27.171],[-55.6189,-27.1906],[-55.6116,-27.213],[-55.5909,-27.2267],[-55.5799,-27.2364],[-55.5741,-27.2503],[-55.5721,-27.2639],[-55.5761,-27.273],[-55.5836,-27.2757],[-55.5935,-27.2752],[-55.6024,-27.2846],[-55.6023,-27.292],[-55.5862,-27.3165],[-55.5896,-27.3317],[-55.5961,-27.3392],[-55.6385,-27.3622],[-55.6569,-27.3694],[-55.6747,-27.3732],[-55.6833,-27.3788],[-55.6982,-27.3969],[-55.7119,-27.4098],[-55.7203,-27.4308],[-55.726,-27.438],[-55.7368,-27.4451],[-55.7433,-27.446],[-55.7774,-27.4436],[-55.7871,-27.4402],[-55.7955,-27.4333],[-55.8038,-27.4226],[-55.8101,-27.4177],[-55.8235,-27.4158],[-55.8389,-27.4075],[-55.854,-27.3922],[-55.859,-27.3796],[-55.8684,-27.3642],[-55.8811,-27.352],[-55.8963,-27.3427],[-55.9044,-27.3428],[-55.9206,-27.3466],[-55.9355,-27.3463],[-55.9534,-27.3492],[-55.9691,-27.3554],[-55.9789,-27.3551],[-56.0031,-27.3422],[-56.0117,-27.336],[-56.0243,-27.3243],[-56.0281,-27.3298],[-56.0245,-27.3369],[-56.0386,-27.3447],[-56.0391,-27.3529],[-56.034,-27.3669],[-56.0279,-27.3731],[-56.0297,-27.3862],[-56.0333,-27.3888],[-56.0427,-27.4029],[-56.0374,-27.4157],[-56.0555,-27.4208],[-56.0532,-27.4273],[-56.0586,-27.4358],[-56.0535,-27.4415],[-56.0545,-27.4512],[-56.0454,-27.4571],[-56.0372,-27.4686],[-56.038,-27.4786],[-56.033,-27.4857],[-56.0332,-27.4921],[-56.0288,-27.4985],[-56.0266,-27.5073],[-56.018,-27.5108],[-56.0037,-27.5247],[-55.9956,-27.5309],[-55.9789,-27.5402],[-55.8889,-27.6936],[-55.8359,-27.7839],[-55.8255,-27.7917],[-55.8315,-27.7939],[-55.836,-27.7999],[-55.8374,-27.8227],[-55.8463,-27.8324],[-55.844,-27.8401],[-55.8353,-27.8459],[-55.8273,-27.8542],[-55.8307,-27.8705],[-55.8301,-27.8827],[-55.836,-27.8898],[-55.8319,-27.8947],[-55.8318,-27.9041],[-55.8217,-27.9097],[-55.8137,-27.9207],[-55.8131,-27.9319],[-55.8188,-27.938],[-55.8244,-27.9484],[-55.8182,-27.9546],[-55.8117,-27.9531],[-55.8041,-27.9626],[-55.8057,-27.9696],[-55.8024,-27.9737],[-55.7878,-27.981],[-55.7839,-27.991],[-55.7774,-27.993],[-55.7745,-27.9997],[-55.7766,-28.0083],[-55.7712,-28.0119],[-55.7616,-28.0127],[-55.7572,-28.0166],[-55.76,-28.0227],[-55.7497,-28.0361],[-55.759,-28.0518],[-55.7585,-28.0604],[-55.7464,-28.0622],[-55.7419,-28.0597],[-55.7324,-28.0663],[-55.7164,-28.0614],[-55.7136,-28.0669],[-55.7179,-28.0722],[-55.7171,-28.0802],[-55.7119,-28.0887],[-55.7032,-28.094],[-55.6943,-28.0897],[-55.6774,-28.1032],[-55.6695,-28.1058],[-55.6623,-28.114],[-55.6562,-28.1146],[-55.645,-28.13],[-55.6402,-28.1329],[-55.6202,-28.1375]]],[[[-55.9275,-27.3336],[-55.9385,-27.3337],[-55.9437,-27.34],[-55.9289,-27.3383],[-55.9275,-27.3336]]]]},"properties":{"nombre":"Misiones","slug":"misiones"}},
{"type":"Feature","geometry":{"type":"Polygon","coordinates":[[[-62.3423,-22.4609],[-62.3451,-22.455],[-62.3513,-22.458],[-62.3555,-22.4656],[-62.3697,-22.4606],[-62.3728,-22.4621],[-62.373,-22.4735],[-62.3811,-22.4733],[-62.3842,-22.4551],[-62.4039,-22.4519],[-62.4043,-22.4423],[-62.413,-22.4422],[-62.4182,-22.4373],[-62.4269,-22.4241],[-62.4353,-22.4189],[-62.4424,-22.4236],[-62.4473,-22.4212],[-62.448,-22.4023],[-62.4578,-22.3999],[-62.4655,-22.4026],[-62.4687,-22.3866],[-62.4626,-22.3853],[-62.4597,-22.3798],[-62.4622,-22.3735],[-62.4689,-22.372],[-62.4803,-22.3808],[-62.4902,-22.3806],[-62.5042,-22.3768],[-62.5148,-22.3795],[-62.5235,-22.3762],[-62.5335,-22.3696],[-62.5308,-22.3606],[-62.5367,-22.3551],[-62.5429,-22.3399],[-62.5425,-22.3284],[-62.5587,-22.3381],[-62.5664,-22.337],[-62.571,-22.3296],[-62.5676,-22.3126],[-62.5728,-22.3097],[-62.5886,-22.3203],[-62.5969,-22.3217],[-62.5998,-22.312],[-62.6038,-22.3067],[-62.6139,-22.3065],[-62.6253,-22.3099],[-62.634,-22.3074],[-62.6385,-22.3032],[-62.6419,-22.2939],[-62.6307,-22.2825],[-62.6308,-22.2724],[-62.636,-22.2659],[-62.6348,-22.2581],[-62.63,-22.2481],[-62.6325,-22.2416],[-62.6409,-22.2363],[-62.6516,-22.2481],[-62.6602,-22.2507],[-62.6722,-22.2332],[-62.6785,-22.2267],[-62.6849,-22.2123],[-62.6972,-22.206],[-62.7171,-22.2037],[-62.7254,-22.1967],[-62.7288,-22.1832],[-62.7402,-22.1689],[-62.7492,-22.1621],[-62.7667,-22.1519],[-62.772,-22.1527],[-62.7754,-22.1653],[-62.7837,-22.1679],[-62.7896,-22.1639],[-62.797,-22.1467],[-62.8049,-22.138],[-62.8046,-22.1227],[-62.8124,-22.1108],[-62.813,-22.0967],[-62.8027,-22.0899],[-62.7995,-22.084],[-62.797,-22.0668],[-62.7992,-22.06],[-62.8142,-22.0422],[-62.8145,-22.0341],[-62.8098,-22.0259],[-62.8131,-22.0115],[-62.8096,-22.0027],[-62.8112,-21.9988],[-62.9987,-21.999],[-63.0422,-21.9993],[-63.2028,-21.9993],[-63.3504,-21.9993],[-63.5267,-21.9994],[-63.6653,-21.9993],[-63.6701,-22.0122],[-63.6673,-22.0177],[-63.6697,-22.0276],[-63.6748,-22.0331],[-63.6741,-22.0407],[-63.6834,-22.0495],[-63.6865,-22.0385],[-63.6823,-22.0315],[-63.6879,-22.0235],[-63.6892,-22.0112],[-63.7023,-22.0154],[-63.7093,-22.005],[-63.7091,-21.9993],[-63.8177,-21.9995],[-63.9315,-21.9994],[-63.9432,-22.0125],[-63.9385,-22.0176],[-63.9449,-22.0245],[-63.9414,-22.0296],[-63.9484,-22.0368],[-63.951,-22.0516],[-63.9553,-22.0528],[-63.9603,-22.0629],[-63.9575,-22.0675],[-63.9602,-22.0771],[-63.9585,-22.0862],[-63.9631,-22.0923],[-63.9695,-22.0889],[-63.9862,-22.0937],[-63.9925,-22.1053],[-63.9991,-22.1062],[-63.9902,-22.118],[-63.9968,-22.1221],[-63.9942,-22.1302],[-63.9994,-22.1386],[-64.0007,-22.1458],[-64.009,-22.1653],[-64.0222,-22.1723],[-64.0249,-22.1881],[-64.0331,-22.1968],[-64.0325,-22.2044],[-64.0267,-22.2084],[-64.0285,-22.2153],[-64.0392,-22.2232],[-64.0324,-22.2268],[-64.0304,-22.2331],[-64.036,-22.2435],[-64.0432,-22.2473],[-64.0545,-22.2471],[-64.0624,-22.2384],[-64.0821,-22.2842],[-64.0805,-22.2947],[-64.0825,-22.3005],[-64.0907,-22.3098],[-64.0978,-22.325],[-64.1034,-22.3301],[-64.1043,-22.3365],[-64.0987,-22.3389],[-64.0991,-22.345],[-64.1069,-22.3579],[-64.1163,-22.3622],[-64.115,-22.3692],[-64.1091,-22.3796],[-64.1133,-22.3838],[-64.1208,-22.3843],[-64.1199,-22.3932],[-64.1154,-22.4045],[-64.1184,-22.4078],[-64.1338,-22.4059],[-64.1382,-22.407],[-64.1448,-22.4171],[-64.1376,-22.4265],[-64.1387,-22.4306],[-64.1479,-22.4342],[-64.1518,-22.4388],[-64.1531,-22.4499],[-64.1621,-22.4556],[-64.1631,-22.4689],[-64.1665,-22.471],[-64.1752,-22.4668],[-64.1861,-22.4776],[-64.1863,-22.4869],[-64.1901,-22.4917],[-64.1996,-22.4912],[-64.2068,-22.5033],[-64.2113,-22.5214],[-64.2172,-22.5292],[-64.217,-22.5436],[-64.225,-22.5411],[-64.2278,-22.5441],[-64.2281,-22.5543],[-64.2324,-22.5575],[-64.2398,-22.5555],[-64.2426,-22.5601],[-64.2444,-22.5839],[-64.2432,-22.5986],[-64.2374,-22.6114],[-64.2399,-22.6253],[-64.2439,-22.6303],[-64.2514,-22.6313],[-64.2573,-22.6285],[-64.2646,-22.6502],[-64.2622,-22.6539],[-64.2422,-22.6651],[-64.2444,-22.6706],[-64.2567,-22.6719],[-64.2609,-22.6751],[-64.264,-22.7017],[-64.2718,-22.7098],[-64.2716,-22.7167],[-64.2674,-22.7278],[-64.2707,-22.7343],[-64.2692,-22.7453],[-64.2814,-22.7475],[-64.2834,-22.7524],[-64.2674,-22.7577],[-64.2653,-22.7667],[-64.2751,-22.775],[-64.2788,-22.7827],[-64.2757,-22.7878],[-64.2784,-22.7924],[-64.2876,-22.7996],[-64.2865,-22.8169],[-64.2826,-22.8243],[-64.2878,-22.8361],[-64.3046,-22.8377],[-64.3062,-22.8422],[-64.2981,-22.8529],[-64.2976,-22.8618],[-64.3093,-22.8635],[-64.3116,-22.8821],[-64.3172,-22.8814],[-64.3128,-22.8722],[-64.3205,-22.8685],[-64.3245,-22.8743],[-64.338,-22.8711],[-64.3409,-22.8611],[-64.3376,-22.856],[-64.3288,-22.8567],[-64.3267,-22.8377],[-64.3283,-22.8333],[-64.3301,-22.8122],[-64.335,-22.8076],[-64.3422,-22.8066],[-64.3441,-22.7931],[-64.3397,-22.7858],[-64.3371,-22.7739],[-64.3421,-22.7644],[-64.3392,-22.7562],[-64.3447,-22.7388],[-64.3625,-22.7237],[-64.373,-22.7266],[-64.3728,-22.7207],[-64.3839,-22.7177],[-64.3882,-22.7231],[-64.3929,-22.7196],[-64.3992,-22.6974],[-64.3945,-22.6893],[-64.3968,-22.6835],[-64.4146,-22.6796],[-64.4183,-22.6698],[-64.4134,-22.6582],[-64.4337,-22.6487],[-64.434,-22.6349],[-64.4251,-22.6372],[-64.4262,-22.6296],[-64.4332,-22.6324],[-64.4339,-22.6227],[-64.4297,-22.6194],[-64.4264,-22.6022],[-64.4296,-22.5993],[-64.4254,-22.5907],[-64.4299,-22.5811],[-64.4192,-22.5773],[-64.4096,-22.563],[-64.4092,-22.5573],[-64.4151,-22.5552],[-64.4126,-22.5377],[-64.4227,-22.5347],[-64.4256,-22.5251],[-64.43,-22.5213],[-64.4455,-22.5229],[-64.4516,-22.5145],[-64.445,-22.5084],[-64.447,-22.5042],[-64.4569,-22.5044],[-64.4589,-22.495],[-64.4675,-22.4927],[-64.4772,-22.4822],[-64.482,-22.4811],[-64.483,-22.4742],[-64.4745,-22.4684],[-64.4805,-22.4611],[-64.4894,-22.4574],[-64.4904,-22.4384],[-64.4945,-22.435],[-64.4995,-22.4395],[-64.5111,-22.4452],[-64.5198,-22.4445],[-64.5251,-22.4392],[-64.5141,-22.4223],[-64.5128,-22.4125],[-64.5188,-22.41],[-64.5351,-22.3956],[-64.5488,-22.3893],[-64.5602,-22.3801],[-64.5657,-22.372],[-64.5648,-22.3562],[-64.5611,-22.3528],[-64.5649,-22.3471],[-64.5666,-22.3378],[-64.5642,-22.3235],[-64.557,-22.319],[-64.5469,-22.3161],[-64.5408,-22.3035],[-64.5363,-22.2904],[-64.5419,-22.279],[-64.5551,-22.2677],[-64.5796,-22.2506],[-64.5926,-22.2469],[-64.5983,-22.2413],[-64.602,-22.2268],[-64.6172,-22.212],[-64.6167,-22.2065],[-64.6355,-22.2004],[-64.6384,-22.1944],[-64.651,-22.1895],[-64.6556,-22.1941],[-64.663,-22.1949],[-64.673,-22.1891],[-64.6823,-22.1865],[-64.7009,-22.1904],[-64.7097,-22.1892],[-64.7216,-22.1965],[-64.7376,-22.1935],[-64.7441,-22.1899],[-64.7456,-22.1831],[-64.7536,-22.1789],[-64.7792,-22.1773],[-64.8037,-22.1567],[-64.8123,-22.1531],[-64.8187,-22.1447],[-64.8271,-22.1419],[-64.834,-22.1426],[-64.845,-22.1342],[-64.856,-22.1286],[-64.8626,-22.1229],[-64.8691,-22.1224],[-64.8744,-22.1173],[-64.8789,-22.1192],[-64.8857,-22.129],[-64.9026,-22.1196],[-64.9191,-22.1215],[-64.9358,-22.1158],[-64.9379,-22.1097],[-64.9526,-22.107],[-64.9561,-22.1028],[-64.9686,-22.1039],[-64.9706,-22.1],[-64.9814,-22.0978],[-64.9873,-22.0939],[-64.9934,-22.0824],[-65.1866,-22.0853],[-65.1886,-22.0935],[-65.1944,-22.1001],[-65.1957,-22.1099],[-65.1922,-22.1223],[-65.1921,-22.1375],[-65.1941,-22.1447],[-65.2035,-22.1487],[-65.2138,-22.15],[-65.2205,-22.1696],[-65.2203,-22.1807],[-65.2235,-22.1916],[-65.2223,-22.1966],[-65.2264,-22.2081],[-65.2265,-22.2197],[-65.2301,-22.2248],[-65.2307,-22.2528],[-65.2403,-22.2792],[-65.2372,-22.2863],[-65.2383,-22.2979],[-65.2266,-22.3202],[-65.2356,-22.3258],[-65.2405,-22.3261],[-65.2434,-22.3333],[-65.2614,-22.3374],[-65.265,-22.3458],[-65.2685,-22.3613],[-65.2805,-22.3804],[-65.2844,-22.3896],[-65.2836,-22.4075],[-65.2819,-22.4138],[-65.294,-22.4189],[-65.2978,-22.4277],[-65.2969,-22.4397],[-65.3012,-22.4467],[-65.3057,-22.4666],[-65.3128,-22.4791],[-65.3199,-22.485],[-65.3255,-22.4966],[-65.338,-22.5085],[-65.3468,-22.5194],[-65.3456,-22.5302],[-65.3502,-22.5399],[-65.3493,-22.5501],[-65.3455,-22.5575],[-65.348,-22.5617],[-65.3495,-22.5746],[-65.3446,-22.5867],[-65.3511,-22.5965],[-65.3469,-22.6059],[-65.3265,-22.6129],[-65.3049,-22.6291],[-65.2933,-22.6327],[-65.287,-22.6415],[-65.2717,-22.6482],[-65.273,-22.6632],[-65.2776,-22.6702],[-65.282,-22.6716],[-65.2921,-22.6916],[-65.2978,-22.6986],[-65.3001,-22.7088],[-65.3059,-22.7207],[-65.305,-22.7329],[-65.2999,-22.7342],[-65.2974,-22.7404],[-65.301,-22.7512],[-65.302,-22.765],[-65.285,-22.7767],[-65.2742,-22.7901],[-65.2761,-22.8169],[-65.267,-22.8318],[-65.2684,-22.8415],[-65.2646,-22.8457],[-65.2595,-22.8581],[-65.2622,-22.875],[-65.2526,-22.875],[-65.2491,-22.8913],[-65.253,-22.9012],[-65.2496,-22.9096],[-65.2538,-22.9187],[-65.2517,-22.928],[-65.2384,-22.9354],[-65.2232,-22.9505],[-65.216,-22.9601],[-65.2005,-22.9575],[-65.2016,-22.9669],[-65.1924,-22.9668],[-65.1875,-22.9718],[-65.1905,-22.9943],[-65.1889,-22.9982],[-65.1803,-22.9976],[-65.1698,-22.9999],[-65.1557,-22.9977],[-65.1433,-23.002],[-65.1316,-23.004],[-65.1292,-23.0097],[-65.1173,-23.0202],[-65.1036,-23.0253],[-65.095,-23.0251],[-65.0872,-23.0275],[-65.0755,-23.041],[-65.0713,-23.0412],[-65.0664,-23.0486],[-65.07,-23.0548],[-65.0623,-23.0651],[-65.0614,-23.0741],[-65.0665,-23.0838],[-65.0674,-23.0933],[-65.0633,-23.0971],[-65.0666,-23.1046],[-65.0622,-23.1188],[-65.0678,-23.1243],[-65.0716,-23.1323],[-65.0708,-23.1387],[-65.064,-23.1403],[-65.0466,-23.1521],[-65.0461,-23.1628],[-65.0557,-23.177],[-65.0599,-23.1912],[-65.0641,-23.1973],[-65.0697,-23.1995],[-65.0748,-23.2138],[-65.072,-23.2203],[-65.0619,-23.2208],[-65.0598,-23.2256],[-65.0519,-23.2295],[-65.045,-23.2251],[-65.038,-23.2284],[-65.0365,-23.2378],[-65.0377,-23.2475],[-65.0336,-23.2552],[-65.0189,-23.2626],[-65.0159,-23.267],[-65.0142,-23.2783],[-65.0101,-23.2851],[-65.001,-23.2849],[-64.9883,-23.2811],[-64.9727,-23.283],[-64.9646,-23.2861],[-64.9561,-23.2814],[-64.9522,-23.2701],[-64.9429,-23.2724],[-64.9396,-23.2848],[-64.9291,-23.2967],[-64.9284,-23.301],[-64.9215,-23.3064],[-64.9118,-23.3093],[-64.9086,-23.3207],[-64.903,-23.325],[-64.8995,-23.3385],[-64.905,-23.3519],[-64.9004,-23.3567],[-64.8924,-23.3594],[-64.8937,-23.3649],[-64.9002,-23.3703],[-64.903,-23.3824],[-64.9005,-23.3893],[-64.9049,-23.3976],[-64.9105,-23.4008],[-64.9041,-23.4076],[-64.9067,-23.4238],[-64.9001,-23.4307],[-64.8949,-23.4404],[-64.8814,-23.442],[-64.8684,-23.4474],[-64.8695,-23.4569],[-64.874,-23.4697],[-64.8714,-23.4789],[-64.8642,-23.485],[-64.8586,-23.4856],[-64.8507,-23.492],[-64.8409,-23.4844],[-64.8314,-23.4889],[-64.8178,-23.4884],[-64.8042,-23.4954],[-64.7937,-23.4945],[-64.7883,-23.4962],[-64.7768,-23.4872],[-64.7735,-23.4866],[-64.7612,-23.4757],[-64.7492,-23.48],[-64.7394,-23.4789],[-64.7394,-23.4699],[-64.7315,-23.4683],[-64.7142,-23.4599],[-64.7058,-23.4614],[-64.6947,-23.4588],[-64.6926,-23.4523],[-64.68,-23.4546],[-64.6795,-23.4577],[-64.667,-23.4673],[-64.6612,-23.4787],[-64.6541,-23.4846],[-64.6355,-23.4849],[-64.6237,-23.4912],[-64.6146,-23.4923],[-64.599,-23.5012],[-64.5861,-23.5122],[-64.5776,-23.5138],[-64.5691,-23.5073],[-64.5665,-23.5139],[-64.5592,-23.5148],[-64.5534,-23.5123],[-64.5453,-23.5234],[-64.5319,-23.5222],[-64.5352,-23.5359],[-64.521,-23.5453],[-64.52,-23.5516],[-64.5096,-23.5601],[-64.5034,-23.5613],[-64.4948,-23.5687],[-64.4959,-23.5784],[-64.4924,-23.5866],[-64.4838,-23.5997],[-64.4794,-23.5994],[-64.4788,-23.6082],[-64.4644,-23.6124],[-64.4613,-23.6233],[-64.4526,-23.6275],[-64.4473,-23.6272],[-64.4483,-23.6394],[-64.4408,-23.6379],[-64.4334,-23.633],[-64.419,-23.6357],[-64.4089,-23.6279],[-64.4068,-23.6197],[-64.3932,-23.6101],[-64.4022,-23.5965],[-64.3912,-23.584],[-64.3862,-23.5813],[-64.3847,-23.5749],[-64.3856,-23.5636],[-64.3791,-23.5538],[-64.37,-23.5448],[-64.3688,-23.5376],[-64.3639,-23.5334],[-64.3515,-23.5316],[-64.3543,-23.518],[-64.1571,-23.518],[-64.1579,-23.6334],[-64.1592,-23.8149],[-64.16,-23.9288],[-64.161,-24.0706],[-64.1537,-24.0798],[-64.1547,-24.0949],[-64.1543,-24.12],[-64.1508,-24.1364],[-64.157,-24.1469],[-64.1581,-24.1562],[-64.1624,-24.1642],[-64.1639,-24.1742],[-64.1616,-24.1792],[-64.1688,-24.1873],[-64.175,-24.2149],[-64.1673,-24.2163],[-64.1618,-24.2211],[-64.1684,-24.2255],[-64.1702,-24.2349],[-64.175,-24.2465],[-64.18,-24.2636],[-64.1855,-24.2703],[-64.1926,-24.2858],[-64.2076,-24.305],[-64.2167,-24.3086],[-64.2254,-24.3274],[-64.245,-24.3362],[-64.2524,-24.3444],[-64.2539,-24.3504],[-64.252,-24.3642],[-64.2706,-24.3857],[-64.2738,-24.3933],[-64.279,-24.3955],[-64.2888,-24.4071],[-64.2976,-24.4052],[-64.3051,-24.4135],[-64.3078,-24.4205],[-64.3175,-24.427],[-64.3255,-24.4232],[-64.3336,-24.4252],[-64.3378,-24.4218],[-64.346,-24.4254],[-64.3669,-24.4195],[-64.369,-24.415],[-64.3761,-24.416],[-64.3901,-24.4057],[-64.4217,-24.4022],[-64.4278,-24.4104],[-64.437,-24.4267],[-64.4358,-24.4409],[-64.4507,-24.454],[-64.4554,-24.463],[-64.4633,-24.4657],[-64.4768,-24.4626],[-64.4833,-24.4668],[-64.4916,-24.4817],[-64.4931,-24.491],[-64.4974,-24.5027],[-64.5019,-24.5058],[-64.5187,-24.5052],[-64.5249,-24.5081],[-64.5326,-24.5048],[-64.5365,-24.5092],[-64.5458,-24.5321],[-64.545,-24.5386],[-64.5601,-24.5772],[-64.5653,-24.5757],[-64.5773,-24.5829],[-64.5861,-24.585],[-64.5939,-24.5834],[-64.618,-24.5963],[-64.6317,-24.6079],[-64.6475,-24.6134],[-64.6571,-24.6075],[-64.665,-24.6074],[-64.6744,-24.6008],[-64.6836,-24.5908],[-64.6799,-24.5813],[-64.6841,-24.5711],[-64.691,-24.5713],[-64.7049,-24.5621],[-64.7108,-24.5551],[-64.717,-24.542],[-64.7258,-24.5299],[-64.7347,-24.5251],[-64.7466,-24.523],[-64.7529,-24.5244],[-64.7639,-24.5176],[-64.7706,-24.5042],[-64.7831,-24.4988],[-64.8117,-24.4828],[-64.8375,-24.4692],[-64.8548,-24.4698],[-64.8539,-24.475],[-64.8616,-24.4818],[-64.8619,-24.494],[-64.8709,-24.4953],[-64.8771,-24.5004],[-64.8756,-24.507],[-64.8811,-24.5127],[-64.8853,-24.5218],[-64.8827,-24.5365],[-64.8898,-24.5459],[-64.8915,-24.5652],[-64.8844,-24.5658],[-64.8849,-24.5722],[-64.8971,-24.5838],[-64.9006,-24.5913],[-64.9181,-24.5942],[-64.9286,-24.599],[-64.9375,-24.5944],[-64.944,-24.5966],[-64.9527,-24.5936],[-64.9687,-24.5853],[-64.9714,-24.5869],[-64.9816,-24.5807],[-64.9968,-24.5762],[-65.0073,-24.5796],[-65.0464,-24.5717],[-65.0629,-24.5633],[-65.0719,-24.5643],[-65.0797,-24.5622],[-65.0902,-24.5517],[-65.0913,-24.5433],[-65.0962,-24.5383],[-65.0999,-24.529],[-65.1,-24.529],[-65.1155,-24.5162],[-65.1309,-24.5108],[-65.141,-24.5038],[-65.1457,-24.4944],[-65.1564,-24.487],[-65.1601,-24.4794],[-65.166,-24.4782],[-65.1737,-24.4699],[-65.1945,-24.4598],[-65.207,-24.4609],[-65.2184,-24.4645],[-65.2307,-24.4715],[-65.2293,-24.4862],[-65.2478,-24.4859],[-65.2534,-24.4887],[-65.2685,-24.4915],[-65.2966,-24.4937],[-65.3068,-24.4995],[-65.3173,-24.5023],[-65.3291,-24.5004],[-65.3348,-24.4974],[-65.3434,-24.4977],[-65.3535,-24.4909],[-65.3578,-24.4819],[-65.3518,-24.4688],[-65.3588,-24.4613],[-65.3701,-24.4648],[-65.3777,-24.4621],[-65.392,-24.4612],[-65.3976,-24.4578],[-65.4162,-24.4559],[-65.4183,-24.4514],[-65.4272,-24.451],[-65.433,-24.4572],[-65.4398,-24.4605],[-65.4489,-24.4519],[-65.4514,-24.4429],[-65.4643,-24.4306],[-65.4756,-24.4303],[-65.488,-24.4276],[-65.5044,-24.4381],[-65.5063,-24.4554],[-65.5109,-24.4558],[-65.5204,-24.4463],[-65.527,-24.4505],[-65.5437,-24.4493],[-65.546,-24.4424],[-65.5561,-24.4376],[-65.5652,-24.4268],[-65.5713,-24.4222],[-65.5922,-24.4176],[-65.6002,-24.417],[-65.6026,-24.4093],[-65.6116,-24.4072],[-65.6143,-24.4019],[-65.6162,-24.3879],[-65.6224,-24.3811],[-65.63,-24.3834],[-65.6534,-24.3803],[-65.6587,-24.3677],[-65.6559,-24.3638],[-65.6559,-24.3551],[-65.6626,-24.3453],[-65.6696,-24.3411],[-65.6765,-24.3203],[-65.6827,-24.3077],[-65.6782,-24.2939],[-65.6764,-24.2825],[-65.6734,-24.2795],[-65.6705,-24.2568],[-65.6725,-24.2487],[-65.6802,-24.2458],[-65.6846,-24.2381],[-65.6972,-24.2297],[-65.6945,-24.2148],[-65.7031,-24.2074],[-65.7101,-24.1969],[-65.7188,-24.1947],[-65.725,-24.186],[-65.7158,-24.1699],[-65.7161,-24.163],[-65.7231,-24.1519],[-65.7308,-24.1442],[-65.7266,-24.1262],[-65.7224,-24.1183],[-65.7209,-24.1093],[-65.7269,-24.0993],[-65.7345,-24.0906],[-65.7333,-24.084],[-65.7375,-24.0801],[-65.7495,-24.0759],[-65.7529,-24.0696],[-65.7463,-24.0624],[-65.7583,-24.0559],[-65.7851,-24.056],[-65.8028,-24.0345],[-65.8273,-24.019],[-65.8431,-24.019],[-65.8505,-24.0156],[-65.8674,-24.0033],[-65.8781,-24.0021],[-65.8887,-24.0039],[-65.9051,-24.0046],[-65.9171,-24.0034],[-65.9431,-24.0082],[-65.9502,-24.0036],[-65.9482,-23.9941],[-65.9375,-23.9757],[-65.942,-23.9675],[-65.9602,-23.9667],[-65.9713,-23.9764],[-65.9804,-23.9802],[-65.9909,-23.9817],[-65.994,-23.9644],[-65.9978,-23.9606],[-65.9965,-23.9446],[-66.0043,-23.9274],[-66.0138,-23.925],[-66.0165,-23.9181],[-66.0151,-23.9086],[-66.011,-23.8984],[-66.0181,-23.8824],[-66.0219,-23.8617],[-66.0198,-23.8467],[-66.014,-23.8353],[-66.0102,-23.8216],[-66.0081,-23.8027],[-66.0105,-23.7908],[-66.0099,-23.7747],[-66.0034,-23.6986],[-65.9872,-23.5097],[-65.9991,-23.5148],[-66.0112,-23.5088],[-66.0208,-23.5003],[-66.0528,-23.4779],[-66.073,-23.4686],[-66.094,-23.4549],[-66.1092,-23.4373],[-66.1198,-23.4303],[-66.1423,-23.4219],[-66.1717,-23.4139],[-66.1854,-23.4221],[-66.1821,-23.4356],[-66.1933,-23.4527],[-66.2059,-23.4619],[-66.2186,-23.4844],[-66.2293,-23.4853],[-66.2359,-23.4925],[-66.2396,-23.4925],[-66.2498,-23.5116],[-66.2534,-23.5301],[-66.2581,-23.5342],[-66.2605,-23.5583],[-66.2649,-23.5663],[-66.2732,-23.573],[-66.2836,-23.5747],[-66.287,-23.5688],[-66.2964,-23.5693],[-66.2977,-23.5616],[-66.3052,-23.5593],[-66.3111,-23.5614],[-66.3174,-23.5736],[-66.3183,-23.5796],[-66.3154,-23.5855],[-66.3157,-23.5931],[-66.32,-23.5978],[-66.3172,-23.606],[-66.3216,-23.6084],[-66.3272,-23.6173],[-66.3334,-23.6223],[-66.3355,-23.6285],[-66.3294,-23.632],[-66.3321,-23.6406],[-66.3303,-23.6566],[-66.3369,-23.6572],[-66.3381,-23.669],[-66.3482,-23.6685],[-66.3535,-23.6731],[-66.359,-23.6841],[-66.3676,-23.6946],[-66.3681,-23.7175],[-66.3726,-23.7222],[-66.3679,-23.7265],[-66.3676,-23.7331],[-66.3769,-23.7489],[-66.3675,-23.7744],[-66.3605,-23.7842],[-66.3597,-23.7994],[-66.3575,-23.8096],[-66.3579,-23.8229],[-66.3679,-23.8245],[-66.372,-23.8219],[-66.3808,-23.8279],[-66.3793,-23.8474],[-66.3742,-23.8527],[-66.3715,-23.8626],[-66.3645,-23.8674],[-66.36,-23.877],[-66.3544,-23.8839],[-66.3533,-23.8903],[-66.3604,-23.896],[-66.362,-23.9061],[-66.3606,-23.9209],[-66.3667,-23.9337],[-66.3622,-23.9366],[-66.3653,-23.9645],[-66.3681,-23.9719],[-66.3618,-23.9768],[-66.3593,-23.9845],[-66.3434,-23.9827],[-66.3533,-23.9986],[-66.3513,-24.0061],[-66.3529,-24.015],[-66.3497,-24.0212],[-66.3584,-24.034],[-66.3646,-24.0384],[-66.3702,-24.0501],[-66.368,-24.0614],[-66.3705,-24.0801],[-66.3623,-24.0874],[-66.3695,-24.0932],[-66.3766,-24.1184],[-66.3817,-24.1222],[-66.3818,-24.1278],[-66.3936,-24.1289],[-66.4031,-24.1245],[-66.4143,-24.1287],[-66.4148,-24.1434],[-66.4221,-24.1495],[-66.4206,-24.1607],[-66.4258,-24.1656],[-66.4348,-24.1679],[-66.4457,-24.1647],[-66.4482,-24.1687],[-66.4603,-24.1739],[-66.4788,-24.1846],[-66.469,-24.1984],[-66.4723,-24.2039],[-66.4834,-24.213],[-66.4912,-24.2093],[-66.5001,-24.1987],[-66.5121,-24.1974],[-66.5184,-24.2015],[-66.5332,-24.2075],[-66.5436,-24.2076],[-66.5488,-24.1937],[-66.5571,-24.1918],[-66.5587,-24.1873],[-66.5668,-24.1861],[-66.5723,-24.1887],[-66.5908,-24.188],[-66.6039,-24.1832],[-66.6194,-24.1818],[-66.6291,-24.1761],[-66.6463,-24.1725],[-66.6529,-24.1659],[-66.666,-24.1575],[-66.6786,-24.1421],[-66.6896,-24.1375],[-66.6996,-24.1368],[-66.7074,-24.1328],[-66.7141,-24.1323],[-66.7291,-24.1192],[-66.7338,-24.1042],[-66.741,-24.0926],[-66.7522,-24.0871],[-66.7752,-24.0878],[-66.7938,-24.0968],[-66.8012,-24.0945],[-66.8244,-24.0799],[-66.84,-24.0681],[-66.8626,-24.0181],[-66.8673,-24.009],[-66.8799,-23.9939],[-66.8823,-23.9803],[-66.8804,-23.9752],[-66.8871,-23.9717],[-66.9113,-23.9714],[-66.9152,-23.9702],[-66.9277,-23.9747],[-66.9411,-23.984],[-66.951,-23.9709],[-66.9494,-23.9657],[-66.9612,-23.9448],[-66.9699,-23.9363],[-66.9794,-23.9226],[-66.983,-23.9071],[-66.9885,-23.8951],[-66.9976,-23.885],[-67.1427,-23.7569],[-67.213,-23.6949],[-67.2541,-23.8236],[-67.2685,-23.865],[-67.2884,-23.9287],[-67.3094,-23.9943],[-67.3134,-24.0037],[-67.3226,-24.0342],[-67.4227,-24.0738],[-67.459,-24.0878],[-67.6276,-24.1545],[-67.7177,-24.1899],[-67.8296,-24.2336],[-67.8321,-24.2354],[-67.9608,-24.2854],[-68.0438,-24.3173],[-68.2455,-24.3961],[-68.2501,-24.402],[-68.2587,-24.4018],[-68.2626,-24.4052],[-68.2623,-24.4158],[-68.2687,-24.4352],[-68.2873,-24.4469],[-68.2917,-24.4537],[-68.2972,-24.4555],[-68.2998,-24.4683],[-68.3102,-24.4852],[-68.309,-24.4919],[-68.3224,-24.4894],[-68.3322,-24.4922],[-68.3494,-24.491],[-68.3604,-24.4889],[-68.3766,-24.492],[-68.3858,-24.4863],[-68.3916,-24.4916],[-68.3953,-24.5056],[-68.4033,-24.5106],[-68.406,-24.5185],[-68.4032,-24.524],[-68.4146,-24.543],[-68.4215,-24.5646],[-68.4311,-24.5775],[-68.4341,-24.5842],[-68.4333,-24.5981],[-68.4437,-24.6042],[-68.4521,-24.6037],[-68.4551,-24.6168],[-68.4626,-24.623],[-68.4751,-24.6213],[-68.4766,-24.6161],[-68.4846,-24.6077],[-68.4857,-24.6023],[-68.4932,-24.5996],[-68.4958,-24.6076],[-68.5033,-24.6182],[-68.493,-24.6382],[-68.4881,-24.6395],[-68.4896,-24.6502],[-68.4939,-24.6555],[-68.4922,-24.6619],[-68.4967,-24.6751],[-68.5021,-24.6769],[-68.5042,-24.6849],[-68.5153,-24.6991],[-68.5159,-24.7039],[-68.5261,-24.7102],[-68.5354,-24.7135],[-68.5374,-24.7201],[-68.5443,-24.7243],[-68.5466,-24.7535],[-68.5499,-24.7575],[-68.5619,-24.7627],[-68.5605,-24.7707],[-68.563,-24.7854],[-68.5687,-24.7935],[-68.5587,-24.8047],[-68.5533,-24.8051],[-68.538,-24.8173],[-68.537,-24.826],[-68.5331,-24.8286],[-68.5323,-24.8487],[-68.5332,-24.8583],[-68.5243,-24.8622],[-68.518,-24.8746],[-68.4933,-24.8759],[-68.4863,-24.8876],[-68.4873,-24.8944],[-68.4686,-24.9014],[-68.4558,-24.9032],[-68.4473,-24.9018],[-68.4422,-24.906],[-68.4325,-24.9059],[-68.4343,-24.9135],[-68.4398,-24.9194],[-68.4318,-24.9285],[-68.432,-24.9371],[-68.429,-24.944],[-68.4276,-24.9609],[-68.4188,-24.9628],[-68.4087,-24.9734],[-68.4168,-24.9941],[-68.4136,-25],[-68.4126,-25.0163],[-68.4061,-25.0226],[-68.406,-25.0311],[-68.3888,-25.0379],[-68.3788,-25.0318],[-68.3791,-25.0431],[-68.3711,-25.0534],[-68.3695,-25.0597],[-68.3738,-25.0655],[-68.3661,-25.0684],[-68.3671,-25.0823],[-68.3621,-25.0821],[-68.3567,-25.0923],[-68.3577,-25.0993],[-68.349,-25.1091],[-68.3442,-25.1108],[-68.4102,-25.1453],[-68.4378,-25.1251],[-68.4432,-25.1316],[-68.4531,-25.13],[-68.4608,-25.1263],[-68.4654,-25.131],[-68.4716,-25.1503],[-68.4832,-25.1547],[-68.4877,-25.1627],[-68.5003,-25.1618],[-68.507,-25.1683],[-68.4108,-25.1788],[-68.2544,-25.1959],[-68.127,-25.2098],[-67.9639,-25.2276],[-67.8646,-25.2384],[-67.6699,-25.2391],[-67.6429,-25.2391],[-67.5693,-25.2394],[-67.3964,-25.24],[-67.2916,-25.2403],[-67.1151,-25.2409],[-66.8793,-25.2417],[-66.7414,-25.267],[-66.5582,-25.3007],[-66.5651,-25.3025],[-66.5752,-25.3124],[-66.5817,-25.3214],[-66.5857,-25.3418],[-66.5994,-25.3631],[-66.5896,-25.3724],[-66.5763,-25.3732],[-66.5476,-25.3689],[-66.5344,-25.3756],[-66.5345,-25.3857],[-66.5283,-25.4044],[-66.5245,-25.4104],[-66.521,-25.4234],[-66.5185,-25.4403],[-66.5229,-25.453],[-66.5308,-25.4562],[-66.5352,-25.4623],[-66.5331,-25.4806],[-66.5321,-25.5006],[-66.541,-25.51],[-66.5394,-25.5137],[-66.5428,-25.5224],[-66.5346,-25.5365],[-66.5458,-25.55],[-66.548,-25.5547],[-66.5615,-25.5623],[-66.5648,-25.5668],[-66.5689,-25.5816],[-66.5728,-25.5867],[-66.5636,-25.6017],[-66.5639,-25.6218],[-66.5771,-25.6262],[-66.5832,-25.6247],[-66.6065,-25.6287],[-66.6118,-25.6418],[-66.6233,-25.647],[-66.6304,-25.6544],[-66.6331,-25.6627],[-66.6315,-25.6697],[-66.6362,-25.681],[-66.636,-25.6882],[-66.6429,-25.697],[-66.6481,-25.7117],[-66.6517,-25.7125],[-66.6759,-25.7103],[-66.6913,-25.7037],[-66.7177,-25.7051],[-66.7323,-25.704],[-66.74,-25.7058],[-66.7594,-25.706],[-66.7893,-25.6994],[-66.8017,-25.6988],[-66.8129,-25.7001],[-66.8308,-25.706],[-66.8433,-25.7126],[-66.8517,-25.723],[-66.8526,-25.7282],[-66.8632,-25.7429],[-66.8657,-25.752],[-66.8708,-25.7602],[-66.8707,-25.7682],[-66.8579,-25.7725],[-66.8498,-25.7843],[-66.8476,-25.7963],[-66.8476,-25.8291],[-66.8467,-25.8398],[-66.8393,-25.8807],[-66.8431,-25.8838],[-66.8495,-25.8971],[-66.8481,-25.9065],[-66.8532,-25.9136],[-66.8486,-25.9299],[-66.8479,-25.9372],[-66.8506,-25.945],[-66.8446,-25.951],[-66.8437,-25.9645],[-66.8466,-25.9701],[-66.827,-25.9953],[-66.8197,-25.9995],[-66.8087,-26.0128],[-66.7948,-26.0202],[-66.7801,-26.0353],[-66.7814,-26.0455],[-66.7764,-26.0489],[-66.7573,-26.0501],[-66.7513,-26.0602],[-66.7418,-26.0644],[-66.7323,-26.0649],[-66.7289,-26.0748],[-66.7222,-26.0795],[-66.7147,-26.074],[-66.7055,-26.0757],[-66.7044,-26.0817],[-66.6889,-26.0773],[-66.6795,-26.08],[-66.666,-26.0752],[-66.6609,-26.0767],[-66.6574,-26.0868],[-66.6531,-26.0911],[-66.6551,-26.1015],[-66.6593,-26.1072],[-66.6463,-26.1106],[-66.6389,-26.1152],[-66.6223,-26.1317],[-66.6204,-26.1419],[-66.617,-26.1454],[-66.6011,-26.1478],[-66.5932,-26.1512],[-66.5828,-26.1617],[-66.5826,-26.1672],[-66.5734,-26.1764],[-66.5718,-26.1856],[-66.5766,-26.1981],[-66.5749,-26.2139],[-66.5702,-26.2184],[-66.5686,-26.2305],[-66.5653,-26.236],[-66.5668,-26.2492],[-66.5571,-26.2542],[-66.5535,-26.26],[-66.5535,-26.2685],[-66.559,-26.2759],[-66.557,-26.285],[-66.5603,-26.2948],[-66.5564,-26.2998],[-66.5566,-26.3105],[-66.5471,-26.3219],[-66.5484,-26.3346],[-66.5391,-26.3465],[-66.5399,-26.3532],[-66.5317,-26.3548],[-66.5244,-26.36],[-66.5167,-26.3597],[-66.5082,-26.3648],[-66.4892,-26.3663],[-66.4775,-26.3593],[-66.461,-26.3641],[-66.4563,-26.3697],[-66.443,-26.3752],[-66.4383,-26.3813],[-66.4241,-26.3872],[-66.4137,-26.3988],[-66.382,-26.4168],[-66.3748,-26.4126],[-66.3699,-26.3961],[-66.3702,-26.3898],[-66.3618,-26.3698],[-66.3624,-26.3627],[-66.3553,-26.3521],[-66.342,-26.3423],[-66.3411,-26.3338],[-66.3321,-26.3214],[-66.3307,-26.3107],[-66.3274,-26.3019],[-66.3202,-26.2973],[-66.3226,-26.2893],[-66.3115,-26.283],[-66.302,-26.2707],[-66.306,-26.2623],[-66.2977,-26.2463],[-66.293,-26.2293],[-66.2865,-26.2225],[-66.2798,-26.2201],[-66.2765,-26.2115],[-66.2671,-26.203],[-66.2673,-26.1961],[-66.2541,-26.1897],[-66.2431,-26.177],[-66.2402,-26.1631],[-66.2304,-26.1497],[-66.219,-26.1465],[-66.2053,-26.1326],[-66.1944,-26.1306],[-66.1862,-26.1362],[-66.1705,-26.134],[-66.1657,-26.1397],[-66.156,-26.1446],[-66.1423,-26.1593],[-66.1382,-26.1751],[-66.1331,-26.1814],[-66.1216,-26.1883],[-66.1113,-26.2062],[-66.1041,-26.2094],[-66.0998,-26.2205],[-66.0714,-26.2387],[-66.047,-26.2412],[-66.0419,-26.2493],[-66.033,-26.2499],[-66,-26.264],[-65.8262,-26.319],[-65.7194,-26.3528],[-65.7124,-26.3442],[-65.7115,-26.3287],[-65.723,-26.313],[-65.722,-26.3095],[-65.7075,-26.299],[-65.7116,-26.2892],[-65.7228,-26.2798],[-65.7158,-26.2656],[-65.7081,-26.2607],[-65.7117,-26.253],[-65.7028,-26.2416],[-65.7034,-26.2253],[-65.709,-26.2204],[-65.7117,-26.2134],[-65.7036,-26.202],[-65.7031,-26.1893],[-65.696,-26.1873],[-65.6945,-26.1731],[-65.6921,-26.1647],[-65.6999,-26.1564],[-65.6978,-26.1446],[-65.6893,-26.1257],[-65.6885,-26.1173],[-65.6645,-26.1174],[-65.6401,-26.111],[-65.6361,-26.1187],[-65.63,-26.1234],[-65.6164,-26.1238],[-65.6017,-26.1207],[-65.5964,-26.1137],[-65.5873,-26.1145],[-65.582,-26.107],[-65.5704,-26.1008],[-65.5694,-26.0973],[-65.5583,-26.0938],[-65.5481,-26.0875],[-65.531,-26.0936],[-65.521,-26.0953],[-65.5046,-26.09],[-65.494,-26.0905],[-65.4766,-26.0953],[-65.4692,-26.0907],[-65.4603,-26.0945],[-65.4588,-26.1026],[-65.4471,-26.1057],[-65.4412,-26.1042],[-65.4384,-26.1095],[-65.4225,-26.1085],[-65.4161,-26.104],[-65.4093,-26.0948],[-65.3888,-26.0846],[-65.3801,-26.0713],[-65.3745,-26.0654],[-65.3698,-26.0657],[-65.363,-26.0587],[-65.3471,-26.0604],[-65.3362,-26.0683],[-65.3323,-26.0658],[-65.322,-26.0719],[-65.3171,-26.0812],[-65.3081,-26.0845],[-65.2999,-26.0806],[-65.2968,-26.0848],[-65.3009,-26.0908],[-65.2963,-26.0942],[-65.2916,-26.1037],[-65.2897,-26.1138],[-65.2934,-26.1168],[-65.2938,-26.1268],[-65.2886,-26.1276],[-65.2842,-26.1362],[-65.2861,-26.1414],[-65.2803,-26.1476],[-65.282,-26.1521],[-65.2754,-26.1557],[-65.2761,-26.1666],[-65.2721,-26.1732],[-65.2227,-26.1844],[-65.2254,-26.1905],[-65.1954,-26.195],[-65.1934,-26.1941],[-65.1098,-26.2167],[-65.0508,-26.231],[-65.0426,-26.2296],[-65.0407,-26.2374],[-65.043,-26.248],[-65.0471,-26.2543],[-65.0463,-26.2646],[-65.0334,-26.2707],[-65.0386,-26.2854],[-65.0353,-26.2896],[-65.0268,-26.2913],[-65.0144,-26.2848],[-65.0032,-26.2826],[-64.9938,-26.2838],[-64.99,-26.2801],[-64.9766,-26.2747],[-64.9656,-26.2951],[-64.9585,-26.3036],[-64.9509,-26.3068],[-64.94,-26.3021],[-64.9238,-26.2922],[-64.9123,-26.2918],[-64.904,-26.2876],[-64.8979,-26.2797],[-64.8873,-26.2825],[-64.8734,-26.2749],[-64.8663,-26.2625],[-64.859,-26.2576],[-64.8583,-26.253],[-64.8471,-26.2479],[-64.8469,-26.2398],[-64.8394,-26.2367],[-64.8319,-26.2371],[-64.8228,-26.2427],[-64.8159,-26.2313],[-64.8093,-26.2328],[-64.7822,-26.2234],[-64.7725,-26.2261],[-64.7591,-26.224],[-64.7482,-26.2379],[-64.7268,-26.2409],[-64.7106,-26.2358],[-64.6904,-26.24],[-64.6773,-26.2377],[-64.6678,-26.2427],[-64.6478,-26.238],[-64.6429,-26.2324],[-64.6334,-26.2348],[-64.6217,-26.2264],[-64.6147,-26.233],[-64.6064,-26.2277],[-64.5902,-26.2203],[-64.5838,-26.224],[-64.58,-26.2184],[-64.572,-26.2235],[-64.5525,-26.2259],[-64.5429,-26.2201],[-64.5381,-26.222],[-64.5191,-26.2242],[-64.5133,-26.2191],[-64.5028,-26.217],[-64.4949,-26.2195],[-64.4255,-26.1159],[-64.4167,-26.1143],[-64.4036,-26.0484],[-64.413,-26.0405],[-64.4003,-26.0115],[-64.2765,-25.7206],[-64.268,-25.7006],[-64.1975,-25.7095],[-64.1963,-25.728],[-64.0255,-25.7539],[-64.0078,-25.6738],[-63.9087,-25.683],[-63.875,-25.6848],[-63.7676,-25.6854],[-63.7427,-25.6851],[-63.6605,-25.6854],[-63.5663,-25.7099],[-63.4755,-25.71],[-63.4224,-25.6492],[-63.3594,-25.5771],[-63.2971,-25.5053],[-63.2355,-25.4347],[-63.2045,-25.3986],[-63.1075,-25.2865],[-63.0087,-25.1719],[-62.8856,-25.0287],[-62.8451,-24.9819],[-62.7227,-24.8391],[-62.6151,-24.7116],[-62.5142,-24.5946],[-62.3796,-24.4358],[-62.3424,-24.3921],[-62.3421,-24.3578],[-62.3421,-24.2373],[-62.3422,-24.1102],[-62.3423,-23.9484],[-62.3423,-23.7521],[-62.3421,-23.6747],[-62.342,-23.5264],[-62.3418,-23.346],[-62.3416,-22.8887],[-62.3415,-22.6892],[-62.3414,-22.5907],[-62.3423,-22.4609]]]},"properties":{"nombre":"Salta","slug":"salta"}},
{"type":"Feature","geometry":{"type":"MultiPolygon","coordinates":[[[[-58.3635,-34.0221],[-58.3789,-34.0122],[-58.3983,-34.0105],[-58.4632,-34.0019],[-58.4773,-34.0026],[-58.4995,-34.0085],[-58.5067,-34.013],[-58.5396,-34.0217],[-58.5532,-34.0267],[-58.5705,-34.026],[-58.5786,-34.0272],[-58.596,-34.0355],[-58.6072,-34.0379],[-58.6305,-34.0398],[-58.6505,-34.0367],[-58.6707,-34.0285],[-58.684,-34.0193],[-58.7164,-33.9839],[-58.7335,-33.9665],[-58.7637,-33.9453],[-58.7722,-33.9425],[-58.7904,-33.9452],[-58.8156,-33.9546],[-58.8306,-33.9553],[-58.8549,-33.9472],[-58.8713,-33.9334],[-58.8827,-33.9176],[-58.8877,-33.9076],[-58.8998,-33.891],[-58.9215,-33.8791],[-58.9396,-33.8735],[-58.9581,-33.8751],[-58.9779,-33.8704],[-58.9866,-33.8608],[-58.9888,-33.8461],[-58.9929,-33.8418],[-59.0041,-33.8418],[-59.015,-33.848],[-59.0288,-33.8463],[-59.0403,-33.8364],[-59.0555,-33.8324],[-59.0663,-33.8329],[-59.1,-33.8452],[-59.1126,-33.8483],[-59.1307,-33.8477],[-59.1386,-33.8438],[-59.1598,-33.824],[-59.1681,-33.8094],[-59.178,-33.8064],[-59.2188,-33.8147],[-59.2423,-33.8075],[-59.2489,-33.8034],[-59.2548,-33.7939],[-59.2549,-33.7859],[-59.2517,-33.7726],[-59.2398,-33.7547],[-59.2354,-33.74],[-59.2398,-33.7301],[-59.2543,-33.7223],[-59.3072,-33.7293],[-59.3336,-33.7294],[-59.3459,-33.7308],[-59.3777,-33.7365],[-59.3927,-33.7367],[-59.4253,-33.7326],[-59.449,-33.7245],[-59.4565,-33.7192],[-59.4678,-33.7043],[-59.4726,-33.6725],[-59.4757,-33.6584],[-59.4793,-33.6529],[-59.4926,-33.6399],[-59.5167,-33.6308],[-59.5298,-33.6334],[-59.543,-33.6406],[-59.5598,-33.6548],[-59.5906,-33.6872],[-59.6091,-33.6953],[-59.6174,-33.6937],[-59.628,-33.6857],[-59.6342,-33.6719],[-59.636,-33.6427],[-59.6457,-33.63],[-59.6644,-33.6175],[-59.6972,-33.6084],[-59.7301,-33.6037],[-59.7511,-33.6091],[-59.7726,-33.608],[-59.7876,-33.6036],[-59.8036,-33.5956],[-59.811,-33.5849],[-59.8084,-33.5611],[-59.8095,-33.5517],[-59.82,-33.5338],[-59.8339,-33.5213],[-59.8466,-33.5181],[-59.867,-33.5164],[-59.8878,-33.5129],[-59.9012,-33.5065],[-59.9089,-33.4998],[-59.9235,-33.4801],[-59.933,-33.4749],[-59.9428,-33.4725],[-59.9704,-33.4704],[-59.9896,-33.4718],[-59.9994,-33.4701],[-60.0448,-33.4475],[-60.0558,-33.4397],[-60.0722,-33.4247],[-60.0784,-33.4154],[-60.0871,-33.3944],[-60.1111,-33.373],[-60.1381,-33.3591],[-60.1535,-33.356],[-60.1696,-33.349],[-60.1762,-33.3392],[-60.1803,-33.3249],[-60.1905,-33.3032],[-60.2007,-33.2922],[-60.2282,-33.2804],[-60.2595,-33.2619],[-60.2524,-33.275],[-60.2649,-33.2691],[-60.2711,-33.2878],[-60.2843,-33.3099],[-60.2828,-33.3134],[-60.2907,-33.3232],[-60.3008,-33.3283],[-60.3134,-33.3387],[-60.3234,-33.3503],[-60.3266,-33.368],[-60.3217,-33.3737],[-60.3249,-33.3831],[-60.3348,-33.3971],[-60.3335,-33.4073],[-60.3467,-33.4243],[-60.3646,-33.4329],[-60.3725,-33.4394],[-60.3892,-33.4481],[-60.4001,-33.46],[-60.4085,-33.466],[-60.4121,-33.4728],[-60.4133,-33.484],[-60.4169,-33.4886],[-60.4163,-33.4981],[-60.421,-33.5046],[-60.4224,-33.515],[-60.4205,-33.5255],[-60.4215,-33.5348],[-60.4154,-33.5439],[-60.4185,-33.5585],[-60.4266,-33.5651],[-60.4406,-33.5674],[-60.4491,-33.579],[-60.4574,-33.5825],[-60.4565,-33.6014],[-60.4605,-33.6102],[-60.4569,-33.6232],[-60.4596,-33.6315],[-60.4679,-33.6373],[-60.4764,-33.6375],[-60.4898,-33.6433],[-60.5097,-33.6461],[-60.5187,-33.6443],[-60.5233,-33.6487],[-60.5612,-33.6452],[-60.5828,-33.6343],[-60.6018,-33.6274],[-60.6059,-33.6304],[-60.6166,-33.6254],[-60.6255,-33.6255],[-60.6397,-33.6161],[-60.6482,-33.6074],[-60.6564,-33.6038],[-60.6648,-33.5923],[-60.6906,-33.5841],[-60.701,-33.5849],[-60.7113,-33.5888],[-60.7344,-33.5865],[-60.7471,-33.5883],[-60.7821,-33.5776],[-60.7931,-33.5701],[-60.8107,-33.5548],[-60.8108,-33.5473],[-60.8203,-33.5406],[-60.8247,-33.5438],[-60.8445,-33.546],[-60.8613,-33.5463],[-60.882,-33.5566],[-60.8941,-33.5652],[-60.9181,-33.5884],[-60.9235,-33.6177],[-60.9219,-33.6371],[-60.9324,-33.647],[-60.934,-33.6547],[-60.976,-33.6943],[-61.0884,-33.7997],[-61.1853,-33.89],[-61.3314,-34.0257],[-61.5658,-34.243],[-61.7198,-34.3856],[-61.8161,-34.3856],[-62.0674,-34.3857],[-62.2691,-34.3858],[-62.5315,-34.3859],[-62.7576,-34.3861],[-62.8839,-34.3865],[-63.2754,-34.3859],[-63.3851,-34.3858],[-63.3853,-34.5296],[-63.3855,-34.6868],[-63.3854,-34.822],[-63.3857,-35.0022],[-63.3857,-35.1379],[-63.3857,-35.2506],[-63.3856,-35.409],[-63.3856,-35.5584],[-63.3856,-35.6494],[-63.3855,-35.8364],[-63.3854,-36.0247],[-63.3853,-36.1765],[-63.3856,-36.266],[-63.3855,-36.3984],[-63.3854,-36.5485],[-63.3851,-36.7082],[-63.3853,-36.8086],[-63.3852,-36.9199],[-63.3855,-36.9216],[-63.3855,-37.1129],[-63.3853,-37.2952],[-63.3855,-37.3496],[-63.3852,-37.5397],[-63.3855,-37.6583],[-63.3856,-37.7747],[-63.3857,-37.9116],[-63.3855,-37.9822],[-63.3855,-38.1698],[-63.3851,-38.3422],[-63.3849,-38.5454],[-63.3845,-38.6056],[-63.3848,-38.6281],[-63.385,-38.7227],[-63.3842,-38.8178],[-63.384,-38.9737],[-63.3835,-39.0154],[-63.3837,-39.0569],[-63.3834,-39.1735],[-63.3833,-39.3285],[-63.383,-39.3819],[-63.383,-39.48],[-63.3829,-39.6136],[-63.3825,-39.8145],[-63.3823,-39.9442],[-63.3815,-40.1273],[-63.381,-40.2578],[-63.3808,-40.4075],[-63.3803,-40.5774],[-63.3801,-40.6744],[-63.3793,-40.7104],[-63.3662,-40.7],[-63.3716,-40.692],[-63.3636,-40.6895],[-63.3577,-40.6998],[-63.3414,-40.7006],[-63.3297,-40.7091],[-63.3171,-40.7067],[-63.3047,-40.7089],[-63.2962,-40.7149],[-63.2971,-40.7237],[-63.2853,-40.7294],[-63.2722,-40.7227],[-63.2334,-40.7238],[-63.204,-40.7228],[-63.1921,-40.7167],[-63.1731,-40.7271],[-63.1553,-40.7296],[-63.1397,-40.7416],[-63.1136,-40.7474],[-63.1031,-40.7599],[-63.0892,-40.765],[-63.0813,-40.7637],[-63.0569,-40.7696],[-63.0432,-40.776],[-63.0327,-40.7931],[-63,-40.7978],[-62.991,-40.801],[-62.9788,-40.816],[-62.9603,-40.8169],[-62.9511,-40.8227],[-62.9465,-40.83],[-62.944,-40.8402],[-62.9299,-40.8474],[-62.9217,-40.8577],[-62.9156,-40.8697],[-62.8985,-40.8823],[-62.879,-40.8948],[-62.8644,-40.9141],[-62.8525,-40.9257],[-62.8454,-40.9409],[-62.8341,-40.949],[-62.8265,-40.9615],[-62.8186,-40.9694],[-62.802,-40.9826],[-62.7996,-41.0007],[-62.7957,-41.015],[-62.7897,-41.0242],[-62.7869,-41.0227],[-62.7713,-41.0295],[-62.7434,-41.0378],[-62.711,-41.0379],[-62.6983,-41.0289],[-62.6793,-41.0194],[-62.6707,-41.0125],[-62.6421,-40.9975],[-62.6047,-40.9829],[-62.5528,-40.9591],[-62.5313,-40.9505],[-62.4978,-40.94],[-62.4699,-40.9327],[-62.4275,-40.9244],[-62.394,-40.913],[-62.3849,-40.9089],[-62.3492,-40.889],[-62.3104,-40.8696],[-62.3027,-40.8507],[-62.2959,-40.8273],[-62.2813,-40.7972],[-62.2717,-40.7747],[-62.2638,-40.7636],[-62.2599,-40.7478],[-62.2501,-40.7296],[-62.237,-40.7122],[-62.2362,-40.6973],[-62.2337,-40.6903],[-62.2241,-40.6781],[-62.2156,-40.6703],[-62.1772,-40.6409],[-62.1736,-40.6346],[-62.1728,-40.6215],[-62.1696,-40.6107],[-62.1694,-40.6003],[-62.1728,-40.5845],[-62.1842,-40.5754],[-62.2025,-40.5672],[-62.2234,-40.5546],[-62.2288,-40.5534],[-62.2406,-40.5455],[-62.2577,-40.5384],[-62.2878,-40.5344],[-62.3088,-40.5273],[-62.3183,-40.5264],[-62.3174,-40.5347],[-62.2724,-40.5444],[-62.2617,-40.5509],[-62.2555,-40.551],[-62.2513,-40.5566],[-62.255,-40.5645],[-62.2527,-40.5705],[-62.2551,-40.5771],[-62.2614,-40.5788],[-62.2614,-40.5657],[-62.2723,-40.5662],[-62.2798,-40.5722],[-62.2865,-40.5694],[-62.2833,-40.5606],[-62.2887,-40.5513],[-62.2976,-40.5427],[-62.3192,-40.5372],[-62.3229,-40.5313],[-62.3237,-40.5198],[-62.3161,-40.5138],[-62.319,-40.5062],[-62.3373,-40.4958],[-62.3467,-40.4923],[-62.3595,-40.4952],[-62.3705,-40.4926],[-62.3899,-40.4824],[-62.3973,-40.4742],[-62.4189,-40.4637],[-62.4255,-40.4504],[-62.4217,-40.4452],[-62.4227,-40.4295],[-62.4404,-40.4166],[-62.4468,-40.408],[-62.4504,-40.3981],[-62.4503,-40.3844],[-62.4528,-40.3792],[-62.4618,-40.3732],[-62.4622,-40.3606],[-62.4677,-40.3509],[-62.4774,-40.3456],[-62.4866,-40.331],[-62.4894,-40.3168],[-62.4862,-40.3094],[-62.4879,-40.3003],[-62.4747,-40.2888],[-62.467,-40.2846],[-62.4635,-40.2773],[-62.453,-40.2698],[-62.4465,-40.2599],[-62.4458,-40.2502],[-62.4244,-40.2356],[-62.3894,-40.2284],[-62.3704,-40.2105],[-62.3631,-40.2092],[-62.3449,-40.1972],[-62.3389,-40.1869],[-62.3414,-40.1826],[-62.3359,-40.1751],[-62.3276,-40.1568],[-62.3317,-40.1414],[-62.3408,-40.1271],[-62.3419,-40.1194],[-62.34,-40.0972],[-62.3445,-40.0884],[-62.3508,-40.0661],[-62.3424,-40.0638],[-62.3402,-40.0424],[-62.3419,-40.0288],[-62.3372,-40.0253],[-62.3304,-39.9988],[-62.3338,-39.9945],[-62.3345,-39.9851],[-62.329,-39.9751],[-62.3375,-39.9676],[-62.3414,-39.9601],[-62.3348,-39.9543],[-62.3302,-39.9564],[-62.3263,-39.946],[-62.3261,-39.9252],[-62.3301,-39.9138],[-62.3235,-39.9026],[-62.3136,-39.9002],[-62.3127,-39.8859],[-62.3219,-39.8711],[-62.3161,-39.865],[-62.3015,-39.8639],[-62.3014,-39.8745],[-62.2853,-39.8791],[-62.2796,-39.8726],[-62.2652,-39.8714],[-62.2611,-39.8665],[-62.2608,-39.859],[-62.2408,-39.8572],[-62.2327,-39.8588],[-62.222,-39.8567],[-62.207,-39.8629],[-62.1906,-39.8624],[-62.1798,-39.8535],[-62.1615,-39.8603],[-62.1596,-39.8673],[-62.1476,-39.8663],[-62.1481,-39.8606],[-62.1394,-39.8573],[-62.1273,-39.8591],[-62.1222,-39.8509],[-62.1152,-39.8488],[-62.1168,-39.8276],[-62.1218,-39.8156],[-62.1254,-39.7866],[-62.1227,-39.774],[-62.126,-39.7677],[-62.1232,-39.7533],[-62.1249,-39.7456],[-62.1236,-39.7312],[-62.1187,-39.7223],[-62.116,-39.7104],[-62.1207,-39.7037],[-62.108,-39.6936],[-62.0962,-39.6874],[-62.1102,-39.6763],[-62.113,-39.6676],[-62.1191,-39.6629],[-62.1098,-39.6384],[-62.1098,-39.6256],[-62.0927,-39.5722],[-62.0896,-39.5401],[-62.0835,-39.5276],[-62.0744,-39.5196],[-62.0693,-39.5068],[-62.07,-39.5029],[-62.0641,-39.4903],[-62.0552,-39.4771],[-62.047,-39.4594],[-62.0455,-39.4474],[-62.0585,-39.4395],[-62.0724,-39.4366],[-62.0843,-39.4277],[-62.0986,-39.4205],[-62.1297,-39.4001],[-62.1512,-39.3889],[-62.1489,-39.3804],[-62.1608,-39.3831],[-62.1696,-39.3755],[-62.1743,-39.3835],[-62.1806,-39.3875],[-62.1924,-39.3823],[-62.1959,-39.3757],[-62.2068,-39.3706],[-62.2124,-39.3646],[-62.2228,-39.3659],[-62.2388,-39.3628],[-62.2383,-39.3584],[-62.2118,-39.361],[-62.2054,-39.3561],[-62.2061,-39.3458],[-62.2144,-39.3526],[-62.2272,-39.3488],[-62.2331,-39.3515],[-62.2388,-39.3452],[-62.2549,-39.3479],[-62.2665,-39.3366],[-62.2749,-39.3371],[-62.2758,-39.3277],[-62.2582,-39.3268],[-62.2641,-39.3125],[-62.2772,-39.3079],[-62.2727,-39.302],[-62.2659,-39.2995],[-62.2429,-39.3017],[-62.2322,-39.2969],[-62.2144,-39.2994],[-62.2072,-39.3053],[-62.1969,-39.3068],[-62.1887,-39.2976],[-62.1805,-39.3028],[-62.1712,-39.3161],[-62.1672,-39.3314],[-62.1616,-39.3336],[-62.1407,-39.3519],[-62.1342,-39.3558],[-62.1159,-39.3713],[-62.0899,-39.3885],[-62.0714,-39.3915],[-62.0491,-39.3886],[-62.0306,-39.3923],[-62.0235,-39.3908],[-62.0108,-39.3819],[-62.0093,-39.3669],[-62.0218,-39.3545],[-62.0308,-39.3544],[-62.0406,-39.3492],[-62.0548,-39.3306],[-62.0602,-39.3217],[-62.0721,-39.3182],[-62.1043,-39.3019],[-62.1302,-39.2927],[-62.1561,-39.2913],[-62.1704,-39.2855],[-62.1863,-39.2841],[-62.2166,-39.2747],[-62.2385,-39.2744],[-62.2703,-39.2688],[-62.2795,-39.2657],[-62.2881,-39.2695],[-62.304,-39.2707],[-62.3135,-39.2662],[-62.3157,-39.257],[-62.3104,-39.2504],[-62.3011,-39.2514],[-62.286,-39.2567],[-62.2775,-39.2506],[-62.2669,-39.2487],[-62.2449,-39.2543],[-62.2387,-39.2479],[-62.2474,-39.2441],[-62.2548,-39.2339],[-62.2603,-39.2312],[-62.2737,-39.2316],[-62.2904,-39.2243],[-62.3109,-39.2109],[-62.3112,-39.2046],[-62.3237,-39.1923],[-62.3312,-39.1802],[-62.3309,-39.1695],[-62.3422,-39.163],[-62.3419,-39.1563],[-62.3346,-39.1296],[-62.3466,-39.1253],[-62.3451,-39.1197],[-62.3494,-39.1141],[-62.3406,-39.1093],[-62.3517,-39.1052],[-62.3506,-39.0959],[-62.3419,-39.09],[-62.3351,-39.0762],[-62.3277,-39.074],[-62.3185,-39.0662],[-62.3176,-39.0615],[-62.3065,-39.0526],[-62.3042,-39.0282],[-62.3075,-39.0216],[-62.3045,-39.0151],[-62.3161,-39.0039],[-62.3075,-38.995],[-62.3164,-38.9939],[-62.3223,-38.9714],[-62.3266,-38.9643],[-62.3357,-38.9605],[-62.3453,-38.9523],[-62.3422,-38.9389],[-62.3366,-38.9355],[-62.3366,-38.9295],[-62.3273,-38.9109],[-62.3226,-38.8944],[-62.3283,-38.8842],[-62.3377,-38.8843],[-62.3414,-38.8763],[-62.3478,-38.8699],[-62.3375,-38.8542],[-62.3386,-38.8433],[-62.3271,-38.8396],[-62.3282,-38.8348],[-62.3445,-38.8405],[-62.3617,-38.8294],[-62.3683,-38.8332],[-62.3658,-38.8427],[-62.3735,-38.8414],[-62.3703,-38.834],[-62.3758,-38.8256],[-62.3925,-38.8249],[-62.3933,-38.8207],[-62.4038,-38.8202],[-62.4035,-38.8132],[-62.3968,-38.8062],[-62.3914,-38.8063],[-62.3793,-38.8012],[-62.3737,-38.806],[-62.3595,-38.8045],[-62.3523,-38.8148],[-62.3489,-38.8074],[-62.3409,-38.8141],[-62.3264,-38.8108],[-62.3144,-38.8053],[-62.2947,-38.7934],[-62.2941,-38.7858],[-62.2788,-38.7902],[-62.2591,-38.7891],[-62.2496,-38.7958],[-62.2355,-38.7903],[-62.2338,-38.8018],[-62.2241,-38.8081],[-62.2177,-38.8033],[-62.207,-38.8005],[-62.1886,-38.8052],[-62.1817,-38.8177],[-62.1766,-38.818],[-62.1659,-38.812],[-62.1477,-38.8236],[-62.1387,-38.8325],[-62.1262,-38.8418],[-62.1253,-38.8471],[-62.1055,-38.8693],[-62.1108,-38.878],[-62.1058,-38.8971],[-62.1002,-38.9006],[-62.0767,-38.9045],[-62.0737,-38.9075],[-62.0731,-38.9206],[-62.0596,-38.9231],[-62.0454,-38.9305],[-62.0058,-38.9425],[-61.9864,-38.9471],[-61.9683,-38.9482],[-61.9474,-38.9526],[-61.9364,-38.9576],[-61.9124,-38.9646],[-61.8913,-38.969],[-61.8683,-38.9687],[-61.8586,-38.9796],[-61.8493,-38.9794],[-61.8264,-38.9889],[-61.8096,-38.993],[-61.7933,-38.993],[-61.7615,-38.9785],[-61.7315,-38.9684],[-61.7158,-38.9661],[-61.6949,-38.9676],[-61.6703,-38.9895],[-61.6557,-38.9924],[-61.6336,-39],[-61.6127,-39.0036],[-61.5484,-39.0045],[-61.4988,-39.0003],[-61.4047,-38.99],[-61.3807,-38.9884],[-61.3336,-38.9896],[-61.2996,-38.9894],[-61.2776,-38.9903],[-61.2332,-38.9938],[-61.204,-38.9977],[-61.1764,-39.0001],[-61.1442,-39.0001],[-61.1214,-38.9981],[-61.1039,-38.9943],[-61.064,-38.9873],[-61.018,-38.9819],[-60.9588,-38.9799],[-60.9199,-38.9814],[-60.897,-38.9803],[-60.8622,-38.9804],[-60.838,-38.9777],[-60.8057,-38.9693],[-60.7241,-38.9545],[-60.6824,-38.9483],[-60.6325,-38.9428],[-60.606,-38.9406],[-60.5391,-38.9328],[-60.5042,-38.9302],[-60.4226,-38.9189],[-60.2931,-38.8934],[-60.2657,-38.8883],[-60.2243,-38.8823],[-60.2098,-38.8794],[-60.1834,-38.8762],[-60.1742,-38.8772],[-60.1602,-38.875],[-60.1167,-38.8658],[-60.0694,-38.8605],[-60.0422,-38.8591],[-60.0086,-38.8552],[-59.9588,-38.8486],[-59.9162,-38.8444],[-59.8786,-38.839],[-59.854,-38.8374],[-59.8437,-38.8318],[-59.8219,-38.8298],[-59.8094,-38.8271],[-59.7889,-38.8264],[-59.7535,-38.8154],[-59.7282,-38.8062],[-59.6866,-38.7964],[-59.6562,-38.7919],[-59.6184,-38.7843],[-59.5799,-38.7786],[-59.5644,-38.7755],[-59.5407,-38.7735],[-59.5189,-38.7686],[-59.4946,-38.7645],[-59.4691,-38.7631],[-59.4394,-38.7567],[-59.422,-38.7541],[-59.3923,-38.7518],[-59.3871,-38.7467],[-59.3255,-38.7355],[-59.304,-38.7289],[-59.2815,-38.726],[-59.2576,-38.7202],[-59.2367,-38.7163],[-59.202,-38.7124],[-59.1828,-38.7115],[-59.1614,-38.7086],[-59.1542,-38.7062],[-59.111,-38.7004],[-59.082,-38.6913],[-59.0198,-38.679],[-59.012,-38.6784],[-59.0042,-38.6714],[-58.9793,-38.6646],[-58.945,-38.6575],[-58.9434,-38.6546],[-58.9219,-38.6461],[-58.8547,-38.6294],[-58.8315,-38.6231],[-58.8069,-38.6116],[-58.7825,-38.6024],[-58.7625,-38.5973],[-58.7337,-38.5869],[-58.7185,-38.5832],[-58.7023,-38.581],[-58.6978,-38.5839],[-58.6909,-38.575],[-58.6681,-38.5704],[-58.6559,-38.5697],[-58.6072,-38.5593],[-58.5901,-38.5574],[-58.5691,-38.5515],[-58.5217,-38.5439],[-58.4934,-38.536],[-58.4699,-38.5261],[-58.456,-38.5232],[-58.4378,-38.5144],[-58.4052,-38.505],[-58.3696,-38.4927],[-58.3299,-38.4827],[-58.3155,-38.4759],[-58.2988,-38.4702],[-58.2817,-38.4661],[-58.2704,-38.4614],[-58.2452,-38.4485],[-58.2218,-38.4393],[-58.1842,-38.4265],[-58.1617,-38.4197],[-58.1226,-38.4056],[-58.1133,-38.4011],[-58.0562,-38.3802],[-58.0219,-38.3649],[-58.0017,-38.3536],[-57.9856,-38.3471],[-57.9684,-38.3369],[-57.9509,-38.3294],[-57.9329,-38.3236],[-57.9031,-38.3126],[-57.8603,-38.2994],[-57.848,-38.294],[-57.8354,-38.2861],[-57.8333,-38.2772],[-57.8221,-38.2681],[-57.7773,-38.2453],[-57.7269,-38.2268],[-57.7057,-38.2172],[-57.6947,-38.2093],[-57.6808,-38.2033],[-57.6639,-38.1921],[-57.6506,-38.1803],[-57.6395,-38.1732],[-57.6299,-38.1624],[-57.6162,-38.1513],[-57.6072,-38.138],[-57.6052,-38.1305],[-57.5896,-38.1165],[-57.5702,-38.107],[-57.5449,-38.1006],[-57.5398,-38.0863],[-57.5358,-38.0822],[-57.5411,-38.0773],[-57.5411,-38.0685],[-57.533,-38.0518],[-57.5406,-38.0465],[-57.5364,-38.0363],[-57.5315,-38.0314],[-57.5241,-38.0166],[-57.54,-38.0033],[-57.5443,-37.9899],[-57.5414,-37.9686],[-57.5348,-37.9515],[-57.531,-37.9331],[-57.5272,-37.9267],[-57.5223,-37.9046],[-57.5216,-37.8945],[-57.5142,-37.8747],[-57.5149,-37.8714],[-57.5038,-37.8463],[-57.4901,-37.8264],[-57.4573,-37.7868],[-57.4438,-37.7718],[-57.421,-37.7484],[-57.4114,-37.7351],[-57.366,-37.6966],[-57.3257,-37.6658],[-57.3117,-37.6543],[-57.2944,-37.6429],[-57.2719,-37.6222],[-57.2569,-37.6114],[-57.2407,-37.5961],[-57.2225,-37.577],[-57.1982,-37.5598],[-57.1677,-37.5301],[-57.1427,-37.51],[-57.1255,-37.4928],[-57.1065,-37.4681],[-57.0882,-37.4469],[-57.0739,-37.4234],[-57.0625,-37.4084],[-57.0389,-37.3645],[-57.0158,-37.3264],[-56.9899,-37.2885],[-56.9637,-37.257],[-56.9517,-37.2438],[-56.9399,-37.2271],[-56.9196,-37.2036],[-56.9076,-37.187],[-56.8851,-37.1601],[-56.8662,-37.1313],[-56.8372,-37.0978],[-56.8242,-37.0801],[-56.8111,-37.0587],[-56.78,-37.0223],[-56.7549,-36.9881],[-56.7225,-36.9518],[-56.7164,-36.9437],[-56.6885,-36.9117],[-56.6671,-36.883],[-56.665,-36.8709],[-56.6665,-36.8589],[-56.6736,-36.8336],[-56.6754,-36.8207],[-56.6753,-36.7877],[-56.6728,-36.7377],[-56.6737,-36.7105],[-56.6793,-36.6574],[-56.6832,-36.6287],[-56.6853,-36.6048],[-56.6876,-36.5637],[-56.6878,-36.5399],[-56.6907,-36.4985],[-56.7002,-36.4125],[-56.7093,-36.3761],[-56.716,-36.3554],[-56.7317,-36.326],[-56.7456,-36.3083],[-56.7568,-36.3003],[-56.7765,-36.2931],[-56.7741,-36.3214],[-56.7794,-36.3207],[-56.7937,-36.3298],[-56.8073,-36.3309],[-56.8138,-36.3346],[-56.8222,-36.3314],[-56.8343,-36.3341],[-56.8461,-36.3308],[-56.8642,-36.3287],[-56.877,-36.3292],[-56.914,-36.3381],[-56.9269,-36.3334],[-56.9403,-36.3358],[-56.9467,-36.3335],[-56.9723,-36.3342],[-57.0106,-36.3265],[-57.0346,-36.3156],[-57.0542,-36.305],[-57.0634,-36.3032],[-57.0652,-36.2991],[-57.0749,-36.2953],[-57.0904,-36.2858],[-57.0969,-36.2844],[-57.115,-36.2714],[-57.1282,-36.2684],[-57.1279,-36.264],[-57.1496,-36.2455],[-57.1648,-36.2347],[-57.1828,-36.2178],[-57.1968,-36.208],[-57.222,-36.1838],[-57.2332,-36.1785],[-57.2352,-36.172],[-57.2594,-36.148],[-57.2666,-36.1379],[-57.2782,-36.1302],[-57.2854,-36.1161],[-57.2952,-36.1008],[-57.3008,-36.0956],[-57.3088,-36.0836],[-57.3164,-36.0689],[-57.3226,-36.0537],[-57.3346,-36.0365],[-57.3395,-36.027],[-57.3503,-36.0281],[-57.3516,-36.0149],[-57.3497,-36.0116],[-57.3631,-35.9907],[-57.3629,-35.9871],[-57.3703,-35.9789],[-57.3718,-35.9697],[-57.38,-35.9705],[-57.3796,-35.9616],[-57.3694,-35.9536],[-57.3767,-35.9498],[-57.3751,-35.9425],[-57.3786,-35.9272],[-57.3776,-35.9153],[-57.3815,-35.9055],[-57.3862,-35.9006],[-57.387,-35.8931],[-57.384,-35.8772],[-57.386,-35.8673],[-57.3893,-35.8656],[-57.3897,-35.8528],[-57.3857,-35.8422],[-57.3853,-35.8318],[-57.3804,-35.8244],[-57.375,-35.7946],[-57.3703,-35.7893],[-57.3722,-35.7818],[-57.3664,-35.7702],[-57.3638,-35.7585],[-57.3649,-35.7467],[-57.3565,-35.7363],[-57.347,-35.721],[-57.3466,-35.715],[-57.3288,-35.6961],[-57.3196,-35.6878],[-57.3043,-35.6673],[-57.2946,-35.6502],[-57.2877,-35.6445],[-57.2802,-35.6326],[-57.2735,-35.6269],[-57.2697,-35.619],[-57.2568,-35.6059],[-57.246,-35.5896],[-57.2373,-35.5827],[-57.2082,-35.5506],[-57.1911,-35.5345],[-57.182,-35.5237],[-57.1685,-35.5114],[-57.1611,-35.502],[-57.1551,-35.4981],[-57.1424,-35.4786],[-57.1379,-35.4643],[-57.1279,-35.4457],[-57.1302,-35.4361],[-57.1302,-35.4234],[-57.147,-35.3932],[-57.147,-35.3898],[-57.1569,-35.3789],[-57.1757,-35.3511],[-57.1791,-35.3485],[-57.1869,-35.3339],[-57.1887,-35.3266],[-57.2042,-35.3001],[-57.2227,-35.2787],[-57.2231,-35.2731],[-57.2312,-35.2691],[-57.2336,-35.2636],[-57.278,-35.2246],[-57.2857,-35.2148],[-57.3036,-35.1981],[-57.3152,-35.1844],[-57.3389,-35.1597],[-57.3572,-35.1435],[-57.3657,-35.1377],[-57.3995,-35.1093],[-57.4189,-35.0956],[-57.4442,-35.0732],[-57.4616,-35.0607],[-57.4719,-35.0551],[-57.4837,-35.046],[-57.5085,-35.0247],[-57.5316,-35.014],[-57.5673,-35.0049],[-57.5832,-34.9989],[-57.5998,-34.9904],[-57.6138,-34.9786],[-57.6473,-34.9547],[-57.6601,-34.9475],[-57.6748,-34.9362],[-57.6802,-34.934],[-57.7025,-34.9315],[-57.7272,-34.9255],[-57.7414,-34.9179],[-57.751,-34.9149],[-57.7572,-34.9096],[-57.7703,-34.9034],[-57.7867,-34.893],[-57.8117,-34.8716],[-57.8599,-34.8426],[-57.8664,-34.8374],[-57.8746,-34.8267],[-57.8804,-34.8293],[-57.9022,-34.8285],[-57.9246,-34.8317],[-57.9404,-34.8323],[-57.9569,-34.8267],[-57.9837,-34.8057],[-57.9961,-34.7915],[-58.0046,-34.785],[-58.0145,-34.7807],[-58.0265,-34.7781],[-58.0534,-34.7766],[-58.0696,-34.7718],[-58.1034,-34.7551],[-58.113,-34.7517],[-58.1319,-34.7494],[-58.1587,-34.7489],[-58.1709,-34.7467],[-58.1982,-34.7356],[-58.2046,-34.7245],[-58.2113,-34.7176],[-58.234,-34.7028],[-58.2493,-34.6942],[-58.2811,-34.678],[-58.3168,-34.6577],[-58.3328,-34.6447],[-58.3331,-34.6351],[-58.3431,-34.6302],[-58.3559,-34.6382],[-58.3566,-34.6445],[-58.3684,-34.6511],[-58.3741,-34.6572],[-58.3852,-34.6582],[-58.3927,-34.6627],[-58.4134,-34.6588],[-58.4274,-34.6655],[-58.4612,-34.7054],[-58.5289,-34.6546],[-58.5315,-34.6155],[-58.5008,-34.5495],[-58.4635,-34.5334],[-58.4596,-34.5277],[-58.4678,-34.5228],[-58.4687,-34.5129],[-58.4756,-34.5072],[-58.4814,-34.4799],[-58.494,-34.464],[-58.4997,-34.4615],[-58.5081,-34.448],[-58.514,-34.4424],[-58.4881,-34.4369],[-58.4957,-34.4121],[-58.4814,-34.4126],[-58.4811,-34.396],[-58.4762,-34.3912],[-58.4545,-34.3861],[-58.4596,-34.3772],[-58.472,-34.3603],[-58.485,-34.3346],[-58.5037,-34.3144],[-58.5104,-34.3088],[-58.5228,-34.3031],[-58.5388,-34.3057],[-58.54,-34.2957],[-58.5256,-34.2949],[-58.5128,-34.2966],[-58.5044,-34.2931],[-58.4986,-34.2858],[-58.4883,-34.2811],[-58.4957,-34.2741],[-58.4906,-34.2696],[-58.4696,-34.2745],[-58.4563,-34.2712],[-58.4515,-34.2658],[-58.4167,-34.2644],[-58.4108,-34.259],[-58.4012,-34.2578],[-58.389,-34.2432],[-58.3935,-34.2244],[-58.3846,-34.2252],[-58.3831,-34.2204],[-58.3854,-34.2099],[-58.3685,-34.2141],[-58.3563,-34.2068],[-58.3518,-34.1995],[-58.3537,-34.1856],[-58.3577,-34.1808],[-58.3711,-34.1717],[-58.3733,-34.1581],[-58.3687,-34.1519],[-58.3711,-34.1448],[-58.3637,-34.1265],[-58.3596,-34.1207],[-58.3658,-34.1128],[-58.3616,-34.0901],[-58.3636,-34.0791],[-58.363,-34.0646],[-58.356,-34.0542],[-58.3484,-34.0513],[-58.3508,-34.0448],[-58.345,-34.0384],[-58.3499,-34.0366],[-58.3538,-34.0327],[-58.358,-34.0276],[-58.3635,-34.0221]]],[[[-61.999,-39.0907],[-62.0164,-39.0872],[-62.0212,-39.0895],[-62.0186,-39.0961],[-62.0124,-39.0988],[-62.0111,-39.1029],[-62.0138,-39.1085],[-62.0175,-39.1086],[-62.0272,-39.1037],[-62.035,-39.1144],[-62.0399,-39.1194],[-62.044,-39.1271],[-62.0545,-39.1363],[-62.0568,-39.1577],[-62.0392,-39.1589],[-62.0292,-39.1635],[-62.0187,-39.1627],[-62.0132,-39.17],[-61.9996,-39.1745],[-61.993,-39.1732],[-61.978,-39.1826],[-61.9603,-39.1771],[-61.9514,-39.1779],[-61.95,-39.1883],[-61.9285,-39.2003],[-61.9165,-39.2042],[-61.9113,-39.212],[-61.9137,-39.2167],[-61.8861,-39.2392],[-61.8698,-39.2443],[-61.8557,-39.2296],[-61.8508,-39.2188],[-61.8524,-39.1936],[-61.8553,-39.1769],[-61.8612,-39.1644],[-61.8699,-39.165],[-61.8781,-39.1617],[-61.8751,-39.1437],[-61.8764,-39.1342],[-61.8834,-39.1261],[-61.8833,-39.1029],[-61.8902,-39.1134],[-61.8882,-39.1239],[-61.8901,-39.132],[-61.8958,-39.1402],[-61.8897,-39.153],[-61.8995,-39.1542],[-61.8983,-39.1476],[-61.9067,-39.1462],[-61.9057,-39.1553],[-61.9091,-39.1572],[-61.9204,-39.1498],[-61.9228,-39.1434],[-61.9134,-39.1277],[-61.9223,-39.1237],[-61.9238,-39.1181],[-61.9129,-39.1017],[-61.9413,-39.0963],[-61.9561,-39.0906],[-61.9888,-39.0894],[-61.999,-39.0907]]],[[[-62.0405,-38.9962],[-62.0541,-38.9921],[-62.0627,-38.9836],[-62.0792,-38.9839],[-62.1093,-38.9926],[-62.1218,-39.0018],[-62.1212,-39.0067],[-62.0972,-39.0228],[-62.0837,-39.0187],[-62.0811,-39.0081],[-62.0723,-39.0044],[-62.0674,-39.0068],[-62.067,-39.0137],[-62.0615,-39.0148],[-62.0606,-39.0217],[-62.0539,-39.0312],[-62.0405,-39.0398],[-62.0296,-39.0296],[-62.0146,-39.0238],[-62.0083,-39.0176],[-62.0107,-39.0099],[-62.0212,-39.0059],[-62.0267,-39.0011],[-62.0405,-38.9962]]],[[[-62.1518,-40.3793],[-62.1603,-40.368],[-62.1694,-40.3634],[-62.1752,-40.3741],[-62.1876,-40.3894],[-62.1895,-40.3976],[-62.1953,-40.4056],[-62.1955,-40.4214],[-62.1985,-40.4255],[-62.1966,-40.4376],[-62.1711,-40.4388],[-62.1631,-40.4355],[-62.1608,-40.4275],[-62.1511,-40.4253],[-62.1434,-40.4205],[-62.1377,-40.4106],[-62.1369,-40.4012],[-62.1318,-40.3925],[-62.1386,-40.3916],[-62.1455,-40.3775],[-62.1518,-40.3793]]],[[[-62.0377,-39.0817],[-62.0514,-39.0761],[-62.0635,-39.0825],[-62.0747,-39.0812],[-62.084,-39.0994],[-62.0733,-39.109],[-62.0732,-39.1207],[-62.0663,-39.1277],[-62.0748,-39.1371],[-62.075,-39.1431],[-62.064,-39.1523],[-62.0569,-39.1443],[-62.0554,-39.1347],[-62.0432,-39.1205],[-62.0363,-39.1151],[-62.0428,-39.1113],[-62.0378,-39.1031],[-62.0228,-39.1031],[-62.0164,-39.1079],[-62.0129,-39.0999],[-62.0192,-39.097],[-62.0227,-39.0878],[-62.0377,-39.0817]]],[[[-62.1804,-40.4609],[-62.1889,-40.4561],[-62.189,-40.4517],[-62.2009,-40.4466],[-62.2024,-40.4575],[-62.2013,-40.4676],[-62.2147,-40.4841],[-62.2199,-40.4929],[-62.2276,-40.4974],[-62.2349,-40.508],[-62.2264,-40.5127],[-62.2171,-40.5235],[-62.2075,-40.5181],[-62.1919,-40.5066],[-62.181,-40.4944],[-62.1821,-40.4898],[-62.1639,-40.4685],[-62.1747,-40.4681],[-62.1804,-40.4609]]],[[[-62.0842,-39.2324],[-62.0933,-39.2225],[-62.119,-39.2091],[-62.1342,-39.2041],[-62.1538,-39.1944],[-62.1595,-39.1954],[-62.1575,-39.2111],[-62.1371,-39.2269],[-62.1336,-39.2324],[-62.114,-39.2441],[-62.0914,-39.2508],[-62.0726,-39.2502],[-62.0645,-39.246],[-62.0694,-39.241],[-62.0785,-39.2429],[-62.0842,-39.2324]]],[[[-58.2827,-34.2102],[-58.2937,-34.2],[-58.3072,-34.1923],[-58.3116,-34.188],[-58.3217,-34.1906],[-58.3334,-34.2087],[-58.3306,-34.2181],[-58.3288,-34.24],[-58.3154,-34.2456],[-58.3102,-34.2436],[-58.3089,-34.2363],[-58.3008,-34.24],[-58.2763,-34.2187],[-58.2827,-34.2102]]],[[[-62.1121,-40.176],[-62.1168,-40.1559],[-62.1116,-40.1533],[-62.1159,-40.1411],[-62.1204,-40.1378],[-62.1296,-40.1572],[-62.1315,-40.178],[-62.1291,-40.192],[-62.1195,-40.2085],[-62.1111,-40.22],[-62.0957,-40.2143],[-62.093,-40.2064],[-62.0978,-40.1996],[-62.1092,-40.2016],[-62.1132,-40.1888],[-62.1042,-40.1818],[-62.1121,-40.176]]],[[[-62.3288,-40.2865],[-62.3434,-40.2857],[-62.3431,-40.2954],[-62.3485,-40.3177],[-62.3466,-40.3399],[-62.3352,-40.3398],[-62.3269,-40.3301],[-62.329,-40.3217],[-62.316,-40.3141],[-62.3214,-40.3068],[-62.3157,-40.2992],[-62.3288,-40.2865]]],[[[-62.2877,-40.2995],[-62.2932,-40.302],[-62.2903,-40.3124],[-62.3169,-40.3377],[-62.3038,-40.3441],[-62.2946,-40.3425],[-62.2802,-40.3283],[-62.2708,-40.3216],[-62.2646,-40.3081],[-62.2649,-40.2994],[-62.2877,-40.2995]]],[[[-58.4678,-34.3269],[-58.4862,-34.3267],[-58.4811,-34.3371],[-58.4652,-34.3641],[-58.4544,-34.3767],[-58.4475,-34.376],[-58.4427,-34.3651],[-58.4496,-34.3564],[-58.448,-34.3504],[-58.4563,-34.3453],[-58.4575,-34.3412],[-58.4564,-34.336],[-58.4596,-34.3301],[-58.4678,-34.3269]]],[[[-58.2428,-34.2487],[-58.2544,-34.2363],[-58.268,-34.2257],[-58.273,-34.2341],[-58.2782,-34.268],[-58.2727,-34.2704],[-58.2629,-34.265],[-58.2691,-34.2581],[-58.2634,-34.2531],[-58.2547,-34.2636],[-58.2472,-34.2617],[-58.2455,-34.2518],[-58.2428,-34.2487]]],[[[-61.8955,-39.1334],[-61.8899,-39.1272],[-61.8909,-39.1214],[-61.9033,-39.1148],[-61.9078,-39.1081],[-61.9226,-39.1208],[-61.9155,-39.1239],[-61.9104,-39.1308],[-61.9196,-39.1396],[-61.9181,-39.1497],[-61.9092,-39.1536],[-61.9091,-39.1454],[-61.9007,-39.1437],[-61.9031,-39.1342],[-61.8955,-39.1334]]],[[[-62.2508,-39.8656],[-62.2485,-39.8742],[-62.2331,-39.8765],[-62.2212,-39.8803],[-62.2055,-39.8764],[-62.1916,-39.8746],[-62.194,-39.8644],[-62.2112,-39.8664],[-62.2184,-39.8703],[-62.2508,-39.8656]]],[[[-62.0182,-39.2389],[-62.0266,-39.2385],[-62.0328,-39.2514],[-62.0228,-39.2607],[-62.011,-39.2617],[-62.0037,-39.2573],[-61.9968,-39.2493],[-62.0028,-39.2414],[-62.0182,-39.2389]]],[[[-62.2405,-38.8392],[-62.2461,-38.8305],[-62.2577,-38.8272],[-62.2619,-38.829],[-62.2699,-38.8404],[-62.2521,-38.8434],[-62.2469,-38.85],[-62.2453,-38.8576],[-62.2327,-38.8571],[-62.2343,-38.8492],[-62.2405,-38.8392]]],[[[-58.4769,-34.3034],[-58.4835,-34.2987],[-58.4919,-34.2986],[-58.5016,-34.2949],[-58.5087,-34.3013],[-58.4907,-34.3155],[-58.4747,-34.3215],[-58.4784,-34.3117],[-58.4769,-34.3034]]],[[[-58.332,-34.2317],[-58.3323,-34.2184],[-58.337,-34.2129],[-58.3489,-34.2205],[-58.3523,-34.237],[-58.335,-34.2511],[-58.332,-34.2317]]],[[[-62.2607,-38.9325],[-62.2554,-38.9251],[-62.2647,-38.9234],[-62.2825,-38.9271],[-62.2916,-38.935],[-62.2941,-38.9449],[-62.2718,-38.9418],[-62.2607,-38.9325]]],[[[-62.1272,-39.0061],[-62.1358,-39.0098],[-62.1452,-39.0304],[-62.1387,-39.036],[-62.1259,-39.0335],[-62.1212,-39.0229],[-62.1219,-39.0143],[-62.1272,-39.0061]]],[[[-62.2991,-39.0232],[-62.2781,-39.0176],[-62.277,-39.0115],[-62.2703,-38.9999],[-62.2891,-39.007],[-62.3022,-39.0099],[-62.2991,-39.0232]]],[[[-58.32,-34.1765],[-58.3233,-34.1653],[-58.3277,-34.1613],[-58.3331,-34.1735],[-58.3363,-34.1759],[-58.3345,-34.1953],[-58.3307,-34.1948],[-58.3171,-34.1813],[-58.32,-34.1765]]],[[[-62.0497,-38.9832],[-62.0509,-38.9886],[-62.0211,-38.9983],[-62.0141,-38.9941],[-62.0167,-38.9889],[-62.0263,-38.985],[-62.0497,-38.9832]]],[[[-62.1597,-40.0199],[-62.1687,-40.0223],[-62.1688,-40.0273],[-62.1579,-40.0361],[-62.1463,-40.0378],[-62.1285,-40.0362],[-62.1206,-40.0296],[-62.123,-40.0263],[-62.1373,-40.0279],[-62.1501,-40.0343],[-62.1643,-40.0288],[-62.1597,-40.0199]]],[[[-62.3693,-40.256],[-62.3615,-40.2545],[-62.3565,-40.2497],[-62.3598,-40.2394],[-62.3568,-40.2343],[-62.368,-40.2325],[-62.3741,-40.2365],[-62.3722,-40.2525],[-62.3693,-40.256]]],[[[-62.2629,-38.8216],[-62.2594,-38.8136],[-62.2703,-38.802],[-62.2807,-38.8028],[-62.2773,-38.8141],[-62.2721,-38.8207],[-62.2629,-38.8216]]],[[[-58.2536,-34.2049],[-58.2613,-34.2053],[-58.2673,-34.2109],[-58.2638,-34.222],[-58.2533,-34.2299],[-58.2499,-34.2223],[-58.2538,-34.219],[-58.2506,-34.2128],[-58.2536,-34.2049]]],[[[-58.2911,-34.2699],[-58.2829,-34.2571],[-58.2823,-34.2373],[-58.2889,-34.2429],[-58.2964,-34.2557],[-58.2958,-34.2672],[-58.2911,-34.2699]]],[[[-62.3028,-38.8725],[-62.3115,-38.8769],[-62.2896,-38.88],[-62.2926,-38.8729],[-62.3028,-38.8725]]],[[[-62.3536,-40.2231],[-62.333,-40.2127],[-62.3315,-40.2007],[-62.3427,-40.2075],[-62.3451,-40.2121],[-62.3559,-40.2202],[-62.3536,-40.2231]]],[[[-58.2827,-34.2356],[-58.2767,-34.2251],[-58.2781,-34.2217],[-58.2995,-34.2409],[-58.3002,-34.2516],[-58.2937,-34.2493],[-58.2885,-34.2382],[-58.2827,-34.2356]]],[[[-58.4767,-34.2853],[-58.4913,-34.2842],[-58.5009,-34.2936],[-58.4928,-34.2975],[-58.4854,-34.297],[-58.4834,-34.2896],[-58.4767,-34.2853]]],[[[-58.3311,-34.1518],[-58.3421,-34.1523],[-58.3381,-34.1598],[-58.3342,-34.1737],[-58.3265,-34.1566],[-58.3311,-34.1518]]],[[[-58.248,-34.1749],[-58.2583,-34.1817],[-58.2563,-34.1896],[-58.2456,-34.1898],[-58.2432,-34.1757],[-58.248,-34.1749]]],[[[-62.2347,-39.1848],[-62.2409,-39.1894],[-62.2303,-39.2048],[-62.2237,-39.1987],[-62.2347,-39.1848]]],[[[-58.3568,-34.1199],[-58.3638,-34.1274],[-58.363,-34.1349],[-58.3582,-34.1429],[-58.3522,-34.1274],[-58.3568,-34.1199]]],[[[-62.2347,-39.3383],[-62.2351,-39.3432],[-62.2245,-39.3473],[-62.2128,-39.3427],[-62.2268,-39.3382],[-62.2347,-39.3383]]],[[[-58.2332,-34.2537],[-58.2408,-34.248],[-58.2455,-34.2558],[-58.2443,-34.2593],[-58.2502,-34.2646],[-58.2434,-34.2682],[-58.2394,-34.2569],[-58.2332,-34.2537]]],[[[-62.3071,-38.844],[-62.3111,-38.8471],[-62.3035,-38.8554],[-62.2943,-38.8512],[-62.2991,-38.8462],[-62.3071,-38.844]]],[[[-62.2009,-39.006],[-62.2163,-39.0049],[-62.2147,-39.0162],[-62.2066,-39.0122],[-62.2009,-39.006]]],[[[-62.1534,-40.4515],[-62.1676,-40.4505],[-62.17,-40.4565],[-62.1585,-40.4565],[-62.1534,-40.4515]]],[[[-58.4456,-34.3421],[-58.444,-34.3394],[-58.4542,-34.3314],[-58.4567,-34.3395],[-58.4563,-34.3437],[-58.4508,-34.3466],[-58.4456,-34.3421]]],[[[-58.3686,-34.2171],[-58.3833,-34.2121],[-58.3791,-34.2245],[-58.3686,-34.2171]]],[[[-58.3167,-34.2474],[-58.3308,-34.2402],[-58.3327,-34.2461],[-58.3274,-34.2495],[-58.3167,-34.2474]]],[[[-62.1181,-40.4011],[-62.1213,-40.3955],[-62.1331,-40.3996],[-62.1282,-40.4055],[-62.1181,-40.4011]]],[[[-58.3497,-34.0766],[-58.3537,-34.0839],[-58.3525,-34.0955],[-58.3464,-34.0955],[-58.3497,-34.0766]]],[[[-58.4669,-34.2969],[-58.4689,-34.2942],[-58.4817,-34.2978],[-58.4729,-34.3053],[-58.4669,-34.2969]]],[[[-62.3224,-38.8489],[-62.324,-38.8566],[-62.3136,-38.8549],[-62.3224,-38.8489]]]]},"properties":{"nombre":"Buenos Aires","slug":"buenos-aires"}},
{"type":"Feature","geometry":{"type":"MultiPolygon","coordinates":[[[[-25,-75.8769],[-25,-75.8475],[-25.0355,-75.8537],[-25.0907,-75.8782],[-25.1323,-75.8795],[-25.1726,-75.8746],[-25.2286,-75.8742],[-25.2688,-75.878],[-25.2947,-75.883],[-25.355,-75.8812],[-25.3744,-75.8824],[-25.4,-75.8891],[-25.4636,-75.8896],[-25.53,-75.8807],[-25.6055,-75.8922],[-25.6404,-75.8994],[-25.6514,-75.9044],[-25.7411,-75.914],[-25.7936,-75.915],[-25.8291,-75.9198],[-25.8731,-75.9205],[-25.9298,-75.9254],[-25.957,-75.9309],[-25.9794,-75.9403],[-26.0434,-75.9571],[-26.0663,-75.9712],[-26.1446,-75.9818],[-26.1842,-75.9801],[-26.2789,-75.995],[-26.2961,-76.0008],[-26.3168,-76.0193],[-26.339,-76.0248],[-26.3613,-76.0261],[-26.3904,-76.0374],[-26.4267,-76.0335],[-26.4744,-76.0355],[-26.4897,-76.0443],[-26.5163,-76.0512],[-26.5764,-76.0481],[-26.6061,-76.0553],[-26.602,-76.0663],[-26.6174,-76.0753],[-26.6144,-76.0813],[-26.6322,-76.0926],[-26.6727,-76.1008],[-26.6086,-76.1083],[-26.6182,-76.1143],[-26.6659,-76.1215],[-26.6725,-76.129],[-26.6616,-76.1327],[-26.6843,-76.1444],[-26.7252,-76.1514],[-26.7452,-76.1491],[-26.7856,-76.1532],[-26.8034,-76.1387],[-26.83,-76.1315],[-26.8607,-76.1334],[-26.8985,-76.1483],[-26.937,-76.1611],[-26.9587,-76.1642],[-27.0161,-76.1666],[-27.039,-76.164],[-27.1035,-76.1672],[-27.1821,-76.1598],[-27.2463,-76.1616],[-27.3103,-76.1687],[-27.3346,-76.1696],[-27.3607,-76.1792],[-27.4151,-76.1863],[-27.4546,-76.1892],[-27.4681,-76.1964],[-27.4929,-76.2031],[-27.5152,-76.2157],[-27.5328,-76.2199],[-27.6223,-76.2314],[-27.655,-76.2316],[-27.7001,-76.2223],[-27.7227,-76.2262],[-27.7043,-76.2314],[-27.6864,-76.2429],[-27.6528,-76.2491],[-27.6772,-76.2539],[-27.7085,-76.2562],[-27.7536,-76.2518],[-27.8134,-76.259],[-27.8503,-76.2586],[-27.882,-76.2553],[-27.9094,-76.2561],[-27.9359,-76.2512],[-27.976,-76.2565],[-27.9832,-76.262],[-28.0234,-76.2651],[-28.069,-76.2708],[-28.1012,-76.2792],[-28.1202,-76.2875],[-28.1474,-76.2885],[-28.1867,-76.2969],[-28.2307,-76.2997],[-28.2922,-76.3069],[-28.3363,-76.318],[-28.3922,-76.3248],[-28.4807,-76.33],[-28.5492,-76.3287],[-28.6247,-76.3305],[-28.6374,-76.3339],[-28.6928,-76.3396],[-28.7521,-76.3397],[-28.7877,-76.3465],[-28.8625,-76.3512],[-28.9297,-76.3737],[-28.9918,-76.3833],[-29.028,-76.3933],[-29.0369,-76.4018],[-29.0932,-76.4122],[-29.1181,-76.4144],[-29.1604,-76.4258],[-29.2128,-76.4294],[-29.224,-76.4345],[-29.2631,-76.4395],[-29.2849,-76.4389],[-29.307,-76.4452],[-29.3367,-76.4483],[-29.3526,-76.4636],[-29.3819,-76.4698],[-29.3822,-76.4767],[-29.3989,-76.4837],[-29.4337,-76.4895],[-29.5097,-76.4901],[-29.5295,-76.4962],[-29.5271,-76.5083],[-29.5495,-76.511],[-29.5785,-76.5234],[-29.5543,-76.5404],[-29.5856,-76.5505],[-29.6071,-76.5645],[-29.6122,-76.5728],[-29.63,-76.5781],[-29.6701,-76.5818],[-29.7335,-76.5851],[-29.7953,-76.5854],[-29.8098,-76.5897],[-29.8636,-76.5963],[-29.9022,-76.5978],[-29.9317,-76.5962],[-30.0065,-76.6022],[-30.0113,-76.6063],[-30.0681,-76.6193],[-30.1014,-76.6207],[-30.1549,-76.628],[-30.1679,-76.6385],[-30.1925,-76.6453],[-30.1976,-76.6596],[-30.217,-76.6679],[-30.2447,-76.6694],[-30.2343,-76.681],[-30.2743,-76.6771],[-30.302,-76.6847],[-30.3546,-76.6883],[-30.3953,-76.6957],[-30.4187,-76.7099],[-30.4138,-76.721],[-30.4004,-76.7254],[-30.4324,-76.7366],[-30.4651,-76.7402],[-30.4853,-76.7608],[-30.4696,-76.7698],[-30.4241,-76.7721],[-30.4197,-76.7812],[-30.4506,-76.7849],[-30.4414,-76.7923],[-30.4732,-76.805],[-30.5173,-76.8102],[-30.5418,-76.8055],[-30.6395,-76.8117],[-30.6636,-76.8191],[-30.6652,-76.8334],[-30.6775,-76.8376],[-30.6684,-76.8457],[-30.6935,-76.8478],[-30.7504,-76.8579],[-30.7801,-76.8591],[-30.8287,-76.8642],[-30.8526,-76.8619],[-30.8802,-76.8652],[-30.8971,-76.8709],[-30.9064,-76.8809],[-30.9325,-76.8874],[-30.9757,-76.8875],[-30.9896,-76.8913],[-31.0506,-76.8985],[-31.0967,-76.8992],[-31.1275,-76.8951],[-31.1679,-76.9014],[-31.1934,-76.903],[-31.2448,-76.9109],[-31.3009,-76.9112],[-31.3465,-76.9198],[-31.3851,-76.9223],[-31.4302,-76.9343],[-31.4772,-76.9437],[-31.5747,-76.957],[-31.6005,-76.9636],[-31.6463,-76.9717],[-31.7059,-76.9776],[-31.7756,-76.9975],[-31.7767,-77.0049],[-31.791,-77.0098],[-31.7834,-77.0162],[-31.7956,-77.0318],[-31.8121,-77.0375],[-31.8698,-77.0496],[-31.8673,-77.0573],[-31.8835,-77.0729],[-31.8747,-77.0821],[-31.885,-77.0983],[-31.8742,-77.1062],[-31.8823,-77.1149],[-31.8708,-77.1239],[-31.8785,-77.1372],[-31.8972,-77.1478],[-31.9367,-77.1555],[-32.0508,-77.1707],[-32.0904,-77.1702],[-32.1332,-77.1731],[-32.1702,-77.1722],[-32.2463,-77.1633],[-32.2689,-77.1586],[-32.3179,-77.1533],[-32.3674,-77.1443],[-32.3854,-77.1387],[-32.4508,-77.1353],[-32.4973,-77.1286],[-32.5301,-77.1283],[-32.5828,-77.1243],[-32.6388,-77.1317],[-32.6981,-77.1367],[-32.7766,-77.1501],[-32.8325,-77.1573],[-32.8578,-77.1588],[-32.8972,-77.1664],[-32.9139,-77.1738],[-32.9359,-77.1775],[-32.9706,-77.189],[-32.992,-77.193],[-32.9925,-77.1999],[-33.0345,-77.214],[-33.062,-77.2293],[-33.0606,-77.236],[-33.0862,-77.248],[-33.1418,-77.2616],[-33.166,-77.2643],[-33.1844,-77.2704],[-33.2304,-77.2781],[-33.2897,-77.2794],[-33.3241,-77.2758],[-33.3583,-77.2818],[-33.4352,-77.2862],[-33.4664,-77.2928],[-33.533,-77.2859],[-33.556,-77.2866],[-33.5727,-77.2936],[-33.65,-77.3009],[-33.6666,-77.3051],[-33.7054,-77.3075],[-33.7364,-77.3152],[-33.7552,-77.3275],[-33.791,-77.3344],[-33.8052,-77.3498],[-33.8455,-77.3769],[-33.8767,-77.3838],[-33.9012,-77.3856],[-33.9347,-77.407],[-33.998,-77.4203],[-34.0667,-77.4288],[-34.1024,-77.4312],[-34.1112,-77.4368],[-34.1414,-77.4434],[-34.1934,-77.4471],[-34.2671,-77.4572],[-34.2947,-77.4645],[-34.3696,-77.4747],[-34.3985,-77.4882],[-34.4045,-77.4945],[-34.4321,-77.5027],[-34.4378,-77.5246],[-34.4843,-77.5384],[-34.4899,-77.5439],[-34.5273,-77.5565],[-34.5214,-77.5658],[-34.528,-77.5775],[-34.5607,-77.594],[-34.6204,-77.6103],[-34.6925,-77.6188],[-34.7322,-77.6296],[-34.7327,-77.6469],[-34.7457,-77.6592],[-34.7819,-77.6804],[-34.7567,-77.6915],[-34.716,-77.7334],[-34.6676,-77.7464],[-34.6267,-77.753],[-34.6174,-77.7651],[-34.6369,-77.7706],[-34.6527,-77.7855],[-34.6379,-77.792],[-34.5932,-77.7995],[-34.4787,-77.8134],[-34.4461,-77.8153],[-34.4071,-77.8107],[-34.3763,-77.8134],[-34.3456,-77.8255],[-34.3149,-77.8246],[-34.2861,-77.8349],[-34.2582,-77.8395],[-34.1725,-77.8423],[-34.0795,-77.8414],[-34.1093,-77.8609],[-34.1353,-77.8693],[-34.2042,-77.8711],[-34.3242,-77.8814],[-34.3522,-77.8879],[-34.3428,-77.8981],[-34.3093,-77.9065],[-34.2777,-77.9186],[-34.2656,-77.9382],[-34.2768,-77.9503],[-34.3494,-77.9298],[-34.3875,-77.9214],[-34.4313,-77.9167],[-34.4676,-77.9102],[-34.5392,-77.8926],[-34.583,-77.8767],[-34.6239,-77.8572],[-34.6825,-77.8535],[-34.783,-77.8386],[-34.8193,-77.8376],[-34.8556,-77.8339],[-34.9161,-77.8218],[-34.9645,-77.8172],[-35.0055,-77.8177],[-35.0396,-77.8235],[-35.1418,-77.8268],[-35.2932,-77.8413],[-35.3327,-77.8484],[-35.3566,-77.8561],[-35.3679,-77.864],[-35.362,-77.8713],[-35.3736,-77.88],[-35.4126,-77.8999],[-35.425,-77.9107],[-35.4274,-77.9336],[-35.4642,-77.9504],[-35.4609,-77.9585],[-35.4837,-77.9615],[-35.5033,-77.9706],[-35.5096,-77.9919],[-35.5212,-77.9969],[-35.5247,-78.0076],[-35.5191,-78.023],[-35.5086,-78.0269],[-35.5068,-78.0426],[-35.5224,-78.0547],[-35.5527,-78.0587],[-35.625,-78.0846],[-35.654,-78.1024],[-35.6617,-78.1174],[-35.7094,-78.129],[-35.7615,-78.132],[-35.7779,-78.1377],[-35.7845,-78.1517],[-35.7772,-78.1581],[-35.815,-78.1784],[-35.8295,-78.1833],[-35.8962,-78.1919],[-35.9167,-78.2029],[-35.9233,-78.2125],[-35.9705,-78.225],[-35.9963,-78.2379],[-36.0045,-78.2537],[-36.0251,-78.271],[-36.0601,-78.2809],[-36.078,-78.3004],[-36.1135,-78.3109],[-36.1207,-78.3198],[-36.1419,-78.3277],[-36.1721,-78.3471],[-36.2006,-78.3566],[-36.2257,-78.3748],[-36.2451,-78.3829],[-36.2603,-78.4006],[-36.2873,-78.4232],[-36.301,-78.4301],[-36.315,-78.4452],[-36.3544,-78.4778],[-36.3511,-78.4903],[-36.3812,-78.517],[-36.3783,-78.5246],[-36.3934,-78.5407],[-36.3904,-78.5466],[-36.4303,-78.5844],[-36.5081,-78.6016],[-36.5217,-78.6081],[-36.5237,-78.6232],[-36.534,-78.6307],[-36.521,-78.6432],[-36.4906,-78.6634],[-36.4824,-78.6807],[-36.4387,-78.6921],[-36.4303,-78.7081],[-36.4121,-78.7235],[-36.417,-78.7384],[-36.3915,-78.7758],[-36.3504,-78.8069],[-36.3653,-78.8131],[-36.3496,-78.8232],[-36.2986,-78.8334],[-36.2696,-78.8455],[-36.1777,-78.8588],[-36.1347,-78.8734],[-36.0383,-78.8835],[-35.9378,-78.8924],[-35.8224,-78.9038],[-35.7673,-78.9019],[-35.7608,-78.908],[-35.7075,-78.9235],[-35.6287,-78.9263],[-35.5848,-78.9334],[-35.5324,-78.9351],[-35.402,-78.9464],[-35.3555,-78.9521],[-35.2133,-78.9598],[-35.1152,-78.9696],[-34.9648,-78.9794],[-34.7758,-79.0065],[-34.6806,-79.0134],[-34.6383,-79.0194],[-34.5681,-79.0324],[-34.5308,-79.0374],[-34.4387,-79.0543],[-34.2545,-79.0831],[-34.2099,-79.0977],[-34.1492,-79.1102],[-34.1739,-79.1205],[-34.2236,-79.1272],[-34.2194,-79.1358],[-34.1743,-79.1445],[-34.1623,-79.1611],[-34.088,-79.1693],[-33.9613,-79.1766],[-33.8857,-79.1835],[-33.8161,-79.1932],[-33.7934,-79.207],[-33.759,-79.2164],[-33.6944,-79.223],[-33.6227,-79.2201],[-33.5866,-79.2237],[-33.5416,-79.2212],[-33.4816,-79.2272],[-33.3969,-79.2276],[-33.2611,-79.2319],[-33.1755,-79.2364],[-33.0704,-79.2386],[-32.9898,-79.2414],[-32.8821,-79.2503],[-32.8252,-79.2535],[-32.7703,-79.2532],[-32.6737,-79.258],[-32.607,-79.2527],[-32.5417,-79.2492],[-32.4968,-79.2403],[-32.4139,-79.2371],[-32.3749,-79.2314],[-32.2712,-79.2249],[-32.0857,-79.2202],[-32.0511,-79.2139],[-32.0043,-79.2113],[-31.9323,-79.2013],[-31.8399,-79.1987],[-31.7623,-79.1922],[-31.6796,-79.1872],[-31.6223,-79.1822],[-31.4603,-79.1648],[-31.398,-79.1609],[-31.344,-79.1556],[-31.2987,-79.1555],[-31.2087,-79.1629],[-31.1652,-79.1638],[-31.1192,-79.1602],[-31.0221,-79.1475],[-30.9231,-79.1366],[-30.8249,-79.1202],[-30.7646,-79.1083],[-30.7306,-79.0951],[-30.6759,-79.0795],[-30.6379,-79.079],[-30.6509,-79.0958],[-30.6178,-79.1024],[-30.5584,-79.1023],[-30.5219,-79.0963],[-30.5054,-79.0843],[-30.4349,-79.061],[-30.3787,-79.0501],[-30.2615,-79.0428],[-30.2387,-79.0467],[-30.2284,-79.0571],[-30.2024,-79.0637],[-30.183,-79.0764],[-30.2073,-79.0981],[-30.2022,-79.1032],[-30.1702,-79.1096],[-30.0613,-79.1069],[-30.0235,-79.11],[-29.9617,-79.1071],[-29.9452,-79.119],[-29.9544,-79.1334],[-29.9763,-79.1411],[-30.0462,-79.1507],[-30.0897,-79.1603],[-30.1277,-79.1733],[-30.1515,-79.1786],[-30.2387,-79.1842],[-30.2823,-79.1914],[-30.3819,-79.2025],[-30.4168,-79.2087],[-30.4734,-79.2136],[-30.5383,-79.2295],[-30.5543,-79.2422],[-30.5553,-79.25],[-30.5819,-79.2615],[-30.5866,-79.2755],[-30.5694,-79.2867],[-30.5265,-79.2933],[-30.4857,-79.294],[-30.4251,-79.2913],[-30.3517,-79.2906],[-30.277,-79.2817],[-30.1979,-79.2739],[-30.1168,-79.2729],[-30.0825,-79.2666],[-30.0436,-79.2651],[-29.989,-79.2557],[-29.8908,-79.2599],[-29.866,-79.2713],[-29.8369,-79.2766],[-29.849,-79.2843],[-29.8899,-79.3001],[-29.8802,-79.3035],[-29.8357,-79.3042],[-29.8441,-79.3181],[-29.807,-79.3181],[-29.7203,-79.2972],[-29.6739,-79.2734],[-29.6508,-79.2662],[-29.6094,-79.2582],[-29.5778,-79.2581],[-29.5796,-79.2691],[-29.5411,-79.2766],[-29.5813,-79.2925],[-29.6225,-79.3044],[-29.6839,-79.3263],[-29.7125,-79.3392],[-29.7519,-79.3517],[-29.8497,-79.3705],[-29.9188,-79.3896],[-29.9827,-79.4055],[-30.0707,-79.4234],[-30.1265,-79.4397],[-30.1566,-79.4459],[-30.2832,-79.4787],[-30.3426,-79.4911],[-30.4033,-79.5069],[-30.4576,-79.5177],[-30.5322,-79.535],[-30.6329,-79.5556],[-30.7011,-79.571],[-30.7768,-79.5822],[-30.844,-79.5854],[-30.9429,-79.6045],[-30.996,-79.6111],[-31.0522,-79.6128],[-31.1063,-79.6106],[-31.1512,-79.612],[-31.187,-79.616],[-31.2963,-79.6062],[-31.4899,-79.5959],[-31.6062,-79.5993],[-31.6776,-79.6071],[-31.7167,-79.6149],[-31.8638,-79.623],[-32.0071,-79.6327],[-32.0739,-79.6413],[-32.1486,-79.6637],[-32.1381,-79.6751],[-32.1046,-79.6857],[-31.9383,-79.7072],[-31.8535,-79.713],[-31.8254,-79.7125],[-31.7789,-79.7206],[-31.7631,-79.7278],[-31.7591,-79.7406],[-31.7933,-79.75],[-31.8639,-79.7559],[-31.9509,-79.7675],[-31.9642,-79.7718],[-32.0723,-79.7843],[-32.1161,-79.796],[-32.123,-79.8106],[-32.0806,-79.8183],[-31.9979,-79.8245],[-31.9801,-79.8339],[-31.9871,-79.8469],[-31.8385,-79.8584],[-31.7417,-79.8627],[-31.7173,-79.8663],[-31.6857,-79.8805],[-31.6415,-79.886],[-31.4176,-79.8968],[-31.3559,-79.9029],[-31.1518,-79.916],[-31.0986,-79.913],[-31.002,-79.899],[-30.9464,-79.9006],[-30.9167,-79.9133],[-30.8773,-79.9171],[-30.8219,-79.9416],[-30.7645,-79.9502],[-30.7067,-79.9533],[-30.6626,-79.9504],[-30.5992,-79.9408],[-30.5805,-79.9407],[-30.5185,-79.9559],[-30.513,-79.9761],[-30.526,-79.9808],[-30.5155,-79.9873],[-30.4294,-79.9938],[-30.3879,-79.9987],[-30.352,-80.0069],[-30.2354,-80.0252],[-30.2052,-80.0402],[-30.1363,-80.0464],[-30.0271,-80.0378],[-29.8739,-80.028],[-29.7842,-80.0197],[-29.7213,-80.0222],[-29.6779,-80.0203],[-29.6353,-80.0156],[-29.5704,-80.0055],[-29.5014,-80.0019],[-29.4672,-79.998],[-29.3974,-79.9937],[-29.3298,-79.9919],[-29.2369,-79.9862],[-29.0923,-79.9792],[-29.0738,-79.976],[-28.9991,-79.9716],[-28.9766,-79.9719],[-28.9065,-79.9666],[-28.8519,-79.9697],[-28.7926,-79.9694],[-28.7528,-79.9623],[-28.6435,-79.9651],[-28.6113,-79.9688],[-28.5826,-79.9786],[-28.5381,-79.9831],[-28.4386,-79.9833],[-28.2998,-79.9784],[-28.163,-79.9796],[-28.0366,-79.9789],[-27.9401,-79.9771],[-27.7395,-79.9786],[-27.5394,-79.9747],[-27.4306,-79.9685],[-27.3237,-79.9692],[-27.235,-79.9731],[-27.1411,-79.9848],[-27.0929,-79.9927],[-27.0544,-79.9945],[-26.8907,-79.9991],[-26.7823,-79.999],[-26.7536,-80.0009],[-26.6977,-80.0095],[-26.623,-80.0156],[-26.5206,-80.012],[-26.4317,-80.0117],[-26.3889,-80.0129],[-26.2543,-80.0128],[-26.1953,-80.0158],[-26.1667,-80.0242],[-26.1248,-80.041],[-26.1079,-80.0536],[-26.044,-80.0734],[-26.0211,-80.0828],[-26.0147,-80.0922],[-26.0269,-80.0963],[-26.122,-80.0972],[-26.1609,-80.096],[-26.2975,-80.0955],[-26.3313,-80.0989],[-26.259,-80.1113],[-26.2743,-80.1167],[-26.304,-80.1182],[-26.3913,-80.1167],[-26.492,-80.1101],[-26.5834,-80.1143],[-26.6349,-80.1136],[-26.7115,-80.1151],[-26.7679,-80.1121],[-27.0374,-80.1055],[-27.1099,-80.105],[-27.2832,-80.0988],[-27.4369,-80.0945],[-27.5377,-80.093],[-27.6306,-80.0891],[-27.7552,-80.089],[-27.9381,-80.0869],[-28.009,-80.089],[-28.105,-80.0891],[-28.2697,-80.0945],[-28.4261,-80.0982],[-28.4632,-80.1004],[-28.5923,-80.1036],[-28.6445,-80.1064],[-28.7403,-80.1092],[-28.8763,-80.1163],[-28.9439,-80.1215],[-29.0651,-80.1272],[-29.2743,-80.1428],[-29.3685,-80.1468],[-29.5566,-80.1616],[-29.6318,-80.1634],[-29.6772,-80.1551],[-29.7435,-80.1543],[-29.7929,-80.1619],[-29.796,-80.1792],[-29.8302,-80.2001],[-29.8338,-80.2089],[-29.7976,-80.2163],[-29.8046,-80.2335],[-29.7873,-80.2407],[-29.7252,-80.2506],[-29.7498,-80.2591],[-29.8137,-80.2567],[-29.8409,-80.2588],[-29.8797,-80.2664],[-29.9614,-80.2655],[-29.9804,-80.2672],[-30.0752,-80.265],[-30.1271,-80.266],[-30.1625,-80.2759],[-30.1398,-80.2876],[-30.1497,-80.2934],[-30.1949,-80.2936],[-30.2547,-80.2906],[-30.3638,-80.2832],[-30.5281,-80.278],[-30.6797,-80.2695],[-30.7688,-80.2667],[-30.8029,-80.2641],[-30.9047,-80.2656],[-30.9608,-80.2698],[-31.0208,-80.2711],[-31.0439,-80.2752],[-31.0564,-80.2854],[-31.1403,-80.2897],[-31.192,-80.2889],[-31.2386,-80.2941],[-31.2652,-80.3094],[-31.2656,-80.3225],[-31.2407,-80.3323],[-31.2056,-80.339],[-31.2044,-80.3451],[-31.2785,-80.3534],[-31.3144,-80.3646],[-31.2568,-80.379],[-31.2042,-80.3874],[-31.1269,-80.4023],[-31.0413,-80.4098],[-30.9707,-80.4217],[-30.8794,-80.4345],[-30.8314,-80.4369],[-30.6687,-80.4539],[-30.6446,-80.4588],[-30.6176,-80.4712],[-30.6187,-80.4777],[-30.6694,-80.4814],[-30.7206,-80.4764],[-30.7858,-80.4761],[-30.8238,-80.4698],[-30.9532,-80.4672],[-31.0578,-80.468],[-31.1989,-80.4576],[-31.301,-80.4514],[-31.3502,-80.4546],[-31.4367,-80.4534],[-31.4669,-80.4512],[-31.5374,-80.4525],[-31.5777,-80.4505],[-31.6855,-80.4357],[-31.7745,-80.4336],[-31.8922,-80.4266],[-31.9545,-80.4255],[-31.9818,-80.4272],[-32.043,-80.4372],[-32.1226,-80.4532],[-32.1766,-80.4724],[-32.2042,-80.4743],[-32.2649,-80.4731],[-32.3195,-80.467],[-32.3503,-80.4664],[-32.3806,-80.476],[-32.5188,-80.4912],[-32.6144,-80.508],[-32.7121,-80.5186],[-32.7962,-80.5298],[-32.8548,-80.5274],[-32.894,-80.5338],[-32.9296,-80.5279],[-32.9792,-80.5259],[-33.0081,-80.5368],[-33.0712,-80.5312],[-33.1242,-80.5331],[-33.2761,-80.5173],[-33.4254,-80.5004],[-33.4793,-80.4993],[-33.4955,-80.5066],[-33.46,-80.5132],[-33.46,-80.521],[-33.4208,-80.527],[-33.2327,-80.5393],[-33.1715,-80.5513],[-33.2377,-80.5549],[-33.2185,-80.5625],[-33.3012,-80.5657],[-33.3391,-80.5759],[-33.3849,-80.6038],[-33.4444,-80.6101],[-33.4733,-80.6061],[-33.526,-80.6095],[-33.5812,-80.6084],[-33.6013,-80.6161],[-33.5772,-80.6216],[-33.5944,-80.6261],[-33.6736,-80.6261],[-33.7341,-80.6226],[-33.7752,-80.6245],[-33.8403,-80.6217],[-33.8813,-80.6239],[-33.8915,-80.6327],[-33.9976,-80.6489],[-34.0853,-80.6506],[-34.3451,-80.6581],[-34.395,-80.6622],[-34.5029,-80.6613],[-34.5496,-80.6491],[-34.6801,-80.6306],[-34.8174,-80.6275],[-34.8806,-80.6223],[-34.9768,-80.6191],[-35.0527,-80.6126],[-35.1368,-80.6013],[-35.1969,-80.5977],[-35.2169,-80.603],[-35.2041,-80.6114],[-35.3119,-80.6141],[-35.4114,-80.6244],[-35.4623,-80.6355],[-35.4829,-80.6442],[-35.4791,-80.6503],[-35.2969,-80.6842],[-35.2327,-80.6912],[-35.1843,-80.7029],[-35.1794,-80.7214],[-35.3046,-80.7352],[-35.4054,-80.7422],[-35.4798,-80.7444],[-35.5193,-80.7548],[-35.5932,-80.7641],[-35.6156,-80.7753],[-35.6611,-80.7791],[-35.7164,-80.7882],[-35.7423,-80.7956],[-35.7818,-80.8014],[-35.8031,-80.8098],[-35.7882,-80.8236],[-35.8526,-80.8354],[-35.8863,-80.8395],[-35.8641,-80.8538],[-35.8615,-80.8617],[-35.8874,-80.8708],[-35.9693,-80.8763],[-35.9798,-80.8852],[-36.0064,-80.8871],[-36.0352,-80.8943],[-36.0242,-80.9159],[-36.0721,-80.9213],[-36.142,-80.9233],[-36.1936,-80.9269],[-36.3154,-80.9326],[-36.3716,-80.9332],[-36.4114,-80.9311],[-36.4642,-80.9328],[-36.5184,-80.9391],[-36.5705,-80.9527],[-36.607,-80.9689],[-36.5956,-80.9818],[-36.5949,-80.9968],[-36.6168,-81.002],[-36.6544,-81.0007],[-36.7296,-80.99],[-36.8003,-80.983],[-36.8534,-80.9855],[-36.9049,-80.998],[-36.9619,-81],[-37.0198,-81.005],[-37.0676,-81.0146],[-37.0997,-81.0326],[-37.2086,-81.042],[-37.2295,-81.0423],[-37.2898,-81.0563],[-37.2934,-81.0701],[-37.2862,-81.0848],[-37.3057,-81.0845],[-37.3778,-81.0725],[-37.4101,-81.0626],[-37.4298,-81.0439],[-37.4549,-81.0329],[-37.5404,-81.0226],[-37.624,-81.0196],[-37.6522,-81.0122],[-37.6044,-81.003],[-37.6017,-80.9931],[-37.6185,-80.9776],[-37.6558,-80.9792],[-37.6654,-80.9859],[-37.6938,-80.9878],[-37.8693,-80.9719],[-37.9127,-80.9645],[-37.9866,-80.9613],[-38.0671,-80.9501],[-38.1901,-80.9383],[-38.3027,-80.9297],[-38.3581,-80.9219],[-38.393,-80.9195],[-38.465,-80.9099],[-38.5106,-80.9216],[-38.5468,-80.9204],[-38.5761,-80.9155],[-38.6144,-80.8974],[-38.6746,-80.8886],[-38.6816,-80.8817],[-38.73,-80.8787],[-38.7791,-80.8696],[-38.8174,-80.8654],[-38.8333,-80.8719],[-38.8246,-80.8878],[-38.7774,-80.8962],[-38.7881,-80.9009],[-38.8286,-80.9053],[-38.8758,-80.9035],[-38.9554,-80.9047],[-38.9764,-80.9079],[-39.0139,-80.9279],[-39.0589,-80.9357],[-39.1071,-80.9392],[-39.1981,-80.9539],[-39.27,-80.9623],[-39.3271,-80.9713],[-39.3933,-80.9756],[-39.4415,-80.9858],[-39.5194,-80.9914],[-39.5615,-80.9909],[-39.6121,-81.0037],[-39.6195,-81.0115],[-39.6624,-81.019],[-39.6896,-81.0171],[-39.7268,-81.0236],[-39.7593,-81.0358],[-39.83,-81.0447],[-39.8508,-81.0548],[-39.8418,-81.0615],[-39.9016,-81.0753],[-39.9555,-81.0909],[-40.0314,-81.1011],[-40.1354,-81.1176],[-40.214,-81.1373],[-40.2387,-81.1488],[-40.3027,-81.1641],[-40.3627,-81.1639],[-40.472,-81.1727],[-40.5673,-81.189],[-40.6431,-81.1973],[-40.6975,-81.1889],[-40.7305,-81.1867],[-40.7558,-81.176],[-40.7972,-81.1708],[-40.8817,-81.174],[-40.9254,-81.1815],[-40.9522,-81.1902],[-40.9845,-81.1919],[-41.005,-81.1852],[-41.0593,-81.1879],[-41.0835,-81.1984],[-41.0826,-81.2087],[-41.1123,-81.221],[-41.1559,-81.2294],[-41.1886,-81.2393],[-41.2565,-81.2549],[-41.3488,-81.2807],[-41.3853,-81.2886],[-41.4558,-81.3099],[-41.5383,-81.3298],[-41.6282,-81.357],[-41.6563,-81.3702],[-41.6969,-81.3844],[-41.6972,-81.3894],[-41.727,-81.4008],[-41.7806,-81.4121],[-41.7924,-81.4177],[-41.7812,-81.4324],[-41.7654,-81.4375],[-41.7804,-81.4442],[-41.8206,-81.4514],[-41.822,-81.4614],[-41.8823,-81.4887],[-41.8894,-81.5002],[-41.8818,-81.5114],[-41.9225,-81.5304],[-41.9373,-81.5487],[-41.9001,-81.5653],[-41.8972,-81.5863],[-41.9197,-81.6019],[-41.9158,-81.6087],[-41.9454,-81.6177],[-41.9752,-81.6214],[-42.0555,-81.6217],[-42.1041,-81.6277],[-42.1871,-81.6338],[-42.2254,-81.6389],[-42.2362,-81.6447],[-42.2251,-81.6578],[-42.27,-81.6717],[-42.2442,-81.6832],[-42.2315,-81.6948],[-42.2448,-81.7004],[-42.3239,-81.7178],[-42.4606,-81.7594],[-42.6356,-81.791],[-42.6807,-81.7976],[-42.739,-81.8106],[-42.9246,-81.8453],[-42.9276,-81.8512],[-42.9959,-81.8678],[-43.0845,-81.8765],[-43.1474,-81.8895],[-43.1739,-81.9013],[-43.1642,-81.911],[-43.1983,-81.92],[-43.2074,-81.931],[-43.2272,-81.9374],[-43.2319,-81.9479],[-43.2209,-81.9575],[-43.1589,-81.9778],[-43.1658,-81.9901],[-43.1951,-81.9939],[-43.1686,-82.0052],[-43.1762,-82.0209],[-43.2734,-82.0328],[-43.2533,-82.0502],[-43.1584,-82.0739],[-43.1349,-82.0976],[-43.1306,-82.118],[-43.1748,-82.1291],[-43.2788,-82.1464],[-43.3505,-82.1669],[-43.3268,-82.1822],[-43.3281,-82.1944],[-43.2813,-82.2035],[-43.3153,-82.2123],[-43.3714,-82.2161],[-43.4109,-82.2223],[-43.4272,-82.2344],[-43.4984,-82.2436],[-43.555,-82.265],[-43.6558,-82.292],[-43.7232,-82.2979],[-43.7508,-82.3137],[-43.8027,-82.33],[-43.7994,-82.3358],[-43.9284,-82.3665],[-43.9703,-82.3719],[-44.0004,-82.3803],[-44.0172,-82.3912],[-44.0655,-82.4001],[-44.1407,-82.3976],[-44.1864,-82.408],[-44.2352,-82.4066],[-44.2638,-82.3899],[-44.3262,-82.3833],[-44.3845,-82.3843],[-44.4206,-82.389],[-44.4687,-82.3908],[-44.5294,-82.3869],[-44.6531,-82.393],[-44.7432,-82.3908],[-44.808,-82.3937],[-44.8777,-82.4],[-45.0103,-82.4158],[-45.0726,-82.4297],[-45.1279,-82.4368],[-45.1555,-82.4439],[-45.2234,-82.4546],[-45.2518,-82.462],[-45.4825,-82.4927],[-45.5668,-82.5141],[-45.6625,-82.5222],[-45.699,-82.5174],[-45.7199,-82.5014],[-45.6832,-82.4827],[-45.6727,-82.4562],[-45.7066,-82.4498],[-45.8181,-82.4547],[-45.8913,-82.4687],[-45.9194,-82.4835],[-45.964,-82.5007],[-45.9831,-82.5285],[-46.0192,-82.5406],[-46.0532,-82.544],[-46.2003,-82.5483],[-46.2786,-82.5382],[-46.3007,-82.5303],[-46.2984,-82.5231],[-46.3549,-82.516],[-46.4116,-82.5175],[-46.4834,-82.5151],[-46.4932,-82.504],[-46.4463,-82.4909],[-46.4401,-82.4832],[-46.4648,-82.4684],[-46.5205,-82.4631],[-46.5551,-82.4496],[-46.6115,-82.4375],[-46.6621,-82.4227],[-46.6897,-82.4069],[-46.6849,-82.401],[-46.6319,-82.3927],[-46.5891,-82.3821],[-46.4889,-82.3687],[-46.3887,-82.3413],[-46.3864,-82.3363],[-46.3272,-82.3184],[-46.2995,-82.3067],[-46.2401,-82.2916],[-46.1802,-82.2673],[-46.1464,-82.2495],[-46.1404,-82.2419],[-46.0881,-82.2254],[-46.0984,-82.218],[-46.1348,-82.2129],[-46.1225,-82.2049],[-46.1194,-82.1843],[-46.0736,-82.1693],[-46.039,-82.1634],[-45.9867,-82.1331],[-46.059,-82.1288],[-46.0683,-82.1232],[-46.0344,-82.1143],[-46.0105,-82.0943],[-46.0449,-82.0836],[-46.0497,-82.0721],[-46.1225,-82.0328],[-46.1738,-82.0175],[-46.19,-82.0087],[-46.24,-81.9906],[-46.2511,-81.9796],[-46.2783,-81.9732],[-46.2761,-81.9603],[-46.2581,-81.9434],[-46.2344,-81.9338],[-46.2293,-81.9172],[-46.2992,-81.9176],[-46.3563,-81.9309],[-46.4632,-81.9338],[-46.5663,-81.9468],[-46.5841,-81.9529],[-46.6831,-81.9739],[-46.7438,-81.9826],[-46.8117,-81.9877],[-47.0435,-81.9913],[-47.0855,-81.9944],[-47.1193,-82.0009],[-47.133,-82.0171],[-47.1816,-82.0356],[-47.1782,-82.0479],[-47.1611,-82.0553],[-47.2422,-82.0611],[-47.2773,-82.0699],[-47.3221,-82.0664],[-47.3285,-82.0515],[-47.3797,-82.045],[-47.4768,-82.0489],[-47.5111,-82.0471],[-47.5532,-82.0357],[-47.5926,-82.0334],[-47.5739,-82.0209],[-47.49,-82.021],[-47.4743,-82.0081],[-47.4393,-82.0028],[-47.3688,-81.9973],[-47.3137,-81.9845],[-47.3033,-81.9785],[-47.3676,-81.9729],[-47.455,-81.9769],[-47.4924,-81.9686],[-47.5044,-81.9597],[-47.5061,-81.9395],[-47.5293,-81.9327],[-47.5728,-81.9285],[-47.6771,-81.9312],[-47.7657,-81.9238],[-47.9442,-81.9213],[-47.9936,-81.9174],[-48.075,-81.9145],[-48.1229,-81.9082],[-48.1792,-81.9067],[-48.2274,-81.9195],[-48.2942,-81.9159],[-48.3127,-81.9072],[-48.3456,-81.9007],[-48.395,-81.8974],[-48.4997,-81.9022],[-48.5577,-81.8992],[-48.605,-81.8999],[-48.6463,-81.9042],[-48.7052,-81.9029],[-48.7458,-81.9084],[-48.7986,-81.9077],[-48.8266,-81.8994],[-48.8946,-81.8963],[-49.0005,-81.9023],[-49.0929,-81.9136],[-49.1225,-81.9205],[-49.1915,-81.927],[-49.2517,-81.9261],[-49.338,-81.9342],[-49.371,-81.9413],[-49.4986,-81.955],[-49.5795,-81.9578],[-49.6788,-81.9574],[-49.8197,-81.96],[-50.027,-81.9698],[-50.0609,-81.9741],[-50.1192,-81.9757],[-50.2162,-81.9744],[-50.3031,-81.9785],[-50.3625,-81.9833],[-50.4378,-81.9865],[-50.5961,-81.9963],[-50.676,-81.9951],[-50.7097,-81.9858],[-50.6813,-81.9779],[-50.6882,-81.9722],[-50.7298,-81.9629],[-50.77,-81.9634],[-50.8016,-81.9685],[-50.9026,-81.9768],[-51.0053,-81.9925],[-51.0832,-81.9976],[-51.1207,-82.008],[-51.1927,-82.0212],[-51.2519,-82.0298],[-51.3303,-82.0315],[-51.3785,-82.035],[-51.5221,-82.0417],[-51.6701,-82.0461],[-51.7629,-82.053],[-51.9281,-82.0684],[-51.9679,-82.0685],[-52.095,-82.076],[-52.1694,-82.0857],[-52.223,-82.0996],[-52.2507,-82.1118],[-52.3163,-82.1135],[-52.3824,-82.1192],[-52.4286,-82.1288],[-52.5916,-82.1503],[-52.6952,-82.1618],[-52.7178,-82.1626],[-52.8007,-82.1567],[-52.8758,-82.1486],[-52.9871,-82.1439],[-53.0562,-82.1437],[-53.1098,-82.14],[-53.1741,-82.1272],[-53.2246,-82.1242],[-53.2998,-82.1366],[-53.3058,-82.1461],[-53.3412,-82.1512],[-53.4073,-82.1534],[-53.5024,-82.1633],[-53.709,-82.1815],[-53.8058,-82.1956],[-53.8534,-82.1878],[-53.8755,-82.1792],[-53.9952,-82.1739],[-54.0505,-82.1816],[-54.1085,-82.1802],[-54.2193,-82.1831],[-54.2642,-82.1873],[-54.288,-82.1944],[-54.1606,-82.1977],[-54.0356,-82.1943],[-53.9699,-82.1994],[-53.9658,-82.2049],[-54.1239,-82.2187],[-54.1963,-82.2262],[-54.2675,-82.2387],[-54.319,-82.2502],[-54.2742,-82.2604],[-54.1536,-82.2504],[-54.1383,-82.2536],[-54.1934,-82.2664],[-54.2519,-82.2751],[-54.2982,-82.2875],[-54.3668,-82.2907],[-54.4296,-82.2892],[-54.4659,-82.3046],[-54.4984,-82.3048],[-54.5496,-82.2977],[-54.6412,-82.299],[-54.6772,-82.2907],[-54.81,-82.3042],[-54.8348,-82.3143],[-54.8192,-82.3337],[-54.847,-82.3482],[-54.8729,-82.3514],[-54.9258,-82.3513],[-54.9537,-82.3452],[-54.9975,-82.345],[-55.0315,-82.3492],[-55.0234,-82.3613],[-55.0486,-82.3699],[-55.1218,-82.3821],[-55.1524,-82.3938],[-55.149,-82.4001],[-55.1078,-82.4138],[-55.091,-82.4265],[-55.1018,-82.4345],[-55.1814,-82.4545],[-55.1889,-82.4611],[-55.1332,-82.4886],[-55.1368,-82.504],[-55.1258,-82.5098],[-55.166,-82.5185],[-55.2034,-82.5126],[-55.2599,-82.511],[-55.2957,-82.5135],[-55.381,-82.5022],[-55.4053,-82.4971],[-55.4109,-82.4812],[-55.4341,-82.475],[-55.4926,-82.4747],[-55.5711,-82.4681],[-55.593,-82.4622],[-55.6697,-82.4621],[-55.7463,-82.4743],[-55.8157,-82.4692],[-55.8449,-82.4625],[-55.9183,-82.477],[-55.8976,-82.4925],[-55.9066,-82.4981],[-55.9551,-82.5095],[-55.9897,-82.5218],[-55.9752,-82.5305],[-55.9948,-82.5407],[-56.0528,-82.5475],[-56.0681,-82.5527],[-56.0512,-82.5624],[-56.0706,-82.5698],[-56.1042,-82.5742],[-56.1437,-82.5867],[-56.2231,-82.6004],[-56.2752,-82.6152],[-56.3165,-82.6202],[-56.3343,-82.6273],[-56.3356,-82.637],[-56.3893,-82.6432],[-56.466,-82.6644],[-56.4721,-82.6747],[-56.5757,-82.694],[-56.6025,-82.7023],[-56.6692,-82.7123],[-56.718,-82.7244],[-56.7964,-82.7352],[-56.9635,-82.7484],[-56.9927,-82.754],[-57.0538,-82.759],[-57.0896,-82.7758],[-57.1358,-82.7762],[-57.1825,-82.7824],[-57.2878,-82.8074],[-57.424,-82.8335],[-57.4241,-82.8423],[-57.4866,-82.8617],[-57.5435,-82.8753],[-57.5914,-82.8805],[-57.637,-82.8904],[-57.6748,-82.9034],[-57.7567,-82.9244],[-57.7531,-82.9404],[-57.7982,-82.956],[-57.8185,-82.9727],[-57.8677,-82.9971],[-57.9023,-83.0079],[-57.9582,-83.0338],[-58.0335,-83.058],[-58.1004,-83.0853],[-58.1463,-83.098],[-58.2617,-83.1212],[-58.2984,-83.1382],[-58.3345,-83.1481],[-58.37,-83.1632],[-58.4112,-83.1696],[-58.4515,-83.1828],[-58.4666,-83.1931],[-58.5585,-83.2232],[-58.6994,-83.2851],[-58.7279,-83.304],[-58.7251,-83.321],[-58.7058,-83.3308],[-58.724,-83.341],[-58.8129,-83.3528],[-58.8504,-83.3806],[-58.8766,-83.3865],[-58.9132,-83.4017],[-59.1116,-83.4332],[-59.165,-83.438],[-59.2485,-83.4519],[-59.3512,-83.4598],[-59.4639,-83.4643],[-59.591,-83.4677],[-59.6704,-83.4571],[-59.732,-83.4543],[-59.8125,-83.4577],[-59.8521,-83.4556],[-59.8679,-83.445],[-59.9151,-83.4392],[-60.0415,-83.4388],[-60.1814,-83.4416],[-60.3051,-83.4412],[-60.4081,-83.4384],[-60.4997,-83.4338],[-60.5794,-83.4266],[-60.6823,-83.4223],[-60.7464,-83.424],[-60.7952,-83.4224],[-60.9025,-83.408],[-60.9277,-83.3927],[-61.0078,-83.391],[-61.0723,-83.3985],[-61.1496,-83.3974],[-61.1693,-83.3865],[-61.2377,-83.3814],[-61.3541,-83.3864],[-61.4105,-83.3871],[-61.4655,-83.3838],[-61.4878,-83.3787],[-61.4704,-83.3597],[-61.5057,-83.354],[-61.5668,-83.3513],[-61.6962,-83.3578],[-61.7974,-83.3752],[-61.8661,-83.3717],[-61.809,-83.3558],[-61.7261,-83.3375],[-61.6146,-83.3047],[-61.5274,-83.2744],[-61.4387,-83.2378],[-61.3393,-83.2184],[-61.213,-83.201],[-61.1509,-83.1779],[-61.0829,-83.1484],[-61.0215,-83.1054],[-61.0067,-83.0907],[-60.9987,-83.0703],[-60.9746,-83.0399],[-60.9598,-83.013],[-60.985,-82.9782],[-60.9969,-82.9537],[-61.0601,-82.9083],[-61.126,-82.9113],[-61.1382,-82.9434],[-61.1805,-82.9464],[-61.2361,-82.941],[-61.2806,-82.9248],[-61.3284,-82.9203],[-61.3617,-82.9262],[-61.3587,-82.9327],[-61.4019,-82.9531],[-61.4304,-82.9717],[-61.5554,-83.0066],[-61.5713,-83.0135],[-61.5473,-83.0282],[-61.5945,-83.0401],[-61.6723,-83.0428],[-61.7074,-83.0353],[-61.727,-83.0244],[-61.7662,-83.0123],[-61.8157,-83.0011],[-61.8715,-82.9976],[-61.9056,-83.0014],[-61.9008,-83.016],[-61.9342,-83.0255],[-62.0053,-83.03],[-62.1668,-83.0348],[-62.2234,-83.0321],[-62.2357,-83.0206],[-62.18,-83.0155],[-62.0569,-83.0115],[-62.0074,-83.0052],[-61.9758,-82.9968],[-61.9592,-82.9788],[-61.9688,-82.9583],[-62.0209,-82.9402],[-62.0765,-82.9011],[-62.0862,-82.8809],[-62.0809,-82.8704],[-62.1001,-82.8512],[-62.1285,-82.8412],[-62.1384,-82.8316],[-62.1849,-82.8181],[-62.2424,-82.7945],[-62.2882,-82.78],[-62.3393,-82.7682],[-62.3633,-82.7576],[-62.4204,-82.741],[-62.4267,-82.7243],[-62.4983,-82.7173],[-62.4632,-82.6973],[-62.469,-82.6855],[-62.6344,-82.6356],[-62.6479,-82.6191],[-62.6674,-82.6098],[-62.7289,-82.5936],[-62.7776,-82.5564],[-62.7758,-82.5486],[-62.7954,-82.5314],[-62.816,-82.5225],[-62.7875,-82.5181],[-62.6458,-82.5131],[-62.5349,-82.5008],[-62.4306,-82.4996],[-62.1282,-82.478],[-61.9531,-82.4582],[-61.9049,-82.4513],[-61.8285,-82.4348],[-61.7782,-82.4188],[-61.7,-82.3978],[-61.5637,-82.3747],[-61.4762,-82.3646],[-61.4196,-82.3609],[-61.357,-82.3538],[-61.3068,-82.345],[-61.2517,-82.3417],[-61.1805,-82.3411],[-61.1387,-82.3498],[-61.0868,-82.3426],[-60.9929,-82.3214],[-60.8844,-82.3055],[-60.7568,-82.2759],[-60.7226,-82.2716],[-60.6285,-82.2512],[-60.5386,-82.2245],[-60.4953,-82.2138],[-60.458,-82.194],[-60.4145,-82.1773],[-60.4348,-82.173],[-60.4793,-82.1751],[-60.5384,-82.1859],[-60.6222,-82.1891],[-60.6678,-82.1971],[-60.6554,-82.1741],[-60.6327,-82.1655],[-60.6584,-82.1566],[-60.7277,-82.1553],[-60.8401,-82.1706],[-60.8881,-82.1796],[-61.0433,-82.1921],[-61.1058,-82.1959],[-61.2542,-82.2098],[-61.3319,-82.2186],[-61.4153,-82.2358],[-61.487,-82.242],[-61.5992,-82.2493],[-61.7168,-82.2521],[-61.7834,-82.257],[-61.86,-82.2473],[-61.8857,-82.2474],[-61.9198,-82.2581],[-61.9961,-82.2624],[-62.0168,-82.277],[-62.0655,-82.279],[-62.0996,-82.2914],[-62.1371,-82.2971],[-62.1754,-82.2956],[-62.1514,-82.2816],[-62.1955,-82.274],[-62.2325,-82.2767],[-62.251,-82.2642],[-62.3144,-82.2635],[-62.3597,-82.2575],[-62.3998,-82.264],[-62.4484,-82.2623],[-62.4566,-82.2562],[-62.5407,-82.2652],[-62.626,-82.2703],[-62.6743,-82.2713],[-62.7143,-82.2789],[-62.7993,-82.2857],[-62.8403,-82.2864],[-62.8519,-82.2757],[-62.9315,-82.2785],[-62.9989,-82.2763],[-63.0549,-82.2843],[-63.0751,-82.2773],[-63.0231,-82.2601],[-63.07,-82.2525],[-63.2046,-82.2628],[-63.2337,-82.2695],[-63.1826,-82.2857],[-63.178,-82.2909],[-63.2354,-82.307],[-63.2431,-82.3231],[-63.2678,-82.331],[-63.341,-82.3432],[-63.3761,-82.3357],[-63.4353,-82.3322],[-63.454,-82.3281],[-63.5803,-82.3265],[-63.5404,-82.3176],[-63.6097,-82.3193],[-63.6634,-82.3148],[-63.7663,-82.321],[-63.7799,-82.3176],[-63.751,-82.3094],[-63.8012,-82.307],[-63.8896,-82.3171],[-63.9843,-82.3355],[-64.0363,-82.3541],[-64.1003,-82.3579],[-64.1539,-82.367],[-64.2577,-82.3792],[-64.249,-82.3885],[-64.2677,-82.3942],[-64.3677,-82.4077],[-64.3981,-82.4182],[-64.4285,-82.419],[-64.4995,-82.41],[-64.5102,-82.3889],[-64.5398,-82.3785],[-64.4748,-82.3612],[-64.4971,-82.3588],[-64.6196,-82.3696],[-64.6969,-82.3661],[-64.7952,-82.3762],[-64.8513,-82.3852],[-64.9325,-82.3884],[-64.9852,-82.3933],[-65.0265,-82.4013],[-65.084,-82.4068],[-65.128,-82.3996],[-65.1141,-82.3882],[-65.0846,-82.3782],[-65.1131,-82.3669],[-65.1507,-82.3629],[-65.1958,-82.3539],[-65.2071,-82.3394],[-65.1855,-82.3328],[-65.1751,-82.3156],[-65.1357,-82.3038],[-65.1625,-82.2936],[-65.2091,-82.289],[-65.196,-82.2761],[-65.2219,-82.2715],[-65.3273,-82.2693],[-65.4158,-82.2777],[-65.4695,-82.2955],[-65.5651,-82.3019],[-65.6905,-82.3235],[-65.7624,-82.3165],[-65.8729,-82.3124],[-65.9249,-82.3081],[-65.9927,-82.3117],[-66.0718,-82.3128],[-66.0957,-82.3013],[-65.9625,-82.2715],[-65.9352,-82.2675],[-65.9121,-82.2539],[-65.9525,-82.2439],[-65.9597,-82.2371],[-65.9227,-82.2241],[-65.9382,-82.2161],[-66.0187,-82.2167],[-66.0658,-82.2099],[-66.1112,-82.199],[-66.1045,-82.1844],[-66.0758,-82.1762],[-66.0378,-82.1715],[-65.9872,-82.1601],[-65.9759,-82.15],[-65.9878,-82.1407],[-66.0278,-82.1295],[-65.9533,-82.1107],[-65.9475,-82.0903],[-65.9141,-82.0775],[-65.8526,-82.064],[-65.8289,-82.0499],[-65.7794,-82.0325],[-65.724,-82.0203],[-65.6429,-81.9989],[-65.6314,-81.9904],[-65.6754,-81.9831],[-65.7415,-81.9826],[-65.8287,-81.9725],[-65.9001,-81.9671],[-66.0271,-81.971],[-66.0897,-81.9694],[-66.1598,-81.9576],[-66.2434,-81.954],[-66.2562,-81.9487],[-66.1099,-81.9269],[-66.0523,-81.9158],[-65.9876,-81.9101],[-65.8395,-81.892],[-65.8077,-81.8896],[-65.7454,-81.8783],[-65.6749,-81.8721],[-65.5798,-81.8877],[-65.5261,-81.8832],[-65.463,-81.8838],[-65.4006,-81.8935],[-65.358,-81.8943],[-65.3291,-81.8886],[-65.274,-81.8919],[-65.322,-81.9009],[-65.3133,-81.9084],[-65.2555,-81.912],[-65.1699,-81.9084],[-65.106,-81.9107],[-64.935,-81.9132],[-64.8652,-81.9168],[-64.5819,-81.9207],[-64.447,-81.9143],[-64.3145,-81.9102],[-64.2587,-81.9104],[-64.1783,-81.9034],[-64.1073,-81.9032],[-64.0256,-81.9062],[-63.9662,-81.9032],[-63.9133,-81.8903],[-63.8541,-81.8865],[-63.78,-81.8846],[-63.7087,-81.8773],[-63.615,-81.8712],[-63.5432,-81.8618],[-63.521,-81.8487],[-63.5625,-81.8408],[-63.5895,-81.8271],[-63.5487,-81.8157],[-63.5029,-81.8072],[-63.4676,-81.7871],[-63.4837,-81.7804],[-63.5199,-81.7758],[-63.6302,-81.7736],[-63.6841,-81.7745],[-63.7619,-81.7727],[-63.838,-81.7687],[-63.8985,-81.7706],[-63.9806,-81.7693],[-64.0628,-81.7709],[-64.1512,-81.7745],[-64.2283,-81.7727],[-64.3422,-81.7772],[-64.4342,-81.775],[-64.4948,-81.778],[-64.5685,-81.787],[-64.6263,-81.7902],[-64.6971,-81.8004],[-64.7535,-81.7994],[-64.7978,-81.8045],[-64.905,-81.8232],[-64.937,-81.8209],[-64.956,-81.8137],[-64.9276,-81.8049],[-64.9376,-81.7978],[-65.0714,-81.7882],[-65.094,-81.7829],[-65.1816,-81.7782],[-65.2151,-81.762],[-65.188,-81.7493],[-65.1875,-81.7413],[-65.1077,-81.7277],[-65.0776,-81.7168],[-64.9755,-81.697],[-64.8706,-81.664],[-64.8617,-81.6585],[-64.7952,-81.6417],[-64.7466,-81.6337],[-64.6787,-81.6261],[-64.6341,-81.6239],[-64.5776,-81.6267],[-64.5405,-81.6359],[-64.5568,-81.6504],[-64.7191,-81.6911],[-64.7011,-81.6981],[-64.6661,-81.6994],[-64.6016,-81.6955],[-64.4865,-81.6933],[-64.3636,-81.6858],[-64.2615,-81.6886],[-64.2042,-81.685],[-64.1135,-81.6671],[-64.0108,-81.6273],[-63.9575,-81.6148],[-63.9027,-81.6093],[-63.8567,-81.6163],[-63.8766,-81.6317],[-63.939,-81.6475],[-63.9938,-81.665],[-64.0845,-81.6876],[-64.0622,-81.6981],[-64.0052,-81.7008],[-63.8768,-81.6911],[-63.7742,-81.685],[-63.6677,-81.6767],[-63.6205,-81.666],[-63.5932,-81.6562],[-63.5461,-81.6461],[-63.4414,-81.6423],[-63.3785,-81.638],[-63.34,-81.6386],[-63.3011,-81.645],[-63.3086,-81.6511],[-63.3765,-81.6704],[-63.3961,-81.6803],[-63.345,-81.7039],[-63.2868,-81.7123],[-63.1579,-81.7211],[-63.0236,-81.7224],[-62.9449,-81.7195],[-62.7894,-81.7233],[-62.7516,-81.7226],[-62.69,-81.7156],[-62.6009,-81.7171],[-62.432,-81.7162],[-62.3083,-81.706],[-62.251,-81.6984],[-62.18,-81.6848],[-62.1029,-81.6663],[-62.0866,-81.6534],[-62.1449,-81.6445],[-62.1733,-81.6312],[-62.2188,-81.6196],[-62.2053,-81.6106],[-62.2138,-81.5961],[-62.2952,-81.5893],[-62.3068,-81.5823],[-62.2912,-81.5665],[-62.3165,-81.5626],[-62.3673,-81.5637],[-62.4119,-81.5598],[-62.5644,-81.5521],[-62.6435,-81.5511],[-62.7347,-81.5441],[-62.8038,-81.5421],[-62.9188,-81.5416],[-63.0233,-81.5391],[-63.1092,-81.5424],[-63.1552,-81.5424],[-63.3474,-81.5532],[-63.4323,-81.5544],[-63.6002,-81.5617],[-63.6458,-81.561],[-63.7281,-81.5704],[-63.8166,-81.5743],[-63.8553,-81.5743],[-63.8988,-81.5782],[-63.9661,-81.5737],[-64.0466,-81.5717],[-64.113,-81.5589],[-64.1629,-81.5446],[-64.2069,-81.5426],[-64.2736,-81.5437],[-64.4219,-81.5427],[-64.4867,-81.544],[-64.5502,-81.5358],[-64.6051,-81.5354],[-64.7573,-81.5473],[-64.8479,-81.5466],[-64.9638,-81.5403],[-65.1788,-81.533],[-65.2475,-81.5285],[-65.3567,-81.5156],[-65.5398,-81.4831],[-65.653,-81.4698],[-65.7412,-81.4578],[-65.801,-81.4518],[-65.9083,-81.4436],[-66.1007,-81.4151],[-66.1519,-81.4082],[-66.2069,-81.3972],[-66.2762,-81.3904],[-66.3057,-81.3826],[-66.3878,-81.3715],[-66.4706,-81.3516],[-66.5765,-81.3399],[-66.6344,-81.3298],[-66.6941,-81.3223],[-66.7829,-81.3135],[-66.8935,-81.3007],[-66.9776,-81.2947],[-67.0273,-81.2857],[-67.1198,-81.273],[-67.2731,-81.2541],[-67.4663,-81.2278],[-67.5898,-81.2137],[-67.7123,-81.204],[-67.7973,-81.1943],[-67.8974,-81.1782],[-68.1011,-81.155],[-68.1725,-81.144],[-68.2848,-81.1294],[-68.3581,-81.1181],[-68.4401,-81.1073],[-68.4557,-81.1029],[-68.4937,-81.0602],[-68.5663,-81.0414],[-68.6105,-81.0281],[-68.7,-81.0158],[-68.8199,-81.0052],[-68.9,-81.0028],[-68.9731,-81.0057],[-68.9997,-81.0095],[-69.0854,-81.0299],[-69.1429,-81.0359],[-69.2006,-81.0344],[-69.3162,-81.021],[-69.422,-81.012],[-69.5192,-81.0012],[-69.644,-80.9938],[-69.7648,-80.9893],[-69.8837,-80.9804],[-69.9951,-80.9774],[-70.0134,-80.9666],[-70.1054,-80.9357],[-70.0607,-80.914],[-70.0312,-80.9067],[-70.0368,-80.8995],[-70.0749,-80.8994],[-70.1225,-80.9056],[-70.1678,-80.907],[-70.1625,-80.896],[-70.2259,-80.8943],[-70.2165,-80.8801],[-70.2696,-80.8784],[-70.2985,-80.8832],[-70.3217,-80.8768],[-70.304,-80.8685],[-70.3263,-80.8652],[-70.3142,-80.8487],[-70.3337,-80.8428],[-70.394,-80.8359],[-70.4079,-80.8299],[-70.3934,-80.8089],[-70.3881,-80.7901],[-70.4208,-80.7664],[-70.4242,-80.7576],[-70.4064,-80.749],[-70.4068,-80.7413],[-70.3879,-80.7256],[-70.38,-80.7093],[-70.3819,-80.6946],[-70.4129,-80.674],[-70.4802,-80.6548],[-70.5539,-80.6422],[-70.6296,-80.6366],[-70.6758,-80.631],[-70.752,-80.625],[-70.8025,-80.6151],[-70.8588,-80.6159],[-70.9073,-80.6204],[-70.94,-80.6275],[-70.9906,-80.6193],[-71.0331,-80.6158],[-71.0871,-80.5999],[-71.1311,-80.6004],[-71.1496,-80.6084],[-71.1846,-80.6154],[-71.1745,-80.635],[-71.208,-80.647],[-71.2701,-80.6567],[-71.3488,-80.6756],[-71.3776,-80.6878],[-71.4498,-80.706],[-71.5436,-80.7171],[-71.5929,-80.7185],[-71.5925,-80.7065],[-71.6072,-80.7023],[-71.649,-80.7011],[-71.6917,-80.7047],[-71.7634,-80.7179],[-71.8603,-80.7433],[-71.9516,-80.7472],[-72.092,-80.7487],[-72.2197,-80.7566],[-72.3123,-80.7716],[-72.3542,-80.7686],[-72.3452,-80.7567],[-72.3681,-80.7395],[-72.4285,-80.7407],[-72.4846,-80.756],[-72.5077,-80.7707],[-72.5573,-80.7928],[-72.5827,-80.8143],[-72.6069,-80.8478],[-72.62,-80.8571],[-72.6033,-80.8642],[-72.64,-80.8941],[-72.6428,-80.9113],[-72.6181,-80.9204],[-72.6114,-80.9325],[-72.5652,-80.9481],[-72.5755,-80.9564],[-72.6056,-80.9641],[-72.6422,-80.9603],[-72.6969,-80.9605],[-72.7313,-80.9663],[-72.8103,-80.9656],[-72.8676,-80.9578],[-72.9597,-80.9499],[-73.0133,-80.9478],[-73.1292,-80.9359],[-73.1566,-80.9349],[-73.2134,-80.9276],[-73.2551,-80.9199],[-73.3262,-80.9104],[-73.3869,-80.9005],[-73.4785,-80.8919],[-73.5144,-80.8844],[-73.5965,-80.8734],[-73.6508,-80.8699],[-73.7041,-80.869],[-73.7334,-80.866],[-73.8002,-80.8493],[-73.8131,-80.8441],[-73.9028,-80.8322],[-73.9733,-80.8328],[-74,-80.8288],[-74,-81.0134],[-74,-81.2105],[-74,-81.4009],[-74,-81.5905],[-74,-81.6619],[-74,-81.9761],[-74,-82.4788],[-74,-83.8619],[-74,-84.0944],[-74,-85.0129],[-74,-85.3133],[-74,-88.2823],[-74,-88.3686],[-74,-88.5399],[-74,-90],[-73.5541,-90],[-70.9095,-90],[-68.9134,-90],[-47.5088,-90],[-47.033,-90],[-32.6943,-90],[-30.4201,-90],[-26.136,-90],[-25.6873,-90],[-25.0231,-90],[-25,-90],[-25,-89.7999],[-25,-89.3031],[-25,-89.127],[-25,-88.2288],[-25,-87.292],[-25,-86.5912],[-25,-85.5875],[-25,-85.0089],[-25,-84.3859],[-25,-81.9382],[-25,-81.7943],[-25,-81.3231],[-25,-81.2041],[-25,-81.0725],[-25,-80.6521],[-25,-80.5788],[-25,-79.9986],[-25,-78.1748],[-25,-77.1614],[-25,-76.5991],[-25,-76.4273],[-25,-76.2508],[-25,-76.1113],[-25,-75.8769]]],[[[-57.303,-63.2141],[-57.3111,-63.2184],[-57.3369,-63.2223],[-57.3453,-63.2255],[-57.3717,-63.2264],[-57.3875,-63.2229],[-57.4003,-63.2268],[-57.433,-63.2307],[-57.4658,-63.2439],[-57.4699,-63.2501],[-57.4817,-63.2552],[-57.5058,-63.2547],[-57.5244,-63.2651],[-57.5569,-63.2706],[-57.579,-63.2758],[-57.5874,-63.2697],[-57.6,-63.2687],[-57.6265,-63.2716],[-57.6344,-63.2776],[-57.6542,-63.28],[-57.6831,-63.281],[-57.7221,-63.2879],[-57.7443,-63.2948],[-57.7511,-63.3038],[-57.772,-63.3102],[-57.7901,-63.3112],[-57.8171,-63.3085],[-57.8469,-63.3095],[-57.8585,-63.313],[-57.877,-63.3114],[-57.8858,-63.3231],[-57.8888,-63.3336],[-57.9009,-63.3346],[-57.8985,-63.3418],[-57.9105,-63.3438],[-57.9081,-63.3519],[-57.9236,-63.3584],[-57.9441,-63.3617],[-57.9482,-63.3658],[-57.9462,-63.3799],[-57.9646,-63.3866],[-57.9751,-63.3841],[-58.0192,-63.3927],[-58.0147,-63.4034],[-58.0294,-63.4091],[-58.0387,-63.416],[-58.0487,-63.4177],[-58.068,-63.4141],[-58.097,-63.4139],[-58.0975,-63.4061],[-58.1089,-63.3937],[-58.1265,-63.3794],[-58.1627,-63.379],[-58.1604,-63.3837],[-58.1803,-63.3894],[-58.1972,-63.3989],[-58.188,-63.4093],[-58.1756,-63.4151],[-58.1416,-63.4182],[-58.1235,-63.4144],[-58.1101,-63.4182],[-58.1165,-63.4316],[-58.1285,-63.4343],[-58.1353,-63.4501],[-58.147,-63.4559],[-58.1472,-63.4676],[-58.1619,-63.4724],[-58.1873,-63.4611],[-58.1999,-63.4623],[-58.2161,-63.458],[-58.2271,-63.4508],[-58.2459,-63.4517],[-58.27,-63.4554],[-58.3257,-63.4584],[-58.3632,-63.4577],[-58.398,-63.4545],[-58.412,-63.4591],[-58.4356,-63.4608],[-58.4568,-63.4709],[-58.5177,-63.4785],[-58.5282,-63.4852],[-58.5588,-63.493],[-58.6168,-63.4929],[-58.6766,-63.5005],[-58.6897,-63.4997],[-58.7073,-63.5107],[-58.7506,-63.5157],[-58.7621,-63.512],[-58.7825,-63.513],[-58.804,-63.5171],[-58.8376,-63.5314],[-58.8722,-63.5376],[-58.8849,-63.5362],[-58.9026,-63.5444],[-58.9217,-63.5437],[-58.9351,-63.5471],[-58.9505,-63.5471],[-58.954,-63.5537],[-58.9387,-63.565],[-58.9358,-63.5715],[-58.939,-63.5896],[-58.9508,-63.5937],[-58.9431,-63.6045],[-58.9452,-63.6115],[-58.9379,-63.6199],[-58.9251,-63.6412],[-58.9242,-63.6527],[-58.9139,-63.6587],[-58.9296,-63.6655],[-58.9435,-63.6752],[-58.9581,-63.6714],[-58.995,-63.6664],[-59.0106,-63.6691],[-59.0294,-63.6811],[-59.0473,-63.6869],[-59.0611,-63.6879],[-59.0715,-63.6945],[-59.0692,-63.7038],[-59.1023,-63.7181],[-59.1157,-63.719],[-59.1306,-63.7114],[-59.1513,-63.707],[-59.1648,-63.6963],[-59.1873,-63.6909],[-59.1922,-63.6835],[-59.2057,-63.6753],[-59.215,-63.6803],[-59.2276,-63.6765],[-59.2331,-63.6821],[-59.2458,-63.6825],[-59.2572,-63.687],[-59.2741,-63.6866],[-59.2858,-63.6944],[-59.3199,-63.6992],[-59.3413,-63.7076],[-59.3618,-63.7069],[-59.3694,-63.7095],[-59.368,-63.7171],[-59.3883,-63.7259],[-59.3824,-63.7289],[-59.3607,-63.7284],[-59.3532,-63.7329],[-59.3572,-63.7475],[-59.3463,-63.7488],[-59.3383,-63.7562],[-59.3357,-63.7668],[-59.3242,-63.7891],[-59.3412,-63.7957],[-59.3608,-63.7943],[-59.3767,-63.7958],[-59.3597,-63.8081],[-59.3594,-63.8129],[-59.4032,-63.8176],[-59.4254,-63.8249],[-59.4406,-63.8272],[-59.4504,-63.82],[-59.4704,-63.8237],[-59.4657,-63.8293],[-59.4445,-63.8309],[-59.4289,-63.8397],[-59.4339,-63.8476],[-59.4233,-63.8558],[-59.3831,-63.8664],[-59.4173,-63.8906],[-59.4114,-63.9007],[-59.4255,-63.9097],[-59.4633,-63.9121],[-59.4663,-63.8901],[-59.4749,-63.8843],[-59.4987,-63.879],[-59.5101,-63.8846],[-59.5528,-63.8953],[-59.58,-63.8899],[-59.5949,-63.8777],[-59.6211,-63.8662],[-59.6437,-63.8683],[-59.657,-63.874],[-59.6885,-63.8754],[-59.6997,-63.8726],[-59.7053,-63.8639],[-59.7239,-63.8577],[-59.7701,-63.8647],[-59.7822,-63.8624],[-59.7977,-63.8418],[-59.7925,-63.8334],[-59.7752,-63.8272],[-59.7642,-63.8161],[-59.7669,-63.7974],[-59.7748,-63.7878],[-59.7737,-63.7824],[-59.7942,-63.7765],[-59.8256,-63.776],[-59.8467,-63.7732],[-59.856,-63.7843],[-59.839,-63.7931],[-59.8446,-63.8009],[-59.8566,-63.8032],[-59.8672,-63.8148],[-59.8578,-63.8214],[-59.8321,-63.8327],[-59.8253,-63.8417],[-59.8347,-63.8594],[-59.8462,-63.8665],[-59.8879,-63.8536],[-59.9353,-63.852],[-59.949,-63.861],[-59.9342,-63.8651],[-59.9264,-63.8773],[-59.9413,-63.8916],[-59.9204,-63.9034],[-59.9472,-63.9049],[-59.9691,-63.9149],[-59.9845,-63.9152],[-59.9848,-63.9221],[-59.9419,-63.9349],[-59.9396,-63.9395],[-59.9517,-63.9431],[-59.9501,-63.949],[-59.9619,-63.9544],[-59.9715,-63.951],[-60.0002,-63.9512],[-60.032,-63.948],[-60.0435,-63.9411],[-60.0557,-63.9423],[-60.0819,-63.9383],[-60.0882,-63.927],[-60.1162,-63.925],[-60.1295,-63.9265],[-60.1498,-63.9237],[-60.1609,-63.9248],[-60.1737,-63.9213],[-60.2118,-63.9195],[-60.2278,-63.9155],[-60.2417,-63.9188],[-60.2483,-63.9246],[-60.2653,-63.925],[-60.2795,-63.9145],[-60.2946,-63.9155],[-60.3012,-63.9111],[-60.3236,-63.9166],[-60.3367,-63.9304],[-60.3495,-63.9297],[-60.3778,-63.9349],[-60.3779,-63.9402],[-60.4005,-63.9458],[-60.411,-63.9545],[-60.4349,-63.9523],[-60.4478,-63.9531],[-60.4586,-63.9636],[-60.481,-63.9732],[-60.4985,-63.9718],[-60.5302,-63.9814],[-60.535,-63.9857],[-60.5619,-63.9903],[-60.5656,-63.9961],[-60.5792,-63.9993],[-60.5913,-64.0061],[-60.6039,-64.005],[-60.6193,-64.0097],[-60.6388,-64.0122],[-60.6509,-64.0101],[-60.6811,-64.0093],[-60.7035,-64.0159],[-60.7176,-64.0093],[-60.7256,-64.0149],[-60.7157,-64.0208],[-60.727,-64.0268],[-60.7274,-64.0354],[-60.7172,-64.0407],[-60.7208,-64.0481],[-60.7396,-64.0511],[-60.7403,-64.06],[-60.7243,-64.0668],[-60.7287,-64.0743],[-60.763,-64.0879],[-60.7728,-64.0872],[-60.7598,-64.0741],[-60.7644,-64.0663],[-60.7987,-64.0729],[-60.8142,-64.0713],[-60.8294,-64.0761],[-60.8572,-64.063],[-60.8758,-64.0576],[-60.8684,-64.0507],[-60.8811,-64.0446],[-60.8958,-64.0448],[-60.9369,-64.0541],[-60.9176,-64.0595],[-60.9411,-64.0643],[-60.966,-64.056],[-60.9568,-64.0516],[-60.9942,-64.0441],[-60.997,-64.0498],[-60.9813,-64.0562],[-60.9863,-64.0603],[-61.0251,-64.0615],[-61.0258,-64.0823],[-61.0112,-64.084],[-60.9929,-64.0827],[-60.9877,-64.0907],[-60.9578,-64.0872],[-60.9583,-64.0955],[-60.9471,-64.0962],[-60.9308,-64.1033],[-60.9045,-64.1227],[-60.8929,-64.1248],[-60.8998,-64.1322],[-60.8935,-64.1404],[-60.8809,-64.1395],[-60.8608,-64.1457],[-60.8389,-64.1497],[-60.8465,-64.1568],[-60.8457,-64.1632],[-60.8656,-64.169],[-60.8847,-64.1668],[-60.9049,-64.1605],[-60.9202,-64.1635],[-60.9333,-64.1586],[-60.9574,-64.1548],[-60.9642,-64.1582],[-60.964,-64.1666],[-60.9431,-64.1736],[-60.9558,-64.1801],[-60.9617,-64.1869],[-60.9597,-64.1952],[-60.9294,-64.1925],[-60.9101,-64.2017],[-60.913,-64.21],[-60.9634,-64.2115],[-60.9785,-64.2143],[-60.9989,-64.2133],[-61.0044,-64.2248],[-60.9882,-64.2312],[-60.992,-64.2384],[-60.9683,-64.2426],[-60.9311,-64.2513],[-60.9251,-64.258],[-60.9393,-64.2674],[-60.9323,-64.2848],[-60.9436,-64.2918],[-60.945,-64.3012],[-60.9591,-64.2974],[-60.978,-64.3017],[-60.9975,-64.2996],[-61.0157,-64.3018],[-61.0204,-64.2985],[-61.0413,-64.3007],[-61.0598,-64.2964],[-61.0652,-64.3011],[-61.1001,-64.301],[-61.1161,-64.3128],[-61.1077,-64.3226],[-61.1202,-64.339],[-61.1208,-64.3469],[-61.1348,-64.3534],[-61.1316,-64.3573],[-61.1371,-64.3679],[-61.1259,-64.3688],[-61.1265,-64.379],[-61.1163,-64.3804],[-61.0949,-64.3774],[-61.0911,-64.3845],[-61.0966,-64.3917],[-61.1081,-64.3953],[-61.2104,-64.3935],[-61.2146,-64.4003],[-61.2352,-64.4012],[-61.2589,-64.3974],[-61.2705,-64.3915],[-61.2875,-64.4047],[-61.2964,-64.4036],[-61.2979,-64.4145],[-61.2933,-64.4301],[-61.3236,-64.4346],[-61.3486,-64.429],[-61.3375,-64.4185],[-61.3428,-64.4121],[-61.3791,-64.4022],[-61.3953,-64.4048],[-61.4007,-64.4107],[-61.4153,-64.4147],[-61.4348,-64.412],[-61.4223,-64.4027],[-61.4264,-64.3959],[-61.4152,-64.3901],[-61.4032,-64.3904],[-61.3935,-64.3858],[-61.3607,-64.3782],[-61.3655,-64.3713],[-61.3597,-64.3654],[-61.3746,-64.3538],[-61.3872,-64.3587],[-61.3745,-64.3641],[-61.4031,-64.3768],[-61.447,-64.36],[-61.4605,-64.3628],[-61.4523,-64.3764],[-61.4558,-64.3845],[-61.4725,-64.3863],[-61.4827,-64.3946],[-61.4612,-64.4025],[-61.4555,-64.4104],[-61.4704,-64.4177],[-61.5032,-64.4189],[-61.5187,-64.4081],[-61.5443,-64.4056],[-61.5638,-64.4105],[-61.5489,-64.4151],[-61.5469,-64.4223],[-61.5655,-64.4263],[-61.5498,-64.4301],[-61.5602,-64.4379],[-61.5865,-64.4295],[-61.5963,-64.429],[-61.605,-64.4365],[-61.5652,-64.4581],[-61.5833,-64.4625],[-61.5703,-64.4721],[-61.5556,-64.4747],[-61.5626,-64.4851],[-61.5447,-64.4863],[-61.5294,-64.49],[-61.5162,-64.4832],[-61.4939,-64.4844],[-61.493,-64.4792],[-61.4765,-64.4709],[-61.4637,-64.4699],[-61.4493,-64.4766],[-61.4575,-64.4833],[-61.4448,-64.4899],[-61.4456,-64.5012],[-61.4708,-64.5057],[-61.4597,-64.5159],[-61.4545,-64.5281],[-61.4749,-64.5328],[-61.4817,-64.537],[-61.5188,-64.5288],[-61.5381,-64.532],[-61.5747,-64.5187],[-61.5834,-64.5229],[-61.5874,-64.5316],[-61.6095,-64.5306],[-61.6171,-64.5337],[-61.609,-64.5524],[-61.6158,-64.5591],[-61.6107,-64.569],[-61.5693,-64.5747],[-61.5566,-64.5815],[-61.5526,-64.5913],[-61.5341,-64.6046],[-61.5245,-64.6065],[-61.496,-64.6031],[-61.4938,-64.6104],[-61.5308,-64.6198],[-61.5285,-64.6231],[-61.5519,-64.6322],[-61.5431,-64.6377],[-61.5426,-64.6449],[-61.5725,-64.6538],[-61.5874,-64.6617],[-61.6082,-64.6657],[-61.6258,-64.6647],[-61.6379,-64.6556],[-61.6573,-64.6555],[-61.6623,-64.6503],[-61.6604,-64.6399],[-61.6494,-64.6323],[-61.6644,-64.6285],[-61.689,-64.6319],[-61.6856,-64.6365],[-61.694,-64.643],[-61.7078,-64.643],[-61.7251,-64.6345],[-61.7299,-64.6238],[-61.7197,-64.6084],[-61.7079,-64.6079],[-61.717,-64.5918],[-61.6978,-64.5877],[-61.715,-64.5776],[-61.7215,-64.5705],[-61.719,-64.5608],[-61.7316,-64.5579],[-61.7605,-64.5375],[-61.7673,-64.5349],[-61.7688,-64.5223],[-61.7817,-64.5109],[-61.7762,-64.5027],[-61.7897,-64.4909],[-61.8104,-64.4935],[-61.8065,-64.4973],[-61.8124,-64.5063],[-61.8119,-64.5143],[-61.8424,-64.5077],[-61.8528,-64.5096],[-61.8496,-64.5172],[-61.8346,-64.5235],[-61.8238,-64.5233],[-61.8226,-64.5316],[-61.8048,-64.5296],[-61.8081,-64.5458],[-61.8157,-64.5549],[-61.8303,-64.5576],[-61.8328,-64.5645],[-61.8218,-64.5704],[-61.819,-64.577],[-61.8,-64.582],[-61.8284,-64.5863],[-61.8275,-64.5939],[-61.8676,-64.5956],[-61.8906,-64.592],[-61.8805,-64.583],[-61.887,-64.5753],[-61.9128,-64.5803],[-61.9047,-64.5691],[-61.9207,-64.5711],[-61.9251,-64.5777],[-61.9467,-64.5891],[-61.9515,-64.6032],[-61.969,-64.6013],[-61.9763,-64.6045],[-61.9635,-64.6131],[-61.9452,-64.6165],[-61.9423,-64.6273],[-61.9289,-64.6302],[-61.9278,-64.6397],[-61.9331,-64.6457],[-61.9572,-64.6553],[-61.9472,-64.6627],[-61.9462,-64.6693],[-61.9579,-64.6748],[-61.9559,-64.682],[-61.9706,-64.6857],[-61.9847,-64.6989],[-62.0177,-64.7019],[-62.0453,-64.695],[-62.0379,-64.7157],[-62.0462,-64.7238],[-62.0697,-64.7229],[-62.0917,-64.7115],[-62.0926,-64.7012],[-62.1036,-64.6958],[-62.1197,-64.7006],[-62.1315,-64.6941],[-62.1283,-64.6871],[-62.1398,-64.6845],[-62.1558,-64.689],[-62.1625,-64.6986],[-62.1523,-64.7044],[-62.1636,-64.7149],[-62.1575,-64.718],[-62.1503,-64.7319],[-62.1574,-64.7351],[-62.179,-64.7348],[-62.1971,-64.7321],[-62.2209,-64.7376],[-62.2266,-64.749],[-62.2146,-64.7613],[-62.1899,-64.7659],[-62.194,-64.7705],[-62.211,-64.772],[-62.2414,-64.7714],[-62.2602,-64.7642],[-62.2753,-64.769],[-62.2973,-64.7706],[-62.2996,-64.7628],[-62.3247,-64.7586],[-62.338,-64.753],[-62.3164,-64.7401],[-62.3014,-64.7362],[-62.3079,-64.7274],[-62.3085,-64.7183],[-62.2974,-64.716],[-62.2891,-64.7084],[-62.3203,-64.7103],[-62.3451,-64.7168],[-62.3634,-64.725],[-62.3824,-64.7194],[-62.37,-64.7049],[-62.3317,-64.6918],[-62.3481,-64.687],[-62.358,-64.6809],[-62.3605,-64.6738],[-62.3404,-64.6727],[-62.3244,-64.6785],[-62.3133,-64.6666],[-62.2985,-64.664],[-62.3298,-64.6494],[-62.3423,-64.6483],[-62.3574,-64.64],[-62.3732,-64.6508],[-62.377,-64.6564],[-62.3739,-64.6694],[-62.3839,-64.6711],[-62.4023,-64.669],[-62.3994,-64.6607],[-62.4121,-64.6529],[-62.4103,-64.6389],[-62.4245,-64.6337],[-62.4233,-64.6283],[-62.407,-64.6259],[-62.4152,-64.6203],[-62.4324,-64.6275],[-62.4603,-64.6228],[-62.4582,-64.6172],[-62.4451,-64.6154],[-62.4376,-64.6099],[-62.421,-64.6095],[-62.4226,-64.598],[-62.4366,-64.601],[-62.4417,-64.5955],[-62.4381,-64.588],[-62.4656,-64.5918],[-62.465,-64.5998],[-62.479,-64.6011],[-62.5051,-64.5995],[-62.5294,-64.6103],[-62.5257,-64.6141],[-62.4927,-64.6172],[-62.4758,-64.6209],[-62.4673,-64.6295],[-62.4895,-64.6317],[-62.5013,-64.6274],[-62.5214,-64.6248],[-62.528,-64.6293],[-62.5128,-64.6413],[-62.5312,-64.646],[-62.5484,-64.639],[-62.5505,-64.6291],[-62.5698,-64.6404],[-62.5628,-64.6471],[-62.5799,-64.6569],[-62.5678,-64.6595],[-62.5811,-64.6709],[-62.576,-64.6776],[-62.5661,-64.6804],[-62.5612,-64.7054],[-62.5423,-64.7149],[-62.5292,-64.7169],[-62.5279,-64.7224],[-62.5406,-64.7295],[-62.5351,-64.7343],[-62.5391,-64.7473],[-62.5467,-64.756],[-62.5732,-64.7612],[-62.5884,-64.7609],[-62.6082,-64.7661],[-62.6392,-64.7577],[-62.6736,-64.7595],[-62.7028,-64.7683],[-62.6916,-64.7783],[-62.6826,-64.781],[-62.6563,-64.7833],[-62.6433,-64.7914],[-62.6136,-64.7992],[-62.6093,-64.8104],[-62.595,-64.8212],[-62.5786,-64.8229],[-62.5665,-64.83],[-62.5347,-64.8347],[-62.5211,-64.8429],[-62.5237,-64.848],[-62.4912,-64.8502],[-62.4529,-64.8625],[-62.4369,-64.8655],[-62.4054,-64.8524],[-62.3955,-64.8559],[-62.374,-64.8552],[-62.3793,-64.8685],[-62.4121,-64.879],[-62.4399,-64.8849],[-62.4671,-64.8846],[-62.5079,-64.8915],[-62.5169,-64.8834],[-62.5372,-64.8799],[-62.5449,-64.893],[-62.5679,-64.9147],[-62.6059,-64.9106],[-62.6138,-64.9071],[-62.6217,-64.8899],[-62.639,-64.8826],[-62.6494,-64.8749],[-62.664,-64.8691],[-62.672,-64.8511],[-62.688,-64.8496],[-62.6987,-64.845],[-62.711,-64.8333],[-62.7431,-64.8256],[-62.7412,-64.8222],[-62.7678,-64.8124],[-62.787,-64.8089],[-62.8046,-64.8088],[-62.8188,-64.8042],[-62.8349,-64.8215],[-62.8527,-64.8271],[-62.8538,-64.8333],[-62.8414,-64.8377],[-62.831,-64.8531],[-62.813,-64.8601],[-62.7977,-64.8566],[-62.7854,-64.86],[-62.7872,-64.8654],[-62.8081,-64.8731],[-62.8437,-64.8723],[-62.8478,-64.894],[-62.8581,-64.8941],[-62.8621,-64.9018],[-62.8533,-64.9111],[-62.8449,-64.9132],[-62.8478,-64.9216],[-62.8664,-64.9211],[-62.8803,-64.916],[-62.8929,-64.9255],[-62.897,-64.9332],[-62.9248,-64.9329],[-62.9253,-64.9228],[-62.9504,-64.9147],[-62.9677,-64.9153],[-62.9948,-64.9221],[-62.9936,-64.9273],[-63.022,-64.9227],[-63.0221,-64.9129],[-63.0654,-64.9025],[-63.0833,-64.9098],[-63.0925,-64.9227],[-63.0766,-64.9267],[-63.0975,-64.9418],[-63.1211,-64.9372],[-63.132,-64.9442],[-63.1619,-64.94],[-63.1686,-64.9445],[-63.2,-64.9564],[-63.2155,-64.9516],[-63.2395,-64.9503],[-63.2582,-64.9529],[-63.2518,-64.9608],[-63.2324,-64.9704],[-63.2077,-64.9711],[-63.2019,-64.974],[-63.214,-64.9876],[-63.1855,-64.9984],[-63.1607,-65.0033],[-63.1557,-65.0138],[-63.1443,-65.0219],[-63.1465,-65.0269],[-63.1179,-65.0355],[-63.0923,-65.0375],[-63.0701,-65.035],[-63.058,-65.0307],[-63.0332,-65.0281],[-63.008,-65.0209],[-62.9865,-65.0216],[-62.984,-65.0269],[-62.9934,-65.0385],[-63.0329,-65.0467],[-63.0393,-65.0509],[-63.035,-65.0607],[-63.0152,-65.0683],[-63.0317,-65.0741],[-63.0218,-65.0865],[-63.0027,-65.0884],[-62.994,-65.0996],[-63.0001,-65.1101],[-62.9752,-65.1092],[-62.9715,-65.1212],[-63.0271,-65.1333],[-63.0471,-65.1284],[-63.0668,-65.1313],[-63.0704,-65.1478],[-63.0766,-65.154],[-63.0723,-65.1643],[-63.0957,-65.17],[-63.1354,-65.1624],[-63.1181,-65.1497],[-63.1145,-65.1436],[-63.1417,-65.1409],[-63.1739,-65.1428],[-63.1871,-65.1532],[-63.1889,-65.1623],[-63.1992,-65.1714],[-63.202,-65.1811],[-63.2175,-65.1962],[-63.2437,-65.1955],[-63.2606,-65.1984],[-63.2706,-65.1808],[-63.2659,-65.1763],[-63.2754,-65.159],[-63.256,-65.1539],[-63.2357,-65.1455],[-63.2258,-65.1339],[-63.2066,-65.1205],[-63.2311,-65.1242],[-63.2606,-65.1156],[-63.2562,-65.1078],[-63.23,-65.0955],[-63.2274,-65.0901],[-63.2518,-65.0853],[-63.273,-65.0848],[-63.2817,-65.0878],[-63.3107,-65.0832],[-63.3349,-65.0867],[-63.3432,-65.0843],[-63.3438,-65.1006],[-63.3523,-65.1094],[-63.3764,-65.116],[-63.4146,-65.1131],[-63.4292,-65.1023],[-63.467,-65.0957],[-63.4661,-65.0926],[-63.4868,-65.0869],[-63.4939,-65.0965],[-63.506,-65.0983],[-63.525,-65.0947],[-63.5114,-65.083],[-63.5218,-65.0791],[-63.5347,-65.086],[-63.5572,-65.0806],[-63.5511,-65.0907],[-63.5568,-65.0964],[-63.5841,-65.0936],[-63.5929,-65.0765],[-63.6088,-65.0791],[-63.6131,-65.0861],[-63.6284,-65.0848],[-63.6475,-65.0873],[-63.667,-65.0826],[-63.6641,-65.0732],[-63.6314,-65.0667],[-63.6471,-65.058],[-63.6844,-65.0708],[-63.6934,-65.0586],[-63.6929,-65.0472],[-63.6991,-65.0403],[-63.7262,-65.0406],[-63.7263,-65.0484],[-63.7546,-65.0481],[-63.7634,-65.0503],[-63.7841,-65.0639],[-63.7878,-65.073],[-63.803,-65.0725],[-63.811,-65.0539],[-63.7968,-65.0445],[-63.7896,-65.0339],[-63.811,-65.0277],[-63.8284,-65.0304],[-63.8347,-65.0384],[-63.8531,-65.0405],[-63.9218,-65.0679],[-63.9283,-65.0771],[-63.9079,-65.0737],[-63.8895,-65.0749],[-63.8955,-65.0813],[-63.8839,-65.0873],[-63.9003,-65.0962],[-63.9105,-65.0977],[-63.9557,-65.0906],[-63.9618,-65.0986],[-63.973,-65.1016],[-63.9812,-65.1091],[-63.9984,-65.116],[-63.9731,-65.1187],[-63.9421,-65.1267],[-63.9484,-65.1325],[-63.9378,-65.1415],[-63.966,-65.1524],[-63.9872,-65.143],[-63.9918,-65.1386],[-64.0267,-65.1384],[-64.0608,-65.1482],[-64.0731,-65.1539],[-64.0875,-65.1674],[-64.0924,-65.1765],[-64.0748,-65.1839],[-64.0791,-65.1928],[-64.0765,-65.2037],[-64.0615,-65.2114],[-64.0703,-65.216],[-64.064,-65.2289],[-64.077,-65.2388],[-64.0831,-65.2486],[-64.067,-65.2616],[-64.0499,-65.2678],[-64.0267,-65.2732],[-64.0436,-65.2869],[-64.0527,-65.2874],[-64.1101,-65.2711],[-64.1168,-65.2757],[-64.1104,-65.2905],[-64.1021,-65.2959],[-64.1002,-65.3057],[-64.086,-65.3059],[-64.0791,-65.3106],[-64.06,-65.3138],[-64.0575,-65.319],[-64.0418,-65.3219],[-64.024,-65.3305],[-64.0151,-65.3462],[-64.0066,-65.3541],[-63.9927,-65.3574],[-63.9822,-65.3649],[-63.9804,-65.3798],[-63.9993,-65.3837],[-64.0117,-65.3893],[-64.0358,-65.3893],[-64.0568,-65.4018],[-64.0502,-65.4074],[-64.0741,-65.4094],[-64.0956,-65.4058],[-64.084,-65.4212],[-64.0719,-65.4242],[-64.0317,-65.4282],[-64.0128,-65.4353],[-64.0116,-65.4454],[-63.9893,-65.4448],[-63.9724,-65.4496],[-63.9605,-65.4626],[-63.9309,-65.4681],[-63.9165,-65.4677],[-63.894,-65.4733],[-63.8877,-65.4622],[-63.8385,-65.4615],[-63.8254,-65.4587],[-63.8144,-65.4658],[-63.8278,-65.4742],[-63.8233,-65.4771],[-63.8406,-65.484],[-63.8135,-65.4878],[-63.7952,-65.4756],[-63.7806,-65.4738],[-63.7735,-65.4682],[-63.7479,-65.4688],[-63.7515,-65.4856],[-63.7577,-65.4886],[-63.7461,-65.4971],[-63.7225,-65.502],[-63.7061,-65.4995],[-63.6873,-65.5033],[-63.6954,-65.5124],[-63.6835,-65.5202],[-63.7002,-65.5262],[-63.7205,-65.5243],[-63.7353,-65.5284],[-63.7468,-65.5255],[-63.773,-65.5257],[-63.8237,-65.5327],[-63.8375,-65.5411],[-63.814,-65.5472],[-63.8101,-65.5639],[-63.7965,-65.5718],[-63.7828,-65.5703],[-63.7748,-65.5746],[-63.7495,-65.5708],[-63.7346,-65.5757],[-63.7294,-65.5836],[-63.7471,-65.5889],[-63.7908,-65.5953],[-63.7794,-65.607],[-63.7856,-65.6126],[-63.8359,-65.6255],[-63.8429,-65.613],[-63.8644,-65.6022],[-63.8946,-65.6075],[-63.9117,-65.6037],[-63.9088,-65.5914],[-63.9277,-65.5935],[-63.9354,-65.5889],[-63.9369,-65.5793],[-63.9567,-65.5791],[-63.9796,-65.5733],[-63.9821,-65.5673],[-63.9722,-65.5622],[-63.9822,-65.556],[-63.9767,-65.5447],[-63.9903,-65.5294],[-63.9744,-65.5259],[-63.981,-65.52],[-64.0167,-65.5191],[-64.0291,-65.5251],[-64.0618,-65.5286],[-64.0755,-65.5269],[-64.0831,-65.5176],[-64.1151,-65.5147],[-64.1344,-65.522],[-64.1619,-65.5235],[-64.1765,-65.52],[-64.1909,-65.5278],[-64.1789,-65.5319],[-64.1944,-65.5391],[-64.2157,-65.5403],[-64.2348,-65.553],[-64.2059,-65.5555],[-64.1995,-65.5511],[-64.1859,-65.5525],[-64.1811,-65.5576],[-64.1635,-65.5627],[-64.1479,-65.5701],[-64.1373,-65.5856],[-64.1113,-65.6011],[-64.0941,-65.605],[-64.0854,-65.6202],[-64.0904,-65.6294],[-64.1132,-65.6279],[-64.1397,-65.6222],[-64.1445,-65.6168],[-64.1585,-65.6143],[-64.1629,-65.6206],[-64.1414,-65.6248],[-64.1345,-65.6344],[-64.1057,-65.6452],[-64.0862,-65.6558],[-64.0845,-65.6603],[-64.0621,-65.6732],[-64.0387,-65.6821],[-64.0497,-65.6938],[-64.0679,-65.698],[-64.0848,-65.6951],[-64.1042,-65.696],[-64.1197,-65.7007],[-64.1309,-65.6966],[-64.1223,-65.6862],[-64.1497,-65.6776],[-64.1674,-65.6806],[-64.1832,-65.6951],[-64.2051,-65.6932],[-64.2066,-65.6858],[-64.2202,-65.6785],[-64.2258,-65.661],[-64.2168,-65.6546],[-64.2295,-65.6489],[-64.2438,-65.6487],[-64.2505,-65.6411],[-64.2805,-65.6357],[-64.3227,-65.6426],[-64.3588,-65.6373],[-64.3739,-65.6368],[-64.4156,-65.6402],[-64.4313,-65.636],[-64.4417,-65.6377],[-64.4622,-65.6317],[-64.4792,-65.6313],[-64.4802,-65.6448],[-64.4572,-65.6493],[-64.4549,-65.6572],[-64.4427,-65.6712],[-64.3976,-65.6852],[-64.3969,-65.6939],[-64.3586,-65.7028],[-64.3486,-65.7065],[-64.3305,-65.7202],[-64.3515,-65.7356],[-64.3643,-65.7389],[-64.3854,-65.7404],[-64.3684,-65.7521],[-64.3628,-65.7671],[-64.3525,-65.7742],[-64.3591,-65.7818],[-64.3491,-65.7994],[-64.3646,-65.8031],[-64.399,-65.8079],[-64.4151,-65.8047],[-64.4192,-65.7972],[-64.4301,-65.7927],[-64.4675,-65.7946],[-64.4794,-65.78],[-64.5247,-65.7757],[-64.5389,-65.7765],[-64.5618,-65.7703],[-64.5719,-65.763],[-64.6017,-65.7483],[-64.6163,-65.744],[-64.6295,-65.7337],[-64.654,-65.7373],[-64.673,-65.7435],[-64.671,-65.7614],[-64.6833,-65.7681],[-64.6795,-65.7749],[-64.651,-65.7847],[-64.6478,-65.793],[-64.6645,-65.8039],[-64.6541,-65.8148],[-64.659,-65.8212],[-64.6747,-65.822],[-64.6936,-65.8313],[-64.6989,-65.8394],[-64.6583,-65.87],[-64.6454,-65.8736],[-64.6253,-65.8834],[-64.6089,-65.8878],[-64.5967,-65.8878],[-64.5646,-65.8812],[-64.5461,-65.8814],[-64.5252,-65.8888],[-64.5305,-65.9013],[-64.5655,-65.9035],[-64.5677,-65.9083],[-64.5343,-65.9049],[-64.5232,-65.9089],[-64.5153,-65.9195],[-64.4861,-65.9351],[-64.4702,-65.9494],[-64.4474,-65.9558],[-64.4544,-65.962],[-64.4448,-65.9662],[-64.4555,-65.9785],[-64.4741,-65.9785],[-64.4889,-65.9813],[-64.4766,-65.9865],[-64.4896,-65.9942],[-64.4866,-66.0024],[-64.5147,-66.0082],[-64.5489,-66.0056],[-64.5683,-66.0143],[-64.5607,-66.0289],[-64.564,-66.036],[-64.5993,-66.0375],[-64.6275,-66.0414],[-64.6449,-66.0347],[-64.6558,-66.0425],[-64.6821,-66.0435],[-64.7013,-66.0422],[-64.7067,-66.0376],[-64.7109,-66.0129],[-64.7443,-66.0141],[-64.7671,-66.0056],[-64.7573,-65.9921],[-64.7832,-65.9888],[-64.8032,-65.9814],[-64.8079,-65.9749],[-64.8208,-65.9702],[-64.8219,-65.9568],[-64.8134,-65.9495],[-64.8291,-65.9398],[-64.8568,-65.9343],[-64.9008,-65.929],[-64.9271,-65.9274],[-64.9551,-65.9293],[-64.968,-65.9394],[-64.9823,-65.942],[-65.008,-65.9422],[-65.0115,-65.9545],[-65.0082,-65.9611],[-65.0147,-65.9671],[-65.0281,-65.9691],[-65.0537,-65.9657],[-65.0694,-65.9699],[-65.0578,-65.9747],[-65.0437,-65.9876],[-65.0534,-65.9935],[-65.0897,-65.9988],[-65.1062,-65.9905],[-65.1139,-65.9812],[-65.1242,-65.9766],[-65.1262,-65.9647],[-65.1574,-65.9549],[-65.1806,-65.956],[-65.2075,-65.9609],[-65.2152,-65.9663],[-65.2354,-65.9599],[-65.2439,-65.9679],[-65.2829,-65.9643],[-65.2988,-65.9658],[-65.3113,-65.9748],[-65.3331,-65.9805],[-65.3161,-65.9855],[-65.312,-65.9944],[-65.3249,-66.007],[-65.3361,-66.0104],[-65.3287,-66.0305],[-65.3309,-66.0494],[-65.316,-66.0498],[-65.2939,-66.0553],[-65.2619,-66.0591],[-65.2438,-66.0659],[-65.2326,-66.073],[-65.2267,-66.0817],[-65.2301,-66.0904],[-65.2056,-66.0995],[-65.1935,-66.1014],[-65.1792,-66.1082],[-65.1603,-66.1084],[-65.1335,-66.115],[-65.1187,-66.1315],[-65.093,-66.1463],[-65.0937,-66.1553],[-65.1248,-66.1694],[-65.1414,-66.1819],[-65.1568,-66.1857],[-65.1707,-66.1804],[-65.1956,-66.1758],[-65.2169,-66.1634],[-65.2283,-66.1651],[-65.2553,-66.1625],[-65.2784,-66.1559],[-65.3012,-66.1556],[-65.3478,-66.1494],[-65.3737,-66.1416],[-65.381,-66.1464],[-65.3781,-66.1532],[-65.3522,-66.1584],[-65.338,-66.1731],[-65.3315,-66.1867],[-65.3403,-66.1889],[-65.368,-66.1878],[-65.3841,-66.1839],[-65.4093,-66.1736],[-65.4171,-66.1631],[-65.4274,-66.1679],[-65.4275,-66.1734],[-65.4387,-66.1797],[-65.4544,-66.1824],[-65.4702,-66.1768],[-65.4661,-66.1736],[-65.4997,-66.172],[-65.5133,-66.1639],[-65.4723,-66.1255],[-65.4882,-66.1268],[-65.5027,-66.1196],[-65.5216,-66.1193],[-65.5271,-66.1237],[-65.5596,-66.1224],[-65.5773,-66.1115],[-65.5728,-66.1053],[-65.6086,-66.0972],[-65.6167,-66.1008],[-65.618,-66.1112],[-65.6339,-66.113],[-65.6103,-66.1235],[-65.6137,-66.1293],[-65.6286,-66.1323],[-65.644,-66.1291],[-65.6516,-66.1343],[-65.6452,-66.1421],[-65.6568,-66.1478],[-65.674,-66.1486],[-65.683,-66.1421],[-65.7237,-66.1446],[-65.7189,-66.149],[-65.6907,-66.151],[-65.6946,-66.1584],[-65.6803,-66.1636],[-65.6825,-66.1727],[-65.6627,-66.1666],[-65.6434,-66.1706],[-65.6361,-66.1889],[-65.6235,-66.1913],[-65.6264,-66.2015],[-65.6415,-66.2077],[-65.6611,-66.2068],[-65.6639,-66.2147],[-65.6613,-66.226],[-65.6763,-66.2282],[-65.6802,-66.2374],[-65.6897,-66.2413],[-65.6867,-66.2469],[-65.6994,-66.26],[-65.7184,-66.2633],[-65.7202,-66.2693],[-65.733,-66.2785],[-65.7557,-66.2782],[-65.7821,-66.2693],[-65.8033,-66.2732],[-65.828,-66.2874],[-65.8383,-66.2845],[-65.8488,-66.2988],[-65.876,-66.294],[-65.8793,-66.2995],[-65.8633,-66.3133],[-65.8755,-66.3191],[-65.8647,-66.3241],[-65.8458,-66.3258],[-65.824,-66.3213],[-65.81,-66.3216],[-65.7792,-66.3291],[-65.7575,-66.3261],[-65.7459,-66.3219],[-65.7292,-66.3233],[-65.7037,-66.3185],[-65.6723,-66.3208],[-65.6614,-66.3247],[-65.646,-66.3399],[-65.6526,-66.3526],[-65.6511,-66.3609],[-65.6427,-66.3669],[-65.6519,-66.373],[-65.6413,-66.3786],[-65.619,-66.3746],[-65.6,-66.3773],[-65.5855,-66.3822],[-65.5807,-66.388],[-65.5525,-66.3981],[-65.5492,-66.4043],[-65.5843,-66.4136],[-65.6026,-66.4153],[-65.6026,-66.4198],[-65.6459,-66.4255],[-65.6578,-66.4189],[-65.6729,-66.4283],[-65.6756,-66.4358],[-65.637,-66.4464],[-65.6318,-66.4536],[-65.6557,-66.4739],[-65.6961,-66.4841],[-65.708,-66.4892],[-65.7009,-66.4959],[-65.6663,-66.5142],[-65.646,-66.5279],[-65.6585,-66.5324],[-65.6848,-66.5263],[-65.7081,-66.5294],[-65.7103,-66.5364],[-65.7208,-66.5391],[-65.7316,-66.5494],[-65.7287,-66.5602],[-65.7377,-66.5634],[-65.734,-66.5807],[-65.7132,-66.5818],[-65.7036,-66.5787],[-65.6836,-66.5784],[-65.6725,-66.5841],[-65.6678,-66.5955],[-65.6966,-66.6131],[-65.714,-66.6116],[-65.7394,-66.6061],[-65.7438,-66.6006],[-65.769,-66.5985],[-65.7783,-66.612],[-65.7454,-66.6217],[-65.7319,-66.6283],[-65.7029,-66.6315],[-65.6684,-66.6299],[-65.6591,-66.6361],[-65.6607,-66.6418],[-65.6426,-66.6444],[-65.6507,-66.6539],[-65.6287,-66.6654],[-65.632,-66.6699],[-65.6492,-66.6715],[-65.6691,-66.6791],[-65.6865,-66.6824],[-65.6917,-66.6895],[-65.7194,-66.6821],[-65.7322,-66.6862],[-65.7017,-66.6957],[-65.7141,-66.7076],[-65.6928,-66.7231],[-65.6877,-66.7406],[-65.7005,-66.7505],[-65.7242,-66.7561],[-65.7351,-66.7555],[-65.7624,-66.7434],[-65.7826,-66.7385],[-65.7916,-66.7422],[-65.8065,-66.7414],[-65.8219,-66.7329],[-65.8337,-66.7192],[-65.8303,-66.7126],[-65.833,-66.6902],[-65.8511,-66.692],[-65.8647,-66.6882],[-65.8646,-66.6793],[-65.8747,-66.6747],[-65.8999,-66.6791],[-65.9112,-66.6864],[-65.9376,-66.681],[-65.9629,-66.6834],[-65.9743,-66.6802],[-65.9785,-66.6736],[-65.9556,-66.66],[-65.955,-66.6523],[-65.9684,-66.6485],[-65.9897,-66.6329],[-66.009,-66.6304],[-66.0281,-66.6332],[-66.0571,-66.628],[-66.0596,-66.6234],[-66.0777,-66.6198],[-66.0628,-66.6091],[-66.0698,-66.6],[-66.0789,-66.5966],[-66.0994,-66.596],[-66.1268,-66.5895],[-66.1845,-66.5905],[-66.2149,-66.5884],[-66.2483,-66.5794],[-66.2821,-66.5831],[-66.2938,-66.5888],[-66.3326,-66.5875],[-66.3459,-66.5899],[-66.3527,-66.5983],[-66.3855,-66.61],[-66.4215,-66.606],[-66.4369,-66.6169],[-66.4498,-66.6147],[-66.474,-66.6187],[-66.4893,-66.625],[-66.4944,-66.6318],[-66.5103,-66.6418],[-66.5278,-66.642],[-66.5434,-66.6455],[-66.5426,-66.6528],[-66.5572,-66.6672],[-66.5508,-66.6779],[-66.5267,-66.6978],[-66.5285,-66.7135],[-66.5226,-66.7159],[-66.5309,-66.7256],[-66.5316,-66.733],[-66.5257,-66.7513],[-66.5309,-66.7665],[-66.5456,-66.7786],[-66.5726,-66.7821],[-66.5797,-66.7913],[-66.5929,-66.7974],[-66.5875,-66.8027],[-66.5574,-66.7977],[-66.531,-66.7978],[-66.5291,-66.8021],[-66.5565,-66.8069],[-66.5592,-66.8128],[-66.5338,-66.818],[-66.5163,-66.8307],[-66.4907,-66.8362],[-66.4589,-66.8394],[-66.4435,-66.846],[-66.4143,-66.8452],[-66.3914,-66.8485],[-66.3859,-66.8547],[-66.3956,-66.8657],[-66.4175,-66.8757],[-66.4158,-66.8834],[-66.4264,-66.886],[-66.4084,-66.8933],[-66.4077,-66.9028],[-66.4409,-66.9056],[-66.4558,-66.9165],[-66.4873,-66.9126],[-66.5066,-66.9177],[-66.5045,-66.9302],[-66.5201,-66.9345],[-66.521,-66.9426],[-66.5373,-66.9538],[-66.5389,-66.9588],[-66.5553,-66.9648],[-66.5705,-66.9646],[-66.5733,-66.9752],[-66.5842,-66.983],[-66.601,-66.9895],[-66.5907,-67.0024],[-66.5973,-67.0035],[-66.5984,-67.0189],[-66.6104,-67.0413],[-66.5923,-67.0476],[-66.5713,-67.0472],[-66.556,-67.0433],[-66.5283,-67.0445],[-66.5026,-67.0581],[-66.5021,-67.0644],[-66.4764,-67.0698],[-66.4642,-67.0755],[-66.4366,-67.072],[-66.4047,-67.0824],[-66.4156,-67.0939],[-66.4461,-67.0984],[-66.4688,-67.0984],[-66.4856,-67.1035],[-66.5129,-67.108],[-66.5243,-67.1155],[-66.5114,-67.1228],[-66.4961,-67.1408],[-66.4717,-67.1493],[-66.471,-67.1555],[-66.4522,-67.1609],[-66.4479,-67.179],[-66.4535,-67.1878],[-66.446,-67.1977],[-66.457,-67.2168],[-66.4515,-67.2279],[-66.4644,-67.2415],[-66.4627,-67.2744],[-66.4518,-67.2858],[-66.4539,-67.304],[-66.4468,-67.3135],[-66.4484,-67.3332],[-66.4633,-67.3328],[-66.4767,-67.3424],[-66.495,-67.3485],[-66.5113,-67.341],[-66.5289,-67.3454],[-66.546,-67.3413],[-66.535,-67.328],[-66.5527,-67.3242],[-66.562,-67.3186],[-66.5452,-67.3142],[-66.5448,-67.3092],[-66.5671,-67.3039],[-66.5556,-67.2994],[-66.5553,-67.2934],[-66.5643,-67.2808],[-66.579,-67.2714],[-66.5812,-67.2621],[-66.5901,-67.2512],[-66.6088,-67.239],[-66.6089,-67.2326],[-66.6494,-67.2297],[-66.6714,-67.2251],[-66.6768,-67.2198],[-66.6793,-67.2047],[-66.6954,-67.1972],[-66.6976,-67.1909],[-66.7168,-67.1924],[-66.6874,-67.2082],[-66.7103,-67.2171],[-66.7248,-67.2277],[-66.7392,-67.2321],[-66.7507,-67.2481],[-66.777,-67.2554],[-66.8002,-67.2641],[-66.8023,-67.2777],[-66.7828,-67.2888],[-66.7876,-67.3015],[-66.8177,-67.3101],[-66.8372,-67.2949],[-66.8441,-67.2955],[-66.8723,-67.2884],[-66.8916,-67.2755],[-66.9212,-67.2643],[-66.9398,-67.2706],[-66.975,-67.2876],[-66.9942,-67.2748],[-66.9815,-67.2696],[-66.9577,-67.25],[-66.9553,-67.2386],[-66.9611,-67.2312],[-66.9734,-67.228],[-66.9816,-67.2173],[-66.9724,-67.2085],[-66.9564,-67.206],[-66.9373,-67.1949],[-66.9134,-67.1897],[-66.8882,-67.1747],[-66.8942,-67.1577],[-66.9093,-67.1619],[-66.9354,-67.1584],[-66.9473,-67.1467],[-66.9394,-67.1383],[-66.9456,-67.1255],[-66.9392,-67.1171],[-66.9447,-67.1102],[-66.9395,-67.0871],[-66.9077,-67.0784],[-66.9058,-67.0615],[-66.9145,-67.053],[-66.9154,-67.0378],[-66.9072,-67.0322],[-66.9156,-67.0193],[-66.9327,-67.0133],[-66.9288,-67.0032],[-66.9342,-66.9917],[-66.9148,-66.9861],[-66.905,-66.9724],[-66.9126,-66.9628],[-66.9072,-66.9529],[-66.9271,-66.9432],[-66.9413,-66.943],[-66.9577,-66.9388],[-66.9508,-66.9316],[-66.966,-66.9261],[-66.9984,-66.9305],[-67.0214,-66.9275],[-67.069,-66.9286],[-67.0815,-66.9311],[-67.1147,-66.9315],[-67.1163,-66.949],[-67.1252,-66.9597],[-67.1111,-66.9675],[-67.1036,-66.9769],[-67.0881,-66.9843],[-67.067,-66.9799],[-67.0597,-66.9816],[-67.0601,-66.9966],[-67.0703,-67.0006],[-67.094,-67.0008],[-67.0946,-67.0123],[-67.1091,-67.0134],[-67.1273,-67.0193],[-67.165,-67.0161],[-67.1645,-67.0049],[-67.1695,-66.9952],[-67.1785,-66.9929],[-67.19,-66.9839],[-67.1872,-66.9768],[-67.1996,-66.9662],[-67.1948,-66.9576],[-67.2184,-66.9605],[-67.2222,-66.9787],[-67.2305,-66.9848],[-67.229,-66.9905],[-67.2403,-67.0019],[-67.2383,-67.0198],[-67.2605,-67.0511],[-67.2817,-67.0587],[-67.2809,-67.0694],[-67.2715,-67.0807],[-67.2985,-67.0887],[-67.2981,-67.0981],[-67.3104,-67.11],[-67.3404,-67.1065],[-67.3544,-67.103],[-67.3522,-67.0882],[-67.3792,-67.0849],[-67.3951,-67.0951],[-67.429,-67.0905],[-67.4206,-67.0734],[-67.4307,-67.0706],[-67.4435,-67.0603],[-67.4321,-67.055],[-67.4363,-67.0509],[-67.4573,-67.0452],[-67.4868,-67.0451],[-67.5058,-67.0511],[-67.487,-67.0658],[-67.4831,-67.0845],[-67.5129,-67.0902],[-67.5155,-67.105],[-67.5332,-67.1119],[-67.527,-67.1245],[-67.5334,-67.1326],[-67.5605,-67.1456],[-67.5907,-67.153],[-67.5741,-67.1681],[-67.5814,-67.1751],[-67.5978,-67.1755],[-67.6188,-67.1798],[-67.6052,-67.1835],[-67.5637,-67.1861],[-67.5445,-67.1849],[-67.518,-67.1862],[-67.4926,-67.1814],[-67.4881,-67.1733],[-67.4657,-67.1729],[-67.4579,-67.1821],[-67.4632,-67.1925],[-67.482,-67.1997],[-67.4859,-67.2093],[-67.4959,-67.2112],[-67.4935,-67.2203],[-67.5079,-67.2287],[-67.5265,-67.2333],[-67.5387,-67.2333],[-67.5542,-67.2395],[-67.5707,-67.2675],[-67.5859,-67.2872],[-67.5499,-67.2937],[-67.5337,-67.293],[-67.521,-67.2986],[-67.4941,-67.3197],[-67.5027,-67.328],[-67.4848,-67.3429],[-67.5024,-67.3465],[-67.5237,-67.3406],[-67.5438,-67.3462],[-67.5544,-67.3609],[-67.5391,-67.3648],[-67.547,-67.3734],[-67.5631,-67.3724],[-67.5672,-67.3788],[-67.5798,-67.3799],[-67.5876,-67.3921],[-67.5722,-67.396],[-67.5695,-67.4048],[-67.5821,-67.4096],[-67.5855,-67.4177],[-67.6072,-67.4164],[-67.6217,-67.425],[-67.6442,-67.4453],[-67.6616,-67.4726],[-67.6636,-67.4807],[-67.6499,-67.4866],[-67.6124,-67.473],[-67.5785,-67.4728],[-67.5648,-67.4804],[-67.5391,-67.4862],[-67.5278,-67.4939],[-67.5494,-67.5054],[-67.5657,-67.511],[-67.5766,-67.5212],[-67.586,-67.5193],[-67.6083,-67.5264],[-67.6406,-67.5486],[-67.6338,-67.5532],[-67.6055,-67.5579],[-67.5699,-67.5557],[-67.5344,-67.5509],[-67.4972,-67.5527],[-67.4361,-67.546],[-67.4249,-67.5412],[-67.389,-67.536],[-67.3625,-67.5343],[-67.362,-67.5223],[-67.3005,-67.522],[-67.2551,-67.5086],[-67.2429,-67.5084],[-67.2096,-67.499],[-67.1862,-67.4989],[-67.1482,-67.4933],[-67.1272,-67.477],[-67.076,-67.4824],[-67.0546,-67.4869],[-67.0023,-67.4728],[-66.971,-67.4695],[-66.9473,-67.4712],[-66.9326,-67.4647],[-66.9171,-67.4667],[-66.8966,-67.4756],[-66.9144,-67.4931],[-66.9072,-67.4963],[-66.8748,-67.4934],[-66.8117,-67.4965],[-66.788,-67.5024],[-66.764,-67.5142],[-66.7346,-67.5246],[-66.724,-67.536],[-66.6526,-67.5375],[-66.6069,-67.5411],[-66.5986,-67.5399],[-66.584,-67.5239],[-66.5715,-67.5185],[-66.5691,-67.5127],[-66.5551,-67.5086],[-66.5416,-67.4956],[-66.5237,-67.4863],[-66.492,-67.4832],[-66.4814,-67.4874],[-66.488,-67.495],[-66.506,-67.5077],[-66.512,-67.5205],[-66.5084,-67.5283],[-66.4956,-67.5407],[-66.5107,-67.5455],[-66.5288,-67.5549],[-66.5529,-67.5729],[-66.5503,-67.5806],[-66.5821,-67.5854],[-66.5956,-67.5989],[-66.6232,-67.6017],[-66.6291,-67.5966],[-66.6493,-67.5931],[-66.6638,-67.5879],[-66.7078,-67.5831],[-66.7381,-67.583],[-66.767,-67.5863],[-66.7966,-67.596],[-66.7824,-67.6014],[-66.7861,-67.6068],[-66.8137,-67.6015],[-66.8346,-67.6093],[-66.8704,-67.6327],[-66.8575,-67.6393],[-66.8798,-67.6444],[-66.8962,-67.6524],[-66.9066,-67.6486],[-66.9193,-67.6544],[-66.9517,-67.6768],[-66.9702,-67.6832],[-66.9742,-67.6896],[-66.9584,-67.7053],[-66.9417,-67.7073],[-66.9214,-67.7064],[-66.8975,-67.6993],[-66.8643,-67.6979],[-66.8543,-67.6952],[-66.814,-67.6969],[-66.77,-67.703],[-66.7395,-67.7098],[-66.7164,-67.7182],[-66.7358,-67.7287],[-66.7615,-67.7265],[-66.7847,-67.7199],[-66.8029,-67.7194],[-66.8301,-67.7288],[-66.8673,-67.7287],[-66.9061,-67.7346],[-66.9737,-67.7398],[-67.0144,-67.7368],[-67.0418,-67.7458],[-67.0587,-67.7625],[-67.0706,-67.7689],[-67.0993,-67.7738],[-67.0896,-67.78],[-67.0557,-67.7862],[-67.0428,-67.7851],[-67.0142,-67.7729],[-66.979,-67.7715],[-66.965,-67.7689],[-66.9469,-67.7708],[-66.9277,-67.7671],[-66.9035,-67.7663],[-66.8447,-67.7767],[-66.8001,-67.7788],[-66.7887,-67.7763],[-66.763,-67.7762],[-66.7601,-67.7921],[-66.7681,-67.8038],[-66.8416,-67.8074],[-66.873,-67.8139],[-66.8973,-67.8269],[-66.8662,-67.8496],[-66.862,-67.8576],[-66.8473,-67.8638],[-66.8287,-67.8628],[-66.8143,-67.8817],[-66.8331,-67.8946],[-66.8493,-67.8946],[-66.847,-67.9015],[-66.8338,-67.9082],[-66.8406,-67.9151],[-66.8772,-67.9169],[-66.903,-67.9238],[-66.9178,-67.9204],[-66.9659,-67.9191],[-66.9925,-67.9222],[-67.0143,-67.9216],[-67.0608,-67.9284],[-67.0778,-67.9281],[-67.0989,-67.9356],[-67.1072,-67.9449],[-67.1387,-67.9418],[-67.1425,-67.936],[-67.1841,-67.9377],[-67.1914,-67.9408],[-67.2189,-67.9443],[-67.2547,-67.9536],[-67.2919,-67.9603],[-67.2801,-67.9651],[-67.2748,-67.9731],[-67.2478,-67.9829],[-67.2218,-67.983],[-67.2081,-67.9798],[-67.1945,-67.984],[-67.1624,-67.9983],[-67.1794,-68.007],[-67.1698,-68.0164],[-67.1587,-68.0165],[-67.1452,-68.0228],[-67.1166,-68.0221],[-67.1128,-68.0265],[-67.0842,-68.0335],[-67.0886,-68.0385],[-67.0729,-68.045],[-67.0857,-68.05],[-67.0973,-68.0597],[-67.1023,-68.076],[-67.1183,-68.0709],[-67.1535,-68.0655],[-67.1704,-68.0595],[-67.1831,-68.0602],[-67.211,-68.0566],[-67.2159,-68.0719],[-67.2036,-68.0778],[-67.17,-68.0826],[-67.1621,-68.0796],[-67.1246,-68.094],[-67.1295,-68.1022],[-67.1141,-68.1065],[-67.0921,-68.1182],[-67.09,-68.132],[-67.0687,-68.1352],[-67.047,-68.1426],[-67.0485,-68.1475],[-67.0173,-68.1564],[-67.0009,-68.1741],[-67.0016,-68.1787],[-66.9698,-68.1807],[-66.9215,-68.1978],[-66.9494,-68.2109],[-66.956,-68.2187],[-66.9391,-68.2263],[-66.8956,-68.2258],[-66.884,-68.2289],[-66.8515,-68.2227],[-66.8564,-68.2192],[-66.8284,-68.2004],[-66.7925,-68.1932],[-66.766,-68.1913],[-66.7517,-68.1857],[-66.7274,-68.1858],[-66.7055,-68.1928],[-66.6539,-68.198],[-66.6684,-68.2067],[-66.661,-68.2108],[-66.668,-68.2231],[-66.6181,-68.2424],[-66.6278,-68.249],[-66.6468,-68.2511],[-66.6656,-68.2578],[-66.6975,-68.2637],[-66.7173,-68.2762],[-66.711,-68.2814],[-66.7236,-68.2932],[-66.74,-68.3025],[-66.7529,-68.3145],[-66.7756,-68.3177],[-66.8109,-68.3145],[-66.836,-68.3079],[-66.8639,-68.3054],[-66.8777,-68.3017],[-66.9039,-68.304],[-66.9231,-68.3089],[-66.9456,-68.3031],[-66.9517,-68.2982],[-67.0031,-68.2877],[-67.0226,-68.2866],[-67.0357,-68.2895],[-67.0614,-68.2886],[-67.0681,-68.2839],[-67.0899,-68.281],[-67.1042,-68.2824],[-67.1376,-68.2806],[-67.151,-68.2751],[-67.1653,-68.2742],[-67.1798,-68.2798],[-67.183,-68.2928],[-67.1664,-68.2909],[-67.1515,-68.2964],[-67.157,-68.3016],[-67.1597,-68.3242],[-67.1515,-68.3362],[-67.1562,-68.3414],[-67.1338,-68.3425],[-67.1136,-68.3479],[-67.0613,-68.3428],[-67.0474,-68.3466],[-67.027,-68.3415],[-67.0068,-68.3427],[-66.9665,-68.3402],[-66.9429,-68.3417],[-66.9486,-68.3502],[-66.9401,-68.3603],[-66.9549,-68.3615],[-66.9665,-68.3676],[-66.966,-68.3808],[-66.9501,-68.3902],[-66.9465,-68.3999],[-66.9514,-68.4064],[-66.937,-68.4107],[-66.9428,-68.4339],[-66.9644,-68.4339],[-66.952,-68.448],[-66.959,-68.4571],[-66.9521,-68.4597],[-66.9865,-68.477],[-67.0045,-68.4798],[-67.0355,-68.4798],[-67.0513,-68.4761],[-67.0823,-68.4757],[-67.121,-68.4731],[-67.1621,-68.4826],[-67.1885,-68.4946],[-67.2016,-68.508],[-67.1973,-68.5206],[-67.1841,-68.5248],[-67.1884,-68.5337],[-67.174,-68.5431],[-67.1627,-68.5452],[-67.1491,-68.5663],[-67.1106,-68.5772],[-67.0847,-68.6019],[-67.0536,-68.6055],[-67.0363,-68.6158],[-67.0297,-68.6293],[-67.0153,-68.6314],[-67.0194,-68.6468],[-67.0329,-68.6487],[-67.0117,-68.6596],[-67.0071,-68.6703],[-67.0185,-68.6748],[-67.0152,-68.6881],[-67.002,-68.6916],[-66.9956,-68.7055],[-67.0071,-68.7135],[-67.006,-68.721],[-66.9812,-68.7333],[-66.9667,-68.7365],[-66.9622,-68.7455],[-66.9657,-68.7594],[-66.9758,-68.7605],[-66.9759,-68.7707],[-66.9992,-68.7817],[-67.0033,-68.7887],[-67.0225,-68.792],[-67.0547,-68.7877],[-67.0743,-68.7808],[-67.0998,-68.781],[-67.1194,-68.799],[-67.1496,-68.8058],[-67.1806,-68.803],[-67.1888,-68.7935],[-67.2054,-68.7951],[-67.2592,-68.789],[-67.2766,-68.7917],[-67.307,-68.7913],[-67.3186,-68.7963],[-67.3352,-68.798],[-67.3665,-68.7893],[-67.3956,-68.7903],[-67.4188,-68.8003],[-67.4542,-68.8099],[-67.46,-68.8193],[-67.4828,-68.8241],[-67.4905,-68.8292],[-67.4868,-68.837],[-67.4671,-68.8497],[-67.4396,-68.871],[-67.4244,-68.8715],[-67.4016,-68.8933],[-67.3596,-68.9169],[-67.3423,-68.92],[-67.3298,-68.9304],[-67.3082,-68.9359],[-67.2828,-68.9344],[-67.2604,-68.9358],[-67.2465,-68.94],[-67.2452,-68.9452],[-67.2078,-68.949],[-67.1182,-68.9453],[-67.0768,-68.9493],[-67.0617,-68.9566],[-67.0314,-68.9572],[-67.0162,-68.9646],[-66.9867,-68.9669],[-66.9706,-68.9646],[-66.9205,-68.9654],[-66.9056,-68.9692],[-66.8936,-68.9767],[-66.8794,-68.9784],[-66.8585,-68.9972],[-66.8422,-68.9943],[-66.8205,-68.9995],[-66.7934,-68.9999],[-66.7813,-69.0025],[-66.7751,-69.0142],[-66.7785,-69.0202],[-66.7986,-69.0314],[-66.8138,-69.0332],[-66.8449,-69.0256],[-66.8732,-69.0222],[-66.9021,-69.0253],[-66.9318,-69.0318],[-66.9462,-69.0386],[-66.9167,-69.0426],[-66.9064,-69.0395],[-66.8421,-69.0339],[-66.7975,-69.0383],[-66.7778,-69.0431],[-66.7514,-69.0583],[-66.7467,-69.0723],[-66.7562,-69.0802],[-66.7736,-69.0844],[-66.7948,-69.0935],[-66.8401,-69.0958],[-66.8823,-69.0967],[-66.9063,-69.1098],[-66.9516,-69.1193],[-66.9279,-69.1283],[-66.9048,-69.1487],[-66.8938,-69.1525],[-66.8837,-69.1624],[-66.8624,-69.1675],[-66.8525,-69.1748],[-66.8675,-69.1851],[-66.8824,-69.1893],[-66.8504,-69.2009],[-66.8552,-69.2074],[-66.8352,-69.2166],[-66.8432,-69.2243],[-66.8261,-69.2265],[-66.8442,-69.2374],[-66.8411,-69.2508],[-66.8691,-69.2636],[-66.8954,-69.2718],[-66.9714,-69.2764],[-67.0076,-69.2724],[-67.0399,-69.2711],[-67.0493,-69.2679],[-67.0785,-69.267],[-67.101,-69.2622],[-67.1263,-69.2661],[-67.1606,-69.2741],[-67.1772,-69.2758],[-67.2111,-69.2844],[-67.211,-69.2908],[-67.223,-69.2976],[-67.2684,-69.3022],[-67.2757,-69.3146],[-67.2602,-69.3356],[-67.2756,-69.347],[-67.2779,-69.3528],[-67.2609,-69.3694],[-67.2506,-69.3745],[-67.2579,-69.3838],[-67.2738,-69.3905],[-67.2785,-69.4127],[-67.2405,-69.4217],[-67.2415,-69.4314],[-67.2593,-69.4409],[-67.2769,-69.4407],[-67.2951,-69.454],[-67.3369,-69.4684],[-67.3623,-69.4653],[-67.369,-69.4689],[-67.4015,-69.4716],[-67.4222,-69.4805],[-67.4395,-69.467],[-67.4606,-69.4669],[-67.4781,-69.47],[-67.5107,-69.4501],[-67.5334,-69.4419],[-67.5858,-69.4301],[-67.6013,-69.4221],[-67.6109,-69.4126],[-67.6519,-69.4093],[-67.682,-69.4037],[-67.7016,-69.3962],[-67.7124,-69.3876],[-67.7382,-69.3875],[-67.7594,-69.3843],[-67.7778,-69.3727],[-67.8354,-69.3691],[-67.8581,-69.366],[-67.8683,-69.361],[-67.8928,-69.3639],[-67.9144,-69.3737],[-67.9728,-69.3924],[-68.0025,-69.3895],[-68.0235,-69.3789],[-68.0219,-69.3679],[-68.0083,-69.3513],[-68.004,-69.3398],[-68.0205,-69.3297],[-68.0776,-69.3358],[-68.0946,-69.3333],[-68.1071,-69.321],[-68.123,-69.3129],[-68.1648,-69.3193],[-68.19,-69.3139],[-68.1981,-69.2992],[-68.237,-69.2844],[-68.2677,-69.2793],[-68.2921,-69.2809],[-68.3162,-69.2855],[-68.3313,-69.2958],[-68.3429,-69.2993],[-68.351,-69.3095],[-68.3425,-69.3213],[-68.3292,-69.3234],[-68.3221,-69.3343],[-68.3032,-69.3397],[-68.2893,-69.3476],[-68.2873,-69.3684],[-68.2989,-69.3777],[-68.2939,-69.3925],[-68.3085,-69.4041],[-68.3398,-69.4069],[-68.3864,-69.401],[-68.4108,-69.3895],[-68.437,-69.3819],[-68.4608,-69.3803],[-68.4894,-69.3912],[-68.5155,-69.3888],[-68.5217,-69.3808],[-68.5742,-69.3774],[-68.5924,-69.3831],[-68.6166,-69.3863],[-68.643,-69.3857],[-68.6629,-69.3825],[-68.6787,-69.3854],[-68.71,-69.3846],[-68.7357,-69.3887],[-68.7405,-69.3933],[-68.7787,-69.399],[-68.8178,-69.396],[-68.8369,-69.4019],[-68.835,-69.4123],[-68.841,-69.4242],[-68.8169,-69.437],[-68.7739,-69.4459],[-68.7594,-69.4574],[-68.7631,-69.4693],[-68.7527,-69.4768],[-68.7302,-69.4807],[-68.7007,-69.4944],[-68.6733,-69.5027],[-68.6713,-69.5121],[-68.6494,-69.5212],[-68.6238,-69.5218],[-68.6127,-69.5247],[-68.6019,-69.5398],[-68.5866,-69.5469],[-68.5862,-69.5608],[-68.5945,-69.5651],[-68.5943,-69.5746],[-68.5417,-69.5971],[-68.5183,-69.5996],[-68.5031,-69.6075],[-68.5104,-69.6194],[-68.5041,-69.637],[-68.4731,-69.6427],[-68.44,-69.6441],[-68.4162,-69.6559],[-68.3982,-69.6622],[-68.3822,-69.6618],[-68.3629,-69.6696],[-68.3594,-69.6768],[-68.347,-69.6837],[-68.3273,-69.7016],[-68.3395,-69.7109],[-68.363,-69.7165],[-68.3547,-69.7203],[-68.3477,-69.7328],[-68.3673,-69.7389],[-68.3704,-69.7444],[-68.3902,-69.755],[-68.4116,-69.7578],[-68.4184,-69.7666],[-68.3987,-69.7679],[-68.3864,-69.7725],[-68.3981,-69.7962],[-68.388,-69.8008],[-68.3914,-69.8088],[-68.3846,-69.8141],[-68.3926,-69.8215],[-68.394,-69.8359],[-68.3852,-69.8458],[-68.3846,-69.8759],[-68.4117,-69.8832],[-68.4496,-69.8844],[-68.4661,-69.8916],[-68.4787,-69.905],[-68.4952,-69.9151],[-68.4911,-69.9217],[-68.5016,-69.9334],[-68.4865,-69.9431],[-68.4685,-69.9506],[-68.4616,-69.9613],[-68.4891,-69.9789],[-68.4833,-69.9871],[-68.4847,-69.9965],[-68.4729,-70.011],[-68.4952,-70.0298],[-68.4755,-70.0377],[-68.4876,-70.0512],[-68.4714,-70.0561],[-68.4728,-70.0602],[-68.4601,-70.0699],[-68.4394,-70.0765],[-68.4395,-70.088],[-68.417,-70.0887],[-68.4062,-70.0935],[-68.3761,-70.0919],[-68.3603,-70.0976],[-68.3368,-70.1009],[-68.3336,-70.1094],[-68.2973,-70.1185],[-68.2976,-70.1285],[-68.2896,-70.1335],[-68.2872,-70.1471],[-68.2662,-70.1614],[-68.2311,-70.172],[-68.2235,-70.1837],[-68.1987,-70.1843],[-68.1954,-70.1959],[-68.2111,-70.2035],[-68.2159,-70.2161],[-68.204,-70.2277],[-68.1698,-70.235],[-68.1446,-70.2485],[-68.1273,-70.2463],[-68.1045,-70.2524],[-68.0734,-70.2548],[-68.0587,-70.2581],[-68.0569,-70.266],[-68.0466,-70.2751],[-68.0225,-70.2861],[-67.9742,-70.291],[-67.9646,-70.2972],[-67.9475,-70.3211],[-67.9495,-70.3281],[-67.9418,-70.3369],[-67.9244,-70.3468],[-67.9103,-70.3496],[-67.929,-70.3745],[-67.9172,-70.3991],[-67.9059,-70.4074],[-67.8636,-70.4183],[-67.872,-70.4216],[-67.9025,-70.4204],[-67.8867,-70.4351],[-67.8853,-70.443],[-67.8758,-70.4465],[-67.8763,-70.4626],[-67.8545,-70.4787],[-67.8705,-70.4909],[-67.8654,-70.4994],[-67.837,-70.513],[-67.7739,-70.5351],[-67.7741,-70.5414],[-67.7602,-70.551],[-67.7496,-70.5683],[-67.7395,-70.5744],[-67.7326,-70.5859],[-67.7178,-70.5987],[-67.7032,-70.6061],[-67.7112,-70.615],[-67.7409,-70.614],[-67.7723,-70.6165],[-67.7775,-70.621],[-67.7726,-70.6379],[-67.8108,-70.641],[-67.8001,-70.6533],[-67.797,-70.6647],[-67.7649,-70.6595],[-67.7627,-70.6701],[-67.7422,-70.6769],[-67.7189,-70.689],[-67.7039,-70.6857],[-67.692,-70.6951],[-67.6616,-70.7022],[-67.6896,-70.7182],[-67.6816,-70.7278],[-67.6969,-70.7399],[-67.6898,-70.7517],[-67.7099,-70.7607],[-67.6845,-70.7698],[-67.6622,-70.7895],[-67.672,-70.7934],[-67.6783,-70.8028],[-67.6644,-70.8076],[-67.655,-70.8155],[-67.656,-70.8276],[-67.6444,-70.8331],[-67.65,-70.8482],[-67.6427,-70.8566],[-67.6465,-70.8649],[-67.6223,-70.8738],[-67.6125,-70.8818],[-67.5835,-70.8943],[-67.5768,-70.902],[-67.553,-70.9126],[-67.533,-70.9129],[-67.5243,-70.9171],[-67.5293,-70.9281],[-67.5255,-70.937],[-67.5301,-70.9454],[-67.5458,-70.9507],[-67.548,-70.9566],[-67.5349,-70.9656],[-67.5158,-70.9725],[-67.47,-70.9773],[-67.4584,-70.9848],[-67.4412,-70.981],[-67.4194,-70.985],[-67.4109,-70.9899],[-67.4162,-70.9972],[-67.4106,-71.0029],[-67.3897,-71.0099],[-67.4226,-71.0237],[-67.4354,-71.0367],[-67.4177,-71.0537],[-67.3876,-71.0663],[-67.3989,-71.0717],[-67.4332,-71.0644],[-67.4523,-71.0642],[-67.4734,-71.0603],[-67.5092,-71.0645],[-67.5237,-71.0703],[-67.5247,-71.0771],[-67.5583,-71.0785],[-67.5675,-71.0975],[-67.562,-71.1039],[-67.5685,-71.1139],[-67.5623,-71.1203],[-67.5447,-71.1253],[-67.5287,-71.134],[-67.5158,-71.1358],[-67.4831,-71.1523],[-67.4637,-71.169],[-67.4982,-71.1732],[-67.5365,-71.1874],[-67.5538,-71.2021],[-67.5441,-71.2083],[-67.5248,-71.2073],[-67.5067,-71.2115],[-67.5214,-71.2161],[-67.5125,-71.2266],[-67.5165,-71.2355],[-67.5078,-71.251],[-67.4934,-71.2629],[-67.4959,-71.2754],[-67.534,-71.2881],[-67.545,-71.296],[-67.5453,-71.3059],[-67.5626,-71.3215],[-67.5616,-71.3268],[-67.5831,-71.3334],[-67.6015,-71.3465],[-67.5926,-71.3544],[-67.596,-71.3727],[-67.6155,-71.3819],[-67.643,-71.382],[-67.6491,-71.4112],[-67.6442,-71.4182],[-67.6082,-71.4386],[-67.6099,-71.4449],[-67.6001,-71.4562],[-67.5954,-71.4696],[-67.5982,-71.4786],[-67.6211,-71.4841],[-67.602,-71.4984],[-67.6025,-71.5094],[-67.6197,-71.5113],[-67.6064,-71.5467],[-67.5719,-71.5664],[-67.5337,-71.5846],[-67.5344,-71.5945],[-67.5211,-71.5975],[-67.5223,-71.6093],[-67.53,-71.6164],[-67.5022,-71.6152],[-67.4849,-71.6174],[-67.4663,-71.6144],[-67.4376,-71.6134],[-67.4408,-71.621],[-67.434,-71.6278],[-67.3971,-71.6465],[-67.3438,-71.6659],[-67.3126,-71.6731],[-67.3096,-71.6836],[-67.3262,-71.6939],[-67.3209,-71.7023],[-67.2997,-71.7179],[-67.283,-71.7151],[-67.2077,-71.7133],[-67.1847,-71.7268],[-67.1654,-71.733],[-67.1325,-71.7472],[-67.1456,-71.754],[-67.1787,-71.7621],[-67.1816,-71.7733],[-67.1276,-71.8074],[-67.12,-71.8139],[-67.0897,-71.8259],[-67.0809,-71.8347],[-67.0547,-71.8367],[-67.0412,-71.8452],[-67.0366,-71.8547],[-67.042,-71.8599],[-67.0254,-71.8684],[-67.0044,-71.8714],[-66.9938,-71.8825],[-66.9695,-71.8933],[-66.9196,-71.8948],[-66.8512,-71.9016],[-66.8769,-71.9171],[-66.8748,-71.9323],[-66.8409,-71.9488],[-66.7819,-71.9544],[-66.7722,-71.96],[-66.7698,-71.97],[-66.7595,-71.9779],[-66.7595,-71.9916],[-66.7715,-72.0062],[-66.7712,-72.0258],[-66.7853,-72.0374],[-66.7757,-72.05],[-66.7622,-72.0574],[-66.7471,-72.0719],[-66.7746,-72.0833],[-66.8215,-72.0885],[-66.8314,-72.0959],[-66.8217,-72.1036],[-66.782,-72.1023],[-66.7605,-72.104],[-66.7523,-72.1158],[-66.7538,-72.1364],[-66.7931,-72.1663],[-66.8163,-72.1761],[-66.8421,-72.1826],[-66.8654,-72.1925],[-66.8728,-72.2018],[-66.8996,-72.2102],[-66.9065,-72.2174],[-66.8989,-72.2269],[-66.9217,-72.235],[-66.9378,-72.2363],[-66.9497,-72.2423],[-66.9454,-72.2483],[-66.9194,-72.2621],[-66.8876,-72.2698],[-66.8853,-72.2815],[-66.9063,-72.2901],[-66.9595,-72.2967],[-66.9859,-72.3071],[-66.9925,-72.3186],[-66.98,-72.3233],[-66.9654,-72.3403],[-66.9936,-72.3438],[-67.001,-72.3495],[-67.0196,-72.3534],[-67.0291,-72.3723],[-67.0612,-72.3772],[-67.0682,-72.3857],[-67.0895,-72.3969],[-67.0625,-72.4012],[-67.0753,-72.4102],[-67.124,-72.4188],[-67.1519,-72.4268],[-67.1671,-72.4397],[-67.2064,-72.4476],[-67.2,-72.4562],[-67.1818,-72.4616],[-67.1903,-72.4759],[-67.2198,-72.4864],[-67.2209,-72.4978],[-67.2346,-72.5075],[-67.235,-72.519],[-67.2171,-72.5342],[-67.2393,-72.539],[-67.23,-72.5624],[-67.2062,-72.5665],[-67.2116,-72.5935],[-67.2717,-72.622],[-67.2842,-72.6308],[-67.3238,-72.6338],[-67.347,-72.642],[-67.3636,-72.6543],[-67.3877,-72.65],[-67.3756,-72.6439],[-67.3883,-72.6361],[-67.4034,-72.635],[-67.4292,-72.6406],[-67.4343,-72.6502],[-67.4286,-72.6605],[-67.4293,-72.6721],[-67.4466,-72.6809],[-67.4837,-72.6943],[-67.4601,-72.7019],[-67.4747,-72.7075],[-67.5111,-72.7291],[-67.5314,-72.7387],[-67.5138,-72.7487],[-67.5181,-72.7587],[-67.5474,-72.7684],[-67.587,-72.7693],[-67.6031,-72.7718],[-67.5949,-72.7791],[-67.5519,-72.7828],[-67.5323,-72.7875],[-67.5288,-72.7972],[-67.5108,-72.8008],[-67.4937,-72.8219],[-67.5053,-72.8274],[-67.5109,-72.8367],[-67.5282,-72.844],[-67.544,-72.8461],[-67.5878,-72.8407],[-67.6011,-72.8427],[-67.6051,-72.862],[-67.6374,-72.8725],[-67.6489,-72.8733],[-67.6841,-72.8677],[-67.7005,-72.8558],[-67.7311,-72.8475],[-67.7501,-72.8449],[-67.7834,-72.8485],[-67.824,-72.8628],[-67.8231,-72.8691],[-67.852,-72.8817],[-67.8734,-72.8853],[-67.9085,-72.9022],[-67.9349,-72.9033],[-67.9364,-72.9103],[-67.9849,-72.9448],[-68.0091,-72.9442],[-68.0229,-72.9371],[-68.0868,-72.9334],[-68.107,-72.9357],[-68.1327,-72.9497],[-68.1551,-72.953],[-68.1872,-72.9539],[-68.2049,-72.966],[-68.2249,-72.9686],[-68.2356,-72.9752],[-68.2188,-72.9974],[-68.2369,-72.9989],[-68.2641,-72.9915],[-68.3107,-72.9865],[-68.3256,-72.9939],[-68.3594,-73.0041],[-68.3755,-73.0064],[-68.3867,-73.0138],[-68.4242,-73.0144],[-68.4444,-73.0101],[-68.4999,-73.0065],[-68.5146,-73.0075],[-68.5262,-73.0163],[-68.4978,-73.0268],[-68.4682,-73.033],[-68.4624,-73.0384],[-68.4872,-73.0417],[-68.5221,-73.0365],[-68.545,-73.0502],[-68.5728,-73.0559],[-68.6037,-73.0562],[-68.6424,-73.0469],[-68.665,-73.0483],[-68.6726,-73.0524],[-68.6536,-73.0643],[-68.6746,-73.0698],[-68.6705,-73.0749],[-68.6428,-73.084],[-68.666,-73.0938],[-68.7093,-73.0956],[-68.7686,-73.0928],[-68.7913,-73.0827],[-68.8156,-73.0788],[-68.8426,-73.0817],[-68.8743,-73.0762],[-68.8867,-73.071],[-68.9032,-73.074],[-68.8878,-73.0841],[-68.8994,-73.0959],[-68.8801,-73.1023],[-68.8734,-73.1084],[-68.9013,-73.1107],[-68.926,-73.1002],[-68.9642,-73.1004],[-68.9601,-73.1082],[-69.0165,-73.1135],[-69.1046,-73.1333],[-69.1263,-73.13],[-69.1398,-73.1317],[-69.1391,-73.143],[-69.1562,-73.1449],[-69.1778,-73.1378],[-69.1948,-73.1386],[-69.2127,-73.1491],[-69.2487,-73.1509],[-69.253,-73.1576],[-69.2935,-73.1717],[-69.3137,-73.1732],[-69.3422,-73.1668],[-69.3614,-73.1653],[-69.3696,-73.172],[-69.3928,-73.1773],[-69.3992,-73.1819],[-69.4276,-73.1813],[-69.4436,-73.1776],[-69.4773,-73.179],[-69.5384,-73.1742],[-69.5529,-73.1804],[-69.5969,-73.1853],[-69.6159,-73.1826],[-69.6375,-73.186],[-69.6372,-73.1904],[-69.6676,-73.1977],[-69.6859,-73.1935],[-69.7222,-73.1999],[-69.7332,-73.2114],[-69.7646,-73.2078],[-69.7686,-73.2129],[-69.8183,-73.2152],[-69.8295,-73.2135],[-69.8773,-73.2137],[-69.8986,-73.2114],[-69.9326,-73.2195],[-69.948,-73.2204],[-69.9739,-73.2152],[-70.011,-73.2185],[-70.0294,-73.2179],[-70.0426,-73.2106],[-70.0736,-73.2045],[-70.0941,-73.2044],[-70.1261,-73.2088],[-70.1389,-73.2134],[-70.1589,-73.2133],[-70.1775,-73.2208],[-70.2021,-73.2128],[-70.224,-73.2196],[-70.226,-73.2334],[-70.2069,-73.2462],[-70.1916,-73.2673],[-70.2222,-73.2766],[-70.2461,-73.2772],[-70.2703,-73.2811],[-70.3021,-73.2797],[-70.3225,-73.2817],[-70.3433,-73.2788],[-70.3596,-73.2858],[-70.3947,-73.2844],[-70.4041,-73.2725],[-70.4183,-73.2668],[-70.4412,-73.2652],[-70.4546,-73.2587],[-70.5013,-73.2562],[-70.533,-73.2616],[-70.5668,-73.2707],[-70.5948,-73.2707],[-70.6102,-73.2771],[-70.6298,-73.277],[-70.6267,-73.2688],[-70.6372,-73.2622],[-70.6726,-73.2602],[-70.7081,-73.2612],[-70.7177,-73.2532],[-70.739,-73.252],[-70.7638,-73.2583],[-70.8289,-73.2517],[-70.8635,-73.2512],[-70.9175,-73.2534],[-70.9615,-73.2565],[-71.0004,-73.2618],[-71.061,-73.261],[-71.09,-73.2705],[-71.1153,-73.2714],[-71.1402,-73.2769],[-71.1424,-73.2813],[-71.2126,-73.2868],[-71.2029,-73.2974],[-71.2218,-73.3052],[-71.2663,-73.2971],[-71.2977,-73.2877],[-71.3137,-73.2806],[-71.3297,-73.2798],[-71.3395,-73.2887],[-71.3636,-73.2879],[-71.3779,-73.291],[-71.3452,-73.3145],[-71.3604,-73.3234],[-71.3911,-73.3228],[-71.4036,-73.3273],[-71.3954,-73.3453],[-71.4146,-73.3541],[-71.4487,-73.3597],[-71.5454,-73.3577],[-71.6065,-73.3529],[-71.6437,-73.3522],[-71.6583,-73.3486],[-71.7017,-73.3514],[-71.7401,-73.3469],[-71.7567,-73.3422],[-71.7728,-73.35],[-71.7932,-73.3545],[-71.8182,-73.3507],[-71.8381,-73.3506],[-71.8586,-73.3572],[-71.8513,-73.3694],[-71.8306,-73.3783],[-71.8393,-73.3819],[-71.9077,-73.3793],[-71.9323,-73.3735],[-71.9779,-73.3777],[-72.0003,-73.3744],[-72.0226,-73.3749],[-72.0374,-73.379],[-72.0658,-73.3769],[-72.0718,-73.3825],[-72.1205,-73.3848],[-72.1514,-73.3816],[-72.1992,-73.3821],[-72.2129,-73.3793],[-72.2626,-73.381],[-72.2881,-73.3867],[-72.3339,-73.3857],[-72.3704,-73.3803],[-72.4176,-73.3777],[-72.4339,-73.3746],[-72.4595,-73.378],[-72.4493,-73.3848],[-72.4425,-73.3979],[-72.4126,-73.4104],[-72.3851,-73.4187],[-72.3977,-73.4238],[-72.4273,-73.4262],[-72.4471,-73.4327],[-72.4264,-73.4394],[-72.3794,-73.4483],[-72.3526,-73.4549],[-72.3792,-73.4589],[-72.4274,-73.4514],[-72.4463,-73.456],[-72.5069,-73.4599],[-72.5419,-73.4594],[-72.5551,-73.4674],[-72.6267,-73.47],[-72.6701,-73.4576],[-72.6942,-73.4551],[-72.7219,-73.4478],[-72.7746,-73.4298],[-72.7956,-73.431],[-72.819,-73.4374],[-72.8685,-73.4359],[-72.8868,-73.4336],[-72.9112,-73.4347],[-72.9521,-73.4416],[-72.9716,-73.4499],[-73.035,-73.4421],[-73.0356,-73.4312],[-73.0723,-73.4261],[-73.0921,-73.4202],[-73.1325,-73.4269],[-73.1403,-73.4429],[-73.1454,-73.4632],[-73.1719,-73.4679],[-73.1718,-73.4762],[-73.1842,-73.4793],[-73.1827,-73.487],[-73.1711,-73.497],[-73.1792,-73.4999],[-73.2118,-73.4877],[-73.2317,-73.4929],[-73.2155,-73.5044],[-73.2198,-73.5145],[-73.2677,-73.5271],[-73.2944,-73.5274],[-73.3166,-73.5234],[-73.3386,-73.5278],[-73.323,-73.5397],[-73.3915,-73.5484],[-73.4024,-73.548],[-73.4314,-73.5383],[-73.4547,-73.5414],[-73.4723,-73.5542],[-73.5184,-73.5588],[-73.5548,-73.557],[-73.5643,-73.5621],[-73.5514,-73.5772],[-73.5667,-73.579],[-73.6055,-73.5656],[-73.6412,-73.5656],[-73.6731,-73.5701],[-73.6715,-73.5766],[-73.6866,-73.5855],[-73.7124,-73.5957],[-73.7383,-73.5973],[-73.7549,-73.6015],[-73.7554,-73.6207],[-73.7385,-73.6341],[-73.7551,-73.6345],[-73.7946,-73.6492],[-73.8447,-73.6528],[-73.8619,-73.6559],[-73.8882,-73.6548],[-73.9035,-73.6505],[-73.92,-73.6518],[-73.9652,-73.6387],[-74,-73.6426],[-74,-73.738],[-74,-74.0277],[-74,-74.1467],[-74,-74.3708],[-74,-74.8544],[-74,-75.0273],[-74,-75.4364],[-74,-75.8339],[-74,-75.967],[-74,-76.6685],[-74,-76.6937],[-73.9598,-76.6943],[-73.8622,-76.7129],[-73.7623,-76.718],[-73.755,-76.7159],[-73.7822,-76.7053],[-73.7837,-76.6945],[-73.8258,-76.6846],[-73.8878,-76.6762],[-73.9413,-76.6671],[-73.9375,-76.6577],[-73.8605,-76.6548],[-73.8259,-76.6574],[-73.7278,-76.6605],[-73.6682,-76.6646],[-73.6305,-76.6641],[-73.5807,-76.6739],[-73.5118,-76.6786],[-73.4838,-76.6787],[-73.4287,-76.6836],[-73.3795,-76.6908],[-73.3423,-76.6882],[-73.291,-76.691],[-73.2567,-76.6878],[-73.1981,-76.6908],[-73.1706,-76.6836],[-73.1449,-76.6844],[-73.1278,-76.6892],[-73.0763,-76.6897],[-73.0354,-76.6998],[-73.0018,-76.7137],[-72.9593,-76.7185],[-72.9327,-76.7153],[-72.9009,-76.7043],[-72.8602,-76.7083],[-72.8451,-76.702],[-72.8936,-76.6832],[-72.8781,-76.6764],[-72.8564,-76.6754],[-72.8182,-76.682],[-72.7749,-76.6847],[-72.7297,-76.6843],[-72.6212,-76.6994],[-72.5506,-76.7047],[-72.4911,-76.7046],[-72.431,-76.6928],[-72.4003,-76.6941],[-72.3294,-76.7116],[-72.3102,-76.711],[-72.2669,-76.704],[-72.2363,-76.7063],[-72.1863,-76.7176],[-72.1479,-76.7236],[-72.0382,-76.7367],[-71.9943,-76.7444],[-71.8918,-76.7494],[-71.8458,-76.7553],[-71.7667,-76.7616],[-71.7047,-76.7619],[-71.5792,-76.7658],[-71.5208,-76.7648],[-71.4743,-76.7596],[-71.4199,-76.7567],[-71.3858,-76.7567],[-71.2831,-76.7534],[-71.1639,-76.7483],[-70.9603,-76.7451],[-70.935,-76.7494],[-70.8952,-76.75],[-70.8556,-76.7457],[-70.832,-76.7506],[-70.8014,-76.753],[-70.7835,-76.75],[-70.7943,-76.741],[-70.7825,-76.7355],[-70.7293,-76.7337],[-70.6774,-76.7421],[-70.6434,-76.7431],[-70.6195,-76.7482],[-70.5806,-76.7492],[-70.5187,-76.7435],[-70.4588,-76.7419],[-70.4563,-76.7337],[-70.495,-76.7315],[-70.5368,-76.7337],[-70.563,-76.7323],[-70.5616,-76.7205],[-70.5805,-76.7148],[-70.5612,-76.707],[-70.4988,-76.7038],[-70.4734,-76.6951],[-70.3838,-76.6862],[-70.2622,-76.6796],[-70.2477,-76.6886],[-70.1825,-76.6901],[-70.153,-76.6953],[-70.0928,-76.6949],[-70.0614,-76.6925],[-70.023,-76.6841],[-69.9997,-76.6828],[-69.948,-76.6863],[-69.9361,-76.6768],[-69.9532,-76.6681],[-69.9793,-76.6669],[-70.0277,-76.6764],[-70.0779,-76.6811],[-70.1575,-76.6783],[-70.1685,-76.6641],[-70.1298,-76.65],[-70.0769,-76.647],[-70.0385,-76.6503],[-70.0155,-76.648],[-70.0007,-76.6336],[-69.9736,-76.6309],[-69.9249,-76.6296],[-69.8937,-76.6267],[-69.8576,-76.6272],[-69.8236,-76.6245],[-69.8181,-76.6181],[-69.8387,-76.6152],[-69.8838,-76.618],[-70.0039,-76.6234],[-70.0585,-76.6209],[-70.1014,-76.6146],[-70.1288,-76.6078],[-70.1372,-76.6017],[-70.1227,-76.5845],[-70.049,-76.5486],[-70.0156,-76.5354],[-69.9518,-76.5334],[-69.9337,-76.5348],[-69.8843,-76.531],[-69.8569,-76.5317],[-69.8463,-76.5237],[-69.9081,-76.5246],[-69.9405,-76.5228],[-69.9995,-76.5257],[-70.0229,-76.5211],[-70.0754,-76.4914],[-69.9639,-76.4938],[-69.9357,-76.4909],[-69.8226,-76.485],[-69.8006,-76.4721],[-69.7691,-76.4615],[-69.7867,-76.4562],[-69.8367,-76.4562],[-69.9066,-76.4543],[-69.9546,-76.4588],[-69.9637,-76.4616],[-70.0313,-76.4662],[-70.0674,-76.4668],[-70.1271,-76.4654],[-70.1704,-76.4601],[-70.1692,-76.4556],[-70.136,-76.4452],[-70.1397,-76.438],[-70.1274,-76.4337],[-70.1423,-76.4179],[-70.119,-76.4109],[-70.0988,-76.4117],[-70.0741,-76.4051],[-70.0136,-76.4101],[-69.9846,-76.408],[-69.9816,-76.4001],[-69.9396,-76.3981],[-69.9358,-76.3905],[-69.8939,-76.3939],[-69.8426,-76.3931],[-69.8231,-76.3856],[-69.8453,-76.379],[-69.8275,-76.3738],[-69.7228,-76.3758],[-69.6795,-76.368],[-69.6704,-76.3575],[-69.6286,-76.3526],[-69.6101,-76.3453],[-69.6086,-76.3359],[-69.5934,-76.3296],[-69.5463,-76.3246],[-69.5401,-76.3307],[-69.4692,-76.3376],[-69.4272,-76.3277],[-69.3659,-76.3312],[-69.3297,-76.3264],[-69.2704,-76.3277],[-69.1981,-76.3121],[-69.1642,-76.3083],[-69.0948,-76.312],[-69.0406,-76.3042],[-68.9875,-76.3013],[-68.9378,-76.3022],[-68.8832,-76.2949],[-68.84,-76.2973],[-68.7352,-76.2991],[-68.6986,-76.2944],[-68.6097,-76.2954],[-68.5579,-76.2989],[-68.5381,-76.2938],[-68.4808,-76.2866],[-68.4394,-76.2762],[-68.3955,-76.2748],[-68.3843,-76.2708],[-68.3285,-76.2641],[-68.2923,-76.2546],[-68.248,-76.2551],[-68.2141,-76.2506],[-68.1684,-76.2505],[-68.1288,-76.2471],[-68.0973,-76.2411],[-68.0497,-76.2387],[-68.0282,-76.2314],[-67.9436,-76.2298],[-67.9346,-76.2217],[-67.9569,-76.217],[-68.0081,-76.2172],[-68.0457,-76.2117],[-68.1016,-76.206],[-68.0914,-76.1998],[-68.0564,-76.1989],[-68.0742,-76.1884],[-68.1362,-76.1834],[-68.1534,-76.1786],[-68.1491,-76.1698],[-68.1359,-76.1656],[-68.0956,-76.1605],[-68.0773,-76.1558],[-68.0255,-76.1505],[-67.9375,-76.1555],[-67.9098,-76.1499],[-67.9004,-76.1416],[-67.8583,-76.1352],[-67.8484,-76.1241],[-67.8096,-76.1246],[-67.789,-76.1336],[-67.7455,-76.1364],[-67.7017,-76.13],[-67.6449,-76.1288],[-67.609,-76.1263],[-67.5366,-76.1258],[-67.5166,-76.1233],[-67.457,-76.1295],[-67.4294,-76.1272],[-67.4196,-76.1177],[-67.3692,-76.1111],[-67.2841,-76.1036],[-67.2533,-76.1076],[-67.2269,-76.1061],[-67.2208,-76.0991],[-67.1766,-76.0927],[-67.1397,-76.0935],[-67.1318,-76.0904],[-67.0919,-76.0897],[-67.0622,-76.0805],[-66.9986,-76.082],[-66.9698,-76.0764],[-66.9302,-76.073],[-66.9101,-76.065],[-66.8775,-76.0663],[-66.8261,-76.0542],[-66.7584,-76.0457],[-66.6603,-76.0379],[-66.6369,-76.039],[-66.5895,-76.031],[-66.5504,-76.037],[-66.4974,-76.0327],[-66.4794,-76.0345],[-66.4401,-76.0302],[-66.4,-76.0303],[-66.3629,-76.0198],[-66.307,-76.0169],[-66.257,-76.0121],[-66.2321,-76.0048],[-66.1663,-75.9906],[-66.1353,-75.9815],[-66.0617,-75.967],[-65.9947,-75.9567],[-65.9352,-75.9499],[-65.769,-75.9258],[-65.747,-75.9215],[-65.6486,-75.908],[-65.5945,-75.8981],[-65.5596,-75.8895],[-65.5334,-75.8774],[-65.527,-75.8651],[-65.5117,-75.8577],[-65.4871,-75.8544],[-65.4233,-75.8614],[-65.3721,-75.8569],[-65.371,-75.8425],[-65.3494,-75.832],[-65.3487,-75.8197],[-65.3223,-75.8079],[-65.286,-75.7956],[-65.2415,-75.7989],[-65.1885,-75.7926],[-65.0818,-75.7915],[-65.0537,-75.7904],[-65.0076,-75.7924],[-64.9944,-75.7846],[-64.9574,-75.7848],[-64.9191,-75.7808],[-64.8545,-75.7716],[-64.6926,-75.7448],[-64.6565,-75.7406],[-64.5734,-75.7264],[-64.4431,-75.7083],[-64.4007,-75.7005],[-64.3,-75.6881],[-64.261,-75.6822],[-64.1155,-75.6522],[-64.052,-75.6408],[-63.9726,-75.6227],[-63.8762,-75.6018],[-63.8037,-75.5851],[-63.6908,-75.5539],[-63.5636,-75.5213],[-63.5259,-75.5084],[-63.4563,-75.49],[-63.3134,-75.4485],[-63.2789,-75.4366],[-63.1878,-75.4088],[-63.121,-75.3843],[-63.0809,-75.365],[-63.0833,-75.3539],[-63.1687,-75.3461],[-63.238,-75.337],[-63.4345,-75.3341],[-63.4903,-75.3347],[-63.6544,-75.3321],[-63.6777,-75.3271],[-63.7227,-75.3251],[-63.827,-75.3234],[-63.9199,-75.3329],[-64.0208,-75.3519],[-64.0526,-75.3609],[-64.0643,-75.3534],[-64.0954,-75.3506],[-64.13,-75.3544],[-64.1556,-75.3483],[-64.1845,-75.3465],[-64.2202,-75.3521],[-64.2479,-75.3625],[-64.2976,-75.3734],[-64.3464,-75.3739],[-64.366,-75.3675],[-64.3626,-75.362],[-64.3837,-75.3566],[-64.3863,-75.3509],[-64.3654,-75.3368],[-64.4135,-75.3334],[-64.4423,-75.3212],[-64.4446,-75.312],[-64.4222,-75.2939],[-64.3842,-75.2853],[-64.3675,-75.2782],[-64.3414,-75.2744],[-64.3189,-75.2494],[-64.2613,-75.2343],[-64.2257,-75.2289],[-64.2234,-75.2231],[-64.1888,-75.2205],[-64.1549,-75.2127],[-64.1168,-75.2141],[-64.0808,-75.2061],[-64.0033,-75.2042],[-63.9734,-75.1997],[-63.9077,-75.1934],[-63.8516,-75.193],[-63.7424,-75.1886],[-63.6572,-75.1877],[-63.627,-75.1778],[-63.5958,-75.1742],[-63.5601,-75.1582],[-63.5176,-75.1501],[-63.4771,-75.1496],[-63.4374,-75.1588],[-63.4431,-75.1698],[-63.4256,-75.1744],[-63.3823,-75.1768],[-63.3322,-75.1764],[-63.2564,-75.1705],[-63.1042,-75.1533],[-63.0412,-75.1443],[-63.0349,-75.1401],[-63.0481,-75.1294],[-63.0694,-75.1184],[-63.0682,-75.1108],[-63.0965,-75.0971],[-63.1051,-75.0844],[-63.1566,-75.0806],[-63.1816,-75.0685],[-63.1745,-75.0604],[-63.2095,-75.0386],[-63.2455,-75.0246],[-63.2745,-75.017],[-63.3165,-75.0093],[-63.3868,-75.0084],[-63.4275,-75.0117],[-63.4763,-75.0178],[-63.5839,-75.0285],[-63.6336,-75.0317],[-63.709,-75.039],[-63.7492,-75.0416],[-63.8631,-75.0407],[-63.9446,-75.0355],[-64.0469,-75.0319],[-64.0342,-75.0168],[-64.0474,-75.0116],[-64.0838,-75.0055],[-64.0602,-74.9904],[-64.0571,-74.9834],[-64.0277,-74.9746],[-63.9526,-74.9715],[-63.9241,-74.9688],[-63.8739,-74.9677],[-63.8036,-74.9614],[-63.7656,-74.9555],[-63.7335,-74.953],[-63.7083,-74.9478],[-63.631,-74.9397],[-63.6041,-74.9352],[-63.579,-74.928],[-63.5844,-74.9217],[-63.6081,-74.9115],[-63.599,-74.9031],[-63.6073,-74.8965],[-63.5869,-74.8867],[-63.5943,-74.8794],[-63.5799,-74.873],[-63.5478,-74.869],[-63.5312,-74.8637],[-63.5008,-74.8764],[-63.4515,-74.8878],[-63.3975,-74.8977],[-63.3658,-74.905],[-63.3075,-74.9111],[-63.2896,-74.9159],[-63.2201,-74.9215],[-63.1373,-74.9172],[-63.0837,-74.9125],[-63.0593,-74.9051],[-63.0478,-74.8962],[-63.0476,-74.8792],[-63.056,-74.8713],[-63.0853,-74.8576],[-63.0944,-74.8489],[-63.1066,-74.8244],[-63.1204,-74.8162],[-63.1165,-74.8077],[-63.1644,-74.7776],[-63.2066,-74.7582],[-63.2644,-74.7405],[-63.2985,-74.7137],[-63.2961,-74.7057],[-63.2563,-74.694],[-63.2478,-74.6846],[-63.2722,-74.6701],[-63.2666,-74.6658],[-63.227,-74.665],[-63.1861,-74.6712],[-63.1222,-74.6697],[-63.1251,-74.6556],[-63.0696,-74.6578],[-63.0164,-74.6742],[-62.9632,-74.685],[-62.9236,-74.6912],[-62.8805,-74.7039],[-62.8247,-74.7058],[-62.8066,-74.7107],[-62.7977,-74.7238],[-62.786,-74.7282],[-62.745,-74.7328],[-62.7065,-74.7525],[-62.7,-74.7635],[-62.6776,-74.7679],[-62.6618,-74.7766],[-62.6029,-74.7888],[-62.5922,-74.799],[-62.5961,-74.8213],[-62.5891,-74.8292],[-62.5815,-74.863],[-62.5627,-74.8874],[-62.5667,-74.9143],[-62.577,-74.9206],[-62.5737,-74.9347],[-62.5821,-74.9455],[-62.572,-74.9542],[-62.5634,-74.9748],[-62.5377,-74.9867],[-62.4685,-74.9938],[-62.4491,-74.9984],[-62.398,-74.9928],[-62.3725,-74.9862],[-62.2651,-74.9643],[-62.223,-74.9648],[-62.1452,-74.9558],[-62.1086,-74.9488],[-62.0698,-74.9377],[-62.0583,-74.9321],[-62.0543,-74.9185],[-62.0299,-74.9082],[-61.972,-74.8883],[-61.9337,-74.8711],[-61.8875,-74.8591],[-61.8738,-74.8482],[-61.8263,-74.8181],[-61.8167,-74.8149],[-61.8054,-74.7895],[-61.7907,-74.7694],[-61.799,-74.762],[-61.8045,-74.7401],[-61.8753,-74.7194],[-61.8987,-74.7063],[-61.8927,-74.6987],[-61.896,-74.6897],[-61.8837,-74.6822],[-61.8874,-74.6732],[-61.9269,-74.6615],[-61.9422,-74.653],[-61.9503,-74.6384],[-61.9752,-74.6165],[-62.0075,-74.5954],[-62.0112,-74.589],[-62.0602,-74.5685],[-62.0855,-74.566],[-62.0982,-74.5599],[-62.1217,-74.5557],[-62.1345,-74.55],[-62.166,-74.544],[-62.1681,-74.5378],[-62.195,-74.5261],[-62.2173,-74.5132],[-62.2691,-74.4935],[-62.3345,-74.4568],[-62.3546,-74.4481],[-62.3667,-74.4389],[-62.3443,-74.4262],[-62.3425,-74.416],[-62.358,-74.4066],[-62.3302,-74.4003],[-62.2787,-74.408],[-62.2248,-74.4107],[-62.1939,-74.4179],[-62.1495,-74.4453],[-62.122,-74.46],[-62.1064,-74.4638],[-62.0553,-74.4669],[-62,-74.4741],[-61.977,-74.4803],[-61.9447,-74.4853],[-61.8663,-74.4906],[-61.8468,-74.4958],[-61.8216,-74.4982],[-61.791,-74.4977],[-61.7504,-74.5078],[-61.7046,-74.5089],[-61.68,-74.502],[-61.6385,-74.5043],[-61.6078,-74.5337],[-61.5656,-74.5389],[-61.5443,-74.5394],[-61.4796,-74.5362],[-61.3515,-74.5472],[-61.2302,-74.5308],[-61.2104,-74.5311],[-61.1232,-74.5244],[-61.0458,-74.5136],[-61.0238,-74.5065],[-60.9925,-74.5001],[-60.9368,-74.4769],[-60.9197,-74.4663],[-60.9057,-74.4529],[-60.9084,-74.4451],[-60.9419,-74.4297],[-61.0109,-74.4203],[-61.0336,-74.4154],[-61.0338,-74.4044],[-61.0075,-74.3937],[-60.9861,-74.3895],[-60.9454,-74.3873],[-60.8936,-74.3783],[-60.8148,-74.3714],[-60.7833,-74.3642],[-60.7535,-74.3638],[-60.718,-74.3514],[-60.7027,-74.3397],[-60.6757,-74.3253],[-60.6526,-74.3045],[-60.6341,-74.2803],[-60.6215,-74.2682],[-60.6261,-74.2625],[-60.6512,-74.2558],[-60.7031,-74.2473],[-60.7459,-74.243],[-60.7856,-74.2417],[-60.8146,-74.2429],[-60.8931,-74.2537],[-60.966,-74.2703],[-60.9929,-74.2793],[-61.0573,-74.2955],[-61.0793,-74.303],[-61.1292,-74.3103],[-61.161,-74.3198],[-61.1863,-74.3219],[-61.2212,-74.3191],[-61.2555,-74.3267],[-61.3307,-74.3292],[-61.385,-74.3368],[-61.4146,-74.3367],[-61.5515,-74.3222],[-61.5837,-74.3149],[-61.6252,-74.3017],[-61.6447,-74.2907],[-61.6221,-74.2815],[-61.6239,-74.268],[-61.6465,-74.261],[-61.6512,-74.2464],[-61.6117,-74.2402],[-61.5881,-74.2275],[-61.5671,-74.2262],[-61.5366,-74.2363],[-61.5078,-74.2507],[-61.4906,-74.255],[-61.467,-74.2538],[-61.3774,-74.2432],[-61.3472,-74.2351],[-61.3056,-74.2277],[-61.2625,-74.2134],[-61.2129,-74.1926],[-61.1572,-74.1772],[-61.1407,-74.1613],[-61.1252,-74.1569],[-61.1058,-74.1438],[-61.0765,-74.1194],[-61.054,-74.1098],[-61.0394,-74.0994],[-61.0339,-74.0867],[-61.0388,-74.0803],[-61.0734,-74.0722],[-61.106,-74.0695],[-61.2184,-74.0641],[-61.2413,-74.058],[-61.2685,-74.0571],[-61.2946,-74.0636],[-61.3132,-74.0639],[-61.3302,-74.069],[-61.3554,-74.0672],[-61.4013,-74.0602],[-61.4062,-74.0466],[-61.3989,-74.0402],[-61.4198,-74.0351],[-61.4423,-74.0259],[-61.4845,-74.016],[-61.5172,-74.0138],[-61.5283,-74.0181],[-61.5528,-74.0203],[-61.5736,-74.0278],[-61.5906,-74.0281],[-61.7003,-74.0443],[-61.7693,-74.0461],[-61.7902,-74.0438],[-61.8489,-74.0433],[-61.8541,-74.0305],[-61.8019,-74.0154],[-61.7735,-74.017],[-61.7406,-74.0145],[-61.6671,-74.0017],[-61.6175,-73.986],[-61.5929,-73.9802],[-61.5875,-73.9717],[-61.6046,-73.9628],[-61.6564,-73.9492],[-61.6739,-73.9417],[-61.7131,-73.9317],[-61.7538,-73.9253],[-61.7835,-73.9231],[-61.7945,-73.9185],[-61.7924,-73.9121],[-61.7713,-73.9064],[-61.7635,-73.8902],[-61.7447,-73.888],[-61.6992,-73.8883],[-61.6865,-73.8799],[-61.6572,-73.8812],[-61.6415,-73.8877],[-61.6115,-73.8892],[-61.5781,-73.8987],[-61.5484,-73.9018],[-61.5258,-73.8937],[-61.5041,-73.8918],[-61.4555,-73.8768],[-61.4205,-73.8704],[-61.4073,-73.8706],[-61.3866,-73.8812],[-61.3652,-73.8996],[-61.3568,-73.9219],[-61.3406,-73.9316],[-61.2479,-73.9578],[-61.1458,-73.9646],[-61.056,-73.9627],[-61.0063,-73.9627],[-60.9788,-73.9585],[-60.9787,-73.954],[-60.9573,-73.9387],[-60.9396,-73.9131],[-60.9037,-73.8944],[-60.8902,-73.8693],[-60.8915,-73.8531],[-60.8715,-73.8469],[-60.8578,-73.8319],[-60.8773,-73.8248],[-60.863,-73.8055],[-60.8367,-73.8007],[-60.8165,-73.7837],[-60.8092,-73.7677],[-60.7827,-73.746],[-60.7475,-73.7232],[-60.7302,-73.7089],[-60.7363,-73.6914],[-60.7512,-73.6859],[-60.798,-73.6876],[-60.8411,-73.6981],[-60.8517,-73.7037],[-60.8921,-73.7159],[-60.9285,-73.7327],[-60.9673,-73.7434],[-61.0176,-73.7509],[-61.0354,-73.7474],[-61.0369,-73.7391],[-61.0601,-73.7437],[-61.093,-73.74],[-61.099,-73.7346],[-61.0575,-73.7327],[-61.0393,-73.7268],[-61.0575,-73.7183],[-61.0412,-73.7141],[-60.9947,-73.6957],[-61.0137,-73.6895],[-60.9937,-73.6808],[-60.9912,-73.6749],[-60.9357,-73.6587],[-60.9066,-73.6569],[-60.8919,-73.6514],[-60.8835,-73.6393],[-60.8598,-73.6316],[-60.7988,-73.6027],[-60.764,-73.5938],[-60.7627,-73.5861],[-60.809,-73.576],[-60.839,-73.5643],[-60.866,-73.5575],[-60.938,-73.5431],[-60.9951,-73.5361],[-61.085,-73.5291],[-61.1127,-73.5246],[-61.2059,-73.5155],[-61.2196,-73.522],[-61.2479,-73.522],[-61.2617,-73.5103],[-61.2845,-73.5024],[-61.3526,-73.4921],[-61.3919,-73.4874],[-61.4069,-73.4833],[-61.4776,-73.4742],[-61.5095,-73.4775],[-61.5336,-73.4672],[-61.5318,-73.4613],[-61.559,-73.4555],[-61.5746,-73.4593],[-61.5597,-73.4744],[-61.5791,-73.4846],[-61.5819,-73.4901],[-61.5704,-73.4983],[-61.553,-73.5036],[-61.5567,-73.5245],[-61.5699,-73.5288],[-61.5847,-73.5469],[-61.6032,-73.5505],[-61.6364,-73.5488],[-61.6844,-73.5367],[-61.7021,-73.53],[-61.7189,-73.5141],[-61.7157,-73.4903],[-61.7103,-73.484],[-61.679,-73.4649],[-61.6718,-73.4555],[-61.6839,-73.4535],[-61.72,-73.4545],[-61.7714,-73.4482],[-61.7754,-73.4437],[-61.7986,-73.4372],[-61.8022,-73.427],[-61.8243,-73.4182],[-61.8812,-73.4123],[-61.8907,-73.406],[-61.89,-73.3964],[-61.9004,-73.3925],[-61.9354,-73.3897],[-61.9419,-73.3854],[-61.9399,-73.3731],[-61.9039,-73.3621],[-61.8854,-73.3604],[-61.8529,-73.3627],[-61.8184,-73.3685],[-61.7801,-73.3707],[-61.7167,-73.3711],[-61.6572,-73.3777],[-61.6159,-73.3871],[-61.5875,-73.3896],[-61.5726,-73.3953],[-61.5253,-73.3907],[-61.5306,-73.379],[-61.543,-73.3688],[-61.5748,-73.3522],[-61.6267,-73.3371],[-61.6456,-73.3348],[-61.704,-73.3417],[-61.7533,-73.3454],[-61.7663,-73.3427],[-61.7423,-73.3185],[-61.7275,-73.3097],[-61.7428,-73.3034],[-61.7579,-73.29],[-61.7849,-73.2752],[-61.8203,-73.2702],[-61.8192,-73.2581],[-61.8407,-73.2484],[-61.8206,-73.2392],[-61.7827,-73.2409],[-61.7215,-73.2515],[-61.6973,-73.2637],[-61.6294,-73.2805],[-61.6064,-73.2802],[-61.618,-73.2679],[-61.6476,-73.2483],[-61.6732,-73.2419],[-61.7118,-73.2366],[-61.7325,-73.2301],[-61.7813,-73.227],[-61.8204,-73.2193],[-61.8482,-73.2121],[-61.8737,-73.2088],[-61.9007,-73.1989],[-61.9557,-73.186],[-61.9853,-73.1769],[-62.0139,-73.1637],[-62.0409,-73.154],[-62.0377,-73.1462],[-62.0697,-73.1376],[-62.0605,-73.1296],[-62.0257,-73.1251],[-62.0409,-73.1105],[-62.0203,-73.101],[-62.0031,-73.1006],[-61.9703,-73.1083],[-61.934,-73.1236],[-61.8706,-73.1352],[-61.8547,-73.1338],[-61.8311,-73.1267],[-61.8035,-73.1299],[-61.7382,-73.1502],[-61.6939,-73.1589],[-61.6648,-73.1613],[-61.6188,-73.169],[-61.5471,-73.1762],[-61.5283,-73.1769],[-61.4817,-73.1831],[-61.4679,-73.1741],[-61.4196,-73.1815],[-61.3914,-73.2001],[-61.3412,-73.2074],[-61.3198,-73.2033],[-61.2785,-73.202],[-61.2599,-73.2129],[-61.2643,-73.2352],[-61.2489,-73.2539],[-61.2251,-73.2641],[-61.2069,-73.2754],[-61.1967,-73.2913],[-61.1968,-73.3024],[-61.1707,-73.3175],[-61.1434,-73.3247],[-61.1109,-73.3385],[-61.0785,-73.3479],[-61.0377,-73.352],[-60.9706,-73.3533],[-60.9569,-73.349],[-60.947,-73.3344],[-60.9309,-73.3277],[-60.9081,-73.3129],[-60.8927,-73.2933],[-60.9071,-73.2835],[-60.9143,-73.2666],[-60.894,-73.2535],[-60.8695,-73.2537],[-60.8508,-73.2741],[-60.8216,-73.2951],[-60.8055,-73.3149],[-60.8041,-73.3349],[-60.8092,-73.3513],[-60.819,-73.369],[-60.8354,-73.3818],[-60.8299,-73.3927],[-60.8075,-73.3969],[-60.7313,-73.3973],[-60.6939,-73.3957],[-60.6961,-73.3876],[-60.6834,-73.3807],[-60.6804,-73.3696],[-60.6678,-73.3607],[-60.6694,-73.3499],[-60.6588,-73.337],[-60.6618,-73.3186],[-60.6501,-73.3079],[-60.6512,-73.3004],[-60.6414,-73.2928],[-60.6371,-73.2801],[-60.6267,-73.2699],[-60.6287,-73.2628],[-60.6166,-73.2291],[-60.6075,-73.2216],[-60.616,-73.2102],[-60.5972,-73.1938],[-60.5825,-73.1908],[-60.5619,-73.1929],[-60.5468,-73.2027],[-60.5305,-73.2051],[-60.5008,-73.2172],[-60.4592,-73.2242],[-60.457,-73.2265],[-60.494,-73.2432],[-60.4933,-73.2541],[-60.4605,-73.3015],[-60.4483,-73.3097],[-60.3913,-73.3239],[-60.3469,-73.3289],[-60.2855,-73.3286],[-60.2453,-73.3191],[-60.2141,-73.3153],[-60.1858,-73.3157],[-60.1625,-73.3098],[-60.1042,-73.3026],[-60.0635,-73.2867],[-60.0223,-73.2758],[-60.0057,-73.2677],[-59.9784,-73.2475],[-59.9805,-73.2395],[-60.0035,-73.2344],[-60.0131,-73.2269],[-60.0143,-73.2059],[-60.0242,-73.1941],[-60.0455,-73.1778],[-60.0387,-73.1618],[-60.0458,-73.1391],[-60.027,-73.115],[-60.0293,-73.1063],[-60.0192,-73.0908],[-60.0097,-73.0881],[-59.9874,-73.0697],[-59.9671,-73.0628],[-59.9578,-73.0533],[-59.922,-73.033],[-59.9151,-73.0224],[-59.9021,-73.0133],[-59.9049,-73.0032],[-59.9018,-72.9821],[-59.9114,-72.9667],[-59.9244,-72.9593],[-59.9376,-72.9374],[-59.9503,-72.9275],[-59.9425,-72.9008],[-59.965,-72.8854],[-60.009,-72.8756],[-60.0642,-72.8726],[-60.0964,-72.8771],[-60.1277,-72.8978],[-60.1631,-72.9332],[-60.1731,-72.9486],[-60.2089,-72.9809],[-60.2413,-73.028],[-60.2724,-73.0388],[-60.3024,-73.0545],[-60.3249,-73.0581],[-60.3618,-73.0462],[-60.3836,-73.0359],[-60.3975,-73.026],[-60.4309,-73.0192],[-60.4588,-73.0063],[-60.4865,-73.0015],[-60.5254,-72.9911],[-60.5441,-72.9813],[-60.5754,-72.996],[-60.5935,-73.0153],[-60.6247,-73.0347],[-60.6439,-73.0387],[-60.6507,-73.0271],[-60.6776,-73.0233],[-60.6897,-73.0263],[-60.7267,-73.0479],[-60.7454,-73.0675],[-60.7589,-73.0727],[-60.7786,-73.0688],[-60.7816,-73.0549],[-60.7695,-73.0392],[-60.748,-73.0306],[-60.734,-73.0155],[-60.7223,-73.0095],[-60.708,-72.9926],[-60.6457,-72.9644],[-60.62,-72.944],[-60.6996,-72.9256],[-60.7048,-72.9218],[-60.678,-72.9105],[-60.6201,-72.9144],[-60.6038,-72.9102],[-60.5812,-72.8971],[-60.5552,-72.8747],[-60.5338,-72.8653],[-60.5357,-72.8538],[-60.5192,-72.8409],[-60.5088,-72.8214],[-60.4922,-72.8174],[-60.4935,-72.8102],[-60.4853,-72.8005],[-60.49,-72.7901],[-60.4801,-72.7634],[-60.4796,-72.7409],[-60.4907,-72.7211],[-60.5092,-72.709],[-60.5128,-72.6871],[-60.5212,-72.6595],[-60.5339,-72.655],[-60.6064,-72.6508],[-60.6653,-72.6536],[-60.699,-72.6535],[-60.7382,-72.6498],[-60.7527,-72.651],[-60.773,-72.6635],[-60.8189,-72.6791],[-60.8796,-72.6814],[-60.9031,-72.6768],[-60.9196,-72.6776],[-60.9351,-72.6841],[-60.9875,-72.6904],[-61.0084,-72.6914],[-61.0428,-72.6999],[-61.0662,-72.7144],[-61.0801,-72.7283],[-61.0938,-72.7543],[-61.1122,-72.7601],[-61.1201,-72.7774],[-61.1399,-72.7826],[-61.1687,-72.7803],[-61.1857,-72.7736],[-61.2171,-72.7706],[-61.2318,-72.7641],[-61.2172,-72.7489],[-61.2078,-72.7264],[-61.2195,-72.7109],[-61.245,-72.7041],[-61.2471,-72.7001],[-61.2753,-72.6881],[-61.3017,-72.6801],[-61.3378,-72.6757],[-61.3903,-72.6733],[-61.3959,-72.6674],[-61.3846,-72.6635],[-61.3509,-72.6634],[-61.3468,-72.6541],[-61.3703,-72.6472],[-61.3626,-72.6439],[-61.282,-72.649],[-61.2445,-72.6545],[-61.2075,-72.6626],[-61.1793,-72.6608],[-61.1825,-72.6516],[-61.2183,-72.6449],[-61.244,-72.6212],[-61.2491,-72.6029],[-61.2559,-72.5952],[-61.2611,-72.5755],[-61.2676,-72.5713],[-61.2534,-72.561],[-61.2526,-72.5548],[-61.2661,-72.5391],[-61.2662,-72.5313],[-61.2864,-72.5248],[-61.3298,-72.5233],[-61.3472,-72.5306],[-61.393,-72.5371],[-61.4342,-72.5366],[-61.4604,-72.5253],[-61.4617,-72.515],[-61.4787,-72.5086],[-61.4793,-72.5007],[-61.4213,-72.4895],[-61.4053,-72.4841],[-61.3552,-72.476],[-61.3754,-72.459],[-61.3955,-72.4509],[-61.4682,-72.4303],[-61.4693,-72.421],[-61.4817,-72.4118],[-61.4646,-72.4066],[-61.4177,-72.4082],[-61.393,-72.4071],[-61.3539,-72.415],[-61.3337,-72.4166],[-61.2598,-72.4288],[-61.245,-72.4331],[-61.1667,-72.4495],[-61.123,-72.4572],[-61.0954,-72.4597],[-61.0416,-72.4729],[-60.9914,-72.4737],[-60.9684,-72.4727],[-60.9352,-72.4652],[-60.8976,-72.4744],[-60.8572,-72.4704],[-60.8319,-72.4651],[-60.8151,-72.4658],[-60.7838,-72.4617],[-60.7719,-72.4559],[-60.7122,-72.4524],[-60.6779,-72.4476],[-60.65,-72.4374],[-60.6342,-72.4211],[-60.6331,-72.4027],[-60.665,-72.3915],[-60.6919,-72.387],[-60.7233,-72.3874],[-60.7295,-72.3842],[-60.7191,-72.3737],[-60.7461,-72.3708],[-60.7947,-72.3747],[-60.8435,-72.376],[-60.9077,-72.3662],[-60.9705,-72.3713],[-60.9967,-72.3644],[-61.0019,-72.3593],[-60.9894,-72.3501],[-60.9257,-72.3396],[-60.9192,-72.3286],[-60.9272,-72.3198],[-60.9167,-72.3174],[-60.8856,-72.3188],[-60.8652,-72.3162],[-60.8318,-72.3164],[-60.8009,-72.3133],[-60.7929,-72.3165],[-60.7614,-72.3194],[-60.7466,-72.3236],[-60.6891,-72.3352],[-60.6567,-72.3326],[-60.6409,-72.3231],[-60.6419,-72.3175],[-60.6619,-72.313],[-60.6781,-72.2996],[-60.6749,-72.2874],[-60.6624,-72.2833],[-60.6525,-72.2734],[-60.6644,-72.2569],[-60.6807,-72.245],[-60.6927,-72.2303],[-60.7372,-72.2111],[-60.8053,-72.1953],[-60.8421,-72.1889],[-60.8937,-72.1822],[-60.9419,-72.1814],[-60.9649,-72.1859],[-61.0514,-72.1939],[-61.0888,-72.1889],[-61.0902,-72.1844],[-61.0506,-72.1697],[-61.0268,-72.1654],[-60.9803,-72.1668],[-60.9659,-72.1597],[-60.905,-72.1575],[-60.8686,-72.1513],[-60.8608,-72.1455],[-60.8323,-72.1392],[-60.8127,-72.1378],[-60.7935,-72.124],[-60.7668,-72.1216],[-60.7005,-72.1216],[-60.6758,-72.1153],[-60.6679,-72.1011],[-60.6608,-72.0984],[-60.6699,-72.0868],[-60.6636,-72.0773],[-60.6676,-72.0713],[-60.6662,-72.0517],[-60.6558,-72.038],[-60.6717,-72.0263],[-60.6635,-72.0119],[-60.6789,-71.9939],[-60.711,-71.9987],[-60.7473,-72.0016],[-60.7653,-72.0074],[-60.7746,-72.0159],[-60.8117,-72.0195],[-60.825,-72.027],[-60.8521,-72.0317],[-60.8676,-72.0376],[-60.8734,-72.0454],[-60.9228,-72.0554],[-61.0357,-72.0497],[-61.0731,-72.0522],[-61.1085,-72.0516],[-61.14,-72.054],[-61.1762,-72.066],[-61.193,-72.0757],[-61.1999,-72.0864],[-61.1891,-72.0988],[-61.165,-72.1169],[-61.1656,-72.1293],[-61.1553,-72.1662],[-61.1981,-72.1648],[-61.2282,-72.1572],[-61.2385,-72.1487],[-61.2787,-72.1439],[-61.2972,-72.1341],[-61.3049,-72.1238],[-61.3237,-72.1129],[-61.3458,-72.1041],[-61.3723,-72.0868],[-61.3932,-72.0654],[-61.4155,-72.0632],[-61.4379,-72.0658],[-61.4879,-72.0659],[-61.5154,-72.0634],[-61.5777,-72.0514],[-61.6118,-72.0526],[-61.6953,-72.0455],[-61.7142,-72.042],[-61.739,-72.0544],[-61.7804,-72.0592],[-61.8053,-72.0672],[-61.8249,-72.0704],[-61.8688,-72.0847],[-61.9311,-72.0957],[-61.9741,-72.0937],[-61.996,-72.0945],[-62.0122,-72.0988],[-62.0332,-72.0987],[-62.0906,-72.1021],[-62.149,-72.0904],[-62.163,-72.0914],[-62.2125,-72.1085],[-62.2357,-72.1218],[-62.2394,-72.1282],[-62.255,-72.1299],[-62.3152,-72.1182],[-62.3322,-72.1167],[-62.3629,-72.1087],[-62.3736,-72.1013],[-62.3299,-72.0857],[-62.3066,-72.0757],[-62.2811,-72.0708],[-62.2712,-72.063],[-62.2411,-72.0565],[-62.2268,-72.0477],[-62.1927,-72.0368],[-62.171,-72.0334],[-62.1221,-72.0295],[-62.0991,-72.0165],[-62.105,-72.0133],[-62.1666,-72.0062],[-62.1908,-72.0047],[-62.2193,-71.998],[-62.2578,-71.9923],[-62.3003,-71.9811],[-62.3177,-71.9791],[-62.344,-71.9717],[-62.3765,-71.9696],[-62.4136,-71.965],[-62.4273,-71.9598],[-62.4629,-71.952],[-62.4801,-71.9389],[-62.493,-71.9337],[-62.4853,-71.9187],[-62.4412,-71.9141],[-62.4228,-71.9097],[-62.3979,-71.9124],[-62.3703,-71.9121],[-62.2911,-71.916],[-62.2533,-71.9166],[-62.1948,-71.91],[-62.1132,-71.912],[-62.0572,-71.9121],[-62.0123,-71.9066],[-61.975,-71.9044],[-61.9369,-71.899],[-61.9006,-71.8981],[-61.8655,-71.8947],[-61.8025,-71.8801],[-61.7753,-71.8694],[-61.7599,-71.8662],[-61.7269,-71.8646],[-61.7048,-71.8595],[-61.6481,-71.8579],[-61.6104,-71.8553],[-61.5745,-71.8577],[-61.5125,-71.8551],[-61.4694,-71.8503],[-61.4473,-71.8546],[-61.4209,-71.8652],[-61.3921,-71.8725],[-61.3151,-71.8752],[-61.2725,-71.8705],[-61.222,-71.8673],[-61.1178,-71.8721],[-61.0814,-71.8695],[-61.075,-71.8654],[-61.0786,-71.8567],[-61.031,-71.8527],[-61.0322,-71.8317],[-61.0648,-71.8267],[-61.1094,-71.8226],[-61.1225,-71.8169],[-61.1231,-71.8089],[-61.1136,-71.8063],[-61.0472,-71.8034],[-61.0623,-71.7959],[-61.0612,-71.7888],[-61.0869,-71.7706],[-61.1057,-71.7685],[-61.1368,-71.7578],[-61.1421,-71.7456],[-61.1261,-71.7397],[-61.1315,-71.7362],[-61.1273,-71.7259],[-61.1092,-71.724],[-61.0542,-71.7407],[-61.0264,-71.7416],[-61.0137,-71.7488],[-60.962,-71.763],[-60.9464,-71.7726],[-60.8833,-71.7883],[-60.8243,-71.7867],[-60.8015,-71.7837],[-60.7805,-71.7751],[-60.7823,-71.7644],[-60.7661,-71.7577],[-60.7687,-71.7529],[-60.7913,-71.7451],[-60.7928,-71.7343],[-60.8191,-71.7312],[-60.8278,-71.7252],[-60.8258,-71.7091],[-60.8084,-71.7035],[-60.7844,-71.6902],[-60.7872,-71.6786],[-60.835,-71.6673],[-60.8796,-71.6631],[-60.9197,-71.656],[-60.9472,-71.6673],[-61.0108,-71.6565],[-61.0126,-71.649],[-61.0002,-71.6394],[-60.9692,-71.6261],[-60.9481,-71.6229],[-60.9565,-71.6114],[-60.9873,-71.6034],[-60.995,-71.5988],[-61.0372,-71.5898],[-61.0833,-71.588],[-61.1116,-71.5767],[-61.1168,-71.5696],[-61.1008,-71.5497],[-61.1392,-71.5346],[-61.1556,-71.5327],[-61.182,-71.5348],[-61.2578,-71.5539],[-61.2668,-71.5623],[-61.2623,-71.5772],[-61.2804,-71.5855],[-61.3032,-71.6046],[-61.3297,-71.6129],[-61.3688,-71.6349],[-61.3857,-71.6374],[-61.4042,-71.6456],[-61.4226,-71.6495],[-61.4479,-71.661],[-61.4741,-71.6683],[-61.4949,-71.6776],[-61.574,-71.6871],[-61.5869,-71.6906],[-61.6256,-71.6931],[-61.671,-71.6789],[-61.712,-71.677],[-61.735,-71.6785],[-61.7621,-71.6844],[-61.8045,-71.6869],[-61.8217,-71.6843],[-61.8621,-71.6828],[-61.9097,-71.6849],[-61.9278,-71.6792],[-61.9794,-71.6782],[-62.0008,-71.6763],[-62.0662,-71.6748],[-62.0855,-71.676],[-62.1054,-71.6672],[-62.1267,-71.662],[-62.1274,-71.6528],[-62.1144,-71.6431],[-62.0843,-71.6391],[-62.074,-71.6293],[-62.0584,-71.6225],[-62.0268,-71.6286],[-62.0119,-71.6192],[-61.9792,-71.6177],[-61.9576,-71.6229],[-61.9183,-71.6269],[-61.8763,-71.6281],[-61.8149,-71.6234],[-61.7866,-71.6224],[-61.731,-71.6075],[-61.7134,-71.5913],[-61.717,-71.5716],[-61.7314,-71.5598],[-61.732,-71.5503],[-61.7451,-71.542],[-61.7358,-71.5347],[-61.7,-71.5355],[-61.6872,-71.5396],[-61.645,-71.5435],[-61.622,-71.543],[-61.5955,-71.5373],[-61.5778,-71.5284],[-61.5228,-71.4917],[-61.5601,-71.4596],[-61.5423,-71.4544],[-61.5281,-71.456],[-61.5131,-71.4652],[-61.4826,-71.4696],[-61.4643,-71.4648],[-61.4675,-71.4557],[-61.4408,-71.4561],[-61.4107,-71.4593],[-61.3967,-71.4548],[-61.3635,-71.4623],[-61.3164,-71.4618],[-61.2804,-71.4577],[-61.2575,-71.4515],[-61.2475,-71.4448],[-61.2298,-71.4396],[-61.2039,-71.4376],[-61.1725,-71.4311],[-61.1547,-71.4301],[-61.1353,-71.4198],[-61.1353,-71.4143],[-61.1539,-71.4105],[-61.1935,-71.4092],[-61.2243,-71.4042],[-61.2347,-71.3875],[-61.2596,-71.378],[-61.3053,-71.3704],[-61.325,-71.3563],[-61.3442,-71.3528],[-61.3585,-71.3437],[-61.3751,-71.3396],[-61.3951,-71.3303],[-61.4002,-71.3205],[-61.3753,-71.3135],[-61.3531,-71.3122],[-61.3302,-71.3179],[-61.2964,-71.3214],[-61.26,-71.3271],[-61.24,-71.3271],[-61.1895,-71.3337],[-61.174,-71.3379],[-61.1383,-71.3407],[-61.1283,-71.3437],[-61.0922,-71.348],[-61.076,-71.3558],[-61.055,-71.3572],[-61.0304,-71.3701],[-61.0316,-71.3762],[-60.9867,-71.3737],[-60.9595,-71.3667],[-60.9292,-71.3446],[-60.9278,-71.3326],[-60.9428,-71.3204],[-60.994,-71.3002],[-60.9909,-71.2955],[-61.0104,-71.2859],[-61.0351,-71.277],[-61.1035,-71.2714],[-61.1343,-71.2672],[-61.1719,-71.2655],[-61.2393,-71.2571],[-61.2629,-71.2511],[-61.2583,-71.2446],[-61.2803,-71.2348],[-61.2831,-71.2293],[-61.2637,-71.2184],[-61.2302,-71.2143],[-61.1889,-71.2152],[-61.1756,-71.2179],[-61.0965,-71.2283],[-61.0395,-71.2333],[-60.9695,-71.2354],[-60.9384,-71.2349],[-60.9361,-71.2248],[-60.917,-71.2155],[-60.9137,-71.2091],[-60.9226,-71.1927],[-60.9384,-71.1753],[-60.9576,-71.1692],[-60.9684,-71.1557],[-60.9988,-71.1481],[-61.0184,-71.1391],[-61.0694,-71.128],[-61.0777,-71.1224],[-61.1005,-71.1148],[-61.1248,-71.1114],[-61.1636,-71.1104],[-61.2019,-71.1063],[-61.2145,-71.097],[-61.2088,-71.0934],[-61.2124,-71.0768],[-61.1705,-71.0584],[-61.164,-71.0391],[-61.1895,-71.0302],[-61.2239,-71.0263],[-61.2699,-71.0301],[-61.3136,-71.0287],[-61.3316,-71.0245],[-61.3535,-71.0304],[-61.3628,-71.0216],[-61.3478,-71.014],[-61.3508,-71.0074],[-61.3133,-70.9977],[-61.3321,-70.9941],[-61.3167,-70.986],[-61.2823,-70.9736],[-61.2783,-70.9598],[-61.293,-70.944],[-61.2746,-70.9292],[-61.2624,-70.9268],[-61.2555,-70.911],[-61.2592,-70.9034],[-61.2436,-70.8975],[-61.2689,-70.885],[-61.2722,-70.8716],[-61.2945,-70.8569],[-61.3676,-70.8485],[-61.4057,-70.848],[-61.4251,-70.8426],[-61.4621,-70.8362],[-61.5088,-70.8336],[-61.5585,-70.8352],[-61.6058,-70.8458],[-61.6317,-70.8502],[-61.682,-70.8497],[-61.6898,-70.8518],[-61.706,-70.865],[-61.7186,-70.8685],[-61.7451,-70.8885],[-61.7803,-70.9244],[-61.8064,-70.9264],[-61.8434,-70.9224],[-61.8567,-70.9233],[-61.8642,-70.9332],[-61.8904,-70.9285],[-61.9767,-70.9302],[-62.0001,-70.9243],[-62.0097,-70.9142],[-62.0577,-70.9014],[-62.0666,-70.8926],[-62.0597,-70.8863],[-62.0374,-70.8818],[-62.0281,-70.8761],[-62.0314,-70.8705],[-62.0516,-70.868],[-62.0544,-70.8631],[-62.0392,-70.8516],[-62.0394,-70.8444],[-62.0203,-70.8376],[-62.0186,-70.8279],[-62.0293,-70.8248],[-62.0284,-70.8122],[-62.0057,-70.7961],[-62.0295,-70.7892],[-62.1218,-70.7841],[-62.1482,-70.7761],[-62.1359,-70.7607],[-62.1145,-70.761],[-62.1031,-70.7663],[-62.0756,-70.7638],[-62.0975,-70.7546],[-62.1351,-70.7491],[-62.1435,-70.7363],[-62.1354,-70.7253],[-62.1197,-70.7223],[-62.0676,-70.7305],[-62.0494,-70.7301],[-62.0434,-70.7232],[-62.0248,-70.7168],[-62.0056,-70.715],[-61.9825,-70.7172],[-61.9677,-70.722],[-61.922,-70.7309],[-61.8653,-70.7377],[-61.8254,-70.7387],[-61.7996,-70.7328],[-61.7933,-70.7249],[-61.808,-70.7162],[-61.7981,-70.7136],[-61.7242,-70.7116],[-61.7022,-70.7063],[-61.696,-70.7006],[-61.6621,-70.6983],[-61.6429,-70.687],[-61.6369,-70.6764],[-61.6203,-70.6674],[-61.6266,-70.6612],[-61.641,-70.6596],[-61.649,-70.6533],[-61.635,-70.6423],[-61.6267,-70.6294],[-61.6436,-70.6183],[-61.6214,-70.6081],[-61.6026,-70.6082],[-61.5749,-70.6023],[-61.5215,-70.6052],[-61.4792,-70.598],[-61.4491,-70.586],[-61.4274,-70.5833],[-61.3973,-70.5867],[-61.3611,-70.5829],[-61.3549,-70.5773],[-61.3626,-70.5638],[-61.3639,-70.5501],[-61.3827,-70.5311],[-61.3883,-70.5216],[-61.4114,-70.5062],[-61.4655,-70.4926],[-61.5171,-70.4973],[-61.5325,-70.5029],[-61.5839,-70.4983],[-61.6209,-70.5005],[-61.6848,-70.4997],[-61.7096,-70.5024],[-61.7765,-70.502],[-61.8028,-70.5028],[-61.8339,-70.5062],[-61.8595,-70.515],[-61.8542,-70.5239],[-61.8623,-70.5314],[-61.8998,-70.5401],[-61.9144,-70.5478],[-61.9291,-70.5446],[-61.9474,-70.5324],[-61.9526,-70.5131],[-61.9741,-70.5127],[-61.9884,-70.523],[-62.0299,-70.5294],[-62.0551,-70.5373],[-62.0655,-70.5436],[-62.089,-70.5513],[-62.1195,-70.5584],[-62.1429,-70.5582],[-62.1641,-70.5663],[-62.2034,-70.5669],[-62.2323,-70.5597],[-62.2192,-70.5505],[-62.1942,-70.5442],[-62.2037,-70.5382],[-62.1885,-70.5292],[-62.1712,-70.5244],[-62.1675,-70.5177],[-62.1389,-70.5018],[-62.1271,-70.4844],[-62.1467,-70.4759],[-62.1273,-70.4675],[-62.1249,-70.4589],[-62.1371,-70.4493],[-62.1289,-70.4437],[-62.137,-70.4276],[-62.1698,-70.4214],[-62.2073,-70.4186],[-62.2361,-70.4199],[-62.2684,-70.4128],[-62.2986,-70.4082],[-62.3274,-70.4099],[-62.3636,-70.4072],[-62.4108,-70.407],[-62.4347,-70.4001],[-62.4155,-70.393],[-62.4113,-70.3869],[-62.4161,-70.3767],[-62.4315,-70.3694],[-62.4089,-70.362],[-62.407,-70.3492],[-62.4009,-70.3424],[-62.4275,-70.3277],[-62.424,-70.3206],[-62.4407,-70.3078],[-62.4254,-70.2955],[-62.3366,-70.2906],[-62.3249,-70.2832],[-62.3287,-70.2729],[-62.3456,-70.2638],[-62.3765,-70.2528],[-62.3831,-70.2406],[-62.4055,-70.2253],[-62.3872,-70.2175],[-62.3641,-70.2215],[-62.3488,-70.2203],[-62.3147,-70.225],[-62.2935,-70.2208],[-62.2723,-70.223],[-62.251,-70.222],[-62.2229,-70.2271],[-62.1993,-70.2419],[-62.1807,-70.2477],[-62.1216,-70.249],[-62.0717,-70.2546],[-62.0553,-70.2535],[-62.044,-70.2592],[-62.0454,-70.2719],[-62.0532,-70.2914],[-62.0614,-70.2981],[-62.0383,-70.2994],[-62.0334,-70.2944],[-61.9933,-70.2837],[-61.9749,-70.2735],[-61.9583,-70.2724],[-61.9466,-70.2602],[-61.9342,-70.2537],[-61.9143,-70.2494],[-61.9131,-70.2426],[-61.8983,-70.2375],[-61.88,-70.2361],[-61.8643,-70.2213],[-61.8624,-70.2146],[-61.8715,-70.2011],[-61.8869,-70.1882],[-61.9078,-70.1836],[-61.9242,-70.1749],[-61.9394,-70.1488],[-61.9541,-70.1367],[-61.9788,-70.1245],[-61.9675,-70.1043],[-61.979,-70.0913],[-61.9903,-70.0857],[-62.0034,-70.0736],[-62.0357,-70.0666],[-62.064,-70.0549],[-62.0938,-70.0492],[-62.137,-70.0346],[-62.1455,-70.0262],[-62.1902,-70.0098],[-62.2335,-70.001],[-62.2524,-70.0065],[-62.2812,-70.0017],[-62.3225,-69.9874],[-62.3234,-69.9817],[-62.3374,-69.9752],[-62.3425,-69.9651],[-62.3186,-69.9655],[-62.292,-69.9572],[-62.2863,-69.9494],[-62.3092,-69.931],[-62.3046,-69.9208],[-62.3192,-69.9148],[-62.3596,-69.9038],[-62.3671,-69.8991],[-62.3955,-69.8948],[-62.3989,-69.8904],[-62.4469,-69.8823],[-62.5101,-69.8704],[-62.5413,-69.8591],[-62.5609,-69.8497],[-62.5691,-69.8394],[-62.5653,-69.8327],[-62.5328,-69.8385],[-62.5099,-69.8324],[-62.5119,-69.8238],[-62.4921,-69.8226],[-62.4699,-69.8079],[-62.459,-69.7961],[-62.4232,-69.7789],[-62.432,-69.7682],[-62.4293,-69.7534],[-62.4049,-69.7358],[-62.4021,-69.7234],[-62.3931,-69.7183],[-62.384,-69.7064],[-62.3864,-69.6863],[-62.3819,-69.6812],[-62.38,-69.6647],[-62.3832,-69.6326],[-62.3917,-69.6258],[-62.4082,-69.5899],[-62.411,-69.556],[-62.3924,-69.5356],[-62.396,-69.5171],[-62.4092,-69.5039],[-62.4462,-69.4864],[-62.4724,-69.4833],[-62.5297,-69.4928],[-62.5512,-69.4905],[-62.5876,-69.48],[-62.5983,-69.4707],[-62.6083,-69.4528],[-62.6056,-69.4439],[-62.6198,-69.4271],[-62.6202,-69.4146],[-62.6291,-69.3991],[-62.6474,-69.3866],[-62.6808,-69.3712],[-62.7681,-69.3466],[-62.7918,-69.3458],[-62.8306,-69.3541],[-62.8434,-69.3617],[-62.8679,-69.3575],[-62.8736,-69.3639],[-62.9053,-69.3647],[-62.9322,-69.3755],[-62.9659,-69.3799],[-62.9913,-69.3643],[-63.0146,-69.3609],[-63.0229,-69.3508],[-63.0434,-69.3436],[-63.0546,-69.3316],[-63.0765,-69.3197],[-63.0653,-69.3159],[-63.0665,-69.3101],[-63.0847,-69.3043],[-63.075,-69.2869],[-63.0621,-69.2846],[-63.0529,-69.277],[-63.0547,-69.2636],[-63.0629,-69.2501],[-63.0974,-69.2293],[-63.1284,-69.2032],[-63.1397,-69.1806],[-63.1561,-69.1684],[-63.1706,-69.1667],[-63.1818,-69.1571],[-63.2155,-69.1497],[-63.218,-69.1561],[-63.2055,-69.1624],[-63.199,-69.1714],[-63.2176,-69.1832],[-63.2427,-69.185],[-63.2617,-69.1916],[-63.3156,-69.1964],[-63.3518,-69.1927],[-63.3984,-69.1832],[-63.4382,-69.169],[-63.4414,-69.1629],[-63.4184,-69.1526],[-63.396,-69.1386],[-63.3457,-69.1045],[-63.3077,-69.0923],[-63.2993,-69.0826],[-63.3056,-69.0655],[-63.3209,-69.0496],[-63.3838,-69.0488],[-63.4186,-69.0542],[-63.4582,-69.0551],[-63.4861,-69.0581],[-63.5096,-69.0556],[-63.5291,-69.0472],[-63.5864,-69.0452],[-63.617,-69.0405],[-63.6367,-69.0343],[-63.6547,-69.0343],[-63.7186,-69.0247],[-63.766,-69.019],[-63.7965,-69.0109],[-63.8359,-69.0056],[-63.882,-69.0071],[-63.8981,-69.004],[-63.9096,-68.9978],[-63.8884,-68.9826],[-63.9168,-68.9754],[-63.9241,-68.9672],[-63.9003,-68.9577],[-63.8718,-68.9593],[-63.8776,-68.9488],[-63.8691,-68.9469],[-63.8508,-68.9541],[-63.8278,-68.9501],[-63.8262,-68.9385],[-63.8019,-68.9343],[-63.7475,-68.9504],[-63.708,-68.9581],[-63.6798,-68.969],[-63.6528,-68.9698],[-63.6393,-68.9618],[-63.619,-68.9618],[-63.5928,-68.9533],[-63.5643,-68.9551],[-63.5612,-68.9499],[-63.501,-68.9459],[-63.4641,-68.9491],[-63.4157,-68.951],[-63.4096,-68.9477],[-63.3824,-68.9465],[-63.3859,-68.9394],[-63.4362,-68.9341],[-63.4527,-68.9291],[-63.4826,-68.9242],[-63.4871,-68.9108],[-63.4696,-68.8991],[-63.3952,-68.8992],[-63.3716,-68.8966],[-63.3799,-68.8875],[-63.4011,-68.8772],[-63.4262,-68.8608],[-63.4705,-68.8459],[-63.4931,-68.8409],[-63.5007,-68.8296],[-63.4969,-68.8265],[-63.5271,-68.8082],[-63.4968,-68.811],[-63.494,-68.806],[-63.4724,-68.8062],[-63.448,-68.8118],[-63.4178,-68.8155],[-63.3876,-68.824],[-63.3688,-68.826],[-63.3435,-68.8326],[-63.2665,-68.8588],[-63.252,-68.8602],[-63.1993,-68.8547],[-63.1971,-68.8506],[-63.2082,-68.8387],[-63.233,-68.8282],[-63.242,-68.817],[-63.2633,-68.8057],[-63.2915,-68.798],[-63.3298,-68.7935],[-63.3614,-68.7851],[-63.3907,-68.7793],[-63.3979,-68.7718],[-63.4482,-68.7653],[-63.4646,-68.7656],[-63.4737,-68.7587],[-63.5459,-68.7492],[-63.5535,-68.7502],[-63.6041,-68.7426],[-63.6217,-68.7442],[-63.6472,-68.7504],[-63.6751,-68.7484],[-63.723,-68.7328],[-63.755,-68.7269],[-63.7672,-68.7283],[-63.8076,-68.7197],[-63.8263,-68.7083],[-63.853,-68.6999],[-63.8637,-68.6903],[-63.851,-68.6777],[-63.7821,-68.6828],[-63.7545,-68.6769],[-63.7941,-68.6685],[-63.8235,-68.6645],[-63.8289,-68.6555],[-63.8422,-68.6473],[-63.8421,-68.6406],[-63.8068,-68.6326],[-63.823,-68.6253],[-63.81,-68.6104],[-63.7961,-68.6051],[-63.7672,-68.5899],[-63.7645,-68.581],[-63.7404,-68.5754],[-63.7253,-68.5652],[-63.6883,-68.5523],[-63.6832,-68.547],[-63.6669,-68.5431],[-63.6215,-68.5417],[-63.6064,-68.5436],[-63.51,-68.545],[-63.4841,-68.5484],[-63.4785,-68.5555],[-63.4599,-68.553],[-63.4309,-68.543],[-63.384,-68.5139],[-63.3559,-68.4922],[-63.3374,-68.4814],[-63.316,-68.4638],[-63.3003,-68.456],[-63.265,-68.4524],[-63.2445,-68.453],[-63.1661,-68.4499],[-63.1511,-68.4506],[-63.108,-68.4578],[-63.063,-68.4711],[-63.0153,-68.4865],[-62.9702,-68.5033],[-62.9291,-68.5112],[-62.9151,-68.5091],[-62.8983,-68.4969],[-62.9007,-68.486],[-62.893,-68.4757],[-62.8733,-68.463],[-62.8501,-68.4408],[-62.8522,-68.4319],[-62.8754,-68.4183],[-62.8851,-68.4166],[-62.9442,-68.4148],[-63.0279,-68.4107],[-63.1847,-68.4167],[-63.2284,-68.4168],[-63.2676,-68.4132],[-63.3216,-68.4175],[-63.3436,-68.4206],[-63.3983,-68.4162],[-63.413,-68.4131],[-63.4307,-68.4142],[-63.4427,-68.4229],[-63.4469,-68.4308],[-63.4783,-68.4328],[-63.5615,-68.4435],[-63.6225,-68.4525],[-63.65,-68.4477],[-63.6897,-68.4512],[-63.7052,-68.4557],[-63.7274,-68.4556],[-63.7325,-68.4617],[-63.7717,-68.4678],[-63.795,-68.4766],[-63.8202,-68.4776],[-63.8421,-68.4808],[-63.8768,-68.4783],[-63.9074,-68.4882],[-63.9308,-68.4908],[-63.9642,-68.4835],[-63.9861,-68.4873],[-63.9991,-68.4926],[-63.9989,-68.5021],[-64.0476,-68.5174],[-64.0621,-68.5256],[-64.0681,-68.5337],[-64.0817,-68.5369],[-64.1036,-68.5364],[-64.1289,-68.5419],[-64.1348,-68.5464],[-64.1181,-68.5515],[-64.1305,-68.5579],[-64.1449,-68.5574],[-64.1623,-68.5653],[-64.1401,-68.5806],[-64.1448,-68.5858],[-64.171,-68.5806],[-64.2253,-68.5724],[-64.2544,-68.5695],[-64.2615,-68.5723],[-64.2688,-68.5884],[-64.2538,-68.5962],[-64.1917,-68.6079],[-64.1477,-68.6234],[-64.145,-68.6268],[-64.1551,-68.6413],[-64.15,-68.6493],[-64.1696,-68.6531],[-64.2192,-68.6418],[-64.2436,-68.6376],[-64.305,-68.632],[-64.325,-68.6314],[-64.3318,-68.638],[-64.2792,-68.6648],[-64.2385,-68.6753],[-64.1806,-68.6876],[-64.1474,-68.6933],[-64.1004,-68.7088],[-64.0711,-68.7168],[-64.059,-68.724],[-64.0313,-68.7335],[-63.9991,-68.7485],[-63.9944,-68.7542],[-64.0152,-68.7693],[-64.0369,-68.7725],[-64.0799,-68.7597],[-64.1163,-68.7512],[-64.17,-68.7429],[-64.1662,-68.7508],[-64.1316,-68.7739],[-64.0809,-68.7917],[-64.0589,-68.7946],[-64.0272,-68.8085],[-64.0281,-68.8126],[-64.0452,-68.8201],[-64.0317,-68.8318],[-64.0447,-68.8366],[-64.0639,-68.8343],[-64.1016,-68.8331],[-64.1252,-68.8229],[-64.1869,-68.8037],[-64.2501,-68.7907],[-64.2853,-68.7775],[-64.3434,-68.7587],[-64.3923,-68.7327],[-64.4038,-68.7296],[-64.4148,-68.7361],[-64.3689,-68.763],[-64.3496,-68.7775],[-64.363,-68.7858],[-64.4116,-68.776],[-64.4441,-68.7728],[-64.4693,-68.7653],[-64.4824,-68.7644],[-64.5023,-68.7707],[-64.5046,-68.7792],[-64.5489,-68.7677],[-64.5574,-68.7599],[-64.5676,-68.7581],[-64.6049,-68.7458],[-64.6122,-68.7346],[-64.5974,-68.727],[-64.6211,-68.7093],[-64.6512,-68.6943],[-64.6461,-68.6808],[-64.649,-68.6743],[-64.6742,-68.6647],[-64.6862,-68.6632],[-64.6969,-68.6701],[-64.7113,-68.6734],[-64.733,-68.6874],[-64.77,-68.6946],[-64.8068,-68.692],[-64.8554,-68.6854],[-64.8653,-68.6743],[-64.9101,-68.6748],[-64.9539,-68.6723],[-64.9815,-68.6577],[-65.0404,-68.6516],[-65.0845,-68.6496],[-65.1252,-68.6527],[-65.1527,-68.644],[-65.1502,-68.6316],[-65.1679,-68.6255],[-65.1883,-68.6266],[-65.218,-68.6364],[-65.2568,-68.6333],[-65.2748,-68.6285],[-65.2792,-68.6202],[-65.2769,-68.6113],[-65.2542,-68.5981],[-65.253,-68.5892],[-65.2636,-68.5847],[-65.3252,-68.5729],[-65.3301,-68.5678],[-65.35,-68.561],[-65.3458,-68.5566],[-65.3175,-68.5516],[-65.3032,-68.5434],[-65.3014,-68.5371],[-65.2877,-68.5248],[-65.2652,-68.5147],[-65.2212,-68.5129],[-65.2049,-68.5156],[-65.1916,-68.5129],[-65.1987,-68.5038],[-65.1939,-68.4938],[-65.18,-68.498],[-65.1398,-68.4958],[-65.1181,-68.4828],[-65.1047,-68.4783],[-65.0991,-68.4714],[-65.0652,-68.4558],[-65.0366,-68.4387],[-65.0111,-68.4301],[-65.0059,-68.4231],[-64.9898,-68.4195],[-64.9779,-68.4078],[-64.9787,-68.4022],[-65.0143,-68.3939],[-65.0181,-68.3759],[-65.0493,-68.372],[-65.0625,-68.3644],[-65.0811,-68.3594],[-65.1164,-68.3671],[-65.1536,-68.3641],[-65.1684,-68.3603],[-65.1783,-68.3636],[-65.2016,-68.3633],[-65.2301,-68.3661],[-65.2336,-68.3699],[-65.2824,-68.37],[-65.3047,-68.3725],[-65.3096,-68.3796],[-65.3391,-68.3809],[-65.345,-68.3889],[-65.3719,-68.3923],[-65.3761,-68.3849],[-65.3932,-68.378],[-65.4435,-68.3786],[-65.4577,-68.3762],[-65.4737,-68.3663],[-65.4932,-68.3633],[-65.4839,-68.3382],[-65.4952,-68.3286],[-65.5085,-68.3245],[-65.5032,-68.3153],[-65.4843,-68.3064],[-65.4252,-68.3101],[-65.4004,-68.3013],[-65.3731,-68.2939],[-65.3603,-68.2872],[-65.3257,-68.2777],[-65.3152,-68.2717],[-65.3233,-68.2587],[-65.3131,-68.2517],[-65.2954,-68.251],[-65.2637,-68.2536],[-65.2344,-68.2583],[-65.2227,-68.2503],[-65.2027,-68.2452],[-65.1989,-68.232],[-65.1904,-68.2312],[-65.1666,-68.2144],[-65.1367,-68.2084],[-65.1012,-68.2191],[-65.0974,-68.2263],[-65.0351,-68.2244],[-64.9838,-68.2211],[-64.9719,-68.2244],[-64.958,-68.2223],[-64.9427,-68.2087],[-64.9393,-68.1999],[-64.9191,-68.1994],[-64.8937,-68.202],[-64.8734,-68.1892],[-64.8453,-68.1818],[-64.83,-68.1746],[-64.798,-68.1707],[-64.7858,-68.1616],[-64.7852,-68.1552],[-64.7721,-68.1488],[-64.7701,-68.14],[-64.7801,-68.1315],[-64.7563,-68.119],[-64.7574,-68.1089],[-64.768,-68.1052],[-64.7811,-68.0945],[-64.7899,-68.0824],[-64.8158,-68.0794],[-64.8279,-68.0711],[-64.8512,-68.0747],[-64.8458,-68.0877],[-64.861,-68.0982],[-64.8876,-68.1],[-64.9044,-68.1038],[-64.9079,-68.096],[-64.9241,-68.0965],[-64.9268,-68.1014],[-64.9558,-68.0987],[-64.9815,-68.0934],[-64.9895,-68.075],[-64.9718,-68.0697],[-64.9471,-68.0509],[-64.9559,-68.0418],[-64.9472,-68.035],[-64.9329,-68.0337],[-64.9178,-68.0265],[-64.9305,-68.023],[-64.9606,-68.0273],[-64.9761,-68.0313],[-64.9963,-68.0405],[-65.0149,-68.0591],[-65.0424,-68.0736],[-65.0647,-68.0828],[-65.1048,-68.1021],[-65.118,-68.1116],[-65.1377,-68.1134],[-65.1515,-68.1227],[-65.1552,-68.1321],[-65.167,-68.1375],[-65.1799,-68.1489],[-65.227,-68.1593],[-65.2498,-68.1718],[-65.2727,-68.1769],[-65.3033,-68.1711],[-65.319,-68.1657],[-65.3246,-68.1499],[-65.3345,-68.1439],[-65.3528,-68.1387],[-65.3774,-68.1414],[-65.4039,-68.1383],[-65.4237,-68.1429],[-65.4254,-68.1479],[-65.4419,-68.1562],[-65.4612,-68.1613],[-65.4945,-68.1548],[-65.5017,-68.1418],[-65.5107,-68.1401],[-65.548,-68.1467],[-65.5616,-68.1467],[-65.5913,-68.1538],[-65.6164,-68.1534],[-65.6424,-68.1554],[-65.6621,-68.1481],[-65.692,-68.15],[-65.7081,-68.1557],[-65.7275,-68.1572],[-65.7454,-68.1645],[-65.761,-68.1605],[-65.7505,-68.1467],[-65.7568,-68.1292],[-65.7333,-68.1198],[-65.7335,-68.0947],[-65.7257,-68.0912],[-65.6953,-68.0952],[-65.651,-68.0964],[-65.6521,-68.0869],[-65.6397,-68.0779],[-65.6442,-68.0676],[-65.6133,-68.0486],[-65.6094,-68.0427],[-65.5758,-68.0431],[-65.5555,-68.0476],[-65.5192,-68.0433],[-65.4857,-68.0438],[-65.4728,-68.0371],[-65.4235,-68.0292],[-65.4037,-68.0299],[-65.395,-68.0233],[-65.371,-68.0147],[-65.3521,-68.0011],[-65.3226,-67.9962],[-65.3148,-67.9868],[-65.3399,-67.9835],[-65.3683,-67.9721],[-65.3716,-67.9671],[-65.4093,-67.9523],[-65.473,-67.9522],[-65.4808,-67.9544],[-65.512,-67.9464],[-65.5253,-67.9318],[-65.5487,-67.9148],[-65.5882,-67.9028],[-65.6209,-67.8953],[-65.6517,-67.8934],[-65.6832,-67.8868],[-65.6975,-67.8779],[-65.6976,-67.8674],[-65.6611,-67.8719],[-65.6492,-67.8706],[-65.6444,-67.8602],[-65.6191,-67.8575],[-65.583,-67.8506],[-65.5549,-67.8467],[-65.5282,-67.8451],[-65.5313,-67.8386],[-65.5531,-67.833],[-65.5739,-67.8218],[-65.5674,-67.81],[-65.5521,-67.8074],[-65.5652,-67.8012],[-65.5723,-67.7894],[-65.5724,-67.7817],[-65.5825,-67.7657],[-65.5969,-67.7611],[-65.5905,-67.7458],[-65.578,-67.7398],[-65.5708,-67.7301],[-65.5409,-67.7338],[-65.5298,-67.7318],[-65.5142,-67.7232],[-65.4823,-67.7184],[-65.4767,-67.7123],[-65.4577,-67.7092],[-65.4213,-67.7109],[-65.3989,-67.707],[-65.3874,-67.7099],[-65.3652,-67.7102],[-65.3544,-67.6969],[-65.3675,-67.6841],[-65.3554,-67.683],[-65.3488,-67.6719],[-65.3216,-67.665],[-65.3333,-67.6574],[-65.3536,-67.6554],[-65.3643,-67.6501],[-65.3862,-67.6456],[-65.3946,-67.6408],[-65.4195,-67.6399],[-65.4188,-67.627],[-65.4029,-67.6257],[-65.3818,-67.6184],[-65.3848,-67.6134],[-65.4097,-67.6029],[-65.4484,-67.6001],[-65.4658,-67.5944],[-65.4932,-67.5971],[-65.5161,-67.5777],[-65.5288,-67.5756],[-65.543,-67.5793],[-65.5526,-67.5708],[-65.568,-67.5689],[-65.5754,-67.5612],[-65.5973,-67.5549],[-65.594,-67.5432],[-65.5996,-67.5404],[-65.5838,-67.5241],[-65.6219,-67.5141],[-65.635,-67.5027],[-65.6139,-67.4852],[-65.5858,-67.4819],[-65.5719,-67.478],[-65.5292,-67.4768],[-65.4975,-67.4746],[-65.4916,-67.4677],[-65.508,-67.455],[-65.5044,-67.4336],[-65.5086,-67.4176],[-65.5041,-67.4132],[-65.5121,-67.4009],[-65.4994,-67.397],[-65.503,-67.3909],[-65.5225,-67.3845],[-65.516,-67.3629],[-65.4848,-67.3611],[-65.4342,-67.3338],[-65.4346,-67.3104],[-65.4509,-67.3008],[-65.4249,-67.3005],[-65.3974,-67.2961],[-65.379,-67.3015],[-65.3776,-67.3359],[-65.3797,-67.3422],[-65.3711,-67.3524],[-65.3654,-67.372],[-65.3326,-67.3822],[-65.3419,-67.3863],[-65.3269,-67.397],[-65.3025,-67.3991],[-65.2671,-67.3975],[-65.2376,-67.4004],[-65.2144,-67.3978],[-65.198,-67.3927],[-65.2202,-67.3735],[-65.2133,-67.3549],[-65.1993,-67.3425],[-65.1702,-67.3336],[-65.1329,-67.3352],[-65.1257,-67.3437],[-65.114,-67.3491],[-65.1115,-67.359],[-65.1018,-67.3638],[-65.0633,-67.3622],[-65.0375,-67.3579],[-65.0259,-67.3515],[-65.0128,-67.3504],[-64.9857,-67.3363],[-64.9931,-67.332],[-65.0253,-67.3225],[-65.0186,-67.3098],[-64.9694,-67.3007],[-64.9514,-67.3022],[-64.936,-67.3098],[-64.9302,-67.3241],[-64.9179,-67.3291],[-64.8613,-67.3275],[-64.8401,-67.3288],[-64.8215,-67.324],[-64.796,-67.324],[-64.7916,-67.3209],[-64.7525,-67.3195],[-64.7546,-67.3011],[-64.7464,-67.2835],[-64.7576,-67.278],[-64.7594,-67.2691],[-64.7902,-67.2653],[-64.8022,-67.2595],[-64.8301,-67.2605],[-64.8532,-67.2566],[-64.8648,-67.2509],[-64.8942,-67.2441],[-64.9318,-67.2435],[-64.9564,-67.2411],[-64.9829,-67.2364],[-65.0018,-67.237],[-65.0195,-67.2329],[-65.028,-67.2171],[-65.0021,-67.2114],[-64.9818,-67.2106],[-64.9747,-67.1985],[-64.9319,-67.1996],[-64.9072,-67.1978],[-64.8861,-67.2025],[-64.8517,-67.1929],[-64.8593,-67.1797],[-64.8332,-67.1751],[-64.8071,-67.176],[-64.7633,-67.1679],[-64.73,-67.1569],[-64.6973,-67.1515],[-64.6923,-67.1462],[-64.7064,-67.1353],[-64.7314,-67.1242],[-64.7356,-67.1113],[-64.7245,-67.0995],[-64.729,-67.0976],[-64.7802,-67.0916],[-64.8231,-67.0918],[-64.8378,-67.1035],[-64.8513,-67.106],[-64.8715,-67.0936],[-64.8835,-67.0926],[-64.8974,-67.0854],[-64.8938,-67.0732],[-64.8976,-67.0674],[-64.9282,-67.0573],[-64.9791,-67.0367],[-64.9622,-67.0241],[-64.9445,-67.0234],[-64.9197,-67.0141],[-64.9212,-66.9995],[-64.9075,-66.9918],[-64.8886,-66.9885],[-64.8844,-66.9801],[-64.8691,-66.9799],[-64.8546,-66.9873],[-64.8205,-66.9923],[-64.801,-66.9923],[-64.7843,-66.9895],[-64.7553,-66.9901],[-64.7194,-66.987],[-64.6994,-66.9902],[-64.6846,-66.9877],[-64.6921,-66.976],[-64.6869,-66.9618],[-64.6927,-66.9505],[-64.693,-66.9345],[-64.7099,-66.9245],[-64.7274,-66.9097],[-64.7341,-66.9002],[-64.738,-66.8855],[-64.7302,-66.8764],[-64.7095,-66.8734],[-64.6993,-66.8672],[-64.7175,-66.8525],[-64.7482,-66.8407],[-64.7358,-66.8366],[-64.6954,-66.8326],[-64.6785,-66.8285],[-64.6623,-66.8189],[-64.6504,-66.8186],[-64.6337,-66.8266],[-64.6083,-66.8241],[-64.5857,-66.8171],[-64.5739,-66.8089],[-64.5667,-66.7965],[-64.5632,-66.7749],[-64.5427,-66.7567],[-64.5308,-66.7572],[-64.5244,-66.771],[-64.5152,-66.7824],[-64.5163,-66.8092],[-64.5335,-66.839],[-64.5433,-66.85],[-64.5507,-66.8659],[-64.5516,-66.875],[-64.5448,-66.8878],[-64.5171,-66.8992],[-64.469,-66.9029],[-64.4518,-66.8953],[-64.4373,-66.8934],[-64.4134,-66.8966],[-64.3989,-66.9088],[-64.3716,-66.9141],[-64.3567,-66.9106],[-64.3552,-66.8987],[-64.3414,-66.8883],[-64.3308,-66.8626],[-64.3183,-66.8527],[-64.3106,-66.8365],[-64.288,-66.8452],[-64.2696,-66.8454],[-64.2396,-66.8538],[-64.231,-66.8632],[-64.2259,-66.8757],[-64.1866,-66.8829],[-64.1694,-66.8928],[-64.1699,-66.899],[-64.1462,-66.906],[-64.1253,-66.9261],[-64.1101,-66.9357],[-64.0978,-66.9374],[-64.0552,-66.9366],[-64.0345,-66.9342],[-64.0203,-66.9366],[-63.9809,-66.9297],[-63.9123,-66.9246],[-63.8844,-66.9254],[-63.8393,-66.9242],[-63.8226,-66.9199],[-63.8108,-66.9134],[-63.781,-66.9104],[-63.7418,-66.9022],[-63.7289,-66.8941],[-63.7208,-66.8692],[-63.7118,-66.857],[-63.715,-66.8471],[-63.748,-66.8248],[-63.7668,-66.8084],[-63.7617,-66.7982],[-63.7429,-66.7931],[-63.7632,-66.7846],[-63.7702,-66.772],[-63.788,-66.7663],[-63.8154,-66.7517],[-63.8284,-66.7385],[-63.8639,-66.7272],[-63.905,-66.7198],[-63.9188,-66.7087],[-63.9177,-66.7042],[-63.9484,-66.6985],[-63.9589,-66.7026],[-64.0241,-66.6935],[-64.0568,-66.6879],[-64.0897,-66.6899],[-64.123,-66.6888],[-64.1278,-66.6822],[-64.1156,-66.67],[-64.1467,-66.6479],[-64.1322,-66.6394],[-64.1201,-66.6283],[-64.0928,-66.6316],[-64.07,-66.6288],[-64.069,-66.6197],[-64.0833,-66.5915],[-64.0779,-66.5764],[-64.0591,-66.5672],[-64.0243,-66.5652],[-64.0088,-66.5613],[-63.9985,-66.5628],[-63.9776,-66.5751],[-63.953,-66.596],[-63.9389,-66.6029],[-63.907,-66.605],[-63.8965,-66.6022],[-63.866,-66.6004],[-63.847,-66.6049],[-63.8213,-66.6065],[-63.8082,-66.6041],[-63.7937,-66.5957],[-63.8143,-66.5762],[-63.8184,-66.5632],[-63.8377,-66.5451],[-63.8174,-66.5405],[-63.8096,-66.5296],[-63.8179,-66.524],[-63.8674,-66.5163],[-63.9101,-66.5056],[-63.9291,-66.4964],[-63.9337,-66.4862],[-63.9281,-66.4824],[-63.9061,-66.4781],[-63.8861,-66.477],[-63.8735,-66.4725],[-63.8768,-66.462],[-63.8851,-66.4578],[-63.8859,-66.4499],[-63.8659,-66.4431],[-63.8396,-66.4405],[-63.7984,-66.4396],[-63.774,-66.4406],[-63.7774,-66.4352],[-63.8254,-66.4282],[-63.8703,-66.4148],[-63.8883,-66.4113],[-63.8882,-66.4074],[-63.8708,-66.3981],[-63.869,-66.3852],[-63.8481,-66.381],[-63.7696,-66.3812],[-63.7444,-66.3798],[-63.6929,-66.379],[-63.6561,-66.3814],[-63.6479,-66.3849],[-63.6311,-66.385],[-63.6104,-66.3909],[-63.5638,-66.399],[-63.5553,-66.3931],[-63.567,-66.3794],[-63.5715,-66.3629],[-63.5884,-66.3481],[-63.6408,-66.3352],[-63.6727,-66.3321],[-63.7516,-66.3351],[-63.7698,-66.3334],[-63.7746,-66.3247],[-63.7028,-66.3146],[-63.6789,-66.3058],[-63.6893,-66.3027],[-63.7611,-66.301],[-63.7699,-66.2944],[-63.7737,-66.2847],[-63.7695,-66.281],[-63.7466,-66.2745],[-63.7256,-66.2742],[-63.698,-66.27],[-63.6628,-66.2721],[-63.6577,-66.2695],[-63.672,-66.2598],[-63.6871,-66.2539],[-63.7249,-66.2477],[-63.7676,-66.2451],[-63.7843,-66.24],[-63.7811,-66.2343],[-63.757,-66.2356],[-63.7345,-66.2303],[-63.7351,-66.226],[-63.754,-66.2152],[-63.7927,-66.2042],[-63.8019,-66.1975],[-63.7895,-66.19],[-63.7479,-66.1935],[-63.7188,-66.2011],[-63.6816,-66.2139],[-63.662,-66.2166],[-63.6298,-66.2179],[-63.6103,-66.2145],[-63.596,-66.2082],[-63.5595,-66.2047],[-63.5426,-66.208],[-63.5317,-66.2158],[-63.5072,-66.2279],[-63.4815,-66.2315],[-63.445,-66.2431],[-63.4343,-66.2489],[-63.4018,-66.2557],[-63.3943,-66.2588],[-63.3533,-66.2584],[-63.3322,-66.2676],[-63.3094,-66.271],[-63.2846,-66.2526],[-63.2581,-66.2529],[-63.2545,-66.261],[-63.2429,-66.2655],[-63.2147,-66.2686],[-63.1998,-66.2722],[-63.1955,-66.2784],[-63.1993,-66.292],[-63.1907,-66.3014],[-63.1919,-66.3101],[-63.1799,-66.3176],[-63.184,-66.3219],[-63.1464,-66.357],[-63.1301,-66.363],[-63.0857,-66.3896],[-63.0473,-66.4085],[-63.0233,-66.4147],[-63.0091,-66.4236],[-63.0084,-66.429],[-62.9859,-66.4344],[-62.9757,-66.4562],[-62.9632,-66.4615],[-62.922,-66.4667],[-62.8959,-66.4781],[-62.8583,-66.5078],[-62.8409,-66.5282],[-62.836,-66.5386],[-62.8474,-66.5533],[-62.8441,-66.5802],[-62.8332,-66.593],[-62.807,-66.5985],[-62.7849,-66.6117],[-62.7843,-66.6268],[-62.8013,-66.6463],[-62.7956,-66.6551],[-62.7742,-66.6694],[-62.7491,-66.6759],[-62.7216,-66.694],[-62.6973,-66.7067],[-62.6748,-66.7118],[-62.6621,-66.7213],[-62.6595,-66.7281],[-62.6463,-66.7392],[-62.6221,-66.7433],[-62.6105,-66.7351],[-62.6071,-66.7281],[-62.5666,-66.7202],[-62.5398,-66.7199],[-62.5116,-66.7152],[-62.489,-66.7054],[-62.4671,-66.7005],[-62.4627,-66.6902],[-62.4527,-66.6804],[-62.4635,-66.6714],[-62.453,-66.6637],[-62.4337,-66.6592],[-62.4273,-66.6524],[-62.4406,-66.6449],[-62.4723,-66.6488],[-62.5051,-66.6628],[-62.5357,-66.6663],[-62.558,-66.665],[-62.5777,-66.6552],[-62.5592,-66.6415],[-62.557,-66.6282],[-62.5486,-66.6203],[-62.5185,-66.6027],[-62.5232,-66.594],[-62.5591,-66.59],[-62.5918,-66.5918],[-62.6319,-66.5997],[-62.6487,-66.5934],[-62.671,-66.5909],[-62.6869,-66.5859],[-62.7099,-66.5843],[-62.7234,-66.5798],[-62.7303,-66.5615],[-62.729,-66.5446],[-62.7254,-66.5383],[-62.7321,-66.5326],[-62.7073,-66.5169],[-62.6839,-66.5145],[-62.671,-66.5064],[-62.654,-66.5061],[-62.6402,-66.5019],[-62.6207,-66.4996],[-62.6002,-66.4939],[-62.5573,-66.4918],[-62.5375,-66.485],[-62.5216,-66.4842],[-62.5165,-66.4797],[-62.5245,-66.4664],[-62.5327,-66.4257],[-62.5451,-66.4165],[-62.5621,-66.4086],[-62.5666,-66.3988],[-62.5869,-66.3894],[-62.6468,-66.3795],[-62.6555,-66.3704],[-62.6766,-66.3645],[-62.7097,-66.3627],[-62.7183,-66.3492],[-62.7205,-66.3377],[-62.751,-66.3277],[-62.757,-66.3231],[-62.7469,-66.3049],[-62.7621,-66.2942],[-62.7499,-66.2864],[-62.72,-66.2824],[-62.7286,-66.2691],[-62.6935,-66.2677],[-62.6993,-66.263],[-62.719,-66.2609],[-62.7307,-66.2544],[-62.7179,-66.2461],[-62.7041,-66.2441],[-62.6755,-66.2473],[-62.6498,-66.2456],[-62.5995,-66.2508],[-62.5806,-66.2478],[-62.5479,-66.2501],[-62.5407,-66.2416],[-62.5262,-66.2404],[-62.5027,-66.2333],[-62.5177,-66.2135],[-62.5125,-66.2114],[-62.4828,-66.2133],[-62.4601,-66.2116],[-62.4422,-66.1959],[-62.4487,-66.1902],[-62.4221,-66.1834],[-62.4089,-66.1867],[-62.3977,-66.1943],[-62.3801,-66.1979],[-62.3661,-66.1883],[-62.3238,-66.1877],[-62.3073,-66.1934],[-62.2847,-66.1919],[-62.272,-66.1841],[-62.2367,-66.1787],[-62.2271,-66.1751],[-62.2156,-66.1796],[-62.1887,-66.1836],[-62.1743,-66.1929],[-62.1367,-66.2122],[-62.1092,-66.2172],[-62.0783,-66.2165],[-62.0628,-66.2113],[-62.0629,-66.2058],[-62.0458,-66.2024],[-62.0168,-66.2041],[-62.0045,-66.2082],[-61.9708,-66.2091],[-61.9543,-66.2168],[-61.9572,-66.2273],[-61.9556,-66.2405],[-61.9663,-66.25],[-61.9863,-66.2579],[-61.9884,-66.264],[-61.9815,-66.2713],[-61.9594,-66.2833],[-61.9336,-66.3105],[-61.9257,-66.315],[-61.8913,-66.3233],[-61.8728,-66.3461],[-61.8693,-66.3663],[-61.856,-66.3803],[-61.8511,-66.4025],[-61.8565,-66.4174],[-61.8507,-66.4235],[-61.8474,-66.4396],[-61.8361,-66.4544],[-61.8162,-66.4663],[-61.7737,-66.4751],[-61.7598,-66.476],[-61.7024,-66.4691],[-61.7021,-66.461],[-61.6844,-66.446],[-61.6885,-66.4385],[-61.6775,-66.4327],[-61.6813,-66.414],[-61.6621,-66.4005],[-61.6703,-66.3905],[-61.6888,-66.384],[-61.7047,-66.3737],[-61.7204,-66.3585],[-61.7148,-66.3524],[-61.6947,-66.3447],[-61.6788,-66.3318],[-61.6744,-66.324],[-61.6867,-66.3063],[-61.7218,-66.2878],[-61.7333,-66.278],[-61.7381,-66.2686],[-61.742,-66.2367],[-61.7239,-66.2284],[-61.6927,-66.2264],[-61.6727,-66.2278],[-61.652,-66.2329],[-61.6393,-66.2328],[-61.5939,-66.2208],[-61.56,-66.2316],[-61.5428,-66.2458],[-61.5306,-66.2521],[-61.5045,-66.2616],[-61.4905,-66.2606],[-61.4943,-66.241],[-61.5031,-66.2278],[-61.4916,-66.2034],[-61.4922,-66.1893],[-61.4887,-66.1817],[-61.4943,-66.1656],[-61.4824,-66.1652],[-61.4659,-66.1702],[-61.4382,-66.161],[-61.421,-66.1673],[-61.4102,-66.1657],[-61.4088,-66.1582],[-61.3982,-66.1568],[-61.3748,-66.1637],[-61.3646,-66.1724],[-61.3414,-66.1643],[-61.3351,-66.1543],[-61.3136,-66.1558],[-61.2961,-66.1518],[-61.2844,-66.1582],[-61.2713,-66.1609],[-61.2568,-66.158],[-61.245,-66.1613],[-61.2198,-66.1737],[-61.201,-66.1761],[-61.1754,-66.1848],[-61.1714,-66.1919],[-61.1521,-66.2121],[-61.1347,-66.2253],[-61.1349,-66.2303],[-61.1485,-66.2502],[-61.1626,-66.2629],[-61.1823,-66.2657],[-61.1736,-66.2828],[-61.1762,-66.2984],[-61.1696,-66.3068],[-61.149,-66.3211],[-61.1456,-66.3379],[-61.1301,-66.3479],[-61.1187,-66.3517],[-61.0656,-66.3536],[-60.9867,-66.3495],[-60.9779,-66.3415],[-60.9893,-66.3229],[-60.9864,-66.3169],[-61.009,-66.296],[-61.0072,-66.2886],[-60.9924,-66.2785],[-60.9661,-66.2769],[-60.9649,-66.2715],[-60.9314,-66.2759],[-60.92,-66.2624],[-60.9087,-66.2619],[-60.902,-66.2434],[-60.9156,-66.2388],[-60.9139,-66.2254],[-60.8944,-66.2145],[-60.8817,-66.1987],[-60.8808,-66.1853],[-60.8919,-66.1758],[-60.9057,-66.1699],[-60.9451,-66.1657],[-60.9769,-66.1561],[-61.016,-66.1316],[-61.0332,-66.1265],[-61.0451,-66.1185],[-61.0336,-66.1027],[-61.0471,-66.0933],[-61.0473,-66.0882],[-61.0325,-66.0835],[-61.0279,-66.0781],[-61.0078,-66.0763],[-61,-66.0726],[-60.9817,-66.0735],[-60.9416,-66.0825],[-60.9263,-66.0789],[-60.9206,-66.0595],[-60.926,-66.0488],[-60.9227,-66.0382],[-60.8954,-66.0414],[-60.8626,-66.0503],[-60.8465,-66.0618],[-60.8236,-66.0697],[-60.8114,-66.0924],[-60.7975,-66.0978],[-60.7778,-66.1138],[-60.7734,-66.1253],[-60.7617,-66.1324],[-60.7414,-66.1321],[-60.7222,-66.1354],[-60.7019,-66.1335],[-60.6888,-66.1244],[-60.704,-66.1135],[-60.6921,-66.1064],[-60.6897,-66.0897],[-60.7001,-66.0839],[-60.7015,-66.0712],[-60.7067,-66.0604],[-60.7006,-66.0567],[-60.7089,-66.0464],[-60.702,-66.0393],[-60.6757,-66.0445],[-60.6582,-66.0553],[-60.6434,-66.0592],[-60.6173,-66.0612],[-60.59,-66.0501],[-60.6058,-66.0401],[-60.5958,-66.0289],[-60.5722,-66.0204],[-60.5502,-66.0151],[-60.5695,-65.994],[-60.562,-65.9904],[-60.5605,-65.9803],[-60.538,-65.9744],[-60.545,-65.9674],[-60.5341,-65.9623],[-60.5527,-65.9546],[-60.5619,-65.9462],[-60.5759,-65.94],[-60.6028,-65.9363],[-60.6172,-65.9372],[-60.6445,-65.9433],[-60.6992,-65.9384],[-60.7277,-65.9321],[-60.7609,-65.9293],[-60.7796,-65.9224],[-60.808,-65.9203],[-60.8281,-65.9309],[-60.8476,-65.9362],[-60.892,-65.9411],[-60.9136,-65.9311],[-60.9244,-65.929],[-60.9268,-65.9214],[-60.9402,-65.9191],[-60.9623,-65.9207],[-60.9827,-65.9136],[-61.0163,-65.9139],[-61.0349,-65.9201],[-61.0379,-65.9253],[-61.0339,-65.9366],[-61.0211,-65.9429],[-61.0091,-65.9649],[-61.0168,-65.9776],[-61.0131,-65.9835],[-61.0163,-66.0055],[-61.0231,-66.0222],[-61.0219,-66.0344],[-61.0547,-66.0396],[-61.0701,-66.0481],[-61.0883,-66.0441],[-61.097,-66.0315],[-61.0941,-66.0234],[-61.0976,-66.0107],[-61.1138,-65.9917],[-61.1234,-65.9726],[-61.1403,-65.9631],[-61.1809,-65.9565],[-61.2267,-65.9314],[-61.2399,-65.9173],[-61.2664,-65.9199],[-61.2971,-65.9186],[-61.3456,-65.9195],[-61.3614,-65.9232],[-61.3707,-65.9297],[-61.3765,-65.9569],[-61.3684,-65.9642],[-61.3425,-65.9742],[-61.3242,-65.9852],[-61.316,-65.9975],[-61.3253,-66.0077],[-61.3181,-66.0284],[-61.3248,-66.0478],[-61.3196,-66.0587],[-61.3241,-66.0722],[-61.3145,-66.0806],[-61.3139,-66.0874],[-61.3265,-66.091],[-61.3478,-66.087],[-61.3601,-66.0759],[-61.3904,-66.0677],[-61.4209,-66.0635],[-61.4465,-66.0553],[-61.4759,-66.0384],[-61.4895,-66.0335],[-61.523,-66.0359],[-61.5462,-66.0317],[-61.5659,-66.0192],[-61.5806,-66.0159],[-61.6329,-66.0154],[-61.645,-66.0261],[-61.6543,-66.0535],[-61.6803,-66.0622],[-61.6994,-66.0633],[-61.7084,-66.069],[-61.7085,-66.0816],[-61.7362,-66.0829],[-61.7874,-66.0919],[-61.8087,-66.0973],[-61.8132,-66.1168],[-61.836,-66.1223],[-61.846,-66.1275],[-61.8676,-66.1309],[-61.9164,-66.132],[-61.9241,-66.1309],[-61.9493,-66.1192],[-61.9758,-66.1169],[-62.0017,-66.1165],[-62.0586,-66.1003],[-62.0704,-66.0922],[-62.0952,-66.0837],[-62.1309,-66.0751],[-62.1637,-66.0589],[-62.2006,-66.0365],[-62.2393,-66.0212],[-62.2657,-65.9994],[-62.2733,-65.9793],[-62.2718,-65.9613],[-62.2581,-65.9487],[-62.2613,-65.9431],[-62.3089,-65.939],[-62.3219,-65.9351],[-62.3633,-65.9378],[-62.3832,-65.9279],[-62.3705,-65.9117],[-62.3778,-65.9071],[-62.3956,-65.905],[-62.3936,-65.8955],[-62.3996,-65.8917],[-62.4006,-65.8812],[-62.417,-65.8686],[-62.4054,-65.8622],[-62.4146,-65.8541],[-62.3918,-65.849],[-62.387,-65.841],[-62.3714,-65.834],[-62.3602,-65.8195],[-62.3759,-65.809],[-62.3745,-65.803],[-62.3345,-65.7987],[-62.3319,-65.7784],[-62.3115,-65.776],[-62.2775,-65.7764],[-62.2457,-65.7679],[-62.2241,-65.7508],[-62.2039,-65.7486],[-62.1931,-65.7441],[-62.1835,-65.7352],[-62.1741,-65.7335],[-62.1481,-65.7349],[-62.1201,-65.7262],[-62.11,-65.717],[-62.1199,-65.7089],[-62.1028,-65.7021],[-62.0839,-65.704],[-62.0692,-65.7026],[-62.0576,-65.6947],[-62.0698,-65.6863],[-62.0505,-65.6834],[-62.0513,-65.6764],[-62.0426,-65.6637],[-62.0607,-65.6572],[-62.0576,-65.6461],[-62.0636,-65.6333],[-62.0838,-65.6297],[-62.0768,-65.6186],[-62.0913,-65.6113],[-62.0914,-65.6053],[-62.0789,-65.5987],[-62.0574,-65.5976],[-62.0498,-65.5922],[-62.0342,-65.5883],[-62.0108,-65.5908],[-61.9699,-65.5784],[-61.9699,-65.5729],[-61.9547,-65.5707],[-61.9429,-65.5643],[-61.924,-65.5646],[-61.9049,-65.5753],[-61.9015,-65.5857],[-61.8759,-65.594],[-61.8693,-65.586],[-61.8484,-65.5747],[-61.8115,-65.5729],[-61.7791,-65.578],[-61.7631,-65.5718],[-61.7335,-65.5685],[-61.7313,-65.5632],[-61.7122,-65.5588],[-61.7144,-65.5522],[-61.7051,-65.5485],[-61.6987,-65.5374],[-61.7052,-65.5251],[-61.7221,-65.525],[-61.7756,-65.5349],[-61.8153,-65.5311],[-61.8343,-65.5336],[-61.8725,-65.5459],[-61.9004,-65.5492],[-61.9399,-65.5363],[-61.9422,-65.5243],[-61.9531,-65.5191],[-61.9525,-65.5086],[-61.9375,-65.4986],[-61.9597,-65.4951],[-61.9692,-65.4889],[-61.9988,-65.4899],[-62.0069,-65.4834],[-62.0234,-65.483],[-62.0393,-65.4777],[-62.0766,-65.4697],[-62.0799,-65.4659],[-62.1436,-65.4642],[-62.1892,-65.4668],[-62.2083,-65.4601],[-62.2052,-65.4494],[-62.1735,-65.4442],[-62.1187,-65.4315],[-62.1019,-65.4239],[-62.1195,-65.4168],[-62.1305,-65.417],[-62.1476,-65.4116],[-62.1551,-65.4046],[-62.1531,-65.3983],[-62.1361,-65.3907],[-62.0941,-65.3867],[-62.0498,-65.3919],[-62.0084,-65.3886],[-62.0037,-65.3837],[-62.0123,-65.3782],[-62.073,-65.366],[-62.0935,-65.3546],[-62.138,-65.3527],[-62.1784,-65.3524],[-62.2107,-65.3541],[-62.2284,-65.3503],[-62.257,-65.3484],[-62.2735,-65.3447],[-62.2955,-65.3443],[-62.3163,-65.3478],[-62.333,-65.3445],[-62.3423,-65.3327],[-62.3337,-65.3206],[-62.2778,-65.3119],[-62.2468,-65.3102],[-62.2351,-65.3022],[-62.2193,-65.2985],[-62.2007,-65.2996],[-62.1729,-65.2969],[-62.1437,-65.2976],[-62.1016,-65.2908],[-62.1054,-65.2842],[-62.0946,-65.2763],[-62.0945,-65.2708],[-62.081,-65.2663],[-62.049,-65.2667],[-62.0218,-65.2636],[-62.0112,-65.2565],[-62.0292,-65.2474],[-62.0704,-65.239],[-62.0897,-65.2313],[-62.1144,-65.2284],[-62.1469,-65.2197],[-62.1523,-65.2156],[-62.155,-65.2029],[-62.1311,-65.1966],[-62.1361,-65.1894],[-62.1335,-65.1803],[-62.1172,-65.1747],[-62.1057,-65.1753],[-62.0838,-65.1815],[-62.06,-65.1977],[-62.0416,-65.2007],[-61.9813,-65.2032],[-61.9733,-65.1912],[-61.9751,-65.1836],[-61.9559,-65.1772],[-61.9346,-65.1796],[-61.9172,-65.1866],[-61.9127,-65.1938],[-61.8861,-65.2066],[-61.8722,-65.2111],[-61.8511,-65.2096],[-61.8436,-65.2139],[-61.8402,-65.2275],[-61.8099,-65.2432],[-61.7896,-65.2453],[-61.7737,-65.2408],[-61.7528,-65.2386],[-61.723,-65.2385],[-61.7074,-65.2418],[-61.6751,-65.242],[-61.6511,-65.2461],[-61.6327,-65.2452],[-61.6175,-65.2403],[-61.6029,-65.2404],[-61.595,-65.2276],[-61.5904,-65.2003],[-61.6452,-65.1917],[-61.6557,-65.1847],[-61.6545,-65.1789],[-61.6341,-65.1738],[-61.5901,-65.171],[-61.5807,-65.1639],[-61.5561,-65.1613],[-61.5688,-65.151],[-61.5787,-65.1389],[-61.5687,-65.1272],[-61.5803,-65.121],[-61.6053,-65.1257],[-61.6722,-65.1353],[-61.6945,-65.1407],[-61.726,-65.1395],[-61.7519,-65.1332],[-61.7792,-65.1296],[-61.7952,-65.1318],[-61.8123,-65.121],[-61.8075,-65.11],[-61.8107,-65.0969],[-61.8359,-65.0884],[-61.8382,-65.0734],[-61.825,-65.0637],[-61.7979,-65.0569],[-61.7754,-65.0601],[-61.764,-65.0579],[-61.7579,-65.0518],[-61.7694,-65.0429],[-61.7708,-65.0309],[-61.7842,-65.026],[-61.7698,-65.0168],[-61.7684,-65.0015],[-61.7708,-64.9799],[-61.768,-64.971],[-61.7813,-64.9629],[-61.7853,-64.9399],[-61.7777,-64.9299],[-61.7437,-64.9178],[-61.7511,-64.9102],[-61.7556,-64.8954],[-61.7665,-64.8863],[-61.7654,-64.8755],[-61.7585,-64.8699],[-61.6993,-64.8563],[-61.6758,-64.8553],[-61.6546,-64.865],[-61.6389,-64.8692],[-61.6246,-64.8762],[-61.6204,-64.8881],[-61.6117,-64.8978],[-61.5919,-64.9051],[-61.5896,-64.9141],[-61.5806,-64.9217],[-61.5651,-64.9245],[-61.5459,-64.9325],[-61.544,-64.9428],[-61.5274,-64.9519],[-61.5266,-64.961],[-61.5341,-64.9759],[-61.5193,-64.9859],[-61.4874,-64.9947],[-61.4796,-64.9875],[-61.4664,-64.9833],[-61.4507,-64.9842],[-61.4395,-64.9905],[-61.4099,-64.9912],[-61.4048,-64.9972],[-61.4185,-65.0114],[-61.4159,-65.0224],[-61.402,-65.0372],[-61.3924,-65.0509],[-61.3794,-65.0482],[-61.3548,-65.0485],[-61.3262,-65.0442],[-61.306,-65.0349],[-61.2647,-65.0216],[-61.2572,-65.0149],[-61.2136,-65.0022],[-61.2,-64.9933],[-61.1905,-64.9919],[-61.1791,-64.9826],[-61.1563,-64.9804],[-61.1358,-64.9832],[-61.1289,-64.9877],[-61.1257,-65.0001],[-61.112,-65.0045],[-61.1047,-65.0215],[-61.1081,-65.0251],[-61.0942,-65.0376],[-61.0679,-65.0342],[-61.0431,-65.0245],[-61.016,-65.0038],[-61.0036,-64.9908],[-61.0009,-64.9804],[-61.0144,-64.9711],[-61.0036,-64.9631],[-61.003,-64.9557],[-60.9788,-64.947],[-60.9753,-64.9374],[-60.9676,-64.9334],[-60.934,-64.9289],[-60.9259,-64.924],[-60.9216,-64.9128],[-60.8977,-64.9057],[-60.8808,-64.8931],[-60.874,-64.8706],[-60.8622,-64.8635],[-60.8508,-64.8624],[-60.8328,-64.8562],[-60.8361,-64.8494],[-60.8205,-64.8439],[-60.8026,-64.8421],[-60.7942,-64.8337],[-60.77,-64.8327],[-60.76,-64.8266],[-60.7661,-64.8189],[-60.7198,-64.8029],[-60.7234,-64.7936],[-60.6975,-64.787],[-60.7118,-64.7774],[-60.7393,-64.7665],[-60.7732,-64.7496],[-60.7744,-64.7382],[-60.7652,-64.7318],[-60.7594,-64.7217],[-60.7509,-64.7163],[-60.7194,-64.7146],[-60.6816,-64.7049],[-60.6557,-64.7022],[-60.6171,-64.703],[-60.5872,-64.6974],[-60.57,-64.6853],[-60.5271,-64.6771],[-60.4936,-64.6688],[-60.4822,-64.6624],[-60.4909,-64.6548],[-60.484,-64.6475],[-60.4743,-64.6451],[-60.4627,-64.6267],[-60.4477,-64.6219],[-60.4323,-64.6214],[-60.4164,-64.6291],[-60.4069,-64.6528],[-60.3717,-64.6552],[-60.3588,-64.6533],[-60.36,-64.6467],[-60.3519,-64.6337],[-60.3526,-64.6272],[-60.3614,-64.6155],[-60.3776,-64.6121],[-60.3937,-64.6148],[-60.4295,-64.6139],[-60.4583,-64.6098],[-60.5014,-64.6066],[-60.5158,-64.6001],[-60.5141,-64.5889],[-60.4904,-64.5828],[-60.4667,-64.5797],[-60.4746,-64.5718],[-60.4638,-64.5673],[-60.446,-64.5691],[-60.432,-64.5757],[-60.417,-64.5766],[-60.3964,-64.5731],[-60.3878,-64.561],[-60.4006,-64.5526],[-60.3884,-64.5411],[-60.3476,-64.5437],[-60.3379,-64.5345],[-60.3261,-64.5311],[-60.3034,-64.5309],[-60.2945,-64.5358],[-60.2982,-64.5579],[-60.2795,-64.569],[-60.2626,-64.574],[-60.2436,-64.5697],[-60.2441,-64.5415],[-60.2524,-64.5281],[-60.2505,-64.5212],[-60.2418,-64.5173],[-60.2095,-64.5135],[-60.1493,-64.5093],[-60.1204,-64.4982],[-60.098,-64.497],[-60.0812,-64.4856],[-60.0707,-64.4828],[-60.0277,-64.4778],[-60.0131,-64.4668],[-60.0031,-64.4629],[-59.9933,-64.4527],[-59.9749,-64.444],[-59.9759,-64.4362],[-59.9952,-64.4252],[-60.0201,-64.4025],[-60.0421,-64.3968],[-60.0589,-64.3959],[-60.0781,-64.3819],[-60.0683,-64.3734],[-60.0484,-64.3722],[-60.0244,-64.3657],[-59.9838,-64.3604],[-59.9582,-64.3405],[-59.9484,-64.3385],[-59.9206,-64.3259],[-59.9014,-64.3256],[-59.8788,-64.3316],[-59.8684,-64.3391],[-59.8669,-64.3541],[-59.8847,-64.3682],[-59.8822,-64.3828],[-59.8917,-64.3899],[-59.8787,-64.4043],[-59.8513,-64.4139],[-59.8519,-64.4188],[-59.7986,-64.4199],[-59.7896,-64.4083],[-59.7767,-64.4053],[-59.7446,-64.4123],[-59.7326,-64.4201],[-59.7356,-64.4286],[-59.7617,-64.4463],[-59.7622,-64.4509],[-59.7508,-64.4588],[-59.7563,-64.4646],[-59.7544,-64.473],[-59.7451,-64.4793],[-59.7513,-64.4856],[-59.7404,-64.4915],[-59.7417,-64.4962],[-59.7692,-64.53],[-59.7613,-64.5325],[-59.7635,-64.5483],[-59.7797,-64.5611],[-59.774,-64.569],[-59.7542,-64.5726],[-59.7273,-64.5723],[-59.7033,-64.5798],[-59.6805,-64.5844],[-59.6635,-64.5984],[-59.6481,-64.6017],[-59.6237,-64.5987],[-59.5898,-64.5976],[-59.5865,-64.5889],[-59.5546,-64.5813],[-59.5496,-64.5771],[-59.5581,-64.5682],[-59.5455,-64.5522],[-59.5488,-64.5412],[-59.5603,-64.5259],[-59.5934,-64.5105],[-59.6232,-64.5077],[-59.6359,-64.4999],[-59.6377,-64.4941],[-59.6196,-64.4805],[-59.6111,-64.4784],[-59.6082,-64.4591],[-59.6093,-64.4448],[-59.6265,-64.4233],[-59.6625,-64.4152],[-59.6781,-64.4055],[-59.6737,-64.3967],[-59.6609,-64.3923],[-59.6303,-64.3936],[-59.6102,-64.3836],[-59.6041,-64.3744],[-59.5922,-64.3697],[-59.5855,-64.3528],[-59.5678,-64.3379],[-59.5486,-64.3353],[-59.5322,-64.3294],[-59.5249,-64.3216],[-59.4909,-64.3083],[-59.4585,-64.3071],[-59.4485,-64.3137],[-59.4526,-64.3234],[-59.4156,-64.322],[-59.3988,-64.3259],[-59.3877,-64.3328],[-59.3856,-64.339],[-59.4011,-64.3511],[-59.4025,-64.3576],[-59.3884,-64.3625],[-59.3805,-64.3786],[-59.3834,-64.3828],[-59.3747,-64.3935],[-59.3696,-64.4128],[-59.3727,-64.4237],[-59.3489,-64.4236],[-59.3393,-64.4304],[-59.3451,-64.4356],[-59.3217,-64.4439],[-59.2776,-64.4552],[-59.2735,-64.459],[-59.2386,-64.4638],[-59.2155,-64.4621],[-59.1892,-64.4721],[-59.1695,-64.4722],[-59.1542,-64.4683],[-59.1417,-64.4618],[-59.1232,-64.4573],[-59.11,-64.447],[-59.0888,-64.4504],[-59.0697,-64.4503],[-59.0651,-64.4377],[-59.0397,-64.4269],[-59.012,-64.4234],[-58.9961,-64.4255],[-58.9888,-64.4317],[-58.9849,-64.4519],[-58.9869,-64.4632],[-58.9839,-64.4762],[-58.9879,-64.4832],[-59.0101,-64.4936],[-59.0112,-64.4994],[-58.9945,-64.5162],[-58.9468,-64.5116],[-58.9247,-64.5197],[-58.92,-64.5265],[-58.9299,-64.5375],[-58.9257,-64.5458],[-58.8765,-64.5515],[-58.8516,-64.5583],[-58.8241,-64.5592],[-58.8078,-64.5551],[-58.806,-64.5418],[-58.7921,-64.5389],[-58.7757,-64.5204],[-58.7793,-64.5166],[-58.7679,-64.5081],[-58.7611,-64.4983],[-58.759,-64.4819],[-58.7648,-64.4633],[-58.7742,-64.4533],[-58.769,-64.4406],[-58.7779,-64.4306],[-58.7782,-64.4224],[-58.7931,-64.4137],[-58.8072,-64.4108],[-58.8325,-64.4166],[-58.8466,-64.417],[-58.8746,-64.425],[-58.8856,-64.4206],[-58.915,-64.4193],[-58.9358,-64.4099],[-58.9277,-64.4015],[-58.9074,-64.3944],[-58.9114,-64.3884],[-58.9367,-64.3793],[-58.9409,-64.3661],[-58.93,-64.3605],[-58.9038,-64.3513],[-58.8888,-64.3506],[-58.8529,-64.3432],[-58.809,-64.3391],[-58.7594,-64.3317],[-58.7532,-64.3297],[-58.7511,-64.3201],[-58.7436,-64.3125],[-58.7522,-64.293],[-58.7677,-64.2831],[-58.8015,-64.2802],[-58.8151,-64.2813],[-58.8571,-64.273],[-58.881,-64.2705],[-58.917,-64.2725],[-58.9348,-64.2704],[-58.9484,-64.2659],[-58.9707,-64.2632],[-58.9974,-64.262],[-59.0278,-64.2633],[-59.065,-64.2577],[-59.096,-64.258],[-59.1304,-64.2494],[-59.1359,-64.2447],[-59.1565,-64.242],[-59.1809,-64.2423],[-59.1895,-64.2392],[-59.1953,-64.2281],[-59.1917,-64.2188],[-59.1763,-64.2138],[-59.1451,-64.2158],[-59.1083,-64.2165],[-59.0642,-64.2154],[-59.066,-64.1982],[-59.0715,-64.1849],[-59.0666,-64.1761],[-59.0505,-64.1742],[-59.0462,-64.1652],[-59.028,-64.1597],[-59.0108,-64.167],[-58.9997,-64.1807],[-58.9977,-64.1909],[-58.988,-64.1998],[-58.9576,-64.2073],[-58.9351,-64.2067],[-58.9154,-64.2015],[-58.9042,-64.2012],[-58.893,-64.2112],[-58.8681,-64.2186],[-58.809,-64.2165],[-58.8144,-64.2094],[-58.8141,-64.2],[-58.7995,-64.1962],[-58.8192,-64.1781],[-58.8126,-64.1691],[-58.7968,-64.1559],[-58.7852,-64.1389],[-58.7596,-64.1281],[-58.7581,-64.1219],[-58.7464,-64.1118],[-58.7329,-64.1079],[-58.7102,-64.1047],[-58.6975,-64.0962],[-58.7062,-64.091],[-58.7107,-64.0807],[-58.7346,-64.0606],[-58.7294,-64.0483],[-58.7204,-64.045],[-58.7233,-64.0312],[-58.7186,-64.0191],[-58.7002,-64.0035],[-58.7107,-63.9911],[-58.6958,-63.9845],[-58.6879,-63.9743],[-58.6633,-63.9651],[-58.6438,-63.946],[-58.6155,-63.9444],[-58.6066,-63.9373],[-58.5914,-63.9351],[-58.5866,-63.9261],[-58.5685,-63.9193],[-58.5482,-63.9164],[-58.5276,-63.9203],[-58.4997,-63.9192],[-58.4818,-63.9146],[-58.4722,-63.8998],[-58.4556,-63.8962],[-58.4338,-63.8807],[-58.4663,-63.8688],[-58.4675,-63.8619],[-58.4765,-63.8556],[-58.4736,-63.8507],[-58.4475,-63.8382],[-58.4281,-63.8394],[-58.4073,-63.8433],[-58.3975,-63.8419],[-58.3797,-63.8487],[-58.3722,-63.8396],[-58.3808,-63.8356],[-58.3777,-63.8237],[-58.3687,-63.8166],[-58.3775,-63.8047],[-58.3634,-63.7889],[-58.3434,-63.7797],[-58.3176,-63.7744],[-58.3098,-63.7684],[-58.315,-63.7611],[-58.2995,-63.7523],[-58.2893,-63.7501],[-58.267,-63.751],[-58.263,-63.7452],[-58.2839,-63.7371],[-58.2784,-63.7271],[-58.2657,-63.7234],[-58.2398,-63.7236],[-58.2261,-63.7256],[-58.1955,-63.721],[-58.1772,-63.7151],[-58.1563,-63.7116],[-58.1479,-63.7066],[-58.1501,-63.7011],[-58.132,-63.6955],[-58.1253,-63.6859],[-58.1045,-63.681],[-58.1045,-63.6732],[-58.0808,-63.6605],[-58.0625,-63.6566],[-58.0497,-63.6614],[-58.0433,-63.6694],[-58.0316,-63.6729],[-58.01,-63.6744],[-57.9864,-63.6677],[-57.9746,-63.6686],[-57.9696,-63.6751],[-57.9867,-63.688],[-57.9731,-63.6886],[-57.9589,-63.685],[-57.9504,-63.6738],[-57.9367,-63.6733],[-57.9285,-63.6825],[-57.9115,-63.6809],[-57.8994,-63.6748],[-57.8675,-63.678],[-57.8581,-63.6819],[-57.8329,-63.679],[-57.8431,-63.6718],[-57.8761,-63.6709],[-57.877,-63.6614],[-57.8479,-63.655],[-57.8243,-63.6557],[-57.8184,-63.6463],[-57.7959,-63.6474],[-57.7862,-63.6428],[-57.7719,-63.6439],[-57.7718,-63.6509],[-57.761,-63.6595],[-57.7345,-63.6549],[-57.7294,-63.6454],[-57.7422,-63.6392],[-57.719,-63.63],[-57.6997,-63.625],[-57.6563,-63.6274],[-57.6466,-63.6328],[-57.6097,-63.6333],[-57.6083,-63.6265],[-57.6375,-63.626],[-57.6185,-63.6167],[-57.6112,-63.6094],[-57.6151,-63.6026],[-57.6462,-63.5993],[-57.6923,-63.6014],[-57.7386,-63.6081],[-57.7553,-63.6079],[-57.7684,-63.5989],[-57.7678,-63.5926],[-57.7414,-63.5832],[-57.7449,-63.5699],[-57.7423,-63.5616],[-57.7494,-63.5586],[-57.7469,-63.5447],[-57.7186,-63.5388],[-57.7038,-63.5485],[-57.6906,-63.5522],[-57.6703,-63.5511],[-57.6194,-63.5615],[-57.5737,-63.5562],[-57.5581,-63.5584],[-57.5341,-63.5538],[-57.508,-63.5624],[-57.4762,-63.5624],[-57.3919,-63.5573],[-57.3754,-63.5555],[-57.3824,-63.5414],[-57.4018,-63.5416],[-57.4157,-63.5347],[-57.4313,-63.5369],[-57.456,-63.5367],[-57.4714,-63.5308],[-57.4751,-63.5191],[-57.469,-63.5117],[-57.4601,-63.5094],[-57.4582,-63.5024],[-57.4485,-63.4993],[-57.4508,-63.4895],[-57.4761,-63.4779],[-57.4898,-63.4642],[-57.4925,-63.4465],[-57.4801,-63.4427],[-57.4323,-63.4414],[-57.3999,-63.4511],[-57.3878,-63.4507],[-57.3714,-63.4564],[-57.3664,-63.4642],[-57.3308,-63.4809],[-57.3111,-63.4813],[-57.2921,-63.4789],[-57.2563,-63.4844],[-57.2506,-63.4815],[-57.2129,-63.4707],[-57.1811,-63.4698],[-57.1701,-63.474],[-57.143,-63.4751],[-57.1363,-63.4903],[-57.1487,-63.4953],[-57.1351,-63.5002],[-57.1292,-63.5076],[-57.1372,-63.5188],[-57.1377,-63.5255],[-57.1225,-63.5315],[-57.1209,-63.5354],[-57.1049,-63.5393],[-57.0953,-63.5462],[-57.0983,-63.5542],[-57.1118,-63.5581],[-57.1287,-63.5585],[-57.1448,-63.5653],[-57.1465,-63.5718],[-57.1636,-63.5799],[-57.1641,-63.5846],[-57.1765,-63.5918],[-57.17,-63.6127],[-57.1615,-63.6197],[-57.1602,-63.6342],[-57.1434,-63.6414],[-57.1476,-63.6451],[-57.1369,-63.6539],[-57.1099,-63.6549],[-57.0936,-63.6469],[-57.0737,-63.6459],[-57.0604,-63.6497],[-57.0331,-63.6488],[-57.0325,-63.6412],[-57.0197,-63.6344],[-57.0114,-63.6227],[-57.0004,-63.6147],[-56.9643,-63.6085],[-56.9334,-63.6113],[-56.9233,-63.6245],[-56.9075,-63.6284],[-56.8868,-63.6412],[-56.8734,-63.6436],[-56.8359,-63.6423],[-56.8195,-63.6392],[-56.8091,-63.6337],[-56.8003,-63.6169],[-56.7727,-63.6039],[-56.7655,-63.5822],[-56.7671,-63.5694],[-56.7629,-63.5643],[-56.7657,-63.5553],[-56.7736,-63.5463],[-56.7943,-63.5367],[-56.8519,-63.5247],[-56.9125,-63.5164],[-56.9261,-63.5106],[-56.9206,-63.5009],[-56.9304,-63.4962],[-56.9335,-63.4864],[-56.9618,-63.48],[-56.9999,-63.4781],[-57.0108,-63.4706],[-57.0094,-63.4657],[-56.9512,-63.4493],[-56.9397,-63.4411],[-56.9311,-63.4303],[-56.9326,-63.4184],[-56.9273,-63.4163],[-56.94,-63.4014],[-56.9709,-63.3964],[-56.9854,-63.3992],[-57.0057,-63.3986],[-57.0262,-63.4037],[-57.0483,-63.4172],[-57.0609,-63.4133],[-57.0539,-63.4026],[-57.0459,-63.4],[-57.0443,-63.3917],[-57.0275,-63.3823],[-57.0164,-63.3815],[-57.0093,-63.3756],[-56.9815,-63.372],[-56.9896,-63.3646],[-56.9999,-63.3628],[-57.0293,-63.3629],[-57.0381,-63.3567],[-57.039,-63.3475],[-57.032,-63.3348],[-57.0164,-63.3257],[-57.0211,-63.313],[-57.0129,-63.2957],[-57.0233,-63.2897],[-57.019,-63.286],[-57.0317,-63.2742],[-57.0333,-63.2664],[-57.0517,-63.2569],[-57.0661,-63.2562],[-57.0868,-63.2469],[-57.107,-63.2459],[-57.1147,-63.2418],[-57.1391,-63.2387],[-57.1414,-63.2352],[-57.1645,-63.2308],[-57.1774,-63.2312],[-57.1913,-63.2266],[-57.2128,-63.2262],[-57.2163,-63.22],[-57.2306,-63.2239],[-57.247,-63.225],[-57.2752,-63.2231],[-57.2819,-63.2156],[-57.303,-63.2141]]],[[[-47.1496,-77.7724],[-47.1835,-77.771],[-47.2132,-77.774],[-47.251,-77.7728],[-47.2823,-77.7776],[-47.378,-77.7813],[-47.4229,-77.7876],[-47.4702,-77.7834],[-47.4978,-77.7843],[-47.6226,-77.7966],[-47.7123,-77.8099],[-47.768,-77.8232],[-47.8279,-77.8342],[-47.8572,-77.8419],[-47.9274,-77.8527],[-47.988,-77.868],[-48.0357,-77.8742],[-48.0726,-77.8864],[-48.1835,-77.9053],[-48.2536,-77.9145],[-48.3075,-77.9187],[-48.4994,-77.9555],[-48.5909,-77.9776],[-48.6235,-77.9834],[-48.7013,-77.9924],[-48.741,-77.9983],[-48.8869,-78.0168],[-49.0153,-78.0281],[-49.1114,-78.0525],[-49.1373,-78.0728],[-49.1322,-78.0791],[-49.0773,-78.0869],[-49.0792,-78.0902],[-49.1474,-78.1047],[-49.2225,-78.1278],[-49.3051,-78.1597],[-49.3735,-78.1822],[-49.4196,-78.1998],[-49.5174,-78.2287],[-49.5982,-78.2555],[-49.6648,-78.2816],[-49.6699,-78.2924],[-49.6461,-78.3053],[-49.65,-78.3114],[-49.7323,-78.3363],[-49.7339,-78.3526],[-49.7631,-78.3724],[-49.8173,-78.392],[-49.8438,-78.4075],[-49.8389,-78.4272],[-49.898,-78.4481],[-49.9072,-78.4536],[-49.9097,-78.4789],[-49.9242,-78.4869],[-49.9644,-78.5006],[-50.0327,-78.5393],[-50.063,-78.5541],[-50.0939,-78.5775],[-50.105,-78.5935],[-50.1283,-78.6084],[-50.1633,-78.6216],[-50.1966,-78.6297],[-50.226,-78.6452],[-50.236,-78.6645],[-50.2155,-78.6952],[-50.1887,-78.7068],[-50.1776,-78.7197],[-50.178,-78.7411],[-50.2088,-78.7685],[-50.1987,-78.7804],[-50.1586,-78.7945],[-50.1467,-78.8013],[-50.1673,-78.8146],[-50.2095,-78.829],[-50.199,-78.8456],[-50.2348,-78.8562],[-50.2523,-78.8648],[-50.2685,-78.8792],[-50.3231,-78.8973],[-50.3678,-78.9323],[-50.3565,-78.9424],[-50.2907,-78.971],[-50.2879,-78.9877],[-50.4138,-79.0796],[-50.4442,-79.0994],[-50.4728,-79.1243],[-50.4756,-79.133],[-50.4493,-79.1438],[-50.3917,-79.149],[-50.3446,-79.1477],[-50.3203,-79.1513],[-50.3095,-79.1599],[-50.3139,-79.1938],[-50.3095,-79.211],[-50.3254,-79.2395],[-50.3365,-79.2465],[-50.4058,-79.2761],[-50.448,-79.3105],[-50.4402,-79.323],[-50.4044,-79.3374],[-50.3658,-79.3457],[-50.2999,-79.3568],[-50.305,-79.3661],[-50.3462,-79.3838],[-50.3492,-79.3903],[-50.3045,-79.4038],[-50.2898,-79.4154],[-50.2355,-79.437],[-50.2276,-79.4474],[-50.2426,-79.4644],[-50.2423,-79.4872],[-50.2188,-79.5005],[-50.2311,-79.5164],[-50.2611,-79.5243],[-50.2853,-79.535],[-50.3013,-79.5657],[-50.3351,-79.5757],[-50.3861,-79.5845],[-50.4226,-79.5977],[-50.4575,-79.6062],[-50.5638,-79.6284],[-50.6211,-79.6493],[-50.6557,-79.6669],[-50.7014,-79.6831],[-50.7514,-79.6969],[-50.8367,-79.7164],[-50.9062,-79.7432],[-50.9349,-79.7482],[-50.9537,-79.7629],[-51.0314,-79.7938],[-51.0946,-79.8098],[-51.1558,-79.8233],[-51.2303,-79.847],[-51.2891,-79.8621],[-51.3085,-79.8699],[-51.3328,-79.8899],[-51.4002,-79.9025],[-51.4532,-79.9152],[-51.5197,-79.9376],[-51.5831,-79.9521],[-51.7472,-79.9953],[-51.8104,-80.0218],[-51.9348,-80.061],[-51.9928,-80.0771],[-52.0891,-80.1059],[-52.1691,-80.1264],[-52.1698,-80.1333],[-52.2884,-80.1538],[-52.3151,-80.157],[-52.3724,-80.1589],[-52.4464,-80.1544],[-52.4702,-80.1548],[-52.6821,-80.1817],[-52.8181,-80.1949],[-52.8797,-80.1984],[-53.0424,-80.21],[-53.1396,-80.2145],[-53.2903,-80.2169],[-53.4457,-80.2157],[-53.4886,-80.2212],[-53.5058,-80.2342],[-53.5615,-80.256],[-53.6291,-80.2749],[-53.6811,-80.2859],[-53.7463,-80.3151],[-53.7885,-80.3484],[-53.863,-80.3864],[-53.9044,-80.4095],[-53.929,-80.4277],[-53.9698,-80.45],[-53.9911,-80.4672],[-54.0567,-80.5337],[-54.1135,-80.5541],[-54.1588,-80.5843],[-54.1875,-80.6155],[-54.2231,-80.6344],[-54.2326,-80.6487],[-54.2547,-80.664],[-54.2562,-80.6739],[-54.301,-80.7272],[-54.3201,-80.7452],[-54.3296,-80.7679],[-54.317,-80.7998],[-54.3029,-80.8237],[-54.2792,-80.8439],[-54.247,-80.8508],[-54.1027,-80.8687],[-53.9717,-80.8778],[-53.8745,-80.881],[-53.7245,-80.8825],[-53.6678,-80.8814],[-53.5926,-80.8838],[-53.3531,-80.8836],[-53.2827,-80.8825],[-53.1446,-80.8899],[-52.9679,-80.8902],[-52.8724,-80.893],[-52.7683,-80.8924],[-52.6307,-80.8946],[-52.5329,-80.8894],[-52.4383,-80.891],[-52.3112,-80.8902],[-52.1941,-80.888],[-52.0883,-80.8877],[-51.9612,-80.8824],[-51.8647,-80.8821],[-51.7983,-80.8799],[-51.6814,-80.8797],[-51.5291,-80.8739],[-51.4495,-80.8698],[-51.3472,-80.8702],[-51.2423,-80.8656],[-50.8647,-80.8546],[-50.7089,-80.8486],[-50.4423,-80.8352],[-50.3816,-80.8334],[-50.1786,-80.8217],[-49.9933,-80.8088],[-49.8538,-80.7934],[-49.7751,-80.7828],[-49.7418,-80.7752],[-49.7215,-80.7641],[-49.729,-80.7513],[-49.756,-80.7377],[-49.765,-80.7188],[-49.7542,-80.7028],[-49.724,-80.6904],[-49.6512,-80.6692],[-49.5365,-80.6453],[-49.5039,-80.6406],[-49.4083,-80.6317],[-49.2217,-80.6222],[-49.1337,-80.6228],[-49.0087,-80.6303],[-48.9007,-80.631],[-48.745,-80.6235],[-48.6703,-80.6274],[-48.573,-80.6306],[-48.4927,-80.6295],[-48.417,-80.632],[-48.3535,-80.6363],[-48.194,-80.6495],[-48.0926,-80.6538],[-48.0056,-80.6527],[-47.9413,-80.6491],[-47.8318,-80.6401],[-47.7248,-80.6386],[-47.6052,-80.6343],[-47.2979,-80.6217],[-47.1887,-80.6154],[-47.0421,-80.6089],[-46.9807,-80.605],[-46.6841,-80.5832],[-46.4505,-80.5667],[-46.1557,-80.543],[-45.8865,-80.5195],[-45.6915,-80.499],[-45.4811,-80.4756],[-45.2125,-80.443],[-45.1264,-80.4301],[-44.8707,-80.3961],[-44.7918,-80.3831],[-44.5556,-80.3491],[-44.4209,-80.3314],[-44.2023,-80.2977],[-44.0115,-80.2688],[-43.8932,-80.2486],[-43.7925,-80.2298],[-43.6438,-80.198],[-43.5295,-80.1659],[-43.4786,-80.1475],[-43.4441,-80.1261],[-43.4455,-80.1068],[-43.4714,-80.0981],[-43.6392,-80.0669],[-43.7229,-80.046],[-43.7828,-80.0328],[-43.7772,-80.0242],[-43.8248,-80.0014],[-43.8268,-79.9781],[-43.8209,-79.9677],[-43.7774,-79.9543],[-43.7332,-79.9481],[-43.6928,-79.9523],[-43.651,-79.9475],[-43.4944,-79.9579],[-43.3889,-79.9676],[-43.3305,-79.9772],[-43.3461,-79.9864],[-43.3238,-79.9917],[-43.2607,-79.9888],[-43.1945,-79.9755],[-43.1767,-79.9645],[-43.1491,-79.9563],[-43.1141,-79.9364],[-43.1106,-79.9232],[-43.0782,-79.9068],[-43.0549,-79.8785],[-43.0561,-79.8703],[-43.0404,-79.8564],[-43.0456,-79.8477],[-43.0273,-79.8267],[-43.0346,-79.8188],[-43.0289,-79.8023],[-43.0136,-79.7905],[-43.0161,-79.7744],[-43.0052,-79.7654],[-43.0121,-79.754],[-43.0014,-79.7475],[-43.0039,-79.7314],[-42.9878,-79.7096],[-42.9918,-79.6669],[-42.9782,-79.6494],[-42.9875,-79.6426],[-42.9804,-79.6297],[-42.9723,-79.5852],[-42.9812,-79.5738],[-42.9694,-79.5534],[-42.9683,-79.5193],[-42.9617,-79.5114],[-42.9622,-79.4949],[-42.9694,-79.4877],[-42.975,-79.4623],[-43.0121,-79.4198],[-43.038,-79.4043],[-43.0705,-79.3777],[-43.0751,-79.3655],[-43.102,-79.3435],[-43.1493,-79.3143],[-43.1833,-79.3067],[-43.2274,-79.2868],[-43.2707,-79.2769],[-43.305,-79.2743],[-43.2848,-79.2657],[-43.3304,-79.2448],[-43.3369,-79.2354],[-43.3259,-79.224],[-43.2999,-79.2148],[-43.227,-79.1968],[-43.1891,-79.1822],[-43.1899,-79.1714],[-43.2244,-79.1555],[-43.2989,-79.1405],[-43.3208,-79.1329],[-43.3373,-79.1116],[-43.3582,-79.0965],[-43.3994,-79.0927],[-43.4495,-79.0986],[-43.4309,-79.0718],[-43.4322,-79.038],[-43.4403,-79.0276],[-43.4431,-79.0053],[-43.4785,-78.9309],[-43.4904,-78.9222],[-43.5414,-78.899],[-43.5812,-78.8773],[-43.6128,-78.8638],[-43.6295,-78.8508],[-43.664,-78.8327],[-43.7096,-78.8156],[-43.7474,-78.7971],[-43.7859,-78.795],[-44.0556,-78.8059],[-44.1594,-78.807],[-44.1999,-78.8063],[-44.2822,-78.8018],[-44.4641,-78.7968],[-44.64,-78.7985],[-44.8904,-78.802],[-45.1396,-78.8139],[-45.1463,-78.8045],[-45.182,-78.7998],[-45.2895,-78.7943],[-45.3609,-78.7856],[-45.3826,-78.7778],[-45.3632,-78.7684],[-45.3219,-78.7595],[-45.2836,-78.7351],[-45.276,-78.7212],[-45.3008,-78.7116],[-45.3573,-78.6976],[-45.3622,-78.6828],[-45.3385,-78.677],[-45.0461,-78.6435],[-44.9875,-78.6354],[-44.9873,-78.6275],[-44.8231,-78.6191],[-44.7225,-78.6168],[-44.6289,-78.6129],[-44.5495,-78.6075],[-44.4486,-78.603],[-44.3791,-78.601],[-44.3087,-78.6034],[-44.0578,-78.602],[-43.9838,-78.6046],[-43.9299,-78.5971],[-43.8987,-78.5844],[-43.8678,-78.5612],[-43.8819,-78.5471],[-43.8345,-78.4986],[-43.8129,-78.4636],[-43.789,-78.4361],[-43.7529,-78.4097],[-43.7373,-78.4012],[-43.7234,-78.379],[-43.7238,-78.3693],[-43.7346,-78.3585],[-43.7405,-78.3376],[-43.7612,-78.3095],[-43.7491,-78.2995],[-43.7553,-78.2815],[-43.7849,-78.2619],[-43.815,-78.2505],[-43.8436,-78.2449],[-43.8634,-78.2363],[-43.9414,-78.2125],[-43.9424,-78.2079],[-43.9771,-78.1978],[-43.9856,-78.1921],[-44.0464,-78.1799],[-44.1144,-78.1559],[-44.1214,-78.1509],[-44.1721,-78.1373],[-44.2406,-78.123],[-44.2524,-78.1049],[-44.287,-78.0924],[-44.359,-78.0842],[-44.3823,-78.0776],[-44.4681,-78.062],[-44.4931,-78.0552],[-44.5116,-78.0459],[-44.5534,-78.0375],[-44.5737,-78.0308],[-44.6144,-78.023],[-44.6309,-78.0164],[-44.6641,-78.0093],[-44.6934,-77.9976],[-44.7301,-77.987],[-44.7673,-77.9791],[-44.8196,-77.9709],[-44.8898,-77.9522],[-44.9452,-77.9463],[-45.0008,-77.937],[-45.0507,-77.932],[-45.1021,-77.924],[-45.1323,-77.9217],[-45.2014,-77.9111],[-45.2298,-77.9048],[-45.3076,-77.896],[-45.3903,-77.8812],[-45.4438,-77.8746],[-45.5129,-77.8628],[-45.5556,-77.8605],[-45.5909,-77.8528],[-45.6557,-77.8473],[-45.6838,-77.8425],[-45.7493,-77.8378],[-45.8056,-77.8375],[-45.8369,-77.8341],[-45.9383,-77.8187],[-46.0876,-77.8114],[-46.127,-77.8051],[-46.1535,-77.8056],[-46.1963,-77.802],[-46.2539,-77.8018],[-46.3302,-77.7915],[-46.3989,-77.7927],[-46.4687,-77.7887],[-46.5326,-77.7927],[-46.5895,-77.7892],[-46.6421,-77.7835],[-46.6758,-77.7766],[-46.845,-77.7804],[-46.9967,-77.7739],[-47.0455,-77.774],[-47.0923,-77.7707],[-47.1496,-77.7724]]],[[[-70.4522,-68.7839],[-70.478,-68.788],[-70.5107,-68.7986],[-70.5537,-68.8045],[-70.5578,-68.8104],[-70.5764,-68.8175],[-70.6583,-68.8203],[-70.6811,-68.8195],[-70.706,-68.8141],[-70.7242,-68.8062],[-70.7491,-68.8047],[-70.7769,-68.8071],[-70.8144,-68.8172],[-70.8411,-68.8199],[-70.8751,-68.8205],[-70.9281,-68.8321],[-70.9269,-68.8407],[-70.9358,-68.8482],[-71.0212,-68.8654],[-71.036,-68.8631],[-71.1263,-68.8619],[-71.1586,-68.8486],[-71.1812,-68.8467],[-71.2198,-68.8514],[-71.2999,-68.8571],[-71.3297,-68.8564],[-71.3676,-68.8511],[-71.3944,-68.8534],[-71.4511,-68.8487],[-71.4684,-68.8526],[-71.4972,-68.8494],[-71.5266,-68.857],[-71.5613,-68.8597],[-71.5639,-68.8655],[-71.5957,-68.8742],[-71.5977,-68.8825],[-71.5923,-68.8905],[-71.5965,-68.8954],[-71.6375,-68.907],[-71.6624,-68.9105],[-71.7432,-68.918],[-71.7871,-68.9243],[-71.8254,-68.927],[-71.8485,-68.9333],[-71.8898,-68.9325],[-71.9161,-68.9439],[-71.9444,-68.948],[-71.9692,-68.9556],[-71.9723,-68.9617],[-71.9911,-68.9655],[-72.013,-68.9863],[-72.0337,-68.9963],[-72.0882,-69.0133],[-72.1021,-69.015],[-72.1317,-69.034],[-72.1427,-69.045],[-72.1647,-69.0557],[-72.1885,-69.0636],[-72.201,-69.0727],[-72.2132,-69.0763],[-72.2058,-69.0928],[-72.1965,-69.0967],[-72.1983,-69.1106],[-72.1596,-69.122],[-72.1569,-69.1264],[-72.1347,-69.1341],[-72.1398,-69.1428],[-72.1209,-69.1493],[-72.103,-69.1602],[-72.1043,-69.1658],[-72.1251,-69.1712],[-72.1377,-69.1822],[-72.1276,-69.1918],[-72.1302,-69.2083],[-72.1376,-69.2124],[-72.1302,-69.2214],[-72.1486,-69.2266],[-72.1164,-69.2417],[-72.1143,-69.2489],[-72.0817,-69.2561],[-72.0483,-69.2657],[-72.0343,-69.2721],[-72.0389,-69.2877],[-72.0296,-69.2948],[-72.0288,-69.303],[-72.0074,-69.317],[-71.9689,-69.3204],[-71.9523,-69.3284],[-71.949,-69.3379],[-71.935,-69.3468],[-71.9119,-69.3553],[-71.8795,-69.3562],[-71.849,-69.3609],[-71.8131,-69.3568],[-71.7936,-69.3609],[-71.7808,-69.3719],[-71.7442,-69.3743],[-71.7375,-69.3773],[-71.7092,-69.3787],[-71.6599,-69.3915],[-71.6516,-69.3974],[-71.6757,-69.4048],[-71.6868,-69.4165],[-71.6722,-69.4206],[-71.6808,-69.4305],[-71.6595,-69.4399],[-71.6362,-69.4426],[-71.6312,-69.4489],[-71.6612,-69.4604],[-71.6537,-69.4672],[-71.6719,-69.4755],[-71.6886,-69.4967],[-71.6732,-69.5132],[-71.6851,-69.5308],[-71.7048,-69.5397],[-71.7114,-69.5539],[-71.7416,-69.5625],[-71.7416,-69.5751],[-71.7364,-69.5789],[-71.7468,-69.6033],[-71.7428,-69.6139],[-71.752,-69.621],[-71.7431,-69.6273],[-71.7291,-69.6289],[-71.7227,-69.6363],[-71.7313,-69.6565],[-71.7222,-69.6637],[-71.7053,-69.6695],[-71.6912,-69.683],[-71.6765,-69.6876],[-71.6534,-69.6869],[-71.6535,-69.6975],[-71.631,-69.71],[-71.6488,-69.7188],[-71.6449,-69.7249],[-71.6297,-69.7287],[-71.6118,-69.738],[-71.5961,-69.7354],[-71.5841,-69.7399],[-71.6134,-69.7531],[-71.6091,-69.761],[-71.5925,-69.764],[-71.598,-69.7689],[-71.6211,-69.7725],[-71.6385,-69.784],[-71.6523,-69.7852],[-71.6473,-69.7966],[-71.6588,-69.8012],[-71.6729,-69.8006],[-71.7006,-69.7815],[-71.7176,-69.7874],[-71.7604,-69.7887],[-71.7683,-69.7924],[-71.818,-69.7892],[-71.8233,-69.7969],[-71.8494,-69.8108],[-71.8404,-69.8236],[-71.8543,-69.841],[-71.8396,-69.8481],[-71.8561,-69.8567],[-71.8599,-69.8667],[-71.8772,-69.8745],[-71.885,-69.8827],[-71.9019,-69.8787],[-71.91,-69.8827],[-71.8863,-69.9001],[-71.8828,-69.9129],[-71.8735,-69.9153],[-71.8707,-69.9239],[-71.8923,-69.9216],[-71.9096,-69.9341],[-71.9089,-69.9486],[-71.9201,-69.9599],[-71.8986,-69.9663],[-71.8743,-69.9777],[-71.8563,-69.9811],[-71.8625,-69.9892],[-71.8412,-69.9966],[-71.8338,-70.0023],[-71.8443,-70.0082],[-71.8355,-70.0191],[-71.8131,-70.0248],[-71.7946,-70.0365],[-71.7648,-70.0412],[-71.7503,-70.0515],[-71.706,-70.0603],[-71.7035,-70.0638],[-71.6767,-70.0743],[-71.6767,-70.0784],[-71.6217,-70.0902],[-71.606,-70.0973],[-71.5753,-70.1022],[-71.5535,-70.102],[-71.5199,-70.1122],[-71.4939,-70.1082],[-71.4774,-70.1098],[-71.4666,-70.1197],[-71.4202,-70.1249],[-71.3993,-70.1252],[-71.3751,-70.1286],[-71.3909,-70.1401],[-71.389,-70.1454],[-71.3704,-70.1523],[-71.371,-70.1599],[-71.3511,-70.1619],[-71.3533,-70.1706],[-71.3182,-70.1861],[-71.2924,-70.1842],[-71.2402,-70.1832],[-71.2214,-70.1802],[-71.1787,-70.183],[-71.15,-70.1833],[-71.1207,-70.1988],[-71.1142,-70.2102],[-71.127,-70.2313],[-71.1173,-70.2368],[-71.0815,-70.2427],[-71.0631,-70.2499],[-71.036,-70.2474],[-70.9782,-70.2358],[-70.9491,-70.2232],[-70.9061,-70.2067],[-70.8969,-70.1978],[-70.8807,-70.1947],[-70.8486,-70.2029],[-70.825,-70.1965],[-70.8438,-70.183],[-70.8253,-70.1725],[-70.8257,-70.1654],[-70.8119,-70.1525],[-70.821,-70.1448],[-70.7936,-70.1371],[-70.7801,-70.1364],[-70.766,-70.1307],[-70.7685,-70.1236],[-70.757,-70.1205],[-70.7231,-70.125],[-70.7273,-70.1315],[-70.7153,-70.1428],[-70.7163,-70.1499],[-70.671,-70.1477],[-70.6752,-70.1544],[-70.6457,-70.1544],[-70.6407,-70.1651],[-70.6228,-70.1725],[-70.5889,-70.1671],[-70.5895,-70.1638],[-70.5581,-70.1609],[-70.5486,-70.1683],[-70.5331,-70.168],[-70.5251,-70.1761],[-70.5303,-70.1798],[-70.5074,-70.1841],[-70.4986,-70.1969],[-70.4856,-70.205],[-70.5078,-70.2168],[-70.5001,-70.2272],[-70.4602,-70.2333],[-70.4339,-70.2397],[-70.385,-70.2472],[-70.3599,-70.2439],[-70.3233,-70.2468],[-70.2692,-70.2416],[-70.252,-70.2366],[-70.2191,-70.2512],[-70.206,-70.254],[-70.1857,-70.2534],[-70.1912,-70.2392],[-70.177,-70.2379],[-70.1504,-70.2412],[-70.122,-70.2513],[-70.0808,-70.2596],[-70.0188,-70.2617],[-69.9983,-70.2584],[-69.9815,-70.2522],[-69.9571,-70.2617],[-69.9159,-70.2848],[-69.908,-70.2933],[-69.8875,-70.303],[-69.87,-70.3071],[-69.8269,-70.3125],[-69.7845,-70.3269],[-69.7542,-70.3416],[-69.7632,-70.3443],[-69.8097,-70.3471],[-69.8728,-70.3579],[-69.8975,-70.3587],[-69.9459,-70.3551],[-69.989,-70.3468],[-70.0022,-70.3406],[-70.0345,-70.3318],[-70.0459,-70.3325],[-70.0685,-70.3244],[-70.0966,-70.3202],[-70.1031,-70.3164],[-70.1363,-70.319],[-70.1525,-70.3169],[-70.1666,-70.3267],[-70.1644,-70.3309],[-70.1808,-70.3408],[-70.1759,-70.3456],[-70.191,-70.3508],[-70.2104,-70.3503],[-70.237,-70.3538],[-70.2488,-70.3617],[-70.2868,-70.3576],[-70.3037,-70.3583],[-70.2976,-70.3654],[-70.322,-70.3695],[-70.3267,-70.3739],[-70.3487,-70.3775],[-70.3819,-70.3757],[-70.4154,-70.3895],[-70.459,-70.3869],[-70.4696,-70.3937],[-70.4959,-70.4017],[-70.5235,-70.4015],[-70.5753,-70.3988],[-70.5938,-70.4033],[-70.6246,-70.4058],[-70.6368,-70.4033],[-70.667,-70.4074],[-70.6889,-70.4059],[-70.7056,-70.4087],[-70.7265,-70.4075],[-70.758,-70.4111],[-70.7678,-70.4211],[-70.7858,-70.4293],[-70.8029,-70.4326],[-70.8261,-70.4279],[-70.8371,-70.4293],[-70.8482,-70.4394],[-70.8857,-70.4431],[-70.8996,-70.4481],[-70.9263,-70.4505],[-70.9502,-70.4479],[-70.9792,-70.4515],[-71.0044,-70.4633],[-71.0125,-70.4792],[-71.0312,-70.4926],[-71.0096,-70.5042],[-71.0012,-70.5167],[-71.0087,-70.5213],[-71.0306,-70.5249],[-71.0302,-70.5349],[-71.0535,-70.5464],[-71.0657,-70.5683],[-71.0801,-70.5756],[-71.1058,-70.582],[-71.1431,-70.5963],[-71.1559,-70.5904],[-71.1786,-70.592],[-71.1824,-70.6026],[-71.1748,-70.6094],[-71.1843,-70.6136],[-71.2239,-70.623],[-71.2317,-70.6294],[-71.2285,-70.6375],[-71.2517,-70.6474],[-71.2548,-70.6528],[-71.2452,-70.6609],[-71.2713,-70.6821],[-71.2263,-70.6958],[-71.2364,-70.7191],[-71.223,-70.7191],[-71.205,-70.7533],[-71.1921,-70.7521],[-71.1673,-70.7619],[-71.1513,-70.7623],[-71.1136,-70.7594],[-71.0415,-70.7661],[-71.0287,-70.769],[-70.9939,-70.7673],[-70.9434,-70.7673],[-70.9146,-70.7749],[-70.8916,-70.7892],[-70.8499,-70.7997],[-70.8388,-70.8089],[-70.8341,-70.8219],[-70.8235,-70.8265],[-70.7869,-70.8303],[-70.7607,-70.8277],[-70.706,-70.8387],[-70.6897,-70.8363],[-70.6608,-70.8411],[-70.5983,-70.8432],[-70.5822,-70.8448],[-70.5317,-70.8395],[-70.4815,-70.8424],[-70.4446,-70.8306],[-70.413,-70.8233],[-70.3951,-70.8224],[-70.3442,-70.8262],[-70.3254,-70.8307],[-70.2909,-70.8357],[-70.2809,-70.8396],[-70.2383,-70.8434],[-70.2238,-70.8409],[-70.1783,-70.8483],[-70.1884,-70.8513],[-70.1862,-70.8588],[-70.2022,-70.8617],[-70.195,-70.8816],[-70.1726,-70.8862],[-70.1448,-70.8885],[-70.1249,-70.8926],[-70.0898,-70.8911],[-70.087,-70.8825],[-70.103,-70.8788],[-70.1408,-70.8576],[-70.1284,-70.8492],[-70.096,-70.8438],[-70.0728,-70.8482],[-70.0409,-70.8475],[-70.0159,-70.8507],[-70.0114,-70.8585],[-69.9908,-70.8686],[-69.9749,-70.8665],[-69.961,-70.8848],[-69.9266,-70.8898],[-69.9021,-70.8871],[-69.8927,-70.8778],[-69.8926,-70.8688],[-69.8817,-70.8583],[-69.8757,-70.845],[-69.833,-70.8368],[-69.8195,-70.843],[-69.8246,-70.8584],[-69.7821,-70.8698],[-69.782,-70.8786],[-69.7912,-70.891],[-69.7937,-70.9085],[-69.8078,-70.9173],[-69.8108,-70.9291],[-69.8328,-70.935],[-69.8533,-70.9371],[-69.8747,-70.9358],[-69.906,-70.9393],[-69.9287,-70.9484],[-69.9526,-70.9498],[-70.0104,-70.9492],[-70.0276,-70.9506],[-70.1255,-70.9487],[-70.1998,-70.9418],[-70.226,-70.9423],[-70.2611,-70.9466],[-70.3331,-70.944],[-70.3724,-70.9456],[-70.4554,-70.9551],[-70.503,-70.9568],[-70.5515,-70.9509],[-70.5718,-70.9505],[-70.605,-70.9563],[-70.6164,-70.9618],[-70.6124,-70.9664],[-70.5942,-70.9696],[-70.6037,-70.9777],[-70.6242,-70.9787],[-70.6868,-70.9915],[-70.7353,-70.9957],[-70.7771,-70.9932],[-70.8096,-70.9888],[-70.8422,-70.9931],[-70.8782,-70.9937],[-70.9186,-70.9902],[-70.9507,-70.9814],[-71.0157,-70.9763],[-71.0135,-70.9673],[-71.0297,-70.9664],[-71.0615,-70.9718],[-71.064,-70.977],[-71.0822,-70.98],[-71.127,-70.9817],[-71.1584,-70.998],[-71.1924,-70.9974],[-71.1972,-70.9932],[-71.2232,-70.9901],[-71.2373,-70.9786],[-71.2892,-70.9858],[-71.3093,-70.9829],[-71.3129,-70.9764],[-71.3313,-70.9692],[-71.3568,-70.9629],[-71.3729,-70.9661],[-71.389,-70.9737],[-71.3875,-70.996],[-71.3685,-71.0047],[-71.3599,-71.017],[-71.3689,-71.041],[-71.3615,-71.0513],[-71.4044,-71.0715],[-71.437,-71.0799],[-71.5042,-71.1007],[-71.5206,-71.1173],[-71.5325,-71.1214],[-71.5627,-71.126],[-71.5787,-71.1339],[-71.6029,-71.1348],[-71.6119,-71.1436],[-71.6291,-71.1519],[-71.6696,-71.1435],[-71.7302,-71.1462],[-71.7553,-71.1415],[-71.7887,-71.1424],[-71.83,-71.1475],[-71.8741,-71.1386],[-71.898,-71.1441],[-71.914,-71.1392],[-71.9162,-71.1261],[-71.9321,-71.1178],[-71.9727,-71.1135],[-71.9933,-71.1199],[-72.0102,-71.1123],[-72.0191,-71.1032],[-72.0375,-71.0954],[-72.0693,-71.0945],[-72.0918,-71.101],[-72.1291,-71.0947],[-72.1455,-71.0883],[-72.1908,-71.0881],[-72.22,-71.078],[-72.2305,-71.07],[-72.2584,-71.0619],[-72.2884,-71.0661],[-72.3156,-71.0572],[-72.3662,-71.0503],[-72.4099,-71.0495],[-72.4267,-71.056],[-72.4462,-71.0555],[-72.4729,-71.0625],[-72.5303,-71.0522],[-72.5445,-71.0465],[-72.5689,-71.0463],[-72.5878,-71.0497],[-72.587,-71.0543],[-72.5625,-71.0626],[-72.5556,-71.0709],[-72.5784,-71.0773],[-72.5771,-71.0872],[-72.6007,-71.0876],[-72.6214,-71.0815],[-72.6392,-71.0803],[-72.6947,-71.0696],[-72.7325,-71.0723],[-72.7515,-71.0713],[-72.7776,-71.0654],[-72.8141,-71.0716],[-72.8319,-71.0826],[-72.8233,-71.0888],[-72.8391,-71.0956],[-72.865,-71.0973],[-72.8883,-71.1016],[-72.8879,-71.1067],[-72.9369,-71.1048],[-72.9594,-71.0971],[-72.9873,-71.0966],[-73.0154,-71.1012],[-73.0316,-71.1007],[-73.0544,-71.1086],[-73.0829,-71.1138],[-73.1013,-71.1235],[-73.0967,-71.1266],[-73.1188,-71.1353],[-73.1206,-71.1457],[-73.1114,-71.1537],[-73.0901,-71.1624],[-73.0923,-71.1665],[-73.0394,-71.1765],[-73.0235,-71.1888],[-73.0074,-71.1944],[-73.002,-71.2038],[-72.9697,-71.2098],[-72.9652,-71.2188],[-72.9514,-71.2247],[-72.8996,-71.2324],[-72.8841,-71.2375],[-72.7908,-71.2561],[-72.7013,-71.2703],[-72.6427,-71.2725],[-72.6099,-71.2715],[-72.5515,-71.2733],[-72.5032,-71.2786],[-72.4752,-71.2845],[-72.4265,-71.2905],[-72.3691,-71.3048],[-72.3195,-71.3082],[-72.2383,-71.3111],[-72.2137,-71.316],[-72.2056,-71.3302],[-72.2157,-71.3409],[-72.239,-71.3744],[-72.266,-71.3772],[-72.3339,-71.3738],[-72.3873,-71.3684],[-72.4551,-71.3688],[-72.5194,-71.3641],[-72.5583,-71.365],[-72.6026,-71.3731],[-72.6208,-71.3881],[-72.6253,-71.3994],[-72.6505,-71.4019],[-72.6827,-71.3978],[-72.7386,-71.4041],[-72.7701,-71.397],[-72.8123,-71.3939],[-72.8277,-71.4033],[-72.8381,-71.4019],[-72.8553,-71.3877],[-72.878,-71.3891],[-72.8888,-71.385],[-72.898,-71.3754],[-72.9471,-71.3556],[-72.9727,-71.3548],[-73.0081,-71.3473],[-73.0507,-71.3421],[-73.0634,-71.3423],[-73.0831,-71.336],[-73.1255,-71.3319],[-73.1432,-71.3268],[-73.1943,-71.3235],[-73.2195,-71.3206],[-73.2383,-71.3228],[-73.2868,-71.3185],[-73.3514,-71.3153],[-73.3768,-71.306],[-73.4155,-71.3066],[-73.4679,-71.3116],[-73.5071,-71.31],[-73.5312,-71.3149],[-73.6059,-71.3225],[-73.6111,-71.3323],[-73.625,-71.3415],[-73.673,-71.3535],[-73.666,-71.3576],[-73.6694,-71.3681],[-73.6787,-71.3715],[-73.6611,-71.3854],[-73.6636,-71.4],[-73.6606,-71.4098],[-73.6377,-71.4286],[-73.6097,-71.4385],[-73.594,-71.4498],[-73.5542,-71.4619],[-73.5401,-71.4767],[-73.5123,-71.4926],[-73.4816,-71.5018],[-73.4701,-71.5078],[-73.4379,-71.5128],[-73.3928,-71.5131],[-73.3795,-71.5083],[-73.3663,-71.5132],[-73.3644,-71.5199],[-73.3423,-71.5298],[-73.3239,-71.545],[-73.3295,-71.5503],[-73.3545,-71.5472],[-73.4013,-71.5463],[-73.4139,-71.5486],[-73.4167,-71.5605],[-73.4269,-71.5721],[-73.4155,-71.5828],[-73.4273,-71.5991],[-73.465,-71.6019],[-73.5029,-71.5978],[-73.515,-71.6038],[-73.5318,-71.6053],[-73.5534,-71.5959],[-73.5399,-71.5919],[-73.5516,-71.5852],[-73.5759,-71.5803],[-73.5867,-71.5635],[-73.6075,-71.56],[-73.6167,-71.5499],[-73.6463,-71.5429],[-73.6647,-71.5328],[-73.6945,-71.5353],[-73.7264,-71.5252],[-73.7342,-71.5119],[-73.7468,-71.5128],[-73.7538,-71.521],[-73.7795,-71.5212],[-73.7679,-71.5053],[-73.7817,-71.4915],[-73.791,-71.4874],[-73.7978,-71.4756],[-73.8239,-71.4707],[-73.8434,-71.4615],[-73.8649,-71.4585],[-73.8733,-71.4531],[-73.9125,-71.4472],[-73.9381,-71.4405],[-73.9612,-71.43],[-73.9835,-71.4266],[-74,-71.4209],[-74,-72.1619],[-73.9633,-72.1532],[-73.8843,-72.1449],[-73.8544,-72.1437],[-73.813,-72.1337],[-73.8048,-72.1221],[-73.8142,-72.1056],[-73.7961,-72.0927],[-73.7499,-72.0783],[-73.7119,-72.068],[-73.654,-72.057],[-73.6096,-72.0392],[-73.5584,-72.0245],[-73.5226,-72.0227],[-73.5059,-72.0082],[-73.5062,-72.0026],[-73.5232,-71.9937],[-73.5382,-71.9913],[-73.5721,-71.9796],[-73.6006,-71.9657],[-73.6475,-71.9511],[-73.6789,-71.9388],[-73.7425,-71.9091],[-73.744,-71.9057],[-73.7753,-71.8936],[-73.8026,-71.8878],[-73.8037,-71.8834],[-73.8774,-71.8689],[-73.8854,-71.8638],[-73.9174,-71.8579],[-73.8981,-71.8531],[-73.8769,-71.8579],[-73.8662,-71.8517],[-73.8736,-71.8405],[-73.8523,-71.8322],[-73.8276,-71.8276],[-73.8204,-71.8226],[-73.7866,-71.8273],[-73.7624,-71.8248],[-73.7214,-71.8326],[-73.6954,-71.8416],[-73.6896,-71.8473],[-73.6655,-71.8524],[-73.6369,-71.8532],[-73.6095,-71.8431],[-73.595,-71.8506],[-73.571,-71.8572],[-73.5583,-71.8546],[-73.5595,-71.8369],[-73.5327,-71.8439],[-73.4969,-71.8319],[-73.4746,-71.8314],[-73.4512,-71.8355],[-73.408,-71.8494],[-73.3957,-71.8588],[-73.3654,-71.8666],[-73.344,-71.8757],[-73.3378,-71.8826],[-73.2919,-71.8942],[-73.2771,-71.8999],[-73.2375,-71.9082],[-73.1681,-71.9273],[-73.1469,-71.9271],[-73.1053,-71.9199],[-73.0895,-71.9263],[-73.0977,-71.9334],[-73.0872,-71.9391],[-73.0687,-71.942],[-73.0476,-71.9407],[-72.9727,-71.9294],[-72.9323,-71.9329],[-72.9062,-71.9269],[-72.8688,-71.926],[-72.8535,-71.9163],[-72.8345,-71.9115],[-72.7984,-71.9088],[-72.7535,-71.8888],[-72.7247,-71.8745],[-72.7113,-71.8642],[-72.721,-71.8524],[-72.6977,-71.8352],[-72.6919,-71.8237],[-72.6967,-71.8115],[-72.7043,-71.8067],[-72.7081,-71.7939],[-72.6887,-71.7988],[-72.6752,-71.7883],[-72.6872,-71.7803],[-72.6924,-71.7683],[-72.6785,-71.7625],[-72.6902,-71.7453],[-72.703,-71.7348],[-72.685,-71.7313],[-72.6718,-71.7221],[-72.6555,-71.7253],[-72.6403,-71.7325],[-72.592,-71.7399],[-72.5676,-71.7495],[-72.5586,-71.7414],[-72.5686,-71.7254],[-72.5528,-71.7279],[-72.5179,-71.7247],[-72.4854,-71.7261],[-72.4847,-71.7145],[-72.4623,-71.7107],[-72.4626,-71.7033],[-72.4428,-71.7028],[-72.4565,-71.6841],[-72.4558,-71.6702],[-72.4146,-71.6611],[-72.3992,-71.6645],[-72.387,-71.6556],[-72.3636,-71.6453],[-72.3556,-71.6322],[-72.3245,-71.623],[-72.2822,-71.6204],[-72.26,-71.6234],[-72.251,-71.629],[-72.2458,-71.6406],[-72.2518,-71.6491],[-72.2187,-71.6581],[-72.1819,-71.6617],[-72.1796,-71.6769],[-72.186,-71.6876],[-72.1827,-71.7096],[-72.1697,-71.71],[-72.1314,-71.6954],[-72.1014,-71.6962],[-72.085,-71.7037],[-72.0934,-71.7085],[-72.0997,-71.7204],[-72.0833,-71.7202],[-72.0645,-71.7139],[-72.0511,-71.728],[-72.0165,-71.7446],[-72.0249,-71.7545],[-72.0078,-71.762],[-71.9703,-71.7545],[-71.9529,-71.7537],[-71.9518,-71.7624],[-71.9217,-71.7657],[-71.9396,-71.7766],[-71.9266,-71.7796],[-71.9014,-71.7773],[-71.8802,-71.7717],[-71.8588,-71.7693],[-71.8511,-71.7798],[-71.8321,-71.7837],[-71.8204,-71.7982],[-71.8293,-71.8066],[-71.8204,-71.8146],[-71.8201,-71.8225],[-71.8431,-71.8508],[-71.8631,-71.8522],[-71.8645,-71.8649],[-71.8341,-71.878],[-71.8163,-71.8882],[-71.7891,-71.895],[-71.768,-71.8922],[-71.7631,-71.8843],[-71.6797,-71.8843],[-71.6136,-71.8747],[-71.583,-71.865],[-71.5771,-71.8592],[-71.5574,-71.8551],[-71.5274,-71.8536],[-71.5049,-71.8442],[-71.467,-71.8407],[-71.4238,-71.841],[-71.3864,-71.8347],[-71.3432,-71.8375],[-71.3222,-71.843],[-71.2767,-71.8498],[-71.209,-71.8696],[-71.1809,-71.8861],[-71.1576,-71.8925],[-71.1412,-71.9067],[-71.1239,-71.903],[-71.0766,-71.9],[-71.0586,-71.8955],[-71.0329,-71.8836],[-71.017,-71.8798],[-70.9993,-71.8823],[-70.9595,-71.8707],[-70.9359,-71.867],[-70.9207,-71.8711],[-70.8904,-71.8706],[-70.8805,-71.8631],[-70.8863,-71.855],[-70.8644,-71.8524],[-70.8621,-71.8452],[-70.8266,-71.8496],[-70.7894,-71.8476],[-70.7432,-71.8583],[-70.7073,-71.873],[-70.7381,-71.8808],[-70.749,-71.8873],[-70.7234,-71.9027],[-70.7211,-71.9078],[-70.7424,-71.9167],[-70.7779,-71.928],[-70.7557,-71.954],[-70.7438,-71.9614],[-70.7514,-71.966],[-70.7502,-71.9748],[-70.7679,-71.9769],[-70.7558,-71.9838],[-70.7739,-71.9856],[-70.8113,-71.9839],[-70.8401,-71.9846],[-70.8505,-71.9892],[-70.83,-71.9999],[-70.8463,-72.0068],[-70.8896,-72.012],[-70.9038,-72.0165],[-70.9242,-72.0167],[-70.9512,-72.0249],[-70.9779,-72.0213],[-71.005,-72.0227],[-71.068,-72.0233],[-71.0835,-72.0263],[-71.1362,-72.0297],[-71.1544,-72.0436],[-71.1865,-72.0498],[-71.2091,-72.0518],[-71.225,-72.0569],[-71.2771,-72.0537],[-71.2795,-72.0636],[-71.2916,-72.0661],[-71.3291,-72.0662],[-71.3499,-72.0723],[-71.3815,-72.074],[-71.389,-72.0662],[-71.4185,-72.064],[-71.4513,-72.065],[-71.4804,-72.0633],[-71.5089,-72.0654],[-71.5289,-72.0699],[-71.5409,-72.0785],[-71.5549,-72.0778],[-71.5818,-72.0822],[-71.5994,-72.0822],[-71.618,-72.0876],[-71.6542,-72.0918],[-71.6727,-72.0881],[-71.7051,-72.0941],[-71.741,-72.0932],[-71.7739,-72.0976],[-71.7958,-72.1074],[-71.8123,-72.1094],[-71.8467,-72.1094],[-71.8527,-72.112],[-71.9078,-72.1106],[-71.9286,-72.1065],[-71.9611,-72.1114],[-71.9982,-72.1198],[-72.0206,-72.115],[-72.0472,-72.1219],[-72.0527,-72.1403],[-72.0354,-72.1612],[-71.9972,-72.1715],[-71.9873,-72.1815],[-71.9428,-72.1908],[-71.9297,-72.1893],[-71.8922,-72.1974],[-71.8349,-72.2149],[-71.8102,-72.2116],[-71.7795,-72.2134],[-71.7348,-72.2066],[-71.6268,-72.223],[-71.6473,-72.2294],[-71.6597,-72.2435],[-71.6435,-72.2533],[-71.5871,-72.2543],[-71.5525,-72.2576],[-71.5144,-72.2591],[-71.4718,-72.2726],[-71.4234,-72.2748],[-71.3933,-72.282],[-71.3792,-72.2787],[-71.3776,-72.2721],[-71.3397,-72.2608],[-71.3121,-72.261],[-71.2896,-72.2637],[-71.2694,-72.262],[-71.194,-72.2609],[-71.203,-72.2718],[-71.1426,-72.2727],[-71.1209,-72.2745],[-71.0966,-72.2635],[-71.0792,-72.2627],[-71.0368,-72.2525],[-71.012,-72.2519],[-70.9789,-72.2423],[-70.9584,-72.2431],[-70.9033,-72.2369],[-70.9152,-72.2294],[-70.8681,-72.22],[-70.8161,-72.2131],[-70.7922,-72.2068],[-70.7726,-72.1939],[-70.7445,-72.1855],[-70.7396,-72.1771],[-70.718,-72.1748],[-70.6929,-72.1667],[-70.6578,-72.1684],[-70.6508,-72.1639],[-70.6187,-72.1614],[-70.5872,-72.1648],[-70.5725,-72.1709],[-70.5391,-72.1757],[-70.5174,-72.1732],[-70.5137,-72.1654],[-70.5373,-72.1637],[-70.5377,-72.1561],[-70.4877,-72.1491],[-70.4801,-72.1437],[-70.459,-72.1385],[-70.4376,-72.1369],[-70.4275,-72.1308],[-70.4073,-72.1315],[-70.3977,-72.1357],[-70.3925,-72.1545],[-70.3962,-72.1638],[-70.3602,-72.1857],[-70.3479,-72.1952],[-70.3364,-72.2136],[-70.3196,-72.2261],[-70.2986,-72.2326],[-70.2489,-72.2323],[-70.2083,-72.2431],[-70.1813,-72.248],[-70.186,-72.2516],[-70.1644,-72.2642],[-70.1883,-72.2733],[-70.2143,-72.289],[-70.2992,-72.2976],[-70.3383,-72.3029],[-70.4377,-72.3191],[-70.4885,-72.3331],[-70.504,-72.3409],[-70.537,-72.3471],[-70.5554,-72.3467],[-70.6018,-72.352],[-70.643,-72.3619],[-70.6765,-72.3803],[-70.7164,-72.3892],[-70.7685,-72.3916],[-70.7799,-72.3871],[-70.8195,-72.3928],[-70.8884,-72.3947],[-70.9193,-72.3973],[-70.9624,-72.3964],[-71.0068,-72.3927],[-71.0188,-72.3935],[-71.1249,-72.3914],[-71.1382,-72.3876],[-71.2196,-72.3862],[-71.2434,-72.3928],[-71.3089,-72.3904],[-71.3267,-72.3865],[-71.4406,-72.3839],[-71.5146,-72.3793],[-71.5662,-72.3789],[-71.609,-72.38],[-71.654,-72.3847],[-71.6695,-72.3711],[-71.7183,-72.3575],[-71.7751,-72.3545],[-71.8311,-72.3583],[-71.8806,-72.3516],[-71.8881,-72.3449],[-71.9234,-72.3391],[-71.9672,-72.3292],[-72.0064,-72.3236],[-72.0474,-72.3249],[-72.074,-72.3228],[-72.0835,-72.3178],[-72.1011,-72.318],[-72.1041,-72.3281],[-72.1363,-72.3363],[-72.1276,-72.3476],[-72.1065,-72.3558],[-72.1237,-72.3622],[-72.1263,-72.3676],[-72.1551,-72.3692],[-72.2149,-72.3565],[-72.2298,-72.3512],[-72.2692,-72.3275],[-72.294,-72.319],[-72.2727,-72.3167],[-72.2614,-72.3094],[-72.2855,-72.3083],[-72.3229,-72.2926],[-72.3385,-72.2888],[-72.425,-72.2787],[-72.4506,-72.2787],[-72.4988,-72.2747],[-72.5686,-72.274],[-72.6377,-72.2708],[-72.7153,-72.2729],[-72.7707,-72.281],[-72.8214,-72.2916],[-72.8346,-72.3001],[-72.8621,-72.3044],[-72.8619,-72.3083],[-72.8927,-72.3163],[-72.9123,-72.3254],[-72.9292,-72.3415],[-72.9521,-72.3431],[-72.9886,-72.3547],[-73.014,-72.3608],[-73.0608,-72.3679],[-73.074,-72.3756],[-73.1196,-72.3908],[-73.1194,-72.3986],[-73.1343,-72.4128],[-73.1545,-72.4165],[-73.1565,-72.4249],[-73.1685,-72.4367],[-73.1661,-72.4456],[-73.1541,-72.4487],[-73.1056,-72.4767],[-73.0734,-72.4822],[-73.0528,-72.4953],[-73.0365,-72.4987],[-73.0312,-72.5044],[-72.9914,-72.5169],[-72.9779,-72.5259],[-72.9569,-72.5287],[-72.9259,-72.5439],[-72.8731,-72.5649],[-72.8469,-72.5793],[-72.8252,-72.5835],[-72.8178,-72.5883],[-72.7527,-72.6022],[-72.6797,-72.61],[-72.6541,-72.6104],[-72.6259,-72.602],[-72.5932,-72.5866],[-72.5929,-72.5784],[-72.582,-72.5699],[-72.5603,-72.5624],[-72.5414,-72.5503],[-72.5158,-72.551],[-72.4862,-72.555],[-72.46,-72.5615],[-72.449,-72.5675],[-72.4991,-72.5946],[-72.5133,-72.6063],[-72.5099,-72.6207],[-72.5163,-72.6336],[-72.5071,-72.6427],[-72.489,-72.6506],[-72.4819,-72.6587],[-72.4656,-72.6578],[-72.4353,-72.661],[-72.4266,-72.6648],[-72.3932,-72.6689],[-72.3607,-72.6697],[-72.3427,-72.6658],[-72.2883,-72.6606],[-72.259,-72.6562],[-72.2172,-72.6565],[-72.1553,-72.6495],[-72.1002,-72.6475],[-72.0669,-72.6422],[-72.0549,-72.6362],[-72.0201,-72.6322],[-71.9835,-72.6342],[-71.9706,-72.6378],[-71.9018,-72.6325],[-71.8538,-72.6318],[-71.6704,-72.6324],[-71.6012,-72.6341],[-71.5663,-72.636],[-71.525,-72.6356],[-71.4596,-72.6301],[-71.403,-72.631],[-71.3671,-72.6338],[-71.3156,-72.6434],[-71.2654,-72.6414],[-71.2052,-72.6444],[-71.1562,-72.6433],[-71.0975,-72.645],[-71.015,-72.6491],[-70.9783,-72.6544],[-70.9343,-72.6588],[-70.9143,-72.6575],[-70.8855,-72.6507],[-70.8761,-72.6444],[-70.8588,-72.6119],[-70.8566,-72.5886],[-70.8172,-72.5886],[-70.8031,-72.5848],[-70.7983,-72.5709],[-70.7841,-72.5672],[-70.7595,-72.5704],[-70.7484,-72.5789],[-70.7242,-72.5823],[-70.7088,-72.5934],[-70.7063,-72.6231],[-70.7109,-72.6345],[-70.7031,-72.6616],[-70.6926,-72.6706],[-70.6755,-72.6724],[-70.6107,-72.6708],[-70.5653,-72.6807],[-70.5279,-72.6793],[-70.5072,-72.6749],[-70.4437,-72.653],[-70.3862,-72.6433],[-70.3433,-72.6394],[-70.2457,-72.6337],[-70.1755,-72.6267],[-70.1043,-72.6171],[-70.0715,-72.6215],[-70.0382,-72.6228],[-69.995,-72.6209],[-69.9308,-72.6238],[-69.8854,-72.6234],[-69.8278,-72.62],[-69.7586,-72.6135],[-69.688,-72.6011],[-69.6569,-72.5974],[-69.5913,-72.5938],[-69.5112,-72.5837],[-69.4747,-72.5759],[-69.4198,-72.5665],[-69.3283,-72.5533],[-69.3028,-72.5521],[-69.2402,-72.5436],[-69.1908,-72.527],[-69.1542,-72.5057],[-69.142,-72.4886],[-69.1669,-72.4857],[-69.1798,-72.477],[-69.2108,-72.473],[-69.2443,-72.4647],[-69.2489,-72.4595],[-69.2447,-72.4308],[-69.2292,-72.4223],[-69.2152,-72.4193],[-69.1975,-72.4239],[-69.1818,-72.4223],[-69.1741,-72.4077],[-69.1618,-72.4032],[-69.1665,-72.3874],[-69.1309,-72.3755],[-69.103,-72.3713],[-69.0197,-72.3694],[-68.9804,-72.3765],[-68.9517,-72.3764],[-68.9298,-72.364],[-68.9261,-72.3491],[-68.8868,-72.3325],[-68.8069,-72.3032],[-68.7836,-72.2858],[-68.7703,-72.2653],[-68.7868,-72.25],[-68.7859,-72.237],[-68.7741,-72.2301],[-68.7514,-72.2226],[-68.7196,-72.2203],[-68.7002,-72.2167],[-68.6622,-72.2213],[-68.6323,-72.2182],[-68.6164,-72.2229],[-68.5874,-72.243],[-68.555,-72.2532],[-68.5301,-72.252],[-68.5154,-72.2458],[-68.4879,-72.2429],[-68.4635,-72.246],[-68.4395,-72.237],[-68.4182,-72.2212],[-68.4051,-72.1987],[-68.4325,-72.1717],[-68.4288,-72.1645],[-68.4355,-72.1583],[-68.4225,-72.1448],[-68.4007,-72.1355],[-68.3911,-72.1207],[-68.3722,-72.11],[-68.3631,-72.095],[-68.3484,-72.0918],[-68.3388,-72.083],[-68.3496,-72.0761],[-68.3329,-72.0678],[-68.3391,-72.0467],[-68.3733,-72.0172],[-68.4177,-71.9988],[-68.4309,-71.9909],[-68.3945,-71.9772],[-68.3853,-71.9688],[-68.3863,-71.9624],[-68.3704,-71.9507],[-68.3368,-71.9342],[-68.3269,-71.9212],[-68.3049,-71.9021],[-68.2886,-71.8922],[-68.2446,-71.8847],[-68.2152,-71.8731],[-68.2074,-71.8519],[-68.2011,-71.8449],[-68.2041,-71.8353],[-68.2163,-71.824],[-68.2225,-71.8084],[-68.2106,-71.7684],[-68.2164,-71.7633],[-68.2115,-71.7335],[-68.206,-71.7133],[-68.2036,-71.6913],[-68.1937,-71.6545],[-68.1412,-71.6124],[-68.13,-71.6003],[-68.124,-71.5821],[-68.1441,-71.5583],[-68.165,-71.5396],[-68.1952,-71.5211],[-68.205,-71.5024],[-68.2298,-71.4687],[-68.2486,-71.4512],[-68.2356,-71.4379],[-68.2419,-71.4297],[-68.2542,-71.4243],[-68.2524,-71.4112],[-68.2358,-71.3924],[-68.2386,-71.3842],[-68.2566,-71.3707],[-68.2534,-71.3655],[-68.2263,-71.3482],[-68.2243,-71.3414],[-68.2363,-71.3236],[-68.2273,-71.3126],[-68.2243,-71.2993],[-68.2299,-71.2871],[-68.2222,-71.2622],[-68.2266,-71.2452],[-68.2261,-71.2081],[-68.2169,-71.1801],[-68.2174,-71.1738],[-68.2298,-71.1639],[-68.2378,-71.1492],[-68.23,-71.1308],[-68.2301,-71.1203],[-68.2448,-71.1035],[-68.258,-71.0756],[-68.3015,-71.0323],[-68.3088,-71.0223],[-68.303,-71.0047],[-68.3099,-70.9564],[-68.33,-70.9337],[-68.3316,-70.9236],[-68.3203,-70.9041],[-68.3102,-70.8778],[-68.3122,-70.8601],[-68.3199,-70.848],[-68.3507,-70.8245],[-68.3519,-70.8148],[-68.3327,-70.799],[-68.3323,-70.7944],[-68.3617,-70.7754],[-68.4,-70.7639],[-68.4094,-70.7559],[-68.434,-70.7082],[-68.4402,-70.6877],[-68.4387,-70.6785],[-68.4479,-70.6713],[-68.4491,-70.6586],[-68.4656,-70.6469],[-68.4715,-70.622],[-68.4777,-70.6159],[-68.504,-70.6006],[-68.5195,-70.5859],[-68.5311,-70.5813],[-68.5834,-70.5685],[-68.593,-70.5618],[-68.6055,-70.5286],[-68.6154,-70.5192],[-68.6258,-70.4905],[-68.6267,-70.4763],[-68.6418,-70.4544],[-68.6619,-70.4382],[-68.6665,-70.4307],[-68.6893,-70.42],[-68.7015,-70.4085],[-68.7145,-70.4023],[-68.7196,-70.3947],[-68.7283,-70.366],[-68.7214,-70.3607],[-68.7344,-70.3449],[-68.7643,-70.328],[-68.7918,-70.3083],[-68.8248,-70.2971],[-68.8554,-70.2787],[-68.863,-70.2674],[-68.876,-70.2645],[-68.8949,-70.2516],[-68.9071,-70.2493],[-68.9869,-70.1926],[-68.9945,-70.1847],[-69.0241,-70.1748],[-69.0541,-70.156],[-69.07,-70.1535],[-69.0814,-70.1464],[-69.082,-70.1318],[-69.0932,-70.1242],[-69.1016,-70.103],[-69.1069,-70.0979],[-69.1086,-70.0847],[-69.1166,-70.0769],[-69.1376,-70.0724],[-69.148,-70.067],[-69.1741,-70.0594],[-69.1872,-70.0446],[-69.1806,-70.0362],[-69.1863,-70.0252],[-69.1622,-70.019],[-69.177,-70.0047],[-69.1997,-70.0058],[-69.2158,-69.9982],[-69.2128,-69.9897],[-69.2283,-69.9809],[-69.2299,-69.9659],[-69.2375,-69.9588],[-69.2389,-69.9471],[-69.2518,-69.9385],[-69.2772,-69.9326],[-69.2871,-69.9207],[-69.2642,-69.9086],[-69.271,-69.8986],[-69.2643,-69.8885],[-69.2691,-69.8677],[-69.2976,-69.8511],[-69.2997,-69.8465],[-69.3281,-69.8286],[-69.3317,-69.8119],[-69.3276,-69.8047],[-69.3374,-69.7944],[-69.3252,-69.7721],[-69.3291,-69.7594],[-69.3253,-69.7542],[-69.3397,-69.7279],[-69.316,-69.7054],[-69.3162,-69.6904],[-69.3244,-69.6828],[-69.3321,-69.6643],[-69.3455,-69.6545],[-69.3377,-69.6496],[-69.3401,-69.6429],[-69.3246,-69.6318],[-69.3341,-69.6235],[-69.3597,-69.6156],[-69.3682,-69.6104],[-69.3863,-69.6071],[-69.406,-69.5981],[-69.415,-69.5864],[-69.4352,-69.5785],[-69.4499,-69.5785],[-69.4811,-69.5716],[-69.4905,-69.558],[-69.4797,-69.5426],[-69.4688,-69.5389],[-69.4683,-69.5309],[-69.485,-69.5253],[-69.5208,-69.509],[-69.5291,-69.4977],[-69.5235,-69.4885],[-69.5383,-69.4805],[-69.5417,-69.4704],[-69.5276,-69.4629],[-69.5038,-69.4596],[-69.5205,-69.4549],[-69.5325,-69.4555],[-69.5631,-69.4393],[-69.5901,-69.412],[-69.6349,-69.4036],[-69.6485,-69.3842],[-69.6593,-69.3777],[-69.6661,-69.3645],[-69.6753,-69.3569],[-69.6796,-69.3458],[-69.705,-69.3212],[-69.7113,-69.307],[-69.7297,-69.2946],[-69.7337,-69.2871],[-69.7499,-69.2779],[-69.7884,-69.2843],[-69.8037,-69.2974],[-69.8458,-69.3048],[-69.8635,-69.3056],[-69.8921,-69.2976],[-69.914,-69.3029],[-69.9319,-69.3174],[-69.9546,-69.319],[-69.9786,-69.3172],[-70.0276,-69.3098],[-70.0386,-69.2901],[-70.057,-69.2854],[-70.0807,-69.2891],[-70.105,-69.2838],[-70.0938,-69.277],[-70.1122,-69.2729],[-70.114,-69.2618],[-70.1004,-69.26],[-70.0813,-69.2511],[-70.083,-69.2435],[-70.0576,-69.2311],[-70.0601,-69.2119],[-70.0526,-69.2048],[-70.0271,-69.1988],[-70.0208,-69.1704],[-70.027,-69.162],[-70.0435,-69.1494],[-70.0962,-69.14],[-70.1044,-69.1361],[-70.1016,-69.1255],[-70.0582,-69.1041],[-70.0416,-69.1],[-70.01,-69.0992],[-69.9985,-69.0951],[-70.0082,-69.0853],[-70.0343,-69.0735],[-70.0523,-69.0592],[-70.0717,-69.0535],[-70.0736,-69.0414],[-70.0876,-69.0246],[-70.0848,-69.0153],[-70.1049,-69.0046],[-70.1043,-68.9976],[-70.089,-68.9915],[-70.07,-68.989],[-70.0693,-68.976],[-70.0879,-68.9675],[-70.1015,-68.9511],[-70.092,-68.9419],[-70.0836,-68.922],[-70.0996,-68.9029],[-70.098,-68.8951],[-70.1073,-68.8854],[-70.1331,-68.8743],[-70.1463,-68.8637],[-70.1969,-68.8461],[-70.2145,-68.8461],[-70.2341,-68.8422],[-70.2772,-68.8264],[-70.3037,-68.8256],[-70.3572,-68.8169],[-70.3739,-68.8087],[-70.3769,-68.7988],[-70.4151,-68.7912],[-70.43,-68.7853],[-70.4522,-68.7839]]],[[[-59.825,-80.4235],[-59.805,-80.3683],[-59.8043,-80.3462],[-59.7499,-80.2733],[-59.7416,-80.2591],[-59.7353,-80.2291],[-59.742,-80.2074],[-59.7417,-80.189],[-59.7747,-80.1576],[-59.8026,-80.1453],[-59.911,-80.1218],[-59.9528,-80.1064],[-59.9642,-80.0852],[-59.945,-80.0603],[-59.9233,-79.9849],[-59.9147,-79.9741],[-59.9131,-79.9517],[-59.8903,-79.9161],[-59.9013,-79.8731],[-59.8844,-79.8372],[-59.8928,-79.8312],[-59.9439,-79.8204],[-59.9826,-79.8051],[-60.0731,-79.7726],[-60.1252,-79.7603],[-60.2452,-79.7483],[-60.3799,-79.7421],[-60.5231,-79.7417],[-60.57,-79.7443],[-60.6538,-79.753],[-60.7574,-79.7609],[-60.8592,-79.7746],[-60.9243,-79.7866],[-61.0541,-79.8125],[-61.1153,-79.8335],[-61.1431,-79.8481],[-61.1967,-79.8627],[-61.2208,-79.8752],[-61.2327,-79.8881],[-61.2473,-79.927],[-61.2907,-79.9516],[-61.2719,-79.9732],[-61.2677,-79.9867],[-61.3469,-80.0338],[-61.37,-80.04],[-61.434,-80.0658],[-61.4443,-80.0754],[-61.4414,-80.1282],[-61.4167,-80.1523],[-61.3566,-80.1933],[-61.3324,-80.2045],[-61.2089,-80.2476],[-61.2004,-80.2567],[-61.2283,-80.2729],[-61.3027,-80.2944],[-61.3682,-80.3057],[-61.4777,-80.3165],[-61.5042,-80.3206],[-61.565,-80.336],[-61.6202,-80.3453],[-61.7302,-80.3537],[-61.836,-80.3741],[-61.9442,-80.3867],[-62.0274,-80.3982],[-62.0953,-80.4044],[-62.1974,-80.4117],[-62.363,-80.4197],[-62.5264,-80.4243],[-62.714,-80.4347],[-62.8455,-80.4453],[-62.9214,-80.4494],[-63.0163,-80.4528],[-63.2555,-80.4597],[-63.3104,-80.4605],[-63.4283,-80.4676],[-63.5145,-80.4649],[-63.6391,-80.4577],[-63.7235,-80.4493],[-63.8173,-80.4429],[-63.9111,-80.4395],[-64.0689,-80.4377],[-64.2042,-80.4342],[-64.397,-80.4315],[-64.5501,-80.4286],[-64.7047,-80.4244],[-64.7989,-80.4231],[-64.9601,-80.4187],[-65.0359,-80.4174],[-65.1144,-80.4143],[-65.4202,-80.411],[-65.466,-80.4097],[-65.7491,-80.3964],[-65.9215,-80.3872],[-66.0073,-80.3806],[-66.0982,-80.3698],[-66.1457,-80.3593],[-66.1907,-80.3443],[-66.2191,-80.3301],[-66.2219,-80.3061],[-66.2309,-80.2836],[-66.2063,-80.2713],[-66.2369,-80.2576],[-66.2369,-80.2452],[-66.1999,-80.2326],[-66.19,-80.2245],[-66.1835,-80.2063],[-66.1988,-80.1984],[-66.2656,-80.1994],[-66.5486,-80.2244],[-66.6379,-80.24],[-66.7101,-80.264],[-66.7288,-80.2684],[-66.7961,-80.3018],[-66.8211,-80.3191],[-66.8203,-80.3337],[-66.7912,-80.3465],[-66.7809,-80.3567],[-66.7768,-80.3797],[-66.7517,-80.3949],[-66.7077,-80.4048],[-66.6606,-80.4224],[-66.6193,-80.4325],[-66.557,-80.4445],[-66.4873,-80.4618],[-66.3874,-80.4784],[-66.2592,-80.5041],[-66.2223,-80.5099],[-66.1515,-80.5243],[-65.9659,-80.5539],[-65.9218,-80.5597],[-65.8294,-80.5771],[-65.7524,-80.5868],[-65.7089,-80.5902],[-65.6111,-80.6047],[-65.5059,-80.6221],[-65.4645,-80.6272],[-65.2592,-80.6606],[-65.2045,-80.6681],[-65.0033,-80.6886],[-64.7642,-80.7113],[-64.6972,-80.7161],[-64.5619,-80.728],[-64.4877,-80.7328],[-64.3536,-80.7356],[-64.2728,-80.73],[-64.2516,-80.7175],[-64.2507,-80.6841],[-64.2305,-80.6681],[-64.1753,-80.6531],[-64.124,-80.6437],[-64.0085,-80.633],[-63.8776,-80.6168],[-63.7832,-80.6078],[-63.7325,-80.6002],[-63.6216,-80.593],[-63.5829,-80.5935],[-63.4656,-80.6035],[-63.4374,-80.6045],[-63.2502,-80.6046],[-63.155,-80.6039],[-63.0949,-80.6084],[-63.0674,-80.6127],[-63.0537,-80.62],[-63.0589,-80.6346],[-63.0574,-80.6595],[-63.0441,-80.6691],[-62.9701,-80.6892],[-62.9626,-80.6973],[-62.9659,-80.7162],[-62.9985,-80.7345],[-62.9918,-80.7624],[-62.9725,-80.7715],[-62.8986,-80.7931],[-62.8147,-80.8095],[-62.6275,-80.8372],[-62.4288,-80.8707],[-62.3681,-80.8799],[-62.3132,-80.8853],[-62.238,-80.8892],[-62.2108,-80.8888],[-62.0451,-80.8951],[-61.9303,-80.9049],[-61.7763,-80.9199],[-61.6794,-80.9282],[-61.5109,-80.9411],[-61.3232,-80.9531],[-61.2657,-80.9554],[-61.0952,-80.9599],[-60.8498,-80.9596],[-60.7722,-80.9568],[-60.6401,-80.9486],[-60.5814,-80.9433],[-60.4176,-80.9194],[-60.3072,-80.8908],[-60.2593,-80.8718],[-60.2062,-80.8595],[-60.1768,-80.8448],[-60.1748,-80.8273],[-60.1056,-80.8079],[-60.0892,-80.7948],[-60.0285,-80.7581],[-59.9125,-80.6436],[-59.9112,-80.6369],[-59.8609,-80.5675],[-59.8591,-80.5234],[-59.8443,-80.4975],[-59.8263,-80.4471],[-59.825,-80.4235]]],[[[-68.5693,-52.7069],[-68.5681,-52.7024],[-68.5834,-52.6835],[-68.6067,-52.659],[-68.6067,-52.7764],[-68.6064,-52.908],[-68.6066,-52.9853],[-68.6066,-53.1199],[-68.6065,-53.2113],[-68.6065,-53.3541],[-68.607,-53.5598],[-68.6064,-53.658],[-68.6071,-53.7329],[-68.6072,-53.8473],[-68.6074,-53.9618],[-68.6078,-54.0952],[-68.608,-54.2114],[-68.6086,-54.2607],[-68.6085,-54.3956],[-68.6089,-54.4354],[-68.6077,-54.5546],[-68.6055,-54.5823],[-68.6024,-54.6574],[-68.5992,-54.7256],[-68.5974,-54.743],[-68.5951,-54.7996],[-68.5964,-54.873],[-68.6093,-54.8926],[-68.5998,-54.8942],[-68.5678,-54.8909],[-68.5548,-54.8872],[-68.5541,-54.8809],[-68.532,-54.8796],[-68.5207,-54.8718],[-68.5338,-54.8668],[-68.5556,-54.8628],[-68.5721,-54.8563],[-68.5681,-54.8508],[-68.5331,-54.8535],[-68.5266,-54.8578],[-68.5011,-54.8583],[-68.5024,-54.8539],[-68.4854,-54.8468],[-68.4726,-54.8531],[-68.4505,-54.8581],[-68.4389,-54.8556],[-68.4288,-54.8581],[-68.4174,-54.8552],[-68.3881,-54.8518],[-68.3725,-54.8416],[-68.3555,-54.8383],[-68.3281,-54.83],[-68.3118,-54.8346],[-68.3236,-54.8411],[-68.3104,-54.8489],[-68.2966,-54.845],[-68.278,-54.8439],[-68.2606,-54.8407],[-68.2653,-54.8352],[-68.2844,-54.8333],[-68.2981,-54.8349],[-68.3029,-54.8237],[-68.2988,-54.8158],[-68.3143,-54.8104],[-68.284,-54.8028],[-68.2636,-54.7952],[-68.2477,-54.7951],[-68.2335,-54.7989],[-68.2013,-54.8165],[-68.1906,-54.8187],[-68.1581,-54.8209],[-68.146,-54.8199],[-68.1392,-54.823],[-68.1052,-54.8269],[-68.093,-54.8307],[-68.054,-54.8386],[-68.0362,-54.8465],[-68.0333,-54.8502],[-68.0135,-54.8486],[-67.9999,-54.851],[-67.9903,-54.8561],[-67.9565,-54.8519],[-67.9196,-54.8566],[-67.9036,-54.8605],[-67.8742,-54.859],[-67.8676,-54.8633],[-67.8516,-54.8585],[-67.8227,-54.8603],[-67.8117,-54.8668],[-67.7762,-54.8731],[-67.7601,-54.8798],[-67.748,-54.8786],[-67.7347,-54.8811],[-67.7224,-54.8795],[-67.7035,-54.886],[-67.6888,-54.8871],[-67.6489,-54.8838],[-67.6238,-54.8842],[-67.6055,-54.8814],[-67.5786,-54.8724],[-67.5652,-54.8732],[-67.5613,-54.8699],[-67.535,-54.8678],[-67.5141,-54.8603],[-67.5058,-54.8535],[-67.4966,-54.8573],[-67.4986,-54.868],[-67.4832,-54.8662],[-67.4423,-54.87],[-67.4409,-54.8812],[-67.4184,-54.881],[-67.4095,-54.8894],[-67.3935,-54.8898],[-67.3594,-54.8798],[-67.3537,-54.8663],[-67.3422,-54.8696],[-67.3359,-54.8752],[-67.3119,-54.8799],[-67.3035,-54.8872],[-67.291,-54.8821],[-67.2944,-54.8721],[-67.2801,-54.8713],[-67.2858,-54.8782],[-67.2747,-54.88],[-67.2608,-54.8854],[-67.2318,-54.888],[-67.2081,-54.8929],[-67.1539,-54.8929],[-67.1277,-54.8991],[-67.1216,-54.9032],[-67.1057,-54.9045],[-67.1011,-54.9098],[-67.0845,-54.9103],[-67.0727,-54.915],[-67.0428,-54.9194],[-67.0271,-54.9236],[-67.0015,-54.924],[-66.9482,-54.9378],[-66.9252,-54.9427],[-66.9107,-54.9408],[-66.889,-54.9429],[-66.8817,-54.941],[-66.8656,-54.9425],[-66.8173,-54.9546],[-66.7855,-54.9563],[-66.7645,-54.9607],[-66.7524,-54.9712],[-66.7371,-54.9799],[-66.7355,-54.9862],[-66.7277,-54.9898],[-66.7183,-54.9991],[-66.7175,-55.0055],[-66.7057,-55.0054],[-66.6815,-55.0117],[-66.6601,-55.0189],[-66.6488,-55.0282],[-66.6327,-55.032],[-66.6238,-55.0292],[-66.5866,-55.0389],[-66.5669,-55.0457],[-66.5545,-55.0465],[-66.5479,-55.0508],[-66.5381,-55.0509],[-66.5216,-55.0567],[-66.5045,-55.0516],[-66.4786,-55.0525],[-66.4541,-55.0577],[-66.4414,-55.0567],[-66.4304,-55.0508],[-66.4046,-55.0425],[-66.3915,-55.043],[-66.3622,-55.0342],[-66.3593,-55.0278],[-66.3669,-55.0183],[-66.3695,-55.0093],[-66.357,-55.0034],[-66.3341,-54.9965],[-66.2963,-54.9909],[-66.2729,-54.9908],[-66.2451,-54.9961],[-66.2319,-54.9949],[-66.2162,-54.9974],[-66.1947,-54.9978],[-66.181,-54.9905],[-66.1605,-54.9903],[-66.1397,-54.9948],[-66.1055,-54.9945],[-66.0999,-54.9913],[-66.0847,-54.9902],[-66.0703,-54.9864],[-66.0643,-54.9888],[-66.0405,-54.9835],[-66.0019,-54.9706],[-65.994,-54.9663],[-65.9815,-54.9666],[-65.9709,-54.962],[-65.9696,-54.9535],[-65.9581,-54.941],[-65.9701,-54.9292],[-65.9832,-54.9226],[-65.9935,-54.9206],[-65.9953,-54.9124],[-65.9854,-54.9032],[-65.9709,-54.9023],[-65.9607,-54.9063],[-65.9417,-54.9043],[-65.9297,-54.9059],[-65.9151,-54.9119],[-65.9019,-54.9096],[-65.9029,-54.9047],[-65.8918,-54.9004],[-65.8637,-54.902],[-65.8407,-54.9045],[-65.8334,-54.9102],[-65.8156,-54.9114],[-65.805,-54.9144],[-65.7886,-54.9036],[-65.7736,-54.9059],[-65.7593,-54.9144],[-65.7445,-54.9095],[-65.7353,-54.9112],[-65.7292,-54.9265],[-65.7139,-54.9398],[-65.708,-54.95],[-65.7161,-54.9688],[-65.7022,-54.9667],[-65.6958,-54.9689],[-65.6368,-54.97],[-65.6308,-54.9682],[-65.6306,-54.9577],[-65.6259,-54.9523],[-65.6168,-54.9517],[-65.6073,-54.9452],[-65.5755,-54.9406],[-65.5692,-54.9367],[-65.5588,-54.9374],[-65.5489,-54.9452],[-65.5396,-54.937],[-65.5248,-54.938],[-65.4966,-54.929],[-65.493,-54.916],[-65.5008,-54.9088],[-65.4994,-54.9018],[-65.4869,-54.8961],[-65.4825,-54.8911],[-65.4683,-54.8886],[-65.4396,-54.89],[-65.4286,-54.8978],[-65.4217,-54.9135],[-65.4238,-54.9223],[-65.4074,-54.9408],[-65.3821,-54.9411],[-65.3777,-54.9368],[-65.341,-54.9245],[-65.3221,-54.9148],[-65.3128,-54.9032],[-65.3172,-54.8863],[-65.312,-54.8723],[-65.2792,-54.8621],[-65.2803,-54.8535],[-65.269,-54.8474],[-65.2642,-54.8408],[-65.2544,-54.835],[-65.2402,-54.8342],[-65.2327,-54.8281],[-65.227,-54.8182],[-65.2477,-54.8117],[-65.2524,-54.8048],[-65.2635,-54.8047],[-65.2618,-54.7944],[-65.2461,-54.7933],[-65.2364,-54.7889],[-65.2251,-54.7875],[-65.2038,-54.7801],[-65.213,-54.7761],[-65.2099,-54.7666],[-65.2005,-54.7633],[-65.2178,-54.7472],[-65.2173,-54.7436],[-65.2011,-54.7372],[-65.2015,-54.7318],[-65.1917,-54.7198],[-65.1928,-54.7115],[-65.198,-54.7042],[-65.194,-54.696],[-65.1765,-54.6812],[-65.1659,-54.6795],[-65.1393,-54.6699],[-65.1345,-54.6652],[-65.1204,-54.6617],[-65.1168,-54.656],[-65.1288,-54.6515],[-65.1515,-54.651],[-65.1794,-54.648],[-65.2072,-54.6471],[-65.213,-54.6416],[-65.2276,-54.6444],[-65.2344,-54.6414],[-65.2443,-54.6492],[-65.2366,-54.6556],[-65.245,-54.6608],[-65.2574,-54.6612],[-65.2615,-54.6529],[-65.2489,-54.6478],[-65.2494,-54.6398],[-65.2448,-54.6326],[-65.2419,-54.6201],[-65.2721,-54.6267],[-65.28,-54.6314],[-65.2939,-54.6281],[-65.3222,-54.6366],[-65.3353,-54.6364],[-65.3462,-54.64],[-65.3662,-54.643],[-65.374,-54.6409],[-65.3897,-54.644],[-65.3991,-54.6402],[-65.4208,-54.6451],[-65.421,-54.6549],[-65.4262,-54.6625],[-65.4377,-54.6632],[-65.4451,-54.6589],[-65.4474,-54.6521],[-65.4372,-54.6505],[-65.4308,-54.6422],[-65.4487,-54.6446],[-65.4714,-54.6509],[-65.4777,-54.6562],[-65.4957,-54.6578],[-65.5112,-54.6559],[-65.516,-54.6606],[-65.5155,-54.6743],[-65.5233,-54.6766],[-65.5293,-54.6674],[-65.5268,-54.662],[-65.5452,-54.6579],[-65.5622,-54.651],[-65.5743,-54.6515],[-65.595,-54.6568],[-65.6287,-54.6591],[-65.6406,-54.6575],[-65.6478,-54.6608],[-65.6842,-54.6634],[-65.6998,-54.6583],[-65.7104,-54.6609],[-65.727,-54.6561],[-65.7512,-54.6554],[-65.7526,-54.6497],[-65.7684,-54.649],[-65.8058,-54.6514],[-65.8245,-54.6468],[-65.8445,-54.6394],[-65.8592,-54.6392],[-65.905,-54.623],[-65.9056,-54.616],[-65.9219,-54.6113],[-65.9506,-54.6084],[-65.982,-54.5962],[-66.0311,-54.5868],[-66.0427,-54.5798],[-66.0925,-54.5699],[-66.111,-54.5646],[-66.1512,-54.5576],[-66.1676,-54.5492],[-66.18,-54.5488],[-66.2072,-54.5401],[-66.2387,-54.5335],[-66.2486,-54.5283],[-66.2743,-54.5198],[-66.2905,-54.5127],[-66.3056,-54.5082],[-66.3588,-54.5024],[-66.3806,-54.4943],[-66.384,-54.487],[-66.4012,-54.485],[-66.4093,-54.4864],[-66.4231,-54.4803],[-66.4577,-54.4801],[-66.4703,-54.4764],[-66.4871,-54.4645],[-66.5022,-54.4458],[-66.5291,-54.4346],[-66.5522,-54.4205],[-66.5571,-54.4117],[-66.5512,-54.4043],[-66.574,-54.392],[-66.5951,-54.3836],[-66.6142,-54.3732],[-66.6423,-54.354],[-66.661,-54.3434],[-66.6809,-54.322],[-66.6989,-54.3052],[-66.7047,-54.2919],[-66.6933,-54.2878],[-66.7242,-54.28],[-66.7375,-54.2737],[-66.7406,-54.2622],[-66.7462,-54.2553],[-66.7565,-54.2531],[-66.7786,-54.2448],[-66.7844,-54.2453],[-66.8029,-54.2396],[-66.862,-54.2237],[-66.8827,-54.2216],[-66.9025,-54.2165],[-66.9268,-54.2025],[-66.941,-54.1979],[-66.9508,-54.1907],[-66.9499,-54.1845],[-66.9678,-54.1764],[-66.9969,-54.1668],[-67.0135,-54.1572],[-67.038,-54.152],[-67.0537,-54.1451],[-67.0715,-54.1407],[-67.0813,-54.132],[-67.1266,-54.1297],[-67.1632,-54.1124],[-67.2156,-54.0929],[-67.249,-54.0819],[-67.2837,-54.063],[-67.286,-54.0578],[-67.3181,-54.0481],[-67.3372,-54.0353],[-67.3438,-54.0269],[-67.3423,-54.0149],[-67.3654,-54.0042],[-67.3864,-53.9974],[-67.418,-53.991],[-67.4368,-53.9844],[-67.4456,-53.9791],[-67.4681,-53.9605],[-67.4721,-53.9544],[-67.4916,-53.9419],[-67.5081,-53.9396],[-67.5352,-53.9271],[-67.5541,-53.9125],[-67.566,-53.8996],[-67.5733,-53.8881],[-67.5798,-53.8689],[-67.5775,-53.8568],[-67.5651,-53.8466],[-67.5416,-53.8441],[-67.5538,-53.8369],[-67.5864,-53.8306],[-67.6155,-53.8177],[-67.642,-53.8075],[-67.6676,-53.7936],[-67.6814,-53.8062],[-67.6889,-53.808],[-67.7107,-53.8073],[-67.7328,-53.8115],[-67.7407,-53.8193],[-67.7472,-53.8168],[-67.7395,-53.8072],[-67.7252,-53.8033],[-67.7137,-53.7976],[-67.6964,-53.8018],[-67.6816,-53.7993],[-67.6914,-53.79],[-67.6912,-53.7852],[-67.7085,-53.7661],[-67.7233,-53.7584],[-67.7377,-53.7469],[-67.7614,-53.7386],[-67.7783,-53.7311],[-67.7961,-53.7178],[-67.8107,-53.7104],[-67.8262,-53.705],[-67.8355,-53.6982],[-67.8423,-53.689],[-67.8638,-53.6794],[-67.9053,-53.6565],[-67.9374,-53.6339],[-67.9562,-53.6177],[-67.9706,-53.6004],[-67.9826,-53.5918],[-68.0018,-53.5721],[-68.0142,-53.5568],[-68.0307,-53.533],[-68.0442,-53.508],[-68.0576,-53.4779],[-68.066,-53.4557],[-68.0788,-53.3979],[-68.0829,-53.3897],[-68.1075,-53.3566],[-68.1371,-53.3313],[-68.1653,-53.3198],[-68.2066,-53.3067],[-68.2453,-53.3113],[-68.3079,-53.3212],[-68.3262,-53.3198],[-68.3564,-53.3141],[-68.3734,-53.3094],[-68.3871,-53.312],[-68.4277,-53.2982],[-68.4345,-53.3004],[-68.4545,-53.2973],[-68.4777,-53.2866],[-68.4986,-53.2734],[-68.5191,-53.2627],[-68.5274,-53.255],[-68.5484,-53.2475],[-68.551,-53.2434],[-68.556,-53.2122],[-68.5561,-53.1956],[-68.5512,-53.1761],[-68.5415,-53.1593],[-68.5348,-53.1531],[-68.5385,-53.1459],[-68.5072,-53.1216],[-68.4952,-53.1156],[-68.5005,-53.1061],[-68.4913,-53.1015],[-68.466,-53.0993],[-68.4602,-53.0921],[-68.4443,-53.0831],[-68.4478,-53.0799],[-68.4169,-53.0595],[-68.4223,-53.0545],[-68.4122,-53.0492],[-68.3895,-53.0497],[-68.3923,-53.0396],[-68.3832,-53.0352],[-68.3595,-53.0179],[-68.348,-53.0151],[-68.3283,-53.0178],[-68.3198,-53.0131],[-68.2854,-53.0085],[-68.2729,-53.0124],[-68.2657,-53.0205],[-68.2712,-53.0325],[-68.2687,-53.0425],[-68.2556,-53.0598],[-68.237,-53.0812],[-68.2107,-53.1283],[-68.215,-53.1487],[-68.2015,-53.142],[-68.2036,-53.136],[-68.2392,-53.0737],[-68.2464,-53.0569],[-68.2534,-53.0297],[-68.2629,-53.0008],[-68.2782,-52.9662],[-68.2877,-52.9514],[-68.3207,-52.923],[-68.3441,-52.9012],[-68.3834,-52.87],[-68.4452,-52.8155],[-68.4685,-52.7926],[-68.5378,-52.7318],[-68.5649,-52.7051],[-68.5693,-52.7069]]],[[[-67.6446,-78.4538],[-67.7115,-78.4571],[-67.9136,-78.4698],[-68.0066,-78.4781],[-68.0683,-78.4874],[-68.1835,-78.5091],[-68.2585,-78.5254],[-68.3267,-78.5388],[-68.4542,-78.5617],[-68.515,-78.571],[-68.6685,-78.5894],[-68.721,-78.5935],[-68.8728,-78.6116],[-68.9958,-78.6277],[-69.1378,-78.6479],[-69.3202,-78.6765],[-69.4241,-78.6948],[-69.5685,-78.7167],[-69.613,-78.7244],[-69.6675,-78.7399],[-69.7373,-78.7627],[-69.7807,-78.7802],[-69.8182,-78.7905],[-69.9514,-78.812],[-70.0342,-78.8283],[-70.115,-78.836],[-70.2162,-78.8489],[-70.2587,-78.8515],[-70.3123,-78.8574],[-70.3753,-78.8746],[-70.4286,-78.885],[-70.6501,-78.9229],[-70.7221,-78.9383],[-70.8333,-78.9571],[-70.8789,-78.9666],[-70.9337,-78.981],[-70.9943,-78.9988],[-71.0965,-79.0237],[-71.2691,-79.0778],[-71.3317,-79.1011],[-71.3643,-79.117],[-71.4074,-79.1342],[-71.4587,-79.1579],[-71.5144,-79.1943],[-71.57,-79.2245],[-71.6264,-79.2691],[-71.6335,-79.2864],[-71.6599,-79.3094],[-71.6743,-79.3284],[-71.6859,-79.3547],[-71.7099,-79.3813],[-71.7388,-79.3939],[-71.7752,-79.4201],[-71.8116,-79.4344],[-71.8205,-79.4426],[-71.8185,-79.4723],[-71.8114,-79.4951],[-71.7801,-79.5204],[-71.7446,-79.5391],[-71.6885,-79.5651],[-71.585,-79.6041],[-71.4943,-79.6302],[-71.4275,-79.6441],[-71.3251,-79.6545],[-71.2499,-79.6634],[-71.2038,-79.6707],[-71.1185,-79.6794],[-71.0126,-79.6887],[-70.8663,-79.6991],[-70.7548,-79.7028],[-70.6847,-79.7013],[-70.5039,-79.6875],[-70.3806,-79.6817],[-70.2659,-79.6694],[-70.2467,-79.6635],[-70.2636,-79.653],[-70.2692,-79.6347],[-70.2793,-79.6281],[-70.2249,-79.6163],[-70.1749,-79.602],[-70.1428,-79.5884],[-70.0944,-79.58],[-70.0526,-79.5638],[-70.0023,-79.5523],[-69.9524,-79.5457],[-69.8452,-79.5376],[-69.7902,-79.5322],[-69.7644,-79.5253],[-69.7658,-79.5147],[-69.7969,-79.5006],[-69.7992,-79.4927],[-69.782,-79.481],[-69.8202,-79.4694],[-69.8361,-79.4539],[-69.8053,-79.4286],[-69.7719,-79.4221],[-69.7216,-79.4086],[-69.6873,-79.397],[-69.6677,-79.3827],[-69.6431,-79.3754],[-69.6026,-79.351],[-69.5518,-79.3253],[-69.516,-79.3025],[-69.4484,-79.2775],[-69.3665,-79.2511],[-69.3287,-79.241],[-69.2406,-79.2127],[-69.1929,-79.1907],[-69.1402,-79.1748],[-69.098,-79.1572],[-69.0371,-79.138],[-69.0349,-79.1282],[-68.9724,-79.1157],[-68.9314,-79.0991],[-68.8468,-79.0754],[-68.7953,-79.0562],[-68.7566,-79.0386],[-68.7403,-79.0274],[-68.6998,-79.014],[-68.5616,-78.9809],[-68.4331,-78.9414],[-68.3463,-78.9216],[-68.2656,-78.9099],[-68.2268,-78.8968],[-68.1063,-78.8645],[-68.0421,-78.845],[-67.9235,-78.8114],[-67.7903,-78.7764],[-67.7271,-78.7628],[-67.6166,-78.7309],[-67.5679,-78.706],[-67.4907,-78.6818],[-67.4236,-78.6626],[-67.4038,-78.6541],[-67.3812,-78.6332],[-67.327,-78.6082],[-67.2401,-78.5852],[-67.1982,-78.5662],[-67.1823,-78.5558],[-67.1808,-78.5334],[-67.1662,-78.5209],[-67.1817,-78.5069],[-67.1803,-78.4968],[-67.1999,-78.482],[-67.2452,-78.4673],[-67.279,-78.4622],[-67.353,-78.4566],[-67.5002,-78.4537],[-67.6446,-78.4538]]],[[[-58.9696,-51.2332],[-58.9633,-51.2458],[-58.9477,-51.256],[-58.9507,-51.2625],[-58.9583,-51.2679],[-58.9424,-51.2762],[-58.9415,-51.2805],[-58.9292,-51.2868],[-58.9173,-51.2972],[-58.9207,-51.3055],[-58.9167,-51.3121],[-58.9097,-51.3143],[-58.8716,-51.3497],[-58.859,-51.3539],[-58.8605,-51.3649],[-58.8681,-51.3786],[-58.8773,-51.383],[-58.8929,-51.3812],[-58.899,-51.3838],[-58.9087,-51.3804],[-58.9324,-51.3807],[-58.9415,-51.3877],[-58.9491,-51.3836],[-58.9641,-51.384],[-58.9742,-51.3813],[-58.9898,-51.3824],[-59.0068,-51.3873],[-58.9982,-51.392],[-58.9966,-51.3977],[-59.0029,-51.4031],[-59.0002,-51.4097],[-59.0134,-51.4126],[-59.0203,-51.4173],[-59.0069,-51.4248],[-58.9904,-51.4202],[-58.9691,-51.4233],[-58.9605,-51.4428],[-58.9819,-51.4435],[-58.9755,-51.4305],[-58.9886,-51.4257],[-59.0004,-51.428],[-59.013,-51.4234],[-59.0388,-51.4318],[-59.0501,-51.433],[-59.0566,-51.4262],[-59.075,-51.4262],[-59.0741,-51.4198],[-59.0831,-51.4192],[-59.0915,-51.4111],[-59.1029,-51.4112],[-59.1092,-51.4223],[-59.1095,-51.4314],[-59.1166,-51.4359],[-59.1395,-51.4432],[-59.1402,-51.4593],[-59.1448,-51.4609],[-59.1355,-51.4708],[-59.1258,-51.469],[-59.1196,-51.4778],[-59.1119,-51.4792],[-59.1031,-51.4759],[-59.1061,-51.4704],[-59.091,-51.4689],[-59.0665,-51.4767],[-59.0189,-51.4985],[-59.0017,-51.5046],[-58.9916,-51.5063],[-58.9855,-51.5026],[-58.9666,-51.5072],[-58.9485,-51.5096],[-58.9411,-51.5171],[-58.9503,-51.5213],[-58.9553,-51.5149],[-58.9638,-51.5171],[-58.9727,-51.5097],[-58.9846,-51.512],[-59.0003,-51.5121],[-59.0396,-51.5034],[-59.0488,-51.512],[-59.0646,-51.5169],[-59.0567,-51.5278],[-59.0555,-51.5394],[-59.0388,-51.5501],[-59.0349,-51.5607],[-59.0472,-51.5652],[-59.0291,-51.5773],[-59.0417,-51.5969],[-59.0585,-51.5814],[-59.0711,-51.5828],[-59.0719,-51.5675],[-59.0851,-51.5437],[-59.0852,-51.5323],[-59.0966,-51.5159],[-59.1014,-51.5143],[-59.1126,-51.5011],[-59.128,-51.4997],[-59.1184,-51.51],[-59.1131,-51.5289],[-59.128,-51.5346],[-59.1383,-51.5464],[-59.1444,-51.5593],[-59.1592,-51.5778],[-59.1715,-51.5763],[-59.1787,-51.5848],[-59.1625,-51.5966],[-59.1543,-51.5974],[-59.1268,-51.6062],[-59.1052,-51.6147],[-59.101,-51.6244],[-59.0831,-51.63],[-59.068,-51.6419],[-59.0445,-51.6468],[-59.0241,-51.6538],[-59.0052,-51.6575],[-58.9887,-51.6684],[-58.9768,-51.671],[-58.9787,-51.6761],[-58.9941,-51.6662],[-59.0425,-51.6532],[-59.0432,-51.6575],[-59.0226,-51.6651],[-59.0249,-51.6732],[-59.0066,-51.6814],[-59.0197,-51.6855],[-59.0281,-51.6926],[-59.04,-51.7069],[-59.0365,-51.7137],[-59.0166,-51.7096],[-59.0104,-51.7155],[-59.0044,-51.7359],[-59.0098,-51.7364],[-58.9991,-51.758],[-58.9873,-51.7677],[-58.9929,-51.7722],[-58.9933,-51.7811],[-58.9804,-51.7833],[-58.9866,-51.789],[-58.9807,-51.7927],[-58.9849,-51.8007],[-58.9937,-51.8073],[-59.0092,-51.8239],[-59.0207,-51.8219],[-59.0285,-51.8313],[-59.0487,-51.8273],[-59.0503,-51.8207],[-59.0377,-51.8095],[-59.047,-51.7943],[-59.0424,-51.7755],[-59.0262,-51.7726],[-59.0306,-51.7574],[-59.0396,-51.7538],[-59.0492,-51.7403],[-59.0418,-51.7384],[-59.0441,-51.7291],[-59.0507,-51.7292],[-59.0591,-51.7219],[-59.048,-51.7123],[-59.0581,-51.6955],[-59.0699,-51.6961],[-59.087,-51.692],[-59.0975,-51.7033],[-59.1096,-51.705],[-59.132,-51.7017],[-59.1597,-51.7086],[-59.1561,-51.7133],[-59.1654,-51.7245],[-59.1774,-51.7274],[-59.1801,-51.734],[-59.1995,-51.726],[-59.2008,-51.7358],[-59.2117,-51.7426],[-59.2191,-51.7322],[-59.2119,-51.7287],[-59.2106,-51.7212],[-59.2212,-51.7181],[-59.2321,-51.7217],[-59.2492,-51.736],[-59.2481,-51.7425],[-59.2537,-51.7481],[-59.2447,-51.7559],[-59.2489,-51.7667],[-59.2619,-51.764],[-59.2539,-51.7581],[-59.2625,-51.7551],[-59.2638,-51.7491],[-59.2789,-51.7479],[-59.2797,-51.7549],[-59.3018,-51.7627],[-59.295,-51.7765],[-59.2903,-51.7783],[-59.2726,-51.7977],[-59.2925,-51.7964],[-59.2939,-51.789],[-59.3042,-51.7912],[-59.3077,-51.7983],[-59.3191,-51.805],[-59.3298,-51.8051],[-59.3265,-51.7965],[-59.3414,-51.7971],[-59.3363,-51.788],[-59.3412,-51.7846],[-59.3515,-51.7892],[-59.3503,-51.7937],[-59.3611,-51.7999],[-59.3559,-51.8123],[-59.3607,-51.8205],[-59.3671,-51.8233],[-59.3772,-51.8333],[-59.3706,-51.8399],[-59.3839,-51.8499],[-59.389,-51.8423],[-59.4142,-51.8405],[-59.4137,-51.8365],[-59.4035,-51.8247],[-59.4051,-51.8182],[-59.4254,-51.8238],[-59.455,-51.8419],[-59.4662,-51.834],[-59.4971,-51.8356],[-59.5047,-51.8446],[-59.5022,-51.8544],[-59.5089,-51.8583],[-59.4888,-51.8608],[-59.4843,-51.8663],[-59.4655,-51.8647],[-59.4662,-51.8726],[-59.4742,-51.8722],[-59.4856,-51.8802],[-59.4866,-51.8848],[-59.4686,-51.8839],[-59.4599,-51.8874],[-59.4781,-51.898],[-59.5004,-51.8937],[-59.5088,-51.8895],[-59.5043,-51.8846],[-59.5202,-51.8815],[-59.5289,-51.8825],[-59.523,-51.8933],[-59.5276,-51.9029],[-59.5152,-51.9055],[-59.5114,-51.9125],[-59.4981,-51.91],[-59.4748,-51.9164],[-59.477,-51.9213],[-59.4702,-51.9263],[-59.4801,-51.9309],[-59.4917,-51.9295],[-59.4969,-51.936],[-59.5159,-51.9389],[-59.5298,-51.9279],[-59.5437,-51.9308],[-59.5635,-51.9219],[-59.5759,-51.919],[-59.5707,-51.9145],[-59.5777,-51.9092],[-59.5915,-51.9044],[-59.6007,-51.9163],[-59.6096,-51.9166],[-59.612,-51.9303],[-59.6103,-51.9421],[-59.6147,-51.9506],[-59.6082,-51.9533],[-59.5893,-51.9512],[-59.5823,-51.9579],[-59.573,-51.9593],[-59.5639,-51.9514],[-59.5548,-51.9568],[-59.5539,-51.9635],[-59.536,-51.9614],[-59.5286,-51.9644],[-59.5286,-51.9705],[-59.5385,-51.971],[-59.5435,-51.9765],[-59.5643,-51.9744],[-59.5747,-51.9802],[-59.5982,-51.9846],[-59.5999,-51.9786],[-59.6151,-51.9699],[-59.6303,-51.9663],[-59.6367,-51.9598],[-59.6461,-51.9624],[-59.6332,-51.9687],[-59.6188,-51.9708],[-59.6222,-51.98],[-59.6096,-51.9779],[-59.5925,-51.994],[-59.5749,-51.9976],[-59.5638,-52.0041],[-59.5599,-52.0109],[-59.5911,-52.0073],[-59.5958,-52.0018],[-59.6076,-51.9988],[-59.6224,-52.0026],[-59.6343,-52.0028],[-59.6396,-51.9991],[-59.6532,-52.0065],[-59.6369,-52.0203],[-59.6171,-52.0207],[-59.6135,-52.0242],[-59.5995,-52.023],[-59.5965,-52.0344],[-59.6156,-52.0344],[-59.6101,-52.0414],[-59.6154,-52.047],[-59.6045,-52.049],[-59.6036,-52.0535],[-59.5928,-52.0551],[-59.5793,-52.0528],[-59.5673,-52.0575],[-59.5714,-52.0653],[-59.5614,-52.0667],[-59.5632,-52.0786],[-59.5709,-52.0809],[-59.5814,-52.0741],[-59.5969,-52.0825],[-59.6024,-52.0926],[-59.6116,-52.0931],[-59.6325,-52.079],[-59.6394,-52.0856],[-59.6282,-52.0995],[-59.614,-52.1061],[-59.6049,-52.12],[-59.6137,-52.124],[-59.6248,-52.1211],[-59.6343,-52.1292],[-59.647,-52.1161],[-59.6605,-52.1189],[-59.662,-52.1271],[-59.68,-52.1234],[-59.6643,-52.1083],[-59.6765,-52.1063],[-59.6867,-52.1082],[-59.6928,-52.1015],[-59.7039,-52.0956],[-59.7223,-52.0989],[-59.7075,-52.1058],[-59.7226,-52.1162],[-59.7259,-52.132],[-59.7149,-52.1333],[-59.7015,-52.1412],[-59.6799,-52.1453],[-59.6847,-52.1542],[-59.6722,-52.1576],[-59.6567,-52.1677],[-59.6547,-52.1616],[-59.6242,-52.1744],[-59.6421,-52.1789],[-59.6396,-52.1881],[-59.6273,-52.1871],[-59.6167,-52.1893],[-59.6253,-52.1952],[-59.6206,-52.2109],[-59.6124,-52.2103],[-59.6055,-52.2151],[-59.5954,-52.2114],[-59.5825,-52.2133],[-59.5627,-52.2115],[-59.5643,-52.2165],[-59.5759,-52.2248],[-59.5767,-52.2371],[-59.5857,-52.2355],[-59.5943,-52.2447],[-59.5886,-52.2515],[-59.5734,-52.2582],[-59.5625,-52.2515],[-59.5517,-52.2596],[-59.5416,-52.2582],[-59.5308,-52.2494],[-59.5213,-52.2467],[-59.5069,-52.2593],[-59.4968,-52.2594],[-59.493,-52.2649],[-59.5109,-52.2737],[-59.4891,-52.2763],[-59.4775,-52.2831],[-59.4787,-52.2871],[-59.4994,-52.3032],[-59.4977,-52.3119],[-59.484,-52.3138],[-59.4724,-52.3084],[-59.4554,-52.3074],[-59.4149,-52.3103],[-59.4065,-52.3163],[-59.4099,-52.3245],[-59.4192,-52.3253],[-59.4194,-52.3331],[-59.4058,-52.3318],[-59.3998,-52.3367],[-59.3735,-52.3341],[-59.3702,-52.3428],[-59.3797,-52.3443],[-59.3812,-52.3505],[-59.3672,-52.3485],[-59.363,-52.3595],[-59.3419,-52.3553],[-59.3273,-52.3505],[-59.3104,-52.3501],[-59.309,-52.3398],[-59.2978,-52.3325],[-59.3078,-52.3276],[-59.3157,-52.3298],[-59.3271,-52.3397],[-59.3263,-52.3447],[-59.3381,-52.3452],[-59.3411,-52.336],[-59.3523,-52.3356],[-59.3844,-52.3185],[-59.3878,-52.3043],[-59.3734,-52.298],[-59.3669,-52.2917],[-59.3486,-52.2944],[-59.3389,-52.2875],[-59.341,-52.2761],[-59.3459,-52.2688],[-59.3617,-52.27],[-59.3884,-52.2822],[-59.3706,-52.2645],[-59.3612,-52.2646],[-59.354,-52.2579],[-59.3418,-52.2537],[-59.3395,-52.2455],[-59.3436,-52.2384],[-59.3551,-52.241],[-59.3637,-52.2389],[-59.3727,-52.2326],[-59.3889,-52.228],[-59.3665,-52.2244],[-59.3603,-52.2194],[-59.3306,-52.2154],[-59.3309,-52.2107],[-59.3494,-52.2104],[-59.3636,-52.2145],[-59.369,-52.2082],[-59.3775,-52.2052],[-59.3879,-52.2138],[-59.4151,-52.232],[-59.4314,-52.2411],[-59.431,-52.2321],[-59.4206,-52.2231],[-59.4199,-52.2175],[-59.405,-52.2132],[-59.409,-52.2081],[-59.4264,-52.2126],[-59.4287,-52.2164],[-59.4405,-52.2176],[-59.4366,-52.2102],[-59.4276,-52.2058],[-59.436,-52.1996],[-59.4235,-52.1942],[-59.4328,-52.187],[-59.4219,-52.181],[-59.4089,-52.1873],[-59.3996,-52.1821],[-59.4041,-52.1723],[-59.4687,-52.1629],[-59.4686,-52.1584],[-59.4421,-52.1581],[-59.4347,-52.1491],[-59.4429,-52.1451],[-59.4354,-52.1327],[-59.4282,-52.1411],[-59.4143,-52.1423],[-59.4191,-52.1555],[-59.4148,-52.1614],[-59.3985,-52.1567],[-59.4005,-52.1379],[-59.4062,-52.1262],[-59.3915,-52.1298],[-59.3953,-52.1378],[-59.383,-52.1392],[-59.371,-52.1447],[-59.3691,-52.1323],[-59.3597,-52.1326],[-59.356,-52.1511],[-59.349,-52.1612],[-59.3402,-52.1542],[-59.3255,-52.1556],[-59.3143,-52.1523],[-59.3025,-52.1439],[-59.2914,-52.1473],[-59.2988,-52.1578],[-59.3158,-52.1635],[-59.3247,-52.1699],[-59.3256,-52.1795],[-59.3176,-52.1844],[-59.3115,-52.1813],[-59.3085,-52.1701],[-59.3002,-52.1693],[-59.2919,-52.1638],[-59.281,-52.1705],[-59.2752,-52.1651],[-59.2655,-52.1658],[-59.2586,-52.1717],[-59.2476,-52.1745],[-59.2514,-52.1793],[-59.2467,-52.189],[-59.2517,-52.1985],[-59.2416,-52.2073],[-59.2424,-52.2105],[-59.2295,-52.2152],[-59.2271,-52.2243],[-59.2147,-52.2236],[-59.2138,-52.2174],[-59.2053,-52.2148],[-59.2048,-52.2047],[-59.1986,-52.2037],[-59.1919,-52.211],[-59.1799,-52.211],[-59.1715,-52.2152],[-59.1602,-52.2094],[-59.148,-52.2254],[-59.1285,-52.2222],[-59.1239,-52.2282],[-59.1056,-52.2329],[-59.1061,-52.2413],[-59.0957,-52.2388],[-59.089,-52.2321],[-59.0814,-52.2357],[-59.0636,-52.2365],[-59.0663,-52.2441],[-59.054,-52.2484],[-59.0408,-52.2486],[-59.0208,-52.2563],[-59.0139,-52.2513],[-59.0282,-52.2441],[-59.0367,-52.245],[-59.0439,-52.2394],[-59.0265,-52.2311],[-59.0351,-52.2297],[-59.0485,-52.2364],[-59.0545,-52.2312],[-59.0488,-52.2239],[-59.055,-52.2195],[-59.0367,-52.2055],[-59.0363,-52.1985],[-59.0476,-52.2005],[-59.0761,-52.1995],[-59.0779,-52.205],[-59.0893,-52.2077],[-59.1039,-52.1976],[-59.0988,-52.1895],[-59.0647,-52.1815],[-59.0743,-52.1716],[-59.0669,-52.1663],[-59.041,-52.1666],[-59.0449,-52.1569],[-59.0257,-52.1562],[-59.0276,-52.1456],[-59.0377,-52.1407],[-59.0627,-52.1395],[-59.0764,-52.1422],[-59.0816,-52.1498],[-59.0885,-52.1507],[-59.1061,-52.1608],[-59.1112,-52.1578],[-59.1017,-52.149],[-59.1137,-52.1409],[-59.1241,-52.1502],[-59.1491,-52.1582],[-59.148,-52.14],[-59.1382,-52.1398],[-59.127,-52.1307],[-59.1167,-52.1185],[-59.1022,-52.1262],[-59.0799,-52.1171],[-59.0749,-52.1042],[-59.0871,-52.1046],[-59.0926,-52.1],[-59.1025,-52.1017],[-59.1089,-52.1096],[-59.1372,-52.0953],[-59.1481,-52.1041],[-59.1567,-52.0952],[-59.1399,-52.093],[-59.1388,-52.0855],[-59.1077,-52.0802],[-59.1044,-52.0765],[-59.1217,-52.0702],[-59.1355,-52.058],[-59.1483,-52.0547],[-59.1329,-52.0426],[-59.1389,-52.0347],[-59.157,-52.0446],[-59.1639,-52.0545],[-59.1845,-52.065],[-59.1986,-52.0616],[-59.2017,-52.0488],[-59.1907,-52.0442],[-59.1913,-52.0332],[-59.2003,-52.0276],[-59.1978,-52.0211],[-59.2124,-52.02],[-59.2231,-52.0218],[-59.226,-52.0166],[-59.2378,-52.0179],[-59.2479,-52.0157],[-59.2479,-52.0096],[-59.2723,-52.0138],[-59.2815,-52.0118],[-59.27,-52.0035],[-59.2704,-51.9993],[-59.2571,-51.9943],[-59.2453,-51.9989],[-59.2411,-52.0101],[-59.2317,-52.0095],[-59.2094,-52.0127],[-59.1855,-52.0107],[-59.1682,-52.0121],[-59.1574,-52],[-59.1446,-51.9922],[-59.1382,-51.9974],[-59.1261,-51.9997],[-59.1161,-52.0052],[-59.1159,-52.0167],[-59.1008,-52.0304],[-59.0934,-52.0266],[-59.0814,-52.0146],[-59.0684,-52.0189],[-59.0705,-52.0274],[-59.0549,-52.0398],[-59.0449,-52.0401],[-59.0382,-52.0289],[-59.0206,-52.0303],[-59.0144,-52.0392],[-59.0142,-52.0453],[-59.0022,-52.0449],[-59.0049,-52.0543],[-58.9957,-52.0616],[-58.9911,-52.0692],[-58.9934,-52.0745],[-58.9837,-52.087],[-58.9754,-52.0866],[-58.9738,-52.0792],[-58.9639,-52.0801],[-58.9642,-52.0665],[-58.9572,-52.0606],[-58.9474,-52.0727],[-58.9465,-52.0825],[-58.9388,-52.0919],[-58.9292,-52.1094],[-58.9203,-52.1009],[-58.9109,-52.0961],[-58.9095,-52.087],[-58.8904,-52.083],[-58.887,-52.0746],[-58.8726,-52.0795],[-58.8732,-52.0848],[-58.8611,-52.0853],[-58.8645,-52.0777],[-58.873,-52.0736],[-58.8672,-52.0666],[-58.8678,-52.057],[-58.8726,-52.0547],[-58.8732,-52.0455],[-58.8673,-52.0421],[-58.8558,-52.0535],[-58.842,-52.0523],[-58.8336,-52.0542],[-58.8116,-52.0525],[-58.8165,-52.0414],[-58.8138,-52.0366],[-58.7945,-52.0378],[-58.7836,-52.0452],[-58.7698,-52.0492],[-58.7512,-52.0446],[-58.7333,-52.0526],[-58.7303,-52.0584],[-58.7451,-52.0712],[-58.7372,-52.0787],[-58.7292,-52.0757],[-58.7297,-52.0699],[-58.7205,-52.0638],[-58.7053,-52.0687],[-58.7107,-52.0778],[-58.6855,-52.0868],[-58.6751,-52.0967],[-58.6845,-52.1066],[-58.6911,-52.1253],[-58.6774,-52.1201],[-58.6688,-52.1223],[-58.6689,-52.1361],[-58.6537,-52.1373],[-58.6572,-52.1231],[-58.6543,-52.1161],[-58.6391,-52.1129],[-58.6503,-52.1068],[-58.6484,-52.0983],[-58.6536,-52.0764],[-58.6636,-52.0649],[-58.663,-52.0547],[-58.6389,-52.05],[-58.6394,-52.0435],[-58.646,-52.0361],[-58.6611,-52.0318],[-58.6706,-52.0331],[-58.6725,-52.0265],[-58.6624,-52.0239],[-58.6511,-52.0275],[-58.6338,-52.025],[-58.6255,-52.0168],[-58.6175,-52.0222],[-58.6038,-52.0181],[-58.587,-52.0163],[-58.5915,-52.0079],[-58.6058,-52.0116],[-58.6255,-52.0013],[-58.6135,-51.992],[-58.6217,-51.9877],[-58.6073,-51.9819],[-58.6155,-51.9754],[-58.6272,-51.9743],[-58.6294,-51.9687],[-58.6504,-51.9668],[-58.6627,-51.9638],[-58.6765,-51.9638],[-58.6925,-51.958],[-58.6993,-51.9525],[-58.7185,-51.9511],[-58.744,-51.9523],[-58.7558,-51.9722],[-58.78,-51.9622],[-58.7752,-51.9574],[-58.7942,-51.9528],[-58.8059,-51.955],[-58.8048,-51.9481],[-58.8303,-51.9381],[-58.8532,-51.9395],[-58.8468,-51.9311],[-58.8697,-51.93],[-58.8926,-51.9262],[-58.8892,-51.9177],[-58.8651,-51.923],[-58.8501,-51.9224],[-58.8429,-51.9193],[-58.8209,-51.9354],[-58.7986,-51.942],[-58.7809,-51.9394],[-58.7777,-51.9365],[-58.8292,-51.9186],[-58.8562,-51.9113],[-58.8767,-51.9033],[-58.8828,-51.9045],[-58.9094,-51.8897],[-58.9151,-51.8821],[-58.9329,-51.8769],[-58.9445,-51.8782],[-58.9561,-51.8747],[-58.9668,-51.8639],[-58.9733,-51.8657],[-58.9944,-51.856],[-59.0078,-51.8594],[-59.0177,-51.8574],[-59.019,-51.8536],[-59.0333,-51.8579],[-59.0414,-51.8628],[-59.0642,-51.859],[-59.0814,-51.8577],[-59.0927,-51.8598],[-59.0913,-51.8505],[-59.0996,-51.8483],[-59.1002,-51.8424],[-59.0922,-51.8403],[-59.0827,-51.8443],[-59.0781,-51.8555],[-59.0486,-51.8604],[-59.0366,-51.8581],[-59.027,-51.8528],[-59.0175,-51.8509],[-59.016,-51.8552],[-59.0048,-51.8567],[-58.9896,-51.8536],[-58.9859,-51.857],[-58.973,-51.8502],[-58.984,-51.8391],[-58.9623,-51.8153],[-58.959,-51.8035],[-58.9497,-51.7988],[-58.9529,-51.7876],[-58.9409,-51.7892],[-58.9462,-51.7972],[-58.9477,-51.8072],[-58.939,-51.8139],[-58.936,-51.8265],[-58.9301,-51.8367],[-58.9327,-51.8416],[-58.9176,-51.8442],[-58.8977,-51.8545],[-58.8555,-51.8653],[-58.8374,-51.8708],[-58.8198,-51.8705],[-58.8064,-51.8849],[-58.7861,-51.8898],[-58.781,-51.8939],[-58.7597,-51.8997],[-58.7487,-51.8959],[-58.7505,-51.8906],[-58.7412,-51.887],[-58.733,-51.8907],[-58.7085,-51.8937],[-58.6919,-51.8941],[-58.6869,-51.888],[-58.6686,-51.8915],[-58.6681,-51.8857],[-58.6563,-51.8867],[-58.6692,-51.895],[-58.6825,-51.8914],[-58.6873,-51.894],[-58.6783,-51.9044],[-58.6615,-51.903],[-58.6601,-51.8994],[-58.6437,-51.8948],[-58.6318,-51.9063],[-58.6268,-51.8979],[-58.6064,-51.9004],[-58.6004,-51.8966],[-58.5883,-51.8976],[-58.5833,-51.9022],[-58.558,-51.9015],[-58.5716,-51.8919],[-58.5538,-51.8899],[-58.5208,-51.8953],[-58.5118,-51.8921],[-58.4882,-51.8915],[-58.4751,-51.8927],[-58.4773,-51.8997],[-58.4606,-51.9042],[-58.4572,-51.9002],[-58.4036,-51.8999],[-58.4079,-51.9127],[-58.4223,-51.9125],[-58.4266,-51.9164],[-58.4395,-51.9108],[-58.4623,-51.909],[-58.4666,-51.9155],[-58.4653,-51.9227],[-58.4495,-51.9258],[-58.4356,-51.9232],[-58.4077,-51.9219],[-58.4065,-51.9155],[-58.3991,-51.9107],[-58.3943,-51.899],[-58.3813,-51.89],[-58.3459,-51.881],[-58.335,-51.8824],[-58.3158,-51.8788],[-58.305,-51.8685],[-58.2858,-51.8645],[-58.2894,-51.8585],[-58.2707,-51.8575],[-58.2726,-51.8499],[-58.256,-51.8507],[-58.2395,-51.8443],[-58.2258,-51.8449],[-58.2275,-51.8556],[-58.2364,-51.8618],[-58.2507,-51.8638],[-58.2429,-51.8708],[-58.2139,-51.8607],[-58.2145,-51.8458],[-58.2369,-51.835],[-58.2343,-51.8281],[-58.2113,-51.829],[-58.1906,-51.827],[-58.1674,-51.8154],[-58.1867,-51.8158],[-58.2082,-51.8145],[-58.2178,-51.8112],[-58.2475,-51.8061],[-58.2514,-51.8083],[-58.2814,-51.8069],[-58.2862,-51.8143],[-58.2927,-51.8146],[-58.295,-51.8222],[-58.3062,-51.8322],[-58.332,-51.835],[-58.3392,-51.8305],[-58.3628,-51.8234],[-58.3239,-51.8227],[-58.3115,-51.8206],[-58.2982,-51.8223],[-58.2941,-51.8136],[-58.287,-51.8121],[-58.2835,-51.8009],[-58.2587,-51.8052],[-58.2425,-51.7944],[-58.2301,-51.7935],[-58.2195,-51.7966],[-58.1911,-51.794],[-58.156,-51.797],[-58.1189,-51.7992],[-58.1316,-51.7929],[-58.1175,-51.7863],[-58.145,-51.786],[-58.1689,-51.7802],[-58.1851,-51.7812],[-58.2101,-51.7857],[-58.2114,-51.7737],[-58.2199,-51.7737],[-58.2251,-51.7657],[-58.2414,-51.7657],[-58.2342,-51.7584],[-58.2487,-51.7575],[-58.2568,-51.7597],[-58.2638,-51.7503],[-58.2347,-51.755],[-58.2277,-51.7619],[-58.213,-51.7586],[-58.2038,-51.7668],[-58.1931,-51.7616],[-58.1662,-51.7607],[-58.165,-51.7497],[-58.1748,-51.7472],[-58.1711,-51.7415],[-58.1567,-51.7437],[-58.1568,-51.7489],[-58.1639,-51.7605],[-58.157,-51.7652],[-58.1325,-51.7679],[-58.0647,-51.7716],[-58.0684,-51.7669],[-58.0635,-51.7606],[-58.0466,-51.751],[-58.0543,-51.7447],[-58.0701,-51.7389],[-58.0604,-51.7356],[-58.0451,-51.7372],[-58.0512,-51.7433],[-58.0441,-51.7507],[-58.051,-51.7558],[-58.0356,-51.7588],[-57.9875,-51.7575],[-57.9742,-51.7557],[-57.9708,-51.7499],[-57.9587,-51.7499],[-57.9216,-51.7456],[-57.8817,-51.7473],[-57.8835,-51.7394],[-57.9089,-51.7373],[-57.9267,-51.7391],[-57.9432,-51.735],[-57.9709,-51.7363],[-57.9869,-51.7391],[-58.0019,-51.7394],[-57.9991,-51.7328],[-57.954,-51.7331],[-57.9527,-51.7266],[-57.9337,-51.7253],[-57.8689,-51.7301],[-57.8446,-51.7208],[-57.827,-51.7217],[-57.8047,-51.7045],[-57.785,-51.7021],[-57.7716,-51.693],[-57.7362,-51.6922],[-57.7324,-51.6819],[-57.7473,-51.6804],[-57.7681,-51.6814],[-57.7824,-51.6737],[-57.7988,-51.6805],[-57.8076,-51.6739],[-57.8217,-51.6765],[-57.8243,-51.6847],[-57.8025,-51.6862],[-57.7958,-51.6931],[-57.8174,-51.6945],[-57.8923,-51.6891],[-57.8815,-51.6824],[-57.8674,-51.6846],[-57.8331,-51.6833],[-57.8504,-51.6789],[-57.8594,-51.68],[-57.8757,-51.6735],[-57.8691,-51.6711],[-57.861,-51.6755],[-57.8493,-51.6725],[-57.8452,-51.6661],[-57.8246,-51.663],[-57.8173,-51.6637],[-57.8094,-51.6557],[-57.8096,-51.6484],[-57.7866,-51.6615],[-57.7727,-51.6561],[-57.7704,-51.6474],[-57.7596,-51.6426],[-57.7428,-51.6458],[-57.7329,-51.6429],[-57.7616,-51.6343],[-57.7621,-51.6274],[-57.7681,-51.6218],[-57.7834,-51.6169],[-57.821,-51.6128],[-57.844,-51.6072],[-57.8483,-51.6081],[-57.8874,-51.5994],[-57.8948,-51.6008],[-57.9251,-51.5991],[-57.9432,-51.595],[-57.9499,-51.5915],[-57.9644,-51.5926],[-57.9774,-51.587],[-57.9837,-51.5918],[-58.0028,-51.5947],[-58.0365,-51.592],[-58.0494,-51.5936],[-58.061,-51.5906],[-58.068,-51.5815],[-58.0691,-51.5702],[-58.0847,-51.569],[-58.1027,-51.5654],[-58.1306,-51.5569],[-58.159,-51.5518],[-58.165,-51.547],[-58.16,-51.5408],[-58.1422,-51.5401],[-58.1308,-51.5368],[-58.1257,-51.5269],[-58.1162,-51.5295],[-58.1122,-51.537],[-58.0932,-51.525],[-58.1057,-51.5202],[-58.1006,-51.5166],[-58.0892,-51.5197],[-58.0809,-51.5268],[-58.0736,-51.5257],[-58.05,-51.5302],[-58.0411,-51.5274],[-58.0478,-51.5135],[-58.0439,-51.509],[-58.0604,-51.4985],[-58.0411,-51.4994],[-58.0396,-51.5042],[-58.0262,-51.5087],[-58.0109,-51.5091],[-58.006,-51.5045],[-57.9937,-51.5063],[-57.9871,-51.5258],[-57.9763,-51.5329],[-57.9616,-51.5356],[-57.9568,-51.5399],[-57.9403,-51.5378],[-57.9197,-51.5389],[-57.912,-51.542],[-57.8784,-51.5426],[-57.8606,-51.5451],[-57.8402,-51.5447],[-57.8249,-51.5476],[-57.8189,-51.5459],[-57.7894,-51.5456],[-57.7647,-51.5409],[-57.7649,-51.5262],[-57.7855,-51.5191],[-57.8088,-51.5164],[-57.8178,-51.5136],[-57.8743,-51.5093],[-57.8822,-51.5004],[-57.8757,-51.496],[-57.8662,-51.4963],[-57.8597,-51.4881],[-57.8409,-51.4761],[-57.8394,-51.487],[-57.8515,-51.4897],[-57.8588,-51.4971],[-57.8334,-51.5041],[-57.792,-51.5075],[-57.7808,-51.5179],[-57.7684,-51.5099],[-57.7437,-51.514],[-57.7415,-51.5106],[-57.7625,-51.5043],[-57.7708,-51.4966],[-57.7947,-51.4868],[-57.8108,-51.4866],[-57.8346,-51.4786],[-57.8402,-51.4723],[-57.8349,-51.4608],[-57.8442,-51.4559],[-57.8467,-51.4439],[-57.8672,-51.4422],[-57.8704,-51.4289],[-57.8635,-51.424],[-57.8543,-51.423],[-57.8514,-51.4131],[-57.8629,-51.4085],[-57.8818,-51.4055],[-57.8942,-51.3979],[-57.895,-51.3842],[-57.9039,-51.3782],[-57.9385,-51.3645],[-57.9623,-51.3718],[-57.9666,-51.3679],[-57.9784,-51.3674],[-57.979,-51.3757],[-57.9868,-51.3773],[-58.0032,-51.376],[-58.0114,-51.3817],[-58.0206,-51.3803],[-58.0332,-51.372],[-58.0526,-51.3782],[-58.0565,-51.3702],[-58.0624,-51.3689],[-58.0803,-51.3731],[-58.0994,-51.3827],[-58.1056,-51.3788],[-58.1172,-51.3776],[-58.1342,-51.3806],[-58.1581,-51.3776],[-58.1652,-51.3832],[-58.1807,-51.3863],[-58.1848,-51.3841],[-58.2017,-51.385],[-58.2129,-51.3893],[-58.2276,-51.3839],[-58.2522,-51.389],[-58.2618,-51.3876],[-58.2796,-51.3927],[-58.2766,-51.3985],[-58.2841,-51.4037],[-58.2871,-51.4128],[-58.2961,-51.4193],[-58.2905,-51.4299],[-58.3104,-51.4397],[-58.3205,-51.4469],[-58.3198,-51.4544],[-58.3335,-51.4594],[-58.3387,-51.4668],[-58.3542,-51.4784],[-58.3692,-51.4795],[-58.3835,-51.4849],[-58.379,-51.4895],[-58.3692,-51.4879],[-58.36,-51.4952],[-58.3704,-51.4992],[-58.378,-51.5127],[-58.3407,-51.5162],[-58.3328,-51.5206],[-58.3181,-51.5155],[-58.3163,-51.5008],[-58.3029,-51.4999],[-58.2999,-51.4874],[-58.2861,-51.4906],[-58.2843,-51.5047],[-58.2942,-51.5108],[-58.3022,-51.5219],[-58.301,-51.5291],[-58.2893,-51.5278],[-58.2699,-51.5344],[-58.254,-51.5354],[-58.2023,-51.5243],[-58.2028,-51.5306],[-58.2251,-51.5451],[-58.2386,-51.5423],[-58.2535,-51.5495],[-58.2544,-51.5539],[-58.2393,-51.5645],[-58.2234,-51.5659],[-58.2412,-51.5742],[-58.2185,-51.5806],[-58.2124,-51.5801],[-58.1983,-51.5913],[-58.1703,-51.6032],[-58.1732,-51.6071],[-58.192,-51.6052],[-58.2263,-51.591],[-58.2534,-51.5875],[-58.2601,-51.6008],[-58.2437,-51.6045],[-58.2396,-51.6079],[-58.2417,-51.6171],[-58.2248,-51.627],[-58.2063,-51.6401],[-58.1859,-51.6406],[-58.1893,-51.6458],[-58.2031,-51.6448],[-58.2147,-51.6521],[-58.2246,-51.6547],[-58.2267,-51.6455],[-58.2354,-51.6432],[-58.2426,-51.6301],[-58.2382,-51.6249],[-58.245,-51.6209],[-58.2596,-51.6286],[-58.2531,-51.6133],[-58.2626,-51.6137],[-58.2693,-51.6009],[-58.2892,-51.5968],[-58.2771,-51.5914],[-58.2635,-51.5935],[-58.2679,-51.5752],[-58.2632,-51.567],[-58.2778,-51.5546],[-58.2925,-51.551],[-58.305,-51.5529],[-58.3246,-51.5376],[-58.3307,-51.5438],[-58.3277,-51.5521],[-58.3383,-51.5512],[-58.3452,-51.5553],[-58.3342,-51.5631],[-58.3455,-51.5667],[-58.3495,-51.5605],[-58.3642,-51.5621],[-58.3772,-51.5547],[-58.3927,-51.5492],[-58.3901,-51.5434],[-58.3941,-51.5311],[-58.4053,-51.5279],[-58.4104,-51.5362],[-58.4092,-51.5477],[-58.4179,-51.5517],[-58.4142,-51.5606],[-58.4228,-51.5638],[-58.4459,-51.5471],[-58.4307,-51.5455],[-58.4294,-51.5392],[-58.4208,-51.5344],[-58.4304,-51.5303],[-58.433,-51.5249],[-58.41,-51.5042],[-58.4127,-51.4958],[-58.4223,-51.4931],[-58.4213,-51.4849],[-58.4352,-51.4799],[-58.4339,-51.4713],[-58.4443,-51.4732],[-58.4672,-51.4843],[-58.4743,-51.4782],[-58.4759,-51.468],[-58.4922,-51.4691],[-58.4929,-51.4798],[-58.5018,-51.4808],[-58.5152,-51.4962],[-58.5155,-51.5043],[-58.5284,-51.504],[-58.5272,-51.4987],[-58.5362,-51.4927],[-58.528,-51.4888],[-58.5264,-51.4824],[-58.5498,-51.475],[-58.5359,-51.4699],[-58.5227,-51.4706],[-58.5243,-51.4577],[-58.5182,-51.4583],[-58.5037,-51.4536],[-58.5138,-51.4496],[-58.514,-51.4441],[-58.5346,-51.4457],[-58.5313,-51.4399],[-58.52,-51.4389],[-58.5152,-51.4311],[-58.5378,-51.4364],[-58.5316,-51.4287],[-58.5381,-51.4263],[-58.5323,-51.4139],[-58.5379,-51.4089],[-58.5269,-51.4046],[-58.5039,-51.3808],[-58.4913,-51.3837],[-58.5072,-51.4021],[-58.5207,-51.4109],[-58.5091,-51.4227],[-58.4975,-51.4069],[-58.495,-51.398],[-58.4829,-51.3986],[-58.477,-51.4036],[-58.4768,-51.4138],[-58.4712,-51.42],[-58.4749,-51.4318],[-58.464,-51.4415],[-58.4549,-51.4556],[-58.4455,-51.4501],[-58.4166,-51.4447],[-58.399,-51.4443],[-58.3934,-51.4414],[-58.3725,-51.4493],[-58.3597,-51.4513],[-58.3603,-51.4613],[-58.3478,-51.4601],[-58.3422,-51.4546],[-58.3361,-51.4371],[-58.3466,-51.4417],[-58.3477,-51.4337],[-58.3341,-51.4368],[-58.3209,-51.4333],[-58.3149,-51.4152],[-58.3374,-51.3921],[-58.3308,-51.379],[-58.3438,-51.3703],[-58.3457,-51.3606],[-58.3611,-51.3567],[-58.3856,-51.3436],[-58.3807,-51.335],[-58.3962,-51.3309],[-58.4039,-51.3256],[-58.407,-51.3187],[-58.4139,-51.3151],[-58.4248,-51.315],[-58.4355,-51.3197],[-58.4425,-51.3142],[-58.4561,-51.3153],[-58.4655,-51.3105],[-58.4641,-51.2983],[-58.4833,-51.306],[-58.5139,-51.3084],[-58.5253,-51.3021],[-58.5296,-51.2951],[-58.5425,-51.3016],[-58.5616,-51.302],[-58.5704,-51.2973],[-58.5844,-51.3005],[-58.5844,-51.3103],[-58.5982,-51.318],[-58.6104,-51.3213],[-58.6259,-51.3186],[-58.6206,-51.3375],[-58.6279,-51.3415],[-58.619,-51.349],[-58.6109,-51.3501],[-58.6054,-51.3453],[-58.585,-51.3423],[-58.5816,-51.3273],[-58.5757,-51.3292],[-58.5817,-51.34],[-58.5707,-51.3472],[-58.5894,-51.3493],[-58.6048,-51.3529],[-58.6131,-51.3581],[-58.6244,-51.3543],[-58.6365,-51.3425],[-58.6273,-51.3398],[-58.6395,-51.3239],[-58.6452,-51.3276],[-58.671,-51.3335],[-58.6889,-51.3298],[-58.6934,-51.3258],[-58.7046,-51.3281],[-58.7236,-51.3243],[-58.7254,-51.3183],[-58.7336,-51.3146],[-58.7427,-51.3165],[-58.7429,-51.3232],[-58.7245,-51.3286],[-58.7271,-51.3333],[-58.7391,-51.3309],[-58.7386,-51.3267],[-58.7618,-51.3145],[-58.7838,-51.3115],[-58.7906,-51.3052],[-58.8113,-51.3048],[-58.8158,-51.2977],[-58.8268,-51.2982],[-58.8317,-51.2909],[-58.8625,-51.2845],[-58.8788,-51.2825],[-58.9046,-51.2755],[-58.9058,-51.2661],[-58.9135,-51.2662],[-58.9261,-51.2591],[-58.9391,-51.2461],[-58.9488,-51.2437],[-58.958,-51.2369],[-58.9696,-51.2332]]],[[[-67.679,-66.6312],[-67.7181,-66.6348],[-67.7361,-66.6383],[-67.7605,-66.6327],[-67.7891,-66.6347],[-67.8057,-66.641],[-67.8136,-66.6388],[-67.8435,-66.6407],[-67.8522,-66.6468],[-67.8643,-66.647],[-67.8894,-66.6539],[-67.9215,-66.6566],[-67.921,-66.6671],[-67.9637,-66.6729],[-67.9527,-66.6786],[-67.9846,-66.6887],[-67.9947,-66.6955],[-68.0095,-66.6967],[-68.0305,-66.7024],[-68.0661,-66.722],[-68.0975,-66.7337],[-68.1506,-66.7503],[-68.1623,-66.7465],[-68.1862,-66.7491],[-68.1924,-66.7538],[-68.2158,-66.7584],[-68.2081,-66.7638],[-68.2183,-66.781],[-68.2169,-66.7892],[-68.2265,-66.7956],[-68.2743,-66.8028],[-68.2877,-66.7978],[-68.3004,-66.803],[-68.314,-66.8023],[-68.3278,-66.8114],[-68.342,-66.8164],[-68.3491,-66.8351],[-68.3596,-66.8352],[-68.3721,-66.8417],[-68.3946,-66.8469],[-68.3938,-66.8526],[-68.43,-66.8663],[-68.4487,-66.8679],[-68.4361,-66.8853],[-68.4488,-66.8901],[-68.456,-66.8995],[-68.4752,-66.9154],[-68.4839,-66.9192],[-68.4976,-66.933],[-68.5239,-66.9399],[-68.5495,-66.9529],[-68.5549,-66.9693],[-68.5751,-66.9813],[-68.5845,-66.9936],[-68.599,-67.0005],[-68.5984,-67.0067],[-68.6221,-67.0326],[-68.6315,-67.0367],[-68.6447,-67.0534],[-68.6492,-67.0638],[-68.6719,-67.0832],[-68.6908,-67.1046],[-68.7,-67.1233],[-68.7147,-67.1311],[-68.7379,-67.153],[-68.752,-67.1583],[-68.7564,-67.1704],[-68.7244,-67.1827],[-68.7321,-67.192],[-68.758,-67.2104],[-68.7824,-67.2187],[-68.7813,-67.2257],[-68.7991,-67.2384],[-68.7968,-67.2443],[-68.8089,-67.2638],[-68.8001,-67.2677],[-68.8143,-67.2751],[-68.8269,-67.2753],[-68.8401,-67.2809],[-68.8412,-67.2879],[-68.8555,-67.2938],[-68.8807,-67.2986],[-68.8797,-67.3049],[-68.8909,-67.308],[-68.883,-67.3148],[-68.9096,-67.3173],[-68.9218,-67.3227],[-68.9252,-67.3317],[-68.9161,-67.3352],[-68.9241,-67.3418],[-68.9431,-67.3488],[-68.9615,-67.3503],[-68.9912,-67.3571],[-69.0045,-67.3628],[-69.0157,-67.3718],[-69.037,-67.3773],[-69.0409,-67.3829],[-69.0589,-67.3923],[-69.0653,-67.402],[-69.0749,-67.4047],[-69.0962,-67.4195],[-69.1029,-67.4368],[-69.1163,-67.4428],[-69.1151,-67.453],[-69.1371,-67.4672],[-69.1298,-67.475],[-69.1407,-67.4803],[-69.1403,-67.4944],[-69.147,-67.5062],[-69.1556,-67.5103],[-69.165,-67.5264],[-69.1783,-67.5321],[-69.1795,-67.5459],[-69.1592,-67.5575],[-69.1533,-67.5738],[-69.1581,-67.5787],[-69.1421,-67.5817],[-69.1364,-67.5942],[-69.1194,-67.5979],[-69.1182,-67.6041],[-69.0882,-67.6081],[-69.0786,-67.6167],[-69.0961,-67.6271],[-69.092,-67.6308],[-69.0669,-67.6301],[-69.0558,-67.6432],[-69.0692,-67.6514],[-69.0675,-67.6611],[-69.0484,-67.6645],[-68.9975,-67.667],[-68.9744,-67.6736],[-68.9672,-67.6854],[-68.9575,-67.689],[-68.9154,-67.6881],[-68.9072,-67.6952],[-68.9155,-67.7037],[-68.9103,-67.7102],[-68.9176,-67.7196],[-68.9107,-67.7313],[-68.9215,-67.7359],[-68.9016,-67.7458],[-68.9176,-67.7623],[-68.8886,-67.7637],[-68.8756,-67.7571],[-68.8614,-67.7584],[-68.8506,-67.7536],[-68.8229,-67.756],[-68.807,-67.7539],[-68.7862,-67.7471],[-68.7707,-67.7453],[-68.7404,-67.7494],[-68.7239,-67.747],[-68.7131,-67.7389],[-68.6809,-67.728],[-68.6556,-67.7287],[-68.6351,-67.7378],[-68.6182,-67.7416],[-68.5991,-67.7415],[-68.5961,-67.7486],[-68.5693,-67.7504],[-68.5461,-67.7339],[-68.5536,-67.7259],[-68.537,-67.715],[-68.5179,-67.7088],[-68.5187,-67.6997],[-68.4884,-67.6904],[-68.4663,-67.6805],[-68.4451,-67.6654],[-68.4136,-67.6611],[-68.4047,-67.6488],[-68.4033,-67.6385],[-68.4075,-67.6271],[-68.387,-67.6186],[-68.3852,-67.6135],[-68.3933,-67.6045],[-68.4118,-67.5947],[-68.4098,-67.583],[-68.4347,-67.5809],[-68.4346,-67.5666],[-68.4178,-67.5568],[-68.4092,-67.5577],[-68.3757,-67.5474],[-68.3601,-67.5491],[-68.3507,-67.5427],[-68.3152,-67.5381],[-68.306,-67.5345],[-68.3015,-67.5249],[-68.2913,-67.5193],[-68.2556,-67.5113],[-68.2363,-67.5119],[-68.2231,-67.5189],[-68.233,-67.529],[-68.2295,-67.5431],[-68.203,-67.5534],[-68.1687,-67.5569],[-68.1582,-67.566],[-68.1295,-67.569],[-68.1334,-67.5588],[-68.1281,-67.5523],[-68.1074,-67.541],[-68.0845,-67.5369],[-68.0828,-67.5292],[-68.0499,-67.5174],[-68.055,-67.5125],[-68.0534,-67.5015],[-68.0364,-67.4899],[-68.026,-67.4738],[-67.9786,-67.4643],[-67.971,-67.4569],[-67.9584,-67.4527],[-67.9763,-67.4455],[-67.9658,-67.4326],[-67.953,-67.428],[-67.9422,-67.4171],[-67.942,-67.4013],[-67.9628,-67.3939],[-67.9833,-67.3904],[-67.9978,-67.3915],[-67.9928,-67.4022],[-68.0182,-67.403],[-68.0219,-67.3986],[-68.0625,-67.3965],[-68.073,-67.3917],[-68.1025,-67.3843],[-68.122,-67.3841],[-68.167,-67.3901],[-68.1882,-67.3842],[-68.2219,-67.3836],[-68.2431,-67.381],[-68.2592,-67.3743],[-68.2585,-67.3684],[-68.2432,-67.3613],[-68.1913,-67.3519],[-68.1872,-67.34],[-68.1431,-67.3258],[-68.0997,-67.3161],[-68.0529,-67.3126],[-68.0416,-67.3078],[-68.0215,-67.3053],[-67.994,-67.3047],[-67.9782,-67.2983],[-67.9839,-67.2899],[-67.9724,-67.2809],[-67.9761,-67.2717],[-67.9955,-67.2655],[-67.9953,-67.2585],[-67.9636,-67.2456],[-67.9337,-67.2433],[-67.9162,-67.2463],[-67.9204,-67.2545],[-67.8995,-67.2514],[-67.9106,-67.2433],[-67.8922,-67.2249],[-67.8645,-67.2278],[-67.8607,-67.2162],[-67.8432,-67.2063],[-67.8488,-67.1987],[-67.8482,-67.1891],[-67.8417,-67.1795],[-67.8334,-67.1781],[-67.7885,-67.1822],[-67.7757,-67.1967],[-67.7755,-67.2074],[-67.7553,-67.2023],[-67.7548,-67.1947],[-67.7619,-67.1875],[-67.7458,-67.1844],[-67.745,-67.1797],[-67.7287,-67.177],[-67.6914,-67.1641],[-67.6797,-67.1542],[-67.6816,-67.1453],[-67.7224,-67.1407],[-67.7389,-67.1354],[-67.7595,-67.1329],[-67.7677,-67.1355],[-67.7903,-67.1315],[-67.7778,-67.1099],[-67.8015,-67.0941],[-67.7954,-67.0879],[-67.8142,-67.0813],[-67.8425,-67.0764],[-67.8663,-67.0786],[-67.8894,-67.0707],[-67.8794,-67.0623],[-67.91,-67.0559],[-67.9371,-67.0554],[-67.9677,-67.0593],[-67.9908,-67.0581],[-67.9989,-67.0538],[-67.9999,-67.0421],[-67.9705,-67.0368],[-67.9455,-67.0367],[-67.9449,-67.0204],[-67.9298,-67.0148],[-67.9264,-67.0087],[-67.9325,-66.9973],[-67.9546,-66.9971],[-67.9745,-66.9911],[-67.9947,-66.9818],[-68.0117,-66.9665],[-68.0214,-66.9457],[-68.0121,-66.9333],[-68.0138,-66.9203],[-68.0026,-66.9076],[-68.0006,-66.9001],[-67.9784,-66.8911],[-67.9843,-66.8756],[-67.984,-66.8668],[-67.9696,-66.8543],[-67.9379,-66.8554],[-67.9239,-66.8475],[-67.9495,-66.8443],[-67.9551,-66.8386],[-67.9485,-66.8305],[-67.9503,-66.8245],[-67.9306,-66.8107],[-67.9163,-66.8067],[-67.8822,-66.809],[-67.8605,-66.8146],[-67.8449,-66.8144],[-67.8268,-66.8012],[-67.8349,-66.784],[-67.8331,-66.7756],[-67.8053,-66.7686],[-67.7872,-66.7683],[-67.7605,-66.7632],[-67.739,-66.7562],[-67.7522,-66.7406],[-67.7389,-66.7273],[-67.6977,-66.7206],[-67.6844,-66.7135],[-67.6836,-66.6966],[-67.6748,-66.6882],[-67.6512,-66.6887],[-67.6416,-66.6828],[-67.6605,-66.6814],[-67.6703,-66.6731],[-67.6759,-66.6587],[-67.6641,-66.6518],[-67.6611,-66.642],[-67.679,-66.6312]]],[[[-59.3869,-51.337],[-59.4034,-51.3383],[-59.4167,-51.3414],[-59.4089,-51.3485],[-59.4053,-51.3603],[-59.414,-51.3623],[-59.4258,-51.3608],[-59.445,-51.3531],[-59.4541,-51.3552],[-59.4463,-51.3684],[-59.4373,-51.3767],[-59.4347,-51.3846],[-59.443,-51.3945],[-59.4623,-51.397],[-59.4761,-51.4014],[-59.4744,-51.4062],[-59.4394,-51.4064],[-59.4168,-51.4161],[-59.3991,-51.4211],[-59.3888,-51.4275],[-59.383,-51.4344],[-59.3891,-51.4388],[-59.4018,-51.4365],[-59.4137,-51.4444],[-59.4283,-51.4494],[-59.4372,-51.4469],[-59.4473,-51.4509],[-59.4474,-51.4582],[-59.4644,-51.4629],[-59.4851,-51.4575],[-59.4971,-51.4571],[-59.5086,-51.4596],[-59.5188,-51.4537],[-59.5422,-51.4473],[-59.5398,-51.4561],[-59.5224,-51.4761],[-59.5293,-51.4757],[-59.5383,-51.4699],[-59.5609,-51.4622],[-59.5892,-51.4583],[-59.5946,-51.4524],[-59.5944,-51.4455],[-59.5723,-51.441],[-59.5664,-51.4414],[-59.5355,-51.4338],[-59.5166,-51.4226],[-59.5002,-51.4168],[-59.4886,-51.4167],[-59.4809,-51.4107],[-59.4924,-51.4074],[-59.4889,-51.3962],[-59.5048,-51.3939],[-59.5207,-51.4045],[-59.5319,-51.4144],[-59.5489,-51.4238],[-59.5736,-51.4343],[-59.5964,-51.439],[-59.6197,-51.4354],[-59.6207,-51.439],[-59.642,-51.4397],[-59.6627,-51.4427],[-59.6743,-51.4483],[-59.6821,-51.4459],[-59.6993,-51.4483],[-59.7039,-51.4524],[-59.7209,-51.4527],[-59.7352,-51.4591],[-59.7516,-51.4601],[-59.758,-51.455],[-59.7698,-51.4587],[-59.7808,-51.4562],[-59.7928,-51.4598],[-59.804,-51.4586],[-59.8141,-51.4528],[-59.8104,-51.447],[-59.8316,-51.4355],[-59.8154,-51.4338],[-59.8014,-51.4364],[-59.7653,-51.4283],[-59.7422,-51.4261],[-59.7359,-51.4279],[-59.7306,-51.4204],[-59.7454,-51.4192],[-59.7452,-51.4137],[-59.7575,-51.412],[-59.7935,-51.419],[-59.8007,-51.4141],[-59.8187,-51.4116],[-59.827,-51.4165],[-59.8561,-51.4133],[-59.8677,-51.415],[-59.8693,-51.4098],[-59.8584,-51.4069],[-59.847,-51.4071],[-59.8232,-51.4018],[-59.8273,-51.3984],[-59.8443,-51.4016],[-59.8601,-51.4022],[-59.8767,-51.4061],[-59.8858,-51.4032],[-59.8954,-51.3955],[-59.8739,-51.3945],[-59.8706,-51.3883],[-59.9027,-51.3812],[-59.9092,-51.3856],[-59.9079,-51.3916],[-59.9187,-51.3958],[-59.9365,-51.39],[-59.9503,-51.3943],[-59.9506,-51.3986],[-59.9689,-51.4087],[-59.9805,-51.4078],[-59.9844,-51.4128],[-59.9824,-51.4218],[-60.0134,-51.4178],[-60.0196,-51.41],[-60.0183,-51.4026],[-60.004,-51.3995],[-59.9951,-51.3875],[-60.0078,-51.3877],[-60.0176,-51.3833],[-60.0448,-51.3854],[-60.0386,-51.3942],[-60.0428,-51.4002],[-60.0317,-51.4031],[-60.036,-51.4103],[-60.0328,-51.4167],[-60.0611,-51.4121],[-60.0729,-51.4084],[-60.0768,-51.4135],[-60.0682,-51.4174],[-60.0764,-51.4222],[-60.0754,-51.4295],[-60.0819,-51.4355],[-60.0934,-51.4405],[-60.0914,-51.4509],[-60.0725,-51.4531],[-60.043,-51.4531],[-60.0342,-51.4515],[-60.0154,-51.4538],[-60.005,-51.4589],[-59.9979,-51.4663],[-59.9868,-51.4676],[-59.9814,-51.4737],[-60.0026,-51.4772],[-60.0349,-51.4788],[-60.0462,-51.4813],[-60.054,-51.4916],[-60.062,-51.491],[-60.0687,-51.4854],[-60.0816,-51.4842],[-60.0911,-51.4918],[-60.0926,-51.4998],[-60.1065,-51.5047],[-60.116,-51.502],[-60.1448,-51.5017],[-60.1486,-51.5039],[-60.1677,-51.5001],[-60.1716,-51.4906],[-60.2004,-51.4983],[-60.2143,-51.4952],[-60.2294,-51.4968],[-60.2444,-51.494],[-60.2902,-51.4778],[-60.3177,-51.4693],[-60.3682,-51.448],[-60.3769,-51.4436],[-60.3834,-51.4359],[-60.3973,-51.4245],[-60.4328,-51.408],[-60.4604,-51.3978],[-60.469,-51.396],[-60.4853,-51.3877],[-60.5161,-51.3769],[-60.5394,-51.3698],[-60.5471,-51.3705],[-60.5742,-51.3623],[-60.5836,-51.361],[-60.6043,-51.3514],[-60.638,-51.3405],[-60.6464,-51.3461],[-60.6316,-51.3498],[-60.6103,-51.3603],[-60.6159,-51.3642],[-60.6463,-51.3593],[-60.6505,-51.3559],[-60.6616,-51.3574],[-60.6655,-51.3621],[-60.6489,-51.3714],[-60.6421,-51.3784],[-60.6313,-51.3764],[-60.6347,-51.3873],[-60.6305,-51.3917],[-60.6285,-51.404],[-60.6348,-51.4035],[-60.6504,-51.4145],[-60.6349,-51.4182],[-60.6243,-51.4173],[-60.6088,-51.4268],[-60.6105,-51.4301],[-60.5994,-51.4361],[-60.6001,-51.4396],[-60.5627,-51.4418],[-60.5503,-51.4462],[-60.5334,-51.4471],[-60.5207,-51.4517],[-60.5067,-51.4509],[-60.4893,-51.4468],[-60.4841,-51.4412],[-60.4658,-51.4376],[-60.4551,-51.4377],[-60.4485,-51.4466],[-60.4483,-51.4539],[-60.4378,-51.457],[-60.4226,-51.4561],[-60.4099,-51.4704],[-60.3979,-51.4752],[-60.4017,-51.4814],[-60.3825,-51.4865],[-60.3855,-51.5047],[-60.4004,-51.5054],[-60.4572,-51.4937],[-60.4654,-51.4941],[-60.4813,-51.4907],[-60.4897,-51.4966],[-60.499,-51.4968],[-60.5141,-51.5047],[-60.5149,-51.5101],[-60.5071,-51.5213],[-60.5051,-51.5295],[-60.4911,-51.5419],[-60.4881,-51.5324],[-60.4587,-51.5395],[-60.4296,-51.5479],[-60.398,-51.5676],[-60.3753,-51.5767],[-60.3623,-51.5788],[-60.3395,-51.5793],[-60.3334,-51.5811],[-60.3211,-51.5773],[-60.3124,-51.5713],[-60.3023,-51.5585],[-60.3108,-51.5524],[-60.3199,-51.5513],[-60.3201,-51.5446],[-60.309,-51.5441],[-60.308,-51.5498],[-60.2979,-51.552],[-60.3002,-51.5615],[-60.3079,-51.5679],[-60.3124,-51.5774],[-60.3041,-51.5798],[-60.3062,-51.5969],[-60.2988,-51.5956],[-60.2923,-51.6035],[-60.2714,-51.6105],[-60.2332,-51.6086],[-60.2228,-51.6141],[-60.2223,-51.6208],[-60.2574,-51.6224],[-60.2545,-51.6281],[-60.223,-51.6307],[-60.2169,-51.6365],[-60.1977,-51.6479],[-60.1942,-51.6549],[-60.1847,-51.6635],[-60.1344,-51.6831],[-60.1327,-51.6796],[-60.1113,-51.676],[-60.1114,-51.6712],[-60.0993,-51.6713],[-60.09,-51.6781],[-60.0845,-51.686],[-60.0352,-51.6976],[-60.0344,-51.7033],[-60.0426,-51.7052],[-60.0588,-51.7033],[-60.0695,-51.6994],[-60.0821,-51.6979],[-60.0894,-51.7014],[-60.0903,-51.7075],[-60.071,-51.714],[-60.0683,-51.7211],[-60.0412,-51.7286],[-60.0219,-51.7287],[-60.023,-51.7347],[-60.0573,-51.7296],[-60.0777,-51.7246],[-60.0789,-51.7209],[-60.0997,-51.707],[-60.1151,-51.7017],[-60.1365,-51.6999],[-60.1582,-51.6919],[-60.1724,-51.6891],[-60.2142,-51.6614],[-60.2295,-51.6569],[-60.2441,-51.6573],[-60.2495,-51.6707],[-60.287,-51.6806],[-60.3131,-51.6804],[-60.3196,-51.6819],[-60.3297,-51.6776],[-60.3677,-51.6715],[-60.3801,-51.6747],[-60.4009,-51.6838],[-60.4098,-51.6854],[-60.437,-51.6968],[-60.444,-51.6973],[-60.4694,-51.7045],[-60.4831,-51.7037],[-60.5033,-51.7093],[-60.5143,-51.7046],[-60.5216,-51.7062],[-60.5477,-51.7059],[-60.6109,-51.6765],[-60.6226,-51.6788],[-60.6305,-51.6773],[-60.6358,-51.6708],[-60.6494,-51.6671],[-60.6613,-51.6774],[-60.6613,-51.6904],[-60.6513,-51.6978],[-60.6479,-51.7053],[-60.6517,-51.7095],[-60.646,-51.715],[-60.6412,-51.7283],[-60.63,-51.7299],[-60.6073,-51.7551],[-60.5931,-51.7658],[-60.5922,-51.7748],[-60.5641,-51.7707],[-60.5602,-51.7756],[-60.5711,-51.7828],[-60.5678,-51.7922],[-60.5698,-51.8],[-60.5615,-51.8018],[-60.5473,-51.8006],[-60.5408,-51.8055],[-60.5267,-51.8046],[-60.5241,-51.7973],[-60.5307,-51.792],[-60.5429,-51.7991],[-60.5551,-51.7933],[-60.5399,-51.7888],[-60.5445,-51.7828],[-60.5343,-51.7703],[-60.5213,-51.7653],[-60.5075,-51.77],[-60.4924,-51.7686],[-60.473,-51.7743],[-60.462,-51.7697],[-60.4583,-51.7742],[-60.4428,-51.7711],[-60.4367,-51.7662],[-60.4067,-51.7506],[-60.4058,-51.7468],[-60.3923,-51.7445],[-60.3899,-51.7554],[-60.3773,-51.754],[-60.3735,-51.7593],[-60.3585,-51.7561],[-60.3596,-51.7488],[-60.3696,-51.7512],[-60.3749,-51.7424],[-60.3712,-51.7319],[-60.3796,-51.7292],[-60.3752,-51.7202],[-60.3779,-51.7143],[-60.3415,-51.7149],[-60.3241,-51.7077],[-60.3201,-51.6979],[-60.3108,-51.7152],[-60.2876,-51.7211],[-60.2788,-51.7201],[-60.267,-51.7141],[-60.2619,-51.7039],[-60.2492,-51.6967],[-60.2319,-51.7005],[-60.213,-51.702],[-60.1985,-51.6999],[-60.1833,-51.7064],[-60.1819,-51.7133],[-60.1899,-51.7202],[-60.1848,-51.7402],[-60.1817,-51.7459],[-60.185,-51.756],[-60.1944,-51.7646],[-60.2039,-51.7798],[-60.2122,-51.7832],[-60.2229,-51.7757],[-60.2354,-51.7794],[-60.2463,-51.7792],[-60.2576,-51.7837],[-60.2693,-51.7781],[-60.2584,-51.7656],[-60.2726,-51.7664],[-60.284,-51.7603],[-60.2699,-51.7537],[-60.3008,-51.7569],[-60.3086,-51.7612],[-60.3231,-51.7607],[-60.3212,-51.7684],[-60.313,-51.7751],[-60.3009,-51.7777],[-60.2996,-51.7869],[-60.3089,-51.7949],[-60.3165,-51.7952],[-60.3285,-51.8047],[-60.3132,-51.8124],[-60.3037,-51.8125],[-60.2983,-51.8172],[-60.2958,-51.8321],[-60.305,-51.8362],[-60.3073,-51.8284],[-60.3194,-51.827],[-60.3285,-51.8193],[-60.3369,-51.8223],[-60.3309,-51.8276],[-60.3343,-51.844],[-60.3428,-51.855],[-60.3308,-51.8625],[-60.3539,-51.8703],[-60.3515,-51.8608],[-60.3609,-51.8547],[-60.369,-51.8577],[-60.3828,-51.8554],[-60.3833,-51.8458],[-60.4051,-51.858],[-60.4075,-51.8535],[-60.3974,-51.8455],[-60.3807,-51.8386],[-60.376,-51.8322],[-60.374,-51.8183],[-60.3637,-51.8106],[-60.3718,-51.797],[-60.3842,-51.8019],[-60.3822,-51.8084],[-60.3911,-51.8115],[-60.4006,-51.8069],[-60.4119,-51.8157],[-60.4186,-51.815],[-60.4157,-51.8064],[-60.4054,-51.7949],[-60.3915,-51.7929],[-60.385,-51.7963],[-60.3721,-51.786],[-60.3877,-51.769],[-60.3971,-51.7684],[-60.4058,-51.7775],[-60.4163,-51.7811],[-60.4161,-51.7903],[-60.4234,-51.7923],[-60.4342,-51.7782],[-60.447,-51.7778],[-60.4597,-51.7875],[-60.4559,-51.7927],[-60.4607,-51.8007],[-60.4695,-51.8084],[-60.4684,-51.817],[-60.475,-51.8173],[-60.4777,-51.8254],[-60.4702,-51.827],[-60.4614,-51.8385],[-60.4483,-51.8468],[-60.446,-51.852],[-60.4592,-51.8582],[-60.4728,-51.8672],[-60.4536,-51.8705],[-60.4512,-51.8774],[-60.4847,-51.906],[-60.492,-51.9043],[-60.4952,-51.9118],[-60.4912,-51.9199],[-60.5057,-51.9361],[-60.5203,-51.9367],[-60.5269,-51.9344],[-60.5446,-51.9415],[-60.561,-51.9324],[-60.5696,-51.934],[-60.5865,-51.9269],[-60.6027,-51.9301],[-60.6152,-51.9223],[-60.6353,-51.9214],[-60.6304,-51.9331],[-60.6084,-51.9342],[-60.597,-51.9322],[-60.5803,-51.9375],[-60.5629,-51.9382],[-60.5602,-51.9468],[-60.5435,-51.9543],[-60.5302,-51.9513],[-60.5038,-51.9537],[-60.4957,-51.9503],[-60.4919,-51.9424],[-60.4795,-51.9418],[-60.4767,-51.9463],[-60.4642,-51.9449],[-60.4592,-51.9365],[-60.4204,-51.9301],[-60.4086,-51.9244],[-60.3974,-51.9287],[-60.4076,-51.9323],[-60.4058,-51.9386],[-60.4294,-51.9518],[-60.4326,-51.9561],[-60.4498,-51.9632],[-60.4531,-51.9683],[-60.4695,-51.9728],[-60.4888,-51.9758],[-60.4934,-51.9738],[-60.5127,-51.9797],[-60.5313,-51.9813],[-60.5491,-51.9763],[-60.5703,-51.9843],[-60.5632,-51.9899],[-60.5322,-52.0017],[-60.5361,-52.0125],[-60.5507,-52.0189],[-60.5371,-52.0022],[-60.5479,-51.9976],[-60.5741,-51.9911],[-60.5747,-51.9987],[-60.5809,-52.0059],[-60.5967,-52.0188],[-60.6031,-52.0174],[-60.5955,-52.0079],[-60.5858,-52.0038],[-60.5775,-51.9875],[-60.5855,-51.9819],[-60.6249,-51.9776],[-60.6514,-51.9706],[-60.6694,-51.9718],[-60.6729,-51.9747],[-60.668,-51.9865],[-60.6708,-51.9932],[-60.6694,-52.0179],[-60.6597,-52.019],[-60.6649,-52.0271],[-60.6809,-52.0288],[-60.6917,-52.0168],[-60.6813,-52.0136],[-60.6866,-52.0051],[-60.6799,-51.9955],[-60.6822,-51.9778],[-60.6913,-51.9706],[-60.7006,-51.9705],[-60.6986,-51.9793],[-60.7018,-51.9943],[-60.6958,-52.0011],[-60.7127,-52.0121],[-60.7118,-51.9983],[-60.7077,-51.9891],[-60.7105,-51.9798],[-60.7089,-51.9699],[-60.7036,-51.9647],[-60.7258,-51.9614],[-60.7408,-51.9675],[-60.7453,-51.9617],[-60.7691,-51.9613],[-60.7836,-51.9569],[-60.806,-51.9595],[-60.8253,-51.9586],[-60.8444,-51.955],[-60.8564,-51.9636],[-60.8457,-51.9762],[-60.8366,-51.9762],[-60.8373,-51.9859],[-60.821,-51.9872],[-60.8135,-52.002],[-60.8029,-51.9963],[-60.794,-51.9994],[-60.7618,-52.0027],[-60.7513,-51.9999],[-60.7456,-52.0182],[-60.7542,-52.0239],[-60.7661,-52.0205],[-60.7803,-52.0242],[-60.7924,-52.024],[-60.8021,-52.027],[-60.8091,-52.033],[-60.8373,-52.0367],[-60.8414,-52.0393],[-60.8596,-52.042],[-60.863,-52.037],[-60.876,-52.0288],[-60.8931,-52.0272],[-60.8971,-52.0325],[-60.8842,-52.0411],[-60.8861,-52.0544],[-60.8757,-52.0606],[-60.8827,-52.0637],[-60.8644,-52.0718],[-60.8462,-52.0652],[-60.8418,-52.0705],[-60.8603,-52.0802],[-60.8677,-52.0759],[-60.8823,-52.0733],[-60.8956,-52.062],[-60.896,-52.0526],[-60.8927,-52.0396],[-60.9084,-52.0364],[-60.922,-52.039],[-60.9305,-52.0365],[-60.9504,-52.0438],[-60.9935,-52.0431],[-61.0058,-52.0384],[-61.0043,-52.0186],[-61.0143,-52.0132],[-61.0309,-52.0083],[-61.0423,-52.0117],[-61.0474,-52.008],[-61.057,-52.0123],[-61.078,-52.0107],[-61.0799,-52.0149],[-61.069,-52.0179],[-61.0619,-52.0148],[-61.0432,-52.014],[-61.0467,-52.0277],[-61.0441,-52.0436],[-61.0508,-52.0527],[-61.0496,-52.0591],[-61.0417,-52.0604],[-61.0476,-52.073],[-61.0322,-52.0704],[-61.0193,-52.0808],[-61.0095,-52.0707],[-61.0124,-52.0621],[-61.0231,-52.057],[-61.0304,-52.046],[-61.0241,-52.0445],[-61.0172,-52.0516],[-60.9961,-52.0608],[-60.9984,-52.0729],[-60.9736,-52.078],[-60.9764,-52.088],[-60.9616,-52.087],[-60.947,-52.0902],[-60.9428,-52.0949],[-60.9494,-52.0989],[-60.9432,-52.1077],[-60.9345,-52.1117],[-60.9337,-52.1167],[-60.9239,-52.1177],[-60.903,-52.1139],[-60.8896,-52.118],[-60.8816,-52.117],[-60.8685,-52.1251],[-60.8522,-52.1409],[-60.8589,-52.1449],[-60.8316,-52.1506],[-60.8178,-52.1514],[-60.8116,-52.1627],[-60.8259,-52.1728],[-60.8169,-52.1773],[-60.8161,-52.1831],[-60.7995,-52.1894],[-60.7881,-52.1892],[-60.7572,-52.1832],[-60.738,-52.1871],[-60.7194,-52.1772],[-60.7338,-52.1764],[-60.7573,-52.1665],[-60.7724,-52.1658],[-60.7715,-52.1612],[-60.7885,-52.146],[-60.7955,-52.1417],[-60.8131,-52.1381],[-60.8228,-52.1384],[-60.8289,-52.132],[-60.842,-52.1292],[-60.8529,-52.1179],[-60.8505,-52.1076],[-60.8398,-52.1033],[-60.8196,-52.1025],[-60.811,-52.1123],[-60.7929,-52.1094],[-60.7721,-52.1092],[-60.7643,-52.1199],[-60.7473,-52.1247],[-60.737,-52.1182],[-60.7246,-52.1161],[-60.6936,-52.1236],[-60.6858,-52.1299],[-60.6931,-52.133],[-60.7157,-52.1298],[-60.7284,-52.1319],[-60.7439,-52.148],[-60.7294,-52.1512],[-60.7268,-52.1602],[-60.7175,-52.1604],[-60.7086,-52.1521],[-60.7095,-52.1695],[-60.7044,-52.1735],[-60.6831,-52.1713],[-60.6829,-52.1746],[-60.6951,-52.1805],[-60.688,-52.186],[-60.6651,-52.193],[-60.6595,-52.1978],[-60.641,-52.2042],[-60.6388,-52.2137],[-60.6465,-52.2137],[-60.6659,-52.2011],[-60.6802,-52.2029],[-60.681,-52.2084],[-60.6931,-52.2079],[-60.6964,-52.2131],[-60.6862,-52.22],[-60.6723,-52.2195],[-60.6665,-52.2228],[-60.6823,-52.2303],[-60.68,-52.2342],[-60.6642,-52.2447],[-60.6537,-52.2546],[-60.6527,-52.2591],[-60.64,-52.2594],[-60.6311,-52.2549],[-60.6164,-52.2588],[-60.6163,-52.251],[-60.6239,-52.2392],[-60.6007,-52.2449],[-60.595,-52.2349],[-60.5821,-52.2322],[-60.5734,-52.235],[-60.5634,-52.2298],[-60.5479,-52.2257],[-60.5298,-52.2129],[-60.516,-52.2086],[-60.5052,-52.2006],[-60.5044,-52.196],[-60.5222,-52.1912],[-60.4951,-52.1858],[-60.49,-52.1806],[-60.4909,-52.172],[-60.5318,-52.1521],[-60.5417,-52.139],[-60.5477,-52.1407],[-60.5581,-52.1499],[-60.5676,-52.1479],[-60.5592,-52.1406],[-60.566,-52.1327],[-60.5886,-52.133],[-60.5845,-52.1259],[-60.5727,-52.1264],[-60.5568,-52.121],[-60.5499,-52.1208],[-60.5435,-52.1308],[-60.5339,-52.137],[-60.5225,-52.1492],[-60.5084,-52.1581],[-60.4858,-52.1663],[-60.4701,-52.1769],[-60.4553,-52.1794],[-60.4438,-52.1723],[-60.4468,-52.167],[-60.4578,-52.169],[-60.4678,-52.1617],[-60.451,-52.153],[-60.4237,-52.1481],[-60.4145,-52.1446],[-60.4071,-52.1515],[-60.4126,-52.1654],[-60.4046,-52.1739],[-60.3951,-52.1703],[-60.3902,-52.1748],[-60.3786,-52.1775],[-60.3672,-52.1755],[-60.3656,-52.1661],[-60.3886,-52.1584],[-60.3873,-52.1464],[-60.4068,-52.1244],[-60.4205,-52.1197],[-60.4331,-52.1214],[-60.4552,-52.1153],[-60.4632,-52.119],[-60.4735,-52.1155],[-60.4869,-52.1158],[-60.4977,-52.1115],[-60.4887,-52.1073],[-60.4767,-52.1084],[-60.4583,-52.1028],[-60.4522,-52.1136],[-60.4342,-52.1197],[-60.4192,-52.1189],[-60.4046,-52.1239],[-60.3931,-52.1364],[-60.3863,-52.1341],[-60.3816,-52.1237],[-60.3836,-52.1179],[-60.3809,-52.1125],[-60.3906,-52.1049],[-60.3865,-52.1018],[-60.3534,-52.1042],[-60.3302,-52.1032],[-60.3348,-52.1085],[-60.349,-52.114],[-60.3654,-52.108],[-60.3766,-52.1075],[-60.3781,-52.1165],[-60.3825,-52.1184],[-60.3797,-52.1289],[-60.3844,-52.1374],[-60.3766,-52.1412],[-60.3809,-52.1541],[-60.3673,-52.1598],[-60.355,-52.1621],[-60.3328,-52.1537],[-60.3239,-52.145],[-60.3183,-52.134],[-60.313,-52.1311],[-60.3033,-52.1185],[-60.2953,-52.1137],[-60.2878,-52.0992],[-60.2814,-52.0944],[-60.2669,-52.0909],[-60.2557,-52.0401],[-60.2602,-52.0286],[-60.2696,-52.0789],[-60.2832,-52.0741],[-60.2774,-52.0675],[-60.2768,-52.0528],[-60.2796,-52.0489],[-60.2792,-52.0267],[-60.2845,-52.0176],[-60.3036,-52.0132],[-60.3034,-52.0069],[-60.2937,-52.0065],[-60.2895,-52.0107],[-60.267,-51.9981],[-60.2431,-51.9876],[-60.2393,-51.9954],[-60.2075,-51.9896],[-60.2046,-51.995],[-60.2217,-52.0002],[-60.2373,-52.0075],[-60.2354,-52.0151],[-60.2202,-52.0107],[-60.1839,-52.0051],[-60.1528,-52.0033],[-60.1201,-52.0089],[-60.1001,-52.0083],[-60.0876,-51.9983],[-60.0867,-51.9928],[-60.0998,-51.9851],[-60.0925,-51.98],[-60.0952,-51.9756],[-60.0856,-51.9626],[-60.0918,-51.9555],[-60.0856,-51.9483],[-60.0863,-51.9421],[-60.0768,-51.938],[-60.073,-51.952],[-60.0672,-51.9581],[-60.0544,-51.9642],[-60.0527,-51.969],[-60.0374,-51.9695],[-60.0295,-51.9616],[-60.0185,-51.9602],[-60.0124,-51.971],[-59.9961,-51.9887],[-60.0055,-51.9949],[-60.0187,-52],[-60.0028,-52.0051],[-59.9844,-52.0018],[-59.9661,-51.9965],[-59.9506,-51.9895],[-59.9211,-51.9674],[-59.9167,-51.9659],[-59.9013,-51.9715],[-59.9016,-51.9797],[-59.8832,-51.9698],[-59.8604,-51.9643],[-59.8562,-51.9562],[-59.8491,-51.9509],[-59.8528,-51.9446],[-59.8504,-51.9314],[-59.8447,-51.9216],[-59.8433,-51.9122],[-59.8359,-51.8984],[-59.8191,-51.8813],[-59.8066,-51.8783],[-59.8012,-51.8702],[-59.8016,-51.8632],[-59.7749,-51.8426],[-59.7603,-51.8275],[-59.7488,-51.8193],[-59.747,-51.8113],[-59.7327,-51.8078],[-59.7265,-51.8135],[-59.6924,-51.7904],[-59.667,-51.7772],[-59.6515,-51.7669],[-59.6505,-51.7632],[-59.6382,-51.7596],[-59.6274,-51.7528],[-59.6355,-51.7466],[-59.622,-51.7332],[-59.6085,-51.7286],[-59.6016,-51.7207],[-59.5988,-51.7126],[-59.5878,-51.6931],[-59.5711,-51.688],[-59.5705,-51.6796],[-59.5554,-51.6657],[-59.5433,-51.6481],[-59.5503,-51.6468],[-59.5561,-51.6524],[-59.5815,-51.667],[-59.5913,-51.6609],[-59.5677,-51.6508],[-59.5496,-51.6351],[-59.54,-51.6305],[-59.5353,-51.6212],[-59.524,-51.6193],[-59.536,-51.6371],[-59.5283,-51.6395],[-59.5158,-51.6295],[-59.4988,-51.6268],[-59.4917,-51.6209],[-59.477,-51.6148],[-59.4689,-51.6069],[-59.4679,-51.6015],[-59.4543,-51.59],[-59.4414,-51.5915],[-59.4454,-51.597],[-59.4549,-51.5962],[-59.4658,-51.6096],[-59.4648,-51.6123],[-59.4808,-51.6334],[-59.4778,-51.6362],[-59.4569,-51.6378],[-59.4403,-51.6341],[-59.4273,-51.6212],[-59.4197,-51.6164],[-59.3894,-51.6049],[-59.3868,-51.597],[-59.3917,-51.5914],[-59.3858,-51.5796],[-59.3787,-51.5753],[-59.3787,-51.5699],[-59.3665,-51.5567],[-59.3443,-51.5365],[-59.3395,-51.5251],[-59.3472,-51.5215],[-59.3666,-51.5322],[-59.3681,-51.5276],[-59.3575,-51.5156],[-59.3538,-51.5077],[-59.3442,-51.4969],[-59.3329,-51.4919],[-59.3279,-51.5001],[-59.3412,-51.513],[-59.3426,-51.5221],[-59.3323,-51.5226],[-59.2897,-51.4904],[-59.2876,-51.4847],[-59.2723,-51.4758],[-59.2312,-51.4572],[-59.2239,-51.4517],[-59.2239,-51.4462],[-59.2387,-51.4503],[-59.2698,-51.4628],[-59.278,-51.458],[-59.2798,-51.4492],[-59.2667,-51.4467],[-59.2771,-51.4394],[-59.2886,-51.4387],[-59.282,-51.4274],[-59.2708,-51.4286],[-59.2705,-51.4228],[-59.2567,-51.4252],[-59.221,-51.4149],[-59.2089,-51.4064],[-59.2137,-51.4019],[-59.2274,-51.4011],[-59.2391,-51.3967],[-59.2388,-51.3911],[-59.2635,-51.3872],[-59.2741,-51.3822],[-59.2972,-51.3762],[-59.3061,-51.3776],[-59.3119,-51.3731],[-59.338,-51.3645],[-59.3585,-51.3593],[-59.3793,-51.3446],[-59.3869,-51.337]]],[[[-73.9968,-77.4854],[-74,-77.4858],[-74,-77.6999],[-74,-78.0989],[-73.955,-78.0927],[-73.9228,-78.0851],[-73.8641,-78.0757],[-73.8296,-78.0676],[-73.7355,-78.0503],[-73.7064,-78.0422],[-73.6203,-78.0235],[-73.5283,-77.9993],[-73.5136,-78.0003],[-73.5005,-78.0097],[-73.5187,-78.0203],[-73.4741,-78.0199],[-73.462,-78.0111],[-73.4349,-78.0011],[-73.4549,-77.9987],[-73.463,-77.9919],[-73.5014,-77.9917],[-73.4922,-77.9858],[-73.4161,-77.9677],[-73.4003,-77.9669],[-73.3545,-77.9567],[-73.3427,-77.9446],[-73.3104,-77.9355],[-73.3177,-77.9292],[-73.3068,-77.9217],[-73.2675,-77.9139],[-73.2336,-77.9004],[-73.2163,-77.8995],[-73.1732,-77.8837],[-73.1731,-77.8782],[-73.1459,-77.8715],[-73.1323,-77.8614],[-73.0738,-77.8508],[-73.0739,-77.8395],[-73.0371,-77.8269],[-73.0079,-77.8079],[-72.9842,-77.8053],[-72.9783,-77.7958],[-72.9496,-77.7874],[-72.9416,-77.7795],[-72.8604,-77.7418],[-72.8449,-77.7319],[-72.8064,-77.7199],[-72.784,-77.7064],[-72.7786,-77.6926],[-72.751,-77.679],[-72.7438,-77.6667],[-72.7404,-77.6479],[-72.7544,-77.639],[-72.7581,-77.6279],[-72.7935,-77.6024],[-72.7761,-77.5953],[-72.7456,-77.5918],[-72.7275,-77.5847],[-72.7431,-77.5774],[-72.8372,-77.5775],[-72.9044,-77.5732],[-72.9609,-77.5638],[-72.9899,-77.5522],[-73.0179,-77.5517],[-73.057,-77.5546],[-73.2885,-77.5411],[-73.3404,-77.5364],[-73.3828,-77.5353],[-73.4429,-77.5286],[-73.4918,-77.5274],[-73.5892,-77.5159],[-73.6497,-77.5152],[-73.72,-77.5081],[-73.8182,-77.5003],[-73.8555,-77.4917],[-73.8834,-77.4895],[-73.9503,-77.4887],[-73.9968,-77.4854]]],[[[-37.7268,-53.9765],[-37.7365,-53.9799],[-37.7468,-53.9876],[-37.7533,-54.0076],[-37.7743,-54.0064],[-37.7832,-54.0175],[-37.7973,-54.0138],[-37.8081,-54.0202],[-37.839,-54.0236],[-37.8494,-54.0131],[-37.8612,-54.008],[-37.8818,-54.0038],[-37.9151,-54.0013],[-37.9443,-54.007],[-37.9536,-54.0068],[-37.9647,-54.0124],[-37.963,-54.0218],[-37.9733,-54.0251],[-38.0083,-54.01],[-38.0203,-54.0152],[-38.009,-54.0209],[-38.0077,-54.0253],[-37.9964,-54.0286],[-37.9941,-54.0334],[-38.0119,-54.0443],[-38.0122,-54.0532],[-37.9993,-54.0613],[-38.0109,-54.0712],[-37.9938,-54.0696],[-37.978,-54.0591],[-37.9881,-54.0538],[-37.9802,-54.0469],[-37.9665,-54.0462],[-37.968,-54.0349],[-37.9415,-54.0442],[-37.9304,-54.0453],[-37.9286,-54.0513],[-37.9122,-54.0494],[-37.9007,-54.0583],[-37.8806,-54.0529],[-37.8674,-54.0582],[-37.8499,-54.0528],[-37.8418,-54.0452],[-37.8335,-54.0438],[-37.8219,-54.0356],[-37.8111,-54.0415],[-37.8234,-54.0487],[-37.815,-54.0525],[-37.7936,-54.0565],[-37.7949,-54.0503],[-37.7788,-54.0505],[-37.762,-54.0538],[-37.7588,-54.0575],[-37.7401,-54.0533],[-37.7319,-54.0459],[-37.724,-54.0497],[-37.7089,-54.0476],[-37.6997,-54.0351],[-37.6887,-54.0369],[-37.6691,-54.0339],[-37.6643,-54.0455],[-37.6573,-54.0513],[-37.6368,-54.0506],[-37.6132,-54.0442],[-37.6064,-54.0494],[-37.6076,-54.0558],[-37.6285,-54.061],[-37.6343,-54.0661],[-37.6466,-54.0697],[-37.6433,-54.0746],[-37.6487,-54.0794],[-37.6702,-54.0782],[-37.6896,-54.0805],[-37.6997,-54.0875],[-37.7115,-54.0903],[-37.7295,-54.1011],[-37.7291,-54.1105],[-37.7162,-54.1141],[-37.6988,-54.1108],[-37.6809,-54.1116],[-37.6755,-54.1044],[-37.6561,-54.1081],[-37.6429,-54.1213],[-37.6537,-54.1202],[-37.6661,-54.1253],[-37.6746,-54.1259],[-37.6836,-54.1312],[-37.6943,-54.1314],[-37.7098,-54.1389],[-37.7306,-54.1396],[-37.7222,-54.1472],[-37.7063,-54.148],[-37.6797,-54.1623],[-37.6875,-54.171],[-37.6723,-54.1802],[-37.6542,-54.1772],[-37.6525,-54.1809],[-37.6311,-54.1797],[-37.6192,-54.1865],[-37.6116,-54.1836],[-37.5827,-54.1773],[-37.5774,-54.179],[-37.558,-54.1752],[-37.5447,-54.1698],[-37.5409,-54.1637],[-37.5449,-54.154],[-37.5813,-54.1521],[-37.5782,-54.1486],[-37.5636,-54.1491],[-37.5586,-54.1431],[-37.5611,-54.1337],[-37.567,-54.1268],[-37.5569,-54.1235],[-37.5417,-54.1368],[-37.543,-54.1408],[-37.5112,-54.1421],[-37.5019,-54.1382],[-37.5174,-54.1301],[-37.5058,-54.1219],[-37.497,-54.1254],[-37.4789,-54.1279],[-37.4755,-54.1348],[-37.4663,-54.1414],[-37.4416,-54.1435],[-37.4318,-54.1501],[-37.4051,-54.1527],[-37.3756,-54.1516],[-37.327,-54.147],[-37.316,-54.149],[-37.3087,-54.1463],[-37.2901,-54.1446],[-37.2689,-54.1493],[-37.2411,-54.1481],[-37.2324,-54.1566],[-37.2246,-54.1591],[-37.2226,-54.1674],[-37.2461,-54.1651],[-37.2538,-54.1617],[-37.2742,-54.1654],[-37.2895,-54.1653],[-37.3011,-54.1708],[-37.3147,-54.1702],[-37.3578,-54.1762],[-37.3764,-54.177],[-37.3924,-54.1803],[-37.3971,-54.1858],[-37.4106,-54.1839],[-37.4103,-54.1942],[-37.4017,-54.2055],[-37.3902,-54.2125],[-37.3738,-54.2105],[-37.369,-54.2144],[-37.3534,-54.2161],[-37.3296,-54.2246],[-37.3268,-54.2309],[-37.3174,-54.2301],[-37.3036,-54.2252],[-37.2998,-54.2299],[-37.3244,-54.2352],[-37.3361,-54.2425],[-37.3689,-54.2457],[-37.3934,-54.2491],[-37.4042,-54.2482],[-37.4153,-54.252],[-37.413,-54.2615],[-37.4168,-54.2714],[-37.4044,-54.2698],[-37.3846,-54.2709],[-37.3689,-54.267],[-37.3574,-54.2682],[-37.3646,-54.283],[-37.3496,-54.2748],[-37.3413,-54.275],[-37.3279,-54.2701],[-37.3174,-54.2696],[-37.3031,-54.2728],[-37.297,-54.266],[-37.2827,-54.2645],[-37.2725,-54.2599],[-37.2713,-54.2535],[-37.2539,-54.2398],[-37.2411,-54.2444],[-37.2322,-54.2312],[-37.2209,-54.2321],[-37.214,-54.2376],[-37.2138,-54.2446],[-37.2064,-54.2542],[-37.2105,-54.2634],[-37.2041,-54.2666],[-37.1861,-54.2685],[-37.1574,-54.2674],[-37.1416,-54.2717],[-37.1325,-54.2833],[-37.1149,-54.278],[-37.088,-54.2812],[-37.0796,-54.2879],[-37.0889,-54.2933],[-37.0915,-54.2995],[-37.084,-54.3094],[-37.1048,-54.3166],[-37.1038,-54.3256],[-37.0686,-54.3304],[-37.0674,-54.3388],[-37.057,-54.3369],[-37.0405,-54.3489],[-37.0319,-54.35],[-37.0214,-54.3568],[-37.0054,-54.3609],[-36.9757,-54.3637],[-36.968,-54.3577],[-36.9483,-54.3593],[-36.9422,-54.3518],[-36.9508,-54.3471],[-36.9212,-54.3383],[-36.9027,-54.3459],[-36.8881,-54.3473],[-36.8715,-54.3529],[-36.8506,-54.3567],[-36.8584,-54.3615],[-36.89,-54.3622],[-36.903,-54.3704],[-36.8853,-54.3752],[-36.8904,-54.3891],[-36.8845,-54.3909],[-36.8713,-54.3853],[-36.8583,-54.3897],[-36.844,-54.3891],[-36.8487,-54.3984],[-36.8301,-54.4057],[-36.8074,-54.4087],[-36.7958,-54.4069],[-36.7727,-54.4137],[-36.7701,-54.419],[-36.7883,-54.4217],[-36.8016,-54.4262],[-36.805,-54.4362],[-36.8149,-54.4534],[-36.8161,-54.4598],[-36.8012,-54.4581],[-36.7885,-54.4652],[-36.7608,-54.4619],[-36.7539,-54.4698],[-36.7415,-54.4677],[-36.734,-54.4766],[-36.7084,-54.4857],[-36.6913,-54.4854],[-36.6821,-54.4902],[-36.6746,-54.4859],[-36.6432,-54.4809],[-36.6413,-54.4924],[-36.6568,-54.4919],[-36.6611,-54.5061],[-36.6481,-54.5156],[-36.6404,-54.518],[-36.6238,-54.5138],[-36.6131,-54.5179],[-36.6104,-54.5105],[-36.5837,-54.5047],[-36.5588,-54.509],[-36.5527,-54.5072],[-36.5533,-54.4984],[-36.5421,-54.499],[-36.5188,-54.5076],[-36.5004,-54.5084],[-36.4941,-54.5135],[-36.5171,-54.5144],[-36.5193,-54.5201],[-36.5089,-54.5251],[-36.4948,-54.5224],[-36.4795,-54.5276],[-36.4669,-54.5258],[-36.468,-54.5344],[-36.4754,-54.5485],[-36.496,-54.5574],[-36.4938,-54.566],[-36.497,-54.5709],[-36.478,-54.5751],[-36.4669,-54.5827],[-36.4287,-54.5894],[-36.4186,-54.5935],[-36.416,-54.6023],[-36.4199,-54.6073],[-36.4095,-54.6127],[-36.4029,-54.6292],[-36.3925,-54.6309],[-36.3862,-54.6415],[-36.379,-54.6463],[-36.3589,-54.6493],[-36.3428,-54.6576],[-36.3135,-54.6614],[-36.3177,-54.6709],[-36.3365,-54.68],[-36.3281,-54.6884],[-36.3258,-54.7065],[-36.3188,-54.7097],[-36.3149,-54.7244],[-36.3204,-54.7305],[-36.3082,-54.7314],[-36.3118,-54.7475],[-36.3011,-54.7561],[-36.2755,-54.7726],[-36.254,-54.7758],[-36.2609,-54.784],[-36.2581,-54.791],[-36.2491,-54.7961],[-36.2509,-54.8042],[-36.2398,-54.8027],[-36.2194,-54.8115],[-36.2188,-54.8169],[-36.1888,-54.8235],[-36.1842,-54.8291],[-36.1608,-54.8346],[-36.1483,-54.8413],[-36.1423,-54.8481],[-36.1275,-54.8531],[-36.1354,-54.8623],[-36.1243,-54.8646],[-36.1296,-54.878],[-36.1215,-54.8871],[-36.1062,-54.8905],[-36.0833,-54.8868],[-36.0595,-54.8856],[-36.042,-54.8741],[-36.0503,-54.8724],[-36.0454,-54.8648],[-36.0338,-54.8671],[-36.0297,-54.8736],[-36.0352,-54.8821],[-36.0133,-54.8834],[-36.0136,-54.8727],[-36.0088,-54.8622],[-35.9946,-54.8731],[-35.9927,-54.8802],[-35.9852,-54.8831],[-35.9703,-54.8735],[-35.9653,-54.8663],[-35.9772,-54.8607],[-35.9753,-54.8558],[-35.9588,-54.8599],[-35.9436,-54.8592],[-35.9396,-54.8478],[-35.9611,-54.8443],[-35.9618,-54.8359],[-35.9735,-54.8329],[-35.9852,-54.8342],[-36.0063,-54.8327],[-36.002,-54.8237],[-36.0176,-54.8237],[-36.0339,-54.8194],[-36.051,-54.8225],[-36.0608,-54.8197],[-36.0364,-54.8118],[-36.0584,-54.8003],[-36.0833,-54.7945],[-36.0914,-54.7866],[-36.1145,-54.785],[-36.1132,-54.7773],[-36.1349,-54.7614],[-36.126,-54.7544],[-36.108,-54.7703],[-36.0926,-54.7767],[-36.0408,-54.7935],[-36.0069,-54.8074],[-35.9847,-54.8127],[-35.962,-54.8152],[-35.9424,-54.8107],[-35.9362,-54.8148],[-35.91,-54.8115],[-35.9146,-54.8058],[-35.9081,-54.7947],[-35.8812,-54.7908],[-35.8662,-54.7993],[-35.8407,-54.7995],[-35.82,-54.7967],[-35.8147,-54.7915],[-35.8169,-54.7826],[-35.8005,-54.7826],[-35.7923,-54.7673],[-35.814,-54.7586],[-35.8182,-54.763],[-35.8348,-54.7641],[-35.8405,-54.7602],[-35.8373,-54.7523],[-35.8533,-54.7558],[-35.8635,-54.75],[-35.8583,-54.7425],[-35.8716,-54.7327],[-35.8808,-54.7368],[-35.8909,-54.7308],[-35.9043,-54.7295],[-35.9169,-54.731],[-35.9272,-54.7381],[-35.9485,-54.739],[-35.9645,-54.7346],[-35.9687,-54.7286],[-35.9846,-54.7229],[-35.9803,-54.7142],[-35.9475,-54.7221],[-35.9279,-54.7151],[-35.939,-54.7096],[-35.9634,-54.708],[-35.986,-54.6964],[-35.9767,-54.6926],[-35.9687,-54.698],[-35.9544,-54.6989],[-35.9348,-54.6955],[-35.9241,-54.6985],[-35.9176,-54.6933],[-35.9226,-54.6873],[-35.9217,-54.6791],[-35.9292,-54.674],[-35.9277,-54.6483],[-35.9479,-54.6335],[-35.961,-54.6319],[-35.9637,-54.6216],[-35.9494,-54.6273],[-35.9409,-54.6177],[-35.9322,-54.6189],[-35.9318,-54.6068],[-35.9192,-54.6007],[-35.9255,-54.591],[-35.9212,-54.5872],[-35.9072,-54.5887],[-35.9128,-54.574],[-35.9058,-54.5626],[-35.8923,-54.5583],[-35.8957,-54.5474],[-35.9088,-54.5462],[-35.9108,-54.5536],[-35.9244,-54.5576],[-35.9341,-54.5636],[-35.948,-54.5663],[-35.959,-54.5738],[-35.9846,-54.5795],[-35.9871,-54.5936],[-36.0018,-54.5919],[-36.0023,-54.5848],[-35.9961,-54.577],[-36.0227,-54.5657],[-36.0328,-54.5718],[-36.0557,-54.5704],[-36.0815,-54.5734],[-36.096,-54.5765],[-36.0972,-54.5845],[-36.1117,-54.5949],[-36.1129,-54.6027],[-36.1206,-54.6117],[-36.1279,-54.6076],[-36.1266,-54.5915],[-36.118,-54.582],[-36.1184,-54.572],[-36.1226,-54.5692],[-36.1397,-54.5687],[-36.1439,-54.5643],[-36.1654,-54.5662],[-36.167,-54.5559],[-36.1577,-54.5491],[-36.147,-54.5504],[-36.1412,-54.547],[-36.1111,-54.5513],[-36.0991,-54.5413],[-36.0815,-54.5365],[-36.0801,-54.5319],[-36.0856,-54.5198],[-36.0784,-54.5174],[-36.0388,-54.5199],[-36.026,-54.5106],[-36.0077,-54.5088],[-36.0092,-54.5049],[-36.0335,-54.501],[-36.0437,-54.4941],[-36.0515,-54.4846],[-36.0527,-54.4756],[-36.0754,-54.4678],[-36.1106,-54.4621],[-36.1141,-54.4673],[-36.1352,-54.4601],[-36.1489,-54.4623],[-36.1549,-54.4565],[-36.1674,-54.4565],[-36.1864,-54.4407],[-36.1867,-54.4338],[-36.179,-54.4233],[-36.1662,-54.4122],[-36.1819,-54.4027],[-36.1857,-54.3944],[-36.1787,-54.3869],[-36.2055,-54.3852],[-36.22,-54.3863],[-36.241,-54.3904],[-36.2627,-54.3926],[-36.2653,-54.3879],[-36.2554,-54.3823],[-36.2574,-54.3754],[-36.2483,-54.3698],[-36.2365,-54.3675],[-36.2217,-54.3528],[-36.2201,-54.3449],[-36.2391,-54.3495],[-36.247,-54.346],[-36.244,-54.34],[-36.2475,-54.3336],[-36.2384,-54.3238],[-36.2597,-54.324],[-36.2554,-54.3138],[-36.2632,-54.3099],[-36.2599,-54.302],[-36.2636,-54.2942],[-36.2834,-54.2894],[-36.2865,-54.299],[-36.2972,-54.3],[-36.3093,-54.2934],[-36.2977,-54.2827],[-36.3015,-54.2787],[-36.2941,-54.2706],[-36.3075,-54.2649],[-36.3152,-54.2739],[-36.3284,-54.2728],[-36.3404,-54.2619],[-36.3561,-54.265],[-36.3839,-54.257],[-36.3996,-54.2496],[-36.3993,-54.2567],[-36.3935,-54.2656],[-36.3996,-54.2681],[-36.4023,-54.2763],[-36.3724,-54.3008],[-36.3751,-54.3052],[-36.3561,-54.3111],[-36.3619,-54.3191],[-36.3535,-54.3271],[-36.3466,-54.3396],[-36.3313,-54.3502],[-36.3425,-54.358],[-36.3476,-54.3734],[-36.3472,-54.3854],[-36.3573,-54.3954],[-36.3692,-54.3947],[-36.3873,-54.3875],[-36.4016,-54.3846],[-36.3956,-54.3669],[-36.3902,-54.3602],[-36.3973,-54.3503],[-36.4202,-54.3325],[-36.4287,-54.3191],[-36.4441,-54.3158],[-36.4469,-54.3221],[-36.4574,-54.3261],[-36.4688,-54.3455],[-36.4756,-54.3495],[-36.485,-54.3635],[-36.4926,-54.3657],[-36.4999,-54.3728],[-36.5117,-54.3743],[-36.5063,-54.3619],[-36.5269,-54.3552],[-36.5248,-54.3529],[-36.5022,-54.3566],[-36.4911,-54.3396],[-36.489,-54.3323],[-36.4949,-54.3179],[-36.4933,-54.3108],[-36.4851,-54.3048],[-36.494,-54.2989],[-36.4922,-54.2931],[-36.5086,-54.2832],[-36.5056,-54.2798],[-36.488,-54.2836],[-36.4743,-54.2759],[-36.4739,-54.2621],[-36.4707,-54.246],[-36.4845,-54.2417],[-36.4994,-54.244],[-36.5021,-54.2531],[-36.5105,-54.2516],[-36.5138,-54.2418],[-36.5234,-54.2393],[-36.5313,-54.2443],[-36.5409,-54.2439],[-36.5598,-54.2536],[-36.5735,-54.2569],[-36.5859,-54.2677],[-36.6034,-54.2716],[-36.6127,-54.2835],[-36.6243,-54.285],[-36.6379,-54.277],[-36.645,-54.2826],[-36.6614,-54.2857],[-36.6715,-54.2956],[-36.6824,-54.3026],[-36.7001,-54.3008],[-36.6951,-54.2946],[-36.6782,-54.2896],[-36.6759,-54.2821],[-36.6534,-54.2705],[-36.6799,-54.2617],[-36.6868,-54.2546],[-36.7047,-54.2496],[-36.7322,-54.2462],[-36.7411,-54.2407],[-36.7688,-54.24],[-36.7929,-54.2431],[-36.7969,-54.2319],[-36.7715,-54.2213],[-36.7677,-54.2234],[-36.7471,-54.2222],[-36.74,-54.2259],[-36.7093,-54.2293],[-36.6881,-54.2361],[-36.676,-54.2356],[-36.6476,-54.2424],[-36.6311,-54.239],[-36.6186,-54.234],[-36.6031,-54.2195],[-36.586,-54.2127],[-36.5829,-54.2055],[-36.5929,-54.2002],[-36.5899,-54.1898],[-36.576,-54.1906],[-36.5594,-54.1968],[-36.5452,-54.1989],[-36.5413,-54.1898],[-36.5311,-54.1885],[-36.5127,-54.1962],[-36.4897,-54.1983],[-36.4954,-54.1896],[-36.5033,-54.185],[-36.5271,-54.1852],[-36.5321,-54.1801],[-36.547,-54.1757],[-36.5442,-54.169],[-36.5627,-54.1646],[-36.5707,-54.1685],[-36.5881,-54.17],[-36.6015,-54.1686],[-36.6092,-54.1756],[-36.6372,-54.1785],[-36.6594,-54.1906],[-36.6698,-54.1926],[-36.6813,-54.1876],[-36.7069,-54.1859],[-36.7077,-54.1758],[-36.686,-54.1743],[-36.6798,-54.1663],[-36.7053,-54.1637],[-36.7111,-54.1578],[-36.7063,-54.1541],[-36.6849,-54.1533],[-36.6838,-54.1462],[-36.6878,-54.1368],[-36.6723,-54.1401],[-36.6648,-54.1455],[-36.6443,-54.1463],[-36.6421,-54.1347],[-36.6277,-54.1307],[-36.6416,-54.1231],[-36.6482,-54.1264],[-36.6622,-54.1234],[-36.6651,-54.1171],[-36.6925,-54.1197],[-36.7059,-54.1142],[-36.7228,-54.1118],[-36.7366,-54.107],[-36.7403,-54.1135],[-36.7514,-54.1082],[-36.7696,-54.107],[-36.782,-54.112],[-36.7871,-54.1225],[-36.7821,-54.1296],[-36.7857,-54.136],[-36.7847,-54.1463],[-36.7967,-54.1542],[-36.8135,-54.1525],[-36.8199,-54.1444],[-36.8182,-54.1372],[-36.8259,-54.1309],[-36.8223,-54.1249],[-36.8132,-54.1206],[-36.806,-54.1089],[-36.8144,-54.1027],[-36.8101,-54.0953],[-36.8437,-54.0919],[-36.851,-54.0861],[-36.8656,-54.0876],[-36.8831,-54.0867],[-36.896,-54.0812],[-36.9114,-54.081],[-36.9292,-54.0884],[-36.938,-54.0854],[-36.9429,-54.0963],[-36.9586,-54.1067],[-36.9705,-54.1085],[-36.9794,-54.1133],[-36.996,-54.1151],[-37.0105,-54.127],[-37.0154,-54.1347],[-37.0345,-54.1386],[-37.0503,-54.1399],[-37.0467,-54.1274],[-37.0367,-54.1145],[-37.0207,-54.108],[-37.0183,-54.1038],[-37.0065,-54.1012],[-36.974,-54.0866],[-36.9796,-54.0781],[-36.9726,-54.0651],[-36.9899,-54.0557],[-37.0082,-54.0681],[-37.0053,-54.0718],[-37.0137,-54.0816],[-37.0213,-54.0779],[-37.0181,-54.0696],[-37.0257,-54.068],[-37.0492,-54.0712],[-37.056,-54.0801],[-37.0717,-54.0786],[-37.0792,-54.0861],[-37.0885,-54.0883],[-37.108,-54.1112],[-37.1201,-54.1142],[-37.1095,-54.128],[-37.1421,-54.1264],[-37.1541,-54.1343],[-37.1696,-54.1269],[-37.1575,-54.1165],[-37.145,-54.1167],[-37.1519,-54.1048],[-37.1548,-54.0916],[-37.1506,-54.0831],[-37.1399,-54.0791],[-37.1201,-54.0753],[-37.1235,-54.0662],[-37.1496,-54.0672],[-37.1536,-54.0596],[-37.1461,-54.053],[-37.1278,-54.0492],[-37.1373,-54.0428],[-37.1537,-54.0468],[-37.1661,-54.0438],[-37.1769,-54.0491],[-37.1813,-54.0593],[-37.1814,-54.0674],[-37.1918,-54.0699],[-37.2044,-54.0663],[-37.2073,-54.0609],[-37.2226,-54.0552],[-37.2269,-54.0632],[-37.2252,-54.0713],[-37.2406,-54.0922],[-37.2569,-54.0741],[-37.2687,-54.0654],[-37.2685,-54.0566],[-37.2822,-54.0611],[-37.3191,-54.0608],[-37.3372,-54.0534],[-37.3573,-54.0508],[-37.3625,-54.0577],[-37.3904,-54.0634],[-37.4031,-54.0613],[-37.4191,-54.068],[-37.4391,-54.0639],[-37.4597,-54.0648],[-37.4677,-54.062],[-37.479,-54.0645],[-37.4894,-54.0577],[-37.4855,-54.0524],[-37.4744,-54.0473],[-37.4564,-54.0473],[-37.4406,-54.041],[-37.4542,-54.0385],[-37.4534,-54.0296],[-37.4398,-54.0254],[-37.4531,-54.0213],[-37.4562,-54.0149],[-37.4455,-54.01],[-37.429,-54.0099],[-37.4076,-54.0055],[-37.3919,-54.0083],[-37.3754,-54.0017],[-37.37,-53.997],[-37.374,-53.9917],[-37.3929,-53.9905],[-37.4055,-53.9942],[-37.4114,-53.9865],[-37.4274,-53.994],[-37.4255,-53.9979],[-37.439,-54.0035],[-37.4526,-53.9962],[-37.462,-53.9978],[-37.4703,-54.0068],[-37.4711,-54.0127],[-37.4857,-54.0117],[-37.5039,-54.025],[-37.5303,-54.0196],[-37.5488,-54.0213],[-37.5763,-54.02],[-37.5719,-54.0139],[-37.5984,-54.0103],[-37.6221,-54.0156],[-37.6358,-54.0124],[-37.6416,-54.0073],[-37.6549,-54.0082],[-37.6546,-54.0126],[-37.6707,-54.0124],[-37.6882,-54.0152],[-37.6925,-54.0084],[-37.6767,-53.9988],[-37.6903,-53.9873],[-37.6987,-53.9897],[-37.7183,-53.9872],[-37.7204,-53.9761],[-37.7268,-53.9765]]],[[[-57.7799,-63.7834],[-57.7832,-63.7796],[-57.8042,-63.7856],[-57.8208,-63.7971],[-57.8513,-63.8013],[-57.8614,-63.7984],[-57.9083,-63.8028],[-57.9489,-63.8026],[-57.9673,-63.8073],[-57.9702,-63.8153],[-57.9512,-63.8253],[-57.9365,-63.8403],[-57.9496,-63.8488],[-57.9522,-63.8582],[-57.9689,-63.8631],[-57.9872,-63.8525],[-58.0161,-63.8394],[-58.0234,-63.8336],[-58.0369,-63.8394],[-58.0468,-63.8474],[-58.0691,-63.8486],[-58.115,-63.8586],[-58.1208,-63.8674],[-58.1137,-63.8816],[-58.0991,-63.8897],[-58.0926,-63.8996],[-58.0946,-63.9055],[-58.1141,-63.9083],[-58.1453,-63.91],[-58.158,-63.9057],[-58.1671,-63.8934],[-58.1846,-63.8811],[-58.1935,-63.8834],[-58.2317,-63.9],[-58.2359,-63.9172],[-58.2626,-63.9146],[-58.2895,-63.9195],[-58.2902,-63.9102],[-58.2991,-63.9087],[-58.3073,-63.9169],[-58.3072,-63.9272],[-58.3118,-63.9342],[-58.3331,-63.9527],[-58.3162,-63.9606],[-58.287,-63.9671],[-58.2616,-63.9683],[-58.2463,-63.9659],[-58.2261,-63.9673],[-58.2017,-63.9654],[-58.1683,-63.9693],[-58.1632,-63.9782],[-58.1889,-63.9919],[-58.2064,-63.991],[-58.2298,-63.9933],[-58.2548,-63.9934],[-58.2831,-64.0065],[-58.2972,-64.0037],[-58.3039,-63.9936],[-58.3152,-63.9897],[-58.3348,-63.9893],[-58.3669,-63.9989],[-58.4006,-64.0236],[-58.4144,-64.036],[-58.4141,-64.0409],[-58.3948,-64.0483],[-58.4037,-64.0666],[-58.4124,-64.0681],[-58.4372,-64.0579],[-58.4496,-64.069],[-58.4595,-64.0887],[-58.4535,-64.0936],[-58.4347,-64.0968],[-58.4179,-64.104],[-58.4172,-64.1115],[-58.4457,-64.1128],[-58.4547,-64.1218],[-58.4532,-64.1317],[-58.4385,-64.1367],[-58.4204,-64.1324],[-58.3863,-64.135],[-58.3572,-64.1431],[-58.3293,-64.1455],[-58.3103,-64.1349],[-58.3055,-64.123],[-58.2831,-64.118],[-58.2759,-64.1078],[-58.2763,-64.0954],[-58.259,-64.0841],[-58.2304,-64.0832],[-58.2265,-64.0869],[-58.2094,-64.088],[-58.1513,-64.081],[-58.112,-64.0728],[-58.1023,-64.0681],[-58.0682,-64.065],[-58.0604,-64.071],[-58.0205,-64.0763],[-58.0261,-64.0833],[-58.0383,-64.0874],[-58.0211,-64.0954],[-58.0229,-64.103],[-58.0424,-64.1104],[-58.0405,-64.1248],[-58.0793,-64.1367],[-58.0893,-64.1304],[-58.107,-64.1322],[-58.1164,-64.1296],[-58.1371,-64.1338],[-58.1425,-64.143],[-58.1556,-64.1463],[-58.1753,-64.1661],[-58.1764,-64.1726],[-58.1875,-64.1859],[-58.1762,-64.198],[-58.1828,-64.2079],[-58.1797,-64.2171],[-58.1632,-64.2194],[-58.1418,-64.2178],[-58.1254,-64.2275],[-58.1006,-64.2225],[-58.0666,-64.2279],[-58.0566,-64.2275],[-58.0339,-64.2376],[-58.0491,-64.2416],[-58.0934,-64.2453],[-58.0984,-64.2526],[-58.1102,-64.2585],[-58.1197,-64.2566],[-58.1509,-64.2574],[-58.1573,-64.2641],[-58.1533,-64.2741],[-58.1716,-64.282],[-58.1873,-64.2819],[-58.1942,-64.277],[-58.2192,-64.2802],[-58.2361,-64.2847],[-58.2372,-64.2929],[-58.2474,-64.2981],[-58.266,-64.3026],[-58.2878,-64.3021],[-58.3089,-64.3163],[-58.3083,-64.3241],[-58.2974,-64.3307],[-58.2716,-64.3374],[-58.2683,-64.3455],[-58.2471,-64.3498],[-58.24,-64.3558],[-58.2244,-64.3567],[-58.2319,-64.3634],[-58.2325,-64.3826],[-58.2196,-64.3867],[-58.2022,-64.3854],[-58.1703,-64.3692],[-58.1514,-64.3698],[-58.1348,-64.381],[-58.145,-64.3924],[-58.139,-64.3989],[-58.1175,-64.3924],[-58.0759,-64.3653],[-58.0592,-64.3446],[-58.045,-64.3351],[-58.0195,-64.3332],[-57.9969,-64.3411],[-58.0019,-64.3563],[-57.975,-64.3655],[-57.9938,-64.3891],[-58.0385,-64.4144],[-58.039,-64.4229],[-58.0223,-64.4212],[-57.9996,-64.4282],[-57.9902,-64.437],[-57.9906,-64.4459],[-57.9778,-64.4493],[-57.959,-64.4373],[-57.9519,-64.4397],[-57.921,-64.439],[-57.9297,-64.4302],[-57.9283,-64.4203],[-57.9111,-64.4165],[-57.8956,-64.4217],[-57.8701,-64.4238],[-57.8601,-64.4219],[-57.8621,-64.412],[-57.8494,-64.4084],[-57.8332,-64.4103],[-57.824,-64.4022],[-57.8307,-64.3951],[-57.8222,-64.3883],[-57.8113,-64.3883],[-57.8102,-64.3785],[-57.8185,-64.3646],[-57.8268,-64.3599],[-57.8267,-64.3523],[-57.8151,-64.3479],[-57.8154,-64.342],[-57.8268,-64.3312],[-57.8282,-64.3234],[-57.8141,-64.3253],[-57.796,-64.3191],[-57.7744,-64.3283],[-57.7475,-64.3325],[-57.7338,-64.3391],[-57.7257,-64.3482],[-57.7256,-64.3712],[-57.7196,-64.3741],[-57.7244,-64.3914],[-57.7174,-64.3965],[-57.7017,-64.3983],[-57.6783,-64.3888],[-57.6575,-64.3842],[-57.6519,-64.3796],[-57.6103,-64.3717],[-57.5825,-64.3605],[-57.5751,-64.3499],[-57.5563,-64.3438],[-57.5394,-64.3454],[-57.5186,-64.3554],[-57.5106,-64.3675],[-57.5102,-64.3788],[-57.4981,-64.3784],[-57.4844,-64.3725],[-57.4843,-64.3669],[-57.4653,-64.3641],[-57.453,-64.3687],[-57.4516,-64.3804],[-57.43,-64.3874],[-57.401,-64.3814],[-57.3825,-64.3801],[-57.3526,-64.3875],[-57.3153,-64.382],[-57.3115,-64.3717],[-57.2868,-64.3623],[-57.2998,-64.3503],[-57.2959,-64.3439],[-57.3175,-64.3369],[-57.344,-64.3317],[-57.3567,-64.3257],[-57.3589,-64.3183],[-57.367,-64.3146],[-57.3848,-64.3136],[-57.3864,-64.3058],[-57.4118,-64.2967],[-57.42,-64.2886],[-57.4071,-64.2793],[-57.3923,-64.2781],[-57.3728,-64.2818],[-57.3462,-64.2829],[-57.3172,-64.2783],[-57.3029,-64.2717],[-57.3143,-64.2628],[-57.3311,-64.2586],[-57.3361,-64.2542],[-57.3265,-64.241],[-57.2841,-64.2428],[-57.2577,-64.2361],[-57.2411,-64.2218],[-57.2531,-64.2155],[-57.2216,-64.2179],[-57.2057,-64.225],[-57.1617,-64.2205],[-57.156,-64.2157],[-57.137,-64.2102],[-57.1332,-64.2052],[-57.1107,-64.1978],[-57.1004,-64.1899],[-57.0845,-64.187],[-57.0669,-64.1783],[-57.0619,-64.1648],[-57.067,-64.1593],[-57.0886,-64.1546],[-57.119,-64.1543],[-57.1417,-64.1568],[-57.1527,-64.1618],[-57.1675,-64.1606],[-57.1767,-64.1644],[-57.1947,-64.1613],[-57.2201,-64.1648],[-57.2349,-64.1633],[-57.2515,-64.155],[-57.2587,-64.1443],[-57.2538,-64.1359],[-57.2341,-64.1353],[-57.226,-64.1322],[-57.2059,-64.1348],[-57.1859,-64.1291],[-57.177,-64.1188],[-57.1635,-64.1135],[-57.1635,-64.1047],[-57.1562,-64.0946],[-57.1553,-64.0868],[-57.1631,-64.0776],[-57.1869,-64.0758],[-57.2132,-64.0667],[-57.2527,-64.062],[-57.2673,-64.0735],[-57.2926,-64.0726],[-57.2893,-64.06],[-57.2911,-64.047],[-57.308,-64.047],[-57.3241,-64.0521],[-57.3373,-64.0654],[-57.3662,-64.0655],[-57.381,-64.059],[-57.3778,-64.0537],[-57.4334,-64.0384],[-57.4499,-64.0396],[-57.4672,-64.0354],[-57.4881,-64.0256],[-57.5123,-64.0228],[-57.5079,-64.014],[-57.4909,-63.9981],[-57.5187,-63.9921],[-57.5186,-63.989],[-57.4914,-63.9812],[-57.4771,-63.9677],[-57.4858,-63.9622],[-57.5016,-63.9588],[-57.5167,-63.9492],[-57.5097,-63.9406],[-57.4834,-63.9283],[-57.5014,-63.9271],[-57.5262,-63.9321],[-57.5538,-63.9427],[-57.5714,-63.9584],[-57.5786,-63.9737],[-57.5929,-63.9777],[-57.6046,-63.9752],[-57.6232,-63.9817],[-57.6374,-63.9841],[-57.67,-63.993],[-57.6784,-63.9971],[-57.6661,-64.0058],[-57.6776,-64.014],[-57.7017,-64.0047],[-57.7392,-64.0161],[-57.7472,-64.0222],[-57.7485,-64.0346],[-57.72,-64.0391],[-57.6918,-64.0375],[-57.6932,-64.0535],[-57.7007,-64.0563],[-57.6986,-64.0758],[-57.7208,-64.0811],[-57.747,-64.0849],[-57.7591,-64.0816],[-57.7855,-64.0788],[-57.809,-64.0841],[-57.8119,-64.089],[-57.8276,-64.088],[-57.8376,-64.0741],[-57.864,-64.0763],[-57.8709,-64.0709],[-57.8504,-64.0597],[-57.8294,-64.0581],[-57.8167,-64.047],[-57.8163,-64.0382],[-57.8242,-64.0249],[-57.8265,-64.0137],[-57.8168,-64.007],[-57.8119,-63.9958],[-57.8427,-63.9941],[-57.8796,-63.9816],[-57.8808,-63.9741],[-57.8615,-63.9687],[-57.8335,-63.9538],[-57.8221,-63.9524],[-57.8159,-63.9444],[-57.8012,-63.935],[-57.82,-63.9334],[-57.8332,-63.9291],[-57.835,-63.9199],[-57.8129,-63.9106],[-57.7923,-63.9119],[-57.7825,-63.9093],[-57.7679,-63.8963],[-57.7777,-63.8812],[-57.7782,-63.8585],[-57.7856,-63.8467],[-57.8131,-63.8282],[-57.8069,-63.8188],[-57.8077,-63.8051],[-57.7993,-63.7921],[-57.7799,-63.7834]]],[[[-63.3642,-64.242],[-63.361,-64.2494],[-63.3483,-64.2589],[-63.3777,-64.2581],[-63.3927,-64.2628],[-63.4007,-64.2601],[-63.4253,-64.2609],[-63.4352,-64.2544],[-63.4511,-64.2524],[-63.484,-64.2612],[-63.5158,-64.2652],[-63.5303,-64.2624],[-63.5441,-64.2707],[-63.5646,-64.2703],[-63.5654,-64.2771],[-63.5565,-64.2855],[-63.5325,-64.3],[-63.5323,-64.3168],[-63.5531,-64.3165],[-63.5546,-64.3213],[-63.5715,-64.3217],[-63.5768,-64.3262],[-63.5918,-64.3258],[-63.6183,-64.3215],[-63.624,-64.3249],[-63.6411,-64.3245],[-63.654,-64.3175],[-63.6773,-64.319],[-63.6834,-64.3334],[-63.6807,-64.3448],[-63.6731,-64.3555],[-63.6556,-64.3541],[-63.6341,-64.3559],[-63.6432,-64.3648],[-63.6382,-64.3749],[-63.6478,-64.3802],[-63.6581,-64.3779],[-63.6649,-64.3864],[-63.6786,-64.3928],[-63.6792,-64.4066],[-63.6653,-64.4071],[-63.6571,-64.4157],[-63.6665,-64.4228],[-63.6923,-64.4251],[-63.7005,-64.437],[-63.6995,-64.4426],[-63.7151,-64.4473],[-63.7303,-64.4471],[-63.775,-64.4574],[-63.7831,-64.4513],[-63.8033,-64.4473],[-63.7906,-64.4404],[-63.7963,-64.4301],[-63.8133,-64.4279],[-63.8258,-64.4298],[-63.8362,-64.4354],[-63.8543,-64.4374],[-63.8694,-64.4339],[-63.8861,-64.4406],[-63.8676,-64.4448],[-63.8731,-64.4528],[-63.8928,-64.4501],[-63.8951,-64.4549],[-63.919,-64.4617],[-63.9368,-64.4722],[-63.9192,-64.4754],[-63.9212,-64.4807],[-63.8972,-64.4804],[-63.8814,-64.4849],[-63.8828,-64.4974],[-63.8711,-64.4973],[-63.8557,-64.5101],[-63.8686,-64.5156],[-63.8762,-64.5234],[-63.8774,-64.5339],[-63.8961,-64.5394],[-63.9103,-64.5404],[-63.9317,-64.5371],[-63.9596,-64.5477],[-63.9696,-64.546],[-63.9909,-64.5489],[-64.0258,-64.5448],[-64.0393,-64.547],[-64.0762,-64.5566],[-64.0977,-64.5653],[-64.1276,-64.5743],[-64.1461,-64.5714],[-64.1535,-64.5793],[-64.1718,-64.5832],[-64.1722,-64.5877],[-64.2046,-64.5914],[-64.2047,-64.6047],[-64.1883,-64.6102],[-64.1918,-64.6149],[-64.1863,-64.6354],[-64.1963,-64.6519],[-64.2092,-64.6508],[-64.2179,-64.661],[-64.2509,-64.6589],[-64.2373,-64.6652],[-64.2343,-64.6728],[-64.2478,-64.6777],[-64.2325,-64.6808],[-64.2432,-64.6874],[-64.2746,-64.6919],[-64.2806,-64.6874],[-64.3001,-64.6863],[-64.3,-64.6969],[-64.294,-64.7024],[-64.2946,-64.7103],[-64.2759,-64.7176],[-64.2574,-64.7194],[-64.2324,-64.7121],[-64.1952,-64.7217],[-64.1757,-64.7215],[-64.1429,-64.7136],[-64.133,-64.7063],[-64.1094,-64.7153],[-64.1032,-64.7219],[-64.1037,-64.7312],[-64.0831,-64.7333],[-64.0752,-64.7382],[-64.0732,-64.7475],[-64.0664,-64.7518],[-64.067,-64.7594],[-64.0302,-64.7666],[-64.0281,-64.7716],[-64.0497,-64.7729],[-64.0536,-64.7768],[-64.0308,-64.7807],[-64.0121,-64.7779],[-64.0115,-64.7738],[-63.9837,-64.7697],[-63.9571,-64.7794],[-63.9503,-64.7865],[-63.9308,-64.7806],[-63.9039,-64.789],[-63.8824,-64.7853],[-63.8707,-64.786],[-63.8483,-64.782],[-63.8235,-64.786],[-63.7998,-64.7844],[-63.7799,-64.7868],[-63.7672,-64.7944],[-63.7621,-64.8043],[-63.7405,-64.8161],[-63.7615,-64.8206],[-63.7569,-64.8293],[-63.737,-64.8386],[-63.714,-64.8378],[-63.7222,-64.8455],[-63.7112,-64.8503],[-63.7112,-64.8571],[-63.684,-64.8544],[-63.6574,-64.8376],[-63.6651,-64.8283],[-63.6455,-64.8257],[-63.6387,-64.8059],[-63.6346,-64.8019],[-63.6188,-64.8016],[-63.6089,-64.7954],[-63.5872,-64.7909],[-63.5745,-64.7855],[-63.5659,-64.7762],[-63.5698,-64.773],[-63.5571,-64.7656],[-63.5471,-64.7687],[-63.537,-64.7645],[-63.5106,-64.7622],[-63.5149,-64.7532],[-63.5275,-64.7519],[-63.5534,-64.7555],[-63.5723,-64.7529],[-63.5765,-64.7417],[-63.5568,-64.7346],[-63.5364,-64.7357],[-63.5185,-64.7272],[-63.505,-64.7313],[-63.4929,-64.729],[-63.4886,-64.7213],[-63.4986,-64.7152],[-63.4716,-64.6993],[-63.4336,-64.6999],[-63.4161,-64.7039],[-63.4323,-64.7218],[-63.4226,-64.7262],[-63.4142,-64.7412],[-63.4029,-64.7465],[-63.4165,-64.7538],[-63.418,-64.7636],[-63.3902,-64.7623],[-63.3792,-64.7683],[-63.3437,-64.7685],[-63.3252,-64.7537],[-63.3336,-64.7469],[-63.3213,-64.7392],[-63.2944,-64.7343],[-63.2812,-64.7298],[-63.2904,-64.7246],[-63.2842,-64.7149],[-63.2736,-64.7068],[-63.2585,-64.7067],[-63.245,-64.7027],[-63.2231,-64.6997],[-63.2128,-64.6938],[-63.2177,-64.689],[-63.2051,-64.6805],[-63.1885,-64.6823],[-63.1757,-64.6757],[-63.1767,-64.6701],[-63.1907,-64.668],[-63.196,-64.6622],[-63.183,-64.65],[-63.15,-64.6472],[-63.1444,-64.6406],[-63.1311,-64.6341],[-63.1075,-64.6329],[-63.1067,-64.6446],[-63.0797,-64.6486],[-63.0711,-64.6403],[-63.0832,-64.6383],[-63.0778,-64.629],[-63.091,-64.6247],[-63.0809,-64.62],[-63.0594,-64.6196],[-63.0373,-64.6263],[-63.0341,-64.6202],[-63.0198,-64.6181],[-62.9883,-64.6223],[-62.979,-64.6157],[-62.9606,-64.6109],[-62.9509,-64.6038],[-62.9232,-64.6018],[-62.9119,-64.5914],[-62.9011,-64.5869],[-62.8803,-64.59],[-62.8842,-64.5819],[-62.8718,-64.5786],[-62.856,-64.5823],[-62.8403,-64.5744],[-62.814,-64.5714],[-62.82,-64.5612],[-62.8556,-64.5589],[-62.8717,-64.5599],[-62.88,-64.5525],[-62.8737,-64.541],[-62.885,-64.5308],[-62.9056,-64.5267],[-62.926,-64.5158],[-62.9516,-64.5188],[-62.9495,-64.5312],[-62.9695,-64.5394],[-62.9856,-64.5399],[-63.0169,-64.5375],[-63.0114,-64.534],[-63.0069,-64.5198],[-63.0203,-64.5137],[-63.0347,-64.5256],[-63.0644,-64.5374],[-63.0535,-64.5442],[-63.0678,-64.5514],[-63.0944,-64.556],[-63.1112,-64.5548],[-63.1327,-64.5591],[-63.1213,-64.5671],[-63.1259,-64.5806],[-63.1475,-64.5786],[-63.186,-64.5809],[-63.1973,-64.5686],[-63.2236,-64.57],[-63.2347,-64.5805],[-63.2692,-64.5816],[-63.2828,-64.5791],[-63.2776,-64.5708],[-63.3017,-64.5616],[-63.2888,-64.5508],[-63.2526,-64.5475],[-63.2481,-64.5427],[-63.2317,-64.5426],[-63.2133,-64.5361],[-63.2167,-64.5275],[-63.1975,-64.5127],[-63.1809,-64.5117],[-63.1595,-64.5037],[-63.1557,-64.4979],[-63.1306,-64.4941],[-63.1237,-64.4794],[-63.1023,-64.4725],[-63.1163,-64.4659],[-63.1003,-64.4643],[-63.1039,-64.4555],[-63.1241,-64.4627],[-63.1562,-64.4602],[-63.1713,-64.4715],[-63.1738,-64.4826],[-63.183,-64.4839],[-63.1971,-64.4755],[-63.219,-64.4796],[-63.2317,-64.4862],[-63.2454,-64.4824],[-63.2523,-64.4737],[-63.2426,-64.4668],[-63.2269,-64.4637],[-63.2264,-64.456],[-63.2147,-64.4494],[-63.1952,-64.4448],[-63.194,-64.4393],[-63.1576,-64.4287],[-63.1705,-64.423],[-63.1372,-64.4153],[-63.1253,-64.4074],[-63.1156,-64.3955],[-63.1324,-64.3965],[-63.1318,-64.4029],[-63.1443,-64.4073],[-63.1571,-64.4009],[-63.1524,-64.3943],[-63.1699,-64.3871],[-63.1966,-64.3916],[-63.2032,-64.4003],[-63.2383,-64.415],[-63.2406,-64.4231],[-63.2754,-64.4299],[-63.3225,-64.4474],[-63.3374,-64.4483],[-63.3649,-64.4383],[-63.3505,-64.4291],[-63.3235,-64.4243],[-63.3063,-64.4189],[-63.2931,-64.4056],[-63.3001,-64.3956],[-63.2751,-64.3964],[-63.2608,-64.3847],[-63.2716,-64.3779],[-63.2842,-64.3792],[-63.3133,-64.3872],[-63.3268,-64.3797],[-63.299,-64.3623],[-63.2864,-64.3605],[-63.2536,-64.3618],[-63.2349,-64.366],[-63.2222,-64.3647],[-63.1739,-64.3334],[-63.1611,-64.3316],[-63.1582,-64.3258],[-63.1925,-64.3193],[-63.1916,-64.3102],[-63.1569,-64.3126],[-63.1625,-64.3015],[-63.1554,-64.2927],[-63.1693,-64.2752],[-63.1821,-64.2721],[-63.2015,-64.2746],[-63.1912,-64.2809],[-63.2053,-64.2852],[-63.2369,-64.2757],[-63.2648,-64.2861],[-63.282,-64.2792],[-63.2727,-64.2744],[-63.2756,-64.2655],[-63.3005,-64.2699],[-63.3293,-64.2573],[-63.3162,-64.2506],[-63.3227,-64.2426],[-63.3354,-64.2469],[-63.3555,-64.2454],[-63.3642,-64.242]]],[[[-55.6198,-63.1211],[-55.6404,-63.1245],[-55.6773,-63.126],[-55.708,-63.1379],[-55.7177,-63.1486],[-55.7271,-63.1467],[-55.7613,-63.1554],[-55.7855,-63.1524],[-55.7964,-63.1461],[-55.8086,-63.1458],[-55.8096,-63.1393],[-55.8192,-63.1296],[-55.8285,-63.1255],[-55.8429,-63.1284],[-55.8592,-63.128],[-55.8954,-63.1354],[-55.9115,-63.1366],[-55.9394,-63.1425],[-55.9494,-63.1484],[-55.9824,-63.1467],[-55.9936,-63.1446],[-56.0122,-63.147],[-56.0299,-63.1465],[-56.0477,-63.1399],[-56.0664,-63.1457],[-56.0698,-63.1518],[-56.0995,-63.1645],[-56.1145,-63.1643],[-56.1374,-63.1705],[-56.1501,-63.1684],[-56.1819,-63.174],[-56.1957,-63.1781],[-56.2071,-63.1887],[-56.2352,-63.1947],[-56.2414,-63.2037],[-56.2615,-63.2137],[-56.281,-63.2165],[-56.2964,-63.2161],[-56.3228,-63.2224],[-56.341,-63.2228],[-56.3552,-63.2283],[-56.3557,-63.2323],[-56.3798,-63.2355],[-56.3926,-63.2438],[-56.4165,-63.2543],[-56.4278,-63.2664],[-56.4476,-63.2767],[-56.4657,-63.2809],[-56.4725,-63.2887],[-56.4835,-63.2945],[-56.4868,-63.3025],[-56.4616,-63.3068],[-56.4378,-63.3133],[-56.4494,-63.3236],[-56.463,-63.3261],[-56.4838,-63.3261],[-56.501,-63.3283],[-56.5125,-63.3266],[-56.5391,-63.3307],[-56.5454,-63.3341],[-56.5472,-63.3509],[-56.5528,-63.3545],[-56.5572,-63.3733],[-56.5338,-63.3843],[-56.5114,-63.3902],[-56.4695,-63.394],[-56.456,-63.4031],[-56.4635,-63.4059],[-56.4673,-63.415],[-56.459,-63.4258],[-56.4491,-63.4316],[-56.411,-63.4411],[-56.3781,-63.4371],[-56.3615,-63.4415],[-56.3373,-63.4339],[-56.316,-63.4341],[-56.2866,-63.4291],[-56.2756,-63.4237],[-56.2789,-63.4156],[-56.2636,-63.4056],[-56.2245,-63.4033],[-56.1765,-63.4045],[-56.1306,-63.4008],[-56.1063,-63.3892],[-56.08,-63.3862],[-56.0651,-63.3882],[-56.0456,-63.3817],[-56.0302,-63.3699],[-56.0185,-63.3682],[-56.0141,-63.361],[-56.0268,-63.3553],[-56.019,-63.3506],[-56.0254,-63.3433],[-56.0221,-63.3372],[-55.9863,-63.3339],[-55.9546,-63.3446],[-55.9449,-63.3295],[-55.9286,-63.3255],[-55.92,-63.3132],[-55.9269,-63.3012],[-55.918,-63.2939],[-55.8936,-63.2918],[-55.8624,-63.3003],[-55.848,-63.2997],[-55.8371,-63.3036],[-55.8495,-63.3184],[-55.8399,-63.3236],[-55.8161,-63.3232],[-55.7775,-63.3273],[-55.771,-63.3247],[-55.7747,-63.3066],[-55.7719,-63.2997],[-55.7889,-63.2877],[-55.7636,-63.2913],[-55.7475,-63.2955],[-55.7354,-63.2925],[-55.7181,-63.3013],[-55.718,-63.3092],[-55.7021,-63.3126],[-55.6641,-63.3255],[-55.6415,-63.3284],[-55.6222,-63.3373],[-55.5899,-63.3373],[-55.5805,-63.3354],[-55.5697,-63.3436],[-55.5548,-63.3496],[-55.542,-63.3498],[-55.5523,-63.339],[-55.5456,-63.3327],[-55.5228,-63.3297],[-55.5107,-63.3312],[-55.4844,-63.3272],[-55.4506,-63.3269],[-55.4267,-63.3292],[-55.4201,-63.3338],[-55.4018,-63.3356],[-55.3828,-63.3444],[-55.3705,-63.3533],[-55.3308,-63.3614],[-55.2931,-63.3633],[-55.2789,-63.3616],[-55.2429,-63.3644],[-55.2091,-63.3601],[-55.187,-63.3637],[-55.1716,-63.3586],[-55.1475,-63.3563],[-55.129,-63.3526],[-55.0899,-63.3369],[-55.0679,-63.3301],[-55.0525,-63.3186],[-55.0491,-63.3017],[-55.0425,-63.2847],[-55.0468,-63.2665],[-55.0522,-63.2605],[-55.0567,-63.246],[-55.0523,-63.2392],[-55.0562,-63.2318],[-55.0667,-63.2253],[-55.1182,-63.2072],[-55.1194,-63.2035],[-55.1383,-63.2024],[-55.1434,-63.1932],[-55.163,-63.1905],[-55.1637,-63.2068],[-55.1795,-63.2126],[-55.2024,-63.2151],[-55.2273,-63.2096],[-55.2305,-63.2051],[-55.2545,-63.2001],[-55.3144,-63.192],[-55.327,-63.1874],[-55.3366,-63.1903],[-55.3557,-63.1889],[-55.3643,-63.194],[-55.3915,-63.1916],[-55.392,-63.2016],[-55.4088,-63.2094],[-55.4216,-63.2115],[-55.444,-63.21],[-55.4662,-63.2112],[-55.4762,-63.2093],[-55.5354,-63.1772],[-55.5321,-63.1707],[-55.5102,-63.1617],[-55.4836,-63.1624],[-55.4805,-63.1556],[-55.5004,-63.1487],[-55.5086,-63.1525],[-55.5208,-63.1475],[-55.522,-63.1422],[-55.544,-63.1376],[-55.5681,-63.1287],[-55.5819,-63.1258],[-55.6198,-63.1211]]],[[[-62.4724,-69.1439],[-62.4863,-69.1457],[-62.5382,-69.1622],[-62.5644,-69.175],[-62.58,-69.1909],[-62.5719,-69.1996],[-62.5535,-69.2106],[-62.5479,-69.2278],[-62.5553,-69.2406],[-62.5546,-69.2625],[-62.5309,-69.2818],[-62.5112,-69.2917],[-62.4951,-69.3067],[-62.4842,-69.3349],[-62.4735,-69.3423],[-62.4347,-69.3606],[-62.4029,-69.3736],[-62.3696,-69.3836],[-62.3322,-69.3998],[-62.3164,-69.4111],[-62.2919,-69.4458],[-62.2475,-69.476],[-62.2308,-69.4891],[-62.2047,-69.505],[-62.2043,-69.5209],[-62.1834,-69.5498],[-62.1742,-69.5659],[-62.175,-69.5764],[-62.2004,-69.5904],[-62.2052,-69.5987],[-62.2031,-69.6132],[-62.1856,-69.6345],[-62.1585,-69.6472],[-62.1537,-69.6545],[-62.1381,-69.6656],[-62.1312,-69.6766],[-62.128,-69.6936],[-62.1295,-69.7176],[-62.1128,-69.7307],[-62.089,-69.7336],[-62.062,-69.7308],[-62.0179,-69.7323],[-61.9886,-69.7281],[-61.9763,-69.724],[-61.9626,-69.7102],[-61.9732,-69.6979],[-61.9687,-69.6847],[-61.9574,-69.6799],[-61.9487,-69.6697],[-61.9349,-69.6681],[-61.9297,-69.6593],[-61.9406,-69.6459],[-61.9327,-69.6299],[-61.9215,-69.6236],[-61.8963,-69.6204],[-61.8938,-69.604],[-61.8817,-69.5955],[-61.9016,-69.587],[-61.8985,-69.5686],[-61.918,-69.5552],[-61.9121,-69.545],[-61.8944,-69.541],[-61.8191,-69.5407],[-61.7867,-69.5337],[-61.7849,-69.5291],[-61.7933,-69.5163],[-61.7771,-69.5068],[-61.7495,-69.4991],[-61.7345,-69.4922],[-61.7357,-69.4807],[-61.7524,-69.4708],[-61.7531,-69.4592],[-61.7715,-69.4479],[-61.8034,-69.4232],[-61.824,-69.4116],[-61.8338,-69.4017],[-61.8224,-69.3836],[-61.8426,-69.3649],[-61.8687,-69.3543],[-61.8965,-69.338],[-61.9389,-69.3213],[-61.9628,-69.3099],[-61.9907,-69.3044],[-62.0128,-69.2954],[-62.0282,-69.2861],[-62.0301,-69.2668],[-62.0411,-69.2556],[-62.079,-69.2361],[-62.0944,-69.23],[-62.1157,-69.2177],[-62.1454,-69.2132],[-62.1675,-69.2013],[-62.1989,-69.1904],[-62.2074,-69.1855],[-62.2522,-69.1742],[-62.2758,-69.1647],[-62.3066,-69.1625],[-62.3231,-69.1548],[-62.351,-69.1512],[-62.3699,-69.1516],[-62.4134,-69.1479],[-62.4342,-69.1438],[-62.4724,-69.1439]]],[[[-57.6857,-61.8926],[-57.6781,-61.9006],[-57.6804,-61.9107],[-57.6982,-61.9191],[-57.725,-61.923],[-57.7363,-61.9226],[-57.7515,-61.914],[-57.7613,-61.9177],[-57.7587,-61.9236],[-57.7703,-61.9322],[-57.7734,-61.9406],[-57.7894,-61.9401],[-57.8133,-61.9481],[-57.8322,-61.9454],[-57.8554,-61.9467],[-57.8955,-61.9418],[-57.9234,-61.9362],[-57.9339,-61.944],[-57.9422,-61.9425],[-57.9676,-61.9278],[-57.9638,-61.9231],[-57.9731,-61.919],[-57.9871,-61.9065],[-57.9904,-61.8979],[-58.0011,-61.8987],[-58.0069,-61.9065],[-58.0274,-61.9163],[-58.0346,-61.9232],[-58.0528,-61.9316],[-58.0659,-61.9331],[-58.0831,-61.9317],[-58.0983,-61.9392],[-58.1274,-61.939],[-58.1532,-61.9462],[-58.1915,-61.9517],[-58.2082,-61.9657],[-58.2273,-61.9656],[-58.2425,-61.9616],[-58.2498,-61.9525],[-58.2681,-61.9515],[-58.2844,-61.9437],[-58.3093,-61.9431],[-58.3207,-61.9392],[-58.3351,-61.9447],[-58.3424,-61.9506],[-58.3582,-61.9471],[-58.3594,-61.9353],[-58.402,-61.9422],[-58.4072,-61.935],[-58.4344,-61.9333],[-58.4222,-61.9435],[-58.4169,-61.9526],[-58.4203,-61.9599],[-58.4303,-61.959],[-58.4452,-61.9664],[-58.4626,-61.9701],[-58.4785,-61.9662],[-58.4855,-61.9722],[-58.5034,-61.975],[-58.5119,-61.9859],[-58.5417,-61.9943],[-58.5624,-61.9946],[-58.5611,-61.9995],[-58.5752,-62.0027],[-58.5944,-62.0165],[-58.6121,-62.0168],[-58.6254,-62.0104],[-58.6476,-62.007],[-58.6816,-62.0114],[-58.7106,-62.0218],[-58.7031,-62.0456],[-58.6912,-62.0487],[-58.6997,-62.0577],[-58.7165,-62.0605],[-58.7216,-62.0655],[-58.7371,-62.0681],[-58.7445,-62.0792],[-58.7538,-62.0854],[-58.7707,-62.0896],[-58.7733,-62.0968],[-58.811,-62.1047],[-58.8181,-62.1081],[-58.8322,-62.1065],[-58.8383,-62.1129],[-58.856,-62.1089],[-58.8653,-62.1106],[-58.8684,-62.1183],[-58.8834,-62.118],[-58.8956,-62.1372],[-58.9131,-62.144],[-58.9263,-62.1421],[-58.9409,-62.1505],[-58.9368,-62.1562],[-58.966,-62.163],[-58.9705,-62.1705],[-58.9838,-62.1752],[-58.9889,-62.1838],[-59.0014,-62.1885],[-58.9946,-62.199],[-59.0068,-62.209],[-59.0185,-62.2117],[-59.0098,-62.2171],[-59.0211,-62.2234],[-59.0077,-62.2307],[-58.9853,-62.2317],[-58.9752,-62.2298],[-58.9552,-62.2308],[-58.9493,-62.2274],[-58.9529,-62.2194],[-58.9624,-62.2141],[-58.9574,-62.1988],[-58.9345,-62.1972],[-58.9294,-62.1927],[-58.8886,-62.1829],[-58.8591,-62.1856],[-58.8572,-62.1767],[-58.8466,-62.164],[-58.8352,-62.1572],[-58.8255,-62.1621],[-58.7979,-62.1651],[-58.7929,-62.1681],[-58.8017,-62.1881],[-58.8017,-62.2068],[-58.7886,-62.2113],[-58.7646,-62.2038],[-58.749,-62.2031],[-58.7339,-62.1977],[-58.7199,-62.1998],[-58.727,-62.2079],[-58.7464,-62.2147],[-58.7613,-62.2154],[-58.7915,-62.2261],[-58.7824,-62.2345],[-58.7621,-62.2403],[-58.7294,-62.2426],[-58.7128,-62.2347],[-58.7065,-62.2279],[-58.6792,-62.2239],[-58.6636,-62.2245],[-58.6483,-62.2201],[-58.6387,-62.2209],[-58.6368,-62.2294],[-58.6606,-62.2364],[-58.6792,-62.2371],[-58.6827,-62.2422],[-58.6751,-62.252],[-58.6618,-62.2554],[-58.6242,-62.2564],[-58.6116,-62.2609],[-58.5982,-62.2552],[-58.5866,-62.2538],[-58.5712,-62.2477],[-58.5593,-62.2395],[-58.5455,-62.2418],[-58.5316,-62.2389],[-58.5185,-62.2264],[-58.5009,-62.2369],[-58.4897,-62.2361],[-58.4839,-62.2307],[-58.4679,-62.2315],[-58.4483,-62.2276],[-58.4387,-62.215],[-58.422,-62.2149],[-58.4471,-62.199],[-58.435,-62.198],[-58.446,-62.174],[-58.4581,-62.1727],[-58.4567,-62.1627],[-58.4822,-62.1542],[-58.504,-62.1661],[-58.5293,-62.1755],[-58.5408,-62.1766],[-58.5481,-62.1815],[-58.5596,-62.1787],[-58.5727,-62.1811],[-58.616,-62.1842],[-58.6245,-62.1876],[-58.634,-62.1821],[-58.6299,-62.174],[-58.6016,-62.1736],[-58.5927,-62.1705],[-58.617,-62.1646],[-58.6065,-62.1578],[-58.5787,-62.1537],[-58.5697,-62.1563],[-58.5432,-62.153],[-58.5107,-62.1423],[-58.4783,-62.1256],[-58.4946,-62.1212],[-58.4862,-62.1119],[-58.4645,-62.1077],[-58.4583,-62.1032],[-58.4691,-62.091],[-58.5076,-62.0924],[-58.5025,-62.08],[-58.4876,-62.0742],[-58.4703,-62.0723],[-58.4687,-62.0664],[-58.4504,-62.0659],[-58.4438,-62.0629],[-58.4495,-62.055],[-58.4271,-62.051],[-58.4177,-62.0648],[-58.4253,-62.0819],[-58.4071,-62.0908],[-58.391,-62.0867],[-58.3956,-62.0672],[-58.3845,-62.0639],[-58.36,-62.0659],[-58.3461,-62.0824],[-58.3364,-62.0804],[-58.3362,-62.0729],[-58.3138,-62.0732],[-58.3161,-62.0805],[-58.3034,-62.0802],[-58.301,-62.0734],[-58.2917,-62.0716],[-58.2825,-62.0785],[-58.2932,-62.0903],[-58.3175,-62.094],[-58.3282,-62.1007],[-58.3756,-62.1085],[-58.3902,-62.1152],[-58.3979,-62.122],[-58.3899,-62.1295],[-58.3727,-62.1324],[-58.362,-62.131],[-58.3282,-62.1345],[-58.3352,-62.1438],[-58.3325,-62.152],[-58.3161,-62.1583],[-58.3198,-62.165],[-58.3097,-62.17],[-58.2966,-62.1698],[-58.2985,-62.1793],[-58.2946,-62.1837],[-58.2698,-62.1914],[-58.2212,-62.1879],[-58.2265,-62.179],[-58.2152,-62.1767],[-58.2135,-62.1676],[-58.2176,-62.1579],[-58.2045,-62.1542],[-58.1889,-62.1613],[-58.1704,-62.1639],[-58.1468,-62.1559],[-58.1318,-62.1584],[-58.1333,-62.1507],[-58.1213,-62.1458],[-58.1299,-62.1332],[-58.1581,-62.1282],[-58.1724,-62.1191],[-58.1946,-62.1175],[-58.2025,-62.1134],[-58.1921,-62.107],[-58.1654,-62.096],[-58.1845,-62.093],[-58.187,-62.0851],[-58.1789,-62.0781],[-58.1819,-62.0715],[-58.2118,-62.0654],[-58.2187,-62.0595],[-58.2092,-62.0509],[-58.2013,-62.0506],[-58.1828,-62.0435],[-58.1643,-62.0432],[-58.1349,-62.0509],[-58.1307,-62.0453],[-58.1121,-62.0544],[-58.0958,-62.0588],[-58.0991,-62.0633],[-58.0672,-62.0669],[-58.0442,-62.0612],[-58.029,-62.0625],[-58.0025,-62.0689],[-57.9873,-62.0672],[-57.974,-62.0748],[-57.9404,-62.0865],[-57.9313,-62.0786],[-57.9108,-62.0766],[-57.9164,-62.0661],[-57.9129,-62.0581],[-57.9199,-62.0508],[-57.9156,-62.0416],[-57.9027,-62.0399],[-57.9014,-62.0341],[-57.8833,-62.0263],[-57.8556,-62.0264],[-57.8432,-62.0241],[-57.8307,-62.0291],[-57.82,-62.022],[-57.7697,-62.0121],[-57.7363,-62.0098],[-57.7158,-62.0101],[-57.7063,-62.0126],[-57.7102,-62.0237],[-57.6886,-62.0264],[-57.6485,-62.0265],[-57.6367,-62.0234],[-57.6187,-62.0236],[-57.6431,-61.9996],[-57.6601,-61.9963],[-57.6686,-61.9912],[-57.6685,-61.9849],[-57.6852,-61.9824],[-57.6899,-61.9751],[-57.701,-61.9681],[-57.6885,-61.9627],[-57.6645,-61.9639],[-57.6579,-61.9582],[-57.6671,-61.9445],[-57.6606,-61.9395],[-57.6485,-61.9407],[-57.6398,-61.9352],[-57.6474,-61.932],[-57.6478,-61.919],[-57.6537,-61.908],[-57.6603,-61.9079],[-57.6857,-61.8926]]],[[[-62.3893,-64.0075],[-62.4024,-64.0147],[-62.416,-64.01],[-62.436,-64.0146],[-62.4616,-64.0078],[-62.4826,-64.0127],[-62.4682,-64.0217],[-62.4715,-64.027],[-62.4845,-64.0263],[-62.4982,-64.0348],[-62.5101,-64.0385],[-62.5308,-64.0356],[-62.5685,-64.039],[-62.5719,-64.0574],[-62.549,-64.0582],[-62.525,-64.0629],[-62.5309,-64.076],[-62.5009,-64.0833],[-62.4887,-64.0911],[-62.484,-64.0993],[-62.5022,-64.1],[-62.5337,-64.1142],[-62.5633,-64.1133],[-62.5774,-64.116],[-62.5937,-64.1145],[-62.6133,-64.1157],[-62.6209,-64.1205],[-62.6025,-64.131],[-62.6076,-64.1401],[-62.5922,-64.1498],[-62.5746,-64.1523],[-62.5756,-64.1717],[-62.5537,-64.1794],[-62.5492,-64.1885],[-62.5363,-64.1915],[-62.5323,-64.1988],[-62.5399,-64.2086],[-62.5036,-64.2004],[-62.4962,-64.2071],[-62.4481,-64.2127],[-62.4538,-64.2193],[-62.4557,-64.2316],[-62.4816,-64.239],[-62.4785,-64.2459],[-62.4846,-64.252],[-62.4845,-64.2614],[-62.5098,-64.2626],[-62.5246,-64.2607],[-62.5175,-64.2761],[-62.5318,-64.2803],[-62.5263,-64.2862],[-62.5325,-64.2953],[-62.5283,-64.3076],[-62.5363,-64.3116],[-62.5637,-64.3145],[-62.5702,-64.3177],[-62.5692,-64.3267],[-62.581,-64.3284],[-62.5822,-64.337],[-62.5741,-64.3432],[-62.5906,-64.3568],[-62.592,-64.3635],[-62.6028,-64.3723],[-62.6,-64.3811],[-62.6144,-64.3823],[-62.6308,-64.3905],[-62.6549,-64.3848],[-62.6647,-64.3972],[-62.685,-64.4039],[-62.6817,-64.412],[-62.6669,-64.4161],[-62.6647,-64.4286],[-62.6477,-64.445],[-62.6287,-64.4463],[-62.6007,-64.445],[-62.5888,-64.4553],[-62.6087,-64.4585],[-62.6216,-64.4578],[-62.6408,-64.4613],[-62.6573,-64.4615],[-62.6608,-64.4761],[-62.6698,-64.4824],[-62.6862,-64.485],[-62.7054,-64.4814],[-62.6988,-64.4659],[-62.7113,-64.4615],[-62.7317,-64.4624],[-62.7377,-64.4676],[-62.7544,-64.4645],[-62.7741,-64.4697],[-62.7559,-64.4838],[-62.7638,-64.4864],[-62.7922,-64.4831],[-62.7785,-64.4997],[-62.7536,-64.5005],[-62.7334,-64.4949],[-62.7278,-64.4986],[-62.6945,-64.4935],[-62.6727,-64.492],[-62.6707,-64.503],[-62.6485,-64.5029],[-62.6422,-64.5102],[-62.6196,-64.5162],[-62.6267,-64.5247],[-62.6025,-64.5303],[-62.5885,-64.5179],[-62.6015,-64.5104],[-62.5792,-64.5011],[-62.5524,-64.4971],[-62.5544,-64.4904],[-62.5707,-64.4884],[-62.55,-64.472],[-62.5515,-64.4584],[-62.5375,-64.4523],[-62.5288,-64.462],[-62.51,-64.4548],[-62.485,-64.4595],[-62.5102,-64.4716],[-62.494,-64.4837],[-62.4681,-64.4864],[-62.4763,-64.4926],[-62.4702,-64.4968],[-62.4484,-64.4949],[-62.4466,-64.4863],[-62.4601,-64.4764],[-62.4605,-64.47],[-62.4422,-64.4702],[-62.4272,-64.48],[-62.4173,-64.4791],[-62.3982,-64.469],[-62.3673,-64.4599],[-62.3837,-64.4546],[-62.3827,-64.4459],[-62.3703,-64.4363],[-62.3448,-64.4386],[-62.3289,-64.4433],[-62.3107,-64.4253],[-62.3262,-64.4218],[-62.3145,-64.4101],[-62.3412,-64.4017],[-62.3131,-64.3905],[-62.2957,-64.3796],[-62.2649,-64.3714],[-62.2532,-64.3746],[-62.2671,-64.3821],[-62.2679,-64.3943],[-62.2141,-64.3803],[-62.2149,-64.3725],[-62.1745,-64.3671],[-62.17,-64.3618],[-62.1914,-64.3566],[-62.2087,-64.3588],[-62.2141,-64.3521],[-62.1989,-64.343],[-62.2036,-64.3352],[-62.1915,-64.3224],[-62.1936,-64.3178],[-62.1833,-64.312],[-62.2168,-64.3021],[-62.2082,-64.2933],[-62.1895,-64.288],[-62.18,-64.2894],[-62.1507,-64.2823],[-62.1311,-64.2666],[-62.1138,-64.2641],[-62.0926,-64.2392],[-62.0755,-64.2328],[-62.0678,-64.2226],[-62.0575,-64.2175],[-62.0702,-64.2125],[-62.0798,-64.2155],[-62.1033,-64.1931],[-62.1005,-64.1849],[-62.1215,-64.1883],[-62.1373,-64.194],[-62.1532,-64.1945],[-62.1573,-64.1894],[-62.2004,-64.1897],[-62.2149,-64.1813],[-62.2084,-64.175],[-62.1774,-64.1686],[-62.1561,-64.1607],[-62.1293,-64.1617],[-62.0856,-64.1523],[-62.0755,-64.1579],[-62.0612,-64.1588],[-62.055,-64.164],[-62.0354,-64.1592],[-62.0404,-64.1534],[-62.0202,-64.1519],[-61.9997,-64.1448],[-62.006,-64.1365],[-62.0392,-64.1394],[-62.0649,-64.1362],[-62.0756,-64.1393],[-62.0967,-64.13],[-62.0982,-64.1236],[-62.1111,-64.1205],[-62.1332,-64.1189],[-62.1369,-64.114],[-62.162,-64.1169],[-62.178,-64.122],[-62.195,-64.1147],[-62.2366,-64.1084],[-62.2603,-64.0987],[-62.2885,-64.0944],[-62.2829,-64.0869],[-62.288,-64.0783],[-62.2699,-64.0678],[-62.2691,-64.0637],[-62.2922,-64.0547],[-62.2838,-64.0438],[-62.2707,-64.038],[-62.2806,-64.0268],[-62.2953,-64.0226],[-62.3041,-64.0149],[-62.3488,-64.0176],[-62.3695,-64.015],[-62.3893,-64.0075]]],[[[-72.6846,-69.4061],[-72.8006,-69.4157],[-72.8505,-69.4303],[-72.8746,-69.4348],[-72.8945,-69.4458],[-72.9019,-69.4549],[-72.9169,-69.4654],[-72.9518,-69.4815],[-72.9624,-69.4837],[-72.9843,-69.4944],[-72.9692,-69.5051],[-72.9712,-69.5101],[-72.9663,-69.5305],[-72.9579,-69.5342],[-72.9508,-69.5446],[-72.9248,-69.5557],[-72.9095,-69.5573],[-72.8831,-69.5646],[-72.8689,-69.5753],[-72.844,-69.5819],[-72.8461,-69.5873],[-72.8396,-69.601],[-72.8076,-69.6138],[-72.7836,-69.6386],[-72.786,-69.6461],[-72.7779,-69.6547],[-72.7579,-69.6601],[-72.7247,-69.6553],[-72.7029,-69.6558],[-72.6785,-69.6627],[-72.6712,-69.6698],[-72.6594,-69.6726],[-72.6391,-69.6708],[-72.6302,-69.6744],[-72.6099,-69.6724],[-72.5718,-69.6739],[-72.5538,-69.6843],[-72.5273,-69.6852],[-72.5144,-69.6899],[-72.5009,-69.6838],[-72.4818,-69.6821],[-72.4533,-69.6856],[-72.4112,-69.6821],[-72.3944,-69.6748],[-72.3573,-69.6723],[-72.3486,-69.6742],[-72.289,-69.6695],[-72.2722,-69.662],[-72.2473,-69.6585],[-72.2512,-69.6544],[-72.2272,-69.6524],[-72.1944,-69.6597],[-72.1646,-69.6608],[-72.1536,-69.6642],[-72.1446,-69.677],[-72.1576,-69.683],[-72.1381,-69.6974],[-72.1234,-69.702],[-72.1043,-69.7021],[-72.0852,-69.6983],[-72.0537,-69.6993],[-72.0444,-69.7031],[-72.0174,-69.7076],[-71.9795,-69.6978],[-71.9604,-69.6908],[-71.944,-69.6775],[-71.9511,-69.6688],[-71.9673,-69.6588],[-71.9904,-69.6554],[-72.0168,-69.648],[-72.0318,-69.6464],[-72.0615,-69.6353],[-72.0961,-69.633],[-72.1094,-69.6286],[-72.1363,-69.6267],[-72.1709,-69.6211],[-72.1845,-69.6164],[-72.2097,-69.6138],[-72.2238,-69.6055],[-72.2346,-69.6059],[-72.2774,-69.5935],[-72.2766,-69.5815],[-72.2591,-69.5702],[-72.2381,-69.5637],[-72.2631,-69.5542],[-72.2682,-69.5454],[-72.2932,-69.5311],[-72.2951,-69.523],[-72.3076,-69.5203],[-72.3186,-69.4969],[-72.3551,-69.4753],[-72.3706,-69.4623],[-72.3863,-69.4618],[-72.4044,-69.4523],[-72.4159,-69.4515],[-72.4332,-69.4441],[-72.4477,-69.4427],[-72.4901,-69.4345],[-72.5061,-69.4288],[-72.5423,-69.4262],[-72.5495,-69.4227],[-72.5818,-69.4165],[-72.6251,-69.416],[-72.6846,-69.4061]]],[[[-60.1366,-62.4513],[-60.1419,-62.4552],[-60.1365,-62.4653],[-60.1457,-62.4708],[-60.1495,-62.48],[-60.164,-62.4807],[-60.1583,-62.4884],[-60.1614,-62.4958],[-60.1724,-62.5043],[-60.2073,-62.507],[-60.2151,-62.5122],[-60.254,-62.5211],[-60.2631,-62.5327],[-60.2608,-62.5422],[-60.2737,-62.551],[-60.2887,-62.5509],[-60.2947,-62.5565],[-60.3081,-62.5585],[-60.3265,-62.5655],[-60.3698,-62.5634],[-60.4037,-62.5469],[-60.4317,-62.5516],[-60.4275,-62.5619],[-60.4483,-62.5701],[-60.4609,-62.5698],[-60.479,-62.5751],[-60.5037,-62.5761],[-60.5292,-62.572],[-60.5346,-62.576],[-60.5589,-62.5778],[-60.5773,-62.5731],[-60.5823,-62.58],[-60.5989,-62.5799],[-60.6165,-62.5737],[-60.6133,-62.5644],[-60.6508,-62.5665],[-60.6709,-62.5634],[-60.69,-62.5562],[-60.6844,-62.5526],[-60.6913,-62.5467],[-60.6807,-62.5412],[-60.6856,-62.5338],[-60.6983,-62.5351],[-60.715,-62.5282],[-60.7105,-62.5184],[-60.6978,-62.5113],[-60.7075,-62.5064],[-60.7067,-62.4967],[-60.7195,-62.4922],[-60.7323,-62.4946],[-60.7557,-62.4932],[-60.778,-62.4807],[-60.7678,-62.4709],[-60.7941,-62.4592],[-60.8052,-62.4638],[-60.7886,-62.4809],[-60.806,-62.4834],[-60.8268,-62.4905],[-60.8262,-62.4984],[-60.8182,-62.5043],[-60.8231,-62.5112],[-60.8384,-62.5169],[-60.8305,-62.5244],[-60.8464,-62.534],[-60.842,-62.5394],[-60.8114,-62.5453],[-60.8081,-62.5647],[-60.8179,-62.5737],[-60.8148,-62.5795],[-60.8266,-62.5878],[-60.8449,-62.5898],[-60.8679,-62.5948],[-60.8919,-62.5941],[-60.9007,-62.5916],[-60.9191,-62.5968],[-60.9386,-62.6054],[-60.9713,-62.6156],[-60.9911,-62.6265],[-61.0064,-62.6283],[-61.019,-62.6267],[-61.0603,-62.6122],[-61.0723,-62.6157],[-61.0948,-62.6094],[-61.1115,-62.6008],[-61.1385,-62.5804],[-61.1564,-62.5771],[-61.1807,-62.5789],[-61.1807,-62.5867],[-61.193,-62.5967],[-61.1674,-62.6022],[-61.1636,-62.6072],[-61.1429,-62.6114],[-61.1235,-62.6248],[-61.1239,-62.6323],[-61.1515,-62.6379],[-61.1423,-62.6419],[-61.153,-62.6624],[-61.1788,-62.6678],[-61.1754,-62.6709],[-61.1494,-62.6699],[-61.1408,-62.6768],[-61.1248,-62.6746],[-61.1037,-62.675],[-61.0966,-62.6674],[-61.0564,-62.659],[-61.036,-62.6591],[-61.0197,-62.6627],[-60.9671,-62.6621],[-60.9345,-62.6688],[-60.9323,-62.6737],[-60.9042,-62.6741],[-60.8898,-62.6812],[-60.8798,-62.6792],[-60.8711,-62.6856],[-60.8587,-62.6879],[-60.8469,-62.6831],[-60.8473,-62.6756],[-60.8299,-62.6704],[-60.8013,-62.6748],[-60.8023,-62.6689],[-60.7703,-62.6623],[-60.7588,-62.6551],[-60.7707,-62.6445],[-60.773,-62.6354],[-60.7616,-62.6277],[-60.7283,-62.6139],[-60.7179,-62.607],[-60.6972,-62.6059],[-60.6709,-62.6117],[-60.6678,-62.6164],[-60.6541,-62.6222],[-60.6321,-62.6237],[-60.6089,-62.6284],[-60.6093,-62.6403],[-60.6058,-62.6528],[-60.5855,-62.6507],[-60.5711,-62.6439],[-60.5565,-62.6443],[-60.5386,-62.6328],[-60.5046,-62.6312],[-60.4594,-62.6361],[-60.4565,-62.6309],[-60.4273,-62.6228],[-60.4226,-62.6188],[-60.3836,-62.6128],[-60.3544,-62.6072],[-60.323,-62.6173],[-60.3183,-62.6277],[-60.322,-62.6324],[-60.3574,-62.6351],[-60.3694,-62.642],[-60.3756,-62.6496],[-60.3642,-62.6521],[-60.3732,-62.6606],[-60.397,-62.6615],[-60.4027,-62.6687],[-60.4173,-62.6734],[-60.4155,-62.6837],[-60.426,-62.6846],[-60.4191,-62.7025],[-60.4395,-62.7173],[-60.4307,-62.7214],[-60.4118,-62.7175],[-60.4081,-62.7134],[-60.3903,-62.708],[-60.3864,-62.7027],[-60.3626,-62.6988],[-60.3301,-62.6892],[-60.3232,-62.6814],[-60.3133,-62.6769],[-60.2697,-62.6896],[-60.2858,-62.7007],[-60.3109,-62.7017],[-60.3299,-62.7097],[-60.3337,-62.7332],[-60.3294,-62.7497],[-60.3379,-62.7548],[-60.3339,-62.761],[-60.3229,-62.7629],[-60.302,-62.7622],[-60.2954,-62.7586],[-60.2527,-62.7558],[-60.2243,-62.7432],[-60.2141,-62.7333],[-60.1926,-62.7335],[-60.1745,-62.7363],[-60.147,-62.7276],[-60.1562,-62.7186],[-60.1317,-62.7087],[-60.1143,-62.7146],[-60.0858,-62.7083],[-60.0489,-62.7073],[-60.0407,-62.6999],[-60.0112,-62.6928],[-60.0059,-62.6804],[-59.9996,-62.6767],[-59.9765,-62.6731],[-59.9671,-62.668],[-59.9238,-62.6552],[-59.8929,-62.6409],[-59.8749,-62.6373],[-59.8595,-62.6304],[-59.8472,-62.6292],[-59.8198,-62.6208],[-59.8031,-62.6124],[-59.8089,-62.6087],[-59.8336,-62.6131],[-59.8505,-62.6114],[-59.8724,-62.6133],[-59.8891,-62.6094],[-59.9308,-62.6209],[-59.9505,-62.6189],[-59.9668,-62.6208],[-59.9642,-62.6334],[-59.9768,-62.636],[-60.0081,-62.6234],[-60.023,-62.6231],[-60.0415,-62.6268],[-60.0501,-62.6183],[-60.062,-62.6127],[-60.079,-62.6131],[-60.0894,-62.6057],[-60.0865,-62.5987],[-60.0931,-62.592],[-60.0884,-62.5855],[-60.1014,-62.5808],[-60.1038,-62.5737],[-60.0979,-62.5639],[-60.0998,-62.5547],[-60.0896,-62.5542],[-60.0769,-62.5458],[-60.0677,-62.5445],[-60.0616,-62.5369],[-60.0486,-62.5349],[-60.0285,-62.5389],[-60.0128,-62.5272],[-60.0272,-62.5236],[-60.0295,-62.5107],[-60.0393,-62.5065],[-60.0673,-62.5086],[-60.0905,-62.5053],[-60.1002,-62.4934],[-60.0957,-62.4878],[-60.0799,-62.4867],[-60.0731,-62.4828],[-60.08,-62.476],[-60.0906,-62.4751],[-60.1081,-62.4674],[-60.1155,-62.4711],[-60.1366,-62.4513]]],[[[-73.6827,-70.6446],[-73.7105,-70.6334],[-73.7415,-70.6178],[-73.8159,-70.5895],[-73.868,-70.5759],[-73.9301,-70.5629],[-73.9754,-70.5547],[-74,-70.5523],[-74,-70.8729],[-73.9544,-70.8652],[-73.9289,-70.8636],[-73.8725,-70.8479],[-73.8291,-70.8374],[-73.8153,-70.8319],[-73.773,-70.8221],[-73.7549,-70.8145],[-73.7349,-70.8122],[-73.7064,-70.8013],[-73.6148,-70.7699],[-73.5591,-70.7446],[-73.5421,-70.7271],[-73.541,-70.707],[-73.5624,-70.6895],[-73.568,-70.6807],[-73.6557,-70.6596],[-73.6667,-70.6504],[-73.6827,-70.6446]]],[[[-65.7644,-65.5178],[-65.7893,-65.5261],[-65.805,-65.5207],[-65.8113,-65.5338],[-65.8371,-65.5305],[-65.8511,-65.532],[-65.8454,-65.538],[-65.8694,-65.5419],[-65.8743,-65.5453],[-65.9033,-65.5534],[-65.917,-65.5518],[-65.9312,-65.5554],[-65.9635,-65.5495],[-65.9647,-65.5635],[-65.9528,-65.569],[-65.9772,-65.5712],[-65.9706,-65.5776],[-65.9826,-65.5844],[-65.9491,-65.5909],[-65.951,-65.6029],[-65.9664,-65.608],[-65.9516,-65.6113],[-65.9578,-65.619],[-65.9712,-65.6184],[-65.9707,-65.6265],[-65.986,-65.6303],[-65.9812,-65.6358],[-65.9949,-65.6464],[-65.9856,-65.6518],[-65.9883,-65.6572],[-66.0029,-65.6607],[-66.0223,-65.6571],[-66.0412,-65.6567],[-66.066,-65.6631],[-66.0651,-65.6691],[-66.0481,-65.6679],[-66.0401,-65.6727],[-66.0552,-65.6826],[-66.0739,-65.6869],[-66.0849,-65.7026],[-66.0533,-65.7084],[-66.047,-65.7197],[-66.0625,-65.7191],[-66.0717,-65.7263],[-66.0553,-65.7305],[-66.0374,-65.7395],[-66.0445,-65.7527],[-66.0948,-65.7773],[-66.1047,-65.7742],[-66.1382,-65.7744],[-66.1568,-65.7765],[-66.1558,-65.789],[-66.1718,-65.7954],[-66.1748,-65.8056],[-66.1875,-65.8088],[-66.1788,-65.8173],[-66.1794,-65.824],[-66.1932,-65.8285],[-66.1755,-65.8322],[-66.1716,-65.8397],[-66.1834,-65.8462],[-66.1692,-65.8506],[-66.1781,-65.8572],[-66.1833,-65.8669],[-66.178,-65.873],[-66.1527,-65.8734],[-66.1482,-65.8812],[-66.1386,-65.8849],[-66.1181,-65.8755],[-66.0842,-65.8771],[-66.0455,-65.8619],[-66.0178,-65.8637],[-65.9811,-65.8623],[-65.9588,-65.859],[-65.9441,-65.8429],[-65.9296,-65.84],[-65.8662,-65.8344],[-65.8432,-65.8411],[-65.8277,-65.8433],[-65.801,-65.8421],[-65.7941,-65.8341],[-65.8337,-65.8308],[-65.8538,-65.8271],[-65.8435,-65.8215],[-65.8412,-65.8109],[-65.8239,-65.8019],[-65.8381,-65.793],[-65.8318,-65.7799],[-65.8364,-65.7735],[-65.8308,-65.7587],[-65.8338,-65.7508],[-65.8563,-65.7385],[-65.8406,-65.736],[-65.8441,-65.7306],[-65.8626,-65.7312],[-65.8803,-65.7208],[-65.9141,-65.7136],[-65.919,-65.707],[-65.9134,-65.6879],[-65.902,-65.6809],[-65.8859,-65.6763],[-65.8687,-65.6777],[-65.8158,-65.6852],[-65.791,-65.6911],[-65.7514,-65.6819],[-65.7268,-65.6821],[-65.7016,-65.6791],[-65.6879,-65.6802],[-65.6701,-65.6779],[-65.6645,-65.6685],[-65.6437,-65.6538],[-65.6541,-65.6529],[-65.6611,-65.6414],[-65.6775,-65.6436],[-65.6806,-65.6277],[-65.6656,-65.6251],[-65.6714,-65.6199],[-65.6582,-65.6111],[-65.6663,-65.5904],[-65.6722,-65.5845],[-65.6675,-65.5791],[-65.6742,-65.5725],[-65.6647,-65.5629],[-65.662,-65.5497],[-65.6467,-65.5455],[-65.6442,-65.5361],[-65.6479,-65.529],[-65.6663,-65.5373],[-65.6892,-65.5534],[-65.718,-65.5497],[-65.7292,-65.5418],[-65.7546,-65.5344],[-65.7581,-65.5292],[-65.7444,-65.5231],[-65.7644,-65.5178]]],[[[-60.7341,-70.5105],[-60.7862,-70.5137],[-60.8208,-70.5171],[-60.8883,-70.5269],[-60.9012,-70.5274],[-60.9431,-70.5375],[-60.963,-70.5469],[-60.9687,-70.5552],[-60.9702,-70.5751],[-60.9752,-70.5956],[-60.9847,-70.6161],[-60.9755,-70.6286],[-60.9581,-70.6438],[-60.9216,-70.6697],[-60.9146,-70.6883],[-60.8882,-70.7061],[-60.8528,-70.7161],[-60.8069,-70.7226],[-60.7769,-70.7197],[-60.7231,-70.7117],[-60.6952,-70.7118],[-60.6665,-70.703],[-60.6509,-70.702],[-60.6307,-70.6926],[-60.5878,-70.6825],[-60.5467,-70.677],[-60.5297,-70.6695],[-60.5283,-70.6643],[-60.5078,-70.6548],[-60.4906,-70.6503],[-60.4765,-70.6416],[-60.4655,-70.6305],[-60.4405,-70.6175],[-60.4419,-70.6091],[-60.4311,-70.6002],[-60.4384,-70.5914],[-60.4442,-70.5664],[-60.4606,-70.549],[-60.4585,-70.5438],[-60.4688,-70.5328],[-60.5036,-70.5218],[-60.5456,-70.5128],[-60.578,-70.5112],[-60.6043,-70.5141],[-60.6718,-70.5092],[-60.7341,-70.5105]]],[[[-67.2534,-67.5744],[-67.2666,-67.5801],[-67.2733,-67.5885],[-67.2954,-67.5912],[-67.3039,-67.6059],[-67.3285,-67.6127],[-67.3511,-67.608],[-67.3729,-67.6133],[-67.4014,-67.611],[-67.4087,-67.6042],[-67.3955,-67.5968],[-67.4009,-67.5888],[-67.4295,-67.5834],[-67.4863,-67.5943],[-67.5124,-67.596],[-67.5205,-67.6006],[-67.5522,-67.6031],[-67.579,-67.6035],[-67.5865,-67.61],[-67.6108,-67.6114],[-67.6906,-67.639],[-67.6955,-67.646],[-67.7112,-67.6474],[-67.7251,-67.6523],[-67.7235,-67.6568],[-67.7497,-67.6599],[-67.7768,-67.6735],[-67.7648,-67.6965],[-67.7471,-67.7014],[-67.7272,-67.7037],[-67.7004,-67.6916],[-67.6782,-67.6744],[-67.6557,-67.6725],[-67.6348,-67.679],[-67.6481,-67.6932],[-67.6467,-67.7025],[-67.6545,-67.7125],[-67.6841,-67.7124],[-67.7167,-67.7211],[-67.7435,-67.7258],[-67.7427,-67.7353],[-67.7332,-67.739],[-67.7357,-67.7497],[-67.7154,-67.7567],[-67.6948,-67.768],[-67.6814,-67.7638],[-67.6641,-67.7645],[-67.6492,-67.7689],[-67.6454,-67.7746],[-67.6133,-67.7791],[-67.5963,-67.7778],[-67.5735,-67.7875],[-67.5423,-67.7893],[-67.5337,-67.7936],[-67.5124,-67.7926],[-67.4921,-67.7871],[-67.4398,-67.7871],[-67.4149,-67.7788],[-67.4064,-67.7678],[-67.3872,-67.7687],[-67.368,-67.7588],[-67.349,-67.7573],[-67.3408,-67.7519],[-67.3266,-67.7501],[-67.2933,-67.736],[-67.2893,-67.7281],[-67.3094,-67.7185],[-67.3204,-67.7162],[-67.3136,-67.705],[-67.2963,-67.702],[-67.2824,-67.7036],[-67.2719,-67.7102],[-67.2579,-67.7118],[-67.2621,-67.6963],[-67.2438,-67.6849],[-67.2504,-67.6794],[-67.2132,-67.6743],[-67.1964,-67.6694],[-67.197,-67.6651],[-67.1665,-67.6539],[-67.1464,-67.653],[-67.1248,-67.6421],[-67.1169,-67.6246],[-67.1212,-67.6205],[-67.1497,-67.6126],[-67.1694,-67.61],[-67.1957,-67.5968],[-67.2305,-67.5911],[-67.2534,-67.5744]]],[[[-73.7275,-73.0842],[-73.7718,-73.0876],[-73.8141,-73.102],[-73.8678,-73.1119],[-73.8793,-73.118],[-73.8961,-73.1392],[-73.8944,-73.1487],[-73.8703,-73.1611],[-73.8733,-73.169],[-73.8593,-73.1766],[-73.8655,-73.1867],[-73.8514,-73.1927],[-73.8814,-73.1935],[-73.917,-73.2041],[-73.9673,-73.2069],[-73.9824,-73.2141],[-74,-73.2171],[-74,-73.3714],[-73.9838,-73.3739],[-73.9314,-73.3718],[-73.8841,-73.3742],[-73.8768,-73.3704],[-73.8933,-73.3646],[-73.8654,-73.3555],[-73.8612,-73.337],[-73.841,-73.3393],[-73.7949,-73.3313],[-73.7675,-73.3228],[-73.7657,-73.3141],[-73.7514,-73.298],[-73.7027,-73.2764],[-73.6861,-73.2667],[-73.6846,-73.26],[-73.6701,-73.2464],[-73.7011,-73.245],[-73.7115,-73.2329],[-73.7034,-73.2199],[-73.7069,-73.2109],[-73.6861,-73.2117],[-73.6725,-73.2081],[-73.6517,-73.2127],[-73.6201,-73.2054],[-73.597,-73.1933],[-73.5685,-73.1749],[-73.5565,-73.1645],[-73.5378,-73.1398],[-73.5433,-73.1265],[-73.5816,-73.1095],[-73.5997,-73.1072],[-73.6156,-73.0976],[-73.6475,-73.0887],[-73.6796,-73.088],[-73.7275,-73.0842]]],[[[-56.4885,-62.9738],[-56.496,-62.9812],[-56.4848,-62.9892],[-56.4944,-62.9994],[-56.5113,-63.005],[-56.5279,-63.007],[-56.5483,-63.0133],[-56.5656,-63.023],[-56.5782,-63.0231],[-56.5808,-63.0295],[-56.5936,-63.0322],[-56.6032,-63.0381],[-56.6139,-63.0376],[-56.626,-63.0422],[-56.6187,-63.0531],[-56.6187,-63.0594],[-56.6014,-63.0648],[-56.5809,-63.0771],[-56.5459,-63.0939],[-56.5433,-63.1009],[-56.5335,-63.1063],[-56.5127,-63.1129],[-56.4948,-63.1261],[-56.4814,-63.1328],[-56.4567,-63.1379],[-56.4251,-63.1466],[-56.4026,-63.1504],[-56.3942,-63.1545],[-56.3752,-63.1575],[-56.3688,-63.1619],[-56.323,-63.1851],[-56.3069,-63.1885],[-56.2985,-63.1825],[-56.2608,-63.1695],[-56.2424,-63.1686],[-56.233,-63.164],[-56.2134,-63.1593],[-56.1952,-63.1488],[-56.1803,-63.1454],[-56.1659,-63.1389],[-56.157,-63.1314],[-56.1468,-63.1128],[-56.1225,-63.1019],[-56.1065,-63.0988],[-56.0634,-63.0826],[-56.0526,-63.0763],[-56.046,-63.062],[-56.0375,-63.0584],[-56.0281,-63.0397],[-56.0306,-63.0278],[-56.0621,-63.0135],[-56.0798,-63.007],[-56.1102,-63.0021],[-56.1432,-63.0011],[-56.161,-62.9975],[-56.1828,-63.0015],[-56.2119,-63.0024],[-56.2393,-63.008],[-56.2794,-63.0089],[-56.3154,-63.0076],[-56.34,-63.0008],[-56.3551,-62.9904],[-56.3862,-62.9862],[-56.4229,-62.9865],[-56.4322,-62.9891],[-56.4885,-62.9738]]],[[[-55.3642,-61.0562],[-55.382,-61.0643],[-55.3997,-61.0767],[-55.4227,-61.0819],[-55.4273,-61.0929],[-55.4377,-61.1029],[-55.4541,-61.1096],[-55.4537,-61.1189],[-55.4623,-61.1233],[-55.4411,-61.1271],[-55.4315,-61.1339],[-55.396,-61.1317],[-55.3696,-61.1373],[-55.3486,-61.1443],[-55.3439,-61.1507],[-55.3516,-61.1615],[-55.3752,-61.1655],[-55.3857,-61.1727],[-55.3952,-61.1742],[-55.3978,-61.1819],[-55.3874,-61.1835],[-55.3842,-61.1942],[-55.3768,-61.2002],[-55.3749,-61.2118],[-55.3793,-61.2232],[-55.3693,-61.2248],[-55.3584,-61.2385],[-55.3341,-61.2306],[-55.3222,-61.2397],[-55.3353,-61.2457],[-55.3206,-61.2491],[-55.2955,-61.2582],[-55.2849,-61.2651],[-55.2758,-61.2654],[-55.2686,-61.273],[-55.2415,-61.2799],[-55.2233,-61.2778],[-55.2051,-61.2802],[-55.2005,-61.2679],[-55.1903,-61.257],[-55.1921,-61.2511],[-55.1852,-61.2427],[-55.1658,-61.2454],[-55.1575,-61.2409],[-55.1594,-61.2323],[-55.1355,-61.225],[-55.1424,-61.2128],[-55.156,-61.2033],[-55.1558,-61.1929],[-55.1421,-61.1894],[-55.1248,-61.1899],[-55.1192,-61.1769],[-55.111,-61.1704],[-55.07,-61.1613],[-55.0541,-61.1595],[-55.0192,-61.162],[-54.9936,-61.159],[-54.9544,-61.1564],[-54.9371,-61.1568],[-54.911,-61.1539],[-54.885,-61.1589],[-54.8663,-61.1562],[-54.8584,-61.1593],[-54.8466,-61.1515],[-54.8322,-61.1559],[-54.7944,-61.158],[-54.7756,-61.1568],[-54.7579,-61.1589],[-54.7066,-61.1439],[-54.6944,-61.1462],[-54.6926,-61.139],[-54.7275,-61.1284],[-54.7245,-61.1203],[-54.7009,-61.12],[-54.6883,-61.1221],[-54.6697,-61.1187],[-54.6533,-61.121],[-54.6457,-61.1157],[-54.6597,-61.1019],[-54.6899,-61.1026],[-54.7023,-61.0972],[-54.7076,-61.1058],[-54.745,-61.0958],[-54.757,-61.0982],[-54.765,-61.1046],[-54.7751,-61.1034],[-54.7855,-61.1104],[-54.7958,-61.1068],[-54.8166,-61.1084],[-54.8314,-61.112],[-54.8426,-61.1089],[-54.8463,-61.1013],[-54.8614,-61.1046],[-54.8798,-61.1024],[-54.9315,-61.1087],[-54.9549,-61.1133],[-54.9672,-61.11],[-54.9809,-61.1151],[-55.0135,-61.108],[-55.0349,-61.1053],[-55.0435,-61.1097],[-55.0585,-61.1039],[-55.0548,-61.0966],[-55.1082,-61.092],[-55.1231,-61.0893],[-55.1438,-61.0765],[-55.164,-61.077],[-55.2065,-61.0804],[-55.2212,-61.0784],[-55.2633,-61.0783],[-55.2767,-61.076],[-55.2959,-61.0696],[-55.3118,-61.0609],[-55.3642,-61.0562]]],[[[-64.3336,-54.7322],[-64.3465,-54.728],[-64.3486,-54.7387],[-64.3535,-54.7451],[-64.3757,-54.7515],[-64.3733,-54.7652],[-64.3597,-54.7776],[-64.3588,-54.7944],[-64.3603,-54.8045],[-64.3731,-54.8094],[-64.3721,-54.7992],[-64.3666,-54.7936],[-64.3666,-54.7848],[-64.3897,-54.7746],[-64.3859,-54.766],[-64.3909,-54.7617],[-64.3856,-54.7521],[-64.4015,-54.7493],[-64.411,-54.7513],[-64.4135,-54.7571],[-64.4031,-54.7666],[-64.4111,-54.777],[-64.4447,-54.7621],[-64.4676,-54.7665],[-64.4886,-54.7643],[-64.4993,-54.7529],[-64.5181,-54.743],[-64.5264,-54.7297],[-64.5457,-54.7257],[-64.5465,-54.7356],[-64.5408,-54.7419],[-64.5432,-54.7616],[-64.5405,-54.7693],[-64.5243,-54.7706],[-64.5197,-54.7755],[-64.5206,-54.7856],[-64.5114,-54.7981],[-64.5217,-54.799],[-64.5569,-54.7959],[-64.5658,-54.8052],[-64.5665,-54.8141],[-64.5865,-54.8208],[-64.5989,-54.8157],[-64.6155,-54.8051],[-64.6396,-54.7971],[-64.6408,-54.7885],[-64.6469,-54.7813],[-64.6716,-54.7852],[-64.6961,-54.7843],[-64.6759,-54.7951],[-64.679,-54.8023],[-64.6973,-54.8061],[-64.7046,-54.7973],[-64.711,-54.7958],[-64.7252,-54.8022],[-64.7284,-54.813],[-64.741,-54.8195],[-64.7463,-54.8262],[-64.7427,-54.8316],[-64.7514,-54.8349],[-64.7501,-54.842],[-64.7382,-54.8441],[-64.7432,-54.8548],[-64.7196,-54.8553],[-64.6854,-54.8428],[-64.6715,-54.8449],[-64.6754,-54.8538],[-64.6837,-54.8581],[-64.6686,-54.8752],[-64.6581,-54.8762],[-64.6439,-54.8891],[-64.6529,-54.8972],[-64.6631,-54.8985],[-64.6944,-54.9061],[-64.7029,-54.9068],[-64.6992,-54.9161],[-64.675,-54.9098],[-64.6609,-54.9138],[-64.6458,-54.9124],[-64.6354,-54.9065],[-64.621,-54.9029],[-64.6061,-54.9108],[-64.583,-54.901],[-64.5842,-54.8959],[-64.5681,-54.8916],[-64.5646,-54.8826],[-64.542,-54.8866],[-64.5262,-54.8778],[-64.5267,-54.8678],[-64.521,-54.8582],[-64.4916,-54.8414],[-64.4715,-54.8352],[-64.4577,-54.8338],[-64.4446,-54.8377],[-64.4476,-54.8422],[-64.4634,-54.8425],[-64.4847,-54.8492],[-64.4926,-54.8559],[-64.4888,-54.8612],[-64.4916,-54.8686],[-64.4857,-54.8739],[-64.4729,-54.868],[-64.4509,-54.8664],[-64.4503,-54.8736],[-64.4331,-54.8644],[-64.4204,-54.8627],[-64.4025,-54.8518],[-64.4012,-54.8456],[-64.3904,-54.8338],[-64.3799,-54.8306],[-64.3579,-54.8351],[-64.334,-54.8299],[-64.3245,-54.8239],[-64.3026,-54.8054],[-64.3026,-54.7935],[-64.2904,-54.789],[-64.2782,-54.7964],[-64.2668,-54.7926],[-64.2634,-54.8041],[-64.2473,-54.7926],[-64.2439,-54.7843],[-64.2329,-54.7941],[-64.2309,-54.807],[-64.2344,-54.8141],[-64.2288,-54.8226],[-64.2384,-54.8292],[-64.2311,-54.8355],[-64.2302,-54.8458],[-64.2224,-54.8579],[-64.2145,-54.8553],[-64.2155,-54.8478],[-64.2082,-54.8445],[-64.2074,-54.8367],[-64.1953,-54.8286],[-64.1899,-54.8382],[-64.1786,-54.8385],[-64.1723,-54.8233],[-64.1534,-54.8267],[-64.1482,-54.8301],[-64.1181,-54.815],[-64.1093,-54.8299],[-64.0981,-54.8212],[-64.1,-54.8164],[-64.0899,-54.8106],[-64.0752,-54.8081],[-64.0753,-54.7921],[-64.0583,-54.784],[-64.0578,-54.7929],[-64.0499,-54.8017],[-64.0366,-54.8017],[-64.0229,-54.7911],[-64.0062,-54.7901],[-63.9876,-54.7835],[-63.983,-54.7749],[-63.9586,-54.7664],[-63.9525,-54.7694],[-63.9595,-54.7795],[-63.9621,-54.7891],[-63.9451,-54.7969],[-63.9572,-54.8015],[-63.9554,-54.8103],[-63.9199,-54.802],[-63.898,-54.7894],[-63.8764,-54.7848],[-63.8777,-54.7915],[-63.849,-54.7884],[-63.8473,-54.7803],[-63.825,-54.7653],[-63.8255,-54.7576],[-63.8149,-54.7578],[-63.8015,-54.751],[-63.8103,-54.7368],[-63.8,-54.7325],[-63.8084,-54.7248],[-63.8072,-54.72],[-63.8278,-54.722],[-63.8297,-54.728],[-63.8428,-54.7283],[-63.8519,-54.7459],[-63.8675,-54.7532],[-63.8866,-54.7546],[-63.8868,-54.7504],[-63.8701,-54.7462],[-63.8617,-54.7394],[-63.8702,-54.7326],[-63.8745,-54.7205],[-63.8879,-54.7161],[-63.903,-54.7186],[-63.9067,-54.7237],[-63.9225,-54.7265],[-63.9392,-54.7257],[-63.9472,-54.7329],[-63.9624,-54.7361],[-63.9929,-54.7367],[-64.0243,-54.7525],[-64.0287,-54.7691],[-64.0341,-54.7753],[-64.0424,-54.7704],[-64.032,-54.7523],[-64.0348,-54.7436],[-64.0529,-54.7374],[-64.0599,-54.731],[-64.0695,-54.7276],[-64.0777,-54.7327],[-64.0832,-54.7518],[-64.1134,-54.7578],[-64.1082,-54.7397],[-64.1166,-54.7358],[-64.1291,-54.7346],[-64.1253,-54.7281],[-64.1507,-54.7328],[-64.1536,-54.7401],[-64.1446,-54.7462],[-64.1374,-54.7582],[-64.1345,-54.7698],[-64.1486,-54.7698],[-64.1667,-54.762],[-64.1673,-54.7535],[-64.1841,-54.7444],[-64.2071,-54.7396],[-64.2156,-54.7341],[-64.2246,-54.7329],[-64.2227,-54.7425],[-64.2423,-54.7452],[-64.2529,-54.743],[-64.2597,-54.7363],[-64.2766,-54.7337],[-64.2781,-54.7291],[-64.2969,-54.736],[-64.3215,-54.736],[-64.3336,-54.7322]]],[[[-45.7028,-60.5112],[-45.7154,-60.5182],[-45.7323,-60.5241],[-45.7424,-60.5202],[-45.7436,-60.5338],[-45.7644,-60.5415],[-45.7763,-60.5347],[-45.7915,-60.5299],[-45.8149,-60.5296],[-45.8162,-60.5354],[-45.8253,-60.5413],[-45.8207,-60.5506],[-45.854,-60.5511],[-45.8675,-60.5448],[-45.8827,-60.5468],[-45.8875,-60.5425],[-45.8901,-60.531],[-45.9037,-60.5339],[-45.9069,-60.5235],[-45.9132,-60.5206],[-45.9291,-60.5221],[-45.9324,-60.5285],[-45.9488,-60.5302],[-45.9564,-60.5351],[-45.9646,-60.5478],[-45.9517,-60.5557],[-45.9686,-60.5641],[-45.9727,-60.5696],[-45.9718,-60.5787],[-45.9976,-60.5751],[-46.0126,-60.5868],[-45.9999,-60.5923],[-46.0093,-60.5993],[-46.0193,-60.6016],[-46.0268,-60.6108],[-46.0114,-60.617],[-46.0148,-60.6232],[-46.0038,-60.6291],[-46.0072,-60.6381],[-45.9904,-60.633],[-45.9545,-60.6319],[-45.9288,-60.6277],[-45.9059,-60.6341],[-45.9075,-60.6255],[-45.8952,-60.6187],[-45.8832,-60.6179],[-45.8709,-60.608],[-45.8663,-60.5949],[-45.8456,-60.595],[-45.8206,-60.5871],[-45.8182,-60.578],[-45.7958,-60.5752],[-45.7837,-60.5777],[-45.773,-60.5881],[-45.7587,-60.5922],[-45.751,-60.6035],[-45.7546,-60.6114],[-45.7631,-60.6186],[-45.7484,-60.6214],[-45.7315,-60.6281],[-45.7097,-60.6512],[-45.6989,-60.6564],[-45.6683,-60.6573],[-45.6594,-60.656],[-45.6634,-60.6456],[-45.6599,-60.6283],[-45.6377,-60.6284],[-45.6281,-60.632],[-45.6092,-60.631],[-45.601,-60.6383],[-45.6057,-60.6469],[-45.5957,-60.6525],[-45.5967,-60.6575],[-45.583,-60.6635],[-45.5676,-60.6428],[-45.5481,-60.6441],[-45.5305,-60.6413],[-45.517,-60.6334],[-45.4882,-60.6339],[-45.4725,-60.6462],[-45.4772,-60.6507],[-45.4726,-60.6565],[-45.4543,-60.6632],[-45.431,-60.6604],[-45.4176,-60.6511],[-45.3943,-60.6528],[-45.3921,-60.6603],[-45.3829,-60.6667],[-45.3497,-60.6682],[-45.3582,-60.675],[-45.3534,-60.681],[-45.3423,-60.6812],[-45.3361,-60.6725],[-45.3244,-60.6825],[-45.3141,-60.6803],[-45.2931,-60.691],[-45.2827,-60.6994],[-45.2679,-60.6967],[-45.2608,-60.704],[-45.242,-60.7075],[-45.2332,-60.7225],[-45.2113,-60.7222],[-45.2099,-60.7271],[-45.1957,-60.7327],[-45.1749,-60.7332],[-45.1645,-60.7484],[-45.1542,-60.754],[-45.1376,-60.7573],[-45.1506,-60.744],[-45.1434,-60.7362],[-45.1598,-60.7357],[-45.1614,-60.7297],[-45.1897,-60.7128],[-45.184,-60.7011],[-45.1879,-60.6863],[-45.1725,-60.6818],[-45.1685,-60.6859],[-45.152,-60.6878],[-45.156,-60.6766],[-45.1657,-60.6693],[-45.1898,-60.6643],[-45.2102,-60.6619],[-45.2255,-60.6629],[-45.2279,-60.6564],[-45.2131,-60.6491],[-45.224,-60.6458],[-45.2119,-60.6387],[-45.2163,-60.6316],[-45.2278,-60.6254],[-45.2415,-60.6269],[-45.2486,-60.6344],[-45.2621,-60.6313],[-45.2838,-60.6326],[-45.3111,-60.6297],[-45.3153,-60.6218],[-45.3264,-60.6224],[-45.3258,-60.6339],[-45.3352,-60.6408],[-45.3485,-60.634],[-45.3655,-60.6178],[-45.3806,-60.621],[-45.393,-60.6157],[-45.3961,-60.6107],[-45.3776,-60.6026],[-45.3887,-60.599],[-45.3864,-60.5812],[-45.3992,-60.5829],[-45.4206,-60.5744],[-45.4178,-60.566],[-45.4465,-60.5564],[-45.4743,-60.5506],[-45.4792,-60.5409],[-45.5126,-60.5415],[-45.5148,-60.5481],[-45.51,-60.5555],[-45.5151,-60.5637],[-45.5246,-60.565],[-45.5412,-60.5591],[-45.5642,-60.5595],[-45.5722,-60.5517],[-45.573,-60.5445],[-45.598,-60.5516],[-45.6086,-60.5495],[-45.6159,-60.5534],[-45.6332,-60.5464],[-45.6407,-60.5382],[-45.6541,-60.5347],[-45.6553,-60.5289],[-45.6796,-60.5274],[-45.6803,-60.5243],[-45.7028,-60.5112]]],[[[-55.9791,-63.3975],[-55.9879,-63.394],[-56.0242,-63.4025],[-56.0694,-63.408],[-56.0884,-63.4175],[-56.1129,-63.4269],[-56.1391,-63.4311],[-56.1551,-63.4368],[-56.1691,-63.4347],[-56.1906,-63.4357],[-56.2019,-63.4395],[-56.1956,-63.4545],[-56.2053,-63.4696],[-56.2157,-63.4734],[-56.2266,-63.4719],[-56.242,-63.4748],[-56.2582,-63.4818],[-56.2127,-63.4912],[-56.2,-63.5003],[-56.1931,-63.5116],[-56.1832,-63.5208],[-56.146,-63.5389],[-56.1111,-63.543],[-56.0737,-63.5405],[-56.039,-63.545],[-56.0257,-63.5531],[-56.0299,-63.5626],[-56.038,-63.566],[-56.0294,-63.5825],[-56.0095,-63.5889],[-55.95,-63.5862],[-55.9361,-63.5796],[-55.9287,-63.5707],[-55.9208,-63.5548],[-55.927,-63.5491],[-55.9116,-63.5469],[-55.8945,-63.5404],[-55.8821,-63.5311],[-55.7817,-63.5248],[-55.7517,-63.5116],[-55.7485,-63.506],[-55.7318,-63.5021],[-55.7233,-63.4944],[-55.7262,-63.4801],[-55.7175,-63.4725],[-55.7222,-63.4563],[-55.74,-63.437],[-55.7634,-63.4274],[-55.7825,-63.4304],[-55.8081,-63.4243],[-55.8329,-63.4136],[-55.8551,-63.4067],[-55.8813,-63.401],[-55.8998,-63.4001],[-55.9367,-63.4023],[-55.9533,-63.4017],[-55.9791,-63.3975]]],[[[-71.7459,-70.2632],[-71.7637,-70.2673],[-71.7619,-70.2715],[-71.7806,-70.2763],[-71.8203,-70.2915],[-71.8136,-70.3005],[-71.793,-70.3058],[-71.7709,-70.3262],[-71.7646,-70.3355],[-71.77,-70.3416],[-71.7611,-70.3507],[-71.7684,-70.3584],[-71.7634,-70.3751],[-71.7418,-70.3935],[-71.7389,-70.3994],[-71.7038,-70.4206],[-71.7321,-70.4273],[-71.656,-70.4473],[-71.613,-70.4561],[-71.5978,-70.4553],[-71.5706,-70.446],[-71.5498,-70.4351],[-71.5373,-70.4254],[-71.5003,-70.4182],[-71.4721,-70.41],[-71.4468,-70.3997],[-71.4367,-70.3931],[-71.4383,-70.385],[-71.3667,-70.35],[-71.3533,-70.3423],[-71.3294,-70.3195],[-71.3279,-70.3067],[-71.3204,-70.2973],[-71.3346,-70.2947],[-71.3342,-70.2887],[-71.3569,-70.281],[-71.3911,-70.2728],[-71.4708,-70.2658],[-71.4971,-70.2701],[-71.5051,-70.276],[-71.5343,-70.283],[-71.5534,-70.2811],[-71.6144,-70.2932],[-71.6139,-70.3053],[-71.6339,-70.3055],[-71.6725,-70.2991],[-71.6779,-70.2939],[-71.6696,-70.282],[-71.6899,-70.2763],[-71.706,-70.2677],[-71.7262,-70.2618],[-71.7459,-70.2632]]],[[[-56.9246,-64.3286],[-56.937,-64.3315],[-56.9698,-64.3519],[-56.9756,-64.3572],[-57.0026,-64.3669],[-57.0192,-64.3679],[-57.0779,-64.383],[-57.0832,-64.3864],[-57.1068,-64.3906],[-57.1504,-64.403],[-57.1824,-64.4103],[-57.2164,-64.4241],[-57.2286,-64.4341],[-57.2725,-64.4453],[-57.3132,-64.4447],[-57.3455,-64.4354],[-57.359,-64.4358],[-57.4147,-64.4435],[-57.4235,-64.4491],[-57.4288,-64.4583],[-57.4198,-64.4662],[-57.4215,-64.475],[-57.414,-64.4784],[-57.4087,-64.4951],[-57.422,-64.4993],[-57.4336,-64.5078],[-57.4297,-64.5156],[-57.4453,-64.5253],[-57.4508,-64.5341],[-57.4455,-64.5438],[-57.4341,-64.5523],[-57.3925,-64.5611],[-57.349,-64.5605],[-57.3103,-64.5664],[-57.2797,-64.5647],[-57.2752,-64.5621],[-57.2082,-64.5463],[-57.1846,-64.5363],[-57.1758,-64.5305],[-57.1235,-64.5196],[-57.0959,-64.5195],[-57.0896,-64.5122],[-57.0614,-64.5081],[-57.0329,-64.4978],[-57.0349,-64.4944],[-57.021,-64.4854],[-57.0184,-64.4776],[-57.0044,-64.462],[-56.9822,-64.4551],[-56.9655,-64.4471],[-56.9435,-64.4274],[-56.9359,-64.4126],[-56.9369,-64.4028],[-56.9623,-64.3868],[-56.9477,-64.3672],[-56.9276,-64.3546],[-56.9143,-64.3504],[-56.8917,-64.3381],[-56.8924,-64.3327],[-56.9246,-64.3286]]],[[[-60.5853,-71.0694],[-60.5586,-71.064],[-60.5432,-71.054],[-60.5478,-71.0409],[-60.5429,-71.0283],[-60.5271,-71.0072],[-60.5265,-70.9895],[-60.5121,-70.9815],[-60.5279,-70.9632],[-60.5538,-70.9552],[-60.5706,-70.9392],[-60.5979,-70.9254],[-60.644,-70.9141],[-60.6928,-70.9079],[-60.7284,-70.9077],[-60.7686,-70.9126],[-60.8008,-70.9232],[-60.8545,-70.9337],[-60.9087,-70.9473],[-60.9428,-70.9614],[-60.9577,-70.9749],[-60.9554,-70.9836],[-60.8939,-71.0174],[-60.8725,-71.0208],[-60.8426,-71.0223],[-60.8122,-71.0304],[-60.7847,-71.0339],[-60.7485,-71.0426],[-60.7109,-71.0576],[-60.668,-71.0643],[-60.6114,-71.0705],[-60.5853,-71.0694]]],[[[-57.3397,-63.7854],[-57.3709,-63.7871],[-57.3994,-63.7869],[-57.4446,-63.791],[-57.4906,-63.7973],[-57.5384,-63.8005],[-57.585,-63.7965],[-57.6044,-63.8071],[-57.6172,-63.8086],[-57.6257,-63.8038],[-57.6341,-63.7925],[-57.6604,-63.7921],[-57.6872,-63.7983],[-57.7001,-63.8156],[-57.7052,-63.8174],[-57.6979,-63.8286],[-57.6774,-63.8389],[-57.6573,-63.8424],[-57.6398,-63.8501],[-57.6262,-63.85],[-57.6243,-63.857],[-57.6411,-63.862],[-57.6274,-63.869],[-57.628,-63.8761],[-57.6199,-63.8859],[-57.625,-63.9064],[-57.605,-63.9077],[-57.5737,-63.8952],[-57.5607,-63.8925],[-57.5493,-63.8853],[-57.5352,-63.8836],[-57.5213,-63.8873],[-57.4966,-63.882],[-57.4912,-63.8757],[-57.4527,-63.8749],[-57.4313,-63.876],[-57.4117,-63.8794],[-57.3925,-63.8851],[-57.378,-63.8957],[-57.3579,-63.9015],[-57.3442,-63.9103],[-57.344,-63.9197],[-57.3505,-63.9278],[-57.3428,-63.9334],[-57.331,-63.9271],[-57.3404,-63.9175],[-57.3337,-63.9085],[-57.3465,-63.8999],[-57.323,-63.8809],[-57.309,-63.873],[-57.2916,-63.8672],[-57.2716,-63.8658],[-57.2577,-63.8693],[-57.2624,-63.8753],[-57.2561,-63.8875],[-57.2579,-63.8996],[-57.2384,-63.9038],[-57.2176,-63.9014],[-57.1909,-63.8927],[-57.1539,-63.8721],[-57.157,-63.861],[-57.1273,-63.8582],[-57.1016,-63.848],[-57.0831,-63.8455],[-57.064,-63.8457],[-57.0521,-63.8392],[-57.061,-63.8355],[-57.0972,-63.8254],[-57.1187,-63.8295],[-57.1352,-63.8257],[-57.1445,-63.8145],[-57.175,-63.8097],[-57.2124,-63.8015],[-57.2264,-63.8075],[-57.2438,-63.8059],[-57.2577,-63.809],[-57.2746,-63.8169],[-57.2919,-63.8182],[-57.3092,-63.815],[-57.3388,-63.8169],[-57.3588,-63.8098],[-57.3557,-63.8055],[-57.3397,-63.7991],[-57.3338,-63.7892],[-57.3397,-63.7854]]],[[[-67.3901,-66.7437],[-67.4069,-66.7479],[-67.4549,-66.7485],[-67.4814,-66.7546],[-67.5071,-66.7661],[-67.5087,-66.7772],[-67.4961,-66.7875],[-67.4925,-66.7989],[-67.4964,-66.8074],[-67.52,-66.8192],[-67.5364,-66.8217],[-67.5517,-66.8335],[-67.5538,-66.8476],[-67.5474,-66.8526],[-67.5476,-66.8673],[-67.5656,-66.8788],[-67.5998,-66.8781],[-67.6011,-66.8843],[-67.5808,-66.8863],[-67.5657,-66.8935],[-67.5365,-66.901],[-67.5288,-66.899],[-67.4987,-66.9077],[-67.4814,-66.9098],[-67.4086,-66.9119],[-67.3954,-66.9102],[-67.3781,-66.9023],[-67.3861,-66.8873],[-67.371,-66.8829],[-67.3387,-66.877],[-67.3211,-66.8795],[-67.3061,-66.877],[-67.2882,-66.8669],[-67.2818,-66.8577],[-67.2609,-66.8472],[-67.2387,-66.8408],[-67.2365,-66.832],[-67.2491,-66.8277],[-67.2673,-66.8167],[-67.243,-66.802],[-67.2577,-66.8034],[-67.2724,-66.7961],[-67.2739,-66.7888],[-67.2887,-66.7877],[-67.2959,-66.7795],[-67.2796,-66.7758],[-67.2957,-66.7651],[-67.3089,-66.7661],[-67.3265,-66.7611],[-67.3376,-66.7546],[-67.3575,-66.7509],[-67.3655,-66.7464],[-67.3901,-66.7437]]],[[[-60.9001,-51.7622],[-60.8909,-51.7718],[-60.8981,-51.777],[-60.909,-51.7712],[-60.9155,-51.7786],[-60.9072,-51.7951],[-60.8974,-51.8016],[-60.891,-51.8116],[-60.881,-51.8018],[-60.877,-51.8114],[-60.8938,-51.8237],[-60.9006,-51.8308],[-60.8971,-51.8371],[-60.9018,-51.8407],[-60.914,-51.8406],[-60.9192,-51.8316],[-60.9298,-51.8378],[-60.9299,-51.8448],[-60.9403,-51.8502],[-60.9417,-51.842],[-60.9501,-51.8428],[-60.9545,-51.8522],[-60.9495,-51.8612],[-60.9571,-51.8638],[-60.9683,-51.8603],[-60.9751,-51.8623],[-60.9888,-51.8721],[-61.0136,-51.8699],[-61.027,-51.8753],[-61.0292,-51.8645],[-61.0347,-51.8589],[-61.0192,-51.8505],[-61.002,-51.8492],[-60.9794,-51.8311],[-60.9652,-51.8291],[-60.963,-51.8158],[-60.9505,-51.8196],[-60.9424,-51.8177],[-60.9394,-51.803],[-60.9566,-51.8013],[-60.967,-51.8034],[-60.9751,-51.796],[-60.9832,-51.7844],[-61.0093,-51.7852],[-61.0149,-51.7798],[-61.0293,-51.779],[-61.0385,-51.7847],[-61.0344,-51.7976],[-61.0424,-51.7985],[-61.0488,-51.8106],[-61.0638,-51.8256],[-61.0586,-51.837],[-61.0833,-51.8262],[-61.0931,-51.8242],[-61.1072,-51.825],[-61.0956,-51.812],[-61.114,-51.819],[-61.1331,-51.8191],[-61.1311,-51.8243],[-61.1412,-51.8323],[-61.1608,-51.8346],[-61.1656,-51.8469],[-61.1606,-51.8525],[-61.1418,-51.8449],[-61.1201,-51.85],[-61.1022,-51.8465],[-61.0936,-51.8482],[-61.0998,-51.8577],[-61.112,-51.8526],[-61.1266,-51.8551],[-61.1351,-51.8615],[-61.1385,-51.8715],[-61.1335,-51.8835],[-61.1224,-51.8874],[-61.131,-51.8921],[-61.135,-51.9037],[-61.1266,-51.9045],[-61.1168,-51.9103],[-61.1034,-51.9028],[-61.1067,-51.9153],[-61.1012,-51.9192],[-61.1104,-51.9235],[-61.0993,-51.9314],[-61.0797,-51.9156],[-61.0738,-51.9192],[-61.0804,-51.9259],[-61.0799,-51.9313],[-61.0671,-51.9358],[-61.0715,-51.9427],[-61.0572,-51.9436],[-61.0536,-51.9502],[-61.0379,-51.9582],[-61.0492,-51.9616],[-61.0403,-51.9664],[-61.0313,-51.9655],[-61.0276,-51.9732],[-61.0129,-51.9753],[-61.0073,-51.985],[-61.0007,-51.9897],[-60.9747,-51.9834],[-60.9605,-51.9672],[-60.949,-51.9641],[-60.9368,-51.9562],[-60.9171,-51.9583],[-60.903,-51.9498],[-60.9139,-51.94],[-60.8938,-51.938],[-60.8877,-51.934],[-60.891,-51.926],[-60.8883,-51.9215],[-60.871,-51.915],[-60.8701,-51.9011],[-60.8841,-51.9048],[-60.9029,-51.9061],[-60.9089,-51.8992],[-60.905,-51.8938],[-60.8939,-51.8944],[-60.872,-51.8883],[-60.8916,-51.8805],[-60.8812,-51.8771],[-60.8871,-51.8631],[-60.8805,-51.8598],[-60.885,-51.8472],[-60.8784,-51.8332],[-60.8816,-51.8222],[-60.8772,-51.8169],[-60.865,-51.8149],[-60.8606,-51.8055],[-60.8641,-51.7991],[-60.8568,-51.7886],[-60.8634,-51.7862],[-60.8656,-51.7791],[-60.8626,-51.7652],[-60.8838,-51.7649],[-60.9001,-51.7622]]],[[[-66.6199,-66.0607],[-66.6434,-66.0666],[-66.649,-66.071],[-66.6411,-66.0778],[-66.656,-66.082],[-66.6423,-66.0908],[-66.6651,-66.0986],[-66.679,-66.0947],[-66.7157,-66.1006],[-66.7425,-66.0896],[-66.7483,-66.0978],[-66.766,-66.1084],[-66.7808,-66.1109],[-66.8014,-66.1226],[-66.7936,-66.1294],[-66.7625,-66.126],[-66.7551,-66.1294],[-66.7786,-66.1426],[-66.7675,-66.153],[-66.7793,-66.1609],[-66.7732,-66.1763],[-66.7555,-66.1773],[-66.7457,-66.182],[-66.7528,-66.1931],[-66.7324,-66.2067],[-66.7358,-66.2115],[-66.7508,-66.213],[-66.7637,-66.2287],[-66.7449,-66.2281],[-66.7454,-66.2343],[-66.7648,-66.2404],[-66.7998,-66.2452],[-66.8013,-66.2517],[-66.8213,-66.254],[-66.8295,-66.2647],[-66.8559,-66.2707],[-66.8721,-66.2857],[-66.9009,-66.2904],[-66.9064,-66.3059],[-66.879,-66.3189],[-66.8572,-66.3264],[-66.8509,-66.3228],[-66.8289,-66.323],[-66.8184,-66.3165],[-66.8237,-66.3114],[-66.8145,-66.305],[-66.7786,-66.302],[-66.7589,-66.2933],[-66.7617,-66.2854],[-66.7423,-66.2819],[-66.7436,-66.2738],[-66.7364,-66.2659],[-66.7228,-66.2639],[-66.6845,-66.252],[-66.6731,-66.2382],[-66.6553,-66.2366],[-66.64,-66.2282],[-66.6351,-66.2199],[-66.6166,-66.2169],[-66.6137,-66.2076],[-66.5966,-66.1988],[-66.5871,-66.1854],[-66.576,-66.1785],[-66.5923,-66.1664],[-66.5887,-66.1592],[-66.6063,-66.1507],[-66.6217,-66.1472],[-66.6384,-66.1324],[-66.6379,-66.1252],[-66.6088,-66.1163],[-66.5797,-66.1055],[-66.5885,-66.0984],[-66.5569,-66.0917],[-66.5742,-66.0867],[-66.5638,-66.0711],[-66.5828,-66.064],[-66.597,-66.0721],[-66.6189,-66.0685],[-66.6199,-66.0607]]],[[[-60.7872,-63.6673],[-60.803,-63.6726],[-60.8199,-63.6751],[-60.816,-63.6804],[-60.7916,-63.6774],[-60.7793,-63.6859],[-60.7916,-63.6877],[-60.798,-63.6987],[-60.7775,-63.7078],[-60.7766,-63.7198],[-60.787,-63.7262],[-60.7664,-63.7307],[-60.7618,-63.726],[-60.7471,-63.7302],[-60.7426,-63.7241],[-60.7242,-63.7308],[-60.7076,-63.7285],[-60.689,-63.7187],[-60.679,-63.7224],[-60.6815,-63.7285],[-60.7084,-63.743],[-60.7022,-63.7498],[-60.7187,-63.7562],[-60.7234,-63.7519],[-60.7391,-63.751],[-60.7464,-63.7543],[-60.7623,-63.75],[-60.778,-63.7531],[-60.7937,-63.7522],[-60.8064,-63.757],[-60.7978,-63.7622],[-60.8085,-63.7691],[-60.8054,-63.7774],[-60.809,-63.7885],[-60.786,-63.8038],[-60.7741,-63.8048],[-60.7671,-63.8122],[-60.7762,-63.8162],[-60.7688,-63.8253],[-60.7884,-63.8291],[-60.7956,-63.8389],[-60.8316,-63.8381],[-60.8447,-63.827],[-60.8561,-63.8329],[-60.8914,-63.846],[-60.902,-63.8526],[-60.8655,-63.8642],[-60.8583,-63.8792],[-60.8675,-63.8873],[-60.8979,-63.8989],[-60.8729,-63.9108],[-60.8514,-63.9091],[-60.8509,-63.9048],[-60.828,-63.9084],[-60.8361,-63.9148],[-60.8169,-63.9213],[-60.8131,-63.915],[-60.8201,-63.9048],[-60.8072,-63.9012],[-60.799,-63.8918],[-60.7766,-63.887],[-60.7502,-63.8865],[-60.7602,-63.9025],[-60.7569,-63.9084],[-60.7412,-63.9078],[-60.7249,-63.9001],[-60.7308,-63.8905],[-60.7144,-63.8879],[-60.689,-63.8871],[-60.6885,-63.8788],[-60.6817,-63.8727],[-60.6596,-63.8701],[-60.6443,-63.859],[-60.662,-63.8507],[-60.6626,-63.8391],[-60.6834,-63.8367],[-60.707,-63.8147],[-60.6895,-63.8091],[-60.6964,-63.8047],[-60.691,-63.7907],[-60.6829,-63.7857],[-60.6617,-63.7817],[-60.6716,-63.7725],[-60.656,-63.7664],[-60.6543,-63.7578],[-60.6646,-63.7553],[-60.6582,-63.7491],[-60.6317,-63.7497],[-60.6188,-63.7417],[-60.6115,-63.7309],[-60.6195,-63.7257],[-60.6,-63.7203],[-60.6024,-63.7149],[-60.5747,-63.7122],[-60.5617,-63.7084],[-60.5597,-63.696],[-60.5799,-63.6894],[-60.5863,-63.6919],[-60.6059,-63.6901],[-60.6256,-63.6954],[-60.6403,-63.6963],[-60.6599,-63.694],[-60.6699,-63.7008],[-60.683,-63.6973],[-60.7043,-63.6965],[-60.7338,-63.693],[-60.745,-63.6851],[-60.7633,-63.6779],[-60.7788,-63.6765],[-60.7872,-63.6673]]],[[[-61.1519,-69.9817],[-61.1352,-69.9777],[-61.108,-69.9621],[-61.118,-69.9487],[-61.1084,-69.9419],[-61.1449,-69.9141],[-61.1733,-69.8896],[-61.1739,-69.8795],[-61.1924,-69.8611],[-61.207,-69.8511],[-61.2534,-69.8447],[-61.2762,-69.8444],[-61.3263,-69.8527],[-61.3648,-69.8696],[-61.3877,-69.8862],[-61.3922,-69.9007],[-61.403,-69.9107],[-61.4061,-69.9273],[-61.3996,-69.943],[-61.3484,-69.9662],[-61.3223,-69.9747],[-61.2641,-69.9841],[-61.2372,-69.9917],[-61.2066,-69.9897],[-61.1679,-69.982],[-61.1519,-69.9817]]],[[[-59.7334,-65.1027],[-59.7617,-65.1045],[-59.8066,-65.1021],[-59.8295,-65.1093],[-59.8335,-65.1206],[-59.8452,-65.1262],[-59.8441,-65.1329],[-59.8279,-65.1443],[-59.827,-65.1538],[-59.7967,-65.1704],[-59.7913,-65.1783],[-59.7727,-65.1793],[-59.7585,-65.1891],[-59.7363,-65.1964],[-59.6994,-65.1971],[-59.6518,-65.2003],[-59.615,-65.2134],[-59.5933,-65.2277],[-59.5515,-65.2461],[-59.5352,-65.2504],[-59.496,-65.2554],[-59.4774,-65.2549],[-59.4497,-65.2503],[-59.4375,-65.236],[-59.4489,-65.2244],[-59.4752,-65.2101],[-59.489,-65.2078],[-59.493,-65.201],[-59.5171,-65.1816],[-59.5287,-65.1788],[-59.5378,-65.172],[-59.5612,-65.1605],[-59.5749,-65.147],[-59.5946,-65.1412],[-59.6098,-65.1327],[-59.6154,-65.1247],[-59.6322,-65.1175],[-59.6462,-65.1168],[-59.7097,-65.1044],[-59.7334,-65.1027]]],[[[-62.3136,-62.8709],[-62.338,-62.8762],[-62.357,-62.8756],[-62.3759,-62.8794],[-62.3785,-62.8891],[-62.4039,-62.8898],[-62.4364,-62.8961],[-62.4641,-62.905],[-62.4904,-62.9085],[-62.4994,-62.9138],[-62.5187,-62.9167],[-62.5414,-62.9303],[-62.5365,-62.9402],[-62.5416,-62.9442],[-62.5426,-62.9556],[-62.5523,-62.9618],[-62.5749,-62.962],[-62.5768,-62.9768],[-62.5934,-62.9815],[-62.5927,-62.9898],[-62.6056,-63.0058],[-62.622,-63.0105],[-62.6397,-63.0227],[-62.6342,-63.0274],[-62.6394,-63.0373],[-62.658,-63.0419],[-62.6677,-63.0501],[-62.6646,-63.0549],[-62.6807,-63.0597],[-62.6808,-63.0732],[-62.6914,-63.0799],[-62.7201,-63.0897],[-62.7173,-63.0963],[-62.7065,-63.099],[-62.6909,-63.0929],[-62.682,-63.0936],[-62.6505,-63.0859],[-62.6484,-63.0801],[-62.6271,-63.0765],[-62.6005,-63.0674],[-62.5952,-63.0591],[-62.5694,-63.0553],[-62.5593,-63.0467],[-62.546,-63.0445],[-62.526,-63.0361],[-62.5115,-63.0204],[-62.4986,-63.0205],[-62.4901,-63.0117],[-62.4331,-62.9856],[-62.4261,-62.9774],[-62.4108,-62.9722],[-62.4085,-62.9664],[-62.3927,-62.9547],[-62.3872,-62.9557],[-62.3672,-62.9411],[-62.3685,-62.9365],[-62.3535,-62.9299],[-62.3575,-62.9254],[-62.343,-62.9167],[-62.3228,-62.9006],[-62.3111,-62.8847],[-62.3136,-62.8709]]],[[[-59.0476,-62.2336],[-59.0541,-62.234],[-59.0565,-62.244],[-59.0766,-62.2499],[-59.0903,-62.2445],[-59.1041,-62.2487],[-59.114,-62.2555],[-59.1392,-62.2564],[-59.1646,-62.2702],[-59.1812,-62.2685],[-59.1979,-62.2757],[-59.2004,-62.2856],[-59.2217,-62.288],[-59.2215,-62.2979],[-59.2407,-62.3021],[-59.2155,-62.3114],[-59.1929,-62.3058],[-59.1875,-62.3022],[-59.1573,-62.3086],[-59.1551,-62.3151],[-59.1585,-62.3262],[-59.1424,-62.3282],[-59.1225,-62.3251],[-59.1118,-62.3319],[-59.1186,-62.3406],[-59.1124,-62.3517],[-59.0672,-62.3508],[-59.0457,-62.3538],[-59.0354,-62.3522],[-59.0104,-62.3391],[-58.9934,-62.3378],[-58.9863,-62.3434],[-58.9661,-62.3353],[-58.9636,-62.3276],[-58.9544,-62.3235],[-58.9395,-62.324],[-58.9113,-62.3278],[-58.913,-62.3223],[-58.8955,-62.3199],[-58.8777,-62.3139],[-58.8562,-62.3157],[-58.8293,-62.3098],[-58.8437,-62.302],[-58.8492,-62.2938],[-58.8428,-62.2864],[-58.8552,-62.2771],[-58.866,-62.2748],[-58.8751,-62.2658],[-58.8887,-62.2654],[-58.9147,-62.2601],[-58.9345,-62.2596],[-58.9577,-62.2651],[-58.9713,-62.2766],[-58.9864,-62.2771],[-58.9908,-62.2694],[-58.9841,-62.262],[-58.9959,-62.2556],[-58.9919,-62.2474],[-58.9782,-62.2422],[-59.0003,-62.2344],[-59.0293,-62.2393],[-59.0441,-62.2381],[-59.0476,-62.2336]]],[[[-60.9191,-68.6861],[-60.9849,-68.691],[-61.0215,-68.6988],[-61.0321,-68.7085],[-61.0227,-68.7215],[-60.9963,-68.7346],[-60.9774,-68.747],[-60.922,-68.7595],[-60.8934,-68.7647],[-60.8325,-68.7783],[-60.7748,-68.7981],[-60.7305,-68.8002],[-60.701,-68.7975],[-60.6761,-68.7909],[-60.6642,-68.7816],[-60.662,-68.7713],[-60.6651,-68.7561],[-60.6739,-68.7463],[-60.6926,-68.7329],[-60.7215,-68.7197],[-60.7555,-68.7069],[-60.7709,-68.7049],[-60.7931,-68.6965],[-60.8421,-68.6877],[-60.891,-68.6857],[-60.9191,-68.6861]]],[[[-64.7912,-67.5899],[-64.8369,-67.5949],[-64.8574,-67.5945],[-64.8974,-67.5967],[-64.9187,-67.5944],[-64.9483,-67.5985],[-64.9687,-67.609],[-65.0032,-67.6133],[-65.008,-67.6181],[-64.9956,-67.6271],[-64.9689,-67.6366],[-64.9527,-67.6494],[-64.958,-67.6645],[-64.9571,-67.6766],[-64.9455,-67.6897],[-64.9343,-67.6806],[-64.9203,-67.675],[-64.9062,-67.6642],[-64.8809,-67.6644],[-64.8632,-67.6575],[-64.8387,-67.6562],[-64.7854,-67.6608],[-64.7703,-67.6651],[-64.7537,-67.6784],[-64.7233,-67.6837],[-64.7045,-67.6758],[-64.677,-67.6689],[-64.6192,-67.6566],[-64.5949,-67.6384],[-64.5656,-67.6223],[-64.5656,-67.6163],[-64.5814,-67.6081],[-64.608,-67.6109],[-64.624,-67.6071],[-64.6745,-67.6073],[-64.6961,-67.6063],[-64.7244,-67.5961],[-64.7764,-67.5898],[-64.7912,-67.5899]]],[[[-48.8222,-77.7766],[-48.7739,-77.7662],[-48.7468,-77.7539],[-48.7397,-77.7416],[-48.7548,-77.7341],[-48.796,-77.7317],[-48.8231,-77.7346],[-48.8802,-77.7488],[-48.9326,-77.7695],[-48.9543,-77.7748],[-49.0278,-77.787],[-49.1004,-77.7884],[-49.1696,-77.787],[-49.1919,-77.79],[-49.2579,-77.8064],[-49.3473,-77.8243],[-49.3821,-77.8339],[-49.3926,-77.8484],[-49.3503,-77.8553],[-49.3287,-77.8624],[-49.3041,-77.8645],[-49.2705,-77.8629],[-49.2485,-77.8576],[-49.1723,-77.8448],[-49.0576,-77.8184],[-49.0251,-77.8124],[-48.8898,-77.7908],[-48.8222,-77.7766]]],[[[-63.1829,-64.7091],[-63.1941,-64.712],[-63.214,-64.7256],[-63.2271,-64.731],[-63.2399,-64.7418],[-63.2767,-64.7579],[-63.273,-64.767],[-63.2901,-64.7669],[-63.3081,-64.772],[-63.3268,-64.7841],[-63.3412,-64.7884],[-63.3565,-64.7996],[-63.3723,-64.8043],[-63.3883,-64.7988],[-63.3697,-64.7886],[-63.3724,-64.7865],[-63.4178,-64.7848],[-63.4447,-64.7884],[-63.474,-64.7983],[-63.472,-64.8027],[-63.4848,-64.8077],[-63.4985,-64.8175],[-63.509,-64.8134],[-63.5205,-64.8175],[-63.5039,-64.8218],[-63.4768,-64.8191],[-63.4782,-64.8292],[-63.4457,-64.8265],[-63.4294,-64.8334],[-63.4297,-64.8378],[-63.4446,-64.8436],[-63.4661,-64.8449],[-63.4825,-64.8512],[-63.4971,-64.8653],[-63.4958,-64.8714],[-63.517,-64.8755],[-63.5204,-64.8833],[-63.5424,-64.8848],[-63.5401,-64.8948],[-63.5928,-64.9035],[-63.588,-64.9158],[-63.5599,-64.9108],[-63.5344,-64.912],[-63.5183,-64.9037],[-63.4933,-64.9047],[-63.4814,-64.8961],[-63.4576,-64.8948],[-63.4458,-64.9],[-63.4292,-64.9012],[-63.4349,-64.9084],[-63.4271,-64.9111],[-63.4088,-64.9012],[-63.3999,-64.8901],[-63.4182,-64.8779],[-63.3959,-64.8789],[-63.3909,-64.8752],[-63.3693,-64.8697],[-63.3323,-64.8723],[-63.3244,-64.8695],[-63.3256,-64.8621],[-63.3127,-64.8565],[-63.2933,-64.8524],[-63.2899,-64.8429],[-63.298,-64.8332],[-63.2884,-64.8308],[-63.2907,-64.8226],[-63.2764,-64.8065],[-63.2883,-64.8057],[-63.2825,-64.7958],[-63.2686,-64.7968],[-63.2384,-64.7943],[-63.2456,-64.7902],[-63.234,-64.7802],[-63.2115,-64.7707],[-63.2044,-64.764],[-63.1833,-64.7633],[-63.16,-64.75],[-63.1515,-64.7378],[-63.1675,-64.7339],[-63.1636,-64.7213],[-63.1682,-64.7145],[-63.1829,-64.7091]]],[[[-59.7832,-62.4436],[-59.808,-62.4424],[-59.8335,-62.4463],[-59.845,-62.4524],[-59.8602,-62.4532],[-59.8649,-62.4496],[-59.8881,-62.4466],[-59.8972,-62.4587],[-59.9061,-62.4542],[-59.936,-62.446],[-59.9541,-62.4477],[-59.9635,-62.4433],[-59.9941,-62.4529],[-60.0295,-62.449],[-60.0162,-62.4645],[-60.0008,-62.4665],[-59.9882,-62.4642],[-59.9652,-62.4681],[-59.959,-62.4829],[-59.9613,-62.4893],[-59.9519,-62.4913],[-59.9358,-62.5038],[-59.9198,-62.503],[-59.9061,-62.5072],[-59.8791,-62.5025],[-59.8598,-62.5039],[-59.8673,-62.5157],[-59.8393,-62.5212],[-59.827,-62.5086],[-59.8146,-62.5073],[-59.785,-62.5154],[-59.7836,-62.5199],[-59.7493,-62.5185],[-59.7548,-62.5266],[-59.7798,-62.5322],[-59.7793,-62.5358],[-59.7607,-62.5414],[-59.752,-62.5411],[-59.7383,-62.5524],[-59.7192,-62.5574],[-59.7003,-62.5538],[-59.6731,-62.5544],[-59.6589,-62.5594],[-59.6378,-62.5533],[-59.6081,-62.5492],[-59.5999,-62.5422],[-59.5829,-62.5397],[-59.5834,-62.5263],[-59.6028,-62.521],[-59.601,-62.5146],[-59.5718,-62.5178],[-59.5593,-62.5098],[-59.5699,-62.5064],[-59.5521,-62.5007],[-59.5641,-62.4948],[-59.579,-62.4917],[-59.5921,-62.4843],[-59.6151,-62.4809],[-59.6281,-62.4722],[-59.6545,-62.4681],[-59.6613,-62.4713],[-59.6574,-62.4812],[-59.6676,-62.4921],[-59.6686,-62.4983],[-59.7037,-62.5113],[-59.7178,-62.5067],[-59.7337,-62.5082],[-59.7378,-62.4991],[-59.7556,-62.4968],[-59.7646,-62.4919],[-59.7813,-62.4888],[-59.7859,-62.4848],[-59.7595,-62.4751],[-59.7623,-62.4715],[-59.7411,-62.4595],[-59.7247,-62.4543],[-59.727,-62.4437],[-59.7524,-62.4486],[-59.7663,-62.4544],[-59.7815,-62.4487],[-59.7832,-62.4436]]],[[[-62.2105,-63.2309],[-62.2144,-63.2587],[-62.2507,-63.2697],[-62.2672,-63.2734],[-62.2623,-63.2814],[-62.2423,-63.2835],[-62.2361,-63.2887],[-62.2564,-63.2936],[-62.2581,-63.298],[-62.2337,-63.2992],[-62.2321,-63.3063],[-62.2505,-63.3095],[-62.25,-63.3192],[-62.2338,-63.3273],[-62.2771,-63.3518],[-62.2654,-63.3604],[-62.2548,-63.3602],[-62.2527,-63.3533],[-62.2297,-63.3482],[-62.2155,-63.3557],[-62.1999,-63.3556],[-62.1708,-63.3504],[-62.1529,-63.3562],[-62.1331,-63.3525],[-62.1261,-63.3446],[-62.0936,-63.3427],[-62.0849,-63.3378],[-62.0635,-63.3419],[-62.0396,-63.3417],[-62.0403,-63.3475],[-62.0214,-63.3532],[-62.0106,-63.3533],[-61.9839,-63.3476],[-61.9755,-63.3349],[-61.9601,-63.335],[-61.9647,-63.3264],[-61.9504,-63.3127],[-61.9653,-63.306],[-61.9788,-63.3064],[-61.9839,-63.3019],[-62.0063,-63.3004],[-61.9974,-63.2942],[-62.0011,-63.2899],[-62.016,-63.2871],[-62.0206,-63.2746],[-62.0063,-63.2706],[-62.0191,-63.2649],[-62.0401,-63.2639],[-62.0344,-63.2587],[-62.0497,-63.2508],[-62.082,-63.2527],[-62.0908,-63.2596],[-62.085,-63.2637],[-62.1005,-63.2694],[-62.1194,-63.2718],[-62.1339,-63.277],[-62.1484,-63.274],[-62.1713,-63.2605],[-62.1648,-63.2506],[-62.179,-63.247],[-62.1846,-63.2354],[-62.2044,-63.2346],[-62.2105,-63.2309]]],[[[-59.6202,-62.3276],[-59.6264,-62.3307],[-59.6157,-62.3406],[-59.6263,-62.3451],[-59.6373,-62.3431],[-59.6547,-62.3535],[-59.6725,-62.3519],[-59.6729,-62.3569],[-59.6881,-62.3612],[-59.6803,-62.3724],[-59.6965,-62.38],[-59.6878,-62.3925],[-59.6734,-62.3937],[-59.659,-62.391],[-59.6396,-62.376],[-59.6279,-62.3737],[-59.6021,-62.3825],[-59.5977,-62.3919],[-59.6131,-62.3977],[-59.6112,-62.4027],[-59.6226,-62.4121],[-59.5976,-62.4193],[-59.5858,-62.4248],[-59.5756,-62.4254],[-59.564,-62.4336],[-59.5727,-62.4449],[-59.5343,-62.45],[-59.5141,-62.4443],[-59.5128,-62.4625],[-59.4932,-62.4614],[-59.4835,-62.4578],[-59.4684,-62.4474],[-59.436,-62.4377],[-59.4175,-62.4365],[-59.4142,-62.4401],[-59.393,-62.4444],[-59.3863,-62.4508],[-59.3714,-62.4439],[-59.3793,-62.4414],[-59.3773,-62.4331],[-59.3642,-62.4312],[-59.3599,-62.4213],[-59.3484,-62.406],[-59.3563,-62.3966],[-59.3669,-62.3913],[-59.3689,-62.3848],[-59.3821,-62.3763],[-59.3953,-62.3764],[-59.4023,-62.3807],[-59.4387,-62.3785],[-59.4672,-62.3695],[-59.488,-62.3675],[-59.5164,-62.3566],[-59.5198,-62.3402],[-59.5295,-62.3375],[-59.5601,-62.3381],[-59.5831,-62.3437],[-59.6202,-62.3276]]],[[[-67.0932,-67.4992],[-67.1078,-67.5006],[-67.1288,-67.5067],[-67.103,-67.5107],[-67.0935,-67.5165],[-67.113,-67.5252],[-67.1294,-67.5298],[-67.1509,-67.5285],[-67.1807,-67.5337],[-67.1886,-67.5398],[-67.2144,-67.5482],[-67.214,-67.5637],[-67.2003,-67.5662],[-67.1746,-67.5769],[-67.1423,-67.5682],[-67.1264,-67.5586],[-67.1096,-67.5543],[-67.1012,-67.5618],[-67.1338,-67.5771],[-67.1745,-67.5867],[-67.1705,-67.5959],[-67.1386,-67.599],[-67.1197,-67.5975],[-67.0831,-67.6024],[-67.0611,-67.5952],[-67.0625,-67.5895],[-67.0294,-67.5811],[-67.0017,-67.5812],[-66.9893,-67.5845],[-66.9791,-67.5929],[-66.9566,-67.5915],[-66.9323,-67.5813],[-66.9519,-67.5796],[-66.9425,-67.569],[-66.9231,-67.5602],[-66.8936,-67.5579],[-66.881,-67.5488],[-66.867,-67.5444],[-66.8586,-67.5359],[-66.8174,-67.5279],[-66.8148,-67.5184],[-66.8351,-67.5141],[-66.8706,-67.5107],[-66.8971,-67.5111],[-66.935,-67.5075],[-66.9458,-67.5083],[-66.9791,-67.5203],[-67.0072,-67.5283],[-67.0221,-67.5347],[-67.0497,-67.5309],[-67.0409,-67.5185],[-67.0425,-67.5128],[-67.0565,-67.509],[-67.0628,-67.5002],[-67.0932,-67.4992]]],[[[-61.3315,-62.7032],[-61.3335,-62.7082],[-61.3572,-62.7119],[-61.3509,-62.7174],[-61.3584,-62.7269],[-61.3745,-62.7263],[-61.3734,-62.7354],[-61.3988,-62.7466],[-61.4151,-62.7477],[-61.4252,-62.7518],[-61.4391,-62.7491],[-61.4554,-62.7525],[-61.4883,-62.7483],[-61.5134,-62.7588],[-61.5097,-62.7724],[-61.5269,-62.7736],[-61.5157,-62.7885],[-61.5193,-62.7925],[-61.4977,-62.8014],[-61.5132,-62.8122],[-61.4936,-62.8115],[-61.4809,-62.8158],[-61.4811,-62.8234],[-61.4704,-62.8315],[-61.4539,-62.8356],[-61.4371,-62.8348],[-61.4304,-62.8421],[-61.4118,-62.8379],[-61.3914,-62.8363],[-61.3888,-62.831],[-61.3767,-62.8271],[-61.3722,-62.8192],[-61.3572,-62.8114],[-61.3528,-62.806],[-61.332,-62.8047],[-61.3204,-62.7941],[-61.2979,-62.7865],[-61.2894,-62.7746],[-61.2738,-62.7701],[-61.2588,-62.7697],[-61.2602,-62.762],[-61.253,-62.7474],[-61.2414,-62.7372],[-61.21,-62.734],[-61.1984,-62.7292],[-61.2078,-62.7246],[-61.2247,-62.7296],[-61.2435,-62.7282],[-61.2459,-62.7243],[-61.2688,-62.723],[-61.2867,-62.7146],[-61.3007,-62.7182],[-61.3315,-62.7032]]],[[[-54.0096,-61.1279],[-54.0308,-61.1309],[-54.044,-61.1281],[-54.0514,-61.1337],[-54.0423,-61.14],[-54.0622,-61.1573],[-54.1039,-61.1732],[-54.1097,-61.179],[-54.1207,-61.1803],[-54.1303,-61.1858],[-54.1228,-61.1919],[-54.1322,-61.1949],[-54.1429,-61.2032],[-54.1372,-61.21],[-54.1436,-61.2155],[-54.1494,-61.2271],[-54.1701,-61.2333],[-54.1811,-61.2453],[-54.1881,-61.2486],[-54.2022,-61.2464],[-54.2177,-61.259],[-54.2145,-61.2634],[-54.2327,-61.2695],[-54.2339,-61.2755],[-54.2191,-61.2851],[-54.2246,-61.2955],[-54.191,-61.2992],[-54.1802,-61.3037],[-54.145,-61.3083],[-54.1297,-61.3076],[-54.1199,-61.3137],[-54.0909,-61.3174],[-54.0757,-61.3085],[-54.0821,-61.3029],[-54.0687,-61.3002],[-54.0521,-61.2869],[-54.0537,-61.2791],[-54.0417,-61.2737],[-54.0448,-61.2582],[-54.0305,-61.2489],[-54.056,-61.2434],[-54.0566,-61.2334],[-54.0465,-61.2288],[-54.0291,-61.2264],[-54.0271,-61.2192],[-54.0625,-61.2123],[-54.0565,-61.198],[-54.0425,-61.1963],[-54.045,-61.1762],[-54.0296,-61.1655],[-54.0079,-61.1602],[-54.0004,-61.1542],[-54.0096,-61.1279]]],[[[-60.6336,-62.8922],[-60.6634,-62.8938],[-60.7124,-62.9084],[-60.7361,-62.9207],[-60.7354,-62.9311],[-60.7403,-62.9403],[-60.7535,-62.9486],[-60.7493,-62.9627],[-60.7368,-62.9796],[-60.7281,-62.9874],[-60.726,-62.9948],[-60.7181,-62.9983],[-60.6882,-63.0036],[-60.671,-63.0157],[-60.6477,-63.0147],[-60.6374,-63.018],[-60.6188,-63.0167],[-60.6052,-63.0216],[-60.5833,-63.0135],[-60.5715,-63.0161],[-60.5599,-63.0083],[-60.561,-62.9989],[-60.5805,-62.9983],[-60.6098,-62.9948],[-60.6466,-62.9859],[-60.6596,-62.9781],[-60.7037,-62.9745],[-60.7133,-62.9644],[-60.7077,-62.9547],[-60.6911,-62.9514],[-60.69,-62.9421],[-60.6774,-62.935],[-60.6799,-62.9283],[-60.6706,-62.9222],[-60.6566,-62.9192],[-60.6184,-62.926],[-60.5955,-62.936],[-60.603,-62.9409],[-60.6014,-62.9571],[-60.5923,-62.9636],[-60.5882,-62.9762],[-60.579,-62.9799],[-60.5601,-62.979],[-60.5487,-62.9904],[-60.5367,-62.9858],[-60.5141,-62.9871],[-60.5176,-62.9765],[-60.4994,-62.9636],[-60.5124,-62.9355],[-60.5338,-62.8979],[-60.5513,-62.8995],[-60.5583,-62.8955],[-60.5859,-62.8985],[-60.6159,-62.8956],[-60.6336,-62.8922]]],[[[-26.3577,-58.4039],[-26.4132,-58.4116],[-26.4532,-58.4139],[-26.4704,-58.4173],[-26.4663,-58.4265],[-26.4809,-58.4588],[-26.4778,-58.4642],[-26.4525,-58.4708],[-26.4447,-58.4811],[-26.4163,-58.4844],[-26.405,-58.4898],[-26.377,-58.4951],[-26.3596,-58.5058],[-26.349,-58.4961],[-26.3326,-58.495],[-26.3128,-58.4994],[-26.2977,-58.5067],[-26.2933,-58.5133],[-26.2749,-58.5197],[-26.2671,-58.5114],[-26.2703,-58.505],[-26.2535,-58.4999],[-26.2549,-58.493],[-26.2668,-58.4803],[-26.2802,-58.4792],[-26.2814,-58.4571],[-26.2762,-58.4362],[-26.2753,-58.4201],[-26.2865,-58.4171],[-26.2939,-58.4106],[-26.3067,-58.4057],[-26.3498,-58.4059],[-26.3577,-58.4039]]],[[[-60.3152,-51.2671],[-60.3202,-51.2694],[-60.3209,-51.282],[-60.3061,-51.2932],[-60.2824,-51.3052],[-60.2497,-51.3095],[-60.241,-51.3079],[-60.2321,-51.3246],[-60.2177,-51.3343],[-60.1906,-51.348],[-60.1599,-51.3562],[-60.1503,-51.3537],[-60.121,-51.3625],[-60.1216,-51.3682],[-60.1307,-51.3756],[-60.1288,-51.3855],[-60.1384,-51.3915],[-60.152,-51.3914],[-60.1703,-51.3968],[-60.1736,-51.3925],[-60.1869,-51.3896],[-60.1823,-51.3787],[-60.1905,-51.3613],[-60.2097,-51.3469],[-60.2269,-51.3414],[-60.2352,-51.346],[-60.2361,-51.3532],[-60.2425,-51.3604],[-60.2509,-51.363],[-60.2727,-51.3641],[-60.2865,-51.3726],[-60.2859,-51.3815],[-60.272,-51.3936],[-60.2785,-51.3984],[-60.2878,-51.3937],[-60.3038,-51.3923],[-60.285,-51.4026],[-60.2807,-51.4086],[-60.2619,-51.4138],[-60.2385,-51.4144],[-60.2228,-51.404],[-60.1977,-51.3964],[-60.1885,-51.4026],[-60.18,-51.3986],[-60.1742,-51.4044],[-60.1401,-51.4049],[-60.1206,-51.4026],[-60.1186,-51.391],[-60.0854,-51.3779],[-60.0766,-51.3701],[-60.0826,-51.3634],[-60.0626,-51.3549],[-60.0537,-51.3402],[-60.0452,-51.3335],[-60.0676,-51.3324],[-60.081,-51.3257],[-60.0726,-51.3236],[-60.061,-51.3152],[-60.0647,-51.3115],[-60.0833,-51.3141],[-60.0915,-51.3099],[-60.092,-51.3029],[-60.1129,-51.3049],[-60.1446,-51.3118],[-60.1578,-51.3163],[-60.1833,-51.3154],[-60.215,-51.3071],[-60.2284,-51.307],[-60.2486,-51.3002],[-60.2532,-51.2908],[-60.2635,-51.2806],[-60.2647,-51.2717],[-60.281,-51.2672],[-60.286,-51.2622],[-60.3026,-51.2691],[-60.3152,-51.2671]]],[[[-59.7651,-51.248],[-59.7723,-51.2523],[-59.784,-51.2491],[-59.8007,-51.2552],[-59.8236,-51.254],[-59.8253,-51.2627],[-59.8371,-51.2637],[-59.829,-51.2711],[-59.8115,-51.2804],[-59.8014,-51.2799],[-59.7757,-51.2826],[-59.7656,-51.2849],[-59.7578,-51.2932],[-59.7291,-51.2957],[-59.7167,-51.3026],[-59.6963,-51.2969],[-59.6782,-51.2942],[-59.6576,-51.3024],[-59.6531,-51.3013],[-59.632,-51.3071],[-59.6164,-51.3066],[-59.607,-51.3145],[-59.5991,-51.3341],[-59.5863,-51.3438],[-59.5688,-51.3438],[-59.5504,-51.3472],[-59.5302,-51.3435],[-59.5134,-51.3478],[-59.5062,-51.3431],[-59.4856,-51.3433],[-59.4693,-51.3475],[-59.4588,-51.3465],[-59.4694,-51.3389],[-59.4844,-51.3338],[-59.485,-51.3306],[-59.4667,-51.3142],[-59.4569,-51.329],[-59.4345,-51.3388],[-59.4234,-51.3351],[-59.4351,-51.3283],[-59.4411,-51.3213],[-59.4498,-51.3208],[-59.4513,-51.3108],[-59.4591,-51.3105],[-59.4712,-51.304],[-59.4793,-51.2904],[-59.4737,-51.2841],[-59.4915,-51.2759],[-59.5027,-51.2744],[-59.5171,-51.2859],[-59.5443,-51.2775],[-59.5408,-51.288],[-59.5437,-51.2998],[-59.5512,-51.306],[-59.5627,-51.3099],[-59.5825,-51.3117],[-59.5916,-51.3108],[-59.6005,-51.3053],[-59.5948,-51.2973],[-59.6012,-51.2897],[-59.6021,-51.2811],[-59.5886,-51.2709],[-59.6042,-51.2632],[-59.6174,-51.2682],[-59.6335,-51.2649],[-59.6389,-51.269],[-59.6527,-51.2642],[-59.6786,-51.2723],[-59.7006,-51.2722],[-59.7128,-51.268],[-59.7365,-51.2642],[-59.7437,-51.2649],[-59.7506,-51.2519],[-59.7651,-51.248]]],[[[-56.62,-64.2097],[-56.6374,-64.212],[-56.6419,-64.2214],[-56.6632,-64.2271],[-56.6646,-64.2315],[-56.6781,-64.2365],[-56.6896,-64.2464],[-56.7129,-64.2559],[-56.7436,-64.2556],[-56.7598,-64.251],[-56.8016,-64.2423],[-56.8118,-64.2466],[-56.8149,-64.2642],[-56.8198,-64.2702],[-56.8416,-64.28],[-56.8599,-64.3008],[-56.8952,-64.3112],[-56.9036,-64.3193],[-56.8877,-64.323],[-56.8201,-64.3201],[-56.7983,-64.3157],[-56.7361,-64.3116],[-56.707,-64.3074],[-56.6907,-64.2963],[-56.6762,-64.2788],[-56.6614,-64.2673],[-56.6495,-64.2625],[-56.6285,-64.2606],[-56.5956,-64.2487],[-56.5872,-64.2434],[-56.583,-64.2287],[-56.599,-64.227],[-56.6072,-64.2126],[-56.62,-64.2097]]],[[[-67.2419,-67.7887],[-67.2581,-67.791],[-67.2531,-67.7988],[-67.2648,-67.8072],[-67.2947,-67.8131],[-67.3059,-67.8067],[-67.3225,-67.8149],[-67.3231,-67.8224],[-67.2913,-67.8251],[-67.2663,-67.8234],[-67.2383,-67.8282],[-67.2415,-67.8402],[-67.2377,-67.8477],[-67.2495,-67.8523],[-67.2646,-67.8513],[-67.2853,-67.8575],[-67.3015,-67.867],[-67.3018,-67.8749],[-67.2846,-67.8832],[-67.2794,-67.8931],[-67.2531,-67.8972],[-67.2172,-67.8912],[-67.2062,-67.8837],[-67.1688,-67.8812],[-67.1274,-67.863],[-67.1188,-67.8562],[-67.1035,-67.8524],[-67.1033,-67.845],[-67.0877,-67.8343],[-67.1052,-67.8226],[-67.1048,-67.817],[-67.1285,-67.813],[-67.1438,-67.8133],[-67.1768,-67.8227],[-67.1851,-67.831],[-67.2074,-67.8282],[-67.2092,-67.8207],[-67.1638,-67.8021],[-67.1851,-67.7947],[-67.2052,-67.7982],[-67.2211,-67.7926],[-67.2419,-67.7887]]],[[[-44.5421,-60.6603],[-44.554,-60.6635],[-44.5477,-60.6868],[-44.5375,-60.6963],[-44.5517,-60.7015],[-44.5753,-60.6863],[-44.5899,-60.6827],[-44.5912,-60.6912],[-44.5757,-60.7083],[-44.5829,-60.7193],[-44.5958,-60.7221],[-44.6134,-60.7182],[-44.6203,-60.7129],[-44.6346,-60.7118],[-44.6392,-60.7005],[-44.6494,-60.6925],[-44.6644,-60.6886],[-44.665,-60.6818],[-44.6859,-60.6712],[-44.6863,-60.6791],[-44.6809,-60.6939],[-44.6619,-60.7127],[-44.6716,-60.7219],[-44.6992,-60.7212],[-44.7136,-60.7191],[-44.7415,-60.7254],[-44.7391,-60.7363],[-44.7454,-60.7384],[-44.766,-60.731],[-44.7878,-60.7284],[-44.7967,-60.7352],[-44.8046,-60.7299],[-44.8267,-60.7255],[-44.8283,-60.7143],[-44.8451,-60.7129],[-44.8422,-60.726],[-44.8354,-60.7288],[-44.8378,-60.7377],[-44.8193,-60.7462],[-44.8045,-60.7431],[-44.7969,-60.7539],[-44.787,-60.7493],[-44.783,-60.7429],[-44.7678,-60.7406],[-44.7566,-60.747],[-44.7524,-60.7549],[-44.7402,-60.7652],[-44.7372,-60.7746],[-44.7066,-60.7764],[-44.7301,-60.7672],[-44.7341,-60.7523],[-44.7396,-60.7501],[-44.7323,-60.7421],[-44.6992,-60.7359],[-44.6836,-60.7405],[-44.6772,-60.747],[-44.6475,-60.7483],[-44.6273,-60.7569],[-44.6008,-60.7453],[-44.5868,-60.7551],[-44.5751,-60.755],[-44.5797,-60.747],[-44.5632,-60.7453],[-44.5576,-60.7407],[-44.535,-60.7365],[-44.5182,-60.7366],[-44.5147,-60.7282],[-44.5249,-60.7224],[-44.5054,-60.7146],[-44.4635,-60.7096],[-44.4556,-60.7119],[-44.4237,-60.7144],[-44.4583,-60.7029],[-44.4784,-60.6825],[-44.4911,-60.6889],[-44.4999,-60.6813],[-44.5213,-60.672],[-44.5231,-60.6864],[-44.5385,-60.6855],[-44.546,-60.6684],[-44.5421,-60.6603]]],[[[-71.9445,-73.1859],[-71.9582,-73.1858],[-72.0175,-73.1917],[-72.0745,-73.1912],[-72.1101,-73.2014],[-72.1109,-73.209],[-72.0915,-73.2156],[-72.1067,-73.2266],[-72.0811,-73.2337],[-72.0072,-73.2386],[-71.9552,-73.2386],[-71.9361,-73.2404],[-71.8658,-73.2372],[-71.843,-73.2341],[-71.8034,-73.2229],[-71.8123,-73.2084],[-71.8841,-73.2008],[-71.9009,-73.1943],[-71.9445,-73.1859]]],[[[-70.704,-70.2326],[-70.7121,-70.2326],[-70.7328,-70.2454],[-70.751,-70.2531],[-70.7691,-70.2552],[-70.7822,-70.2644],[-70.7776,-70.2794],[-70.7889,-70.2996],[-70.7812,-70.3088],[-70.7761,-70.3315],[-70.7575,-70.3336],[-70.7361,-70.3416],[-70.7153,-70.3356],[-70.6999,-70.3345],[-70.6718,-70.3268],[-70.6648,-70.3185],[-70.6374,-70.3019],[-70.6597,-70.2966],[-70.6675,-70.2894],[-70.6587,-70.2792],[-70.6628,-70.2653],[-70.6407,-70.2523],[-70.6638,-70.2458],[-70.6761,-70.2458],[-70.6883,-70.2376],[-70.704,-70.2326]]],[[[-68.9928,-72.3985],[-69.0106,-72.3941],[-69.0406,-72.391],[-69.0544,-72.3928],[-69.061,-72.406],[-69.0765,-72.4156],[-69.0859,-72.4276],[-69.08,-72.4446],[-69.0997,-72.447],[-69.1331,-72.4547],[-69.1436,-72.461],[-69.1362,-72.4656],[-69.1026,-72.4636],[-69.0652,-72.4634],[-68.9995,-72.4494],[-68.9287,-72.44],[-68.8927,-72.4281],[-68.8724,-72.4171],[-68.8649,-72.4093],[-68.8768,-72.4047],[-68.9353,-72.4049],[-68.9928,-72.3985]]],[[[-67.6378,-67.1963],[-67.6465,-67.1976],[-67.6627,-67.2096],[-67.6764,-67.2117],[-67.7231,-67.2269],[-67.7499,-67.2367],[-67.7697,-67.2418],[-67.7826,-67.2546],[-67.802,-67.2563],[-67.8163,-67.2644],[-67.8154,-67.271],[-67.802,-67.2778],[-67.7833,-67.2824],[-67.7465,-67.2846],[-67.7061,-67.2804],[-67.6637,-67.2701],[-67.6253,-67.242],[-67.6191,-67.2397],[-67.6049,-67.2248],[-67.5915,-67.2217],[-67.5798,-67.2102],[-67.5971,-67.207],[-67.6244,-67.1979],[-67.6378,-67.1963]]],[[[-61.8397,-64.0006],[-61.9389,-64],[-61.953,-64.009],[-61.9837,-64.0082],[-61.9983,-64.0034],[-62.0176,-64.0055],[-62.011,-64.0125],[-62.03,-64.0157],[-62.0253,-64.0198],[-62.0063,-64.0182],[-61.9969,-64.0208],[-62.0303,-64.0304],[-62.0342,-64.0391],[-62.028,-64.0469],[-62.0414,-64.0527],[-62.0636,-64.0568],[-62.0531,-64.0755],[-62.0571,-64.0843],[-62.0394,-64.0848],[-62.0293,-64.08],[-62.0114,-64.0773],[-61.9889,-64.0784],[-61.9759,-64.0852],[-61.9644,-64.0792],[-61.9555,-64.0674],[-61.9418,-64.0621],[-61.9056,-64.0569],[-61.9171,-64.0512],[-61.9386,-64.0463],[-61.9295,-64.0392],[-61.9042,-64.0385],[-61.8882,-64.0362],[-61.8781,-64.0235],[-61.8882,-64.0159],[-61.8522,-64.014],[-61.8322,-64.0026],[-61.8397,-64.0006]]],[[[-26.538,-58.9667],[-26.5652,-58.9825],[-26.5783,-58.9879],[-26.5944,-58.9871],[-26.612,-59.0004],[-26.629,-59.0054],[-26.6257,-59.016],[-26.6009,-59.0243],[-26.5791,-59.0351],[-26.5559,-59.0551],[-26.5462,-59.0592],[-26.5219,-59.0616],[-26.4684,-59.0423],[-26.4502,-59.0313],[-26.4387,-59.0196],[-26.4405,-59.0134],[-26.4586,-59.0077],[-26.4846,-58.9922],[-26.5138,-58.9829],[-26.5271,-58.9698],[-26.538,-58.9667]]],[[[-56.559,-63.5539],[-56.59,-63.5617],[-56.611,-63.5593],[-56.6342,-63.5612],[-56.6399,-63.566],[-56.6593,-63.5678],[-56.6912,-63.5783],[-56.6922,-63.5937],[-56.684,-63.6029],[-56.6912,-63.6123],[-56.6766,-63.6158],[-56.6597,-63.6163],[-56.6439,-63.6067],[-56.6103,-63.6092],[-56.5842,-63.6172],[-56.5691,-63.6191],[-56.5433,-63.6114],[-56.5225,-63.6069],[-56.5173,-63.6028],[-56.5207,-63.5932],[-56.5175,-63.5861],[-56.4909,-63.5719],[-56.4607,-63.5662],[-56.4581,-63.5624],[-56.5035,-63.5631],[-56.521,-63.5585],[-56.5366,-63.5592],[-56.5493,-63.5539],[-56.559,-63.5539]]],[[[-60.1816,-72.2611],[-60.1508,-72.2545],[-60.1249,-72.2412],[-60.1165,-72.2203],[-60.1277,-72.1986],[-60.1451,-72.1872],[-60.1831,-72.1764],[-60.2103,-72.1735],[-60.2374,-72.1804],[-60.2544,-72.1928],[-60.2568,-72.2186],[-60.2457,-72.2357],[-60.2233,-72.2512],[-60.1905,-72.2613],[-60.1816,-72.2611]]],[[[-70.4836,-72.2346],[-70.5684,-72.2209],[-70.5943,-72.2207],[-70.6076,-72.2255],[-70.6046,-72.2318],[-70.6157,-72.2378],[-70.6476,-72.2444],[-70.6632,-72.2556],[-70.6512,-72.2675],[-70.611,-72.2768],[-70.5769,-72.2793],[-70.5483,-72.2771],[-70.4972,-72.2664],[-70.4428,-72.2513],[-70.4248,-72.2442],[-70.4352,-72.2357],[-70.4604,-72.2402],[-70.4836,-72.2346]]],[[[-67.563,-67.0402],[-67.5737,-67.0449],[-67.6097,-67.0471],[-67.6194,-67.0628],[-67.6434,-67.0679],[-67.6423,-67.0758],[-67.6597,-67.0879],[-67.6474,-67.0924],[-67.6349,-67.1039],[-67.6622,-67.1132],[-67.6834,-67.1277],[-67.6594,-67.1342],[-67.6323,-67.145],[-67.6156,-67.1454],[-67.5802,-67.1339],[-67.5595,-67.1196],[-67.5578,-67.1146],[-67.5394,-67.1046],[-67.5395,-67.0932],[-67.5639,-67.0808],[-67.5432,-67.0714],[-67.5683,-67.0488],[-67.563,-67.0402]]],[[[-61.7138,-63.7112],[-61.7308,-63.7215],[-61.7363,-63.7201],[-61.7597,-63.7262],[-61.7447,-63.7293],[-61.7341,-63.7387],[-61.734,-63.7491],[-61.7243,-63.7509],[-61.7174,-63.76],[-61.7149,-63.7788],[-61.6866,-63.7819],[-61.6722,-63.791],[-61.6837,-63.8025],[-61.6756,-63.8064],[-61.6816,-63.8116],[-61.6654,-63.8148],[-61.6515,-63.8041],[-61.6261,-63.7888],[-61.6223,-63.7804],[-61.6124,-63.7739],[-61.6112,-63.7589],[-61.6285,-63.7407],[-61.6267,-63.7302],[-61.6413,-63.728],[-61.6475,-63.7216],[-61.6721,-63.7246],[-61.677,-63.7218],[-61.6965,-63.7238],[-61.7008,-63.7162],[-61.7138,-63.7112]]],[[[-57.422,-63.6272],[-57.4315,-63.6237],[-57.4624,-63.6283],[-57.4779,-63.6335],[-57.5044,-63.628],[-57.5297,-63.6284],[-57.5482,-63.6356],[-57.5682,-63.6363],[-57.5772,-63.646],[-57.5599,-63.6533],[-57.5425,-63.6562],[-57.5328,-63.6642],[-57.5325,-63.6753],[-57.5417,-63.6856],[-57.5339,-63.6913],[-57.4866,-63.6932],[-57.4592,-63.6927],[-57.4447,-63.6872],[-57.4443,-63.6788],[-57.422,-63.6645],[-57.4196,-63.6595],[-57.4243,-63.6473],[-57.41,-63.6285],[-57.422,-63.6272]]],[[[-58.4841,-51.9894],[-58.4875,-51.9913],[-58.4943,-52.0059],[-58.5225,-52.0081],[-58.5254,-52.0125],[-58.5375,-52.0142],[-58.5536,-52.0226],[-58.5524,-52.029],[-58.5257,-52.0354],[-58.5179,-52.0505],[-58.5192,-52.0599],[-58.5056,-52.0683],[-58.4975,-52.0645],[-58.4781,-52.0766],[-58.4696,-52.085],[-58.4537,-52.0737],[-58.4476,-52.0748],[-58.4443,-52.087],[-58.4503,-52.0897],[-58.4668,-52.09],[-58.4627,-52.0982],[-58.4506,-52.1025],[-58.4349,-52.1023],[-58.4256,-52.095],[-58.4327,-52.0895],[-58.4353,-52.0782],[-58.4272,-52.0751],[-58.4292,-52.0696],[-58.4377,-52.0646],[-58.4377,-52.0563],[-58.4463,-52.041],[-58.4571,-52.0393],[-58.4591,-52.0338],[-58.4418,-52.03],[-58.4485,-52.0206],[-58.4443,-52.0082],[-58.4364,-52.0125],[-58.4243,-52.0139],[-58.4168,-52.0209],[-58.4069,-52.0146],[-58.4036,-52.0043],[-58.411,-52.0032],[-58.4185,-51.9969],[-58.4244,-52.0056],[-58.4465,-52.0055],[-58.4524,-52.0011],[-58.4539,-51.9938],[-58.4734,-51.9927],[-58.4841,-51.9894]]],[[[-59.778,-52.1489],[-59.7946,-52.1547],[-59.7987,-52.1622],[-59.8083,-52.1686],[-59.8035,-52.1728],[-59.7933,-52.1715],[-59.7916,-52.181],[-59.7819,-52.1862],[-59.7681,-52.1834],[-59.7613,-52.1791],[-59.7537,-52.1853],[-59.7455,-52.2015],[-59.7366,-52.209],[-59.744,-52.2188],[-59.7397,-52.2228],[-59.7532,-52.228],[-59.7533,-52.2329],[-59.7401,-52.2427],[-59.7433,-52.2502],[-59.7609,-52.2525],[-59.7561,-52.2605],[-59.7621,-52.2667],[-59.7525,-52.2808],[-59.7537,-52.2876],[-59.7471,-52.296],[-59.7367,-52.2934],[-59.7337,-52.2877],[-59.7368,-52.2721],[-59.7305,-52.2617],[-59.7207,-52.2627],[-59.7126,-52.2576],[-59.6832,-52.2458],[-59.6884,-52.2401],[-59.6841,-52.2345],[-59.6891,-52.2288],[-59.6757,-52.2261],[-59.6702,-52.2221],[-59.6826,-52.2158],[-59.6933,-52.2183],[-59.6948,-52.2069],[-59.6884,-52.2018],[-59.6847,-52.1902],[-59.6853,-52.1814],[-59.6992,-52.1675],[-59.7102,-52.1722],[-59.7237,-52.1724],[-59.7305,-52.1682],[-59.7388,-52.1722],[-59.7482,-52.1695],[-59.7566,-52.1747],[-59.7715,-52.1723],[-59.7747,-52.1649],[-59.773,-52.1541],[-59.778,-52.1489]]],[[[-65.1782,-67.8046],[-65.1786,-67.8001],[-65.1977,-67.7928],[-65.2037,-67.8088],[-65.2222,-67.811],[-65.2601,-67.8055],[-65.2837,-67.8039],[-65.2979,-67.808],[-65.3111,-67.8283],[-65.2884,-67.8368],[-65.2696,-67.8363],[-65.2391,-67.8291],[-65.2016,-67.8258],[-65.1512,-67.8275],[-65.127,-67.8271],[-65.095,-67.8289],[-65.0692,-67.8333],[-65.0601,-67.8458],[-65.0273,-67.8544],[-65.0117,-67.8541],[-64.9983,-67.8463],[-65.0188,-67.8435],[-65.0255,-67.8396],[-65.0163,-67.8098],[-64.9854,-67.8056],[-64.9973,-67.7966],[-65.0143,-67.7942],[-65.0585,-67.807],[-65.062,-67.8224],[-65.0709,-67.8265],[-65.0932,-67.8213],[-65.1609,-67.8167],[-65.1766,-67.8091],[-65.1782,-67.8046]]],[[[-65.3075,-65.8285],[-65.3255,-65.8426],[-65.3473,-65.839],[-65.3159,-65.8621],[-65.3362,-65.8708],[-65.3074,-65.8725],[-65.2942,-65.8704],[-65.2758,-65.8768],[-65.2783,-65.8846],[-65.2941,-65.8861],[-65.2814,-65.8973],[-65.2619,-65.8998],[-65.2553,-65.904],[-65.2151,-65.9008],[-65.1932,-65.8824],[-65.201,-65.8728],[-65.1951,-65.8609],[-65.2184,-65.8553],[-65.231,-65.8473],[-65.2463,-65.8422],[-65.2528,-65.8363],[-65.2758,-65.8319],[-65.3045,-65.8309],[-65.3075,-65.8285]]],[[[-63.0537,-64.8438],[-63.0942,-64.849],[-63.1054,-64.8436],[-63.1186,-64.8461],[-63.113,-64.8525],[-63.095,-64.8539],[-63.1056,-64.8617],[-63.122,-64.8639],[-63.1181,-64.871],[-63.1037,-64.8754],[-63.1144,-64.8848],[-63.0984,-64.8896],[-63.062,-64.8831],[-63.0429,-64.8887],[-63.0234,-64.8914],[-63.0199,-64.8955],[-62.9967,-64.8998],[-62.9736,-64.8957],[-62.9673,-64.892],[-62.9438,-64.8958],[-62.9299,-64.8901],[-62.9316,-64.8823],[-62.9234,-64.8776],[-62.9537,-64.865],[-62.9719,-64.8633],[-62.9709,-64.8566],[-62.9871,-64.8569],[-62.9977,-64.8619],[-63.0081,-64.8719],[-63.023,-64.8727],[-63.0276,-64.8664],[-63.0181,-64.8576],[-63.0148,-64.848],[-63.0307,-64.8483],[-63.0537,-64.8438]]],[[[-56.6142,-63.1473],[-56.625,-63.1485],[-56.6527,-63.1594],[-56.6599,-63.1659],[-56.6824,-63.1717],[-56.696,-63.1727],[-56.7013,-63.1874],[-56.6926,-63.1913],[-56.6977,-63.1972],[-56.6856,-63.2079],[-56.6427,-63.219],[-56.6305,-63.2167],[-56.6132,-63.2188],[-56.6038,-63.2163],[-56.5915,-63.2077],[-56.592,-63.1974],[-56.5821,-63.1821],[-56.5798,-63.1699],[-56.569,-63.1658],[-56.5706,-63.1599],[-56.5824,-63.1597],[-56.5911,-63.1523],[-56.6142,-63.1473]]],[[[-60.9172,-72.5899],[-60.8908,-72.5824],[-60.7945,-72.5694],[-60.7766,-72.5635],[-60.797,-72.5544],[-60.8048,-72.5441],[-60.8832,-72.5316],[-60.9108,-72.532],[-60.9213,-72.5362],[-60.9447,-72.5771],[-60.9282,-72.5893],[-60.9172,-72.5899]]],[[[-67.1157,-66.319],[-67.1381,-66.3205],[-67.1503,-66.3247],[-67.1516,-66.3311],[-67.1439,-66.336],[-67.1547,-66.3472],[-67.1481,-66.3522],[-67.1235,-66.3544],[-67.1164,-66.3612],[-67.1245,-66.3752],[-67.1464,-66.3811],[-67.1642,-66.3938],[-67.1443,-66.3941],[-67.1318,-66.3973],[-67.1178,-66.3954],[-67.097,-66.3783],[-67.0672,-66.3746],[-67.0568,-66.3763],[-67.0199,-66.3652],[-67.0275,-66.3616],[-67.0221,-66.3546],[-67.0504,-66.3459],[-67.0668,-66.3285],[-67.1157,-66.319]]],[[[-26.4968,-57.762],[-26.5088,-57.768],[-26.5135,-57.7782],[-26.5202,-57.784],[-26.5363,-57.7901],[-26.5352,-57.7969],[-26.5412,-57.8084],[-26.5281,-57.8199],[-26.5033,-57.8285],[-26.4791,-57.8307],[-26.4211,-57.822],[-26.3939,-57.8132],[-26.3928,-57.808],[-26.4123,-57.8054],[-26.431,-57.8006],[-26.4484,-57.7919],[-26.46,-57.7794],[-26.4573,-57.7709],[-26.4968,-57.762]]],[[[-67.0768,-66.2364],[-67.0971,-66.2479],[-67.098,-66.2638],[-67.0727,-66.2715],[-67.0252,-66.2883],[-66.9971,-66.2871],[-66.9709,-66.2925],[-66.9558,-66.2911],[-66.9297,-66.2839],[-66.9176,-66.2838],[-66.8816,-66.2601],[-66.9249,-66.2584],[-66.9428,-66.2682],[-66.9579,-66.2665],[-66.9611,-66.2558],[-66.9831,-66.2545],[-67.0054,-66.2606],[-67.0121,-66.2547],[-67.0281,-66.2624],[-67.0473,-66.2635],[-67.0707,-66.2602],[-67.0639,-66.2516],[-67.0455,-66.2443],[-67.0768,-66.2364]]],[[[-62.6707,-64.6688],[-62.6863,-64.6765],[-62.7072,-64.6807],[-62.7115,-64.6983],[-62.7161,-64.7032],[-62.7331,-64.7094],[-62.7612,-64.7071],[-62.7708,-64.7137],[-62.7378,-64.7234],[-62.7311,-64.7287],[-62.7162,-64.7309],[-62.7246,-64.7383],[-62.7203,-64.7461],[-62.7112,-64.7487],[-62.6959,-64.7414],[-62.6556,-64.7444],[-62.6433,-64.7326],[-62.6347,-64.7293],[-62.6461,-64.7198],[-62.636,-64.7096],[-62.6518,-64.7032],[-62.6419,-64.6955],[-62.6491,-64.6828],[-62.6648,-64.6803],[-62.6707,-64.6688]]],[[[-61.2338,-51.795],[-61.2445,-51.8025],[-61.2389,-51.8139],[-61.263,-51.8073],[-61.2659,-51.8114],[-61.2553,-51.8218],[-61.2574,-51.8293],[-61.2688,-51.8317],[-61.3039,-51.8064],[-61.3142,-51.8075],[-61.3069,-51.818],[-61.3122,-51.8217],[-61.3251,-51.8194],[-61.3463,-51.8248],[-61.3458,-51.8371],[-61.3296,-51.836],[-61.316,-51.842],[-61.3,-51.8601],[-61.2592,-51.8698],[-61.2415,-51.8788],[-61.2299,-51.8755],[-61.2314,-51.8697],[-61.219,-51.8671],[-61.2071,-51.8598],[-61.2133,-51.8485],[-61.2249,-51.8471],[-61.2381,-51.8496],[-61.2365,-51.8364],[-61.2533,-51.839],[-61.25,-51.8275],[-61.2396,-51.8206],[-61.2174,-51.8279],[-61.2068,-51.8289],[-61.1981,-51.8192],[-61.2106,-51.8197],[-61.2124,-51.8145],[-61.2235,-51.804],[-61.2213,-51.799],[-61.2338,-51.795]]],[[[-59.9554,-51.2822],[-59.9633,-51.2842],[-59.9712,-51.2917],[-59.9801,-51.2927],[-59.9862,-51.2859],[-59.9974,-51.294],[-59.9965,-51.2999],[-60.0106,-51.2981],[-60.0307,-51.2995],[-60.0452,-51.3055],[-60.0361,-51.3174],[-60.0187,-51.3264],[-59.9887,-51.3452],[-59.9571,-51.3522],[-59.9516,-51.3571],[-59.9306,-51.3565],[-59.922,-51.3438],[-59.9267,-51.3373],[-59.9384,-51.3337],[-59.9392,-51.3258],[-59.9297,-51.3223],[-59.9165,-51.3265],[-59.9057,-51.3212],[-59.9041,-51.3147],[-59.9234,-51.3147],[-59.9285,-51.3059],[-59.9372,-51.3052],[-59.9465,-51.2994],[-59.9475,-51.2927],[-59.958,-51.2855],[-59.9554,-51.2822]]],[[[-62.0567,-64.5354],[-62.0583,-64.5466],[-62.0814,-64.5478],[-62.0856,-64.555],[-62.0733,-64.5568],[-62.0824,-64.5634],[-62.1013,-64.566],[-62.0994,-64.5704],[-62.1204,-64.5775],[-62.1369,-64.5747],[-62.1524,-64.5787],[-62.1451,-64.5881],[-62.1321,-64.5882],[-62.121,-64.5953],[-62.1407,-64.6015],[-62.1127,-64.6102],[-62.1112,-64.6201],[-62.0949,-64.616],[-62.0701,-64.6065],[-62.0465,-64.6052],[-62.0655,-64.5929],[-62.0597,-64.5812],[-62.0402,-64.5764],[-62.0278,-64.5773],[-62.0146,-64.5583],[-62.0189,-64.5517],[-62.0414,-64.5513],[-62.0377,-64.5399],[-62.0567,-64.5354]]],[[[-61.7133,-64.0925],[-61.7473,-64.1088],[-61.7582,-64.1235],[-61.7472,-64.1249],[-61.731,-64.1223],[-61.7297,-64.1284],[-61.7484,-64.1366],[-61.7467,-64.1456],[-61.7601,-64.148],[-61.7587,-64.1543],[-61.747,-64.1581],[-61.7345,-64.152],[-61.7242,-64.154],[-61.7377,-64.1662],[-61.7214,-64.1703],[-61.6982,-64.1647],[-61.6926,-64.1739],[-61.6798,-64.1764],[-61.6691,-64.1704],[-61.6593,-64.1448],[-61.6759,-64.142],[-61.6701,-64.1314],[-61.6798,-64.1176],[-61.7149,-64.1134],[-61.7006,-64.104],[-61.702,-64.0981],[-61.7133,-64.0925]]],[[[-66.9182,-67.8506],[-66.962,-67.8546],[-67.0006,-67.8548],[-67.0304,-67.8598],[-67.05,-67.8678],[-67.0494,-67.8797],[-66.993,-67.8848],[-66.9833,-67.8828],[-66.9384,-67.8877],[-66.9125,-67.882],[-66.8992,-67.8827],[-66.8705,-67.8752],[-66.8822,-67.8656],[-66.9182,-67.8506]]],[[[-67.0035,-72.2067],[-67.0181,-72.2034],[-67.0436,-72.2124],[-67.0465,-72.2164],[-67.0753,-72.2211],[-67.0884,-72.2202],[-67.0999,-72.2058],[-67.1176,-72.207],[-67.1241,-72.2182],[-67.1178,-72.2245],[-67.0611,-72.2484],[-67.0267,-72.2519],[-67.0055,-72.2459],[-66.9926,-72.2388],[-66.9865,-72.2292],[-66.9682,-72.2127],[-67.0035,-72.2067]]],[[[-67.2064,-68.1286],[-67.25,-68.1297],[-67.2624,-68.1337],[-67.2627,-68.141],[-67.2725,-68.1493],[-67.2713,-68.1549],[-67.2528,-68.1632],[-67.2603,-68.1701],[-67.2307,-68.1769],[-67.2169,-68.1713],[-67.1865,-68.17],[-67.1758,-68.158],[-67.157,-68.1455],[-67.1403,-68.1435],[-67.1375,-68.1374],[-67.165,-68.1301],[-67.1979,-68.1304],[-67.2064,-68.1286]]],[[[-67.6093,-67.3078],[-67.6256,-67.3037],[-67.6626,-67.3156],[-67.6675,-67.3216],[-67.6974,-67.3262],[-67.7132,-67.3248],[-67.7242,-67.3372],[-67.7352,-67.3388],[-67.7361,-67.3492],[-67.7481,-67.3515],[-67.7497,-67.3619],[-67.7409,-67.3633],[-67.7263,-67.3723],[-67.7044,-67.3671],[-67.6834,-67.3551],[-67.6608,-67.3533],[-67.6425,-67.3447],[-67.6302,-67.3264],[-67.6064,-67.3118],[-67.6093,-67.3078]]],[[[-27.2147,-56.6829],[-27.2384,-56.6927],[-27.2484,-56.6942],[-27.2541,-56.7068],[-27.2527,-56.7234],[-27.2348,-56.7264],[-27.2074,-56.7287],[-27.201,-56.7307],[-27.1592,-56.7242],[-27.1319,-56.7113],[-27.1457,-56.6969],[-27.1623,-56.691],[-27.1752,-56.6894],[-27.2038,-56.6829],[-27.2147,-56.6829]]],[[[-65.5783,-65.4584],[-65.5762,-65.4641],[-65.5972,-65.4705],[-65.6092,-65.4666],[-65.6114,-65.4772],[-65.6265,-65.4777],[-65.6391,-65.4828],[-65.6631,-65.487],[-65.674,-65.4934],[-65.7131,-65.4964],[-65.7213,-65.4999],[-65.6864,-65.5113],[-65.6773,-65.5099],[-65.6501,-65.5134],[-65.6516,-65.505],[-65.6315,-65.502],[-65.6206,-65.507],[-65.5914,-65.5049],[-65.5745,-65.4953],[-65.5741,-65.489],[-65.5615,-65.4823],[-65.5289,-65.4761],[-65.534,-65.4659],[-65.5551,-65.4687],[-65.5655,-65.4785],[-65.5845,-65.4776],[-65.5683,-65.4688],[-65.5681,-65.4596],[-65.5783,-65.4584]]],[[[-45.0735,-60.6261],[-45.0812,-60.6321],[-45.0595,-60.6471],[-45.0743,-60.6546],[-45.0643,-60.6612],[-45.0833,-60.6755],[-45.0798,-60.6809],[-45.0816,-60.6922],[-45.0724,-60.7],[-45.053,-60.7048],[-45.0592,-60.7144],[-45.031,-60.7275],[-45.0169,-60.7194],[-45.0143,-60.7133],[-45.0031,-60.7114],[-45.004,-60.7044],[-45.0301,-60.6925],[-45.022,-60.6844],[-45.0426,-60.6753],[-45.0259,-60.6678],[-45.0352,-60.6624],[-45.0272,-60.6561],[-45.0409,-60.6538],[-45.0478,-60.6493],[-45.0483,-60.6331],[-45.0559,-60.629],[-45.0735,-60.6261]]],[[[-59.8424,-63.5423],[-59.8329,-63.5551],[-59.8549,-63.5594],[-59.8664,-63.5579],[-59.8772,-63.5667],[-59.8724,-63.5761],[-59.8768,-63.5815],[-59.8718,-63.5875],[-59.8499,-63.5899],[-59.8356,-63.6002],[-59.8224,-63.6017],[-59.7857,-63.5991],[-59.7933,-63.5885],[-59.7692,-63.583],[-59.8002,-63.5807],[-59.8067,-63.5752],[-59.7934,-63.5732],[-59.7857,-63.5627],[-59.8054,-63.5561],[-59.8145,-63.5571],[-59.8108,-63.5446],[-59.8271,-63.5465],[-59.8424,-63.5423]]],[[[-62.9789,-64.7952],[-63.005,-64.7976],[-63.0219,-64.805],[-63.0277,-64.8122],[-63.0191,-64.8146],[-62.9899,-64.8159],[-62.9708,-64.8225],[-62.9556,-64.8305],[-62.9402,-64.8217],[-62.9102,-64.8265],[-62.8975,-64.831],[-62.8823,-64.8188],[-62.8512,-64.809],[-62.8563,-64.8061],[-62.8832,-64.8039],[-62.9068,-64.8002],[-62.9301,-64.8009],[-62.9641,-64.7953],[-62.9789,-64.7952]]],[[[-59.683,-52.3014],[-59.6931,-52.3073],[-59.6997,-52.3051],[-59.729,-52.3109],[-59.7444,-52.3156],[-59.7501,-52.3083],[-59.7644,-52.3178],[-59.762,-52.3289],[-59.7665,-52.333],[-59.7616,-52.3417],[-59.7666,-52.3452],[-59.78,-52.3444],[-59.7846,-52.3406],[-59.8077,-52.3516],[-59.8168,-52.3601],[-59.802,-52.3657],[-59.7858,-52.3644],[-59.7891,-52.3722],[-59.7858,-52.3778],[-59.7715,-52.3824],[-59.76,-52.3833],[-59.7425,-52.3716],[-59.7433,-52.3587],[-59.7539,-52.3507],[-59.7371,-52.3438],[-59.733,-52.3362],[-59.7212,-52.3356],[-59.7182,-52.3302],[-59.7212,-52.3212],[-59.7144,-52.3152],[-59.6986,-52.317],[-59.6896,-52.3153],[-59.683,-52.3014]]],[[[-65.8945,-65.8742],[-65.9279,-65.8771],[-65.9346,-65.8882],[-65.958,-65.891],[-65.9773,-65.8908],[-65.9908,-65.8962],[-66.0068,-65.912],[-65.9963,-65.9162],[-66.0123,-65.9207],[-66.0382,-65.9209],[-66.0313,-65.9272],[-65.9873,-65.9273],[-65.9579,-65.9217],[-65.9451,-65.9234],[-65.9316,-65.9112],[-65.9177,-65.9046],[-65.8951,-65.8976],[-65.889,-65.8934],[-65.906,-65.8829],[-65.8945,-65.8742]]],[[[-71.7287,-73.1773],[-71.7753,-73.1798],[-71.802,-73.1787],[-71.8064,-73.1849],[-71.789,-73.1965],[-71.7575,-73.2012],[-71.7346,-73.2118],[-71.7038,-73.2166],[-71.6528,-73.2159],[-71.645,-73.2115],[-71.6769,-73.2065],[-71.6999,-73.1969],[-71.6913,-73.1929],[-71.6912,-73.1797],[-71.7014,-73.176],[-71.7287,-73.1773]]],[[[-61.5554,-64.3476],[-61.5648,-64.3598],[-61.5783,-64.3599],[-61.5861,-64.3651],[-61.5995,-64.3571],[-61.6109,-64.3551],[-61.626,-64.3609],[-61.621,-64.3669],[-61.6042,-64.3699],[-61.5937,-64.3794],[-61.6003,-64.3874],[-61.5946,-64.3902],[-61.5712,-64.3913],[-61.5614,-64.3987],[-61.5393,-64.3959],[-61.5266,-64.3888],[-61.4961,-64.395],[-61.4857,-64.384],[-61.4924,-64.3783],[-61.5131,-64.37],[-61.5306,-64.3667],[-61.5496,-64.3601],[-61.546,-64.3534],[-61.5554,-64.3476]]],[[[-67.0117,-67.6461],[-67.0395,-67.6508],[-67.0389,-67.6575],[-67.0587,-67.6727],[-67.073,-67.6781],[-67.0973,-67.6814],[-67.1257,-67.6904],[-67.1543,-67.7045],[-67.1726,-67.7195],[-67.1764,-67.7283],[-67.1628,-67.7301],[-67.1365,-67.7251],[-67.1345,-67.7175],[-67.0993,-67.7039],[-67.0932,-67.6999],[-67.0628,-67.6934],[-67.0505,-67.6871],[-67.0433,-67.6781],[-67.0246,-67.671],[-67.0102,-67.6597],[-67.0057,-67.6524],[-67.0117,-67.6461]]],[[[-55.6474,-61.463],[-55.6685,-61.4633],[-55.676,-61.4688],[-55.6989,-61.4732],[-55.6955,-61.483],[-55.6381,-61.4834],[-55.6247,-61.4793],[-55.6031,-61.4809],[-55.5928,-61.4746],[-55.5817,-61.4729],[-55.5725,-61.4788],[-55.5555,-61.4771],[-55.5481,-61.4867],[-55.5375,-61.4862],[-55.5175,-61.4811],[-55.5073,-61.4843],[-55.4923,-61.4794],[-55.4842,-61.4856],[-55.4631,-61.4876],[-55.4686,-61.4982],[-55.4502,-61.4945],[-55.4495,-61.489],[-55.4681,-61.4799],[-55.5043,-61.4761],[-55.5216,-61.4721],[-55.5428,-61.4639],[-55.5779,-61.4694],[-55.6058,-61.4637],[-55.6302,-61.4648],[-55.6474,-61.463]]],[[[-67.5107,-54.8773],[-67.5247,-54.8835],[-67.5403,-54.8798],[-67.5361,-54.9019],[-67.5194,-54.9079],[-67.4958,-54.9122],[-67.483,-54.916],[-67.4827,-54.9076],[-67.4604,-54.9015],[-67.4253,-54.9106],[-67.414,-54.9119],[-67.4166,-54.904],[-67.4082,-54.8987],[-67.4127,-54.894],[-67.4327,-54.8893],[-67.4524,-54.8785],[-67.4716,-54.8844],[-67.4843,-54.8793],[-67.5107,-54.8773]]],[[[-60.2013,-65.0771],[-60.233,-65.0631],[-60.229,-65.0568],[-60.2632,-65.0518],[-60.2777,-65.0468],[-60.3065,-65.0486],[-60.3136,-65.0576],[-60.298,-65.0781],[-60.2757,-65.0807],[-60.2609,-65.0875],[-60.2289,-65.0918],[-60.2076,-65.0883],[-60.1937,-65.0817],[-60.2013,-65.0771]]],[[[-27.2014,-59.4214],[-27.2239,-59.4228],[-27.2336,-59.4304],[-27.2321,-59.4427],[-27.2449,-59.4505],[-27.2101,-59.4542],[-27.1864,-59.4592],[-27.1639,-59.4615],[-27.1423,-59.4571],[-27.1352,-59.4458],[-27.1424,-59.4277],[-27.151,-59.4284],[-27.2014,-59.4214]]],[[[-45.6251,-60.6719],[-45.6363,-60.6811],[-45.6513,-60.7008],[-45.6695,-60.7126],[-45.6625,-60.725],[-45.6598,-60.7358],[-45.6368,-60.7366],[-45.6343,-60.7311],[-45.6096,-60.7266],[-45.591,-60.7257],[-45.6058,-60.7062],[-45.6081,-60.7002],[-45.6016,-60.6911],[-45.6109,-60.6854],[-45.6117,-60.6758],[-45.6251,-60.6719]]],[[[-63.5744,-64.8329],[-63.5862,-64.8552],[-63.6005,-64.855],[-63.6111,-64.8447],[-63.62,-64.8502],[-63.6284,-64.8643],[-63.6047,-64.8692],[-63.5922,-64.8627],[-63.5831,-64.8648],[-63.5576,-64.8634],[-63.543,-64.8708],[-63.4902,-64.8463],[-63.4949,-64.8378],[-63.5195,-64.8365],[-63.5474,-64.8437],[-63.5566,-64.8413],[-63.5647,-64.8337],[-63.5744,-64.8329]]],[[[-58.8253,-52.1557],[-58.8243,-52.1509],[-58.8372,-52.144],[-58.8425,-52.1506],[-58.8434,-52.1622],[-58.8508,-52.1682],[-58.855,-52.1765],[-58.8526,-52.2071],[-58.8566,-52.2142],[-58.8686,-52.2109],[-58.8756,-52.2127],[-58.8877,-52.2218],[-58.8943,-52.2161],[-58.9188,-52.2206],[-58.9201,-52.2273],[-58.9406,-52.233],[-58.9469,-52.2275],[-58.9597,-52.2358],[-58.9724,-52.2351],[-58.9732,-52.2269],[-58.9868,-52.2222],[-58.997,-52.225],[-58.9907,-52.232],[-58.9936,-52.2376],[-59.0056,-52.2432],[-58.9955,-52.2468],[-58.9866,-52.2411],[-58.9661,-52.2445],[-58.9462,-52.2403],[-58.9295,-52.2399],[-58.9246,-52.2362],[-58.9006,-52.2312],[-58.8872,-52.2308],[-58.879,-52.2236],[-58.8663,-52.2261],[-58.8571,-52.2205],[-58.8471,-52.2108],[-58.8354,-52.2107],[-58.8263,-52.1992],[-58.8384,-52.1921],[-58.8457,-52.1833],[-58.841,-52.1626],[-58.8312,-52.1622],[-58.8253,-52.1557]]],[[[-60.1938,-66.9043],[-60.1796,-66.8914],[-60.1603,-66.8823],[-60.1497,-66.8733],[-60.1331,-66.8644],[-60.0864,-66.8493],[-60.0916,-66.8413],[-60.1089,-66.8383],[-60.1207,-66.841],[-60.17,-66.8594],[-60.2162,-66.8867],[-60.2208,-66.8996],[-60.2143,-66.9031],[-60.1938,-66.9043]]],[[[-61.2597,-51.6767],[-61.2675,-51.6768],[-61.265,-51.6919],[-61.2775,-51.6955],[-61.2894,-51.6928],[-61.3253,-51.7003],[-61.3148,-51.709],[-61.3163,-51.7148],[-61.3092,-51.7244],[-61.3103,-51.7392],[-61.3174,-51.7422],[-61.3114,-51.7531],[-61.2979,-51.7633],[-61.2815,-51.7604],[-61.2853,-51.7523],[-61.2752,-51.7453],[-61.3047,-51.7398],[-61.2961,-51.7304],[-61.3005,-51.7219],[-61.2872,-51.724],[-61.2796,-51.7205],[-61.2934,-51.7123],[-61.2935,-51.7065],[-61.2699,-51.6985],[-61.2641,-51.7061],[-61.2509,-51.7074],[-61.2471,-51.7019],[-61.2328,-51.7015],[-61.2224,-51.705],[-61.2136,-51.7043],[-61.2116,-51.6901],[-61.2236,-51.6964],[-61.2397,-51.6892],[-61.254,-51.6884],[-61.2545,-51.68],[-61.2597,-51.6767]]],[[[-73.7296,-73.3691],[-73.7252,-73.3596],[-73.7817,-73.3524],[-73.7993,-73.3621],[-73.8121,-73.3778],[-73.8342,-73.3894],[-73.7929,-73.4016],[-73.7596,-73.3844],[-73.7395,-73.3691],[-73.7296,-73.3691]]],[[[-71.2167,-73.0508],[-71.2492,-73.0515],[-71.2814,-73.0605],[-71.2974,-73.0678],[-71.3144,-73.0681],[-71.2975,-73.0827],[-71.2563,-73.0824],[-71.2184,-73.0783],[-71.1941,-73.073],[-71.1909,-73.0601],[-71.2167,-73.0508]]],[[[-57.5543,-64.4287],[-57.5806,-64.429],[-57.6167,-64.4319],[-57.6332,-64.4404],[-57.6477,-64.4433],[-57.6552,-64.4507],[-57.6376,-64.4618],[-57.6095,-64.4651],[-57.5852,-64.4607],[-57.5788,-64.455],[-57.5644,-64.4516],[-57.5474,-64.4443],[-57.5432,-64.4394],[-57.5543,-64.4287]]],[[[-27.3436,-59.4123],[-27.3543,-59.4134],[-27.378,-59.4208],[-27.3927,-59.4293],[-27.4078,-59.4316],[-27.4153,-59.4411],[-27.3792,-59.4568],[-27.3492,-59.4584],[-27.3375,-59.4622],[-27.3237,-59.4563],[-27.308,-59.461],[-27.2994,-59.4568],[-27.3227,-59.4538],[-27.3447,-59.4422],[-27.3449,-59.4323],[-27.3382,-59.429],[-27.3354,-59.4186],[-27.3436,-59.4123]]],[[[-60.0759,-65.0095],[-60.0832,-65.0107],[-60.0975,-65.0221],[-60.0937,-65.037],[-60.0843,-65.0451],[-60.0513,-65.0496],[-60.0326,-65.0437],[-60.0294,-65.0369],[-60.0134,-65.0286],[-60.014,-65.0175],[-60.0383,-65.011],[-60.0759,-65.0095]]],[[[-59.7504,-51.3202],[-59.758,-51.332],[-59.7652,-51.3259],[-59.7729,-51.3299],[-59.7746,-51.3358],[-59.7585,-51.3495],[-59.7686,-51.349],[-59.7722,-51.3436],[-59.787,-51.3451],[-59.7953,-51.3503],[-59.8073,-51.3502],[-59.8233,-51.3618],[-59.8104,-51.3632],[-59.8016,-51.3679],[-59.795,-51.3624],[-59.7942,-51.3554],[-59.7783,-51.3543],[-59.7673,-51.3623],[-59.7519,-51.363],[-59.7597,-51.3702],[-59.7474,-51.3734],[-59.7356,-51.3608],[-59.7015,-51.3603],[-59.7207,-51.3471],[-59.745,-51.3363],[-59.7423,-51.3313],[-59.7454,-51.3212],[-59.7504,-51.3202]]],[[[-61.8228,-63.9572],[-61.8431,-63.9607],[-61.8251,-63.9661],[-61.8329,-63.9819],[-61.8778,-63.9865],[-61.9258,-63.9871],[-61.947,-63.9923],[-61.9389,-64],[-61.8389,-64],[-61.8206,-63.9878],[-61.8229,-63.9819],[-61.7937,-63.9747],[-61.803,-63.97],[-61.8028,-63.9636],[-61.8228,-63.9572]]],[[[-60.5968,-51.2474],[-60.595,-51.2507],[-60.6021,-51.2618],[-60.5989,-51.2687],[-60.6025,-51.2732],[-60.5936,-51.2791],[-60.5837,-51.29],[-60.569,-51.2968],[-60.5582,-51.2981],[-60.5565,-51.2927],[-60.5469,-51.2925],[-60.5321,-51.2991],[-60.5284,-51.306],[-60.5212,-51.3091],[-60.5096,-51.3056],[-60.5182,-51.2923],[-60.5294,-51.2834],[-60.546,-51.2783],[-60.5641,-51.2631],[-60.5735,-51.2585],[-60.5826,-51.2499],[-60.5968,-51.2474]]],[[[-65.7719,-65.9443],[-65.7864,-65.9489],[-65.7758,-65.9553],[-65.772,-65.9638],[-65.7936,-65.9787],[-65.7989,-65.9868],[-65.7938,-66.0002],[-65.7834,-65.9954],[-65.7705,-65.9996],[-65.7565,-65.9971],[-65.7324,-65.987],[-65.7385,-65.9642],[-65.7449,-65.9526],[-65.7611,-65.9444],[-65.7719,-65.9443]]],[[[-71.0965,-70.924],[-71.138,-70.9251],[-71.124,-70.9309],[-71.1302,-70.9373],[-71.1064,-70.9464],[-71.1141,-70.9525],[-71.0963,-70.9593],[-71.0753,-70.9578],[-71.0401,-70.9465],[-71.0348,-70.9404],[-71.0387,-70.9315],[-71.0532,-70.9333],[-71.0899,-70.9273],[-71.0965,-70.924]]],[[[-58.6775,-63.2884],[-58.6741,-63.2953],[-58.7058,-63.3031],[-58.7263,-63.3022],[-58.7469,-63.3105],[-58.7055,-63.3206],[-58.6988,-63.3358],[-58.673,-63.3335],[-58.6533,-63.3288],[-58.6521,-63.3194],[-58.6648,-63.2991],[-58.6775,-63.2884]]],[[[-67.201,-66.3691],[-67.2326,-66.3747],[-67.2283,-66.3811],[-67.2359,-66.3912],[-67.2571,-66.3939],[-67.2737,-66.4061],[-67.2627,-66.4119],[-67.2446,-66.4056],[-67.2362,-66.4109],[-67.2137,-66.4072],[-67.1919,-66.3978],[-67.1894,-66.3916],[-67.1747,-66.3861],[-67.1922,-66.3708],[-67.201,-66.3691]]],[[[-63.9401,-65.0441],[-63.9528,-65.0454],[-63.9686,-65.0522],[-63.9662,-65.0642],[-63.9743,-65.0698],[-64.0286,-65.0677],[-64.0151,-65.0727],[-64.0182,-65.085],[-64.0167,-65.0953],[-64.0238,-65.0993],[-64.022,-65.1077],[-64.003,-65.1094],[-63.9867,-65.0989],[-63.9723,-65.0848],[-63.9711,-65.0732],[-63.9645,-65.0727],[-63.951,-65.059],[-63.9356,-65.0502],[-63.9401,-65.0441]]],[[[-60.8708,-51.9679],[-60.8832,-51.9647],[-60.8816,-51.9728],[-60.8894,-51.9804],[-60.9078,-51.981],[-60.9087,-51.9896],[-60.935,-51.9903],[-60.9504,-51.9951],[-60.9359,-52],[-60.9259,-51.9944],[-60.9167,-52.004],[-60.9056,-52.0077],[-60.8815,-52.0077],[-60.8614,-52.0134],[-60.8529,-52.0139],[-60.8473,-52.0039],[-60.8623,-52.0072],[-60.8597,-52.0001],[-60.8706,-52.0004],[-60.8552,-51.985],[-60.863,-51.9686],[-60.8708,-51.9679]]],[[[-57.5162,-63.6954],[-57.5569,-63.7041],[-57.5754,-63.7058],[-57.5871,-63.7094],[-57.5951,-63.717],[-57.5899,-63.7226],[-57.5744,-63.7215],[-57.5491,-63.7258],[-57.5159,-63.7252],[-57.4931,-63.7174],[-57.4891,-63.7124],[-57.5162,-63.6954]]],[[[-64.4201,-65.5216],[-64.4152,-65.5376],[-64.4039,-65.5466],[-64.3895,-65.5457],[-64.3865,-65.5569],[-64.375,-65.5552],[-64.356,-65.559],[-64.3324,-65.5534],[-64.3197,-65.5462],[-64.3353,-65.5335],[-64.3477,-65.5391],[-64.3587,-65.5372],[-64.3632,-65.5311],[-64.4006,-65.5291],[-64.4201,-65.5216]]],[[[-71.2065,-70.8524],[-71.2277,-70.8514],[-71.2531,-70.8544],[-71.2942,-70.8626],[-71.3035,-70.8737],[-71.2791,-70.8774],[-71.243,-70.8756],[-71.2081,-70.869],[-71.1958,-70.8621],[-71.1655,-70.8622],[-71.1697,-70.8576],[-71.2065,-70.8524]]],[[[-71.128,-72.9865],[-71.1887,-72.9785],[-71.2075,-72.9851],[-71.2343,-72.9883],[-71.2165,-72.9969],[-71.159,-72.9997],[-71.1464,-73.0039],[-71.1127,-73.0039],[-71.0967,-72.9957],[-71.128,-72.9865]]],[[[-64.5334,-65.6024],[-64.5386,-65.6059],[-64.5569,-65.6057],[-64.5639,-65.6232],[-64.5496,-65.6312],[-64.5463,-65.6495],[-64.5417,-65.6555],[-64.5261,-65.6512],[-64.4981,-65.6475],[-64.5002,-65.635],[-64.5266,-65.6214],[-64.5334,-65.6024]]],[[[-61.1247,-51.0222],[-61.1271,-51.0293],[-61.1237,-51.0374],[-61.1095,-51.0494],[-61.1317,-51.0589],[-61.1272,-51.0676],[-61.1086,-51.0669],[-61.0971,-51.0693],[-61.095,-51.0758],[-61.0678,-51.0803],[-61.0648,-51.076],[-61.0459,-51.0779],[-61.0592,-51.0667],[-61.0678,-51.0673],[-61.0758,-51.0604],[-61.0775,-51.0517],[-61.0918,-51.0448],[-61.0908,-51.0348],[-61.1051,-51.0296],[-61.1136,-51.0301],[-61.116,-51.0244],[-61.1247,-51.0222]]],[[[-60.0911,-65.1041],[-60.1025,-65.0968],[-60.1295,-65.0937],[-60.1211,-65.1076],[-60.0997,-65.1125],[-60.0737,-65.1137],[-60.0641,-65.121],[-60.0402,-65.1249],[-60.0117,-65.1156],[-60.0028,-65.1062],[-60.0227,-65.0972],[-60.0331,-65.0955],[-60.057,-65.1028],[-60.0781,-65.1054],[-60.0911,-65.1041]]],[[[-62.0017,-64.2357],[-62.0317,-64.2457],[-62.0706,-64.262],[-62.0982,-64.2759],[-62.1014,-64.2835],[-62.0732,-64.2819],[-62.0636,-64.285],[-62.0196,-64.2643],[-62.007,-64.2545],[-61.9951,-64.2412],[-62.0017,-64.2357]]],[[[-56.691,-63.5274],[-56.7281,-63.5331],[-56.7287,-63.5465],[-56.7072,-63.5556],[-56.6646,-63.5562],[-56.648,-63.5518],[-56.6474,-63.5385],[-56.6683,-63.5295],[-56.691,-63.5274]]],[[[-61.2952,-62.6136],[-61.3021,-62.6173],[-61.2984,-62.6287],[-61.288,-62.642],[-61.2687,-62.6434],[-61.2607,-62.6409],[-61.2188,-62.6358],[-61.2049,-62.6391],[-61.1931,-62.638],[-61.1888,-62.6319],[-61.2024,-62.6232],[-61.2179,-62.6227],[-61.2294,-62.6193],[-61.2828,-62.6203],[-61.2952,-62.6136]]],[[[-37.0945,-54.4738],[-37.105,-54.4784],[-37.1135,-54.4776],[-37.1123,-54.4864],[-37.1171,-54.4906],[-37.0992,-54.4935],[-37.0972,-54.4975],[-37.0847,-54.4981],[-37.0869,-54.5133],[-37.0792,-54.5106],[-37.0517,-54.5059],[-37.0267,-54.5003],[-37.0492,-54.4867],[-37.074,-54.4792],[-37.0834,-54.4739],[-37.0945,-54.4738]]],[[[-66.9214,-67.7937],[-66.9227,-67.797],[-66.9907,-67.8122],[-67.0021,-67.8158],[-66.9964,-67.825],[-66.974,-67.8329],[-66.9492,-67.827],[-66.9463,-67.8207],[-66.9234,-67.8119],[-66.9004,-67.7994],[-66.9214,-67.7937]]],[[[-59.5566,-51.7812],[-59.5567,-51.7759],[-59.5446,-51.7628],[-59.5491,-51.76],[-59.5613,-51.7705],[-59.5752,-51.7784],[-59.5789,-51.7833],[-59.5895,-51.7817],[-59.5953,-51.7873],[-59.6078,-51.784],[-59.6258,-51.7902],[-59.6304,-51.7976],[-59.6245,-51.8094],[-59.5938,-51.8047],[-59.5779,-51.8039],[-59.5709,-51.8013],[-59.5592,-51.8061],[-59.5546,-51.7962],[-59.5566,-51.7812]]],[[[-60.7311,-51.3261],[-60.7359,-51.3356],[-60.7276,-51.3441],[-60.7153,-51.351],[-60.7141,-51.3654],[-60.7175,-51.3694],[-60.709,-51.3795],[-60.7,-51.38],[-60.6858,-51.3736],[-60.6801,-51.3621],[-60.664,-51.3527],[-60.6783,-51.3475],[-60.6997,-51.3339],[-60.7083,-51.3338],[-60.7311,-51.3261]]],[[[-59.5498,-65.1114],[-59.5138,-65.1007],[-59.5117,-65.0963],[-59.5419,-65.0811],[-59.5553,-65.0767],[-59.5757,-65.0791],[-59.5724,-65.0856],[-59.5816,-65.0923],[-59.5809,-65.106],[-59.5677,-65.1117],[-59.5498,-65.1114]]],[[[-68.4906,-69.1951],[-68.5019,-69.1973],[-68.5379,-69.1976],[-68.5399,-69.2061],[-68.5101,-69.2111],[-68.494,-69.2182],[-68.4832,-69.2322],[-68.4625,-69.2286],[-68.4685,-69.2137],[-68.4551,-69.2092],[-68.4612,-69.1997],[-68.4705,-69.1959],[-68.4906,-69.1951]]],[[[-59.9859,-65.1531],[-60.0032,-65.1458],[-60.0183,-65.1467],[-60.0291,-65.1517],[-60.0122,-65.1624],[-59.9778,-65.1663],[-59.9638,-65.1702],[-59.9517,-65.1775],[-59.936,-65.1792],[-59.9172,-65.1723],[-59.9165,-65.1642],[-59.9257,-65.1594],[-59.9653,-65.1576],[-59.9859,-65.1531]]],[[[-63.6702,-66.5167],[-63.7061,-66.5187],[-63.7091,-66.5269],[-63.6937,-66.5325],[-63.6724,-66.5445],[-63.6604,-66.5471],[-63.6402,-66.543],[-63.6344,-66.5355],[-63.6464,-66.5209],[-63.6702,-66.5167]]],[[[-71.1484,-70.9373],[-71.1684,-70.9401],[-71.168,-70.9466],[-71.1802,-70.9578],[-71.1953,-70.9651],[-71.1429,-70.9681],[-71.1143,-70.9635],[-71.1083,-70.9575],[-71.1301,-70.9432],[-71.1484,-70.9373]]],[[[-72.7728,-71.3389],[-72.7871,-71.3385],[-72.8158,-71.3493],[-72.7949,-71.3571],[-72.7532,-71.3634],[-72.7275,-71.357],[-72.7168,-71.3472],[-72.7269,-71.3429],[-72.7728,-71.3389]]],[[[-65.2243,-65.644],[-65.2293,-65.6465],[-65.2381,-65.6651],[-65.2306,-65.6718],[-65.2395,-65.683],[-65.2244,-65.6836],[-65.2098,-65.6772],[-65.1923,-65.6776],[-65.1872,-65.6841],[-65.1646,-65.6856],[-65.1655,-65.6763],[-65.1958,-65.6635],[-65.1875,-65.659],[-65.1968,-65.6531],[-65.2209,-65.6509],[-65.2243,-65.644]]],[[[-62.8496,-64.3924],[-62.8577,-64.3956],[-62.8948,-64.4],[-62.9063,-64.4031],[-62.9141,-64.4115],[-62.8925,-64.4093],[-62.8539,-64.4206],[-62.8377,-64.4131],[-62.83,-64.406],[-62.8127,-64.4049],[-62.8023,-64.3972],[-62.8067,-64.3938],[-62.8341,-64.3964],[-62.8496,-64.3924]]],[[[-59.6919,-51.9359],[-59.697,-51.9341],[-59.7105,-51.9379],[-59.7149,-51.942],[-59.7166,-51.9516],[-59.709,-51.9637],[-59.7244,-51.975],[-59.7197,-51.9798],[-59.7066,-51.9766],[-59.6985,-51.9801],[-59.6961,-51.9875],[-59.6818,-51.9871],[-59.672,-51.9839],[-59.6667,-51.9751],[-59.6836,-51.962],[-59.7014,-51.9598],[-59.6983,-51.9531],[-59.6814,-51.9449],[-59.6919,-51.9359]]],[[[-68.3081,-69.2271],[-68.3348,-69.2373],[-68.3347,-69.2418],[-68.3186,-69.2488],[-68.2919,-69.2515],[-68.2594,-69.251],[-68.2562,-69.2352],[-68.2615,-69.2309],[-68.2904,-69.2269],[-68.3081,-69.2271]]],[[[-27.5774,-56.2795],[-27.5906,-56.2823],[-27.5916,-56.2879],[-27.6044,-56.2884],[-27.5921,-56.3146],[-27.5768,-56.3192],[-27.562,-56.3084],[-27.5534,-56.3077],[-27.5432,-56.3006],[-27.5489,-56.2935],[-27.5624,-56.2833],[-27.5774,-56.2795]]],[[[-59.6641,-52.3561],[-59.6703,-52.3654],[-59.6859,-52.368],[-59.688,-52.3738],[-59.7009,-52.367],[-59.7166,-52.3682],[-59.7393,-52.382],[-59.7423,-52.3872],[-59.7334,-52.3932],[-59.7208,-52.392],[-59.698,-52.3962],[-59.6908,-52.3888],[-59.6915,-52.3807],[-59.6854,-52.3764],[-59.6682,-52.3729],[-59.6513,-52.3716],[-59.6469,-52.3678],[-59.6609,-52.3635],[-59.6641,-52.3561]]],[[[-66.8343,-67.2069],[-66.8514,-67.2135],[-66.8446,-67.2168],[-66.8841,-67.2294],[-66.8889,-67.2383],[-66.8622,-67.2464],[-66.8463,-67.2457],[-66.8304,-67.2417],[-66.8143,-67.2332],[-66.8295,-67.228],[-66.8378,-67.2176],[-66.8298,-67.2129],[-66.8343,-67.2069]]],[[[-26.743,-57.0731],[-26.7537,-57.0865],[-26.7403,-57.0905],[-26.7322,-57.0963],[-26.7232,-57.1117],[-26.7176,-57.1092],[-26.6952,-57.1098],[-26.69,-57.1031],[-26.692,-57.0924],[-26.7052,-57.0775],[-26.7202,-57.0821],[-26.743,-57.0731]]],[[[-57.3641,-63.6036],[-57.3773,-63.6044],[-57.3887,-63.6102],[-57.4044,-63.614],[-57.3956,-63.6186],[-57.3733,-63.6156],[-57.3597,-63.617],[-57.3305,-63.6145],[-57.3061,-63.6334],[-57.2996,-63.6493],[-57.2867,-63.6458],[-57.2833,-63.6335],[-57.2969,-63.622],[-57.3195,-63.6101],[-57.3354,-63.6058],[-57.3631,-63.6101],[-57.3641,-63.6036]]],[[[-61.4007,-63.9112],[-61.4066,-63.918],[-61.436,-63.927],[-61.4363,-63.9334],[-61.4544,-63.9342],[-61.4555,-63.9385],[-61.4714,-63.9397],[-61.4903,-63.9514],[-61.4705,-63.9498],[-61.4428,-63.9534],[-61.4305,-63.949],[-61.4218,-63.9412],[-61.4076,-63.9347],[-61.4032,-63.9234],[-61.3924,-63.9131],[-61.4007,-63.9112]]],[[[-67.1648,-66.2398],[-67.1768,-66.242],[-67.1802,-66.2526],[-67.1894,-66.2569],[-67.1855,-66.2637],[-67.1955,-66.2699],[-67.1709,-66.2769],[-67.1404,-66.2763],[-67.1291,-66.2636],[-67.1659,-66.2544],[-67.1562,-66.249],[-67.1648,-66.2398]]],[[[-59.0763,-52.4212],[-59.0822,-52.4233],[-59.1065,-52.4236],[-59.1093,-52.4277],[-59.1294,-52.428],[-59.1525,-52.4376],[-59.1477,-52.4426],[-59.1347,-52.4437],[-59.1237,-52.4495],[-59.1121,-52.4466],[-59.1054,-52.4384],[-59.0941,-52.4408],[-59.0891,-52.4365],[-59.0733,-52.4313],[-59.0518,-52.4293],[-59.0682,-52.4209],[-59.0763,-52.4212]]],[[[-72.5004,-71.0231],[-72.5325,-71.024],[-72.5421,-71.028],[-72.5348,-71.0389],[-72.499,-71.0456],[-72.4805,-71.0527],[-72.4594,-71.049],[-72.4636,-71.0419],[-72.4871,-71.0334],[-72.5004,-71.0231]]],[[[-60.7442,-64.9247],[-60.7852,-64.933],[-60.8068,-64.9345],[-60.8227,-64.9441],[-60.8104,-64.9495],[-60.7844,-64.9437],[-60.7428,-64.9432],[-60.7113,-64.9362],[-60.7146,-64.9318],[-60.7322,-64.9327],[-60.7442,-64.9247]]],[[[-66.975,-66.893],[-66.9934,-66.8981],[-67.0013,-66.9071],[-66.9963,-66.9208],[-66.982,-66.9217],[-66.9343,-66.9145],[-66.9566,-66.8966],[-66.975,-66.893]]],[[[-65.4589,-65.426],[-65.4654,-65.4328],[-65.4773,-65.4341],[-65.4826,-65.4396],[-65.4817,-65.4485],[-65.5066,-65.45],[-65.5056,-65.46],[-65.4657,-65.4608],[-65.4549,-65.4589],[-65.4251,-65.4593],[-65.4341,-65.4526],[-65.4483,-65.4543],[-65.4641,-65.4449],[-65.4497,-65.4387],[-65.4413,-65.4296],[-65.4589,-65.426]]],[[[-66.6838,-66.8735],[-66.7094,-66.877],[-66.719,-66.8869],[-66.7118,-66.8922],[-66.6852,-66.8956],[-66.6676,-66.8949],[-66.6498,-66.8909],[-66.643,-66.8833],[-66.6482,-66.878],[-66.6838,-66.8735]]],[[[-61.2572,-51.0107],[-61.2504,-51.0281],[-61.2383,-51.0299],[-61.2305,-51.0382],[-61.2238,-51.0397],[-61.2134,-51.0361],[-61.2096,-51.0466],[-61.1932,-51.0564],[-61.1753,-51.0594],[-61.1678,-51.0515],[-61.1914,-51.0398],[-61.205,-51.038],[-61.2268,-51.0184],[-61.2326,-51.0189],[-61.2435,-51.0133],[-61.2572,-51.0107]]],[[[-59.7179,-51.3891],[-59.7268,-51.3894],[-59.7342,-51.4031],[-59.7285,-51.4093],[-59.7248,-51.4221],[-59.7112,-51.4202],[-59.6863,-51.4097],[-59.6849,-51.3983],[-59.696,-51.3916],[-59.7179,-51.3891]]],[[[-71.6026,-73.2135],[-71.6179,-73.2129],[-71.6531,-73.2235],[-71.6408,-73.231],[-71.5925,-73.2363],[-71.5861,-73.2177],[-71.6026,-73.2135]]],[[[-61.0115,-64.1774],[-61.0303,-64.1815],[-61.0363,-64.1879],[-61.0491,-64.1911],[-61.042,-64.1979],[-61.0433,-64.2038],[-60.9927,-64.2025],[-60.9828,-64.1969],[-61.0115,-64.1774]]],[[[-68.3611,-67.7207],[-68.3898,-67.7238],[-68.412,-67.7241],[-68.422,-67.7318],[-68.4216,-67.7375],[-68.4046,-67.7399],[-68.3647,-67.7377],[-68.3515,-67.7353],[-68.3421,-67.7278],[-68.3468,-67.7222],[-68.3611,-67.7207]]],[[[-64.0702,-65.1077],[-64.0853,-65.1112],[-64.0866,-65.1177],[-64.1021,-65.1254],[-64.1281,-65.1297],[-64.1209,-65.1399],[-64.1046,-65.1449],[-64.0649,-65.1243],[-64.0702,-65.1077]]],[[[-65.1536,-65.6951],[-65.1451,-65.7064],[-65.1334,-65.713],[-65.151,-65.7202],[-65.1362,-65.724],[-65.1071,-65.723],[-65.0912,-65.7308],[-65.0831,-65.7217],[-65.0998,-65.7187],[-65.0966,-65.713],[-65.1121,-65.7045],[-65.1332,-65.7014],[-65.1398,-65.6962],[-65.1536,-65.6951]]],[[[-67.798,-66.9548],[-67.8045,-66.9591],[-67.7916,-66.967],[-67.7371,-66.981],[-67.7102,-66.9786],[-67.7146,-66.9609],[-67.7271,-66.9656],[-67.747,-66.9652],[-67.7548,-66.96],[-67.7735,-66.9625],[-67.7929,-66.9618],[-67.798,-66.9548]]],[[[-60.7002,-51.6037],[-60.6987,-51.6127],[-60.6902,-51.6201],[-60.6881,-51.643],[-60.6892,-51.6591],[-60.6941,-51.6675],[-60.6828,-51.6762],[-60.6662,-51.6678],[-60.6614,-51.6554],[-60.6704,-51.6517],[-60.6786,-51.6388],[-60.6822,-51.6244],[-60.6785,-51.6201],[-60.6885,-51.6085],[-60.7002,-51.6037]]],[[[-60.8089,-51.5675],[-60.8172,-51.568],[-60.819,-51.5742],[-60.8004,-51.583],[-60.7393,-51.586],[-60.7342,-51.5824],[-60.7618,-51.5712],[-60.7752,-51.5697],[-60.786,-51.5725],[-60.7936,-51.569],[-60.8089,-51.5675]]],[[[-60.3072,-65.0303],[-60.287,-65.0225],[-60.2908,-65.0087],[-60.3091,-65.0062],[-60.3245,-65.0083],[-60.3365,-65.0158],[-60.3318,-65.0272],[-60.3072,-65.0303]]],[[[-60.3916,-65.0736],[-60.3958,-65.0584],[-60.4104,-65.0568],[-60.4239,-65.0627],[-60.4311,-65.0702],[-60.4257,-65.0821],[-60.4144,-65.0843],[-60.394,-65.0834],[-60.3835,-65.0781],[-60.3916,-65.0736]]],[[[-62.0478,-64.6241],[-62.0706,-64.6352],[-62.0744,-64.6407],[-62.0689,-64.6489],[-62.0474,-64.6545],[-62.0247,-64.6506],[-62.0461,-64.6462],[-62.0379,-64.6371],[-62.0404,-64.6331],[-62.0267,-64.6276],[-62.0478,-64.6241]]],[[[-64.8857,-65.8751],[-64.9156,-65.8894],[-64.8998,-65.8904],[-64.8849,-65.8996],[-64.8555,-65.9068],[-64.8481,-65.899],[-64.865,-65.8893],[-64.8816,-65.8899],[-64.889,-65.8835],[-64.8857,-65.8751]]],[[[-68.4268,-69.1462],[-68.4591,-69.1468],[-68.4913,-69.1528],[-68.4799,-69.1612],[-68.4568,-69.163],[-68.4274,-69.1535],[-68.4268,-69.1462]]],[[[-67.0221,-68.1957],[-67.05,-68.1989],[-67.0671,-68.2051],[-67.0415,-68.2127],[-67.0126,-68.2116],[-66.9938,-68.2025],[-67.0088,-68.1966],[-67.0221,-68.1957]]],[[[-65.7427,-66.1143],[-65.7576,-66.125],[-65.7462,-66.1301],[-65.7248,-66.1271],[-65.7086,-66.132],[-65.6925,-66.1301],[-65.6808,-66.1254],[-65.6947,-66.1208],[-65.7171,-66.1239],[-65.7427,-66.1143]]],[[[-59.7283,-52.0905],[-59.7256,-52.0806],[-59.7202,-52.0741],[-59.7235,-52.0664],[-59.7142,-52.0547],[-59.7188,-52.0497],[-59.7388,-52.0594],[-59.7427,-52.0652],[-59.7401,-52.0735],[-59.7482,-52.0775],[-59.7496,-52.0866],[-59.7455,-52.0913],[-59.7313,-52.0939],[-59.7283,-52.0905]]],[[[-65.9178,-66.3743],[-65.9356,-66.386],[-65.9722,-66.3864],[-65.9584,-66.3971],[-65.9261,-66.3973],[-65.9262,-66.3935],[-65.9036,-66.3882],[-65.9023,-66.3828],[-65.9178,-66.3743]]],[[[-65.5206,-65.4774],[-65.5414,-65.4819],[-65.5573,-65.4913],[-65.5502,-65.5007],[-65.5198,-65.4944],[-65.5049,-65.4933],[-65.4829,-65.4849],[-65.5148,-65.4842],[-65.5206,-65.4774]]],[[[-59.6457,-51.3687],[-59.6551,-51.3685],[-59.6596,-51.3753],[-59.6695,-51.3748],[-59.6664,-51.3851],[-59.6538,-51.3801],[-59.6324,-51.3837],[-59.6089,-51.3804],[-59.6003,-51.3728],[-59.6229,-51.369],[-59.6457,-51.3687]]],[[[-55.9364,-61.4526],[-55.9193,-61.463],[-55.9266,-61.467],[-55.9198,-61.4742],[-55.9059,-61.4803],[-55.8756,-61.4715],[-55.8899,-61.4672],[-55.8981,-61.4611],[-55.9231,-61.4536],[-55.9364,-61.4526]]],[[[-72.3108,-69.684],[-72.3602,-69.6818],[-72.3538,-69.6897],[-72.3343,-69.6897],[-72.3094,-69.6998],[-72.2901,-69.696],[-72.2938,-69.6891],[-72.3108,-69.684]]],[[[-57.7034,-63.6641],[-57.7307,-63.6701],[-57.7353,-63.6764],[-57.7158,-63.6832],[-57.6825,-63.681],[-57.6808,-63.6747],[-57.6943,-63.6648],[-57.7034,-63.6641]]],[[[-62.9377,-64.3142],[-62.9453,-64.3249],[-62.96,-64.3319],[-62.957,-64.3373],[-62.94,-64.3357],[-62.9385,-64.3476],[-62.9205,-64.3415],[-62.9235,-64.3223],[-62.9377,-64.3142]]],[[[-59.7056,-51.3329],[-59.7144,-51.3354],[-59.7083,-51.3471],[-59.7004,-51.3524],[-59.6679,-51.3576],[-59.6639,-51.3464],[-59.6496,-51.3466],[-59.652,-51.3516],[-59.645,-51.3555],[-59.6357,-51.3446],[-59.6759,-51.3358],[-59.685,-51.3434],[-59.6816,-51.3502],[-59.6949,-51.3495],[-59.7062,-51.3442],[-59.7056,-51.3329]]],[[[-67.1834,-71.8073],[-67.1694,-71.802],[-67.1732,-71.7883],[-67.2001,-71.7812],[-67.2076,-71.7844],[-67.198,-71.7926],[-67.2119,-71.8047],[-67.1834,-71.8073]]],[[[-58.1664,-63.7541],[-58.2146,-63.7666],[-58.252,-63.7828],[-58.2394,-63.7888],[-58.2225,-63.7747],[-58.215,-63.7757],[-58.1868,-63.7687],[-58.171,-63.7623],[-58.1664,-63.7541]]],[[[-70.6468,-72.2941],[-70.6058,-72.2861],[-70.6029,-72.282],[-70.6599,-72.2762],[-70.667,-72.2797],[-70.6603,-72.2914],[-70.6468,-72.2941]]],[[[-62.305,-64.5878],[-62.3175,-64.59],[-62.3331,-64.6009],[-62.326,-64.6062],[-62.3323,-64.6137],[-62.2967,-64.6104],[-62.3017,-64.6065],[-62.2922,-64.5996],[-62.305,-64.5878]]],[[[-62.9196,-64.297],[-62.9337,-64.2987],[-62.9405,-64.3076],[-62.9192,-64.3086],[-62.9182,-64.3143],[-62.8895,-64.3175],[-62.8805,-64.3142],[-62.8973,-64.3083],[-62.8965,-64.3004],[-62.9196,-64.297]]],[[[-61.1697,-51.8755],[-61.188,-51.875],[-61.1913,-51.885],[-61.2,-51.8877],[-61.2024,-51.8964],[-61.216,-51.9052],[-61.2105,-51.9109],[-61.1962,-51.9055],[-61.189,-51.8981],[-61.1723,-51.8876],[-61.1697,-51.8755]]],[[[-56.8357,-64.2123],[-56.822,-64.2029],[-56.8299,-64.1917],[-56.8492,-64.1902],[-56.8579,-64.1965],[-56.8541,-64.2105],[-56.8357,-64.2123]]],[[[-60.5017,-51.8261],[-60.5095,-51.8305],[-60.5102,-51.8363],[-60.4976,-51.8423],[-60.49,-51.8581],[-60.4787,-51.8498],[-60.4771,-51.8398],[-60.4693,-51.8356],[-60.4777,-51.8272],[-60.4874,-51.8338],[-60.5017,-51.8261]]],[[[-73.4417,-73.2888],[-73.444,-73.281],[-73.4611,-73.2812],[-73.4596,-73.2933],[-73.4458,-73.2997],[-73.4264,-73.2939],[-73.4417,-73.2888]]],[[[-57.6089,-63.6623],[-57.6411,-63.6653],[-57.6497,-63.6687],[-57.6458,-63.6764],[-57.6212,-63.6802],[-57.6058,-63.6773],[-57.6018,-63.6675],[-57.6089,-63.6623]]],[[[-59.8895,-51.2376],[-59.9003,-51.2388],[-59.8908,-51.2492],[-59.8819,-51.255],[-59.8572,-51.2654],[-59.8409,-51.2609],[-59.853,-51.2534],[-59.864,-51.2519],[-59.8744,-51.2421],[-59.8895,-51.2376]]],[[[-65.6628,-65.9672],[-65.6725,-65.9722],[-65.6907,-65.9752],[-65.6825,-65.9876],[-65.6873,-65.9929],[-65.6752,-65.9964],[-65.656,-65.9809],[-65.6637,-65.9729],[-65.6628,-65.9672]]],[[[-65.516,-65.4188],[-65.5269,-65.4237],[-65.5292,-65.4325],[-65.5578,-65.436],[-65.552,-65.4437],[-65.5321,-65.4465],[-65.5194,-65.4411],[-65.5066,-65.4293],[-65.516,-65.4188]]],[[[-62.126,-64.3282],[-62.1518,-64.3302],[-62.1628,-64.3373],[-62.1529,-64.347],[-62.1302,-64.345],[-62.11,-64.3322],[-62.126,-64.3282]]],[[[-70.6764,-70.2009],[-70.6943,-70.2037],[-70.6932,-70.2111],[-70.7025,-70.2226],[-70.6871,-70.2284],[-70.6712,-70.2117],[-70.6613,-70.2076],[-70.6764,-70.2009]]],[[[-60.3687,-62.4432],[-60.366,-62.4563],[-60.3543,-62.4579],[-60.3508,-62.4655],[-60.3375,-62.469],[-60.3354,-62.4609],[-60.3214,-62.4623],[-60.3052,-62.4562],[-60.3157,-62.4505],[-60.3352,-62.454],[-60.3687,-62.4432]]],[[[-38.0119,-54.0003],[-38.0308,-53.9995],[-38.0428,-54.0026],[-38.0504,-54.0007],[-38.0611,-54.0058],[-38.0777,-54.0086],[-38.0684,-54.0213],[-38.0601,-54.0138],[-38.0205,-54.0083],[-38.0119,-54.0003]]],[[[-72.7173,-73.3699],[-72.7263,-73.3761],[-72.7118,-73.387],[-72.6858,-73.3906],[-72.6732,-73.385],[-72.7065,-73.3697],[-72.7173,-73.3699]]],[[[-35.7709,-54.8036],[-35.7942,-54.8018],[-35.8099,-54.8043],[-35.8064,-54.8104],[-35.7974,-54.8131],[-35.8044,-54.8239],[-35.7945,-54.8227],[-35.7823,-54.8266],[-35.7752,-54.8206],[-35.776,-54.8066],[-35.7709,-54.8036]]],[[[-65.7245,-65.7592],[-65.7747,-65.7639],[-65.7667,-65.7709],[-65.7453,-65.7697],[-65.7267,-65.7754],[-65.7105,-65.7643],[-65.7245,-65.7592]]],[[[-38.2054,-54.0006],[-38.2212,-54.0043],[-38.2319,-54.0045],[-38.2431,-54.013],[-38.2356,-54.0177],[-38.1988,-54.0161],[-38.189,-54.0066],[-38.2054,-54.0006]]],[[[-64.131,-54.6462],[-64.1397,-54.6459],[-64.1576,-54.6531],[-64.1496,-54.6648],[-64.1397,-54.6688],[-64.1258,-54.6633],[-64.1265,-54.6595],[-64.1136,-54.654],[-64.131,-54.6462]]],[[[-59.6046,-51.4047],[-59.6194,-51.4086],[-59.6383,-51.4091],[-59.6413,-51.4198],[-59.6253,-51.4171],[-59.6215,-51.4198],[-59.5918,-51.4247],[-59.6046,-51.4047]]],[[[-60.9455,-63.8431],[-60.9629,-63.8436],[-60.9679,-63.8593],[-60.9468,-63.8594],[-60.9218,-63.8539],[-60.9455,-63.8431]]],[[[-60.8499,-51.1938],[-60.8575,-51.1961],[-60.8918,-51.2016],[-60.9059,-51.2072],[-60.9001,-51.2108],[-60.8799,-51.2092],[-60.8509,-51.2011],[-60.8499,-51.1938]]],[[[-68.3389,-67.5924],[-68.3588,-67.5975],[-68.3648,-67.6089],[-68.3544,-67.6142],[-68.3432,-67.6122],[-68.3352,-67.6054],[-68.3217,-67.6052],[-68.3282,-67.5956],[-68.3389,-67.5924]]],[[[-63.1369,-64.6689],[-63.1508,-64.6738],[-63.1537,-64.6873],[-63.1368,-64.6886],[-63.1256,-64.6789],[-63.1223,-64.6709],[-63.1369,-64.6689]]],[[[-65.7356,-64.9424],[-65.7456,-64.9512],[-65.7402,-64.9597],[-65.7241,-64.9641],[-65.6998,-64.9676],[-65.6886,-64.9669],[-65.6995,-64.9579],[-65.7238,-64.9513],[-65.7356,-64.9424]]],[[[-62.1988,-64.6513],[-62.206,-64.6548],[-62.2125,-64.6747],[-62.2016,-64.6779],[-62.1897,-64.6685],[-62.1769,-64.6685],[-62.1706,-64.6624],[-62.193,-64.6612],[-62.1906,-64.6534],[-62.1988,-64.6513]]],[[[-65.6402,-65.8163],[-65.6552,-65.8198],[-65.6867,-65.8184],[-65.6708,-65.8275],[-65.6368,-65.8226],[-65.5942,-65.8252],[-65.5789,-65.8194],[-65.6227,-65.818],[-65.6402,-65.8163]]],[[[-62.0569,-64.0876],[-62.0726,-64.0904],[-62.0849,-64.1029],[-62.0561,-64.0991],[-62.0476,-64.0948],[-62.0569,-64.0876]]],[[[-60.902,-51.0882],[-60.9171,-51.0906],[-60.8986,-51.1025],[-60.8913,-51.1037],[-60.8882,-51.1142],[-60.8724,-51.1239],[-60.8602,-51.1219],[-60.8628,-51.1122],[-60.879,-51.1092],[-60.8929,-51.1005],[-60.902,-51.0882]]],[[[-57.8802,-63.7193],[-57.9029,-63.7241],[-57.8838,-63.7363],[-57.8637,-63.7334],[-57.859,-63.7227],[-57.8802,-63.7193]]],[[[-71.5505,-73.024],[-71.572,-73.0178],[-71.5914,-73.025],[-71.5703,-73.0311],[-71.5505,-73.024]]],[[[-65.7144,-65.4658],[-65.7245,-65.4691],[-65.7339,-65.4786],[-65.7358,-65.4894],[-65.709,-65.4906],[-65.7061,-65.4824],[-65.7114,-65.4763],[-65.7058,-65.4706],[-65.7144,-65.4658]]],[[[-71.2623,-72.9834],[-71.2675,-72.9758],[-71.2898,-72.9724],[-71.3023,-72.9744],[-71.2991,-72.9859],[-71.2623,-72.9834]]],[[[-65.448,-65.4866],[-65.4773,-65.4978],[-65.4465,-65.5013],[-65.4342,-65.5054],[-65.4209,-65.5054],[-65.4272,-65.496],[-65.448,-65.4866]]],[[[-58.3856,-64.1952],[-58.3851,-64.1851],[-58.3936,-64.1824],[-58.4089,-64.1881],[-58.4054,-64.1961],[-58.4095,-64.2063],[-58.4031,-64.2111],[-58.3856,-64.1952]]],[[[-67.8017,-67.549],[-67.8122,-67.5508],[-67.8281,-67.5656],[-67.8185,-67.5745],[-67.7963,-67.5611],[-67.7905,-67.5524],[-67.8017,-67.549]]],[[[-70.7906,-70.2228],[-70.8019,-70.219],[-70.8433,-70.2173],[-70.8416,-70.2242],[-70.7975,-70.2308],[-70.7906,-70.2228]]],[[[-67.4894,-68.7031],[-67.5151,-68.7059],[-67.5323,-68.7113],[-67.5148,-68.7146],[-67.5105,-68.7201],[-67.4904,-68.718],[-67.4894,-68.7031]]],[[[-64.4872,-65.6756],[-64.4896,-65.6852],[-64.4786,-65.6856],[-64.4361,-65.6934],[-64.4569,-65.6813],[-64.4872,-65.6756]]],[[[-55.7728,-63.5723],[-55.8018,-63.5744],[-55.8099,-63.5815],[-55.7933,-63.5881],[-55.7777,-63.5865],[-55.7691,-63.5764],[-55.7728,-63.5723]]],[[[-64.8782,-68.6457],[-64.8664,-68.6406],[-64.8809,-68.6286],[-64.9043,-68.6302],[-64.8978,-68.6412],[-64.8782,-68.6457]]],[[[-65.4929,-65.8854],[-65.4999,-65.8869],[-65.4949,-65.903],[-65.4744,-65.9055],[-65.4775,-65.8984],[-65.4719,-65.8881],[-65.4929,-65.8854]]],[[[-65.0799,-65.9337],[-65.1028,-65.9382],[-65.0695,-65.9459],[-65.0648,-65.9502],[-65.0435,-65.9478],[-65.0528,-65.9405],[-65.0511,-65.9352],[-65.0795,-65.9394],[-65.0799,-65.9337]]],[[[-61.1653,-51.9052],[-61.164,-51.8912],[-61.1823,-51.8982],[-61.1937,-51.9093],[-61.1872,-51.9135],[-61.1771,-51.9135],[-61.1653,-51.9052]]],[[[-60.4565,-51.6051],[-60.4609,-51.6099],[-60.4488,-51.6181],[-60.4414,-51.6202],[-60.4375,-51.6266],[-60.4248,-51.6284],[-60.4174,-51.6265],[-60.4355,-51.6156],[-60.4302,-51.608],[-60.4358,-51.6048],[-60.4474,-51.6104],[-60.4565,-51.6051]]],[[[-60.3955,-51.143],[-60.409,-51.1461],[-60.4347,-51.1461],[-60.4394,-51.1523],[-60.425,-51.1542],[-60.4091,-51.1521],[-60.3933,-51.1544],[-60.3836,-51.1528],[-60.3817,-51.1467],[-60.3955,-51.143]]],[[[-58.6176,-52.1285],[-58.6141,-52.1213],[-58.6262,-52.1179],[-58.6275,-52.1329],[-58.6126,-52.1366],[-58.6091,-52.1404],[-58.6155,-52.1478],[-58.6047,-52.1503],[-58.5964,-52.1447],[-58.6006,-52.1343],[-58.6127,-52.1337],[-58.6176,-52.1285]]],[[[-70.7818,-72.2661],[-70.7994,-72.2562],[-70.824,-72.2574],[-70.8326,-72.2625],[-70.8189,-72.2673],[-70.7818,-72.2661]]],[[[-71.1425,-73.1194],[-71.1553,-73.1251],[-71.1059,-73.1258],[-71.1067,-73.1207],[-71.1425,-73.1194]]],[[[-67.1137,-66.408],[-67.1363,-66.4126],[-67.1378,-66.4179],[-67.1216,-66.4259],[-67.1103,-66.4176],[-67.1137,-66.408]]],[[[-60.3861,-64.9945],[-60.3737,-64.9863],[-60.3764,-64.9801],[-60.3912,-64.9778],[-60.4068,-64.9824],[-60.4111,-64.9872],[-60.4029,-64.992],[-60.3861,-64.9945]]],[[[-71.5034,-73.0895],[-71.4795,-73.0876],[-71.4693,-73.0814],[-71.4887,-73.0749],[-71.5089,-73.0814],[-71.5034,-73.0895]]],[[[-65.3472,-65.6486],[-65.3587,-65.6551],[-65.3237,-65.668],[-65.3133,-65.6562],[-65.3395,-65.6526],[-65.3472,-65.6486]]],[[[-58.0805,-51.5496],[-58.0892,-51.5528],[-58.0891,-51.5585],[-58.073,-51.5618],[-58.04,-51.5634],[-58.0391,-51.5609],[-58.0572,-51.5528],[-58.0805,-51.5496]]],[[[-71.8637,-69.388],[-71.8631,-69.3982],[-71.8503,-69.4017],[-71.8303,-69.3996],[-71.8311,-69.3929],[-71.8637,-69.388]]],[[[-60.839,-51.1491],[-60.8453,-51.154],[-60.8559,-51.152],[-60.8628,-51.1682],[-60.8551,-51.1696],[-60.8477,-51.1633],[-60.8333,-51.1622],[-60.8264,-51.1563],[-60.839,-51.1491]]],[[[-46.0497,-60.5877],[-46.0579,-60.5946],[-46.0731,-60.6008],[-46.0623,-60.6052],[-46.0355,-60.5995],[-46.0263,-60.5944],[-46.0359,-60.5887],[-46.0497,-60.5877]]],[[[-62.9865,-64.4807],[-63.0017,-64.4852],[-63.0092,-64.4947],[-63.0087,-64.5014],[-62.9846,-64.5038],[-62.9824,-64.4957],[-62.9865,-64.4807]]],[[[-58.4887,-51.9717],[-58.4784,-51.982],[-58.4694,-51.9851],[-58.4507,-51.9824],[-58.4786,-51.9726],[-58.4887,-51.9717]]],[[[-58.0294,-61.8414],[-58.0306,-61.8495],[-58.0146,-61.8597],[-57.9942,-61.8603],[-58.0134,-61.8443],[-58.0294,-61.8414]]],[[[-68.5248,-69.7754],[-68.5396,-69.7803],[-68.5203,-69.7867],[-68.4979,-69.7833],[-68.4973,-69.7755],[-68.5248,-69.7754]]],[[[-71.2059,-70.9632],[-71.2167,-70.9585],[-71.2377,-70.9631],[-71.2443,-70.9706],[-71.2352,-70.974],[-71.2099,-70.9697],[-71.2059,-70.9632]]],[[[-65.2961,-65.4107],[-65.3166,-65.4194],[-65.3268,-65.4186],[-65.345,-65.4296],[-65.3258,-65.4288],[-65.2962,-65.4206],[-65.2961,-65.4107]]],[[[-71.2254,-70.822],[-71.2017,-70.8118],[-71.2166,-70.8073],[-71.2487,-70.8167],[-71.2254,-70.822]]],[[[-59.6256,-51.7686],[-59.6383,-51.7766],[-59.6647,-51.7906],[-59.6568,-51.797],[-59.6355,-51.7848],[-59.626,-51.7751],[-59.6256,-51.7686]]],[[[-63.7736,-65.0195],[-63.7947,-65.0225],[-63.8013,-65.0292],[-63.7885,-65.0333],[-63.7663,-65.031],[-63.7557,-65.0225],[-63.7736,-65.0195]]],[[[-65.7774,-65.8872],[-65.8043,-65.8904],[-65.8075,-65.8945],[-65.7867,-65.8982],[-65.765,-65.8911],[-65.7774,-65.8872]]],[[[-70.4649,-68.7482],[-70.4725,-68.7565],[-70.4638,-68.765],[-70.4399,-68.7635],[-70.4551,-68.7499],[-70.4649,-68.7482]]],[[[-72.5192,-73.3791],[-72.5067,-73.375],[-72.5208,-73.3667],[-72.5405,-73.367],[-72.5466,-73.3738],[-72.5192,-73.3791]]],[[[-68.4929,-69.6679],[-68.4915,-69.6598],[-68.5159,-69.652],[-68.5273,-69.6552],[-68.5132,-69.6655],[-68.4929,-69.6679]]],[[[-59.8339,-51.3661],[-59.8504,-51.3664],[-59.8587,-51.3698],[-59.8676,-51.3678],[-59.8699,-51.3763],[-59.8619,-51.3789],[-59.8429,-51.3779],[-59.831,-51.3728],[-59.8339,-51.3661]]],[[[-67.9195,-67.4415],[-67.9266,-67.4414],[-67.95,-67.4533],[-67.9446,-67.4588],[-67.9173,-67.4532],[-67.9195,-67.4415]]],[[[-67.4073,-67.8814],[-67.4234,-67.8849],[-67.4214,-67.8892],[-67.3972,-67.8932],[-67.3761,-67.889],[-67.3937,-67.8817],[-67.4073,-67.8814]]],[[[-71.6158,-73.1169],[-71.5997,-73.1109],[-71.5995,-73.1033],[-71.6305,-73.108],[-71.6373,-73.1136],[-71.6158,-73.1169]]],[[[-65.0284,-65.6223],[-65.031,-65.6291],[-65.0098,-65.6286],[-65.0019,-65.6324],[-64.9804,-65.6305],[-65.0092,-65.6223],[-65.0284,-65.6223]]],[[[-73.5758,-71.8696],[-73.5855,-71.8812],[-73.5597,-71.8817],[-73.5581,-71.8722],[-73.5758,-71.8696]]],[[[-61.1855,-51.8488],[-61.1887,-51.8438],[-61.2058,-51.8653],[-61.1874,-51.8643],[-61.1677,-51.8551],[-61.1757,-51.8502],[-61.1855,-51.8488]]],[[[-73.8535,-73.4189],[-73.8539,-73.4148],[-73.8891,-73.4046],[-73.8873,-73.4149],[-73.8535,-73.4189]]],[[[-64.3233,-65.5675],[-64.3276,-65.5747],[-64.3076,-65.5837],[-64.2922,-65.5802],[-64.3216,-65.5721],[-64.3233,-65.5675]]],[[[-60.4067,-51.3553],[-60.4128,-51.3573],[-60.388,-51.3707],[-60.3703,-51.3728],[-60.3714,-51.3669],[-60.3838,-51.3595],[-60.4067,-51.3553]]],[[[-59.5911,-51.863],[-59.6095,-51.8599],[-59.619,-51.8663],[-59.6099,-51.8713],[-59.6084,-51.878],[-59.5966,-51.8735],[-59.5911,-51.863]]],[[[-64.2344,-64.5785],[-64.2412,-64.5842],[-64.2401,-64.5922],[-64.233,-64.5986],[-64.2155,-64.5899],[-64.2208,-64.5812],[-64.2344,-64.5785]]],[[[-26.8285,-57.1088],[-26.831,-57.1207],[-26.8091,-57.1259],[-26.8032,-57.116],[-26.8285,-57.1088]]],[[[-59.7825,-62.4166],[-59.7987,-62.4214],[-59.7935,-62.4315],[-59.7688,-62.4253],[-59.7825,-62.4166]]],[[[-59.6747,-51.3776],[-59.7126,-51.3816],[-59.7159,-51.3852],[-59.6795,-51.3855],[-59.6747,-51.3776]]],[[[-61.1051,-64.1608],[-61.1198,-64.1639],[-61.1222,-64.1694],[-61.1054,-64.1761],[-61.0845,-64.1741],[-61.094,-64.1645],[-61.1051,-64.1608]]],[[[-71.5074,-73.2384],[-71.4893,-73.2309],[-71.501,-73.2263],[-71.5198,-73.2279],[-71.5212,-73.236],[-71.5074,-73.2384]]],[[[-65.2774,-67.6694],[-65.2677,-67.6658],[-65.2965,-67.6546],[-65.303,-67.6624],[-65.2774,-67.6694]]],[[[-59.047,-63.6341],[-59.0544,-63.6365],[-59.0449,-63.6444],[-59.0311,-63.6431],[-59.0232,-63.638],[-59.047,-63.6341]]],[[[-64.7957,-68.6265],[-64.801,-68.6326],[-64.7871,-68.6409],[-64.7712,-68.6383],[-64.7839,-68.6262],[-64.7957,-68.6265]]],[[[-66.0492,-65.9587],[-66.0824,-65.9629],[-66.0856,-65.9721],[-66.0724,-65.9713],[-66.0478,-65.9651],[-66.0492,-65.9587]]],[[[-65.082,-65.9035],[-65.0994,-65.908],[-65.1017,-65.9189],[-65.0749,-65.9159],[-65.082,-65.9035]]],[[[-57.9351,-62.0944],[-57.9416,-62.1013],[-57.9388,-62.1078],[-57.9264,-62.1095],[-57.9165,-62.1061],[-57.9148,-62.098],[-57.9351,-62.0944]]],[[[-65.3724,-65.4015],[-65.369,-65.4174],[-65.3552,-65.4151],[-65.3481,-65.4041],[-65.3724,-65.4015]]],[[[-62.9836,-64.2927],[-62.9891,-64.2931],[-63.0094,-64.3103],[-63.0007,-64.3112],[-62.9674,-64.3003],[-62.9836,-64.2927]]],[[[-60.7302,-51.4634],[-60.7258,-51.4723],[-60.6968,-51.4826],[-60.6915,-51.4756],[-60.6989,-51.4719],[-60.7149,-51.4702],[-60.716,-51.4671],[-60.7302,-51.4634]]],[[[-72.2302,-70.4675],[-72.2412,-70.469],[-72.2415,-70.4781],[-72.2176,-70.4769],[-72.2111,-70.4705],[-72.2302,-70.4675]]],[[[-54.7295,-63.4291],[-54.7423,-63.4357],[-54.7416,-63.441],[-54.7266,-63.4439],[-54.7157,-63.4415],[-54.7169,-63.4339],[-54.7295,-63.4291]]],[[[-65.5229,-65.4999],[-65.5414,-65.5083],[-65.5299,-65.5121],[-65.5096,-65.5036],[-65.5229,-65.4999]]],[[[-54.4584,-61.0632],[-54.4774,-61.0688],[-54.4772,-61.0732],[-54.4556,-61.08],[-54.4509,-61.0666],[-54.4584,-61.0632]]],[[[-58.5439,-51.8961],[-58.5343,-51.9069],[-58.5253,-51.9134],[-58.5104,-51.9131],[-58.5068,-51.9071],[-58.5187,-51.9035],[-58.5195,-51.8978],[-58.5364,-51.8995],[-58.5439,-51.8961]]],[[[-73.9934,-73.3861],[-74,-73.388],[-74,-73.4034],[-73.9852,-73.4057],[-73.9842,-73.3917],[-73.9934,-73.3861]]],[[[-70.524,-72.2164],[-70.5121,-72.2127],[-70.5225,-72.2068],[-70.5664,-72.2136],[-70.524,-72.2164]]],[[[-60.4891,-51.5477],[-60.4985,-51.5495],[-60.5071,-51.5553],[-60.5026,-51.563],[-60.4927,-51.5617],[-60.4817,-51.5524],[-60.4891,-51.5477]]],[[[-56.2929,-63.5553],[-56.3114,-63.5605],[-56.2947,-63.5699],[-56.2799,-63.5615],[-56.2929,-63.5553]]],[[[-61.0393,-51.7768],[-61.0589,-51.7816],[-61.0723,-51.782],[-61.0688,-51.7948],[-61.0378,-51.7791],[-61.0393,-51.7768]]],[[[-55.9749,-61.4981],[-55.9761,-61.5084],[-55.9612,-61.514],[-55.9504,-61.5093],[-55.966,-61.4981],[-55.9749,-61.4981]]],[[[-68.6241,-69.6709],[-68.6183,-69.6693],[-68.6239,-69.658],[-68.6414,-69.659],[-68.6407,-69.6661],[-68.6241,-69.6709]]],[[[-61.9972,-64.5256],[-62.0085,-64.5289],[-62.0032,-64.5396],[-62.0157,-64.5413],[-62.0096,-64.5482],[-61.9903,-64.5353],[-61.9972,-64.5256]]],[[[-60.1113,-65.0821],[-60.1027,-65.0775],[-60.1312,-65.0712],[-60.1287,-65.0806],[-60.1113,-65.0821]]],[[[-61.4516,-64.0024],[-61.4698,-64.0127],[-61.4506,-64.021],[-61.4458,-64.0037],[-61.4516,-64.0024]]],[[[-61.379,-63.8911],[-61.3996,-63.8987],[-61.3827,-63.9081],[-61.379,-63.8911]]],[[[-63.4148,-64.9354],[-63.4332,-64.9352],[-63.4367,-64.9415],[-63.4244,-64.9482],[-63.4128,-64.9396],[-63.4148,-64.9354]]],[[[-60.4213,-52.2046],[-60.4366,-52.2107],[-60.4605,-52.2118],[-60.4516,-52.2213],[-60.4435,-52.2165],[-60.4337,-52.2156],[-60.4213,-52.2046]]],[[[-58.3871,-51.9951],[-58.3902,-52.0005],[-58.3807,-52.0024],[-58.3694,-52.009],[-58.358,-52.0072],[-58.3544,-52.0019],[-58.36,-51.9967],[-58.3676,-52.0012],[-58.3871,-51.9951]]],[[[-64.0075,-64.9107],[-64.0353,-64.9198],[-64.0112,-64.9206],[-63.9912,-64.9123],[-64.0075,-64.9107]]],[[[-66.9804,-69.0611],[-66.9993,-69.0598],[-67.0072,-69.0671],[-66.985,-69.0702],[-66.9725,-69.0651],[-66.9804,-69.0611]]],[[[-64.2122,-65.3968],[-64.2255,-65.3969],[-64.2274,-65.407],[-64.2003,-65.4045],[-64.2122,-65.3968]]],[[[-59.9077,-62.5808],[-59.9339,-62.5873],[-59.9173,-62.5916],[-59.9048,-62.5842],[-59.9077,-62.5808]]],[[[-44.8921,-60.6093],[-44.8785,-60.6166],[-44.869,-60.6129],[-44.8921,-60.6093]]],[[[-72.6662,-71.0511],[-72.6563,-71.0578],[-72.6293,-71.0562],[-72.6466,-71.0492],[-72.6662,-71.0511]]],[[[-65.2263,-65.6888],[-65.2405,-65.6902],[-65.2607,-65.7],[-65.247,-65.7009],[-65.2319,-65.6959],[-65.2263,-65.6888]]],[[[-68.1906,-67.5935],[-68.2032,-67.596],[-68.2288,-67.6111],[-68.2032,-67.6085],[-68.1992,-67.5991],[-68.1906,-67.5935]]],[[[-63.3274,-64.8839],[-63.3516,-64.8843],[-63.3685,-64.8898],[-63.3629,-64.895],[-63.348,-64.8946],[-63.3274,-64.8839]]],[[[-62.5951,-64.7261],[-62.602,-64.7304],[-62.6045,-64.7451],[-62.583,-64.7325],[-62.5951,-64.7261]]],[[[-71.2111,-70.9561],[-71.1933,-70.944],[-71.208,-70.9409],[-71.2199,-70.9451],[-71.2111,-70.9561]]],[[[-63.9628,-64.9173],[-63.9773,-64.9247],[-63.9519,-64.9249],[-63.9366,-64.921],[-63.9628,-64.9173]]],[[[-58.7123,-52.1261],[-58.7226,-52.1324],[-58.713,-52.1388],[-58.7033,-52.1328],[-58.704,-52.1269],[-58.7123,-52.1261]]],[[[-64.1354,-65.3221],[-64.1469,-65.3274],[-64.1631,-65.3289],[-64.1459,-65.3374],[-64.1354,-65.3221]]],[[[-27.0808,-59.4044],[-27.0947,-59.4173],[-27.0776,-59.4209],[-27.0724,-59.4165],[-27.0808,-59.4044]]],[[[-63.7205,-64.9253],[-63.747,-64.9332],[-63.7261,-64.9365],[-63.7205,-64.9253]]],[[[-67.4733,-54.8692],[-67.4772,-54.8768],[-67.467,-54.8807],[-67.4461,-54.8759],[-67.4572,-54.8712],[-67.4733,-54.8692]]],[[[-67.7866,-66.9207],[-67.7976,-66.9192],[-67.8072,-66.9258],[-67.7887,-66.9301],[-67.7866,-66.9207]]],[[[-59.187,-52.9064],[-59.1815,-52.8932],[-59.1904,-52.892],[-59.1964,-52.8985],[-59.1938,-52.9078],[-59.187,-52.9064]]],[[[-65.6286,-65.5129],[-65.6402,-65.5153],[-65.6386,-65.5241],[-65.6105,-65.5157],[-65.6286,-65.5129]]],[[[-59.561,-52.2631],[-59.561,-52.2697],[-59.5483,-52.2824],[-59.5384,-52.2746],[-59.5494,-52.2708],[-59.561,-52.2631]]],[[[-61.7863,-63.7219],[-61.8092,-63.7241],[-61.8037,-63.7315],[-61.7793,-63.729],[-61.7863,-63.7219]]],[[[-61.1472,-51.7845],[-61.1512,-51.7819],[-61.163,-51.7869],[-61.154,-51.7934],[-61.1384,-51.7954],[-61.1472,-51.7845]]],[[[-65.6301,-65.6592],[-65.6379,-65.6629],[-65.6194,-65.6715],[-65.6114,-65.6666],[-65.6301,-65.6592]]],[[[-58.1859,-51.8021],[-58.217,-51.8033],[-58.2065,-51.8084],[-58.1834,-51.8071],[-58.1859,-51.8021]]],[[[-60.3402,-51.6421],[-60.3374,-51.636],[-60.342,-51.6312],[-60.3516,-51.6306],[-60.3608,-51.6351],[-60.351,-51.6423],[-60.3402,-51.6421]]],[[[-67.5884,-66.6006],[-67.6091,-66.6072],[-67.5962,-66.6122],[-67.5815,-66.6085],[-67.5884,-66.6006]]],[[[-71.1712,-70.8259],[-71.1717,-70.8167],[-71.1992,-70.8178],[-71.1712,-70.8259]]],[[[-44.9855,-60.7143],[-44.9877,-60.7313],[-44.9768,-60.7272],[-44.9855,-60.7143]]],[[[-65.9616,-66.03],[-65.9811,-66.0373],[-65.9795,-66.0443],[-65.963,-66.0444],[-65.9584,-66.0352],[-65.9616,-66.03]]],[[[-71.7974,-73.1523],[-71.8168,-73.1549],[-71.7966,-73.1608],[-71.7775,-73.1576],[-71.7974,-73.1523]]],[[[-72.0619,-69.3076],[-72.0769,-69.3104],[-72.0789,-69.3175],[-72.0596,-69.3182],[-72.0486,-69.3147],[-72.0619,-69.3076]]],[[[-69.9811,-70.3088],[-69.9719,-70.3051],[-69.9912,-70.296],[-70.0021,-70.2992],[-69.9811,-70.3088]]],[[[-63.8683,-64.9038],[-63.8855,-64.9103],[-63.8614,-64.9149],[-63.8526,-64.9048],[-63.8683,-64.9038]]],[[[-68.6132,-69.3187],[-68.635,-69.3286],[-68.6061,-69.3274],[-68.6132,-69.3187]]],[[[-55.9392,-61.4732],[-55.9517,-61.4831],[-55.9266,-61.4824],[-55.9392,-61.4732]]],[[[-64.3986,-65.7177],[-64.407,-65.7256],[-64.3918,-65.7289],[-64.3793,-65.7233],[-64.3986,-65.7177]]],[[[-60.8891,-51.5559],[-60.8843,-51.5644],[-60.8753,-51.5681],[-60.8622,-51.564],[-60.8676,-51.5589],[-60.8778,-51.5594],[-60.8891,-51.5559]]],[[[-59.9139,-51.2136],[-59.9176,-51.2084],[-59.9324,-51.2155],[-59.9221,-51.2199],[-59.905,-51.2214],[-59.9139,-51.2136]]],[[[-65.7178,-65.8246],[-65.733,-65.8333],[-65.7036,-65.8332],[-65.6974,-65.8284],[-65.7178,-65.8246]]],[[[-71.6316,-70.0999],[-71.6421,-70.1027],[-71.6182,-70.1118],[-71.608,-70.1054],[-71.6316,-70.0999]]],[[[-66.0826,-65.6247],[-66.1074,-65.6279],[-66.1042,-65.6351],[-66.0735,-65.6305],[-66.0826,-65.6247]]],[[[-57.2798,-63.7939],[-57.3069,-63.8],[-57.2919,-63.8034],[-57.271,-63.7973],[-57.2798,-63.7939]]],[[[-71.1641,-70.841],[-71.1523,-70.8364],[-71.1541,-70.8284],[-71.1781,-70.8373],[-71.1641,-70.841]]],[[[-64.2649,-54.6755],[-64.2717,-54.6793],[-64.2677,-54.6844],[-64.2566,-54.6874],[-64.2475,-54.6761],[-64.2649,-54.6755]]],[[[-34.6957,-55.0194],[-34.6783,-55.0251],[-34.6697,-55.0177],[-34.6854,-55.01],[-34.6957,-55.0194]]],[[[-58.9381,-62.2092],[-58.9471,-62.2142],[-58.9186,-62.218],[-58.9146,-62.2123],[-58.9381,-62.2092]]],[[[-58.9915,-52.1363],[-59.0029,-52.1375],[-59.0157,-52.1446],[-59.0133,-52.1505],[-59.0006,-52.1492],[-58.9915,-52.1363]]],[[[-58.7336,-51.922],[-58.7335,-51.9327],[-58.7163,-51.933],[-58.7171,-51.9292],[-58.7336,-51.922]]],[[[-64.1489,-65.1641],[-64.1474,-65.1775],[-64.1313,-65.1734],[-64.1373,-65.1649],[-64.1489,-65.1641]]],[[[-65.6773,-65.997],[-65.6854,-66.0063],[-65.6691,-66.0097],[-65.6773,-65.997]]],[[[-45.6854,-60.7291],[-45.6917,-60.7402],[-45.6745,-60.7382],[-45.6706,-60.7339],[-45.6854,-60.7291]]],[[[-63.3989,-64.9122],[-63.4117,-64.9139],[-63.416,-64.9213],[-63.4054,-64.9254],[-63.3906,-64.9159],[-63.3989,-64.9122]]],[[[-65.3373,-65.6276],[-65.36,-65.6346],[-65.3763,-65.6277],[-65.3835,-65.6352],[-65.3758,-65.64],[-65.3457,-65.6322],[-65.3373,-65.6276]]],[[[-59.8098,-62.3382],[-59.8255,-62.3435],[-59.8192,-62.3474],[-59.8016,-62.3465],[-59.7989,-62.3396],[-59.8098,-62.3382]]],[[[-63.589,-64.975],[-63.6053,-64.9785],[-63.6015,-64.985],[-63.5834,-64.9821],[-63.589,-64.975]]],[[[-58.4569,-51.9505],[-58.4718,-51.9569],[-58.4643,-51.9621],[-58.4569,-51.9505]]],[[[-65.2871,-65.3848],[-65.2965,-65.3948],[-65.2709,-65.3973],[-65.2776,-65.3871],[-65.2871,-65.3848]]],[[[-59.5287,-51.7512],[-59.5111,-51.7408],[-59.506,-51.732],[-59.5134,-51.7305],[-59.5297,-51.7482],[-59.5287,-51.7512]]],[[[-64.1124,-65.0681],[-64.1414,-65.0713],[-64.1361,-65.079],[-64.1124,-65.0681]]],[[[-66.4392,-66.3553],[-66.4503,-66.3563],[-66.4424,-66.3667],[-66.429,-66.3631],[-66.4392,-66.3553]]],[[[-64.1157,-65.0741],[-64.1286,-65.0811],[-64.1035,-65.0807],[-64.1157,-65.0741]]],[[[-67.1104,-66.4387],[-67.1316,-66.4422],[-67.1453,-66.4509],[-67.1381,-66.4528],[-67.1104,-66.4387]]],[[[-65.5024,-65.5152],[-65.5134,-65.5221],[-65.5049,-65.5252],[-65.489,-65.5221],[-65.5024,-65.5152]]],[[[-54.6683,-63.409],[-54.6789,-63.4132],[-54.6664,-63.4197],[-54.6581,-63.4095],[-54.6683,-63.409]]],[[[-59.6698,-51.8867],[-59.685,-51.8972],[-59.6747,-51.8997],[-59.6632,-51.8945],[-59.6698,-51.8867]]],[[[-65.9573,-65.9275],[-65.9783,-65.9295],[-65.9693,-65.9369],[-65.9592,-65.9345],[-65.9573,-65.9275]]],[[[-63.1302,-64.8912],[-63.13,-64.8975],[-63.1205,-64.9033],[-63.1079,-64.8987],[-63.1302,-64.8912]]],[[[-71.4578,-73.0545],[-71.4715,-73.0471],[-71.4856,-73.0526],[-71.4578,-73.0545]]],[[[-59.6501,-51.9152],[-59.6579,-51.923],[-59.6422,-51.9309],[-59.6361,-51.9248],[-59.6501,-51.9152]]],[[[-60.155,-51.4133],[-60.1232,-51.4231],[-60.1308,-51.4142],[-60.1427,-51.4158],[-60.155,-51.4133]]],[[[-65.4259,-65.6057],[-65.4308,-65.6127],[-65.4158,-65.6137],[-65.4049,-65.6098],[-65.4259,-65.6057]]],[[[-59.6803,-52.0163],[-59.6876,-52.0208],[-59.6841,-52.0279],[-59.6687,-52.0273],[-59.6662,-52.0188],[-59.6803,-52.0163]]],[[[-60.2211,-51.7576],[-60.2284,-51.7603],[-60.2281,-51.7699],[-60.2166,-51.7657],[-60.2211,-51.7576]]],[[[-57.4082,-63.9844],[-57.4234,-63.9874],[-57.416,-63.9924],[-57.398,-63.989],[-57.4082,-63.9844]]],[[[-73.8379,-73.3611],[-73.8578,-73.3551],[-73.8685,-73.3616],[-73.8379,-73.3611]]],[[[-58.0755,-51.7863],[-58.075,-51.7922],[-58.059,-51.7939],[-58.0611,-51.7869],[-58.0755,-51.7863]]],[[[-60.524,-51.4881],[-60.5329,-51.4915],[-60.528,-51.5009],[-60.5123,-51.4912],[-60.524,-51.4881]]],[[[-62.6189,-64.6803],[-62.6325,-64.6846],[-62.6276,-64.6911],[-62.6132,-64.6875],[-62.6189,-64.6803]]],[[[-65.0248,-65.5874],[-65.0298,-65.5949],[-65.0096,-65.5942],[-65.0248,-65.5874]]],[[[-60.9204,-52.1674],[-60.924,-52.1619],[-60.9372,-52.1685],[-60.9269,-52.1723],[-60.9204,-52.1674]]],[[[-62.9754,-64.3238],[-62.9974,-64.3252],[-63.0043,-64.3309],[-62.9874,-64.3322],[-62.9754,-64.3238]]],[[[-58.2613,-63.8822],[-58.2553,-63.8722],[-58.2704,-63.8743],[-58.2761,-63.8796],[-58.2613,-63.8822]]],[[[-65.595,-65.925],[-65.6118,-65.927],[-65.6304,-65.9363],[-65.6218,-65.9394],[-65.6018,-65.9306],[-65.595,-65.925]]],[[[-61.1,-51.7832],[-61.1084,-51.7879],[-61.0991,-51.7938],[-61.0906,-51.7882],[-61.1,-51.7832]]],[[[-68.8782,-67.767],[-68.8999,-67.7705],[-68.8855,-67.7764],[-68.8782,-67.767]]],[[[-66.6982,-68.2032],[-66.6954,-68.211],[-66.6688,-68.2087],[-66.6982,-68.2032]]],[[[-54.6045,-63.3873],[-54.6144,-63.3958],[-54.6019,-63.3983],[-54.5986,-63.3918],[-54.6045,-63.3873]]],[[[-59.8413,-51.3441],[-59.8499,-51.3517],[-59.8369,-51.3567],[-59.834,-51.3493],[-59.8413,-51.3441]]],[[[-66.4246,-66.4664],[-66.4376,-66.4722],[-66.4303,-66.4761],[-66.4147,-66.4722],[-66.4246,-66.4664]]],[[[-66.2104,-65.8848],[-66.217,-65.8892],[-66.2064,-65.8949],[-66.1967,-65.889],[-66.2104,-65.8848]]],[[[-60.7632,-52.1468],[-60.7631,-52.1405],[-60.7727,-52.1354],[-60.7806,-52.1418],[-60.7632,-52.1468]]],[[[-59.6597,-51.9872],[-59.662,-51.9983],[-59.6447,-51.994],[-59.6464,-51.988],[-59.6597,-51.9872]]],[[[-65.3845,-65.4258],[-65.3977,-65.4329],[-65.3768,-65.4344],[-65.3845,-65.4258]]],[[[-37.3371,-54.0192],[-37.3328,-54.0297],[-37.323,-54.0249],[-37.3371,-54.0192]]],[[[-65.0924,-65.8114],[-65.0895,-65.8183],[-65.0707,-65.8205],[-65.0693,-65.8147],[-65.0924,-65.8114]]],[[[-68.8413,-68.0876],[-68.8578,-68.0949],[-68.8473,-68.0972],[-68.8311,-68.0921],[-68.8413,-68.0876]]],[[[-37.7378,-54.1356],[-37.7565,-54.1363],[-37.7605,-54.1412],[-37.7482,-54.1445],[-37.7378,-54.1356]]],[[[-58.3807,-52.0112],[-58.3761,-52.018],[-58.3613,-52.0127],[-58.3807,-52.0112]]],[[[-60.8352,-51.5664],[-60.8483,-51.5683],[-60.8486,-51.5763],[-60.8429,-51.5776],[-60.8352,-51.5664]]],[[[-60.7358,-51.1237],[-60.7511,-51.1287],[-60.7433,-51.1325],[-60.7358,-51.1237]]],[[[-65.007,-65.2505],[-65.0178,-65.262],[-65.0043,-65.2622],[-64.9999,-65.2562],[-65.007,-65.2505]]],[[[-59.8568,-52.1254],[-59.8593,-52.1303],[-59.8552,-52.1368],[-59.8461,-52.1344],[-59.8468,-52.1258],[-59.8568,-52.1254]]],[[[-65.3655,-65.4426],[-65.3911,-65.443],[-65.393,-65.4487],[-65.3655,-65.4426]]],[[[-60.4635,-51.3285],[-60.4739,-51.3342],[-60.4629,-51.3407],[-60.4635,-51.3285]]],[[[-64.0854,-64.7587],[-64.0737,-64.7672],[-64.0646,-64.7609],[-64.0854,-64.7587]]],[[[-59.6471,-51.4127],[-59.6534,-51.4109],[-59.6618,-51.4168],[-59.6569,-51.4222],[-59.6472,-51.4201],[-59.6471,-51.4127]]],[[[-61.0849,-51.7735],[-61.091,-51.7801],[-61.0809,-51.7831],[-61.0742,-51.7771],[-61.0849,-51.7735]]],[[[-61.1343,-64.2343],[-61.1325,-64.2425],[-61.1155,-64.2388],[-61.1343,-64.2343]]],[[[-45.1442,-60.7745],[-45.1466,-60.7813],[-45.1308,-60.783],[-45.1274,-60.7792],[-45.1442,-60.7745]]],[[[-41.8067,-53.6524],[-41.7978,-53.654],[-41.7923,-53.6429],[-41.8005,-53.6405],[-41.8067,-53.6524]]],[[[-61.3196,-51.8072],[-61.3271,-51.8083],[-61.3193,-51.8192],[-61.3114,-51.8176],[-61.3196,-51.8072]]],[[[-68.2502,-54.8659],[-68.2505,-54.8713],[-68.2383,-54.8742],[-68.2329,-54.8704],[-68.2502,-54.8659]]],[[[-59.0804,-52.0685],[-59.0905,-52.0719],[-59.0916,-52.0778],[-59.0805,-52.0801],[-59.0804,-52.0685]]],[[[-58.3594,-51.5416],[-58.3466,-51.5332],[-58.3568,-51.5318],[-58.3635,-51.5371],[-58.3594,-51.5416]]],[[[-59.2161,-51.5835],[-59.2188,-51.5918],[-59.2104,-51.5915],[-59.2043,-51.5838],[-59.2161,-51.5835]]],[[[-36.1075,-54.8928],[-36.1066,-54.8996],[-36.0911,-54.8963],[-36.0963,-54.8925],[-36.1075,-54.8928]]],[[[-60.7062,-52.184],[-60.6918,-52.191],[-60.6886,-52.1869],[-60.7062,-52.184]]],[[[-59.2585,-52.201],[-59.2663,-52.2011],[-59.2676,-52.2076],[-59.2561,-52.2061],[-59.2585,-52.201]]],[[[-58.2772,-51.5387],[-58.2832,-51.5389],[-58.2833,-51.549],[-58.2761,-51.5474],[-58.2772,-51.5387]]],[[[-60.7549,-52.1903],[-60.7544,-52.2],[-60.7438,-52.1949],[-60.7549,-52.1903]]]]},"properties":{"nombre":"Tierra del Fuego, Antártida e Islas del Atlántico Sur","slug":"tierra-del-fuego-antartida-e-islas-del-atlantico-sur"}},
{"type":"Feature","geometry":{"type":"Polygon","coordinates":[[[-57.8095,-30.7302],[-57.8215,-30.7194],[-57.84,-30.7226],[-57.8461,-30.7184],[-57.851,-30.7005],[-57.8548,-30.6947],[-57.8625,-30.6912],[-57.872,-30.6825],[-57.8948,-30.6694],[-57.9299,-30.6584],[-57.9329,-30.6538],[-57.943,-30.656],[-57.954,-30.6488],[-57.9599,-30.6531],[-57.964,-30.648],[-57.9753,-30.647],[-57.9736,-30.6373],[-57.9842,-30.6335],[-57.9863,-30.6276],[-57.9962,-30.6224],[-58.0095,-30.6099],[-58.0128,-30.6126],[-58.0294,-30.6001],[-58.0344,-30.5947],[-58.0372,-30.5811],[-58.035,-30.577],[-58.037,-30.5689],[-58.0514,-30.5592],[-58.06,-30.5562],[-58.0596,-30.5507],[-58.0689,-30.5456],[-58.0667,-30.5366],[-58.0628,-30.5352],[-58.0653,-30.5244],[-58.0595,-30.514],[-58.0636,-30.5035],[-58.0578,-30.4972],[-58.0661,-30.4906],[-58.0688,-30.4768],[-58.0746,-30.4684],[-58.0753,-30.459],[-58.0794,-30.4555],[-58.0713,-30.4493],[-58.0778,-30.4426],[-58.0713,-30.4339],[-58.0714,-30.4277],[-58.0777,-30.4229],[-58.0905,-30.424],[-58.1213,-30.4095],[-58.128,-30.4045],[-58.1402,-30.4063],[-58.1455,-30.4004],[-58.1501,-30.3903],[-58.1582,-30.3797],[-58.1775,-30.3597],[-58.1825,-30.3442],[-58.1919,-30.3356],[-58.1939,-30.3099],[-58.2065,-30.2923],[-58.2082,-30.2875],[-58.2151,-30.2865],[-58.2229,-30.2771],[-58.2448,-30.2712],[-58.261,-30.2564],[-58.2856,-30.2446],[-58.2984,-30.2468],[-58.3279,-30.2662],[-58.3437,-30.2712],[-58.3494,-30.2674],[-58.3618,-30.2635],[-58.3666,-30.2654],[-58.3738,-30.2598],[-58.3811,-30.2595],[-58.387,-30.251],[-58.404,-30.2498],[-58.4033,-30.2448],[-58.4146,-30.235],[-58.4239,-30.2316],[-58.4346,-30.2307],[-58.4441,-30.2211],[-58.4515,-30.2249],[-58.4536,-30.217],[-58.4606,-30.2072],[-58.4693,-30.2042],[-58.4979,-30.207],[-58.5078,-30.1989],[-58.5208,-30.1916],[-58.5502,-30.1836],[-58.5535,-30.1852],[-58.5683,-30.1673],[-58.5765,-30.16],[-58.5867,-30.159],[-58.6005,-30.1637],[-58.603,-30.168],[-58.6251,-30.1742],[-58.6349,-30.1753],[-58.6444,-30.1658],[-58.6563,-30.1652],[-58.6595,-30.1676],[-58.6714,-30.1646],[-58.6793,-30.1707],[-58.6817,-30.1757],[-58.6928,-30.1768],[-58.6996,-30.1839],[-58.7086,-30.1875],[-58.7164,-30.1854],[-58.7188,-30.1893],[-58.7417,-30.1999],[-58.7422,-30.2097],[-58.7548,-30.2159],[-58.7993,-30.2142],[-58.8038,-30.2108],[-58.8095,-30.2169],[-58.8298,-30.2281],[-58.8347,-30.232],[-58.8459,-30.2308],[-58.8543,-30.2372],[-58.8664,-30.2383],[-58.8793,-30.2467],[-58.8899,-30.2469],[-58.8982,-30.244],[-58.9123,-30.2481],[-58.9173,-30.2408],[-58.9256,-30.2424],[-58.938,-30.234],[-58.957,-30.2274],[-58.9685,-30.2211],[-58.9783,-30.2225],[-58.9909,-30.2193],[-58.9999,-30.2226],[-59.0067,-30.2204],[-59.0172,-30.2217],[-59.0296,-30.2267],[-59.038,-30.2275],[-59.0494,-30.2314],[-59.0514,-30.235],[-59.0643,-30.2308],[-59.0797,-30.2466],[-59.0756,-30.2573],[-59.0889,-30.2614],[-59.0941,-30.269],[-59.1033,-30.2714],[-59.1151,-30.2779],[-59.1235,-30.2783],[-59.1266,-30.2851],[-59.1366,-30.2866],[-59.1348,-30.2979],[-59.1369,-30.3119],[-59.1536,-30.3184],[-59.1583,-30.3227],[-59.1659,-30.3192],[-59.172,-30.3252],[-59.1802,-30.3244],[-59.183,-30.3286],[-59.1926,-30.3303],[-59.1922,-30.3367],[-59.2072,-30.3413],[-59.2097,-30.3466],[-59.2313,-30.3572],[-59.2297,-30.3642],[-59.2522,-30.3653],[-59.2576,-30.3602],[-59.2659,-30.3594],[-59.2709,-30.3535],[-59.2754,-30.3577],[-59.2919,-30.3583],[-59.3006,-30.3567],[-59.302,-30.3526],[-59.3112,-30.3474],[-59.3226,-30.3518],[-59.334,-30.3432],[-59.3381,-30.3331],[-59.3442,-30.3262],[-59.3668,-30.3236],[-59.3785,-30.3258],[-59.3819,-30.3216],[-59.3935,-30.3227],[-59.3975,-30.3201],[-59.4155,-30.3202],[-59.4196,-30.3157],[-59.4281,-30.3166],[-59.441,-30.3295],[-59.4495,-30.325],[-59.4644,-30.3254],[-59.4647,-30.3369],[-59.4729,-30.3345],[-59.4821,-30.3429],[-59.4874,-30.3431],[-59.4886,-30.3439],[-59.4928,-30.3421],[-59.4939,-30.3414],[-59.4952,-30.3415],[-59.496,-30.3419],[-59.497,-30.3437],[-59.4977,-30.3447],[-59.5059,-30.3413],[-59.512,-30.3426],[-59.5139,-30.3424],[-59.5168,-30.3401],[-59.5172,-30.3398],[-59.5181,-30.3395],[-59.5186,-30.3396],[-59.5268,-30.3344],[-59.5273,-30.3346],[-59.5318,-30.3393],[-59.5335,-30.34],[-59.5406,-30.339],[-59.5415,-30.3389],[-59.5423,-30.3389],[-59.5431,-30.3393],[-59.5529,-30.3337],[-59.5533,-30.3332],[-59.5545,-30.3326],[-59.5553,-30.3325],[-59.5564,-30.3325],[-59.5577,-30.3326],[-59.5583,-30.3329],[-59.5562,-30.3405],[-59.5559,-30.3411],[-59.5576,-30.3438],[-59.5584,-30.3443],[-59.5569,-30.3511],[-59.5567,-30.3517],[-59.5618,-30.3474],[-59.5623,-30.3471],[-59.5651,-30.3515],[-59.565,-30.3519],[-59.5652,-30.3531],[-59.5659,-30.3544],[-59.5676,-30.3644],[-59.5678,-30.3654],[-59.5679,-30.366],[-59.5684,-30.3671],[-59.569,-30.3683],[-59.5694,-30.3687],[-59.5727,-30.3692],[-59.5733,-30.3695],[-59.5712,-30.3758],[-59.5741,-30.3846],[-59.5738,-30.3929],[-59.5748,-30.3937],[-59.5752,-30.3939],[-59.5769,-30.3979],[-59.5768,-30.3983],[-59.5767,-30.3989],[-59.5745,-30.4018],[-59.5743,-30.402],[-59.5741,-30.4022],[-59.5727,-30.4043],[-59.5761,-30.4118],[-59.5799,-30.4127],[-59.581,-30.4133],[-59.581,-30.4138],[-59.5813,-30.4154],[-59.5823,-30.4226],[-59.587,-30.4342],[-59.5906,-30.435],[-59.6059,-30.4279],[-59.6087,-30.4258],[-59.6096,-30.4251],[-59.6151,-30.4192],[-59.6179,-30.4141],[-59.6226,-30.4019],[-59.6263,-30.3978],[-59.6264,-30.3977],[-59.6322,-30.3906],[-59.6329,-30.3886],[-59.6332,-30.3877],[-59.6334,-30.387],[-59.6334,-30.3751],[-59.6333,-30.3737],[-59.633,-30.3723],[-59.632,-30.368],[-59.6361,-30.3589],[-59.6368,-30.3578],[-59.639,-30.3572],[-59.6481,-30.3557],[-59.6512,-30.3554],[-59.654,-30.354],[-59.6575,-30.3528],[-59.6594,-30.3509],[-59.6717,-30.3387],[-59.6721,-30.3517],[-59.6675,-30.3604],[-59.6668,-30.3679],[-59.6714,-30.3763],[-59.6857,-30.3896],[-59.698,-30.3938],[-59.709,-30.3952],[-59.7192,-30.3992],[-59.7236,-30.4089],[-59.7217,-30.4184],[-59.7171,-30.4254],[-59.7033,-30.4362],[-59.6891,-30.4422],[-59.6839,-30.4461],[-59.6732,-30.4654],[-59.6738,-30.4767],[-59.6672,-30.4874],[-59.656,-30.5015],[-59.6507,-30.5138],[-59.6505,-30.529],[-59.6459,-30.5663],[-59.6459,-30.597],[-59.6509,-30.6089],[-59.6735,-30.6363],[-59.6784,-30.6469],[-59.6764,-30.6594],[-59.6681,-30.676],[-59.6631,-30.682],[-59.6366,-30.7013],[-59.6333,-30.7139],[-59.6399,-30.7278],[-59.6542,-30.7409],[-59.6652,-30.7489],[-59.6942,-30.7648],[-59.6994,-30.7691],[-59.7025,-30.7922],[-59.7015,-30.8012],[-59.7049,-30.8174],[-59.7106,-30.8343],[-59.7161,-30.8462],[-59.7348,-30.8766],[-59.7541,-30.8961],[-59.7701,-30.9057],[-59.7779,-30.913],[-59.8115,-30.9359],[-59.8182,-30.9425],[-59.8193,-30.9549],[-59.8261,-30.9717],[-59.8396,-30.9865],[-59.846,-30.9999],[-59.8779,-31.0562],[-59.9028,-31.0848],[-59.9254,-31.1051],[-59.9479,-31.1094],[-59.9634,-31.1199],[-59.977,-31.1427],[-59.9833,-31.1557],[-59.9848,-31.1664],[-59.9833,-31.1786],[-59.9848,-31.1934],[-59.9887,-31.2066],[-60.0014,-31.2369],[-60.0134,-31.2507],[-60.0255,-31.2591],[-60.0751,-31.2774],[-60.1056,-31.2899],[-60.1101,-31.2969],[-60.1057,-31.3108],[-60.0956,-31.3227],[-60.0869,-31.3398],[-60.0896,-31.3565],[-60.0961,-31.3706],[-60.1174,-31.3888],[-60.1384,-31.4134],[-60.1394,-31.4372],[-60.1491,-31.4483],[-60.1813,-31.4607],[-60.2071,-31.4652],[-60.2188,-31.4757],[-60.2195,-31.4933],[-60.2223,-31.503],[-60.2302,-31.5183],[-60.244,-31.5304],[-60.2579,-31.5357],[-60.2828,-31.5324],[-60.2993,-31.5336],[-60.3171,-31.5381],[-60.3257,-31.5419],[-60.3352,-31.5491],[-60.3399,-31.5552],[-60.3373,-31.5674],[-60.3269,-31.5788],[-60.3257,-31.5867],[-60.3276,-31.6021],[-60.3347,-31.6126],[-60.3573,-31.6266],[-60.3963,-31.643],[-60.4438,-31.6756],[-60.4544,-31.6893],[-60.4676,-31.6983],[-60.491,-31.7004],[-60.5177,-31.6992],[-60.5374,-31.6999],[-60.5681,-31.7049],[-60.591,-31.7109],[-60.6276,-31.7332],[-60.6388,-31.742],[-60.6429,-31.7512],[-60.6437,-31.7633],[-60.6364,-31.7746],[-60.6367,-31.7825],[-60.6409,-31.7918],[-60.6531,-31.792],[-60.6655,-31.7977],[-60.6758,-31.8117],[-60.6734,-31.8302],[-60.6626,-31.8445],[-60.6607,-31.8512],[-60.6615,-31.8617],[-60.6592,-31.8781],[-60.6529,-31.8971],[-60.6601,-31.9183],[-60.6719,-31.9302],[-60.7197,-31.9588],[-60.7235,-31.9776],[-60.7207,-31.9852],[-60.7045,-32.0004],[-60.6957,-32.0068],[-60.6844,-32.0121],[-60.6728,-32.028],[-60.6637,-32.0384],[-60.6581,-32.0507],[-60.656,-32.0671],[-60.6586,-32.0802],[-60.6621,-32.0852],[-60.6802,-32.1028],[-60.6947,-32.1288],[-60.7004,-32.1498],[-60.7001,-32.169],[-60.6971,-32.1824],[-60.6904,-32.1971],[-60.6804,-32.209],[-60.6737,-32.224],[-60.6735,-32.2449],[-60.6772,-32.2575],[-60.6828,-32.2865],[-60.6788,-32.315],[-60.6823,-32.324],[-60.7016,-32.3231],[-60.7121,-32.3257],[-60.719,-32.334],[-60.7216,-32.3421],[-60.7202,-32.3593],[-60.7123,-32.3833],[-60.7116,-32.3931],[-60.7202,-32.44],[-60.7238,-32.4561],[-60.7288,-32.4651],[-60.748,-32.4826],[-60.7653,-32.4936],[-60.7728,-32.5002],[-60.7762,-32.507],[-60.7714,-32.5193],[-60.7552,-32.5371],[-60.7474,-32.5543],[-60.7438,-32.5765],[-60.7439,-32.5861],[-60.7524,-32.6147],[-60.7521,-32.6222],[-60.7423,-32.6403],[-60.7259,-32.6636],[-60.7214,-32.6807],[-60.7199,-32.6936],[-60.7221,-32.7277],[-60.7221,-32.747],[-60.716,-32.7736],[-60.6943,-32.8056],[-60.6786,-32.8158],[-60.6589,-32.8312],[-60.659,-32.8402],[-60.665,-32.8551],[-60.6793,-32.867],[-60.6819,-32.8792],[-60.6762,-32.8996],[-60.6629,-32.9162],[-60.6502,-32.9267],[-60.6257,-32.9413],[-60.6169,-32.9539],[-60.6136,-32.966],[-60.6105,-32.9913],[-60.6012,-33.006],[-60.5859,-33.0248],[-60.5647,-33.0422],[-60.5544,-33.0536],[-60.5349,-33.0778],[-60.5224,-33.0992],[-60.5132,-33.1129],[-60.4934,-33.1314],[-60.467,-33.145],[-60.4515,-33.1495],[-60.4406,-33.1569],[-60.4346,-33.1654],[-60.4242,-33.174],[-60.398,-33.1868],[-60.3825,-33.1892],[-60.3604,-33.1804],[-60.3357,-33.1768],[-60.3109,-33.1804],[-60.3031,-33.1835],[-60.2883,-33.1976],[-60.2845,-33.2099],[-60.2869,-33.2166],[-60.2988,-33.2266],[-60.3002,-33.2304],[-60.2978,-33.2423],[-60.2928,-33.2459],[-60.2595,-33.2619],[-60.2282,-33.2804],[-60.2007,-33.2922],[-60.1905,-33.3032],[-60.1803,-33.3249],[-60.1762,-33.3392],[-60.1696,-33.349],[-60.1535,-33.356],[-60.1381,-33.3591],[-60.1111,-33.373],[-60.0871,-33.3944],[-60.0784,-33.4154],[-60.0722,-33.4247],[-60.0558,-33.4397],[-60.0448,-33.4475],[-59.9994,-33.4701],[-59.9896,-33.4718],[-59.9704,-33.4704],[-59.9428,-33.4725],[-59.933,-33.4749],[-59.9235,-33.4801],[-59.9089,-33.4998],[-59.9012,-33.5065],[-59.8878,-33.5129],[-59.867,-33.5164],[-59.8466,-33.5181],[-59.8339,-33.5213],[-59.82,-33.5338],[-59.8095,-33.5517],[-59.8084,-33.5611],[-59.811,-33.5849],[-59.8036,-33.5956],[-59.7876,-33.6036],[-59.7726,-33.608],[-59.7511,-33.6091],[-59.7301,-33.6037],[-59.6972,-33.6084],[-59.6644,-33.6175],[-59.6457,-33.63],[-59.636,-33.6427],[-59.6342,-33.6719],[-59.628,-33.6857],[-59.6174,-33.6937],[-59.6091,-33.6953],[-59.5906,-33.6872],[-59.5598,-33.6548],[-59.543,-33.6406],[-59.5298,-33.6334],[-59.5167,-33.6308],[-59.4926,-33.6399],[-59.4793,-33.6529],[-59.4757,-33.6584],[-59.4726,-33.6725],[-59.4678,-33.7043],[-59.4565,-33.7192],[-59.449,-33.7245],[-59.4253,-33.7326],[-59.3927,-33.7367],[-59.3777,-33.7365],[-59.3459,-33.7308],[-59.3336,-33.7294],[-59.3072,-33.7293],[-59.2543,-33.7223],[-59.2398,-33.7301],[-59.2354,-33.74],[-59.2398,-33.7547],[-59.2517,-33.7726],[-59.2549,-33.7859],[-59.2548,-33.7939],[-59.2489,-33.8034],[-59.2423,-33.8075],[-59.2188,-33.8147],[-59.178,-33.8064],[-59.1681,-33.8094],[-59.1598,-33.824],[-59.1386,-33.8438],[-59.1307,-33.8477],[-59.1126,-33.8483],[-59.1,-33.8452],[-59.0663,-33.8329],[-59.0555,-33.8324],[-59.0403,-33.8364],[-59.0288,-33.8463],[-59.015,-33.848],[-59.0041,-33.8418],[-58.9929,-33.8418],[-58.9888,-33.8461],[-58.9866,-33.8608],[-58.9779,-33.8704],[-58.9581,-33.8751],[-58.9396,-33.8735],[-58.9215,-33.8791],[-58.8998,-33.891],[-58.8877,-33.9076],[-58.8827,-33.9176],[-58.8713,-33.9334],[-58.8549,-33.9472],[-58.8306,-33.9553],[-58.8156,-33.9546],[-58.7904,-33.9452],[-58.7722,-33.9425],[-58.7637,-33.9453],[-58.7335,-33.9665],[-58.7164,-33.9839],[-58.684,-34.0193],[-58.6707,-34.0285],[-58.6505,-34.0367],[-58.6305,-34.0398],[-58.6072,-34.0379],[-58.596,-34.0355],[-58.5786,-34.0272],[-58.5705,-34.026],[-58.5532,-34.0267],[-58.5396,-34.0217],[-58.5067,-34.013],[-58.4995,-34.0085],[-58.4773,-34.0026],[-58.4632,-34.0019],[-58.3983,-34.0105],[-58.3789,-34.0122],[-58.3635,-34.0221],[-58.358,-34.0276],[-58.3538,-34.0327],[-58.3499,-34.0366],[-58.345,-34.0384],[-58.3767,-34],[-58.405,-33.955],[-58.4217,-33.9167],[-58.4267,-33.8935],[-58.4265,-33.8845],[-58.4337,-33.8294],[-58.4378,-33.7604],[-58.4347,-33.7337],[-58.4349,-33.7201],[-58.4473,-33.6879],[-58.4735,-33.6534],[-58.4767,-33.6463],[-58.4856,-33.6123],[-58.4942,-33.589],[-58.4932,-33.5808],[-58.4777,-33.5641],[-58.4477,-33.5436],[-58.443,-33.5362],[-58.4339,-33.4992],[-58.4336,-33.4951],[-58.4431,-33.4512],[-58.4426,-33.4444],[-58.4311,-33.4122],[-58.4318,-33.365],[-58.4303,-33.3603],[-58.4078,-33.3318],[-58.3972,-33.3138],[-58.3953,-33.2929],[-58.3908,-33.2805],[-58.3911,-33.2751],[-58.3976,-33.256],[-58.4075,-33.2411],[-58.4097,-33.2304],[-58.4058,-33.2077],[-58.4045,-33.1809],[-58.4024,-33.1758],[-58.3842,-33.1539],[-58.3712,-33.1301],[-58.3618,-33.121],[-58.3481,-33.1155],[-58.3131,-33.1057],[-58.2988,-33.1044],[-58.2784,-33.105],[-58.258,-33.1028],[-58.2397,-33.0975],[-58.2134,-33.0874],[-58.1768,-33.0772],[-58.1693,-33.0723],[-58.1416,-33.0425],[-58.1324,-33.0367],[-58.112,-33.0292],[-58.1022,-33.023],[-58.0887,-33.0105],[-58.0849,-33.0041],[-58.0846,-32.9937],[-58.0885,-32.9723],[-58.0868,-32.9608],[-58.0907,-32.9539],[-58.101,-32.9448],[-58.1115,-32.9303],[-58.1163,-32.9164],[-58.1171,-32.9028],[-58.1152,-32.8843],[-58.1219,-32.8647],[-58.1243,-32.834],[-58.1197,-32.8225],[-58.1231,-32.8056],[-58.1309,-32.7926],[-58.1345,-32.7827],[-58.1398,-32.756],[-58.1459,-32.7478],[-58.15,-32.732],[-58.148,-32.6965],[-58.1453,-32.6846],[-58.145,-32.6711],[-58.1505,-32.6501],[-58.1515,-32.6374],[-58.1496,-32.6317],[-58.1529,-32.6167],[-58.1609,-32.5937],[-58.1604,-32.5719],[-58.1699,-32.5517],[-58.1835,-32.5384],[-58.188,-32.5311],[-58.1878,-32.5148],[-58.1954,-32.4951],[-58.1977,-32.4776],[-58.2041,-32.4647],[-58.2028,-32.4527],[-58.1962,-32.4316],[-58.1953,-32.416],[-58.1932,-32.4085],[-58.1844,-32.3926],[-58.1847,-32.3824],[-58.1813,-32.3738],[-58.1713,-32.3629],[-58.1655,-32.3593],[-58.1439,-32.3524],[-58.1249,-32.3422],[-58.103,-32.3091],[-58.0985,-32.2877],[-58.0999,-32.26],[-58.1025,-32.2489],[-58.1106,-32.2384],[-58.1243,-32.2265],[-58.1552,-32.189],[-58.1798,-32.1654],[-58.1838,-32.1574],[-58.1833,-32.1502],[-58.1725,-32.1112],[-58.1684,-32.0939],[-58.1637,-32.0863],[-58.1502,-32.0757],[-58.1435,-32.0619],[-58.1382,-32.0326],[-58.1398,-32.0131],[-58.1398,-31.9984],[-58.1501,-31.9847],[-58.1531,-31.9769],[-58.1564,-31.9543],[-58.1607,-31.9446],[-58.171,-31.9298],[-58.1833,-31.9259],[-58.1913,-31.9203],[-58.1976,-31.9036],[-58.206,-31.8694],[-58.1966,-31.8572],[-58.1865,-31.8516],[-58.1662,-31.8454],[-58.1556,-31.8401],[-58.1266,-31.8313],[-58.0949,-31.8246],[-58.0839,-31.8196],[-58.0683,-31.8024],[-58.0503,-31.7735],[-58.0381,-31.7591],[-58.0371,-31.7523],[-58.0392,-31.7377],[-58.0333,-31.715],[-58.0126,-31.6859],[-58.0089,-31.6727],[-58.008,-31.6627],[-58.0016,-31.6476],[-57.9938,-31.6215],[-57.9847,-31.6019],[-57.9806,-31.5883],[-57.9806,-31.581],[-57.9866,-31.5662],[-58.0046,-31.5449],[-58.0029,-31.5341],[-58.0049,-31.5309],[-58.0233,-31.516],[-58.0411,-31.5066],[-58.062,-31.4996],[-58.0749,-31.4921],[-58.0805,-31.485],[-58.0831,-31.4738],[-58.0832,-31.4642],[-58.0808,-31.4536],[-58.0596,-31.4351],[-58.0345,-31.4215],[-58.0146,-31.4129],[-57.9825,-31.3927],[-57.9786,-31.3801],[-57.9971,-31.3611],[-57.9872,-31.3464],[-57.9818,-31.3358],[-57.9816,-31.3217],[-57.9786,-31.3161],[-57.9567,-31.2967],[-57.9494,-31.2866],[-57.9384,-31.2753],[-57.9354,-31.27],[-57.9283,-31.2454],[-57.9213,-31.2299],[-57.9153,-31.2206],[-57.9131,-31.2118],[-57.9124,-31.177],[-57.9151,-31.1665],[-57.9162,-31.1492],[-57.9203,-31.1391],[-57.9167,-31.1226],[-57.8997,-31.1071],[-57.8795,-31.0794],[-57.8713,-31.0703],[-57.8642,-31.0551],[-57.8616,-31.0417],[-57.8623,-31.0263],[-57.8666,-31.0134],[-57.8736,-31.0015],[-57.8836,-30.989],[-57.8898,-30.9739],[-57.8958,-30.9525],[-57.9135,-30.9321],[-57.915,-30.9213],[-57.9101,-30.9137],[-57.9028,-30.9094],[-57.8933,-30.9071],[-57.8747,-30.9106],[-57.8503,-30.9191],[-57.8346,-30.9182],[-57.8227,-30.9094],[-57.8143,-30.8884],[-57.8067,-30.8765],[-57.7992,-30.8532],[-57.8062,-30.8326],[-57.8051,-30.8121],[-57.8015,-30.8013],[-57.7974,-30.7827],[-57.8112,-30.7542],[-57.8095,-30.7302]],[[-58.1103,-32.9713],[-58.1066,-32.9603],[-58.0956,-32.9532],[-58.0887,-32.9584],[-58.0909,-32.9762],[-58.0872,-32.9948],[-58.1035,-33.0189],[-58.1137,-33.021],[-58.1091,-33.0104],[-58.1077,-33.0017],[-58.1089,-32.9952],[-58.1133,-32.9908],[-58.1103,-32.9713]],[[-58.114,-33.0211],[-58.1222,-33.0243],[-58.125,-33.0185],[-58.1228,-32.9985],[-58.1167,-32.9907],[-58.1095,-32.9951],[-58.1081,-33.0035],[-58.114,-33.0211]],[[-58.115,-32.9742],[-58.1133,-32.9663],[-58.1134,-32.9413],[-58.1082,-32.9381],[-58.1023,-32.9488],[-58.1017,-32.9552],[-58.1086,-32.9618],[-58.115,-32.9742]]]},"properties":{"nombre":"Entre Ríos","slug":"entre-rios"}},
{"type":"Feature","geometry":{"type":"MultiPolygon","coordinates":[[[[-56.0243,-27.3243],[-56.037,-27.3129],[-56.0462,-27.3089],[-56.0616,-27.3062],[-56.0868,-27.3086],[-56.1135,-27.3171],[-56.1222,-27.3184],[-56.1323,-27.3275],[-56.1494,-27.3279],[-56.1589,-27.3362],[-56.173,-27.3417],[-56.1816,-27.3488],[-56.1981,-27.3695],[-56.2037,-27.3732],[-56.2111,-27.3827],[-56.219,-27.3863],[-56.2298,-27.3872],[-56.2337,-27.3921],[-56.2362,-27.4014],[-56.2405,-27.404],[-56.2539,-27.4054],[-56.2679,-27.4039],[-56.2842,-27.4085],[-56.2936,-27.4192],[-56.2951,-27.4272],[-56.293,-27.4355],[-56.2859,-27.4503],[-56.2843,-27.4619],[-56.2887,-27.4811],[-56.2937,-27.4941],[-56.3044,-27.5003],[-56.3135,-27.5131],[-56.3196,-27.5177],[-56.3335,-27.5203],[-56.3384,-27.524],[-56.3472,-27.5412],[-56.3513,-27.5572],[-56.3501,-27.5674],[-56.3522,-27.5775],[-56.3594,-27.5906],[-56.3753,-27.6019],[-56.3948,-27.6069],[-56.415,-27.6056],[-56.4222,-27.6038],[-56.4321,-27.5972],[-56.4361,-27.5882],[-56.4411,-27.5845],[-56.4684,-27.5698],[-56.487,-27.5637],[-56.4985,-27.5518],[-56.5063,-27.527],[-56.523,-27.5064],[-56.5387,-27.4907],[-56.5436,-27.4743],[-56.5541,-27.4668],[-56.5548,-27.4593],[-56.5617,-27.4525],[-56.5683,-27.4498],[-56.5823,-27.449],[-56.5873,-27.4459],[-56.6014,-27.4319],[-56.607,-27.432],[-56.6368,-27.4517],[-56.6455,-27.4554],[-56.6496,-27.4608],[-56.6728,-27.4616],[-56.6781,-27.4635],[-56.6851,-27.4602],[-56.6888,-27.4545],[-56.7071,-27.4575],[-56.7188,-27.4646],[-56.7211,-27.4682],[-56.7217,-27.4806],[-56.7171,-27.4969],[-56.7054,-27.5074],[-56.7047,-27.5149],[-56.6982,-27.5298],[-56.6793,-27.5461],[-56.6765,-27.5505],[-56.6779,-27.5633],[-56.6835,-27.5746],[-56.6892,-27.579],[-56.7064,-27.5835],[-56.7151,-27.589],[-56.7251,-27.5995],[-56.7374,-27.6037],[-56.7472,-27.605],[-56.7704,-27.5982],[-56.7873,-27.588],[-56.7959,-27.587],[-56.8123,-27.5958],[-56.8206,-27.6022],[-56.8292,-27.6054],[-56.8493,-27.6063],[-56.8617,-27.6003],[-56.873,-27.5975],[-56.8966,-27.5888],[-56.9031,-27.5852],[-56.9168,-27.5719],[-56.9243,-27.571],[-56.9422,-27.5583],[-56.947,-27.5505],[-56.9493,-27.5403],[-56.9576,-27.5291],[-56.9657,-27.502],[-56.9696,-27.4979],[-56.9799,-27.4934],[-56.9952,-27.4903],[-57.0005,-27.4908],[-57.0117,-27.4871],[-57.0271,-27.4857],[-57.0365,-27.4806],[-57.0602,-27.4813],[-57.0723,-27.4834],[-57.1018,-27.4847],[-57.1192,-27.4934],[-57.134,-27.4918],[-57.143,-27.4873],[-57.146,-27.4829],[-57.1536,-27.4824],[-57.1864,-27.4763],[-57.2307,-27.4688],[-57.2379,-27.4641],[-57.2496,-27.4507],[-57.2679,-27.4408],[-57.2796,-27.4303],[-57.3022,-27.4255],[-57.3176,-27.4141],[-57.3265,-27.4098],[-57.3385,-27.4101],[-57.3721,-27.4195],[-57.3861,-27.4217],[-57.3957,-27.4208],[-57.4193,-27.4289],[-57.439,-27.4383],[-57.4479,-27.4387],[-57.4743,-27.4442],[-57.4928,-27.4455],[-57.5075,-27.4442],[-57.5266,-27.4368],[-57.5435,-27.433],[-57.5511,-27.4283],[-57.5609,-27.4167],[-57.5691,-27.4109],[-57.5775,-27.4095],[-57.586,-27.4028],[-57.6098,-27.3957],[-57.6357,-27.377],[-57.6524,-27.3672],[-57.6706,-27.3408],[-57.6856,-27.3342],[-57.697,-27.3269],[-57.7053,-27.3256],[-57.7181,-27.3326],[-57.7308,-27.336],[-57.7668,-27.3383],[-57.7809,-27.3415],[-57.795,-27.3415],[-57.8137,-27.3372],[-57.8272,-27.3275],[-57.8416,-27.3088],[-57.8476,-27.2966],[-57.856,-27.2836],[-57.8624,-27.2786],[-57.8817,-27.27],[-57.897,-27.267],[-57.9323,-27.2641],[-57.9593,-27.2741],[-57.9763,-27.274],[-57.986,-27.2704],[-57.9962,-27.2642],[-58.0099,-27.2594],[-58.0265,-27.259],[-58.0608,-27.2607],[-58.0708,-27.2639],[-58.0805,-27.2718],[-58.0882,-27.275],[-58.1039,-27.2764],[-58.1221,-27.2756],[-58.1548,-27.2791],[-58.1777,-27.2778],[-58.1913,-27.2808],[-58.197,-27.28],[-58.2172,-27.2711],[-58.2431,-27.262],[-58.2522,-27.2619],[-58.2729,-27.2658],[-58.2909,-27.275],[-58.2995,-27.2768],[-58.315,-27.2773],[-58.3607,-27.2834],[-58.3729,-27.2908],[-58.3968,-27.2884],[-58.4168,-27.2901],[-58.4383,-27.2828],[-58.4536,-27.2793],[-58.4766,-27.2709],[-58.4935,-27.2706],[-58.5006,-27.2737],[-58.5058,-27.2835],[-58.5111,-27.2887],[-58.5201,-27.2921],[-58.5342,-27.2942],[-58.5464,-27.294],[-58.5627,-27.3011],[-58.5792,-27.314],[-58.5903,-27.3201],[-58.6017,-27.3217],[-58.6165,-27.3186],[-58.6234,-27.3277],[-58.6404,-27.3375],[-58.6688,-27.3591],[-58.6761,-27.3611],[-58.7009,-27.3635],[-58.7456,-27.3822],[-58.7563,-27.3835],[-58.7683,-27.3763],[-58.781,-27.3818],[-58.7935,-27.3932],[-58.7977,-27.4057],[-58.8086,-27.4237],[-58.8151,-27.4308],[-58.829,-27.4418],[-58.8573,-27.4672],[-58.8723,-27.4847],[-58.8814,-27.4979],[-58.8812,-27.5287],[-58.8778,-27.549],[-58.8713,-27.5593],[-58.8714,-27.5799],[-58.8828,-27.5993],[-58.8827,-27.6085],[-58.8691,-27.6235],[-58.8449,-27.6382],[-58.8355,-27.6466],[-58.8188,-27.6812],[-58.8133,-27.7477],[-58.8097,-27.7834],[-58.8139,-27.8036],[-58.8235,-27.8395],[-58.8372,-27.8627],[-58.8432,-27.8763],[-58.8455,-27.8916],[-58.8435,-27.914],[-58.8293,-27.9619],[-58.8321,-27.9738],[-58.8422,-27.9916],[-58.8577,-28.0116],[-58.8607,-28.021],[-58.8614,-28.0381],[-58.8597,-28.0503],[-58.8653,-28.0567],[-58.8808,-28.0668],[-58.8995,-28.0827],[-58.9268,-28.1097],[-58.9451,-28.1338],[-58.9632,-28.1395],[-58.9844,-28.1403],[-59.0075,-28.1386],[-59.0281,-28.1346],[-59.0534,-28.1268],[-59.0624,-28.1281],[-59.0723,-28.1363],[-59.08,-28.1503],[-59.0876,-28.1718],[-59.0892,-28.1816],[-59.0862,-28.1995],[-59.0899,-28.2052],[-59.105,-28.2178],[-59.1095,-28.2297],[-59.1098,-28.2451],[-59.1024,-28.2696],[-59.1017,-28.3013],[-59.1035,-28.3288],[-59.1001,-28.3348],[-59.081,-28.3473],[-59.0762,-28.3653],[-59.0779,-28.3988],[-59.0855,-28.42],[-59.086,-28.436],[-59.0696,-28.451],[-59.0558,-28.4712],[-59.0489,-28.4893],[-59.0543,-28.5078],[-59.0684,-28.5241],[-59.078,-28.5307],[-59.0843,-28.5392],[-59.0882,-28.5578],[-59.0993,-28.5744],[-59.1011,-28.5832],[-59.0988,-28.5961],[-59.1057,-28.6147],[-59.105,-28.6339],[-59.0962,-28.648],[-59.0815,-28.6568],[-59.0781,-28.6649],[-59.0938,-28.6889],[-59.0991,-28.7008],[-59.1022,-28.7158],[-59.1157,-28.7374],[-59.1181,-28.7432],[-59.1355,-28.7679],[-59.1555,-28.785],[-59.1605,-28.7948],[-59.1619,-28.8069],[-59.1607,-28.8245],[-59.1581,-28.8426],[-59.1574,-28.8643],[-59.1581,-28.8774],[-59.1697,-28.9088],[-59.1833,-28.9273],[-59.1952,-28.938],[-59.2047,-28.9545],[-59.2095,-28.969],[-59.2109,-28.9844],[-59.2088,-28.9982],[-59.2002,-29.0123],[-59.1983,-29.0254],[-59.1997,-29.0315],[-59.2126,-29.0527],[-59.2487,-29.0837],[-59.2753,-29.0996],[-59.3025,-29.1058],[-59.3325,-29.1084],[-59.3468,-29.1144],[-59.3582,-29.1279],[-59.3625,-29.1379],[-59.3639,-29.1489],[-59.3709,-29.1564],[-59.3907,-29.1814],[-59.3968,-29.1905],[-59.4021,-29.2169],[-59.4078,-29.2214],[-59.4334,-29.2215],[-59.4423,-29.2235],[-59.4902,-29.2381],[-59.5006,-29.2435],[-59.5087,-29.2508],[-59.5109,-29.2573],[-59.512,-29.2777],[-59.5119,-29.3168],[-59.5162,-29.3377],[-59.5198,-29.3432],[-59.5322,-29.3539],[-59.5611,-29.3703],[-59.594,-29.3825],[-59.6043,-29.3947],[-59.6052,-29.4088],[-59.6001,-29.4211],[-59.587,-29.438],[-59.58,-29.4598],[-59.5828,-29.4815],[-59.5845,-29.5024],[-59.5895,-29.5172],[-59.5914,-29.5341],[-59.5892,-29.5441],[-59.5926,-29.5543],[-59.5902,-29.5698],[-59.5999,-29.5836],[-59.6023,-29.5936],[-59.6023,-29.6076],[-59.6047,-29.6281],[-59.6087,-29.6516],[-59.614,-29.6688],[-59.6142,-29.6883],[-59.6104,-29.7149],[-59.6106,-29.7266],[-59.6135,-29.7363],[-59.6175,-29.7758],[-59.6354,-29.7963],[-59.6466,-29.8141],[-59.6516,-29.818],[-59.6585,-29.8299],[-59.6597,-29.8432],[-59.6556,-29.8534],[-59.6197,-29.8786],[-59.6047,-29.9027],[-59.6014,-29.9103],[-59.5926,-29.9398],[-59.5909,-29.9557],[-59.5916,-29.9687],[-59.5889,-29.9763],[-59.5799,-29.989],[-59.5702,-29.9967],[-59.5664,-30.0043],[-59.5685,-30.0164],[-59.5797,-30.0454],[-59.5897,-30.0619],[-59.5973,-30.0795],[-59.6121,-30.1025],[-59.6161,-30.113],[-59.6187,-30.1325],[-59.628,-30.1549],[-59.6313,-30.168],[-59.6309,-30.1822],[-59.6268,-30.1977],[-59.6259,-30.2115],[-59.6392,-30.242],[-59.6482,-30.2494],[-59.6635,-30.2567],[-59.6799,-30.2613],[-59.7073,-30.2667],[-59.7108,-30.2703],[-59.7113,-30.2841],[-59.7084,-30.2931],[-59.708,-30.294],[-59.6935,-30.3131],[-59.6858,-30.3169],[-59.6723,-30.3205],[-59.6668,-30.3272],[-59.6717,-30.3387],[-59.6594,-30.3509],[-59.6575,-30.3528],[-59.654,-30.354],[-59.6512,-30.3554],[-59.6481,-30.3557],[-59.639,-30.3572],[-59.6368,-30.3578],[-59.6361,-30.3589],[-59.632,-30.368],[-59.633,-30.3723],[-59.6333,-30.3737],[-59.6334,-30.3751],[-59.6334,-30.387],[-59.6332,-30.3877],[-59.6329,-30.3886],[-59.6322,-30.3906],[-59.6264,-30.3977],[-59.6263,-30.3978],[-59.6226,-30.4019],[-59.6179,-30.4141],[-59.6151,-30.4192],[-59.6096,-30.4251],[-59.6087,-30.4258],[-59.6059,-30.4279],[-59.5906,-30.435],[-59.587,-30.4342],[-59.5823,-30.4226],[-59.5813,-30.4154],[-59.581,-30.4138],[-59.581,-30.4133],[-59.5799,-30.4127],[-59.5761,-30.4118],[-59.5727,-30.4043],[-59.5741,-30.4022],[-59.5743,-30.402],[-59.5745,-30.4018],[-59.5767,-30.3989],[-59.5768,-30.3983],[-59.5769,-30.3979],[-59.5752,-30.3939],[-59.5748,-30.3937],[-59.5738,-30.3929],[-59.5741,-30.3846],[-59.5712,-30.3758],[-59.5733,-30.3695],[-59.5727,-30.3692],[-59.5694,-30.3687],[-59.569,-30.3683],[-59.5684,-30.3671],[-59.5679,-30.366],[-59.5678,-30.3654],[-59.5676,-30.3644],[-59.5659,-30.3544],[-59.5652,-30.3531],[-59.565,-30.3519],[-59.5651,-30.3515],[-59.5623,-30.3471],[-59.5618,-30.3474],[-59.5567,-30.3517],[-59.5569,-30.3511],[-59.5584,-30.3443],[-59.5576,-30.3438],[-59.5559,-30.3411],[-59.5562,-30.3405],[-59.5583,-30.3329],[-59.5577,-30.3326],[-59.5564,-30.3325],[-59.5553,-30.3325],[-59.5545,-30.3326],[-59.5533,-30.3332],[-59.5529,-30.3337],[-59.5431,-30.3393],[-59.5423,-30.3389],[-59.5415,-30.3389],[-59.5406,-30.339],[-59.5335,-30.34],[-59.5318,-30.3393],[-59.5273,-30.3346],[-59.5268,-30.3344],[-59.5186,-30.3396],[-59.5181,-30.3395],[-59.5172,-30.3398],[-59.5168,-30.3401],[-59.5139,-30.3424],[-59.512,-30.3426],[-59.5059,-30.3413],[-59.4977,-30.3447],[-59.497,-30.3437],[-59.496,-30.3419],[-59.4952,-30.3415],[-59.4939,-30.3414],[-59.4928,-30.3421],[-59.4886,-30.3439],[-59.4874,-30.3431],[-59.4821,-30.3429],[-59.4729,-30.3345],[-59.4647,-30.3369],[-59.4644,-30.3254],[-59.4495,-30.325],[-59.441,-30.3295],[-59.4281,-30.3166],[-59.4196,-30.3157],[-59.4155,-30.3202],[-59.3975,-30.3201],[-59.3935,-30.3227],[-59.3819,-30.3216],[-59.3785,-30.3258],[-59.3668,-30.3236],[-59.3442,-30.3262],[-59.3381,-30.3331],[-59.334,-30.3432],[-59.3226,-30.3518],[-59.3112,-30.3474],[-59.302,-30.3526],[-59.3006,-30.3567],[-59.2919,-30.3583],[-59.2754,-30.3577],[-59.2709,-30.3535],[-59.2659,-30.3594],[-59.2576,-30.3602],[-59.2522,-30.3653],[-59.2297,-30.3642],[-59.2313,-30.3572],[-59.2097,-30.3466],[-59.2072,-30.3413],[-59.1922,-30.3367],[-59.1926,-30.3303],[-59.183,-30.3286],[-59.1802,-30.3244],[-59.172,-30.3252],[-59.1659,-30.3192],[-59.1583,-30.3227],[-59.1536,-30.3184],[-59.1369,-30.3119],[-59.1348,-30.2979],[-59.1366,-30.2866],[-59.1266,-30.2851],[-59.1235,-30.2783],[-59.1151,-30.2779],[-59.1033,-30.2714],[-59.0941,-30.269],[-59.0889,-30.2614],[-59.0756,-30.2573],[-59.0797,-30.2466],[-59.0643,-30.2308],[-59.0514,-30.235],[-59.0494,-30.2314],[-59.038,-30.2275],[-59.0296,-30.2267],[-59.0172,-30.2217],[-59.0067,-30.2204],[-58.9999,-30.2226],[-58.9909,-30.2193],[-58.9783,-30.2225],[-58.9685,-30.2211],[-58.957,-30.2274],[-58.938,-30.234],[-58.9256,-30.2424],[-58.9173,-30.2408],[-58.9123,-30.2481],[-58.8982,-30.244],[-58.8899,-30.2469],[-58.8793,-30.2467],[-58.8664,-30.2383],[-58.8543,-30.2372],[-58.8459,-30.2308],[-58.8347,-30.232],[-58.8298,-30.2281],[-58.8095,-30.2169],[-58.8038,-30.2108],[-58.7993,-30.2142],[-58.7548,-30.2159],[-58.7422,-30.2097],[-58.7417,-30.1999],[-58.7188,-30.1893],[-58.7164,-30.1854],[-58.7086,-30.1875],[-58.6996,-30.1839],[-58.6928,-30.1768],[-58.6817,-30.1757],[-58.6793,-30.1707],[-58.6714,-30.1646],[-58.6595,-30.1676],[-58.6563,-30.1652],[-58.6444,-30.1658],[-58.6349,-30.1753],[-58.6251,-30.1742],[-58.603,-30.168],[-58.6005,-30.1637],[-58.5867,-30.159],[-58.5765,-30.16],[-58.5683,-30.1673],[-58.5535,-30.1852],[-58.5502,-30.1836],[-58.5208,-30.1916],[-58.5078,-30.1989],[-58.4979,-30.207],[-58.4693,-30.2042],[-58.4606,-30.2072],[-58.4536,-30.217],[-58.4515,-30.2249],[-58.4441,-30.2211],[-58.4346,-30.2307],[-58.4239,-30.2316],[-58.4146,-30.235],[-58.4033,-30.2448],[-58.404,-30.2498],[-58.387,-30.251],[-58.3811,-30.2595],[-58.3738,-30.2598],[-58.3666,-30.2654],[-58.3618,-30.2635],[-58.3494,-30.2674],[-58.3437,-30.2712],[-58.3279,-30.2662],[-58.2984,-30.2468],[-58.2856,-30.2446],[-58.261,-30.2564],[-58.2448,-30.2712],[-58.2229,-30.2771],[-58.2151,-30.2865],[-58.2082,-30.2875],[-58.2065,-30.2923],[-58.1939,-30.3099],[-58.1919,-30.3356],[-58.1825,-30.3442],[-58.1775,-30.3597],[-58.1582,-30.3797],[-58.1501,-30.3903],[-58.1455,-30.4004],[-58.1402,-30.4063],[-58.128,-30.4045],[-58.1213,-30.4095],[-58.0905,-30.424],[-58.0777,-30.4229],[-58.0714,-30.4277],[-58.0713,-30.4339],[-58.0778,-30.4426],[-58.0713,-30.4493],[-58.0794,-30.4555],[-58.0753,-30.459],[-58.0746,-30.4684],[-58.0688,-30.4768],[-58.0661,-30.4906],[-58.0578,-30.4972],[-58.0636,-30.5035],[-58.0595,-30.514],[-58.0653,-30.5244],[-58.0628,-30.5352],[-58.0667,-30.5366],[-58.0689,-30.5456],[-58.0596,-30.5507],[-58.06,-30.5562],[-58.0514,-30.5592],[-58.037,-30.5689],[-58.035,-30.577],[-58.0372,-30.5811],[-58.0344,-30.5947],[-58.0294,-30.6001],[-58.0128,-30.6126],[-58.0095,-30.6099],[-57.9962,-30.6224],[-57.9863,-30.6276],[-57.9842,-30.6335],[-57.9736,-30.6373],[-57.9753,-30.647],[-57.964,-30.648],[-57.9599,-30.6531],[-57.954,-30.6488],[-57.943,-30.656],[-57.9329,-30.6538],[-57.9299,-30.6584],[-57.8948,-30.6694],[-57.872,-30.6825],[-57.8625,-30.6912],[-57.8548,-30.6947],[-57.851,-30.7005],[-57.8461,-30.7184],[-57.84,-30.7226],[-57.8215,-30.7194],[-57.8095,-30.7302],[-57.8074,-30.7133],[-57.809,-30.6953],[-57.8194,-30.6803],[-57.8371,-30.6691],[-57.8435,-30.6593],[-57.8449,-30.6523],[-57.8447,-30.6354],[-57.8479,-30.6185],[-57.8611,-30.6056],[-57.8706,-30.5988],[-57.8767,-30.5974],[-57.8873,-30.5876],[-57.8896,-30.5792],[-57.8873,-30.5747],[-57.8882,-30.5577],[-57.8866,-30.5394],[-57.8889,-30.5255],[-57.8849,-30.5167],[-57.889,-30.5094],[-57.8769,-30.4993],[-57.863,-30.4823],[-57.8562,-30.4795],[-57.844,-30.4693],[-57.8135,-30.4533],[-57.7941,-30.4467],[-57.7776,-30.4339],[-57.768,-30.4185],[-57.7533,-30.4124],[-57.7369,-30.4073],[-57.7231,-30.4004],[-57.707,-30.3892],[-57.6933,-30.3814],[-57.6805,-30.3694],[-57.6637,-30.3589],[-57.6431,-30.3421],[-57.6373,-30.3295],[-57.6348,-30.3121],[-57.6291,-30.297],[-57.6254,-30.2814],[-57.6152,-30.2545],[-57.616,-30.2481],[-57.6246,-30.234],[-57.6354,-30.2198],[-57.6436,-30.2128],[-57.6514,-30.2027],[-57.6496,-30.1887],[-57.6413,-30.1788],[-57.6352,-30.1757],[-57.624,-30.1744],[-57.6157,-30.1774],[-57.5881,-30.1795],[-57.5773,-30.1762],[-57.5603,-30.1685],[-57.549,-30.166],[-57.5226,-30.1505],[-57.4998,-30.1351],[-57.4873,-30.1288],[-57.4702,-30.1162],[-57.4589,-30.1026],[-57.4549,-30.0891],[-57.4459,-30.0716],[-57.4303,-30.0529],[-57.4062,-30.0301],[-57.3953,-30.0244],[-57.3712,-30.0171],[-57.3531,-30.0085],[-57.3429,-30],[-57.3368,-29.9904],[-57.326,-29.965],[-57.3239,-29.9403],[-57.3243,-29.9225],[-57.3288,-29.8947],[-57.3278,-29.8833],[-57.3226,-29.8721],[-57.3011,-29.838],[-57.2895,-29.8253],[-57.2711,-29.8104],[-57.2554,-29.7993],[-57.241,-29.7869],[-57.2299,-29.7792],[-57.2232,-29.7777],[-57.2025,-29.7786],[-57.1778,-29.7816],[-57.1699,-29.7812],[-57.1427,-29.7743],[-57.1195,-29.7637],[-57.0981,-29.7471],[-57.049,-29.7048],[-57.0377,-29.699],[-57.021,-29.6823],[-57.0135,-29.6711],[-57.0059,-29.6561],[-56.9874,-29.6449],[-56.9735,-29.6436],[-56.9672,-29.6371],[-56.9669,-29.6319],[-56.9711,-29.6172],[-56.9712,-29.6077],[-56.9658,-29.5992],[-56.9498,-29.5826],[-56.9311,-29.5723],[-56.9093,-29.543],[-56.8999,-29.5334],[-56.8849,-29.5234],[-56.8512,-29.5045],[-56.8247,-29.4913],[-56.8138,-29.482],[-56.8072,-29.4711],[-56.8039,-29.4582],[-56.7973,-29.4501],[-56.7808,-29.4384],[-56.7772,-29.4335],[-56.7784,-29.409],[-56.7729,-29.3908],[-56.7675,-29.3826],[-56.7581,-29.3741],[-56.741,-29.37],[-56.7151,-29.3673],[-56.7039,-29.3622],[-56.6784,-29.3229],[-56.6603,-29.2925],[-56.6496,-29.2724],[-56.6485,-29.2554],[-56.6526,-29.2416],[-56.6532,-29.2216],[-56.6474,-29.2041],[-56.6434,-29.1961],[-56.6267,-29.183],[-56.6055,-29.1624],[-56.5957,-29.1403],[-56.5955,-29.1323],[-56.5915,-29.1243],[-56.5775,-29.1161],[-56.5702,-29.1146],[-56.5505,-29.1165],[-56.5408,-29.1137],[-56.5171,-29.0972],[-56.5072,-29.0925],[-56.5008,-29.0924],[-56.4709,-29.0875],[-56.4252,-29.0818],[-56.4195,-29.079],[-56.4122,-29.0672],[-56.4118,-29.0512],[-56.4077,-29.0409],[-56.4007,-29.0301],[-56.3987,-29.0212],[-56.4023,-29.0147],[-56.4141,-29.004],[-56.4159,-28.9976],[-56.4147,-28.9888],[-56.4099,-28.9776],[-56.3905,-28.9551],[-56.3826,-28.9509],[-56.3593,-28.9438],[-56.3375,-28.9346],[-56.3288,-28.9285],[-56.3019,-28.9011],[-56.2978,-28.8894],[-56.2975,-28.8531],[-56.3012,-28.8155],[-56.2995,-28.8074],[-56.2944,-28.7977],[-56.2854,-28.7893],[-56.2774,-28.785],[-56.2592,-28.7783],[-56.2424,-28.7773],[-56.2072,-28.7737],[-56.1919,-28.7736],[-56.1811,-28.7663],[-56.1608,-28.7396],[-56.1482,-28.7157],[-56.129,-28.6923],[-56.1186,-28.6817],[-56.0997,-28.6665],[-56.0833,-28.6546],[-56.0589,-28.6308],[-56.0517,-28.6257],[-56.0271,-28.6177],[-56.0111,-28.6082],[-56.0019,-28.5959],[-56.0023,-28.5785],[-56.0094,-28.5664],[-56.0171,-28.5574],[-56.0245,-28.5453],[-56.0256,-28.5312],[-56.022,-28.5199],[-56.0086,-28.506],[-55.9971,-28.5002],[-55.9861,-28.4977],[-55.9548,-28.4953],[-55.9459,-28.4937],[-55.9309,-28.488],[-55.9073,-28.4812],[-55.8842,-28.4796],[-55.8812,-28.4696],[-55.8825,-28.4635],[-55.8928,-28.4338],[-55.9027,-28.4122],[-55.9018,-28.4029],[-55.8969,-28.3928],[-55.8824,-28.3705],[-55.8783,-28.3612],[-55.8665,-28.3555],[-55.8512,-28.355],[-55.8406,-28.357],[-55.8271,-28.362],[-55.8034,-28.3661],[-55.7574,-28.3686],[-55.739,-28.3767],[-55.7278,-28.3924],[-55.7189,-28.4202],[-55.7109,-28.4255],[-55.7041,-28.4268],[-55.6963,-28.4232],[-55.6917,-28.4176],[-55.6895,-28.408],[-55.6889,-28.3867],[-55.6823,-28.3748],[-55.6686,-28.3416],[-55.6699,-28.3308],[-55.6858,-28.3174],[-55.7038,-28.3103],[-55.7268,-28.2899],[-55.7349,-28.2849],[-55.765,-28.2773],[-55.7727,-28.2739],[-55.7785,-28.2674],[-55.7825,-28.2539],[-55.7752,-28.2444],[-55.7689,-28.2406],[-55.7355,-28.2293],[-55.7138,-28.2266],[-55.703,-28.2232],[-55.6916,-28.2172],[-55.6694,-28.1975],[-55.6583,-28.1861],[-55.6521,-28.1825],[-55.6349,-28.1786],[-55.6266,-28.1709],[-55.621,-28.1516],[-55.6202,-28.1375],[-55.6402,-28.1329],[-55.645,-28.13],[-55.6562,-28.1146],[-55.6623,-28.114],[-55.6695,-28.1058],[-55.6774,-28.1032],[-55.6943,-28.0897],[-55.7032,-28.094],[-55.7119,-28.0887],[-55.7171,-28.0802],[-55.7179,-28.0722],[-55.7136,-28.0669],[-55.7164,-28.0614],[-55.7324,-28.0663],[-55.7419,-28.0597],[-55.7464,-28.0622],[-55.7585,-28.0604],[-55.759,-28.0518],[-55.7497,-28.0361],[-55.76,-28.0227],[-55.7572,-28.0166],[-55.7616,-28.0127],[-55.7712,-28.0119],[-55.7766,-28.0083],[-55.7745,-27.9997],[-55.7774,-27.993],[-55.7839,-27.991],[-55.7878,-27.981],[-55.8024,-27.9737],[-55.8057,-27.9696],[-55.8041,-27.9626],[-55.8117,-27.9531],[-55.8182,-27.9546],[-55.8244,-27.9484],[-55.8188,-27.938],[-55.8131,-27.9319],[-55.8137,-27.9207],[-55.8217,-27.9097],[-55.8318,-27.9041],[-55.8319,-27.8947],[-55.836,-27.8898],[-55.8301,-27.8827],[-55.8307,-27.8705],[-55.8273,-27.8542],[-55.8353,-27.8459],[-55.844,-27.8401],[-55.8463,-27.8324],[-55.8374,-27.8227],[-55.836,-27.7999],[-55.8315,-27.7939],[-55.8255,-27.7917],[-55.8359,-27.7839],[-55.8889,-27.6936],[-55.9789,-27.5402],[-55.9956,-27.5309],[-56.0037,-27.5247],[-56.018,-27.5108],[-56.0266,-27.5073],[-56.0288,-27.4985],[-56.0332,-27.4921],[-56.033,-27.4857],[-56.038,-27.4786],[-56.0372,-27.4686],[-56.0454,-27.4571],[-56.0545,-27.4512],[-56.0535,-27.4415],[-56.0586,-27.4358],[-56.0532,-27.4273],[-56.0555,-27.4208],[-56.0374,-27.4157],[-56.0427,-27.4029],[-56.0333,-27.3888],[-56.0297,-27.3862],[-56.0279,-27.3731],[-56.034,-27.3669],[-56.0391,-27.3529],[-56.0386,-27.3447],[-56.0245,-27.3369],[-56.0281,-27.3298],[-56.0243,-27.3243]],[[-57.9033,-27.2738],[-57.8827,-27.2799],[-57.863,-27.2927],[-57.8828,-27.2896],[-57.8935,-27.2862],[-57.8945,-27.2798],[-57.9033,-27.2738]],[[-57.9067,-27.2906],[-57.9156,-27.2899],[-57.9116,-27.278],[-57.8987,-27.278],[-57.8947,-27.2867],[-57.9067,-27.2906]],[[-57.9529,-27.276],[-57.9462,-27.2728],[-57.9305,-27.2729],[-57.924,-27.276],[-57.9449,-27.2862],[-57.9402,-27.2775],[-57.9529,-27.276]]],[[[-56.9148,-27.4235],[-56.9288,-27.4233],[-56.9506,-27.4339],[-56.9567,-27.4408],[-56.9688,-27.4465],[-56.9757,-27.4467],[-56.9874,-27.4552],[-56.994,-27.4663],[-57.0057,-27.4708],[-57.018,-27.4733],[-57.0313,-27.4805],[-57.0292,-27.4834],[-57.0036,-27.4871],[-56.9934,-27.4852],[-56.9701,-27.4927],[-56.9598,-27.5082],[-56.9524,-27.5148],[-56.9436,-27.5179],[-56.9328,-27.5268],[-56.9094,-27.5325],[-56.9031,-27.5374],[-56.9009,-27.5444],[-56.8879,-27.5549],[-56.8749,-27.5804],[-56.853,-27.5925],[-56.8404,-27.5962],[-56.8255,-27.5939],[-56.8174,-27.5839],[-56.7987,-27.5735],[-56.7857,-27.5702],[-56.7702,-27.5684],[-56.7616,-27.5636],[-56.7491,-27.5622],[-56.7377,-27.5501],[-56.7319,-27.5275],[-56.7254,-27.5123],[-56.7294,-27.502],[-56.7495,-27.506],[-56.7558,-27.5057],[-56.7834,-27.4942],[-56.7869,-27.4903],[-56.8058,-27.477],[-56.8186,-27.4737],[-56.8386,-27.461],[-56.8617,-27.4373],[-56.8718,-27.4304],[-56.8834,-27.4249],[-56.8921,-27.4253],[-56.9013,-27.4221],[-56.9148,-27.4235]]],[[[-57.5666,-27.3851],[-57.5703,-27.3839],[-57.5844,-27.3875],[-57.5934,-27.3925],[-57.5809,-27.3962],[-57.5736,-27.4019],[-57.5613,-27.4061],[-57.5423,-27.4187],[-57.5147,-27.4319],[-57.4995,-27.4351],[-57.4922,-27.4387],[-57.4805,-27.4369],[-57.4549,-27.4289],[-57.4332,-27.4252],[-57.4201,-27.4209],[-57.4045,-27.418],[-57.4077,-27.4138],[-57.4409,-27.4079],[-57.462,-27.4092],[-57.5013,-27.4034],[-57.5404,-27.3945],[-57.5545,-27.3871],[-57.5666,-27.3851]]],[[[-56.7053,-27.5633],[-56.7048,-27.5542],[-56.7013,-27.5484],[-56.6997,-27.5365],[-56.7156,-27.5199],[-56.7216,-27.5298],[-56.7253,-27.5454],[-56.7306,-27.5543],[-56.7384,-27.5623],[-56.7614,-27.5775],[-56.7812,-27.5793],[-56.7839,-27.5827],[-56.7726,-27.5874],[-56.765,-27.5872],[-56.7442,-27.5923],[-56.7342,-27.5914],[-56.7239,-27.5858],[-56.7102,-27.5738],[-56.7053,-27.5633]]],[[[-56.9569,-27.5161],[-56.952,-27.5233],[-56.9384,-27.53],[-56.9324,-27.5351],[-56.9248,-27.5471],[-56.9221,-27.5601],[-56.9131,-27.5665],[-56.9028,-27.5686],[-56.8957,-27.5748],[-56.8814,-27.5827],[-56.881,-27.5746],[-56.8868,-27.5603],[-56.8941,-27.5517],[-56.9098,-27.5396],[-56.9259,-27.5354],[-56.9327,-27.5307],[-56.944,-27.5263],[-56.9569,-27.5161]]],[[[-57.8259,-27.3026],[-57.8206,-27.3176],[-57.8144,-27.32],[-57.7987,-27.322],[-57.7891,-27.32],[-57.769,-27.3199],[-57.7717,-27.3165],[-57.7839,-27.3136],[-57.7974,-27.3153],[-57.8062,-27.3074],[-57.8124,-27.3047],[-57.8259,-27.3026]]],[[[-56.6996,-27.5782],[-56.6876,-27.5654],[-56.6873,-27.553],[-56.6965,-27.5487],[-56.699,-27.5625],[-56.7025,-27.5666],[-56.7064,-27.5809],[-56.6996,-27.5782]]],[[[-57.7525,-27.3202],[-57.7653,-27.322],[-57.7836,-27.3224],[-57.7828,-27.3278],[-57.7521,-27.3279],[-57.7426,-27.3247],[-57.7525,-27.3202]]],[[[-58.223,-27.2562],[-58.2188,-27.2606],[-58.1757,-27.2714],[-58.1708,-27.2684],[-58.1831,-27.2614],[-58.1848,-27.2633],[-58.1908,-27.2625],[-58.1967,-27.2591],[-58.2041,-27.2596],[-58.2138,-27.2588],[-58.223,-27.2562]]],[[[-58.3036,-27.2625],[-58.3216,-27.2626],[-58.3312,-27.2667],[-58.3269,-27.2716],[-58.3178,-27.2725],[-58.3131,-27.267],[-58.3036,-27.2625]]],[[[-58.1502,-27.258],[-58.1577,-27.256],[-58.1732,-27.2611],[-58.14,-27.2661],[-58.1502,-27.258]]],[[[-56.3571,-27.5179],[-56.3687,-27.5257],[-56.3647,-27.5336],[-56.3594,-27.5257],[-56.3571,-27.5179]]],[[[-56.9447,-27.5358],[-56.9415,-27.5461],[-56.9342,-27.5448],[-56.9447,-27.5358]]],[[[-58.2247,-27.2549],[-58.214,-27.2585],[-58.198,-27.2587],[-58.1962,-27.259],[-58.1926,-27.2605],[-58.1898,-27.2624],[-58.1874,-27.2582],[-58.2046,-27.2557],[-58.2247,-27.2549]]],[[[-57.2215,-27.4642],[-57.2314,-27.4582],[-57.2338,-27.4628],[-57.2215,-27.4642]]]]},"properties":{"nombre":"Corrientes","slug":"corrientes"}},
{"type":"Feature","geometry":{"type":"Polygon","coordinates":[[[-67.3177,-32.382],[-67.3192,-32.3717],[-67.3303,-32.362],[-67.3322,-32.3502],[-67.359,-32.3485],[-67.3652,-32.3418],[-67.3737,-32.3379],[-67.3817,-32.3305],[-67.3919,-32.3304],[-67.3964,-32.3329],[-67.4127,-32.3264],[-67.4286,-32.3268],[-67.4477,-32.3189],[-67.4578,-32.3127],[-67.4729,-32.3067],[-67.4844,-32.2938],[-67.4827,-32.2859],[-67.4867,-32.2815],[-67.4845,-32.2754],[-67.4895,-32.2695],[-67.4879,-32.2613],[-67.4939,-32.2575],[-67.5031,-32.2385],[-67.5135,-32.2418],[-67.5233,-32.2295],[-67.5235,-32.2209],[-67.5421,-32.2309],[-67.5465,-32.2403],[-67.5556,-32.238],[-67.5594,-32.2423],[-67.572,-32.2361],[-67.583,-32.2373],[-67.5969,-32.2463],[-67.6046,-32.2395],[-67.6071,-32.2324],[-67.6155,-32.2344],[-67.6202,-32.2419],[-67.6292,-32.2388],[-67.637,-32.2407],[-67.6477,-32.24],[-67.6658,-32.233],[-67.6689,-32.2262],[-67.6756,-32.2322],[-67.6865,-32.2381],[-67.6972,-32.2324],[-67.7071,-32.2353],[-67.7108,-32.2456],[-67.7234,-32.2422],[-67.7295,-32.2366],[-67.7357,-32.223],[-67.7431,-32.2228],[-67.7505,-32.228],[-67.7579,-32.2258],[-67.7695,-32.2334],[-67.7796,-32.235],[-67.7913,-32.2235],[-67.8012,-32.2229],[-67.8175,-32.2273],[-67.8359,-32.2223],[-67.8359,-32.2158],[-67.8541,-32.2106],[-67.8689,-32.1993],[-67.8758,-32.1967],[-67.8709,-32.1911],[-67.8863,-32.1799],[-67.8997,-32.1798],[-67.9077,-32.1721],[-67.9165,-32.1752],[-67.9182,-32.1662],[-67.9281,-32.1557],[-67.9238,-32.1472],[-67.93,-32.1451],[-67.9313,-32.1346],[-67.936,-32.1194],[-67.9447,-32.1114],[-67.9549,-32.118],[-67.9598,-32.1076],[-67.9559,-32.1006],[-67.9584,-32.0919],[-67.9678,-32.0919],[-67.9754,-32.088],[-67.9834,-32.093],[-67.9956,-32.0898],[-67.9967,-32.0835],[-68.0063,-32.0797],[-68.014,-32.0854],[-68.0336,-32.0854],[-68.0373,-32.0785],[-68.0503,-32.0781],[-68.0626,-32.0754],[-68.0668,-32.0797],[-68.065,-32.0883],[-68.0749,-32.0991],[-68.0771,-32.0861],[-68.0854,-32.0916],[-68.0979,-32.0929],[-68.0926,-32.1005],[-68.1081,-32.0969],[-68.1147,-32.1027],[-68.1228,-32.0998],[-68.1247,-32.106],[-68.1372,-32.1049],[-68.1356,-32.1097],[-68.1475,-32.1127],[-68.1499,-32.1184],[-68.1597,-32.1186],[-68.171,-32.1095],[-68.1886,-32.1118],[-68.1984,-32.1192],[-68.2053,-32.1212],[-68.2223,-32.108],[-68.2319,-32.1054],[-68.2376,-32.099],[-68.2479,-32.0915],[-68.3011,-32.1392],[-68.4612,-32.1392],[-68.4612,-32.2381],[-68.514,-32.2646],[-68.6657,-32.3371],[-68.7528,-32.3374],[-68.9176,-32.3379],[-68.9176,-32.1146],[-68.9568,-32.1089],[-68.9839,-32.113],[-68.9969,-32.1177],[-69.0131,-32.1159],[-69.0222,-32.1032],[-69.0275,-32.092],[-69.0381,-32.0901],[-69.0395,-32.0861],[-69.0501,-32.0846],[-69.0605,-32.0759],[-69.0645,-32.0755],[-69.0679,-32.065],[-69.0856,-32.053],[-69.0855,-32.0448],[-69.0944,-32.0319],[-69.1031,-32.031],[-69.1164,-32.0205],[-69.1128,-32.0069],[-69.1194,-32.0011],[-69.1284,-31.9994],[-69.184,-31.9994],[-69.1983,-32.0029],[-69.211,-32.0094],[-69.2177,-32.0077],[-69.2445,-32.0161],[-69.2624,-32.0332],[-69.2674,-32.0556],[-69.2741,-32.0615],[-69.2807,-32.0729],[-69.2942,-32.0712],[-69.3056,-32.0791],[-69.3142,-32.0911],[-69.3449,-32.0827],[-69.3501,-32.0794],[-69.3831,-32.0646],[-69.3904,-32.0779],[-69.3994,-32.0734],[-69.407,-32.073],[-69.4157,-32.0665],[-69.4285,-32.0712],[-69.4316,-32.0766],[-69.4438,-32.0774],[-69.4548,-32.0747],[-69.4674,-32.0891],[-69.4713,-32.0906],[-69.4768,-32.1111],[-69.4829,-32.1107],[-69.4947,-32.1144],[-69.506,-32.1145],[-69.5052,-32.1228],[-69.5131,-32.1311],[-69.522,-32.1331],[-69.5311,-32.141],[-69.5403,-32.1399],[-69.5565,-32.1407],[-69.5607,-32.1317],[-69.584,-32.1362],[-69.5962,-32.1409],[-69.5993,-32.146],[-69.595,-32.1665],[-69.6057,-32.1839],[-69.6067,-32.1938],[-69.6099,-32.2021],[-69.6034,-32.2106],[-69.6137,-32.2165],[-69.6186,-32.237],[-69.6256,-32.2391],[-69.6319,-32.2535],[-69.6308,-32.2627],[-69.6375,-32.2628],[-69.6428,-32.2676],[-69.652,-32.2695],[-69.6651,-32.2859],[-69.6745,-32.2899],[-69.6804,-32.3043],[-69.6937,-32.3096],[-69.7091,-32.3099],[-69.7239,-32.3166],[-69.7289,-32.3308],[-69.7308,-32.3415],[-69.7267,-32.3586],[-69.7332,-32.3791],[-69.7332,-32.3906],[-69.7279,-32.3956],[-69.721,-32.3958],[-69.7113,-32.4026],[-69.7042,-32.4032],[-69.6963,-32.4114],[-69.6903,-32.423],[-69.689,-32.4371],[-69.6995,-32.4453],[-69.6953,-32.4573],[-69.6962,-32.4659],[-69.6997,-32.4694],[-69.7045,-32.4826],[-69.7056,-32.4975],[-69.7259,-32.4975],[-69.7349,-32.5017],[-69.7407,-32.5097],[-69.7543,-32.5096],[-69.7667,-32.5185],[-69.7715,-32.5327],[-69.7783,-32.5356],[-69.7788,-32.5424],[-69.7932,-32.5471],[-69.807,-32.5444],[-69.8216,-32.544],[-69.8295,-32.5516],[-69.8274,-32.5625],[-69.8332,-32.5678],[-69.8469,-32.5705],[-69.8636,-32.5612],[-69.8699,-32.5631],[-69.8838,-32.5628],[-69.8913,-32.5602],[-69.9007,-32.562],[-69.9043,-32.5548],[-69.917,-32.5504],[-69.9302,-32.5418],[-69.9398,-32.5441],[-69.9493,-32.5409],[-69.9529,-32.5446],[-69.965,-32.5455],[-69.966,-32.545],[-69.9759,-32.538],[-69.9798,-32.5325],[-70.0028,-32.5289],[-70.0076,-32.5321],[-70.0084,-32.5383],[-70.017,-32.5448],[-70.0273,-32.5695],[-70.0258,-32.5788],[-70.0357,-32.581],[-70.0424,-32.5871],[-70.0406,-32.5927],[-70.0439,-32.6011],[-70.054,-32.6128],[-70.0587,-32.6154],[-70.063,-32.6239],[-70.0751,-32.6259],[-70.0913,-32.6192],[-70.0922,-32.601],[-70.1036,-32.5903],[-70.1119,-32.5893],[-70.1197,-32.578],[-70.1262,-32.5742],[-70.1463,-32.5818],[-70.1501,-32.5812],[-70.1632,-32.5983],[-70.1659,-32.6163],[-70.1723,-32.6221],[-70.1703,-32.6258],[-70.1579,-32.6299],[-70.1516,-32.6368],[-70.1526,-32.6452],[-70.1466,-32.6541],[-70.1467,-32.6741],[-70.1429,-32.6797],[-70.1436,-32.6969],[-70.1466,-32.7063],[-70.1442,-32.7101],[-70.1449,-32.7218],[-70.1476,-32.7284],[-70.1374,-32.732],[-70.1364,-32.7398],[-70.1319,-32.7453],[-70.132,-32.755],[-70.1255,-32.7621],[-70.1157,-32.767],[-70.1079,-32.7864],[-70.1063,-32.8018],[-70.1015,-32.7994],[-70.0871,-32.8056],[-70.0779,-32.8228],[-70.0662,-32.8254],[-70.0559,-32.8311],[-70.0524,-32.8375],[-70.0561,-32.8575],[-70.0368,-32.8736],[-70.0237,-32.8766],[-70.0135,-32.8816],[-70.0014,-32.8842],[-69.9896,-32.898],[-69.9918,-32.9124],[-69.9986,-32.9159],[-70.0045,-32.9233],[-70.0072,-32.9318],[-70,-32.9435],[-70.0085,-32.9532],[-70.0193,-32.9559],[-70.0219,-32.9652],[-70.0274,-32.9699],[-70.0215,-32.9824],[-70.022,-33.0099],[-70.0271,-33.0119],[-70.0307,-33.0207],[-70.0427,-33.023],[-70.0517,-33.0274],[-70.0814,-33.0302],[-70.0793,-33.0372],[-70.0928,-33.0504],[-70.0746,-33.0635],[-70.0738,-33.0704],[-70.067,-33.0889],[-70.0707,-33.0948],[-70.0664,-33.1043],[-70.0717,-33.1079],[-70.0764,-33.1175],[-70.0734,-33.1238],[-70.0634,-33.1272],[-70.0517,-33.1345],[-70.0554,-33.1473],[-70.0651,-33.1537],[-70.0655,-33.1574],[-70.0572,-33.1721],[-70.0655,-33.1796],[-70.06,-33.1933],[-70.0644,-33.2051],[-70.0542,-33.2264],[-70.038,-33.2284],[-70.0284,-33.2318],[-70.026,-33.237],[-70.0271,-33.2466],[-70.0341,-33.2541],[-70.0384,-33.2698],[-70.0118,-33.2815],[-70.0068,-33.2865],[-70.0108,-33.3019],[-70.0081,-33.316],[-70.0024,-33.3229],[-69.9683,-33.3068],[-69.9682,-33.2998],[-69.9573,-33.2895],[-69.9434,-33.2842],[-69.9383,-33.2772],[-69.9297,-33.2747],[-69.9242,-33.2685],[-69.917,-33.2664],[-69.9153,-33.2568],[-69.9204,-33.2451],[-69.9166,-33.2443],[-69.9091,-33.2708],[-69.8848,-33.2787],[-69.8741,-33.2765],[-69.86,-33.2835],[-69.8491,-33.2761],[-69.8403,-33.2724],[-69.8319,-33.2747],[-69.8157,-33.2889],[-69.7991,-33.2893],[-69.7907,-33.3095],[-69.7804,-33.3217],[-69.7693,-33.3423],[-69.7701,-33.3598],[-69.7766,-33.3815],[-69.7858,-33.3914],[-69.7947,-33.3957],[-69.8066,-33.3955],[-69.7994,-33.4042],[-69.7958,-33.4193],[-69.7976,-33.4241],[-69.8065,-33.4237],[-69.8194,-33.4299],[-69.814,-33.4427],[-69.8221,-33.4537],[-69.8168,-33.4718],[-69.8295,-33.4763],[-69.832,-33.4898],[-69.8332,-33.5101],[-69.8381,-33.519],[-69.8544,-33.5244],[-69.8605,-33.5332],[-69.8722,-33.5395],[-69.8735,-33.5578],[-69.8688,-33.5655],[-69.8653,-33.583],[-69.8678,-33.5951],[-69.8733,-33.5993],[-69.88,-33.6197],[-69.8747,-33.624],[-69.8764,-33.6307],[-69.8745,-33.6408],[-69.8782,-33.646],[-69.8714,-33.6543],[-69.8794,-33.6585],[-69.8825,-33.6678],[-69.8821,-33.6773],[-69.8849,-33.6832],[-69.8739,-33.6938],[-69.869,-33.7102],[-69.8646,-33.7168],[-69.8745,-33.7279],[-69.8767,-33.7375],[-69.8824,-33.7448],[-69.8896,-33.7488],[-69.9004,-33.761],[-69.904,-33.7694],[-69.9042,-33.7791],[-69.8984,-33.7826],[-69.8956,-33.7894],[-69.8964,-33.801],[-69.8933,-33.8062],[-69.8963,-33.8108],[-69.8965,-33.8362],[-69.8995,-33.8449],[-69.8969,-33.8486],[-69.8876,-33.8506],[-69.8794,-33.8589],[-69.8741,-33.8603],[-69.8696,-33.8686],[-69.8676,-33.8812],[-69.8567,-33.8858],[-69.8556,-33.8924],[-69.8735,-33.9075],[-69.8758,-33.9134],[-69.8897,-33.9192],[-69.892,-33.9233],[-69.8926,-33.9399],[-69.9011,-33.9496],[-69.9013,-33.9571],[-69.9062,-33.9633],[-69.9008,-33.9706],[-69.8905,-33.9755],[-69.8811,-33.9754],[-69.8768,-33.9677],[-69.8708,-33.9633],[-69.8554,-33.9656],[-69.8523,-33.9752],[-69.8457,-33.9814],[-69.8412,-33.9922],[-69.8416,-34.0001],[-69.8386,-34.0074],[-69.8221,-34.011],[-69.8216,-34.0166],[-69.8354,-34.0321],[-69.843,-34.0358],[-69.8488,-34.0496],[-69.8538,-34.0572],[-69.8474,-34.0687],[-69.8319,-34.0735],[-69.834,-34.0879],[-69.8427,-34.0967],[-69.852,-34.0993],[-69.8598,-34.1046],[-69.8561,-34.116],[-69.8699,-34.1253],[-69.873,-34.1302],[-69.8685,-34.141],[-69.8594,-34.1417],[-69.8526,-34.1491],[-69.8441,-34.1536],[-69.8337,-34.1633],[-69.8322,-34.1689],[-69.824,-34.1711],[-69.8153,-34.1779],[-69.8112,-34.1857],[-69.8021,-34.1944],[-69.7967,-34.2074],[-69.8015,-34.2241],[-69.8022,-34.233],[-69.8072,-34.2484],[-69.8162,-34.2471],[-69.8267,-34.2515],[-69.8276,-34.2559],[-69.8538,-34.2568],[-69.8574,-34.2619],[-69.8726,-34.2676],[-69.8847,-34.2647],[-69.8961,-34.2657],[-69.8998,-34.2703],[-69.8985,-34.2854],[-69.9099,-34.2921],[-69.9302,-34.282],[-69.9409,-34.2794],[-69.9545,-34.26],[-69.9689,-34.2505],[-69.9842,-34.2552],[-69.9871,-34.261],[-70.0029,-34.2616],[-70.0127,-34.2682],[-70.0186,-34.2796],[-70.0311,-34.2883],[-70.0322,-34.2923],[-70.0225,-34.308],[-70.0154,-34.3322],[-70.0147,-34.3399],[-70.018,-34.3464],[-70.0166,-34.354],[-70.0238,-34.3621],[-70.024,-34.3742],[-70.0163,-34.3819],[-70.0094,-34.3935],[-70.0136,-34.4072],[-70.0129,-34.4121],[-70.0231,-34.4157],[-70.0303,-34.4244],[-70.0418,-34.4234],[-70.0477,-34.4303],[-70.0487,-34.4378],[-70.0536,-34.4479],[-70.0681,-34.4546],[-70.0801,-34.4703],[-70.1022,-34.4821],[-70.1152,-34.4759],[-70.1279,-34.4839],[-70.13,-34.5007],[-70.1372,-34.5134],[-70.1456,-34.5235],[-70.1474,-34.5336],[-70.157,-34.5476],[-70.1677,-34.5553],[-70.1682,-34.563],[-70.1785,-34.5736],[-70.1856,-34.5727],[-70.1949,-34.5802],[-70.1906,-34.5893],[-70.2033,-34.5939],[-70.2044,-34.602],[-70.2137,-34.6072],[-70.2174,-34.6129],[-70.2168,-34.6206],[-70.2206,-34.6343],[-70.2243,-34.6409],[-70.2197,-34.649],[-70.2207,-34.6585],[-70.2144,-34.6605],[-70.2139,-34.6773],[-70.2159,-34.6834],[-70.2238,-34.6811],[-70.236,-34.6889],[-70.2476,-34.6937],[-70.2569,-34.7183],[-70.262,-34.7233],[-70.2586,-34.7286],[-70.2735,-34.7372],[-70.2817,-34.7352],[-70.2945,-34.7391],[-70.3063,-34.7473],[-70.3092,-34.7628],[-70.3082,-34.7702],[-70.2989,-34.7727],[-70.2928,-34.7795],[-70.2837,-34.7806],[-70.2788,-34.7872],[-70.2701,-34.7916],[-70.2531,-34.7933],[-70.2482,-34.7982],[-70.2553,-34.8063],[-70.2606,-34.82],[-70.2626,-34.8332],[-70.2684,-34.8362],[-70.2733,-34.8455],[-70.2797,-34.8518],[-70.2765,-34.8592],[-70.2809,-34.8683],[-70.2756,-34.8724],[-70.291,-34.8834],[-70.2891,-34.8923],[-70.3018,-34.8991],[-70.32,-34.9318],[-70.3311,-34.9365],[-70.3306,-34.9663],[-70.3284,-34.9748],[-70.3316,-34.9843],[-70.3415,-34.9931],[-70.3486,-34.993],[-70.3565,-34.9971],[-70.3631,-35.0055],[-70.3658,-35.0171],[-70.3614,-35.0205],[-70.3604,-35.0349],[-70.3727,-35.0423],[-70.3763,-35.0509],[-70.3717,-35.0632],[-70.3715,-35.0734],[-70.3739,-35.0857],[-70.3641,-35.0947],[-70.3619,-35.1014],[-70.3701,-35.1121],[-70.3676,-35.1246],[-70.3612,-35.1355],[-70.3719,-35.1508],[-70.3777,-35.1731],[-70.3898,-35.1706],[-70.4041,-35.1806],[-70.424,-35.184],[-70.4262,-35.1873],[-70.4399,-35.1937],[-70.4581,-35.195],[-70.4691,-35.1998],[-70.4721,-35.2039],[-70.5008,-35.2014],[-70.5143,-35.2027],[-70.5201,-35.2059],[-70.5258,-35.2022],[-70.5248,-35.1958],[-70.5442,-35.2035],[-70.5556,-35.217],[-70.5681,-35.2238],[-70.5641,-35.2356],[-70.5666,-35.2458],[-70.5725,-35.2501],[-70.5724,-35.2558],[-70.58,-35.2578],[-70.5784,-35.2645],[-70.5837,-35.2672],[-70.5818,-35.2739],[-70.5756,-35.2797],[-70.575,-35.2858],[-70.5663,-35.2995],[-70.5527,-35.3002],[-70.5424,-35.3059],[-70.5306,-35.3086],[-70.5125,-35.3103],[-70.5043,-35.3201],[-70.4944,-35.3215],[-70.4839,-35.3162],[-70.4683,-35.3129],[-70.4602,-35.3194],[-70.4425,-35.3149],[-70.435,-35.318],[-70.4354,-35.3307],[-70.4304,-35.3413],[-70.4202,-35.3483],[-70.4202,-35.3558],[-70.4272,-35.3722],[-70.4414,-35.3844],[-70.4518,-35.3911],[-70.4461,-35.4085],[-70.439,-35.4112],[-70.4427,-35.4203],[-70.4521,-35.4251],[-70.4445,-35.4332],[-70.434,-35.4371],[-70.4326,-35.4466],[-70.4435,-35.4492],[-70.4465,-35.4529],[-70.4426,-35.4671],[-70.4292,-35.4752],[-70.4137,-35.4885],[-70.4001,-35.4886],[-70.3939,-35.4858],[-70.3888,-35.505],[-70.3815,-35.5129],[-70.3951,-35.5196],[-70.3975,-35.5256],[-70.4136,-35.5285],[-70.4094,-35.5346],[-70.406,-35.5461],[-70.41,-35.5592],[-70.3989,-35.5737],[-70.3966,-35.5826],[-70.3847,-35.6051],[-70.3909,-35.6091],[-70.4017,-35.6266],[-70.4181,-35.6298],[-70.4238,-35.6411],[-70.4107,-35.6452],[-70.408,-35.6576],[-70.3975,-35.6637],[-70.406,-35.6703],[-70.405,-35.6788],[-70.3977,-35.6877],[-70.3864,-35.6877],[-70.3869,-35.6919],[-70.3757,-35.7034],[-70.3721,-35.7105],[-70.3674,-35.732],[-70.3697,-35.7375],[-70.3618,-35.7426],[-70.3588,-35.7547],[-70.3718,-35.7583],[-70.3792,-35.7664],[-70.376,-35.7777],[-70.3787,-35.7879],[-70.3654,-35.792],[-70.359,-35.801],[-70.3467,-35.8009],[-70.3394,-35.7956],[-70.3352,-35.7971],[-70.3234,-35.8106],[-70.3143,-35.8131],[-70.3165,-35.8184],[-70.3275,-35.8221],[-70.3378,-35.833],[-70.3509,-35.8371],[-70.3585,-35.843],[-70.3696,-35.8412],[-70.3775,-35.8488],[-70.38,-35.8564],[-70.3795,-35.8653],[-70.39,-35.8709],[-70.3975,-35.867],[-70.4063,-35.8672],[-70.422,-35.8766],[-70.42,-35.8859],[-70.4237,-35.8896],[-70.4227,-35.8971],[-70.4264,-35.9045],[-70.4251,-35.913],[-70.4137,-35.9172],[-70.4091,-35.9227],[-70.3964,-35.9224],[-70.3876,-35.9246],[-70.3828,-35.9224],[-70.3687,-35.9225],[-70.37,-35.9279],[-70.3785,-35.9365],[-70.3872,-35.9399],[-70.3914,-35.9517],[-70.4054,-35.9536],[-70.4182,-35.9611],[-70.4167,-35.9651],[-70.423,-35.9715],[-70.4208,-35.9762],[-70.401,-35.9846],[-70.3897,-35.9827],[-70.3785,-35.9895],[-70.383,-36.005],[-70.3806,-36.025],[-70.3702,-36.0342],[-70.3726,-36.0435],[-70.3829,-36.0463],[-70.3885,-36.0521],[-70.4059,-36.0527],[-70.4105,-36.0564],[-70.4181,-36.0793],[-70.4184,-36.0888],[-70.4242,-36.0916],[-70.4253,-36.0984],[-70.4149,-36.1051],[-70.4151,-36.1099],[-70.3974,-36.1195],[-70.399,-36.1265],[-70.3933,-36.137],[-70.3937,-36.1502],[-70.3919,-36.1792],[-70.3953,-36.183],[-70.395,-36.1943],[-70.3796,-36.2149],[-70.3803,-36.219],[-70.3696,-36.2329],[-70.369,-36.2413],[-70.3746,-36.2596],[-70.3703,-36.2658],[-70.3722,-36.2793],[-70.3671,-36.2815],[-70.3593,-36.2939],[-70.3606,-36.3059],[-70.354,-36.319],[-70.3395,-36.3361],[-70.3233,-36.3369],[-70.3166,-36.3336],[-70.3032,-36.3405],[-70.2915,-36.3372],[-70.2849,-36.3306],[-70.2726,-36.324],[-70.2478,-36.3218],[-70.2421,-36.3248],[-70.2417,-36.3247],[-70.2293,-36.325],[-70.2177,-36.3366],[-70.2143,-36.3468],[-70.2144,-36.3659],[-70.207,-36.3753],[-70.2072,-36.3845],[-70.2129,-36.3904],[-70.2074,-36.3961],[-70.2061,-36.4068],[-70.1982,-36.4165],[-70.1957,-36.4239],[-70.2038,-36.435],[-70.2016,-36.4539],[-70.1911,-36.4634],[-70.1903,-36.471],[-70.1829,-36.4908],[-70.1782,-36.4958],[-70.1569,-36.5108],[-70.1505,-36.5221],[-70.1384,-36.5268],[-70.1303,-36.542],[-70.1315,-36.5457],[-70.1225,-36.5515],[-70.1234,-36.5683],[-70.1144,-36.5738],[-70.1045,-36.5873],[-70.0937,-36.5873],[-70.0863,-36.6017],[-70.0759,-36.6066],[-70.0719,-36.6138],[-70.0712,-36.6221],[-70.0581,-36.6354],[-70.0566,-36.6434],[-70.0502,-36.6462],[-70.0459,-36.6563],[-70.0367,-36.6613],[-70.0283,-36.6616],[-70.0221,-36.6658],[-70.0234,-36.6709],[-70.012,-36.679],[-70.0143,-36.687],[-70.0128,-36.6945],[-69.9875,-36.6929],[-69.9632,-36.7071],[-69.9475,-36.7216],[-69.9486,-36.7261],[-69.9401,-36.7479],[-69.9251,-36.7528],[-69.9194,-36.7652],[-69.9276,-36.7835],[-69.9217,-36.7948],[-69.9074,-36.8015],[-69.8948,-36.8056],[-69.8885,-36.8104],[-69.8795,-36.8081],[-69.8681,-36.8217],[-69.8622,-36.8364],[-69.8506,-36.8463],[-69.8362,-36.8469],[-69.8293,-36.8507],[-69.82,-36.849],[-69.8067,-36.8574],[-69.7979,-36.8599],[-69.7868,-36.8696],[-69.765,-36.8733],[-69.752,-36.8822],[-69.7524,-36.8868],[-69.7716,-36.9001],[-69.7737,-36.9118],[-69.7784,-36.9157],[-69.7711,-36.9232],[-69.7753,-36.932],[-69.7766,-36.9435],[-69.7741,-36.9508],[-69.7788,-36.9632],[-69.7773,-36.9765],[-69.7743,-36.9799],[-69.7763,-36.991],[-69.7646,-37.0003],[-69.7685,-37.0233],[-69.7638,-37.0288],[-69.7585,-37.0497],[-69.7621,-37.0566],[-69.7556,-37.0686],[-69.7415,-37.079],[-69.7262,-37.0859],[-69.7238,-37.0924],[-69.7085,-37.1025],[-69.7,-37.1004],[-69.6895,-37.1052],[-69.6826,-37.1113],[-69.67,-37.1147],[-69.6656,-37.1186],[-69.6524,-37.1235],[-69.6507,-37.1263],[-69.6299,-37.1376],[-69.6278,-37.1436],[-69.6176,-37.1451],[-69.6117,-37.1487],[-69.601,-37.1464],[-69.5807,-37.1517],[-69.5761,-37.1631],[-69.5628,-37.1645],[-69.557,-37.1615],[-69.5448,-37.1654],[-69.5414,-37.1703],[-69.5309,-37.1741],[-69.5189,-37.1726],[-69.5125,-37.1672],[-69.494,-37.175],[-69.4793,-37.1741],[-69.4757,-37.1706],[-69.4668,-37.1726],[-69.4591,-37.1703],[-69.4548,-37.1647],[-69.4378,-37.1633],[-69.4266,-37.1597],[-69.42,-37.1696],[-69.4056,-37.1687],[-69.3963,-37.1718],[-69.3766,-37.1595],[-69.353,-37.164],[-69.3393,-37.157],[-69.3377,-37.1527],[-69.3188,-37.1509],[-69.2992,-37.1551],[-69.2967,-37.1509],[-69.2861,-37.1445],[-69.2787,-37.1465],[-69.2668,-37.1453],[-69.2623,-37.155],[-69.2492,-37.1583],[-69.2252,-37.171],[-69.2196,-37.1774],[-69.2128,-37.1779],[-69.2094,-37.1717],[-69.2003,-37.1752],[-69.1734,-37.1778],[-69.1652,-37.1806],[-69.1628,-37.1871],[-69.1384,-37.1954],[-69.1331,-37.2018],[-69.1127,-37.2075],[-69.1044,-37.205],[-69.0974,-37.2098],[-69.0915,-37.2182],[-69.0828,-37.2212],[-69.075,-37.2203],[-69.0644,-37.2234],[-69.0624,-37.2305],[-69.0502,-37.2393],[-69.0383,-37.2556],[-69.0425,-37.2639],[-69.0388,-37.2689],[-69.0427,-37.2795],[-69.0497,-37.2884],[-69.0446,-37.2996],[-69.0488,-37.3175],[-69.0393,-37.3228],[-69.0455,-37.3345],[-69.0393,-37.3426],[-69.0371,-37.353],[-69.0275,-37.3562],[-69.026,-37.3648],[-69.0014,-37.3734],[-68.9912,-37.3711],[-68.9856,-37.3772],[-68.9758,-37.3791],[-68.9696,-37.3729],[-68.9559,-37.3741],[-68.9419,-37.3719],[-68.938,-37.3779],[-68.9281,-37.3799],[-68.9146,-37.3782],[-68.8847,-37.382],[-68.8661,-37.4012],[-68.8572,-37.3986],[-68.8536,-37.3927],[-68.8442,-37.3887],[-68.814,-37.3863],[-68.7985,-37.3761],[-68.7811,-37.3672],[-68.7669,-37.3664],[-68.7577,-37.371],[-68.7483,-37.3804],[-68.7284,-37.3886],[-68.7231,-37.3883],[-68.7147,-37.3982],[-68.7138,-37.4043],[-68.7022,-37.4135],[-68.6968,-37.4304],[-68.701,-37.4358],[-68.6977,-37.4417],[-68.6874,-37.4415],[-68.6767,-37.4448],[-68.659,-37.4476],[-68.6498,-37.4462],[-68.635,-37.4475],[-68.6232,-37.4393],[-68.6097,-37.4389],[-68.5986,-37.4443],[-68.5918,-37.4499],[-68.5812,-37.4545],[-68.5692,-37.4564],[-68.5613,-37.4553],[-68.5499,-37.4499],[-68.5362,-37.4511],[-68.5261,-37.4577],[-68.5206,-37.4585],[-68.5071,-37.4537],[-68.4979,-37.4577],[-68.4925,-37.4692],[-68.479,-37.4908],[-68.4567,-37.5095],[-68.45,-37.527],[-68.4523,-37.53],[-68.4367,-37.5446],[-68.4162,-37.5509],[-68.4027,-37.5586],[-68.3865,-37.5588],[-68.3785,-37.555],[-68.3651,-37.553],[-68.3628,-37.547],[-68.3508,-37.5497],[-68.3491,-37.5567],[-68.3275,-37.5585],[-68.3152,-37.5565],[-68.2997,-37.5629],[-68.2899,-37.559],[-68.2802,-37.5646],[-68.2723,-37.5648],[-68.265,-37.5691],[-68.2629,-37.5746],[-68.2543,-37.5719],[-68.2518,-37.4408],[-68.2486,-37.2606],[-68.2474,-37.1709],[-68.2471,-37.0931],[-68.2474,-37.0268],[-68.247,-36.8265],[-68.2458,-36.699],[-68.2464,-36.6004],[-68.2465,-36.3747],[-68.2502,-36.1725],[-68.2961,-36.1725],[-68.2965,-36.1597],[-68.2964,-35.9976],[-68.227,-35.9976],[-68.0724,-35.9979],[-67.949,-35.9979],[-67.8213,-35.9982],[-67.6968,-35.9985],[-67.6274,-35.9984],[-67.3862,-35.9988],[-67.2712,-35.999],[-67.1902,-35.9993],[-67.1329,-35.9991],[-67.0709,-35.9999],[-66.9891,-36],[-66.8128,-36.0003],[-66.7259,-36.0003],[-66.6613,-36.0008],[-66.6378,-36.0006],[-66.633,-35.9888],[-66.6253,-35.9801],[-66.6246,-35.9729],[-66.6197,-35.971],[-66.6188,-35.9642],[-66.6223,-35.9543],[-66.6171,-35.9483],[-66.6271,-35.9395],[-66.6286,-35.9167],[-66.6191,-35.907],[-66.6181,-35.903],[-66.6267,-35.8979],[-66.6267,-35.8908],[-66.6207,-35.8844],[-66.6216,-35.8726],[-66.6199,-35.8648],[-66.6232,-35.8542],[-66.6222,-35.8484],[-66.6149,-35.8427],[-66.612,-35.8354],[-66.6045,-35.8277],[-66.6011,-35.8165],[-66.5951,-35.8094],[-66.5894,-35.7944],[-66.5906,-35.7866],[-66.5807,-35.7686],[-66.5834,-35.7567],[-66.5816,-35.7476],[-66.5839,-35.7403],[-66.58,-35.7351],[-66.5806,-35.7038],[-66.57,-35.694],[-66.5578,-35.672],[-66.5613,-35.6643],[-66.5602,-35.6556],[-66.5477,-35.6388],[-66.562,-35.6253],[-66.5647,-35.6191],[-66.5635,-35.6104],[-66.5695,-35.5995],[-66.5703,-35.582],[-66.5632,-35.5734],[-66.5497,-35.5693],[-66.5392,-35.562],[-66.539,-35.5565],[-66.5332,-35.5498],[-66.533,-35.5435],[-66.5252,-35.5402],[-66.5283,-35.5261],[-66.5228,-35.5074],[-66.5239,-35.4889],[-66.52,-35.4816],[-66.5174,-35.4701],[-66.5195,-35.4629],[-66.5251,-35.4607],[-66.5241,-35.449],[-66.53,-35.4453],[-66.5251,-35.4378],[-66.5222,-35.4282],[-66.5247,-35.4162],[-66.52,-35.4119],[-66.5123,-35.3992],[-66.5081,-35.3975],[-66.5139,-35.3877],[-66.5067,-35.3756],[-66.5039,-35.3628],[-66.5064,-35.3536],[-66.4991,-35.3452],[-66.4995,-35.3284],[-66.4956,-35.3112],[-66.4997,-35.303],[-66.5091,-35.3003],[-66.5119,-35.2923],[-66.5181,-35.2879],[-66.5137,-35.2824],[-66.5195,-35.2743],[-66.5111,-35.2657],[-66.5007,-35.2474],[-66.4926,-35.2458],[-66.4842,-35.2408],[-66.4896,-35.2308],[-66.4879,-35.2183],[-66.4832,-35.2159],[-66.4833,-35.2091],[-66.4903,-35.2079],[-66.497,-35.1958],[-66.4974,-35.1911],[-66.4923,-35.1842],[-66.4965,-35.1742],[-66.4945,-35.1581],[-66.4868,-35.1535],[-66.4788,-35.1449],[-66.4781,-35.1397],[-66.4842,-35.1311],[-66.4897,-35.1302],[-66.4873,-35.1212],[-66.4975,-35.106],[-66.4877,-35.0966],[-66.4945,-35.0913],[-66.5027,-35.0944],[-66.5071,-35.0907],[-66.5034,-35.0856],[-66.512,-35.0829],[-66.5153,-35.0763],[-66.5125,-35.0714],[-66.5205,-35.0647],[-66.5154,-35.0569],[-66.5266,-35.049],[-66.5202,-35.0428],[-66.5241,-35.036],[-66.5226,-35.0198],[-66.5393,-35.011],[-66.5323,-35.0053],[-66.5357,-34.9978],[-66.5354,-34.9822],[-66.545,-34.9712],[-66.5451,-34.9674],[-66.5347,-34.961],[-66.5255,-34.951],[-66.5249,-34.9436],[-66.5388,-34.9228],[-66.5385,-34.9171],[-66.5492,-34.9188],[-66.5542,-34.9115],[-66.5501,-34.9069],[-66.554,-34.9011],[-66.5544,-34.8922],[-66.5445,-34.8821],[-66.5514,-34.8706],[-66.5559,-34.8529],[-66.5614,-34.8449],[-66.5612,-34.8327],[-66.5657,-34.826],[-66.5939,-34.8078],[-66.5939,-34.803],[-66.6025,-34.8021],[-66.5955,-34.7891],[-66.6067,-34.7741],[-66.6214,-34.7677],[-66.6264,-34.7684],[-66.6429,-34.7643],[-66.6497,-34.7583],[-66.6515,-34.748],[-66.6415,-34.7395],[-66.6383,-34.7247],[-66.6433,-34.7134],[-66.6541,-34.7095],[-66.6694,-34.6952],[-66.6769,-34.6906],[-66.6871,-34.6925],[-66.6916,-34.6867],[-66.6907,-34.6745],[-66.6946,-34.6662],[-66.6967,-34.6532],[-66.7004,-34.6492],[-66.7036,-34.6345],[-66.712,-34.6284],[-66.7039,-34.6237],[-66.704,-34.6188],[-66.7123,-34.6176],[-66.7266,-34.6102],[-66.7321,-34.6006],[-66.7282,-34.5968],[-66.7298,-34.5844],[-66.7352,-34.5835],[-66.7467,-34.572],[-66.7572,-34.5666],[-66.7561,-34.5605],[-66.7652,-34.5509],[-66.7615,-34.5453],[-66.7643,-34.5392],[-66.7555,-34.5339],[-66.7576,-34.5234],[-66.756,-34.5142],[-66.7638,-34.4969],[-66.7582,-34.4874],[-66.7589,-34.4719],[-66.7525,-34.4601],[-66.7553,-34.4508],[-66.7544,-34.4431],[-66.7574,-34.4345],[-66.7674,-34.4318],[-66.7734,-34.4245],[-66.7884,-34.4212],[-66.7947,-34.4133],[-66.7872,-34.4092],[-66.7775,-34.4117],[-66.7724,-34.4029],[-66.776,-34.3937],[-66.7645,-34.3879],[-66.7642,-34.3791],[-66.7725,-34.3753],[-66.7869,-34.3777],[-66.7952,-34.3557],[-66.7997,-34.3546],[-66.8119,-34.3451],[-66.8066,-34.3387],[-66.8,-34.3369],[-66.801,-34.3221],[-66.8034,-34.3146],[-66.8028,-34.3057],[-66.7976,-34.301],[-66.7842,-34.3027],[-66.7761,-34.2986],[-66.7778,-34.2883],[-66.7888,-34.2664],[-66.8012,-34.2584],[-66.7872,-34.2519],[-66.7843,-34.2326],[-66.7622,-34.2281],[-66.7521,-34.2349],[-66.7443,-34.2326],[-66.7484,-34.2273],[-66.7459,-34.2216],[-66.7301,-34.2223],[-66.7235,-34.2211],[-66.7204,-34.2091],[-66.7288,-34.2085],[-66.7183,-34.1899],[-66.7303,-34.1821],[-66.7241,-34.1723],[-66.7185,-34.1687],[-66.7163,-34.1552],[-66.7113,-34.1518],[-66.7124,-34.1464],[-66.7252,-34.1471],[-66.7337,-34.137],[-66.723,-34.1329],[-66.7206,-34.1252],[-66.7251,-34.1221],[-66.7239,-34.1156],[-66.7185,-34.1123],[-66.7127,-34.1022],[-66.7142,-34.0937],[-66.7106,-34.0903],[-66.7107,-34.0818],[-66.7168,-34.0728],[-66.7126,-34.066],[-66.7157,-34.0578],[-66.7119,-34.0524],[-66.6993,-34.0465],[-66.7037,-34.0397],[-66.7008,-34.0337],[-66.708,-34.0255],[-66.7005,-34.0203],[-66.6945,-34.0114],[-66.6902,-34.0107],[-66.687,-34.0029],[-66.681,-33.9973],[-66.6729,-33.9963],[-66.6687,-33.9893],[-66.6632,-33.9863],[-66.6712,-33.9728],[-66.6661,-33.9609],[-66.6675,-33.9561],[-66.6754,-33.9523],[-66.6864,-33.939],[-66.6929,-33.9383],[-66.704,-33.9322],[-66.7101,-33.9375],[-66.7286,-33.9288],[-66.7299,-33.9191],[-66.7403,-33.9112],[-66.7503,-33.9143],[-66.7566,-33.9052],[-66.7695,-33.9011],[-66.7733,-33.8857],[-66.7797,-33.8895],[-66.7876,-33.8816],[-66.7941,-33.8786],[-66.7949,-33.8718],[-66.8012,-33.863],[-66.8117,-33.8629],[-66.8226,-33.855],[-66.8508,-33.8445],[-66.859,-33.8388],[-66.8733,-33.8329],[-66.8755,-33.8225],[-66.8793,-33.818],[-66.8841,-33.8028],[-66.8816,-33.7876],[-66.885,-33.7762],[-66.8837,-33.7683],[-66.8925,-33.7663],[-66.8976,-33.761],[-66.919,-33.7465],[-66.9313,-33.7439],[-66.9342,-33.7388],[-66.9494,-33.7313],[-66.9612,-33.7182],[-66.9617,-33.7124],[-66.9686,-33.7028],[-66.973,-33.7029],[-66.9737,-33.6893],[-66.9814,-33.6892],[-66.9975,-33.6752],[-66.9966,-33.6713],[-67.0047,-33.6658],[-66.9985,-33.6561],[-67.0045,-33.6508],[-67.0041,-33.63],[-67.0085,-33.618],[-67.0155,-33.618],[-67.0182,-33.6099],[-67.029,-33.6097],[-67.037,-33.6069],[-67.0403,-33.5954],[-67.0464,-33.5859],[-67.0573,-33.5803],[-67.0588,-33.5732],[-67.0664,-33.5713],[-67.0695,-33.5644],[-67.0622,-33.5583],[-67.0659,-33.55],[-67.076,-33.5431],[-67.0887,-33.5416],[-67.0964,-33.5328],[-67.0914,-33.5279],[-67.0974,-33.5222],[-67.0943,-33.5084],[-67.1083,-33.49],[-67.1147,-33.4881],[-67.121,-33.4741],[-67.1324,-33.4704],[-67.1353,-33.464],[-67.1312,-33.4512],[-67.1455,-33.4397],[-67.1431,-33.4283],[-67.1526,-33.4122],[-67.149,-33.3999],[-67.1483,-33.3881],[-67.1498,-33.3802],[-67.1574,-33.3705],[-67.155,-33.3456],[-67.1563,-33.341],[-67.1522,-33.3268],[-67.1592,-33.319],[-67.16,-33.3133],[-67.1663,-33.304],[-67.1751,-33.2862],[-67.1717,-33.2695],[-67.1751,-33.2577],[-67.1802,-33.2522],[-67.1771,-33.2332],[-67.1787,-33.2201],[-67.1774,-33.2097],[-67.1824,-33.204],[-67.1812,-33.1962],[-67.1758,-33.1868],[-67.1773,-33.1787],[-67.1672,-33.1662],[-67.1722,-33.1582],[-67.1722,-33.1519],[-67.1845,-33.1275],[-67.1847,-33.1171],[-67.1801,-33.1063],[-67.1846,-33.094],[-67.1833,-33.0854],[-67.1745,-33.0782],[-67.1779,-33.0706],[-67.1769,-33.0647],[-67.1852,-33.0532],[-67.1932,-33.0494],[-67.1905,-33.0434],[-67.1834,-33.0392],[-67.1827,-33.0296],[-67.1847,-33.0143],[-67.1793,-33.0035],[-67.1886,-32.9994],[-67.1935,-32.9895],[-67.1915,-32.9828],[-67.2014,-32.9733],[-67.204,-32.962],[-67.2015,-32.9565],[-67.2104,-32.9459],[-67.2091,-32.9359],[-67.2142,-32.9273],[-67.2118,-32.9221],[-67.2121,-32.9117],[-67.2148,-32.9083],[-67.2281,-32.9014],[-67.2311,-32.8979],[-67.2324,-32.885],[-67.2273,-32.877],[-67.2308,-32.8612],[-67.2252,-32.8588],[-67.211,-32.8572],[-67.2092,-32.8474],[-67.2015,-32.8407],[-67.1943,-32.8401],[-67.1887,-32.8357],[-67.1766,-32.8151],[-67.1789,-32.8044],[-67.1793,-32.7907],[-67.1768,-32.7869],[-67.1819,-32.7816],[-67.1823,-32.7648],[-67.167,-32.7628],[-67.17,-32.7499],[-67.1765,-32.741],[-67.1829,-32.7273],[-67.1802,-32.7175],[-67.1925,-32.704],[-67.1923,-32.6965],[-67.1957,-32.6915],[-67.2107,-32.6861],[-67.2135,-32.6889],[-67.225,-32.6822],[-67.2297,-32.6684],[-67.23,-32.6603],[-67.2355,-32.6562],[-67.2375,-32.6491],[-67.2354,-32.6435],[-67.2397,-32.6332],[-67.2517,-32.6306],[-67.2574,-32.6202],[-67.244,-32.6032],[-67.2466,-32.5907],[-67.2505,-32.5854],[-67.2623,-32.5771],[-67.2687,-32.5701],[-67.2693,-32.5609],[-67.2619,-32.5566],[-67.2679,-32.5459],[-67.2771,-32.5365],[-67.2872,-32.534],[-67.2926,-32.5393],[-67.2973,-32.5361],[-67.2936,-32.5198],[-67.2861,-32.5196],[-67.2831,-32.5127],[-67.2865,-32.501],[-67.2936,-32.4956],[-67.2926,-32.4902],[-67.2957,-32.4785],[-67.3014,-32.4707],[-67.2959,-32.4616],[-67.2975,-32.4465],[-67.2893,-32.4431],[-67.2959,-32.4314],[-67.3032,-32.4315],[-67.3101,-32.4247],[-67.3068,-32.4139],[-67.3111,-32.4112],[-67.3122,-32.4005],[-67.3202,-32.3879],[-67.3177,-32.382]]]},"properties":{"nombre":"Mendoza","slug":"mendoza"}},
{"type":"Feature","geometry":{"type":"Polygon","coordinates":[[[-69.2135,-28.5784],[-69.3162,-28.4116],[-69.3254,-28.4248],[-69.3378,-28.4325],[-69.3507,-28.4382],[-69.361,-28.4396],[-69.3699,-28.4458],[-69.3865,-28.4511],[-69.4037,-28.4482],[-69.424,-28.4512],[-69.4377,-28.4469],[-69.4446,-28.439],[-69.4518,-28.4364],[-69.4588,-28.4286],[-69.4611,-28.4212],[-69.4701,-28.415],[-69.4772,-28.4162],[-69.4885,-28.4137],[-69.501,-28.418],[-69.5075,-28.4238],[-69.5096,-28.4305],[-69.5162,-28.4319],[-69.5296,-28.42],[-69.5445,-28.4142],[-69.5552,-28.4058],[-69.5706,-28.4053],[-69.5954,-28.4172],[-69.6057,-28.419],[-69.6298,-28.3937],[-69.6391,-28.3917],[-69.6489,-28.3962],[-69.6476,-28.4026],[-69.6511,-28.4101],[-69.6558,-28.4125],[-69.636,-28.4282],[-69.6402,-28.4428],[-69.6481,-28.4429],[-69.6623,-28.4468],[-69.6734,-28.4601],[-69.6751,-28.477],[-69.6647,-28.4822],[-69.6656,-28.4977],[-69.6573,-28.5029],[-69.6653,-28.5125],[-69.6642,-28.5204],[-69.6516,-28.5314],[-69.6499,-28.5386],[-69.66,-28.5402],[-69.6693,-28.5546],[-69.668,-28.5636],[-69.6711,-28.5711],[-69.6681,-28.5783],[-69.6633,-28.5813],[-69.6759,-28.5906],[-69.6812,-28.5876],[-69.6929,-28.594],[-69.6928,-28.6059],[-69.7035,-28.6202],[-69.6984,-28.6295],[-69.7034,-28.6333],[-69.7018,-28.6403],[-69.7169,-28.6553],[-69.7301,-28.6783],[-69.7312,-28.6853],[-69.7279,-28.692],[-69.7325,-28.7016],[-69.7254,-28.7072],[-69.7308,-28.7206],[-69.7238,-28.728],[-69.7287,-28.7382],[-69.7151,-28.7436],[-69.7003,-28.7516],[-69.6965,-28.759],[-69.6934,-28.773],[-69.6972,-28.7785],[-69.7043,-28.7782],[-69.7085,-28.7907],[-69.705,-28.8033],[-69.7082,-28.8138],[-69.7143,-28.8254],[-69.7221,-28.8314],[-69.7242,-28.8413],[-69.7285,-28.8461],[-69.7339,-28.8451],[-69.7438,-28.8492],[-69.7408,-28.8649],[-69.7504,-28.8689],[-69.7462,-28.8808],[-69.7643,-28.8949],[-69.7672,-28.9091],[-69.7667,-28.9223],[-69.7537,-28.9365],[-69.7553,-28.9452],[-69.7536,-28.9579],[-69.7621,-28.9649],[-69.7613,-28.9764],[-69.7552,-28.9851],[-69.7679,-28.9899],[-69.7705,-28.9987],[-69.7774,-29.0061],[-69.777,-29.0135],[-69.7881,-29.032],[-69.7882,-29.0442],[-69.7933,-29.0502],[-69.7948,-29.0579],[-69.7909,-29.0649],[-69.7947,-29.0682],[-69.7929,-29.0751],[-69.7964,-29.0825],[-69.7919,-29.0867],[-69.7851,-29.1029],[-69.7917,-29.114],[-69.7873,-29.1306],[-69.7924,-29.1348],[-69.8396,-29.1293],[-69.8451,-29.1339],[-69.8584,-29.1332],[-69.8683,-29.1394],[-69.8775,-29.1397],[-69.8832,-29.1437],[-69.8936,-29.1585],[-69.9017,-29.16],[-69.9053,-29.1699],[-69.9208,-29.1805],[-69.9239,-29.1859],[-69.9329,-29.1885],[-69.9457,-29.1871],[-69.9525,-29.1912],[-69.9446,-29.2041],[-69.9519,-29.2128],[-69.9465,-29.2294],[-69.9406,-29.231],[-69.9366,-29.2451],[-69.9472,-29.2631],[-69.9591,-29.2693],[-69.965,-29.2691],[-69.9702,-29.274],[-69.9793,-29.2742],[-69.9874,-29.2779],[-69.9982,-29.2862],[-70.001,-29.2934],[-69.9962,-29.3024],[-69.999,-29.3075],[-70.0069,-29.3097],[-70.0133,-29.3194],[-70.0179,-29.3204],[-70.0201,-29.3311],[-70.0136,-29.3372],[-70.0172,-29.3439],[-70.0104,-29.3538],[-70.018,-29.3547],[-70.0204,-29.3601],[-70.0117,-29.3693],[-70.0213,-29.3844],[-70.0148,-29.3877],[-70.0099,-29.395],[-69.9979,-29.3974],[-69.9905,-29.4013],[-69.981,-29.4014],[-69.9667,-29.4135],[-69.9687,-29.424],[-69.9666,-29.4277],[-69.9733,-29.4342],[-69.972,-29.4409],[-69.9819,-29.4522],[-69.9736,-29.4551],[-69.9704,-29.4594],[-69.9565,-29.4664],[-69.9603,-29.4706],[-69.9474,-29.4904],[-69.9535,-29.4997],[-69.9488,-29.5085],[-69.9464,-29.5189],[-69.9503,-29.5212],[-69.9496,-29.5289],[-69.9564,-29.5351],[-69.9464,-29.5485],[-69.9463,-29.5538],[-69.9394,-29.559],[-69.933,-29.5766],[-69.9318,-29.5907],[-69.9336,-29.6007],[-69.9414,-29.6114],[-69.9382,-29.6233],[-69.9418,-29.6457],[-69.9395,-29.6544],[-69.9337,-29.6647],[-69.9232,-29.6718],[-69.9223,-29.6838],[-69.9114,-29.6913],[-69.9047,-29.6986],[-69.8978,-29.6934],[-69.8815,-29.7088],[-69.8868,-29.7189],[-69.8787,-29.7253],[-69.8796,-29.7344],[-69.889,-29.7425],[-69.8971,-29.7537],[-69.8936,-29.759],[-69.8934,-29.7676],[-69.9076,-29.7883],[-69.9144,-29.7918],[-69.9119,-29.7966],[-69.9134,-29.8068],[-69.8995,-29.8109],[-69.8937,-29.8192],[-69.8984,-29.8292],[-69.9007,-29.8393],[-69.8965,-29.8509],[-69.8874,-29.8532],[-69.8771,-29.863],[-69.8854,-29.8719],[-69.8943,-29.8784],[-69.8906,-29.8909],[-69.889,-29.9054],[-69.905,-29.9192],[-69.9092,-29.9355],[-69.8969,-29.9363],[-69.8962,-29.9415],[-69.9008,-29.9523],[-69.898,-29.9578],[-69.9082,-29.9693],[-69.9105,-29.9762],[-69.9213,-29.9852],[-69.9253,-30.0053],[-69.9177,-30.0192],[-69.9158,-30.0263],[-69.9239,-30.0325],[-69.9228,-30.037],[-69.9326,-30.045],[-69.9352,-30.052],[-69.94,-30.0518],[-69.9478,-30.0634],[-69.9629,-30.0729],[-69.9581,-30.0784],[-69.9636,-30.0886],[-69.9531,-30.0926],[-69.9451,-30.0927],[-69.9417,-30.1064],[-69.9454,-30.1126],[-69.9361,-30.1201],[-69.9299,-30.1198],[-69.9161,-30.1104],[-69.9047,-30.1061],[-69.8913,-30.1093],[-69.8717,-30.1115],[-69.8584,-30.1239],[-69.8479,-30.1299],[-69.8412,-30.1296],[-69.829,-30.1253],[-69.8174,-30.1279],[-69.819,-30.133],[-69.8097,-30.1448],[-69.8104,-30.1558],[-69.8198,-30.1576],[-69.8286,-30.1621],[-69.8233,-30.174],[-69.8174,-30.179],[-69.823,-30.184],[-69.8196,-30.1892],[-69.826,-30.1926],[-69.8285,-30.2044],[-69.835,-30.2191],[-69.8432,-30.22],[-69.855,-30.2178],[-69.8687,-30.2108],[-69.8797,-30.2148],[-69.8879,-30.224],[-69.8855,-30.2358],[-69.8885,-30.2387],[-69.8871,-30.2479],[-69.8786,-30.2583],[-69.8887,-30.2745],[-69.8955,-30.2729],[-69.8982,-30.2807],[-69.8947,-30.2877],[-69.9024,-30.2958],[-69.8996,-30.3],[-69.9013,-30.3089],[-69.9066,-30.3108],[-69.9081,-30.318],[-69.9052,-30.3267],[-69.9061,-30.3364],[-69.9034,-30.3429],[-69.8931,-30.3484],[-69.8984,-30.3557],[-69.9149,-30.3504],[-69.9212,-30.3511],[-69.9347,-30.358],[-69.9459,-30.378],[-69.9557,-30.3855],[-69.9662,-30.3845],[-69.9883,-30.3785],[-69.9951,-30.3789],[-70.0037,-30.3875],[-70.0137,-30.3913],[-70.0197,-30.3967],[-70.0295,-30.3924],[-70.0525,-30.3885],[-70.0632,-30.3944],[-70.0683,-30.3926],[-70.0813,-30.3767],[-70.0915,-30.3733],[-70.1035,-30.3663],[-70.1035,-30.3556],[-70.1066,-30.3521],[-70.1365,-30.3409],[-70.1486,-30.3416],[-70.1547,-30.3467],[-70.1525,-30.3538],[-70.1555,-30.3615],[-70.1532,-30.3659],[-70.1441,-30.3713],[-70.141,-30.3848],[-70.1363,-30.3904],[-70.1337,-30.4024],[-70.1247,-30.409],[-70.1209,-30.4213],[-70.1172,-30.4258],[-70.1184,-30.4333],[-70.1243,-30.4372],[-70.1258,-30.4438],[-70.1363,-30.4588],[-70.1502,-30.4636],[-70.1801,-30.4836],[-70.1948,-30.4916],[-70.1882,-30.5042],[-70.1794,-30.5123],[-70.1842,-30.5212],[-70.192,-30.527],[-70.1901,-30.5328],[-70.1961,-30.5361],[-70.1907,-30.5507],[-70.2073,-30.5586],[-70.2066,-30.5684],[-70.2128,-30.5772],[-70.221,-30.5829],[-70.2217,-30.5992],[-70.2257,-30.6063],[-70.238,-30.6131],[-70.2395,-30.6256],[-70.2466,-30.6342],[-70.2471,-30.6458],[-70.25,-30.6474],[-70.2504,-30.6607],[-70.2397,-30.6659],[-70.2438,-30.6748],[-70.2534,-30.6779],[-70.2559,-30.6925],[-70.2591,-30.6998],[-70.2565,-30.7134],[-70.2465,-30.7271],[-70.2508,-30.732],[-70.2641,-30.739],[-70.2702,-30.7469],[-70.2738,-30.7563],[-70.2726,-30.7648],[-70.2733,-30.7812],[-70.288,-30.7867],[-70.2911,-30.7992],[-70.2822,-30.8045],[-70.2768,-30.8124],[-70.2806,-30.8181],[-70.2784,-30.8227],[-70.284,-30.8407],[-70.2924,-30.8429],[-70.2966,-30.8498],[-70.2961,-30.8566],[-70.3048,-30.8764],[-70.3074,-30.8878],[-70.3068,-30.8978],[-70.313,-30.9049],[-70.3162,-30.9187],[-70.3228,-30.928],[-70.3229,-30.9336],[-70.3158,-30.9403],[-70.3141,-30.9552],[-70.2989,-30.9619],[-70.2934,-30.97],[-70.2941,-30.978],[-70.3025,-30.9941],[-70.2978,-30.9979],[-70.2937,-31.0084],[-70.2973,-31.0208],[-70.2892,-31.0241],[-70.2838,-31.02],[-70.2771,-31.0215],[-70.2709,-31.0293],[-70.2691,-31.0429],[-70.2754,-31.0477],[-70.2851,-31.0437],[-70.2981,-31.0471],[-70.3064,-31.0442],[-70.3211,-31.0432],[-70.3271,-31.0545],[-70.3285,-31.0625],[-70.3391,-31.0683],[-70.3517,-31.0898],[-70.3667,-31.1064],[-70.3691,-31.1133],[-70.3617,-31.1202],[-70.3648,-31.1317],[-70.3602,-31.1342],[-70.3654,-31.1419],[-70.3772,-31.1536],[-70.3861,-31.1537],[-70.3968,-31.1654],[-70.4082,-31.166],[-70.4132,-31.157],[-70.4107,-31.1492],[-70.4165,-31.1335],[-70.4244,-31.1277],[-70.4286,-31.1185],[-70.4323,-31.1017],[-70.4391,-31.0946],[-70.4561,-31.0842],[-70.4649,-31.1032],[-70.4789,-31.1162],[-70.4857,-31.1159],[-70.4972,-31.1221],[-70.4953,-31.132],[-70.4994,-31.142],[-70.5077,-31.1457],[-70.5083,-31.1539],[-70.5165,-31.1663],[-70.5152,-31.1732],[-70.5195,-31.1778],[-70.524,-31.1901],[-70.518,-31.1912],[-70.5135,-31.1966],[-70.5167,-31.2025],[-70.5202,-31.2195],[-70.5175,-31.2233],[-70.5164,-31.2339],[-70.5251,-31.2377],[-70.5318,-31.2467],[-70.526,-31.2505],[-70.5258,-31.2659],[-70.5298,-31.2747],[-70.5273,-31.2797],[-70.5308,-31.2884],[-70.5353,-31.2893],[-70.5388,-31.301],[-70.545,-31.3071],[-70.5437,-31.3335],[-70.54,-31.3382],[-70.5425,-31.344],[-70.5326,-31.351],[-70.5323,-31.3624],[-70.5274,-31.367],[-70.5301,-31.3757],[-70.5396,-31.3863],[-70.5338,-31.409],[-70.5499,-31.4081],[-70.5602,-31.42],[-70.556,-31.4281],[-70.5482,-31.435],[-70.5522,-31.4424],[-70.5488,-31.4466],[-70.551,-31.4543],[-70.563,-31.4614],[-70.5685,-31.4702],[-70.5692,-31.4764],[-70.562,-31.4818],[-70.5671,-31.5004],[-70.5523,-31.5112],[-70.5577,-31.5194],[-70.5563,-31.5313],[-70.5599,-31.5412],[-70.5583,-31.5476],[-70.5627,-31.561],[-70.5584,-31.5748],[-70.5673,-31.5834],[-70.5616,-31.5947],[-70.5674,-31.6001],[-70.5544,-31.606],[-70.5477,-31.6061],[-70.5431,-31.6179],[-70.5318,-31.638],[-70.5068,-31.6523],[-70.5038,-31.6597],[-70.5103,-31.6639],[-70.5125,-31.6782],[-70.5102,-31.6909],[-70.5005,-31.6938],[-70.4871,-31.6897],[-70.4697,-31.6968],[-70.4664,-31.7178],[-70.458,-31.7329],[-70.4623,-31.7443],[-70.4685,-31.7496],[-70.4677,-31.7741],[-70.4635,-31.7794],[-70.463,-31.7908],[-70.4565,-31.7962],[-70.46,-31.8057],[-70.451,-31.81],[-70.4548,-31.8147],[-70.4595,-31.8286],[-70.4581,-31.8343],[-70.4608,-31.8413],[-70.4474,-31.8523],[-70.4401,-31.8506],[-70.4273,-31.8539],[-70.4216,-31.861],[-70.4073,-31.8683],[-70.4034,-31.8742],[-70.3916,-31.8797],[-70.3786,-31.88],[-70.3769,-31.8848],[-70.3638,-31.8806],[-70.3473,-31.8904],[-70.3434,-31.8864],[-70.3278,-31.8844],[-70.3171,-31.8807],[-70.3075,-31.8846],[-70.2801,-31.8841],[-70.2721,-31.8906],[-70.269,-31.9029],[-70.2636,-31.9109],[-70.2539,-31.9151],[-70.2403,-31.9179],[-70.2407,-31.9221],[-70.2325,-31.9256],[-70.2275,-31.9387],[-70.2222,-31.9478],[-70.2143,-31.9518],[-70.2093,-31.9604],[-70.2108,-31.9693],[-70.2082,-31.978],[-70.2155,-31.9816],[-70.2269,-31.981],[-70.2354,-31.9901],[-70.249,-31.9924],[-70.2468,-32.0031],[-70.2498,-32.0087],[-70.2481,-32.0234],[-70.26,-32.0273],[-70.2639,-32.0381],[-70.2713,-32.0347],[-70.2834,-32.0383],[-70.2839,-32.0442],[-70.2894,-32.0522],[-70.2955,-32.0531],[-70.3058,-32.0475],[-70.3211,-32.0505],[-70.3304,-32.0456],[-70.3382,-32.0449],[-70.3472,-32.0393],[-70.3512,-32.0263],[-70.3665,-32.025],[-70.3802,-32.0265],[-70.38,-32.0342],[-70.3882,-32.0439],[-70.3744,-32.0548],[-70.3585,-32.058],[-70.3352,-32.0704],[-70.3352,-32.0772],[-70.3401,-32.0838],[-70.3501,-32.0886],[-70.3382,-32.1043],[-70.3417,-32.1083],[-70.3291,-32.1226],[-70.3188,-32.132],[-70.3083,-32.1329],[-70.3039,-32.1363],[-70.3063,-32.1435],[-70.3144,-32.1494],[-70.317,-32.1593],[-70.3137,-32.1738],[-70.3173,-32.177],[-70.3074,-32.1873],[-70.3101,-32.199],[-70.301,-32.2068],[-70.3109,-32.2221],[-70.305,-32.2323],[-70.3097,-32.2426],[-70.3178,-32.2513],[-70.3234,-32.2659],[-70.3186,-32.2733],[-70.3116,-32.2734],[-70.2964,-32.278],[-70.2929,-32.2872],[-70.2844,-32.2925],[-70.271,-32.2937],[-70.2651,-32.291],[-70.2573,-32.3038],[-70.25,-32.305],[-70.2411,-32.3169],[-70.2326,-32.3185],[-70.2227,-32.3246],[-70.2182,-32.3327],[-70.2235,-32.3506],[-70.2276,-32.3528],[-70.2292,-32.3637],[-70.2266,-32.3714],[-70.2174,-32.382],[-70.2225,-32.39],[-70.2314,-32.3909],[-70.2387,-32.4051],[-70.2355,-32.4141],[-70.2376,-32.4175],[-70.2366,-32.4293],[-70.2327,-32.4314],[-70.2184,-32.4285],[-70.2134,-32.4386],[-70.2012,-32.4413],[-70.1927,-32.45],[-70.1835,-32.4496],[-70.1692,-32.4539],[-70.1598,-32.4626],[-70.1486,-32.4659],[-70.1406,-32.4855],[-70.1352,-32.4918],[-70.1414,-32.4987],[-70.134,-32.5103],[-70.13,-32.5255],[-70.1234,-32.5352],[-70.1233,-32.5441],[-70.1278,-32.5536],[-70.1251,-32.5578],[-70.1282,-32.5647],[-70.1262,-32.5742],[-70.1197,-32.578],[-70.1119,-32.5893],[-70.1036,-32.5903],[-70.0922,-32.601],[-70.0913,-32.6192],[-70.0751,-32.6259],[-70.063,-32.6239],[-70.0587,-32.6154],[-70.054,-32.6128],[-70.0439,-32.6011],[-70.0406,-32.5927],[-70.0424,-32.5871],[-70.0357,-32.581],[-70.0258,-32.5788],[-70.0273,-32.5695],[-70.017,-32.5448],[-70.0084,-32.5383],[-70.0076,-32.5321],[-70.0028,-32.5289],[-69.9798,-32.5325],[-69.9759,-32.538],[-69.966,-32.545],[-69.965,-32.5455],[-69.9529,-32.5446],[-69.9493,-32.5409],[-69.9398,-32.5441],[-69.9302,-32.5418],[-69.917,-32.5504],[-69.9043,-32.5548],[-69.9007,-32.562],[-69.8913,-32.5602],[-69.8838,-32.5628],[-69.8699,-32.5631],[-69.8636,-32.5612],[-69.8469,-32.5705],[-69.8332,-32.5678],[-69.8274,-32.5625],[-69.8295,-32.5516],[-69.8216,-32.544],[-69.807,-32.5444],[-69.7932,-32.5471],[-69.7788,-32.5424],[-69.7783,-32.5356],[-69.7715,-32.5327],[-69.7667,-32.5185],[-69.7543,-32.5096],[-69.7407,-32.5097],[-69.7349,-32.5017],[-69.7259,-32.4975],[-69.7056,-32.4975],[-69.7045,-32.4826],[-69.6997,-32.4694],[-69.6962,-32.4659],[-69.6953,-32.4573],[-69.6995,-32.4453],[-69.689,-32.4371],[-69.6903,-32.423],[-69.6963,-32.4114],[-69.7042,-32.4032],[-69.7113,-32.4026],[-69.721,-32.3958],[-69.7279,-32.3956],[-69.7332,-32.3906],[-69.7332,-32.3791],[-69.7267,-32.3586],[-69.7308,-32.3415],[-69.7289,-32.3308],[-69.7239,-32.3166],[-69.7091,-32.3099],[-69.6937,-32.3096],[-69.6804,-32.3043],[-69.6745,-32.2899],[-69.6651,-32.2859],[-69.652,-32.2695],[-69.6428,-32.2676],[-69.6375,-32.2628],[-69.6308,-32.2627],[-69.6319,-32.2535],[-69.6256,-32.2391],[-69.6186,-32.237],[-69.6137,-32.2165],[-69.6034,-32.2106],[-69.6099,-32.2021],[-69.6067,-32.1938],[-69.6057,-32.1839],[-69.595,-32.1665],[-69.5993,-32.146],[-69.5962,-32.1409],[-69.584,-32.1362],[-69.5607,-32.1317],[-69.5565,-32.1407],[-69.5403,-32.1399],[-69.5311,-32.141],[-69.522,-32.1331],[-69.5131,-32.1311],[-69.5052,-32.1228],[-69.506,-32.1145],[-69.4947,-32.1144],[-69.4829,-32.1107],[-69.4768,-32.1111],[-69.4713,-32.0906],[-69.4674,-32.0891],[-69.4548,-32.0747],[-69.4438,-32.0774],[-69.4316,-32.0766],[-69.4285,-32.0712],[-69.4157,-32.0665],[-69.407,-32.073],[-69.3994,-32.0734],[-69.3904,-32.0779],[-69.3831,-32.0646],[-69.3501,-32.0794],[-69.3449,-32.0827],[-69.3142,-32.0911],[-69.3056,-32.0791],[-69.2942,-32.0712],[-69.2807,-32.0729],[-69.2741,-32.0615],[-69.2674,-32.0556],[-69.2624,-32.0332],[-69.2445,-32.0161],[-69.2177,-32.0077],[-69.211,-32.0094],[-69.1983,-32.0029],[-69.184,-31.9994],[-69.1284,-31.9994],[-69.1194,-32.0011],[-69.1128,-32.0069],[-69.1164,-32.0205],[-69.1031,-32.031],[-69.0944,-32.0319],[-69.0855,-32.0448],[-69.0856,-32.053],[-69.0679,-32.065],[-69.0645,-32.0755],[-69.0605,-32.0759],[-69.0501,-32.0846],[-69.0395,-32.0861],[-69.0381,-32.0901],[-69.0275,-32.092],[-69.0222,-32.1032],[-69.0131,-32.1159],[-68.9969,-32.1177],[-68.9839,-32.113],[-68.9568,-32.1089],[-68.9176,-32.1146],[-68.9176,-32.3379],[-68.7528,-32.3374],[-68.6657,-32.3371],[-68.514,-32.2646],[-68.4612,-32.2381],[-68.4612,-32.1392],[-68.3011,-32.1392],[-68.2479,-32.0915],[-68.2376,-32.099],[-68.2319,-32.1054],[-68.2223,-32.108],[-68.2053,-32.1212],[-68.1984,-32.1192],[-68.1886,-32.1118],[-68.171,-32.1095],[-68.1597,-32.1186],[-68.1499,-32.1184],[-68.1475,-32.1127],[-68.1356,-32.1097],[-68.1372,-32.1049],[-68.1247,-32.106],[-68.1228,-32.0998],[-68.1147,-32.1027],[-68.1081,-32.0969],[-68.0926,-32.1005],[-68.0979,-32.0929],[-68.0854,-32.0916],[-68.0771,-32.0861],[-68.0749,-32.0991],[-68.065,-32.0883],[-68.0668,-32.0797],[-68.0626,-32.0754],[-68.0503,-32.0781],[-68.0373,-32.0785],[-68.0336,-32.0854],[-68.014,-32.0854],[-68.0063,-32.0797],[-67.9967,-32.0835],[-67.9956,-32.0898],[-67.9834,-32.093],[-67.9754,-32.088],[-67.9678,-32.0919],[-67.9584,-32.0919],[-67.9559,-32.1006],[-67.9598,-32.1076],[-67.9549,-32.118],[-67.9447,-32.1114],[-67.936,-32.1194],[-67.9313,-32.1346],[-67.93,-32.1451],[-67.9238,-32.1472],[-67.9281,-32.1557],[-67.9182,-32.1662],[-67.9165,-32.1752],[-67.9077,-32.1721],[-67.8997,-32.1798],[-67.8863,-32.1799],[-67.8709,-32.1911],[-67.8758,-32.1967],[-67.8689,-32.1993],[-67.8541,-32.2106],[-67.8359,-32.2158],[-67.8359,-32.2223],[-67.8175,-32.2273],[-67.8012,-32.2229],[-67.7913,-32.2235],[-67.7796,-32.235],[-67.7695,-32.2334],[-67.7579,-32.2258],[-67.7505,-32.228],[-67.7431,-32.2228],[-67.7357,-32.223],[-67.7295,-32.2366],[-67.7234,-32.2422],[-67.7108,-32.2456],[-67.7071,-32.2353],[-67.6972,-32.2324],[-67.6865,-32.2381],[-67.6756,-32.2322],[-67.6689,-32.2262],[-67.6658,-32.233],[-67.6477,-32.24],[-67.637,-32.2407],[-67.6292,-32.2388],[-67.6202,-32.2419],[-67.6155,-32.2344],[-67.6071,-32.2324],[-67.6046,-32.2395],[-67.5969,-32.2463],[-67.583,-32.2373],[-67.572,-32.2361],[-67.5594,-32.2423],[-67.5556,-32.238],[-67.5465,-32.2403],[-67.5421,-32.2309],[-67.5235,-32.2209],[-67.5233,-32.2295],[-67.5135,-32.2418],[-67.5031,-32.2385],[-67.4939,-32.2575],[-67.4879,-32.2613],[-67.4895,-32.2695],[-67.4845,-32.2754],[-67.4867,-32.2815],[-67.4827,-32.2859],[-67.4844,-32.2938],[-67.4729,-32.3067],[-67.4578,-32.3127],[-67.4477,-32.3189],[-67.4286,-32.3268],[-67.4127,-32.3264],[-67.3964,-32.3329],[-67.3919,-32.3304],[-67.3817,-32.3305],[-67.3737,-32.3379],[-67.3652,-32.3418],[-67.359,-32.3485],[-67.3322,-32.3502],[-67.3303,-32.362],[-67.3192,-32.3717],[-67.3177,-32.382],[-67.2638,-32.3819],[-67.2662,-32.3393],[-67.278,-32.2923],[-67.3704,-32.2463],[-67.376,-32.2374],[-67.3802,-32.2238],[-67.382,-32.2113],[-67.3808,-32.1958],[-67.3838,-32.1252],[-67.3807,-32.0799],[-67.3778,-32.0526],[-67.3677,-32.0146],[-67.3652,-31.9759],[-67.3683,-31.9338],[-67.3726,-31.9071],[-67.3783,-31.8845],[-67.3792,-31.8681],[-67.2415,-31.8808],[-67.1367,-31.8338],[-67.078,-31.849],[-67.05,-31.8575],[-67.0059,-31.8554],[-66.8857,-31.8977],[-66.6618,-31.9205],[-66.7227,-31.8838],[-66.735,-31.8747],[-66.7684,-31.8479],[-66.792,-31.8254],[-66.8043,-31.8088],[-66.8129,-31.7911],[-66.8452,-31.7146],[-66.8508,-31.6988],[-66.8682,-31.6333],[-66.952,-31.6333],[-67.0783,-31.434],[-67.1012,-31.383],[-67.0823,-31.2182],[-67.0668,-31.0832],[-67.1164,-31.016],[-67.1039,-30.9747],[-67.0821,-30.9161],[-67.102,-30.9082],[-67.1141,-30.9002],[-67.125,-30.8975],[-67.1426,-30.8797],[-67.1576,-30.8576],[-67.1705,-30.848],[-67.1876,-30.8285],[-67.1971,-30.8135],[-67.21,-30.7877],[-67.2206,-30.7692],[-67.253,-30.7368],[-67.2614,-30.7231],[-67.2828,-30.6953],[-67.2989,-30.6815],[-67.3135,-30.6739],[-67.3552,-30.6574],[-67.3867,-30.6429],[-67.3982,-30.6327],[-67.4101,-30.6275],[-67.4245,-30.6143],[-67.4309,-30.5986],[-67.4463,-30.578],[-67.4599,-30.5654],[-67.4717,-30.5587],[-67.4849,-30.548],[-67.4948,-30.5363],[-67.577,-30.4062],[-67.5795,-30.3918],[-67.5767,-30.3789],[-67.5868,-30.3462],[-67.5859,-30.3413],[-67.5921,-30.3258],[-67.5909,-30.2981],[-67.6065,-30.2934],[-67.611,-30.2861],[-67.6163,-30.2844],[-67.6236,-30.2734],[-67.632,-30.2696],[-67.6344,-30.2645],[-67.6486,-30.2543],[-67.6606,-30.2436],[-67.6743,-30.2356],[-67.6859,-30.215],[-67.8163,-30.1272],[-67.8174,-30.1214],[-67.8328,-30.1128],[-67.8358,-30.1059],[-67.8413,-30.1077],[-67.857,-30.1005],[-67.8701,-30.0898],[-67.8727,-30.0795],[-67.8774,-30.0751],[-67.8856,-30.0735],[-67.8877,-30.0798],[-67.8975,-30.0745],[-67.9053,-30.0672],[-67.9043,-30.0603],[-67.9096,-30.0575],[-67.9131,-30.0507],[-67.9193,-30.0474],[-67.9293,-30.0363],[-67.9305,-30.0302],[-67.9413,-30.0259],[-67.9592,-30.0106],[-67.9684,-30.0093],[-67.9796,-29.9949],[-67.9901,-29.9881],[-67.9915,-29.9801],[-67.9982,-29.9757],[-68.0061,-29.9633],[-68.006,-29.9596],[-68.013,-29.9494],[-68.0134,-29.9443],[-68.0241,-29.9374],[-68.0455,-29.908],[-68.053,-29.9013],[-68.0687,-29.8958],[-68.0724,-29.8914],[-68.0917,-29.8895],[-68.1052,-29.8842],[-68.1166,-29.8851],[-68.1396,-29.8845],[-68.1503,-29.8881],[-68.1596,-29.8843],[-68.1656,-29.8734],[-68.1634,-29.8651],[-68.1769,-29.8586],[-68.1844,-29.8481],[-68.1841,-29.8265],[-68.1822,-29.8226],[-68.1859,-29.8008],[-68.1909,-29.7951],[-68.1926,-29.7866],[-68.199,-29.7811],[-68.2221,-29.7843],[-68.2323,-29.7788],[-68.2478,-29.782],[-68.2538,-29.7807],[-68.2586,-29.7648],[-68.2678,-29.7586],[-68.2663,-29.7531],[-68.2585,-29.7469],[-68.4413,-29.6505],[-68.4677,-29.6443],[-68.497,-29.6405],[-68.5053,-29.6408],[-68.5202,-29.6375],[-68.5387,-29.6396],[-68.5467,-29.6375],[-68.5731,-29.6379],[-68.5841,-29.6409],[-68.5917,-29.6404],[-68.6025,-29.6442],[-68.6218,-29.6456],[-68.6396,-29.639],[-68.6537,-29.6409],[-68.6686,-29.6399],[-68.6815,-29.6465],[-68.6906,-29.6369],[-68.6994,-29.6358],[-68.7109,-29.6314],[-68.7153,-29.6247],[-68.7363,-29.6256],[-68.7477,-29.6317],[-68.7585,-29.6328],[-68.772,-29.63],[-68.7735,-29.6274],[-68.7928,-29.6222],[-68.8202,-29.63],[-68.8252,-29.6284],[-68.8328,-29.6328],[-68.8555,-29.6314],[-68.8619,-29.6352],[-68.8736,-29.6316],[-68.8873,-29.6204],[-68.8898,-29.6048],[-68.897,-29.6095],[-68.9078,-29.6198],[-68.9181,-29.6222],[-68.9318,-29.6208],[-68.9358,-29.6239],[-68.934,-29.6306],[-68.9341,-29.6445],[-68.9383,-29.6516],[-68.9483,-29.6505],[-68.9575,-29.6575],[-68.9634,-29.653],[-68.9761,-29.6496],[-68.9892,-29.6491],[-69.0101,-29.6527],[-69.016,-29.65],[-69.0198,-29.6417],[-69.0231,-29.5936],[-69.0319,-29.5827],[-69.0343,-29.5589],[-69.0289,-29.5392],[-69.0337,-29.533],[-69.0313,-29.5237],[-69.0277,-29.5205],[-69.018,-29.5036],[-69.0086,-29.4953],[-69.0081,-29.4867],[-69.0014,-29.48],[-68.9991,-29.4658],[-68.9898,-29.4781],[-68.9846,-29.4743],[-68.9809,-29.4611],[-68.9749,-29.4571],[-68.9737,-29.4447],[-68.9802,-29.4226],[-68.9967,-29.4152],[-69.0024,-29.4019],[-68.9947,-29.3886],[-68.9917,-29.3799],[-68.9793,-29.3712],[-68.9746,-29.3642],[-68.9761,-29.3538],[-68.9814,-29.3464],[-68.9849,-29.3335],[-68.9849,-29.3264],[-68.9755,-29.3169],[-68.9697,-29.3138],[-68.9619,-29.3197],[-68.9576,-29.3172],[-68.9633,-29.3101],[-68.961,-29.3049],[-68.9621,-29.2917],[-68.9588,-29.2853],[-68.9696,-29.2784],[-68.9789,-29.2792],[-68.9891,-29.274],[-68.9922,-29.2551],[-68.9799,-29.2284],[-68.9861,-29.2171],[-68.9909,-29.2147],[-68.9948,-29.2045],[-68.9941,-29.1987],[-69.0009,-29.1899],[-69.0002,-29.1844],[-68.9869,-29.1692],[-68.9746,-29.1603],[-68.975,-29.1484],[-68.9648,-29.147],[-68.9592,-29.1615],[-68.9535,-29.1667],[-68.9377,-29.168],[-68.9327,-29.1615],[-68.9338,-29.1492],[-68.9195,-29.1409],[-68.9119,-29.1286],[-68.918,-29.1118],[-68.9238,-29.1059],[-68.9247,-29.0894],[-68.9168,-29.0739],[-68.908,-29.0728],[-68.9106,-29.0586],[-68.9084,-29.0471],[-68.914,-29.0288],[-68.9257,-29.0259],[-68.9305,-29.0186],[-68.9295,-28.9965],[-68.9304,-28.9823],[-68.9377,-28.9763],[-68.9456,-28.9743],[-68.9558,-28.9583],[-68.9561,-28.9495],[-68.9516,-28.939],[-68.9489,-28.92],[-68.9397,-28.9115],[-68.9315,-28.9069],[-68.9317,-28.8956],[-68.9282,-28.8864],[-68.9231,-28.8804],[-68.9208,-28.8669],[-68.9087,-28.8593],[-68.9368,-28.8497],[-69.0551,-28.8032],[-69.162,-28.7611],[-69.1682,-28.7524],[-69.166,-28.7444],[-69.1707,-28.7361],[-69.182,-28.7255],[-69.1814,-28.7217],[-69.1907,-28.7189],[-69.1976,-28.7102],[-69.2086,-28.6842],[-69.2085,-28.6696],[-69.2124,-28.6649],[-69.2127,-28.6574],[-69.2178,-28.6478],[-69.2148,-28.6377],[-69.2142,-28.6031],[-69.2026,-28.596],[-69.2119,-28.5809],[-69.2135,-28.5784]]]},"properties":{"nombre":"San Juan","slug":"san-juan"}},
{"type":"Feature","geometry":{"type":"Polygon","coordinates":[[[-70.2421,-36.3248],[-70.2478,-36.3218],[-70.2726,-36.324],[-70.2849,-36.3306],[-70.2915,-36.3372],[-70.3032,-36.3405],[-70.3166,-36.3336],[-70.3233,-36.3369],[-70.3395,-36.3361],[-70.354,-36.319],[-70.3606,-36.3059],[-70.3593,-36.2939],[-70.3671,-36.2815],[-70.3722,-36.2793],[-70.3703,-36.2658],[-70.3746,-36.2596],[-70.369,-36.2413],[-70.3696,-36.2329],[-70.3803,-36.219],[-70.3796,-36.2149],[-70.395,-36.1943],[-70.3953,-36.183],[-70.3919,-36.1792],[-70.3937,-36.1502],[-70.3933,-36.137],[-70.399,-36.1265],[-70.3974,-36.1195],[-70.4151,-36.1099],[-70.4203,-36.1154],[-70.4223,-36.1257],[-70.4181,-36.1386],[-70.4223,-36.143],[-70.421,-36.1559],[-70.4291,-36.1594],[-70.4389,-36.1602],[-70.4443,-36.1634],[-70.4446,-36.17],[-70.4629,-36.1731],[-70.4694,-36.1714],[-70.4827,-36.1749],[-70.4907,-36.179],[-70.4983,-36.1706],[-70.5071,-36.1674],[-70.5103,-36.1559],[-70.5337,-36.142],[-70.545,-36.1429],[-70.5511,-36.1388],[-70.5608,-36.1381],[-70.5684,-36.1326],[-70.582,-36.1442],[-70.5827,-36.1486],[-70.5743,-36.163],[-70.5715,-36.176],[-70.5835,-36.1836],[-70.5847,-36.188],[-70.5997,-36.1923],[-70.6046,-36.1968],[-70.6081,-36.2065],[-70.6294,-36.2134],[-70.6332,-36.2172],[-70.6256,-36.2235],[-70.6248,-36.2285],[-70.6321,-36.239],[-70.6402,-36.2436],[-70.6536,-36.2411],[-70.6697,-36.2451],[-70.6809,-36.2562],[-70.6894,-36.2573],[-70.6921,-36.262],[-70.7062,-36.2726],[-70.7038,-36.2798],[-70.6955,-36.2793],[-70.6861,-36.283],[-70.688,-36.2979],[-70.6848,-36.3047],[-70.6877,-36.3107],[-70.7032,-36.322],[-70.7046,-36.3349],[-70.7125,-36.3401],[-70.7111,-36.3487],[-70.7024,-36.3523],[-70.7019,-36.3604],[-70.6935,-36.3598],[-70.6885,-36.3696],[-70.6794,-36.3769],[-70.6793,-36.3902],[-70.6876,-36.3998],[-70.6881,-36.4068],[-70.7001,-36.4093],[-70.7087,-36.4178],[-70.7125,-36.4274],[-70.7279,-36.4278],[-70.7394,-36.4298],[-70.7402,-36.4261],[-70.7351,-36.4159],[-70.7405,-36.4081],[-70.7481,-36.4059],[-70.7548,-36.408],[-70.7644,-36.4229],[-70.7732,-36.4288],[-70.7912,-36.4286],[-70.7936,-36.4198],[-70.8076,-36.4026],[-70.8161,-36.3957],[-70.833,-36.4067],[-70.8364,-36.4154],[-70.8517,-36.4161],[-70.8708,-36.4076],[-70.8648,-36.3972],[-70.8841,-36.3963],[-70.8884,-36.3989],[-70.8899,-36.4099],[-70.887,-36.4147],[-70.8917,-36.4248],[-70.887,-36.4361],[-70.8945,-36.4521],[-70.8874,-36.4609],[-70.8939,-36.4713],[-70.9024,-36.4747],[-70.9205,-36.4724],[-70.9282,-36.4745],[-70.9279,-36.4831],[-70.934,-36.4917],[-70.9444,-36.4905],[-70.953,-36.4965],[-70.9564,-36.5036],[-70.975,-36.5021],[-70.9796,-36.4932],[-70.9891,-36.4956],[-70.9971,-36.4869],[-71.0106,-36.4877],[-71.0128,-36.48],[-71.018,-36.4741],[-71.0255,-36.4715],[-71.0343,-36.4731],[-71.0385,-36.4779],[-71.036,-36.4942],[-71.0394,-36.4974],[-71.0352,-36.5092],[-71.0438,-36.5142],[-71.0506,-36.5229],[-71.0464,-36.5327],[-71.0438,-36.5473],[-71.0407,-36.5507],[-71.0488,-36.5585],[-71.0545,-36.5718],[-71.0472,-36.5827],[-71.0472,-36.6067],[-71.0544,-36.6124],[-71.0572,-36.6187],[-71.0441,-36.627],[-71.0402,-36.6493],[-71.0291,-36.6502],[-71.0274,-36.6632],[-71.012,-36.6639],[-71.0135,-36.6734],[-71.007,-36.6837],[-71.0093,-36.6915],[-71.0155,-36.6993],[-71.0226,-36.6979],[-71.0294,-36.7023],[-71.0454,-36.7041],[-71.0561,-36.7083],[-71.0649,-36.7147],[-71.0715,-36.7076],[-71.0762,-36.7081],[-71.0796,-36.6972],[-71.0791,-36.6893],[-71.085,-36.6791],[-71.1084,-36.6774],[-71.1133,-36.6794],[-71.1144,-36.6919],[-71.1196,-36.6973],[-71.1116,-36.7141],[-71.1135,-36.7196],[-71.1114,-36.7283],[-71.1202,-36.7398],[-71.1181,-36.751],[-71.1257,-36.7597],[-71.1292,-36.7758],[-71.1279,-36.7884],[-71.1334,-36.8097],[-71.1326,-36.8158],[-71.1397,-36.8163],[-71.143,-36.8244],[-71.1534,-36.8279],[-71.1538,-36.8187],[-71.1608,-36.8181],[-71.1674,-36.8238],[-71.1691,-36.8307],[-71.1798,-36.8409],[-71.1773,-36.8472],[-71.1629,-36.8615],[-71.1516,-36.8592],[-71.1467,-36.8546],[-71.1392,-36.8533],[-71.1275,-36.8576],[-71.122,-36.8632],[-71.1226,-36.8695],[-71.1296,-36.8739],[-71.133,-36.8842],[-71.14,-36.8966],[-71.1493,-36.9014],[-71.1479,-36.9153],[-71.1437,-36.9207],[-71.1438,-36.9295],[-71.1172,-36.93],[-71.1121,-36.9248],[-71.1047,-36.9285],[-71.0988,-36.9257],[-71.0882,-36.9287],[-71.0879,-36.9378],[-71.0993,-36.9554],[-71.1007,-36.9666],[-71.106,-36.9709],[-71.1187,-36.9688],[-71.1263,-36.9724],[-71.1303,-36.9778],[-71.1454,-36.9808],[-71.1662,-36.978],[-71.1746,-36.9684],[-71.1871,-36.9687],[-71.2041,-36.9749],[-71.2192,-36.9734],[-71.2214,-36.9805],[-71.2124,-36.9859],[-71.1974,-36.9875],[-71.1896,-36.9946],[-71.169,-36.9962],[-71.1677,-37.0047],[-71.1571,-37.0126],[-71.1437,-37.0326],[-71.1425,-37.0406],[-71.1373,-37.0537],[-71.1447,-37.0625],[-71.1415,-37.0698],[-71.1332,-37.0726],[-71.1294,-37.0697],[-71.1197,-37.0745],[-71.123,-37.0902],[-71.1106,-37.0954],[-71.1044,-37.1069],[-71.0988,-37.1068],[-71.0923,-37.1147],[-71.0957,-37.1261],[-71.1081,-37.1333],[-71.1242,-37.1356],[-71.1266,-37.1407],[-71.1339,-37.1426],[-71.1361,-37.1657],[-71.1296,-37.1711],[-71.1275,-37.1882],[-71.121,-37.1932],[-71.1142,-37.2039],[-71.1213,-37.2127],[-71.1424,-37.2207],[-71.1483,-37.2206],[-71.1627,-37.2254],[-71.1651,-37.2289],[-71.1555,-37.2351],[-71.1615,-37.2468],[-71.1741,-37.2526],[-71.1814,-37.2583],[-71.1886,-37.276],[-71.2055,-37.2727],[-71.2182,-37.2728],[-71.2142,-37.2849],[-71.2169,-37.2918],[-71.216,-37.3036],[-71.2103,-37.31],[-71.2067,-37.3185],[-71.2053,-37.3315],[-71.2078,-37.3381],[-71.1945,-37.3431],[-71.1945,-37.347],[-71.1857,-37.3555],[-71.1907,-37.362],[-71.2015,-37.3648],[-71.1959,-37.3847],[-71.1906,-37.3853],[-71.1873,-37.3932],[-71.1791,-37.3968],[-71.1647,-37.3996],[-71.1586,-37.3964],[-71.1536,-37.4007],[-71.1507,-37.4151],[-71.1438,-37.4323],[-71.1421,-37.4408],[-71.1379,-37.4454],[-71.1302,-37.4465],[-71.1201,-37.4581],[-71.1183,-37.4695],[-71.1205,-37.4742],[-71.1183,-37.4915],[-71.1241,-37.4958],[-71.1225,-37.5034],[-71.1284,-37.5095],[-71.1331,-37.5294],[-71.1405,-37.5319],[-71.1514,-37.5397],[-71.1378,-37.5449],[-71.1327,-37.5528],[-71.134,-37.5623],[-71.1274,-37.5738],[-71.1259,-37.5806],[-71.129,-37.589],[-71.1416,-37.6014],[-71.1462,-37.6081],[-71.1591,-37.6118],[-71.1693,-37.6113],[-71.1778,-37.6142],[-71.1919,-37.6282],[-71.1977,-37.6426],[-71.2063,-37.648],[-71.1997,-37.6639],[-71.204,-37.675],[-71.2127,-37.6882],[-71.2095,-37.6999],[-71.1888,-37.7125],[-71.1898,-37.7229],[-71.185,-37.7281],[-71.1858,-37.734],[-71.1795,-37.7407],[-71.1662,-37.7469],[-71.1623,-37.7552],[-71.1562,-37.7572],[-71.161,-37.7719],[-71.1708,-37.7795],[-71.1701,-37.785],[-71.1599,-37.7907],[-71.1525,-37.8005],[-71.1534,-37.8085],[-71.14,-37.8168],[-71.1301,-37.8176],[-71.1264,-37.8216],[-71.1316,-37.8323],[-71.1452,-37.8384],[-71.1528,-37.8369],[-71.1608,-37.8401],[-71.1645,-37.8582],[-71.1468,-37.8573],[-71.1342,-37.863],[-71.1192,-37.8866],[-71.1079,-37.891],[-71.1058,-37.907],[-71.1124,-37.9195],[-71.1076,-37.9298],[-71.108,-37.9367],[-71.1123,-37.9437],[-71.1134,-37.9526],[-71.1043,-37.9547],[-71.0898,-37.9652],[-71.0776,-37.9642],[-71.0616,-37.9714],[-71.0687,-37.9809],[-71.0668,-37.9905],[-71.0534,-37.9976],[-71.0603,-38.0023],[-71.058,-38.0068],[-71.0636,-38.0172],[-71.0521,-38.0258],[-71.0508,-38.0371],[-71.0555,-38.0436],[-71.0461,-38.054],[-71.0281,-38.0602],[-71.0218,-38.0652],[-71.0115,-38.0802],[-70.9918,-38.0833],[-70.9837,-38.1026],[-70.9894,-38.1102],[-71.0071,-38.113],[-71.0235,-38.1125],[-71.0347,-38.1168],[-71.0433,-38.123],[-71.0288,-38.134],[-71.0234,-38.1472],[-71.0092,-38.154],[-71.0104,-38.162],[-70.9959,-38.1715],[-70.9968,-38.2031],[-71.001,-38.2109],[-71.0143,-38.2105],[-71.0206,-38.2151],[-71.0151,-38.227],[-71.0176,-38.2391],[-71.0212,-38.2443],[-71.032,-38.2497],[-71.009,-38.2617],[-71.0102,-38.2831],[-70.9985,-38.2902],[-70.9989,-38.3054],[-71.0031,-38.323],[-70.996,-38.3418],[-70.9967,-38.3557],[-70.9824,-38.3644],[-70.9872,-38.3749],[-70.9852,-38.3785],[-70.9851,-38.4027],[-70.98,-38.4146],[-70.9839,-38.4301],[-70.9775,-38.4426],[-70.9605,-38.443],[-70.9521,-38.4499],[-70.9449,-38.4604],[-70.9295,-38.473],[-70.9294,-38.4818],[-70.9199,-38.4921],[-70.9135,-38.4956],[-70.9075,-38.5041],[-70.899,-38.5091],[-70.8729,-38.5117],[-70.8644,-38.5161],[-70.864,-38.5222],[-70.8555,-38.5308],[-70.8425,-38.5382],[-70.8365,-38.5557],[-70.8364,-38.5662],[-70.8323,-38.5672],[-70.837,-38.5781],[-70.835,-38.5882],[-70.8265,-38.5914],[-70.8293,-38.5995],[-70.8354,-38.6031],[-70.8371,-38.6126],[-70.8454,-38.6145],[-70.8616,-38.6241],[-70.8657,-38.6316],[-70.8743,-38.6398],[-70.883,-38.6416],[-70.8963,-38.6569],[-70.8967,-38.6632],[-70.9029,-38.6664],[-70.9061,-38.6761],[-70.9006,-38.6825],[-70.9004,-38.6897],[-70.8837,-38.7018],[-70.8903,-38.7204],[-70.8972,-38.7219],[-70.906,-38.7294],[-70.9132,-38.7475],[-70.9231,-38.7607],[-70.9288,-38.7639],[-70.9513,-38.7615],[-70.968,-38.7634],[-70.9809,-38.76],[-70.9846,-38.7638],[-70.9957,-38.7632],[-70.999,-38.7697],[-71.0202,-38.7605],[-71.0339,-38.757],[-71.0383,-38.7598],[-71.0526,-38.7575],[-71.0591,-38.7595],[-71.0702,-38.7698],[-71.0777,-38.7666],[-71.0835,-38.7603],[-71.0945,-38.7547],[-71.1,-38.7656],[-71.1156,-38.7747],[-71.1342,-38.7807],[-71.1423,-38.7944],[-71.149,-38.7991],[-71.1666,-38.8011],[-71.1747,-38.8],[-71.1854,-38.8067],[-71.1852,-38.8152],[-71.1922,-38.8133],[-71.199,-38.8169],[-71.2133,-38.8158],[-71.2294,-38.8106],[-71.2383,-38.8026],[-71.2407,-38.809],[-71.2509,-38.8167],[-71.2571,-38.8176],[-71.2595,-38.8238],[-71.2691,-38.8298],[-71.265,-38.8471],[-71.2679,-38.8534],[-71.2777,-38.8595],[-71.2856,-38.8584],[-71.2873,-38.8658],[-71.2975,-38.8738],[-71.3082,-38.875],[-71.3214,-38.8803],[-71.3286,-38.8744],[-71.3415,-38.8797],[-71.3629,-38.8913],[-71.3737,-38.9054],[-71.3905,-38.9071],[-71.3997,-38.9165],[-71.4132,-38.9207],[-71.4271,-38.9227],[-71.4339,-38.9291],[-71.4329,-38.9335],[-71.439,-38.9426],[-71.4361,-38.9453],[-71.4375,-38.9587],[-71.433,-38.9628],[-71.4345,-38.9764],[-71.4415,-38.9815],[-71.4287,-38.993],[-71.4258,-39.0026],[-71.4137,-39.0101],[-71.4212,-39.0206],[-71.4221,-39.0255],[-71.4009,-39.0377],[-71.3984,-39.0445],[-71.4078,-39.0518],[-71.4185,-39.0698],[-71.4126,-39.0784],[-71.4078,-39.0966],[-71.4131,-39.1039],[-71.4184,-39.1165],[-71.4151,-39.1201],[-71.4203,-39.1262],[-71.4121,-39.1385],[-71.4215,-39.1512],[-71.413,-39.1643],[-71.4015,-39.1649],[-71.3972,-39.1771],[-71.4001,-39.1857],[-71.3958,-39.1933],[-71.3853,-39.2022],[-71.3812,-39.2168],[-71.3919,-39.2158],[-71.3876,-39.2346],[-71.3835,-39.2426],[-71.3921,-39.2493],[-71.3888,-39.2652],[-71.3759,-39.2681],[-71.3743,-39.2834],[-71.3868,-39.2859],[-71.3951,-39.3018],[-71.3858,-39.3184],[-71.3927,-39.321],[-71.3963,-39.3271],[-71.3945,-39.3398],[-71.3997,-39.3503],[-71.4109,-39.3532],[-71.4142,-39.3592],[-71.4225,-39.3657],[-71.4286,-39.3655],[-71.4338,-39.3718],[-71.4425,-39.3687],[-71.4489,-39.3716],[-71.4568,-39.37],[-71.4576,-39.3774],[-71.4545,-39.3899],[-71.446,-39.3968],[-71.4456,-39.4091],[-71.4586,-39.4127],[-71.4638,-39.4197],[-71.459,-39.4241],[-71.4503,-39.4261],[-71.4512,-39.44],[-71.4479,-39.451],[-71.4616,-39.4541],[-71.4653,-39.4597],[-71.4632,-39.4706],[-71.469,-39.479],[-71.473,-39.4933],[-71.4869,-39.4951],[-71.5034,-39.5013],[-71.5165,-39.503],[-71.5178,-39.512],[-71.5289,-39.518],[-71.5338,-39.5283],[-71.5313,-39.5377],[-71.5144,-39.5444],[-71.5042,-39.5593],[-71.4873,-39.5547],[-71.4846,-39.5521],[-71.4706,-39.5522],[-71.4668,-39.5577],[-71.4748,-39.5656],[-71.472,-39.5768],[-71.4611,-39.5826],[-71.4673,-39.5874],[-71.4776,-39.6024],[-71.4792,-39.6077],[-71.4959,-39.6177],[-71.5012,-39.6349],[-71.5224,-39.6264],[-71.5427,-39.6236],[-71.5559,-39.626],[-71.5631,-39.6323],[-71.5763,-39.6355],[-71.5833,-39.632],[-71.6118,-39.6265],[-71.611,-39.6154],[-71.6142,-39.6122],[-71.6156,-39.6007],[-71.6243,-39.5968],[-71.6237,-39.5921],[-71.6362,-39.5857],[-71.6436,-39.5879],[-71.6559,-39.5876],[-71.6581,-39.5803],[-71.6722,-39.5685],[-71.6825,-39.5666],[-71.6896,-39.5754],[-71.6895,-39.582],[-71.6983,-39.5868],[-71.6953,-39.5922],[-71.699,-39.5967],[-71.6956,-39.6037],[-71.6982,-39.6147],[-71.6947,-39.6242],[-71.7001,-39.6333],[-71.7147,-39.6332],[-71.7172,-39.6485],[-71.7093,-39.6512],[-71.6982,-39.6587],[-71.6941,-39.6581],[-71.6918,-39.6722],[-71.6847,-39.6793],[-71.6736,-39.678],[-71.6701,-39.6818],[-71.6713,-39.6921],[-71.6849,-39.6911],[-71.6939,-39.696],[-71.7013,-39.6938],[-71.7032,-39.7015],[-71.6945,-39.7079],[-71.6997,-39.7104],[-71.7042,-39.7217],[-71.7117,-39.7247],[-71.7086,-39.737],[-71.7027,-39.7457],[-71.6862,-39.7565],[-71.6816,-39.7705],[-71.6859,-39.7761],[-71.6806,-39.784],[-71.6787,-39.7973],[-71.685,-39.8024],[-71.6721,-39.8045],[-71.6868,-39.8231],[-71.6927,-39.8249],[-71.6862,-39.8348],[-71.6918,-39.8394],[-71.6851,-39.8558],[-71.6677,-39.8637],[-71.6568,-39.8563],[-71.646,-39.8529],[-71.636,-39.8586],[-71.6361,-39.8723],[-71.6332,-39.8825],[-71.6221,-39.8807],[-71.6126,-39.8752],[-71.6102,-39.8796],[-71.5957,-39.8913],[-71.5923,-39.9019],[-71.5959,-39.9047],[-71.5933,-39.9127],[-71.6022,-39.9166],[-71.5977,-39.9277],[-71.6141,-39.9374],[-71.6251,-39.9392],[-71.6141,-39.9567],[-71.6195,-39.9649],[-71.6196,-39.9726],[-71.6252,-39.9766],[-71.6326,-39.9691],[-71.6502,-39.9714],[-71.6512,-39.9774],[-71.6673,-39.9947],[-71.6717,-40.006],[-71.6702,-40.0145],[-71.6763,-40.0271],[-71.6863,-40.0296],[-71.6893,-40.0342],[-71.6791,-40.0537],[-71.6685,-40.0678],[-71.6667,-40.0751],[-71.6744,-40.082],[-71.6665,-40.0885],[-71.6695,-40.0982],[-71.6743,-40.1044],[-71.698,-40.1175],[-71.7096,-40.111],[-71.7199,-40.1098],[-71.7269,-40.1048],[-71.7516,-40.0939],[-71.7716,-40.0896],[-71.7863,-40.0897],[-71.8109,-40.0805],[-71.8266,-40.0889],[-71.8256,-40.0966],[-71.8311,-40.1067],[-71.8258,-40.1107],[-71.8147,-40.1041],[-71.801,-40.1127],[-71.8072,-40.1232],[-71.8017,-40.1282],[-71.8045,-40.1355],[-71.8099,-40.1368],[-71.8139,-40.146],[-71.8089,-40.1505],[-71.8174,-40.1572],[-71.8251,-40.1738],[-71.8187,-40.1805],[-71.7988,-40.1885],[-71.807,-40.1929],[-71.8116,-40.2017],[-71.8273,-40.2055],[-71.8299,-40.2166],[-71.8234,-40.2326],[-71.8091,-40.2324],[-71.8033,-40.2365],[-71.8034,-40.2423],[-71.7972,-40.2472],[-71.7989,-40.2558],[-71.7873,-40.2628],[-71.7841,-40.2696],[-71.7617,-40.2763],[-71.7557,-40.2917],[-71.7595,-40.2997],[-71.7469,-40.3068],[-71.7366,-40.3062],[-71.7284,-40.2929],[-71.7138,-40.2814],[-71.7019,-40.2842],[-71.6996,-40.2889],[-71.6845,-40.2948],[-71.6716,-40.3114],[-71.6728,-40.322],[-71.677,-40.3257],[-71.6705,-40.3313],[-71.6722,-40.3441],[-71.6592,-40.3478],[-71.6555,-40.3552],[-71.6569,-40.361],[-71.6648,-40.3671],[-71.6934,-40.3736],[-71.6886,-40.3926],[-71.6927,-40.3963],[-71.6938,-40.4066],[-71.7077,-40.4159],[-71.71,-40.4253],[-71.7217,-40.4263],[-71.7415,-40.4368],[-71.7485,-40.4353],[-71.7557,-40.4281],[-71.7549,-40.4212],[-71.763,-40.4163],[-71.7732,-40.4228],[-71.7798,-40.4188],[-71.7823,-40.4113],[-71.7906,-40.408],[-71.8063,-40.4062],[-71.8249,-40.4212],[-71.8204,-40.4317],[-71.8313,-40.444],[-71.8416,-40.4521],[-71.8362,-40.463],[-71.8423,-40.4696],[-71.8467,-40.4792],[-71.8403,-40.4884],[-71.846,-40.4942],[-71.8559,-40.5121],[-71.8511,-40.5209],[-71.8611,-40.5401],[-71.8586,-40.5551],[-71.8673,-40.5574],[-71.8754,-40.554],[-71.8904,-40.555],[-71.8857,-40.5631],[-71.8775,-40.5638],[-71.8753,-40.5697],[-71.8678,-40.5749],[-71.8657,-40.5837],[-71.8568,-40.5921],[-71.8457,-40.5849],[-71.8403,-40.5871],[-71.8246,-40.5778],[-71.8411,-40.5975],[-71.8403,-40.6128],[-71.844,-40.6276],[-71.8548,-40.6402],[-71.8615,-40.6428],[-71.8672,-40.6631],[-71.8868,-40.6679],[-71.8986,-40.6802],[-71.9243,-40.6918],[-71.9264,-40.6979],[-71.9332,-40.6998],[-71.9436,-40.7092],[-71.9499,-40.7197],[-71.9587,-40.718],[-71.9592,-40.7243],[-71.9646,-40.7369],[-71.9633,-40.7432],[-71.9548,-40.7493],[-71.9589,-40.7573],[-71.9568,-40.7609],[-71.9395,-40.7733],[-71.9319,-40.7758],[-71.9213,-40.7851],[-71.9282,-40.7954],[-71.926,-40.803],[-71.9304,-40.8123],[-71.9319,-40.8248],[-71.9237,-40.8275],[-71.926,-40.8351],[-71.9146,-40.8396],[-71.9078,-40.8464],[-71.9111,-40.8516],[-71.9087,-40.8576],[-71.8875,-40.8739],[-71.8803,-40.8815],[-71.8643,-40.8778],[-71.8594,-40.8794],[-71.8617,-40.8877],[-71.8695,-40.8925],[-71.8655,-40.9011],[-71.8664,-40.9083],[-71.8577,-40.9205],[-71.8629,-40.9341],[-71.8542,-40.9451],[-71.858,-40.9604],[-71.8709,-40.9594],[-71.8852,-40.9663],[-71.9002,-40.9604],[-71.9064,-40.964],[-71.9093,-40.9725],[-71.901,-40.9839],[-71.8897,-40.9881],[-71.8825,-40.9959],[-71.8748,-40.9996],[-71.8738,-41.0106],[-71.8649,-41.0163],[-71.8607,-41.0307],[-71.8442,-41.0237],[-71.8315,-41.0297],[-71.818,-41.0231],[-71.7853,-41.0188],[-71.7688,-41.0196],[-71.7483,-41.0225],[-71.733,-41.0229],[-71.7027,-41.0218],[-71.6562,-41.0311],[-71.6326,-41.0346],[-71.6076,-41.0349],[-71.5577,-41.0224],[-71.5506,-41.0232],[-71.5352,-41.0273],[-71.529,-41.0295],[-71.5093,-41.0356],[-71.4794,-41.0383],[-71.4564,-41.0417],[-71.44,-41.0503],[-71.4225,-41.0622],[-71.3607,-41.0887],[-71.3438,-41.0938],[-71.3062,-41.1001],[-71.2886,-41.1006],[-71.2521,-41.0979],[-71.2405,-41.0951],[-71.2214,-41.0876],[-71.1749,-41.0562],[-71.1607,-41.0536],[-71.1419,-41.0561],[-71.1308,-41.0473],[-71.1261,-41.0356],[-71.1253,-41.0229],[-71.119,-41.018],[-71.1153,-41.0076],[-71.1083,-41.0066],[-71.09,-40.9946],[-71.1023,-40.9906],[-71.0876,-40.9863],[-71.0728,-40.9792],[-71.0605,-40.981],[-71.051,-40.963],[-71.0364,-40.9559],[-71.0373,-40.9381],[-71.0323,-40.9343],[-71.0361,-40.9249],[-71.0318,-40.9181],[-71.0356,-40.9135],[-71.0341,-40.9036],[-71.0382,-40.8991],[-71.039,-40.889],[-71.0479,-40.8794],[-71.0465,-40.8724],[-71.0553,-40.8691],[-71.0613,-40.8575],[-71.0689,-40.8507],[-71.086,-40.8523],[-71.0925,-40.8413],[-71.1023,-40.8365],[-71.0926,-40.832],[-71.0931,-40.8259],[-71.1021,-40.8219],[-71.1012,-40.8128],[-71.1181,-40.805],[-71.1189,-40.7812],[-71.1242,-40.7793],[-71.1183,-40.7675],[-71.1209,-40.7586],[-71.1022,-40.7461],[-71.1018,-40.7383],[-71.0937,-40.7267],[-71.0848,-40.7245],[-71.0695,-40.7297],[-71.0556,-40.728],[-71.0442,-40.7291],[-71.0331,-40.7259],[-71.0251,-40.7208],[-71.0268,-40.7129],[-71.0147,-40.6999],[-71.0158,-40.6886],[-71.0118,-40.6793],[-70.9955,-40.6688],[-70.9765,-40.6487],[-70.9608,-40.6416],[-70.9448,-40.639],[-70.9323,-40.6387],[-70.9215,-40.6325],[-70.8976,-40.6217],[-70.883,-40.6215],[-70.8731,-40.6148],[-70.8686,-40.5985],[-70.8554,-40.5934],[-70.7951,-40.5906],[-70.7771,-40.584],[-70.748,-40.5857],[-70.7331,-40.5801],[-70.7123,-40.5918],[-70.6869,-40.5949],[-70.6709,-40.5947],[-70.6539,-40.5913],[-70.6428,-40.5848],[-70.6294,-40.5584],[-70.6214,-40.5515],[-70.5956,-40.5376],[-70.5844,-40.533],[-70.5583,-40.5251],[-70.5497,-40.521],[-70.544,-40.5134],[-70.5464,-40.5053],[-70.5377,-40.5033],[-70.5256,-40.5074],[-70.5135,-40.5031],[-70.5021,-40.5092],[-70.462,-40.5134],[-70.4483,-40.5226],[-70.4372,-40.5228],[-70.4284,-40.5354],[-70.4106,-40.5329],[-70.3674,-40.5185],[-70.3139,-40.5083],[-70.2984,-40.5044],[-70.2799,-40.5029],[-70.2473,-40.5054],[-70.2299,-40.5029],[-70.2187,-40.4971],[-70.2051,-40.4971],[-70.1895,-40.4942],[-70.1788,-40.4898],[-70.1706,-40.483],[-70.1681,-40.4743],[-70.1711,-40.4621],[-70.1769,-40.449],[-70.1779,-40.4383],[-70.1749,-40.4276],[-70.1662,-40.4198],[-70.1531,-40.414],[-70.1312,-40.413],[-70.103,-40.4057],[-70.0787,-40.3882],[-70.0627,-40.3746],[-70.0593,-40.361],[-70.0544,-40.3299],[-70.0496,-40.3178],[-70.0501,-40.3022],[-70.0579,-40.2635],[-70.0588,-40.249],[-70.0276,-40.2158],[-70.0078,-40.2084],[-69.9918,-40.1906],[-69.9911,-40.1794],[-69.985,-40.1788],[-69.9652,-40.1854],[-69.9559,-40.1839],[-69.9503,-40.179],[-69.9556,-40.1667],[-69.9578,-40.1554],[-69.9667,-40.1437],[-69.9696,-40.1365],[-69.968,-40.1263],[-69.9707,-40.121],[-69.9843,-40.1131],[-69.9948,-40.1031],[-69.996,-40.086],[-70.0054,-40.0474],[-70.0025,-40.0315],[-69.9979,-40.0226],[-69.9863,-40.0136],[-69.9844,-40.0069],[-69.9768,-39.9995],[-69.9707,-39.9775],[-69.955,-39.9682],[-69.9496,-39.9586],[-69.9362,-39.9568],[-69.9318,-39.9523],[-69.9328,-39.9449],[-69.9179,-39.9371],[-69.9006,-39.9406],[-69.8805,-39.9301],[-69.8803,-39.9219],[-69.8659,-39.9109],[-69.8551,-39.9083],[-69.8461,-39.9098],[-69.8377,-39.9012],[-69.8311,-39.9012],[-69.8215,-39.8962],[-69.8105,-39.8991],[-69.7962,-39.8846],[-69.7899,-39.8832],[-69.775,-39.8864],[-69.7596,-39.8823],[-69.7486,-39.8715],[-69.7363,-39.8721],[-69.7262,-39.8668],[-69.7224,-39.8606],[-69.7123,-39.8569],[-69.6992,-39.8481],[-69.6836,-39.8508],[-69.6714,-39.8499],[-69.6643,-39.847],[-69.6507,-39.8362],[-69.6388,-39.8416],[-69.6273,-39.842],[-69.6083,-39.8302],[-69.5998,-39.8315],[-69.5917,-39.824],[-69.5885,-39.8164],[-69.5631,-39.8135],[-69.5581,-39.8094],[-69.5339,-39.8156],[-69.5247,-39.8133],[-69.5097,-39.8159],[-69.5053,-39.8089],[-69.4993,-39.8062],[-69.4936,-39.7963],[-69.4802,-39.7901],[-69.4731,-39.7844],[-69.4551,-39.7769],[-69.4484,-39.7774],[-69.4394,-39.7696],[-69.4219,-39.7681],[-69.4114,-39.7594],[-69.4112,-39.7512],[-69.4055,-39.7465],[-69.394,-39.7456],[-69.3892,-39.7412],[-69.3895,-39.7312],[-69.376,-39.7321],[-69.3677,-39.7243],[-69.3631,-39.7161],[-69.3535,-39.7154],[-69.3473,-39.7076],[-69.3494,-39.6933],[-69.343,-39.6804],[-69.3341,-39.6786],[-69.3287,-39.6688],[-69.3224,-39.6667],[-69.3208,-39.6605],[-69.314,-39.6539],[-69.3037,-39.6536],[-69.2981,-39.6573],[-69.29,-39.653],[-69.2937,-39.6455],[-69.2824,-39.6404],[-69.2723,-39.629],[-69.2691,-39.6214],[-69.2779,-39.6162],[-69.2763,-39.6088],[-69.2801,-39.5987],[-69.2635,-39.5909],[-69.2357,-39.5752],[-69.2201,-39.5693],[-69.1833,-39.5632],[-69.1717,-39.5574],[-69.1419,-39.5349],[-69.1249,-39.5209],[-69.1128,-39.5147],[-69.1073,-39.5147],[-69.0815,-39.5219],[-69.057,-39.5264],[-69.0384,-39.5262],[-69.0197,-39.5201],[-68.9999,-39.5152],[-68.988,-39.506],[-68.9665,-39.4836],[-68.935,-39.4643],[-68.9291,-39.459],[-68.9268,-39.4476],[-68.9279,-39.438],[-68.921,-39.4248],[-68.9125,-39.4179],[-68.8865,-39.4025],[-68.8478,-39.393],[-68.8303,-39.3818],[-68.824,-39.3749],[-68.8081,-39.3474],[-68.8111,-39.3371],[-68.8178,-39.3314],[-68.8185,-39.3126],[-68.8101,-39.2935],[-68.8024,-39.2849],[-68.7881,-39.278],[-68.7737,-39.2735],[-68.7546,-39.2696],[-68.7413,-39.2609],[-68.7304,-39.2505],[-68.7141,-39.2435],[-68.7017,-39.2416],[-68.6939,-39.2304],[-68.6814,-39.227],[-68.6655,-39.2173],[-68.6533,-39.1992],[-68.6556,-39.1888],[-68.6625,-39.178],[-68.6563,-39.1676],[-68.6273,-39.1489],[-68.6143,-39.1351],[-68.5947,-39.1202],[-68.5829,-39.1071],[-68.5796,-39.099],[-68.5665,-39.0836],[-68.5639,-39.0784],[-68.5536,-39.0748],[-68.5411,-39.0785],[-68.5303,-39.0784],[-68.5184,-39.0752],[-68.5158,-39.0664],[-68.5078,-39.0713],[-68.4974,-39.0684],[-68.4749,-39.0533],[-68.4693,-39.0458],[-68.45,-39.042],[-68.4279,-39.0289],[-68.4208,-39.0291],[-68.4123,-39.0344],[-68.3996,-39.0266],[-68.392,-39.0245],[-68.3842,-39.0163],[-68.3618,-39.0097],[-68.355,-39.0019],[-68.3449,-39.0023],[-68.3039,-38.9872],[-68.3045,-38.9776],[-68.296,-38.9773],[-68.2924,-38.982],[-68.2791,-38.986],[-68.2587,-38.9837],[-68.2528,-38.9894],[-68.2425,-38.9861],[-68.2325,-38.9909],[-68.2252,-38.9888],[-68.2211,-38.9799],[-68.2074,-38.9712],[-68.1923,-38.9695],[-68.1838,-38.9708],[-68.1735,-38.9687],[-68.1708,-38.9765],[-68.1621,-38.9803],[-68.1532,-38.9759],[-68.145,-38.9762],[-68.1324,-38.984],[-68.1181,-38.9805],[-68.1044,-38.9847],[-68.0931,-38.9924],[-68.0783,-38.9951],[-68.0575,-38.9916],[-68.058,-38.9811],[-68.0469,-38.9779],[-68.0347,-38.9795],[-68.024,-38.9764],[-68.0159,-38.9798],[-68.0034,-38.9772],[-68.0008,-38.9719],[-68.0088,-38.9679],[-68.0068,-38.961],[-68.0147,-38.9568],[-68.0233,-38.9481],[-68.0392,-38.9421],[-68.0423,-38.9259],[-68.0489,-38.9217],[-68.0508,-38.9117],[-68.0577,-38.9084],[-68.0647,-38.9098],[-68.0692,-38.9016],[-68.0647,-38.8966],[-68.0745,-38.8841],[-68.0736,-38.87],[-68.0821,-38.8702],[-68.0843,-38.8608],[-68.0935,-38.8569],[-68.0813,-38.8497],[-68.0882,-38.8433],[-68.0954,-38.8305],[-68.093,-38.8193],[-68.1105,-38.8101],[-68.1058,-38.8045],[-68.1182,-38.7934],[-68.1138,-38.7852],[-68.1196,-38.7799],[-68.1191,-38.7751],[-68.1261,-38.7675],[-68.1202,-38.7576],[-68.1212,-38.7467],[-68.1341,-38.7493],[-68.1373,-38.7447],[-68.1464,-38.7453],[-68.1526,-38.7403],[-68.1632,-38.7378],[-68.1681,-38.7297],[-68.1797,-38.724],[-68.1838,-38.719],[-68.1914,-38.7219],[-68.1957,-38.7114],[-68.2061,-38.7077],[-68.2168,-38.7094],[-68.2306,-38.7011],[-68.2422,-38.6969],[-68.2499,-38.6823],[-68.2563,-38.6795],[-68.256,-38.6563],[-68.2562,-38.5094],[-68.256,-38.3233],[-68.2558,-38.171],[-68.2538,-37.7046],[-68.2547,-37.6618],[-68.2543,-37.5719],[-68.2629,-37.5746],[-68.265,-37.5691],[-68.2723,-37.5648],[-68.2802,-37.5646],[-68.2899,-37.559],[-68.2997,-37.5629],[-68.3152,-37.5565],[-68.3275,-37.5585],[-68.3491,-37.5567],[-68.3508,-37.5497],[-68.3628,-37.547],[-68.3651,-37.553],[-68.3785,-37.555],[-68.3865,-37.5588],[-68.4027,-37.5586],[-68.4162,-37.5509],[-68.4367,-37.5446],[-68.4523,-37.53],[-68.45,-37.527],[-68.4567,-37.5095],[-68.479,-37.4908],[-68.4925,-37.4692],[-68.4979,-37.4577],[-68.5071,-37.4537],[-68.5206,-37.4585],[-68.5261,-37.4577],[-68.5362,-37.4511],[-68.5499,-37.4499],[-68.5613,-37.4553],[-68.5692,-37.4564],[-68.5812,-37.4545],[-68.5918,-37.4499],[-68.5986,-37.4443],[-68.6097,-37.4389],[-68.6232,-37.4393],[-68.635,-37.4475],[-68.6498,-37.4462],[-68.659,-37.4476],[-68.6767,-37.4448],[-68.6874,-37.4415],[-68.6977,-37.4417],[-68.701,-37.4358],[-68.6968,-37.4304],[-68.7022,-37.4135],[-68.7138,-37.4043],[-68.7147,-37.3982],[-68.7231,-37.3883],[-68.7284,-37.3886],[-68.7483,-37.3804],[-68.7577,-37.371],[-68.7669,-37.3664],[-68.7811,-37.3672],[-68.7985,-37.3761],[-68.814,-37.3863],[-68.8442,-37.3887],[-68.8536,-37.3927],[-68.8572,-37.3986],[-68.8661,-37.4012],[-68.8847,-37.382],[-68.9146,-37.3782],[-68.9281,-37.3799],[-68.938,-37.3779],[-68.9419,-37.3719],[-68.9559,-37.3741],[-68.9696,-37.3729],[-68.9758,-37.3791],[-68.9856,-37.3772],[-68.9912,-37.3711],[-69.0014,-37.3734],[-69.026,-37.3648],[-69.0275,-37.3562],[-69.0371,-37.353],[-69.0393,-37.3426],[-69.0455,-37.3345],[-69.0393,-37.3228],[-69.0488,-37.3175],[-69.0446,-37.2996],[-69.0497,-37.2884],[-69.0427,-37.2795],[-69.0388,-37.2689],[-69.0425,-37.2639],[-69.0383,-37.2556],[-69.0502,-37.2393],[-69.0624,-37.2305],[-69.0644,-37.2234],[-69.075,-37.2203],[-69.0828,-37.2212],[-69.0915,-37.2182],[-69.0974,-37.2098],[-69.1044,-37.205],[-69.1127,-37.2075],[-69.1331,-37.2018],[-69.1384,-37.1954],[-69.1628,-37.1871],[-69.1652,-37.1806],[-69.1734,-37.1778],[-69.2003,-37.1752],[-69.2094,-37.1717],[-69.2128,-37.1779],[-69.2196,-37.1774],[-69.2252,-37.171],[-69.2492,-37.1583],[-69.2623,-37.155],[-69.2668,-37.1453],[-69.2787,-37.1465],[-69.2861,-37.1445],[-69.2967,-37.1509],[-69.2992,-37.1551],[-69.3188,-37.1509],[-69.3377,-37.1527],[-69.3393,-37.157],[-69.353,-37.164],[-69.3766,-37.1595],[-69.3963,-37.1718],[-69.4056,-37.1687],[-69.42,-37.1696],[-69.4266,-37.1597],[-69.4378,-37.1633],[-69.4548,-37.1647],[-69.4591,-37.1703],[-69.4668,-37.1726],[-69.4757,-37.1706],[-69.4793,-37.1741],[-69.494,-37.175],[-69.5125,-37.1672],[-69.5189,-37.1726],[-69.5309,-37.1741],[-69.5414,-37.1703],[-69.5448,-37.1654],[-69.557,-37.1615],[-69.5628,-37.1645],[-69.5761,-37.1631],[-69.5807,-37.1517],[-69.601,-37.1464],[-69.6117,-37.1487],[-69.6176,-37.1451],[-69.6278,-37.1436],[-69.6299,-37.1376],[-69.6507,-37.1263],[-69.6524,-37.1235],[-69.6656,-37.1186],[-69.67,-37.1147],[-69.6826,-37.1113],[-69.6895,-37.1052],[-69.7,-37.1004],[-69.7085,-37.1025],[-69.7238,-37.0924],[-69.7262,-37.0859],[-69.7415,-37.079],[-69.7556,-37.0686],[-69.7621,-37.0566],[-69.7585,-37.0497],[-69.7638,-37.0288],[-69.7685,-37.0233],[-69.7646,-37.0003],[-69.7763,-36.991],[-69.7743,-36.9799],[-69.7773,-36.9765],[-69.7788,-36.9632],[-69.7741,-36.9508],[-69.7766,-36.9435],[-69.7753,-36.932],[-69.7711,-36.9232],[-69.7784,-36.9157],[-69.7737,-36.9118],[-69.7716,-36.9001],[-69.7524,-36.8868],[-69.752,-36.8822],[-69.765,-36.8733],[-69.7868,-36.8696],[-69.7979,-36.8599],[-69.8067,-36.8574],[-69.82,-36.849],[-69.8293,-36.8507],[-69.8362,-36.8469],[-69.8506,-36.8463],[-69.8622,-36.8364],[-69.8681,-36.8217],[-69.8795,-36.8081],[-69.8885,-36.8104],[-69.8948,-36.8056],[-69.9074,-36.8015],[-69.9217,-36.7948],[-69.9276,-36.7835],[-69.9194,-36.7652],[-69.9251,-36.7528],[-69.9401,-36.7479],[-69.9486,-36.7261],[-69.9475,-36.7216],[-69.9632,-36.7071],[-69.9875,-36.6929],[-70.0128,-36.6945],[-70.0143,-36.687],[-70.012,-36.679],[-70.0234,-36.6709],[-70.0221,-36.6658],[-70.0283,-36.6616],[-70.0367,-36.6613],[-70.0459,-36.6563],[-70.0502,-36.6462],[-70.0566,-36.6434],[-70.0581,-36.6354],[-70.0712,-36.6221],[-70.0719,-36.6138],[-70.0759,-36.6066],[-70.0863,-36.6017],[-70.0937,-36.5873],[-70.1045,-36.5873],[-70.1144,-36.5738],[-70.1234,-36.5683],[-70.1225,-36.5515],[-70.1315,-36.5457],[-70.1303,-36.542],[-70.1384,-36.5268],[-70.1505,-36.5221],[-70.1569,-36.5108],[-70.1782,-36.4958],[-70.1829,-36.4908],[-70.1903,-36.471],[-70.1911,-36.4634],[-70.2016,-36.4539],[-70.2038,-36.435],[-70.1957,-36.4239],[-70.1982,-36.4165],[-70.2061,-36.4068],[-70.2074,-36.3961],[-70.2129,-36.3904],[-70.2072,-36.3845],[-70.207,-36.3753],[-70.2144,-36.3659],[-70.2143,-36.3468],[-70.2177,-36.3366],[-70.2293,-36.325],[-70.2417,-36.3247],[-70.2421,-36.3248]]]},"properties":{"nombre":"Neuquén","slug":"neuquen"}},
{"type":"Feature","geometry":{"type":"Polygon","coordinates":[[[-65.423,-30.1196],[-65.5448,-29.8277],[-65.591,-29.7172],[-65.7192,-29.4099],[-65.7195,-29.4074],[-65.7173,-29.3286],[-65.7483,-29.2697],[-65.8162,-29.2698],[-65.8174,-29.1789],[-65.9119,-29.0947],[-65.9265,-29.0822],[-65.9478,-29.0774],[-66.0997,-28.9444],[-66.282,-28.8908],[-66.29,-28.8878],[-66.312,-28.8872],[-66.3282,-28.8762],[-66.3609,-28.8693],[-66.368,-28.8664],[-66.3917,-28.8679],[-66.4027,-28.8577],[-66.4039,-28.8495],[-66.3992,-28.8439],[-66.4032,-28.833],[-66.4045,-28.8234],[-66.41,-28.8232],[-66.4111,-28.8145],[-66.3993,-28.8099],[-66.3959,-28.8018],[-66.3916,-28.8029],[-66.3825,-28.7919],[-66.383,-28.7872],[-66.3777,-28.7746],[-66.3799,-28.7696],[-66.3735,-28.7659],[-66.3663,-28.7457],[-66.3529,-28.7375],[-66.3506,-28.7298],[-66.3515,-28.7209],[-66.3603,-28.7183],[-66.3685,-28.7208],[-66.3787,-28.7134],[-66.3838,-28.7057],[-66.3851,-28.6945],[-66.392,-28.6869],[-66.396,-28.677],[-66.4962,-28.6223],[-66.4963,-28.5313],[-66.5309,-28.5315],[-66.5256,-28.5216],[-66.5271,-28.5159],[-66.5221,-28.4955],[-66.5177,-28.4878],[-66.5149,-28.4767],[-66.5152,-28.4625],[-66.5708,-28.2886],[-66.7168,-28.2798],[-66.8276,-28.2731],[-66.9902,-28.2633],[-66.9982,-28.2551],[-67.0083,-28.2564],[-67.0162,-28.2543],[-67.0197,-28.2603],[-67.029,-28.2616],[-67.0344,-28.2653],[-67.0433,-28.2623],[-67.0473,-28.2681],[-67.0559,-28.272],[-67.0671,-28.2695],[-67.0747,-28.2702],[-67.1554,-28.3844],[-67.3753,-28.3845],[-67.5479,-28.3444],[-67.688,-28.312],[-67.7072,-28.3143],[-67.7091,-28.3179],[-67.7244,-28.3218],[-67.7398,-28.3201],[-67.7628,-28.3341],[-67.7568,-28.3542],[-67.7659,-28.3514],[-67.7717,-28.3528],[-67.7766,-28.3488],[-67.7937,-28.349],[-67.7992,-28.3456],[-67.8084,-28.355],[-67.8144,-28.3717],[-67.8209,-28.3694],[-67.8336,-28.3765],[-67.8463,-28.3744],[-67.8496,-28.3609],[-67.8464,-28.3485],[-67.8475,-28.3411],[-67.8465,-28.326],[-67.8425,-28.3208],[-67.8502,-28.3111],[-67.8504,-28.3073],[-67.8606,-28.2957],[-67.8726,-28.2874],[-67.8741,-28.2769],[-67.8709,-28.2729],[-67.8768,-28.2678],[-67.8831,-28.2687],[-67.8902,-28.2639],[-67.8948,-28.2574],[-67.8956,-28.2435],[-67.9031,-28.2374],[-67.906,-28.2294],[-67.906,-28.2202],[-67.8996,-28.2188],[-67.8991,-28.2106],[-67.9121,-28.2085],[-67.9104,-28.1992],[-67.9127,-28.1854],[-67.9224,-28.1712],[-67.922,-28.1629],[-67.9272,-28.1541],[-67.923,-28.1427],[-67.9253,-28.1373],[-67.922,-28.1266],[-67.9143,-28.1172],[-67.9158,-28.1135],[-67.938,-28.108],[-67.9572,-28.1101],[-67.979,-28.1167],[-68.0019,-28.1199],[-68.0224,-28.1247],[-68.0236,-28.1385],[-68.0344,-28.1444],[-68.0435,-28.1436],[-68.0538,-28.1398],[-68.0627,-28.1462],[-68.0694,-28.1541],[-68.0715,-28.1625],[-68.0799,-28.1668],[-68.0976,-28.1697],[-68.1023,-28.1735],[-68.1109,-28.1708],[-68.1121,-28.1588],[-68.1175,-28.1594],[-68.1235,-28.15],[-68.1243,-28.1363],[-68.1287,-28.1306],[-68.1296,-28.1224],[-68.1373,-28.1179],[-68.1412,-28.1018],[-68.152,-28.1077],[-68.1649,-28.1084],[-68.1723,-28.0923],[-68.1831,-28.086],[-68.1914,-28.0876],[-68.2018,-28.0833],[-68.2193,-28.0815],[-68.2341,-28.0823],[-68.2395,-28.0798],[-68.2462,-28.0711],[-68.2533,-28.0736],[-68.2552,-28.0834],[-68.2632,-28.0873],[-68.2695,-28.0943],[-68.2747,-28.0951],[-68.281,-28.0869],[-68.2897,-28.0808],[-68.2943,-28.0722],[-68.2961,-28.0626],[-68.2922,-28.0545],[-68.2941,-28.046],[-68.2904,-28.0321],[-68.2862,-28.0265],[-68.2943,-28.0234],[-68.312,-28.0245],[-68.3202,-28.0306],[-68.3358,-28.0376],[-68.3386,-28.0365],[-68.3424,-28.0233],[-68.3517,-28.0172],[-68.3695,-28.0132],[-68.3841,-28.0119],[-68.3939,-28.005],[-68.4005,-28.0042],[-68.411,-28.0068],[-68.4143,-28.0119],[-68.4204,-28.0129],[-68.4353,-28.0239],[-68.44,-28.0254],[-68.4573,-28.0148],[-68.4611,-28.0048],[-68.4542,-27.9947],[-68.4541,-27.9779],[-68.4519,-27.9718],[-68.4536,-27.9567],[-68.4497,-27.9484],[-68.4538,-27.9392],[-68.4499,-27.9291],[-68.4491,-27.9167],[-68.441,-27.8967],[-68.4392,-27.8839],[-68.4403,-27.8737],[-68.4534,-27.8669],[-68.4563,-27.8602],[-68.4746,-27.8522],[-68.4926,-27.8523],[-68.5013,-27.8461],[-68.511,-27.847],[-68.5175,-27.834],[-68.5215,-27.816],[-68.5264,-27.8036],[-68.5366,-27.7911],[-68.5391,-27.7809],[-68.5344,-27.7693],[-68.539,-27.7536],[-68.5388,-27.7448],[-68.5329,-27.7336],[-68.5372,-27.7152],[-68.547,-27.709],[-68.5498,-27.7182],[-68.5562,-27.7304],[-68.562,-27.7353],[-68.5621,-27.7587],[-68.5635,-27.7704],[-68.5682,-27.7859],[-68.5721,-27.7899],[-68.5811,-27.8088],[-68.5808,-27.8177],[-68.5847,-27.8197],[-68.6004,-27.8128],[-68.6098,-27.798],[-68.6183,-27.797],[-68.6258,-27.7919],[-68.6389,-27.8021],[-68.6513,-27.8047],[-68.6652,-27.8099],[-68.6871,-27.8117],[-68.6981,-27.8155],[-68.7193,-27.8152],[-68.7196,-27.8097],[-68.7278,-27.804],[-68.7222,-27.7924],[-68.7236,-27.789],[-68.7343,-27.7876],[-68.7414,-27.7826],[-68.7632,-27.7768],[-68.7703,-27.7729],[-68.7853,-27.7682],[-68.799,-27.7557],[-68.862,-27.7644],[-69.0952,-27.7966],[-69.0997,-27.8052],[-69.1002,-27.8151],[-69.1054,-27.8226],[-69.1051,-27.8326],[-69.1122,-27.8381],[-69.1103,-27.8522],[-69.1153,-27.8583],[-69.1231,-27.8621],[-69.1316,-27.872],[-69.1289,-27.8843],[-69.1247,-27.8882],[-69.1208,-27.8977],[-69.1243,-27.903],[-69.1438,-27.9189],[-69.1566,-27.9341],[-69.1556,-27.9479],[-69.1647,-27.9528],[-69.1675,-27.9611],[-69.1805,-27.9716],[-69.1895,-27.9663],[-69.1951,-27.968],[-69.2107,-27.9644],[-69.2212,-27.9714],[-69.2338,-27.9658],[-69.2378,-27.9702],[-69.2353,-27.9786],[-69.2428,-27.979],[-69.2511,-27.9893],[-69.2513,-28.0045],[-69.2558,-28.0093],[-69.2677,-28.0091],[-69.2661,-28.0147],[-69.2659,-28.0359],[-69.2605,-28.0408],[-69.2635,-28.047],[-69.2778,-28.0517],[-69.3012,-28.0727],[-69.297,-28.0789],[-69.3045,-28.1028],[-69.3019,-28.1076],[-69.305,-28.1136],[-69.3073,-28.1281],[-69.3233,-28.1426],[-69.3277,-28.1528],[-69.3358,-28.1636],[-69.3464,-28.1684],[-69.3629,-28.1802],[-69.3817,-28.1817],[-69.3844,-28.1901],[-69.3816,-28.1947],[-69.3838,-28.2065],[-69.3823,-28.2123],[-69.3906,-28.2219],[-69.4083,-28.2145],[-69.411,-28.2053],[-69.4199,-28.2075],[-69.4297,-28.2028],[-69.4339,-28.1974],[-69.452,-28.1842],[-69.4563,-28.1836],[-69.4631,-28.1966],[-69.4784,-28.207],[-69.482,-28.2231],[-69.4775,-28.2248],[-69.4745,-28.2366],[-69.4856,-28.249],[-69.4895,-28.2571],[-69.5016,-28.2626],[-69.5038,-28.2712],[-69.4991,-28.2831],[-69.5078,-28.2931],[-69.5131,-28.3077],[-69.5201,-28.3115],[-69.5197,-28.3198],[-69.5236,-28.3297],[-69.5309,-28.3354],[-69.5397,-28.3359],[-69.5598,-28.3425],[-69.5682,-28.3489],[-69.5828,-28.3524],[-69.5862,-28.3587],[-69.5852,-28.3654],[-69.5878,-28.3778],[-69.5965,-28.39],[-69.6079,-28.3941],[-69.6214,-28.3849],[-69.6274,-28.3784],[-69.635,-28.3841],[-69.6298,-28.3937],[-69.6057,-28.419],[-69.5954,-28.4172],[-69.5706,-28.4053],[-69.5552,-28.4058],[-69.5445,-28.4142],[-69.5296,-28.42],[-69.5162,-28.4319],[-69.5096,-28.4305],[-69.5075,-28.4238],[-69.501,-28.418],[-69.4885,-28.4137],[-69.4772,-28.4162],[-69.4701,-28.415],[-69.4611,-28.4212],[-69.4588,-28.4286],[-69.4518,-28.4364],[-69.4446,-28.439],[-69.4377,-28.4469],[-69.424,-28.4512],[-69.4037,-28.4482],[-69.3865,-28.4511],[-69.3699,-28.4458],[-69.361,-28.4396],[-69.3507,-28.4382],[-69.3378,-28.4325],[-69.3254,-28.4248],[-69.3162,-28.4116],[-69.2135,-28.5784],[-69.2119,-28.5809],[-69.2026,-28.596],[-69.2142,-28.6031],[-69.2148,-28.6377],[-69.2178,-28.6478],[-69.2127,-28.6574],[-69.2124,-28.6649],[-69.2085,-28.6696],[-69.2086,-28.6842],[-69.1976,-28.7102],[-69.1907,-28.7189],[-69.1814,-28.7217],[-69.182,-28.7255],[-69.1707,-28.7361],[-69.166,-28.7444],[-69.1682,-28.7524],[-69.162,-28.7611],[-69.0551,-28.8032],[-68.9368,-28.8497],[-68.9087,-28.8593],[-68.9208,-28.8669],[-68.9231,-28.8804],[-68.9282,-28.8864],[-68.9317,-28.8956],[-68.9315,-28.9069],[-68.9397,-28.9115],[-68.9489,-28.92],[-68.9516,-28.939],[-68.9561,-28.9495],[-68.9558,-28.9583],[-68.9456,-28.9743],[-68.9377,-28.9763],[-68.9304,-28.9823],[-68.9295,-28.9965],[-68.9305,-29.0186],[-68.9257,-29.0259],[-68.914,-29.0288],[-68.9084,-29.0471],[-68.9106,-29.0586],[-68.908,-29.0728],[-68.9168,-29.0739],[-68.9247,-29.0894],[-68.9238,-29.1059],[-68.918,-29.1118],[-68.9119,-29.1286],[-68.9195,-29.1409],[-68.9338,-29.1492],[-68.9327,-29.1615],[-68.9377,-29.168],[-68.9535,-29.1667],[-68.9592,-29.1615],[-68.9648,-29.147],[-68.975,-29.1484],[-68.9746,-29.1603],[-68.9869,-29.1692],[-69.0002,-29.1844],[-69.0009,-29.1899],[-68.9941,-29.1987],[-68.9948,-29.2045],[-68.9909,-29.2147],[-68.9861,-29.2171],[-68.9799,-29.2284],[-68.9922,-29.2551],[-68.9891,-29.274],[-68.9789,-29.2792],[-68.9696,-29.2784],[-68.9588,-29.2853],[-68.9621,-29.2917],[-68.961,-29.3049],[-68.9633,-29.3101],[-68.9576,-29.3172],[-68.9619,-29.3197],[-68.9697,-29.3138],[-68.9755,-29.3169],[-68.9849,-29.3264],[-68.9849,-29.3335],[-68.9814,-29.3464],[-68.9761,-29.3538],[-68.9746,-29.3642],[-68.9793,-29.3712],[-68.9917,-29.3799],[-68.9947,-29.3886],[-69.0024,-29.4019],[-68.9967,-29.4152],[-68.9802,-29.4226],[-68.9737,-29.4447],[-68.9749,-29.4571],[-68.9809,-29.4611],[-68.9846,-29.4743],[-68.9898,-29.4781],[-68.9991,-29.4658],[-69.0014,-29.48],[-69.0081,-29.4867],[-69.0086,-29.4953],[-69.018,-29.5036],[-69.0277,-29.5205],[-69.0313,-29.5237],[-69.0337,-29.533],[-69.0289,-29.5392],[-69.0343,-29.5589],[-69.0319,-29.5827],[-69.0231,-29.5936],[-69.0198,-29.6417],[-69.016,-29.65],[-69.0101,-29.6527],[-68.9892,-29.6491],[-68.9761,-29.6496],[-68.9634,-29.653],[-68.9575,-29.6575],[-68.9483,-29.6505],[-68.9383,-29.6516],[-68.9341,-29.6445],[-68.934,-29.6306],[-68.9358,-29.6239],[-68.9318,-29.6208],[-68.9181,-29.6222],[-68.9078,-29.6198],[-68.897,-29.6095],[-68.8898,-29.6048],[-68.8873,-29.6204],[-68.8736,-29.6316],[-68.8619,-29.6352],[-68.8555,-29.6314],[-68.8328,-29.6328],[-68.8252,-29.6284],[-68.8202,-29.63],[-68.7928,-29.6222],[-68.7735,-29.6274],[-68.772,-29.63],[-68.7585,-29.6328],[-68.7477,-29.6317],[-68.7363,-29.6256],[-68.7153,-29.6247],[-68.7109,-29.6314],[-68.6994,-29.6358],[-68.6906,-29.6369],[-68.6815,-29.6465],[-68.6686,-29.6399],[-68.6537,-29.6409],[-68.6396,-29.639],[-68.6218,-29.6456],[-68.6025,-29.6442],[-68.5917,-29.6404],[-68.5841,-29.6409],[-68.5731,-29.6379],[-68.5467,-29.6375],[-68.5387,-29.6396],[-68.5202,-29.6375],[-68.5053,-29.6408],[-68.497,-29.6405],[-68.4677,-29.6443],[-68.4413,-29.6505],[-68.2585,-29.7469],[-68.2663,-29.7531],[-68.2678,-29.7586],[-68.2586,-29.7648],[-68.2538,-29.7807],[-68.2478,-29.782],[-68.2323,-29.7788],[-68.2221,-29.7843],[-68.199,-29.7811],[-68.1926,-29.7866],[-68.1909,-29.7951],[-68.1859,-29.8008],[-68.1822,-29.8226],[-68.1841,-29.8265],[-68.1844,-29.8481],[-68.1769,-29.8586],[-68.1634,-29.8651],[-68.1656,-29.8734],[-68.1596,-29.8843],[-68.1503,-29.8881],[-68.1396,-29.8845],[-68.1166,-29.8851],[-68.1052,-29.8842],[-68.0917,-29.8895],[-68.0724,-29.8914],[-68.0687,-29.8958],[-68.053,-29.9013],[-68.0455,-29.908],[-68.0241,-29.9374],[-68.0134,-29.9443],[-68.013,-29.9494],[-68.006,-29.9596],[-68.0061,-29.9633],[-67.9982,-29.9757],[-67.9915,-29.9801],[-67.9901,-29.9881],[-67.9796,-29.9949],[-67.9684,-30.0093],[-67.9592,-30.0106],[-67.9413,-30.0259],[-67.9305,-30.0302],[-67.9293,-30.0363],[-67.9193,-30.0474],[-67.9131,-30.0507],[-67.9096,-30.0575],[-67.9043,-30.0603],[-67.9053,-30.0672],[-67.8975,-30.0745],[-67.8877,-30.0798],[-67.8856,-30.0735],[-67.8774,-30.0751],[-67.8727,-30.0795],[-67.8701,-30.0898],[-67.857,-30.1005],[-67.8413,-30.1077],[-67.8358,-30.1059],[-67.8328,-30.1128],[-67.8174,-30.1214],[-67.8163,-30.1272],[-67.6859,-30.215],[-67.6743,-30.2356],[-67.6606,-30.2436],[-67.6486,-30.2543],[-67.6344,-30.2645],[-67.632,-30.2696],[-67.6236,-30.2734],[-67.6163,-30.2844],[-67.611,-30.2861],[-67.6065,-30.2934],[-67.5909,-30.2981],[-67.5921,-30.3258],[-67.5859,-30.3413],[-67.5868,-30.3462],[-67.5767,-30.3789],[-67.5795,-30.3918],[-67.577,-30.4062],[-67.4948,-30.5363],[-67.4849,-30.548],[-67.4717,-30.5587],[-67.4599,-30.5654],[-67.4463,-30.578],[-67.4309,-30.5986],[-67.4245,-30.6143],[-67.4101,-30.6275],[-67.3982,-30.6327],[-67.3867,-30.6429],[-67.3552,-30.6574],[-67.3135,-30.6739],[-67.2989,-30.6815],[-67.2828,-30.6953],[-67.2614,-30.7231],[-67.253,-30.7368],[-67.2206,-30.7692],[-67.21,-30.7877],[-67.1971,-30.8135],[-67.1876,-30.8285],[-67.1705,-30.848],[-67.1576,-30.8576],[-67.1426,-30.8797],[-67.125,-30.8975],[-67.1141,-30.9002],[-67.102,-30.9082],[-67.0821,-30.9161],[-67.1039,-30.9747],[-67.1164,-31.016],[-67.0668,-31.0832],[-67.0823,-31.2182],[-67.1012,-31.383],[-67.0783,-31.434],[-66.952,-31.6333],[-66.8682,-31.6333],[-66.8508,-31.6988],[-66.8452,-31.7146],[-66.8129,-31.7911],[-66.8043,-31.8088],[-66.792,-31.8254],[-66.7684,-31.8479],[-66.735,-31.8747],[-66.7227,-31.8838],[-66.6618,-31.9205],[-66.6045,-31.9234],[-66.6048,-31.9343],[-66.5688,-31.9498],[-66.5088,-31.9614],[-66.4125,-31.9808],[-66.3895,-31.9858],[-66.3835,-31.9901],[-66.367,-31.998],[-66.3528,-31.9947],[-66.3427,-31.9574],[-66.3375,-31.9432],[-66.3315,-31.939],[-66.3022,-31.9336],[-66.299,-31.9313],[-66.2794,-31.934],[-66.2269,-31.9426],[-66.1602,-31.9628],[-66.1585,-31.9607],[-66.161,-31.9403],[-66.151,-31.9394],[-66.1314,-31.9437],[-66.0793,-31.9719],[-66.0713,-31.9514],[-66.0692,-31.9365],[-66.0177,-31.9094],[-66.0077,-31.9033],[-65.9902,-31.8961],[-65.979,-31.8892],[-65.9607,-31.8953],[-65.9498,-31.9004],[-65.9149,-31.9099],[-65.8862,-31.9102],[-65.8775,-31.9062],[-65.8571,-31.9005],[-65.8343,-31.8989],[-65.7923,-31.8922],[-65.7806,-31.8884],[-65.7698,-31.8886],[-65.7701,-31.7434],[-65.7708,-31.3684],[-65.771,-31.2614],[-65.7715,-31.0442],[-65.7266,-30.9434],[-65.6661,-30.8074],[-65.5991,-30.6567],[-65.5252,-30.4908],[-65.4925,-30.3718],[-65.423,-30.1196]]]},"properties":{"nombre":"La Rioja","slug":"la-rioja"}},
{"type":"Feature","geometry":{"type":"Polygon","coordinates":[[[-69.0952,-27.7966],[-68.862,-27.7644],[-68.799,-27.7557],[-68.7853,-27.7682],[-68.7703,-27.7729],[-68.7632,-27.7768],[-68.7414,-27.7826],[-68.7343,-27.7876],[-68.7236,-27.789],[-68.7222,-27.7924],[-68.7278,-27.804],[-68.7196,-27.8097],[-68.7193,-27.8152],[-68.6981,-27.8155],[-68.6871,-27.8117],[-68.6652,-27.8099],[-68.6513,-27.8047],[-68.6389,-27.8021],[-68.6258,-27.7919],[-68.6183,-27.797],[-68.6098,-27.798],[-68.6004,-27.8128],[-68.5847,-27.8197],[-68.5808,-27.8177],[-68.5811,-27.8088],[-68.5721,-27.7899],[-68.5682,-27.7859],[-68.5635,-27.7704],[-68.5621,-27.7587],[-68.562,-27.7353],[-68.5562,-27.7304],[-68.5498,-27.7182],[-68.547,-27.709],[-68.5372,-27.7152],[-68.5329,-27.7336],[-68.5388,-27.7448],[-68.539,-27.7536],[-68.5344,-27.7693],[-68.5391,-27.7809],[-68.5366,-27.7911],[-68.5264,-27.8036],[-68.5215,-27.816],[-68.5175,-27.834],[-68.511,-27.847],[-68.5013,-27.8461],[-68.4926,-27.8523],[-68.4746,-27.8522],[-68.4563,-27.8602],[-68.4534,-27.8669],[-68.4403,-27.8737],[-68.4392,-27.8839],[-68.441,-27.8967],[-68.4491,-27.9167],[-68.4499,-27.9291],[-68.4538,-27.9392],[-68.4497,-27.9484],[-68.4536,-27.9567],[-68.4519,-27.9718],[-68.4541,-27.9779],[-68.4542,-27.9947],[-68.4611,-28.0048],[-68.4573,-28.0148],[-68.44,-28.0254],[-68.4353,-28.0239],[-68.4204,-28.0129],[-68.4143,-28.0119],[-68.411,-28.0068],[-68.4005,-28.0042],[-68.3939,-28.005],[-68.3841,-28.0119],[-68.3695,-28.0132],[-68.3517,-28.0172],[-68.3424,-28.0233],[-68.3386,-28.0365],[-68.3358,-28.0376],[-68.3202,-28.0306],[-68.312,-28.0245],[-68.2943,-28.0234],[-68.2862,-28.0265],[-68.2904,-28.0321],[-68.2941,-28.046],[-68.2922,-28.0545],[-68.2961,-28.0626],[-68.2943,-28.0722],[-68.2897,-28.0808],[-68.281,-28.0869],[-68.2747,-28.0951],[-68.2695,-28.0943],[-68.2632,-28.0873],[-68.2552,-28.0834],[-68.2533,-28.0736],[-68.2462,-28.0711],[-68.2395,-28.0798],[-68.2341,-28.0823],[-68.2193,-28.0815],[-68.2018,-28.0833],[-68.1914,-28.0876],[-68.1831,-28.086],[-68.1723,-28.0923],[-68.1649,-28.1084],[-68.152,-28.1077],[-68.1412,-28.1018],[-68.1373,-28.1179],[-68.1296,-28.1224],[-68.1287,-28.1306],[-68.1243,-28.1363],[-68.1235,-28.15],[-68.1175,-28.1594],[-68.1121,-28.1588],[-68.1109,-28.1708],[-68.1023,-28.1735],[-68.0976,-28.1697],[-68.0799,-28.1668],[-68.0715,-28.1625],[-68.0694,-28.1541],[-68.0627,-28.1462],[-68.0538,-28.1398],[-68.0435,-28.1436],[-68.0344,-28.1444],[-68.0236,-28.1385],[-68.0224,-28.1247],[-68.0019,-28.1199],[-67.979,-28.1167],[-67.9572,-28.1101],[-67.938,-28.108],[-67.9158,-28.1135],[-67.9143,-28.1172],[-67.922,-28.1266],[-67.9253,-28.1373],[-67.923,-28.1427],[-67.9272,-28.1541],[-67.922,-28.1629],[-67.9224,-28.1712],[-67.9127,-28.1854],[-67.9104,-28.1992],[-67.9121,-28.2085],[-67.8991,-28.2106],[-67.8996,-28.2188],[-67.906,-28.2202],[-67.906,-28.2294],[-67.9031,-28.2374],[-67.8956,-28.2435],[-67.8948,-28.2574],[-67.8902,-28.2639],[-67.8831,-28.2687],[-67.8768,-28.2678],[-67.8709,-28.2729],[-67.8741,-28.2769],[-67.8726,-28.2874],[-67.8606,-28.2957],[-67.8504,-28.3073],[-67.8502,-28.3111],[-67.8425,-28.3208],[-67.8465,-28.326],[-67.8475,-28.3411],[-67.8464,-28.3485],[-67.8496,-28.3609],[-67.8463,-28.3744],[-67.8336,-28.3765],[-67.8209,-28.3694],[-67.8144,-28.3717],[-67.8084,-28.355],[-67.7992,-28.3456],[-67.7937,-28.349],[-67.7766,-28.3488],[-67.7717,-28.3528],[-67.7659,-28.3514],[-67.7568,-28.3542],[-67.7628,-28.3341],[-67.7398,-28.3201],[-67.7244,-28.3218],[-67.7091,-28.3179],[-67.7072,-28.3143],[-67.688,-28.312],[-67.5479,-28.3444],[-67.3753,-28.3845],[-67.1554,-28.3844],[-67.0747,-28.2702],[-67.0671,-28.2695],[-67.0559,-28.272],[-67.0473,-28.2681],[-67.0433,-28.2623],[-67.0344,-28.2653],[-67.029,-28.2616],[-67.0197,-28.2603],[-67.0162,-28.2543],[-67.0083,-28.2564],[-66.9982,-28.2551],[-66.9902,-28.2633],[-66.8276,-28.2731],[-66.7168,-28.2798],[-66.5708,-28.2886],[-66.5152,-28.4625],[-66.5149,-28.4767],[-66.5177,-28.4878],[-66.5221,-28.4955],[-66.5271,-28.5159],[-66.5256,-28.5216],[-66.5309,-28.5315],[-66.4963,-28.5313],[-66.4962,-28.6223],[-66.396,-28.677],[-66.392,-28.6869],[-66.3851,-28.6945],[-66.3838,-28.7057],[-66.3787,-28.7134],[-66.3685,-28.7208],[-66.3603,-28.7183],[-66.3515,-28.7209],[-66.3506,-28.7298],[-66.3529,-28.7375],[-66.3663,-28.7457],[-66.3735,-28.7659],[-66.3799,-28.7696],[-66.3777,-28.7746],[-66.383,-28.7872],[-66.3825,-28.7919],[-66.3916,-28.8029],[-66.3959,-28.8018],[-66.3993,-28.8099],[-66.4111,-28.8145],[-66.41,-28.8232],[-66.4045,-28.8234],[-66.4032,-28.833],[-66.3992,-28.8439],[-66.4039,-28.8495],[-66.4027,-28.8577],[-66.3917,-28.8679],[-66.368,-28.8664],[-66.3609,-28.8693],[-66.3282,-28.8762],[-66.312,-28.8872],[-66.29,-28.8878],[-66.282,-28.8908],[-66.0997,-28.9444],[-65.9478,-29.0774],[-65.9265,-29.0822],[-65.9119,-29.0947],[-65.8174,-29.1789],[-65.8162,-29.2698],[-65.7483,-29.2697],[-65.7173,-29.3286],[-65.7195,-29.4074],[-65.7192,-29.4099],[-65.591,-29.7172],[-65.5448,-29.8277],[-65.423,-30.1196],[-65.2538,-30.0734],[-65.1583,-30.0473],[-65.0397,-29.9398],[-64.9379,-29.8475],[-64.9477,-29.7532],[-64.9641,-29.5961],[-64.8246,-29.5743],[-64.8243,-29.5653],[-64.8293,-29.5507],[-64.8297,-29.5227],[-64.8312,-29.5124],[-64.8278,-29.5024],[-64.8281,-29.4836],[-64.8231,-29.4632],[-64.8167,-29.4527],[-64.8014,-29.4418],[-64.7964,-29.4345],[-64.7923,-29.4181],[-64.786,-29.4055],[-64.7879,-29.4006],[-64.7974,-29.3918],[-64.8079,-29.3847],[-64.8145,-29.3775],[-64.8167,-29.3661],[-64.835,-29.3475],[-64.8426,-29.3337],[-64.8431,-29.3195],[-64.8384,-29.298],[-64.8302,-29.2786],[-64.8247,-29.2738],[-64.7907,-29.2726],[-64.7836,-29.2702],[-64.7812,-29.2655],[-64.8033,-29.2538],[-64.8164,-29.2455],[-64.8259,-29.235],[-64.8376,-29.2286],[-64.8421,-29.2233],[-64.8452,-29.2129],[-64.8545,-29.1974],[-64.8554,-29.1776],[-64.8526,-29.1548],[-64.8566,-29.1486],[-64.8531,-29.1224],[-64.856,-29.1052],[-64.8541,-29.0913],[-64.8544,-29.0703],[-64.8637,-29.0599],[-64.8598,-29.035],[-64.8666,-29.0308],[-64.8665,-29.022],[-64.8637,-29.0161],[-64.9066,-28.9324],[-64.9062,-28.9263],[-64.9017,-28.9143],[-64.912,-28.8866],[-64.9069,-28.8699],[-64.8993,-28.8525],[-64.9011,-28.8413],[-64.9236,-28.8182],[-64.9316,-28.8137],[-64.9386,-28.8057],[-64.9482,-28.8013],[-64.961,-28.798],[-64.9773,-28.7892],[-64.9849,-28.7793],[-64.9954,-28.7723],[-65.0008,-28.7661],[-65.0033,-28.7562],[-65.0113,-28.7485],[-65.0166,-28.7378],[-65.1268,-28.7162],[-65.1391,-28.657],[-65.1371,-28.6464],[-65.154,-28.6443],[-65.1614,-28.6404],[-65.1622,-28.6353],[-65.1703,-28.6347],[-65.1769,-28.6223],[-65.1872,-28.6242],[-65.1883,-28.6192],[-65.1846,-28.6006],[-65.1259,-28.6115],[-65.0971,-28.4709],[-65.1063,-28.3004],[-65.1124,-28.1867],[-65.1484,-28.0389],[-65.1708,-27.9465],[-65.3647,-27.8458],[-65.3709,-27.8461],[-65.383,-27.8542],[-65.3941,-27.8569],[-65.3973,-27.8643],[-65.4054,-27.8727],[-65.4232,-27.8841],[-65.434,-27.8838],[-65.455,-27.9001],[-65.4635,-27.9088],[-65.4685,-27.9087],[-65.4792,-27.9166],[-65.4909,-27.9185],[-65.4984,-27.9228],[-65.504,-27.9311],[-65.5072,-27.9416],[-65.5232,-27.9493],[-65.5197,-27.9619],[-65.5444,-27.9758],[-65.5459,-27.9893],[-65.5596,-27.9972],[-65.5587,-28.0026],[-65.5653,-28.0112],[-65.5763,-28.0141],[-65.592,-27.9985],[-65.5975,-28.0002],[-65.6067,-27.9922],[-65.6126,-27.9913],[-65.6199,-27.9714],[-65.6247,-27.9733],[-65.6663,-27.9732],[-65.6686,-27.9649],[-65.6689,-27.9526],[-65.6751,-27.9344],[-65.6747,-27.9285],[-65.6809,-27.9179],[-65.6868,-27.9135],[-65.6909,-27.9005],[-65.6957,-27.8985],[-65.6989,-27.8896],[-65.6987,-27.8716],[-65.7016,-27.867],[-65.6979,-27.8606],[-65.6995,-27.8412],[-65.7042,-27.8311],[-65.7064,-27.8136],[-65.7193,-27.8163],[-65.7211,-27.799],[-65.7429,-27.78],[-65.7532,-27.77],[-65.793,-27.7826],[-65.7988,-27.7868],[-65.7996,-27.7946],[-65.7949,-27.8003],[-65.8023,-27.8155],[-65.8086,-27.8207],[-65.8207,-27.8204],[-65.819,-27.8328],[-65.8263,-27.8463],[-65.8318,-27.8488],[-65.8329,-27.8375],[-65.8287,-27.8204],[-65.8324,-27.8111],[-65.8456,-27.7699],[-65.8483,-27.7509],[-65.8547,-27.7402],[-65.8551,-27.7329],[-65.8609,-27.7245],[-65.8647,-27.7088],[-65.8655,-27.689],[-65.8712,-27.682],[-65.8754,-27.6725],[-65.9154,-27.6691],[-65.9234,-27.6523],[-65.93,-27.6465],[-65.9355,-27.6221],[-65.9399,-27.6163],[-65.94,-27.6093],[-65.944,-27.5951],[-65.9488,-27.5888],[-65.9559,-27.5708],[-65.9503,-27.5618],[-65.9659,-27.5436],[-65.9653,-27.5378],[-65.9712,-27.5244],[-65.9668,-27.5178],[-65.9738,-27.5025],[-65.9725,-27.4675],[-65.9744,-27.4627],[-65.9749,-27.4428],[-65.9735,-27.4366],[-65.968,-27.4294],[-65.9724,-27.4252],[-65.9744,-27.4149],[-65.9692,-27.4064],[-65.9654,-27.3879],[-65.9677,-27.376],[-65.9676,-27.3644],[-65.965,-27.3605],[-65.9698,-27.3492],[-65.9717,-27.3338],[-65.9796,-27.3288],[-65.9956,-27.3141],[-66.0114,-27.3106],[-66.0175,-27.304],[-66.03,-27.2979],[-66.0391,-27.2959],[-66.0514,-27.2958],[-66.0528,-27.2935],[-66.0764,-27.2887],[-66.0858,-27.2837],[-66.0928,-27.2774],[-66.1113,-27.2724],[-66.1156,-27.2677],[-66.1262,-27.2647],[-66.1329,-27.2662],[-66.1392,-27.2623],[-66.1342,-27.2485],[-66.1332,-27.2406],[-66.1229,-27.2372],[-66.1233,-27.2323],[-66.11,-27.2155],[-66.104,-27.2162],[-66.0793,-27.2088],[-66.0824,-27.1983],[-66.069,-27.187],[-66.0676,-27.1752],[-66.0622,-27.168],[-66.0636,-27.1621],[-66.0556,-27.1557],[-66.0549,-27.1453],[-66.0413,-27.1363],[-66.0357,-27.1271],[-66.0208,-27.1196],[-66.0196,-27.1129],[-66.0053,-27.1085],[-66.0017,-27.1019],[-65.991,-27.1056],[-65.9777,-27.0878],[-65.9711,-27.0687],[-65.9752,-27.0658],[-65.9741,-27.0546],[-65.9683,-27.0543],[-65.964,-27.0487],[-65.9653,-27.0346],[-65.9558,-27.0321],[-65.9464,-27.0234],[-65.9315,-27.0172],[-65.9218,-27.0182],[-65.9171,-27.0149],[-65.9135,-27.0068],[-65.9161,-27.0037],[-65.9161,-26.9891],[-65.9119,-26.9809],[-65.8989,-26.9791],[-65.8912,-26.9751],[-65.8852,-26.9543],[-65.8749,-26.9329],[-65.862,-26.9324],[-65.8578,-26.9292],[-65.8566,-26.9155],[-65.8591,-26.913],[-65.8576,-26.9013],[-65.8747,-26.8915],[-65.8774,-26.8828],[-65.8882,-26.8807],[-65.8956,-26.8726],[-65.9005,-26.8638],[-65.8901,-26.8561],[-65.8944,-26.8496],[-65.894,-26.8419],[-65.8867,-26.83],[-65.8744,-26.8182],[-65.8815,-26.8062],[-65.8733,-26.8025],[-65.8659,-26.7955],[-65.8604,-26.783],[-65.8576,-26.7663],[-65.8539,-26.7597],[-65.8308,-26.748],[-65.8305,-26.7414],[-65.8343,-26.7366],[-65.9507,-26.6603],[-66.0422,-26.6004],[-66.1533,-26.6254],[-66.1712,-26.6312],[-66.1718,-26.6243],[-66.1675,-26.6013],[-66.1761,-26.5778],[-66.1671,-26.5683],[-66.1652,-26.558],[-66.1691,-26.5449],[-66.1639,-26.5383],[-66.1717,-26.5217],[-66.1725,-26.5106],[-66.164,-26.5013],[-66.1687,-26.4937],[-66.1746,-26.4912],[-66.1768,-26.4847],[-66.1765,-26.4694],[-66.1716,-26.4677],[-66.1562,-26.448],[-66.1537,-26.4365],[-66.1564,-26.4228],[-66.1608,-26.4167],[-66.1583,-26.4014],[-66.1558,-26.3973],[-66.1372,-26.3912],[-66.1295,-26.3904],[-66.124,-26.3866],[-66.1191,-26.377],[-66.1194,-26.3704],[-66.1169,-26.3494],[-66.1143,-26.3436],[-66.1182,-26.32],[-66.1237,-26.3102],[-66.1206,-26.3039],[-66.1221,-26.286],[-66.1191,-26.2674],[-66.1133,-26.2619],[-66.1042,-26.2616],[-66.0941,-26.2486],[-66.1004,-26.2355],[-66.1017,-26.2289],[-66.0998,-26.2205],[-66.1041,-26.2094],[-66.1113,-26.2062],[-66.1216,-26.1883],[-66.1331,-26.1814],[-66.1382,-26.1751],[-66.1423,-26.1593],[-66.156,-26.1446],[-66.1657,-26.1397],[-66.1705,-26.134],[-66.1862,-26.1362],[-66.1944,-26.1306],[-66.2053,-26.1326],[-66.219,-26.1465],[-66.2304,-26.1497],[-66.2402,-26.1631],[-66.2431,-26.177],[-66.2541,-26.1897],[-66.2673,-26.1961],[-66.2671,-26.203],[-66.2765,-26.2115],[-66.2798,-26.2201],[-66.2865,-26.2225],[-66.293,-26.2293],[-66.2977,-26.2463],[-66.306,-26.2623],[-66.302,-26.2707],[-66.3115,-26.283],[-66.3226,-26.2893],[-66.3202,-26.2973],[-66.3274,-26.3019],[-66.3307,-26.3107],[-66.3321,-26.3214],[-66.3411,-26.3338],[-66.342,-26.3423],[-66.3553,-26.3521],[-66.3624,-26.3627],[-66.3618,-26.3698],[-66.3702,-26.3898],[-66.3699,-26.3961],[-66.3748,-26.4126],[-66.382,-26.4168],[-66.4137,-26.3988],[-66.4241,-26.3872],[-66.4383,-26.3813],[-66.443,-26.3752],[-66.4563,-26.3697],[-66.461,-26.3641],[-66.4775,-26.3593],[-66.4892,-26.3663],[-66.5082,-26.3648],[-66.5167,-26.3597],[-66.5244,-26.36],[-66.5317,-26.3548],[-66.5399,-26.3532],[-66.5391,-26.3465],[-66.5484,-26.3346],[-66.5471,-26.3219],[-66.5566,-26.3105],[-66.5564,-26.2998],[-66.5603,-26.2948],[-66.557,-26.285],[-66.559,-26.2759],[-66.5535,-26.2685],[-66.5535,-26.26],[-66.5571,-26.2542],[-66.5668,-26.2492],[-66.5653,-26.236],[-66.5686,-26.2305],[-66.5702,-26.2184],[-66.5749,-26.2139],[-66.5766,-26.1981],[-66.5718,-26.1856],[-66.5734,-26.1764],[-66.5826,-26.1672],[-66.5828,-26.1617],[-66.5932,-26.1512],[-66.6011,-26.1478],[-66.617,-26.1454],[-66.6204,-26.1419],[-66.6223,-26.1317],[-66.6389,-26.1152],[-66.6463,-26.1106],[-66.6593,-26.1072],[-66.6551,-26.1015],[-66.6531,-26.0911],[-66.6574,-26.0868],[-66.6609,-26.0767],[-66.666,-26.0752],[-66.6795,-26.08],[-66.6889,-26.0773],[-66.7044,-26.0817],[-66.7055,-26.0757],[-66.7147,-26.074],[-66.7222,-26.0795],[-66.7289,-26.0748],[-66.7323,-26.0649],[-66.7418,-26.0644],[-66.7513,-26.0602],[-66.7573,-26.0501],[-66.7764,-26.0489],[-66.7814,-26.0455],[-66.7801,-26.0353],[-66.7948,-26.0202],[-66.8087,-26.0128],[-66.8197,-25.9995],[-66.827,-25.9953],[-66.8466,-25.9701],[-66.8437,-25.9645],[-66.8446,-25.951],[-66.8506,-25.945],[-66.8479,-25.9372],[-66.8486,-25.9299],[-66.8532,-25.9136],[-66.8481,-25.9065],[-66.8495,-25.8971],[-66.8431,-25.8838],[-66.8393,-25.8807],[-66.8467,-25.8398],[-66.8476,-25.8291],[-66.8476,-25.7963],[-66.8498,-25.7843],[-66.8579,-25.7725],[-66.8707,-25.7682],[-66.8708,-25.7602],[-66.8657,-25.752],[-66.8632,-25.7429],[-66.8526,-25.7282],[-66.8517,-25.723],[-66.8433,-25.7126],[-66.8308,-25.706],[-66.8129,-25.7001],[-66.8017,-25.6988],[-66.7893,-25.6994],[-66.7594,-25.706],[-66.74,-25.7058],[-66.7323,-25.704],[-66.7177,-25.7051],[-66.6913,-25.7037],[-66.6759,-25.7103],[-66.6517,-25.7125],[-66.6481,-25.7117],[-66.6429,-25.697],[-66.636,-25.6882],[-66.6362,-25.681],[-66.6315,-25.6697],[-66.6331,-25.6627],[-66.6304,-25.6544],[-66.6233,-25.647],[-66.6118,-25.6418],[-66.6065,-25.6287],[-66.5832,-25.6247],[-66.5771,-25.6262],[-66.5639,-25.6218],[-66.5636,-25.6017],[-66.5728,-25.5867],[-66.5689,-25.5816],[-66.5648,-25.5668],[-66.5615,-25.5623],[-66.548,-25.5547],[-66.5458,-25.55],[-66.5346,-25.5365],[-66.5428,-25.5224],[-66.5394,-25.5137],[-66.541,-25.51],[-66.5321,-25.5006],[-66.5331,-25.4806],[-66.5352,-25.4623],[-66.5308,-25.4562],[-66.5229,-25.453],[-66.5185,-25.4403],[-66.521,-25.4234],[-66.5245,-25.4104],[-66.5283,-25.4044],[-66.5345,-25.3857],[-66.5344,-25.3756],[-66.5476,-25.3689],[-66.5763,-25.3732],[-66.5896,-25.3724],[-66.5994,-25.3631],[-66.5857,-25.3418],[-66.5817,-25.3214],[-66.5752,-25.3124],[-66.5651,-25.3025],[-66.5582,-25.3007],[-66.7414,-25.267],[-66.8793,-25.2417],[-67.1151,-25.2409],[-67.2916,-25.2403],[-67.3964,-25.24],[-67.5693,-25.2394],[-67.6429,-25.2391],[-67.6699,-25.2391],[-67.8646,-25.2384],[-67.9639,-25.2276],[-68.127,-25.2098],[-68.2544,-25.1959],[-68.4108,-25.1788],[-68.507,-25.1683],[-68.5092,-25.1808],[-68.5071,-25.186],[-68.5087,-25.1986],[-68.5056,-25.203],[-68.5048,-25.2221],[-68.5122,-25.2337],[-68.5248,-25.2308],[-68.5348,-25.2369],[-68.5356,-25.2485],[-68.5431,-25.2515],[-68.5431,-25.2614],[-68.5474,-25.2619],[-68.5394,-25.2788],[-68.5325,-25.2823],[-68.53,-25.2916],[-68.5387,-25.2979],[-68.5454,-25.2989],[-68.5462,-25.3114],[-68.5356,-25.3207],[-68.5298,-25.3203],[-68.5215,-25.329],[-68.5182,-25.3441],[-68.5273,-25.352],[-68.5243,-25.3575],[-68.5266,-25.3703],[-68.523,-25.375],[-68.5411,-25.3822],[-68.5502,-25.3923],[-68.5489,-25.3966],[-68.5561,-25.4062],[-68.5631,-25.407],[-68.5766,-25.4187],[-68.5811,-25.4147],[-68.59,-25.4142],[-68.5867,-25.4278],[-68.587,-25.44],[-68.5891,-25.4483],[-68.5851,-25.4518],[-68.5713,-25.4798],[-68.573,-25.4939],[-68.5608,-25.5058],[-68.5532,-25.5051],[-68.5382,-25.5108],[-68.548,-25.526],[-68.5432,-25.5298],[-68.5418,-25.5393],[-68.537,-25.5436],[-68.5418,-25.5493],[-68.5369,-25.5545],[-68.5257,-25.5583],[-68.5254,-25.5669],[-68.5147,-25.5744],[-68.5294,-25.5794],[-68.5336,-25.5893],[-68.541,-25.5969],[-68.5415,-25.6049],[-68.539,-25.6124],[-68.5452,-25.6167],[-68.5462,-25.6294],[-68.5398,-25.6402],[-68.5262,-25.6434],[-68.5167,-25.6587],[-68.5111,-25.6722],[-68.5006,-25.6726],[-68.4976,-25.6794],[-68.4847,-25.6988],[-68.4773,-25.7012],[-68.4778,-25.707],[-68.4534,-25.83],[-68.4403,-25.8929],[-68.4199,-25.9766],[-68.4043,-26.066],[-68.381,-26.178],[-68.4773,-26.2373],[-68.5153,-26.2596],[-68.5573,-26.2867],[-68.5656,-26.3189],[-68.5877,-26.492],[-68.4992,-26.6167],[-68.4374,-26.7021],[-68.3638,-26.8005],[-68.3471,-26.8145],[-68.2989,-26.8737],[-68.2997,-26.8842],[-68.291,-26.8875],[-68.2903,-26.8914],[-68.2797,-26.9049],[-68.2687,-26.9089],[-68.2629,-26.9186],[-68.2677,-26.9241],[-68.2789,-26.9265],[-68.2899,-26.9247],[-68.2937,-26.93],[-68.2912,-26.9364],[-68.2907,-26.9486],[-68.2941,-26.9595],[-68.3008,-26.9678],[-68.3119,-26.972],[-68.3183,-26.9809],[-68.3127,-26.9907],[-68.3151,-26.9984],[-68.3094,-27.0074],[-68.2998,-27.017],[-68.2938,-27.0375],[-68.3084,-27.0413],[-68.3177,-27.0373],[-68.3358,-27.0329],[-68.3472,-27.0331],[-68.3528,-27.0377],[-68.3596,-27.0386],[-68.3688,-27.046],[-68.38,-27.0473],[-68.3818,-27.0536],[-68.3914,-27.056],[-68.4002,-27.0623],[-68.4034,-27.0674],[-68.4099,-27.0631],[-68.418,-27.0703],[-68.4278,-27.0669],[-68.4448,-27.083],[-68.4506,-27.095],[-68.4649,-27.0911],[-68.4756,-27.0839],[-68.4754,-27.0768],[-68.4792,-27.0704],[-68.4811,-27.0598],[-68.4839,-27.0577],[-68.4724,-27.1109],[-68.48,-27.1143],[-68.4807,-27.127],[-68.4943,-27.1362],[-68.5113,-27.1293],[-68.5406,-27.1095],[-68.5455,-27.1138],[-68.5568,-27.1147],[-68.5602,-27.1228],[-68.555,-27.1289],[-68.5558,-27.1383],[-68.5628,-27.1443],[-68.5696,-27.1566],[-68.5714,-27.1654],[-68.5765,-27.1766],[-68.5959,-27.1632],[-68.6051,-27.1593],[-68.6161,-27.1711],[-68.6227,-27.1661],[-68.6313,-27.1631],[-68.6388,-27.1485],[-68.6388,-27.1437],[-68.6498,-27.1401],[-68.6539,-27.1361],[-68.6562,-27.1242],[-68.6634,-27.1203],[-68.6655,-27.1082],[-68.6698,-27.0989],[-68.6827,-27.1072],[-68.692,-27.0991],[-68.7038,-27.0988],[-68.714,-27.1049],[-68.7221,-27.1056],[-68.733,-27.1018],[-68.739,-27.1024],[-68.7514,-27.1122],[-68.761,-27.1058],[-68.7779,-27.0988],[-68.7877,-27.105],[-68.7924,-27.1194],[-68.7991,-27.1243],[-68.7982,-27.1295],[-68.8081,-27.1453],[-68.8169,-27.1463],[-68.8314,-27.1511],[-68.835,-27.1576],[-68.8423,-27.1593],[-68.8404,-27.1664],[-68.8466,-27.1775],[-68.8523,-27.1822],[-68.8581,-27.1912],[-68.8568,-27.2027],[-68.8526,-27.2104],[-68.853,-27.2164],[-68.8593,-27.2217],[-68.8567,-27.2319],[-68.869,-27.2378],[-68.871,-27.2511],[-68.8672,-27.2634],[-68.8596,-27.2658],[-68.8549,-27.2734],[-68.8437,-27.276],[-68.842,-27.28],[-68.829,-27.2879],[-68.8251,-27.2939],[-68.8138,-27.2965],[-68.8088,-27.3013],[-68.8295,-27.2986],[-68.8449,-27.3132],[-68.8618,-27.3183],[-68.8696,-27.3168],[-68.874,-27.3286],[-68.8809,-27.3312],[-68.8844,-27.338],[-68.8787,-27.3396],[-68.891,-27.3527],[-68.8928,-27.3632],[-68.8893,-27.3702],[-68.8897,-27.3773],[-68.897,-27.3845],[-68.8939,-27.3917],[-68.8875,-27.398],[-68.9103,-27.4014],[-68.92,-27.4089],[-68.9298,-27.4091],[-68.9267,-27.4172],[-68.9273,-27.4298],[-68.9329,-27.4361],[-68.9315,-27.4416],[-68.9362,-27.4454],[-68.9448,-27.4395],[-68.9559,-27.4351],[-68.9588,-27.4307],[-68.9694,-27.429],[-68.9809,-27.4321],[-68.9808,-27.4375],[-68.9883,-27.447],[-68.9883,-27.4536],[-68.9823,-27.4541],[-68.9778,-27.4632],[-68.9676,-27.4703],[-68.9573,-27.4841],[-68.9496,-27.4882],[-68.9505,-27.5007],[-68.9427,-27.507],[-68.9413,-27.5176],[-68.9482,-27.5286],[-68.9612,-27.5252],[-68.9877,-27.5241],[-68.9771,-27.5416],[-68.9723,-27.5471],[-68.975,-27.559],[-68.983,-27.5674],[-68.993,-27.5724],[-68.9987,-27.5808],[-69.0062,-27.5848],[-69.0117,-27.5825],[-69.0242,-27.5864],[-69.026,-27.5941],[-69.0394,-27.5947],[-69.0457,-27.6086],[-69.0545,-27.6205],[-69.0526,-27.6243],[-69.0599,-27.6634],[-69.0582,-27.67],[-69.0483,-27.6773],[-69.044,-27.6777],[-69.0443,-27.6967],[-69.0644,-27.7077],[-69.0687,-27.7076],[-69.0847,-27.7145],[-69.0896,-27.7214],[-69.0833,-27.7264],[-69.0844,-27.7355],[-69.088,-27.7399],[-69.0849,-27.7456],[-69.0854,-27.7553],[-69.0896,-27.7658],[-69.0894,-27.7855],[-69.0951,-27.7885],[-69.0952,-27.7966]]]},"properties":{"nombre":"Catamarca","slug":"catamarca"}},
{"type":"Feature","geometry":{"type":"MultiPolygon","coordinates":[[[[-71.646,-45.9999],[-71.6505,-46.0163],[-71.6642,-46.0251],[-71.6673,-46.04],[-71.6784,-46.0506],[-71.697,-46.0625],[-71.6967,-46.0691],[-71.7102,-46.071],[-71.7114,-46.0845],[-71.7153,-46.0893],[-71.73,-46.0949],[-71.737,-46.0911],[-71.7485,-46.0917],[-71.7597,-46.0991],[-71.7597,-46.1098],[-71.7855,-46.1221],[-71.7898,-46.1178],[-71.812,-46.117],[-71.8164,-46.1103],[-71.8272,-46.1112],[-71.8453,-46.1202],[-71.8597,-46.1178],[-71.8627,-46.1226],[-71.879,-46.1234],[-71.8893,-46.1275],[-71.8977,-46.1358],[-71.9145,-46.1405],[-71.9075,-46.1447],[-71.9091,-46.1544],[-71.9012,-46.1637],[-71.8838,-46.1627],[-71.8772,-46.1684],[-71.8601,-46.1939],[-71.8467,-46.1912],[-71.8362,-46.1919],[-71.8225,-46.2023],[-71.8088,-46.1976],[-71.799,-46.19],[-71.7858,-46.1935],[-71.7783,-46.1997],[-71.7729,-46.2179],[-71.7673,-46.2158],[-71.7574,-46.2214],[-71.7531,-46.228],[-71.7497,-46.2484],[-71.7455,-46.2522],[-71.7409,-46.2642],[-71.7272,-46.2721],[-71.7241,-46.2848],[-71.7244,-46.2954],[-71.7286,-46.3079],[-71.7346,-46.3163],[-71.7386,-46.3276],[-71.7435,-46.328],[-71.7475,-46.3372],[-71.7568,-46.3462],[-71.6696,-46.5286],[-71.6756,-46.5435],[-71.6657,-46.5514],[-71.6679,-46.5572],[-71.6636,-46.5668],[-71.6644,-46.575],[-71.6615,-46.5878],[-71.6669,-46.5973],[-71.6609,-46.6095],[-71.6623,-46.6203],[-71.6583,-46.6259],[-71.6474,-46.6334],[-71.65,-46.6533],[-71.6459,-46.6598],[-71.6474,-46.6731],[-71.6437,-46.6822],[-71.6495,-46.688],[-71.6567,-46.6884],[-71.6717,-46.6956],[-71.6794,-46.6953],[-71.6907,-46.7014],[-71.6993,-46.7118],[-71.7081,-46.7126],[-71.7114,-46.7177],[-71.7302,-46.7293],[-71.7405,-46.733],[-71.75,-46.7418],[-71.7577,-46.7553],[-71.7876,-46.7747],[-71.7975,-46.7795],[-71.816,-46.7824],[-71.8201,-46.7878],[-71.8405,-46.7981],[-71.8451,-46.7974],[-71.8627,-46.8026],[-71.8924,-46.7987],[-71.9008,-46.8001],[-71.9155,-46.7982],[-71.9287,-46.8053],[-71.9472,-46.8093],[-71.9553,-46.8167],[-71.9414,-46.8293],[-71.9313,-46.8443],[-71.9352,-46.8521],[-71.9316,-46.8693],[-71.9441,-46.8779],[-71.9505,-46.8895],[-71.9574,-46.8909],[-71.9611,-46.9017],[-71.9698,-46.9039],[-71.9711,-46.911],[-71.9657,-46.9234],[-71.9645,-46.9329],[-71.9587,-46.9365],[-71.9586,-46.9492],[-71.9515,-46.9574],[-71.9565,-46.9617],[-71.9584,-46.9703],[-71.9541,-46.9774],[-71.9309,-46.9772],[-71.9185,-46.9852],[-71.93,-46.9916],[-71.9149,-46.9984],[-71.8965,-46.9963],[-71.8904,-47.0056],[-71.8808,-47.0109],[-71.886,-47.0262],[-71.9034,-47.0476],[-71.9161,-47.0594],[-71.931,-47.0589],[-71.9523,-47.071],[-71.9501,-47.0865],[-71.9415,-47.0875],[-71.9209,-47.0948],[-71.8958,-47.1014],[-71.8806,-47.1069],[-71.8775,-47.1181],[-71.8671,-47.1234],[-71.8592,-47.1338],[-71.8638,-47.1383],[-71.8602,-47.1548],[-71.8503,-47.1628],[-71.8531,-47.1662],[-71.8704,-47.1717],[-71.8909,-47.1854],[-71.889,-47.1991],[-71.8811,-47.2018],[-71.8817,-47.207],[-71.8931,-47.2107],[-71.8897,-47.2161],[-71.8805,-47.2174],[-71.8681,-47.2242],[-71.8644,-47.2301],[-71.8697,-47.2336],[-71.8889,-47.2273],[-71.9046,-47.2268],[-71.9209,-47.219],[-71.9266,-47.2213],[-71.9492,-47.2159],[-71.9743,-47.2138],[-71.9966,-47.2066],[-72.0134,-47.2056],[-72.0073,-47.2129],[-72.0009,-47.2153],[-72.0014,-47.2305],[-72.0122,-47.2402],[-72.0163,-47.2481],[-72.0108,-47.2619],[-71.9996,-47.2797],[-71.9966,-47.2906],[-71.9979,-47.2966],[-72.0362,-47.3196],[-72.0407,-47.329],[-72.0523,-47.3414],[-72.0726,-47.3419],[-72.0807,-47.3342],[-72.0965,-47.3347],[-72.11,-47.329],[-72.1131,-47.3315],[-72.1276,-47.3284],[-72.1363,-47.3369],[-72.136,-47.3409],[-72.1448,-47.3522],[-72.1429,-47.3633],[-72.1512,-47.3698],[-72.1523,-47.3748],[-72.1604,-47.3784],[-72.159,-47.3875],[-72.1613,-47.3949],[-72.1781,-47.398],[-72.1877,-47.4043],[-72.1919,-47.4122],[-72.1986,-47.4157],[-72.2318,-47.4032],[-72.2561,-47.4137],[-72.2682,-47.416],[-72.2747,-47.4217],[-72.2814,-47.4323],[-72.2939,-47.4459],[-72.3397,-47.4548],[-72.3429,-47.4573],[-72.3396,-47.4689],[-72.3321,-47.4736],[-72.3271,-47.4817],[-72.3089,-47.4794],[-72.3069,-47.4917],[-72.2981,-47.4942],[-72.296,-47.5067],[-72.2914,-47.512],[-72.2962,-47.5243],[-72.303,-47.5335],[-72.3101,-47.5528],[-72.3226,-47.5623],[-72.3272,-47.5713],[-72.3253,-47.5847],[-72.3168,-47.589],[-72.3148,-47.5954],[-72.3266,-47.6026],[-72.3349,-47.6105],[-72.344,-47.6291],[-72.3596,-47.6395],[-72.3651,-47.6354],[-72.3799,-47.636],[-72.3934,-47.6436],[-72.4059,-47.6573],[-72.4199,-47.6615],[-72.4094,-47.6776],[-72.4176,-47.6946],[-72.4356,-47.7015],[-72.4504,-47.7051],[-72.4522,-47.7148],[-72.4354,-47.7329],[-72.442,-47.74],[-72.4514,-47.7416],[-72.4652,-47.7378],[-72.4719,-47.7486],[-72.4746,-47.7588],[-72.4843,-47.7587],[-72.4863,-47.754],[-72.4982,-47.7552],[-72.5075,-47.7458],[-72.5227,-47.7438],[-72.5224,-47.7534],[-72.5127,-47.7607],[-72.5049,-47.7622],[-72.4995,-47.7743],[-72.4999,-47.7866],[-72.4956,-47.7974],[-72.4851,-47.8058],[-72.4714,-47.8124],[-72.4698,-47.819],[-72.4751,-47.8499],[-72.4739,-47.858],[-72.4814,-47.8701],[-72.4986,-47.8745],[-72.5003,-47.8848],[-72.5116,-47.8944],[-72.5231,-47.91],[-72.5232,-47.9229],[-72.5276,-47.9235],[-72.5285,-47.9363],[-72.5228,-47.9461],[-72.5123,-47.9471],[-72.506,-47.9508],[-72.5042,-47.9575],[-72.4807,-47.96],[-72.4685,-47.9594],[-72.4605,-47.9558],[-72.4558,-47.9631],[-72.4289,-47.9651],[-72.429,-47.9712],[-72.4214,-47.9859],[-72.4263,-47.9955],[-72.4195,-48.0019],[-72.4301,-48.012],[-72.4287,-48.017],[-72.4323,-48.0272],[-72.4299,-48.0425],[-72.4412,-48.0487],[-72.4406,-48.0588],[-72.444,-48.0647],[-72.421,-48.0771],[-72.3952,-48.0765],[-72.3847,-48.0711],[-72.3708,-48.0755],[-72.362,-48.0733],[-72.3613,-48.0897],[-72.3559,-48.1007],[-72.3399,-48.1115],[-72.3277,-48.1157],[-72.3238,-48.1212],[-72.3216,-48.1339],[-72.3068,-48.14],[-72.2999,-48.1594],[-72.3048,-48.1634],[-72.3078,-48.1819],[-72.3107,-48.1866],[-72.3064,-48.1943],[-72.3092,-48.2054],[-72.324,-48.2147],[-72.3167,-48.234],[-72.2897,-48.2564],[-72.281,-48.2689],[-72.2653,-48.2778],[-72.2551,-48.2901],[-72.2582,-48.2929],[-72.2506,-48.3011],[-72.2415,-48.3017],[-72.2361,-48.314],[-72.2271,-48.3185],[-72.2347,-48.3249],[-72.2409,-48.3394],[-72.2411,-48.3483],[-72.2489,-48.3485],[-72.2618,-48.3531],[-72.278,-48.3626],[-72.2858,-48.3562],[-72.2982,-48.3562],[-72.3101,-48.3535],[-72.3224,-48.3586],[-72.3297,-48.3516],[-72.3505,-48.3485],[-72.3699,-48.3521],[-72.3815,-48.3512],[-72.3801,-48.366],[-72.377,-48.3715],[-72.3583,-48.3776],[-72.3463,-48.3853],[-72.3481,-48.3908],[-72.3578,-48.3923],[-72.3597,-48.3983],[-72.3803,-48.3991],[-72.3925,-48.4111],[-72.4045,-48.4143],[-72.4034,-48.422],[-72.4078,-48.4336],[-72.3979,-48.4356],[-72.3745,-48.4488],[-72.3927,-48.4711],[-72.3936,-48.483],[-72.3989,-48.4839],[-72.4141,-48.4957],[-72.426,-48.4956],[-72.4408,-48.5135],[-72.4762,-48.5168],[-72.4931,-48.5127],[-72.5037,-48.5163],[-72.5171,-48.5095],[-72.5285,-48.4989],[-72.5284,-48.4902],[-72.5375,-48.4823],[-72.554,-48.4844],[-72.5632,-48.4831],[-72.5857,-48.4873],[-72.5895,-48.4944],[-72.5809,-48.4994],[-72.5776,-48.5126],[-72.5677,-48.5249],[-72.5674,-48.5361],[-72.5579,-48.5636],[-72.5633,-48.5714],[-72.5634,-48.583],[-72.5486,-48.6092],[-72.5494,-48.6168],[-72.5421,-48.6314],[-72.5428,-48.6462],[-72.5351,-48.6683],[-72.5399,-48.6797],[-72.5366,-48.6913],[-72.5393,-48.708],[-72.5369,-48.7136],[-72.5416,-48.7275],[-72.5424,-48.7415],[-72.5352,-48.7539],[-72.5373,-48.7575],[-72.5303,-48.7706],[-72.5291,-48.7809],[-72.5322,-48.7976],[-72.5496,-48.8131],[-72.567,-48.8239],[-72.5817,-48.8263],[-72.6026,-48.8366],[-72.6181,-48.8506],[-72.6396,-48.8662],[-72.6738,-48.8645],[-72.6884,-48.8648],[-72.6967,-48.8967],[-72.7034,-48.8978],[-72.7105,-48.9045],[-72.739,-48.9063],[-72.7481,-48.9103],[-72.7583,-48.9204],[-72.7571,-48.9255],[-72.7649,-48.9359],[-72.7663,-48.9457],[-72.793,-48.9628],[-72.7952,-48.9683],[-72.8113,-48.9614],[-72.8209,-48.9614],[-72.8304,-48.9673],[-72.8506,-48.9661],[-72.8603,-48.9587],[-72.8663,-48.9466],[-72.8738,-48.9483],[-72.8918,-48.9464],[-72.9136,-48.9408],[-72.9197,-48.9357],[-72.9464,-48.9456],[-72.9514,-48.9512],[-72.9597,-48.981],[-72.9685,-48.9853],[-72.9862,-48.9882],[-72.9932,-48.9994],[-72.9876,-49.009],[-72.9894,-49.0177],[-72.9835,-49.0263],[-73.0078,-49.03],[-73.0141,-49.0374],[-73.0033,-49.052],[-73.0049,-49.0635],[-73.0163,-49.0628],[-73.0298,-49.0678],[-73.0308,-49.0746],[-73.0449,-49.0809],[-73.0548,-49.1064],[-73.0627,-49.1151],[-73.0604,-49.1252],[-73.0825,-49.1345],[-73.0817,-49.1439],[-73.0864,-49.1468],[-73.1025,-49.1471],[-73.1101,-49.152],[-73.1169,-49.1686],[-73.1406,-49.1803],[-73.1454,-49.1902],[-73.1388,-49.2054],[-73.1464,-49.2213],[-73.1434,-49.2297],[-73.1452,-49.2472],[-73.136,-49.2584],[-73.1319,-49.2677],[-73.1253,-49.2664],[-73.1036,-49.267],[-73.0905,-49.2534],[-73.0687,-49.2676],[-73.0456,-49.2737],[-73.1437,-49.271],[-73.3478,-49.2275],[-73.4366,-49.2082],[-73.4707,-49.2011],[-73.476,-49.2184],[-73.495,-49.242],[-73.4967,-49.2683],[-73.4937,-49.2727],[-73.4823,-49.2735],[-73.471,-49.2788],[-73.4583,-49.2887],[-73.456,-49.2965],[-73.4488,-49.2989],[-73.4385,-49.2973],[-73.4345,-49.3014],[-73.4323,-49.3141],[-73.419,-49.3155],[-73.4106,-49.3194],[-73.42,-49.338],[-73.4275,-49.341],[-73.4266,-49.3552],[-73.4305,-49.3607],[-73.426,-49.3769],[-73.4276,-49.3936],[-73.4347,-49.393],[-73.4574,-49.3988],[-73.4677,-49.4056],[-73.4752,-49.4197],[-73.4844,-49.4222],[-73.4904,-49.4287],[-73.4895,-49.4343],[-73.4739,-49.4413],[-73.4786,-49.4479],[-73.4796,-49.4613],[-73.4702,-49.4697],[-73.4638,-49.4825],[-73.4726,-49.4847],[-73.4878,-49.5005],[-73.5135,-49.497],[-73.5286,-49.5006],[-73.5396,-49.4982],[-73.5448,-49.5047],[-73.5402,-49.5266],[-73.5497,-49.5381],[-73.5457,-49.5503],[-73.536,-49.564],[-73.5263,-49.5685],[-73.5046,-49.5731],[-73.4922,-49.5792],[-73.4844,-49.587],[-73.4745,-49.601],[-73.461,-49.6245],[-73.4609,-49.6348],[-73.4641,-49.6424],[-73.4956,-49.6614],[-73.5061,-49.6662],[-73.4988,-49.6823],[-73.4986,-49.6917],[-73.5083,-49.7014],[-73.5045,-49.7094],[-73.4944,-49.7113],[-73.4746,-49.7202],[-73.4684,-49.7333],[-73.4592,-49.7453],[-73.4495,-49.753],[-73.4388,-49.7578],[-73.452,-49.764],[-73.4662,-49.7737],[-73.462,-49.7826],[-73.4453,-49.7939],[-73.4538,-49.7979],[-73.4965,-49.8144],[-73.4997,-49.818],[-73.4976,-49.8441],[-73.4905,-49.8526],[-73.4992,-49.8612],[-73.5,-49.8666],[-73.5125,-49.883],[-73.5219,-49.9005],[-73.5423,-49.9125],[-73.5515,-49.92],[-73.5474,-49.9461],[-73.5382,-49.9522],[-73.5249,-49.9555],[-73.5068,-49.963],[-73.5064,-49.9693],[-73.5118,-49.9746],[-73.537,-49.9873],[-73.564,-50.0134],[-73.5666,-50.0204],[-73.5474,-50.0344],[-73.5426,-50.0348],[-73.5305,-50.043],[-73.5237,-50.0422],[-73.4993,-50.0443],[-73.4941,-50.0494],[-73.4832,-50.0517],[-73.4918,-50.0608],[-73.4868,-50.0721],[-73.4895,-50.0816],[-73.5097,-50.099],[-73.5349,-50.112],[-73.5415,-50.119],[-73.5389,-50.1266],[-73.5222,-50.1432],[-73.5222,-50.1578],[-73.5283,-50.1654],[-73.5385,-50.1698],[-73.5535,-50.1814],[-73.5546,-50.1933],[-73.56,-50.2169],[-73.5504,-50.2237],[-73.55,-50.2282],[-73.5647,-50.2558],[-73.5654,-50.2707],[-73.5529,-50.2757],[-73.5415,-50.2871],[-73.5343,-50.29],[-73.5187,-50.2885],[-73.5144,-50.2911],[-73.5085,-50.3067],[-73.497,-50.3182],[-73.4863,-50.3189],[-73.4699,-50.3445],[-73.4751,-50.355],[-73.4746,-50.3655],[-73.482,-50.3702],[-73.4867,-50.3808],[-73.4798,-50.3863],[-73.465,-50.3915],[-73.4571,-50.3918],[-73.4565,-50.4005],[-73.4446,-50.4084],[-73.4396,-50.4146],[-73.4391,-50.4219],[-73.4334,-50.4267],[-73.4193,-50.4296],[-73.4215,-50.4433],[-73.4095,-50.446],[-73.4037,-50.4519],[-73.4079,-50.4677],[-73.4225,-50.4778],[-73.4278,-50.485],[-73.3974,-50.4849],[-73.3669,-50.4872],[-73.3631,-50.4895],[-73.3647,-50.5062],[-73.3724,-50.5115],[-73.3864,-50.5164],[-73.3708,-50.5301],[-73.3597,-50.5368],[-73.3531,-50.5473],[-73.3432,-50.5516],[-73.331,-50.562],[-73.3301,-50.5697],[-73.3084,-50.5719],[-73.3,-50.5743],[-73.2887,-50.586],[-73.2813,-50.5984],[-73.2783,-50.6106],[-73.2688,-50.6248],[-73.2669,-50.635],[-73.2729,-50.6437],[-73.2672,-50.6507],[-73.2568,-50.6527],[-73.2448,-50.6631],[-73.2363,-50.6665],[-73.2214,-50.6665],[-73.1982,-50.6734],[-73.182,-50.6731],[-73.1742,-50.6753],[-73.1693,-50.6857],[-73.1844,-50.696],[-73.1859,-50.7004],[-73.1982,-50.7011],[-73.2255,-50.7193],[-73.2381,-50.7217],[-73.2525,-50.7281],[-73.2674,-50.7318],[-73.2849,-50.7386],[-73.2829,-50.7423],[-73.2578,-50.7487],[-73.2628,-50.7622],[-73.2737,-50.7704],[-73.2844,-50.7865],[-73.2818,-50.8006],[-73.2674,-50.8091],[-73.2675,-50.824],[-73.2571,-50.8249],[-73.2228,-50.8174],[-73.2099,-50.822],[-73.2003,-50.8193],[-73.1915,-50.8105],[-73.1657,-50.8033],[-73.157,-50.7942],[-73.1469,-50.7915],[-73.1302,-50.7831],[-73.1228,-50.784],[-73.105,-50.7762],[-73.0935,-50.7735],[-73.0854,-50.7817],[-73.0707,-50.789],[-73.0673,-50.7876],[-73.0564,-50.7729],[-73.042,-50.7613],[-73.0309,-50.7594],[-73.0063,-50.762],[-72.997,-50.7541],[-72.9855,-50.7517],[-72.9819,-50.7447],[-72.9552,-50.7377],[-72.944,-50.7241],[-72.9437,-50.7165],[-72.9386,-50.7063],[-72.9244,-50.705],[-72.9055,-50.6972],[-72.9023,-50.6848],[-72.8914,-50.6702],[-72.8747,-50.6705],[-72.8604,-50.6578],[-72.8461,-50.6513],[-72.8298,-50.6525],[-72.8096,-50.6454],[-72.8039,-50.6391],[-72.7923,-50.6364],[-72.7898,-50.6326],[-72.767,-50.6267],[-72.7553,-50.6305],[-72.7373,-50.6249],[-72.7336,-50.6158],[-72.7283,-50.6148],[-72.7139,-50.6348],[-72.6984,-50.6455],[-72.6809,-50.6425],[-72.676,-50.6525],[-72.6681,-50.6593],[-72.6558,-50.664],[-72.6423,-50.6538],[-72.6276,-50.6564],[-72.6132,-50.6672],[-72.6123,-50.6751],[-72.6023,-50.6757],[-72.596,-50.6814],[-72.585,-50.6815],[-72.5746,-50.6781],[-72.5813,-50.6674],[-72.574,-50.647],[-72.5618,-50.6468],[-72.5474,-50.6251],[-72.5404,-50.6186],[-72.5239,-50.6187],[-72.5186,-50.6153],[-72.5049,-50.6145],[-72.4978,-50.6043],[-72.4904,-50.6003],[-72.4791,-50.6025],[-72.4553,-50.6164],[-72.4248,-50.6167],[-72.4161,-50.6199],[-72.4129,-50.6309],[-72.4057,-50.6365],[-72.3894,-50.6302],[-72.3827,-50.6254],[-72.3595,-50.6171],[-72.349,-50.6199],[-72.3449,-50.6249],[-72.338,-50.6505],[-72.314,-50.6538],[-72.2968,-50.6526],[-72.2858,-50.6603],[-72.2905,-50.6732],[-72.2983,-50.6818],[-72.3011,-50.7068],[-72.3118,-50.7085],[-72.3187,-50.7167],[-72.337,-50.7193],[-72.3471,-50.7302],[-72.3503,-50.7392],[-72.3495,-50.7543],[-72.3451,-50.7602],[-72.329,-50.7635],[-72.3255,-50.7698],[-72.3156,-50.7754],[-72.3014,-50.7869],[-72.2863,-50.8068],[-72.2701,-50.8235],[-72.2694,-50.8315],[-72.2616,-50.8365],[-72.2652,-50.8462],[-72.267,-50.8629],[-72.2484,-50.8776],[-72.2567,-50.8885],[-72.2456,-50.8984],[-72.2477,-50.9101],[-72.2572,-50.9172],[-72.2616,-50.9351],[-72.2631,-50.9522],[-72.2672,-50.9649],[-72.265,-50.9963],[-72.2657,-51.0352],[-72.2759,-51.0344],[-72.279,-51.0297],[-72.3013,-51.0321],[-72.3275,-51.0252],[-72.3561,-51.0289],[-72.3605,-51.0233],[-72.3742,-51.0232],[-72.3762,-51.08],[-72.3926,-51.0846],[-72.4032,-51.092],[-72.4091,-51.1075],[-72.4032,-51.1237],[-72.4024,-51.1337],[-72.3957,-51.1454],[-72.3908,-51.1475],[-72.3789,-51.1595],[-72.3669,-51.1641],[-72.3605,-51.1702],[-72.3606,-51.1805],[-72.3501,-51.1885],[-72.3482,-51.2039],[-72.333,-51.2095],[-72.3141,-51.2095],[-72.3036,-51.2017],[-72.2876,-51.2246],[-72.2743,-51.2349],[-72.2587,-51.2442],[-72.2598,-51.2549],[-72.2652,-51.2609],[-72.2667,-51.2709],[-72.2633,-51.2746],[-72.2737,-51.286],[-72.2942,-51.2878],[-72.3064,-51.2929],[-72.3076,-51.307],[-72.3219,-51.3094],[-72.3292,-51.3137],[-72.3574,-51.3179],[-72.369,-51.3421],[-72.3513,-51.3436],[-72.3488,-51.3498],[-72.3261,-51.3457],[-72.3179,-51.353],[-72.3083,-51.3779],[-72.3133,-51.396],[-72.3098,-51.4015],[-72.3183,-51.4046],[-72.3285,-51.4128],[-72.3383,-51.4248],[-72.3409,-51.4496],[-72.333,-51.4633],[-72.3272,-51.4659],[-72.3243,-51.4758],[-72.3453,-51.4772],[-72.3509,-51.4845],[-72.3535,-51.4971],[-72.3445,-51.5203],[-72.3623,-51.5252],[-72.3752,-51.5225],[-72.3908,-51.5149],[-72.4052,-51.5134],[-72.4064,-51.5195],[-72.3926,-51.5245],[-72.4081,-51.5338],[-72.4191,-51.545],[-72.4251,-51.5461],[-72.431,-51.5545],[-72.4414,-51.5853],[-72.4007,-51.588],[-72.3844,-51.5942],[-72.382,-51.5858],[-72.3715,-51.5892],[-72.3605,-51.5863],[-72.3383,-51.5841],[-72.327,-51.5873],[-72.3232,-51.593],[-72.3169,-51.6272],[-72.3045,-51.632],[-72.2949,-51.6304],[-72.2869,-51.633],[-72.2836,-51.6389],[-72.2965,-51.646],[-72.2879,-51.6525],[-72.2925,-51.6612],[-72.2877,-51.6696],[-72.2912,-51.6781],[-72.3008,-51.687],[-72.2988,-51.6977],[-72.2786,-51.7048],[-72.2679,-51.7052],[-72.2467,-51.7],[-72.2385,-51.7055],[-72.2311,-51.7025],[-72.2201,-51.7084],[-72.1999,-51.713],[-72.1889,-51.7217],[-72.1675,-51.7223],[-72.1614,-51.7254],[-72.1675,-51.731],[-72.1842,-51.7358],[-72.1717,-51.7406],[-72.1589,-51.7417],[-72.1511,-51.7462],[-72.13,-51.7433],[-72.1178,-51.7556],[-72.1104,-51.7692],[-72.0941,-51.7723],[-72.0755,-51.7737],[-72.0785,-51.7824],[-72.064,-51.7848],[-72.0465,-51.7976],[-72.0262,-51.8084],[-72.0107,-51.8202],[-71.976,-51.8567],[-71.9653,-51.8662],[-71.9565,-51.8678],[-71.9418,-51.8848],[-71.9433,-51.8938],[-71.9389,-51.9087],[-71.9296,-51.9135],[-71.9321,-51.9199],[-71.9453,-51.9148],[-71.9494,-51.9212],[-71.9602,-51.9262],[-71.9693,-51.9267],[-71.9889,-51.9415],[-72.0267,-51.9558],[-72.0343,-51.9605],[-72.0291,-51.9677],[-72.0178,-51.9705],[-72.0043,-51.9795],[-71.9938,-51.9795],[-71.9739,-51.9722],[-71.9639,-51.9733],[-71.9552,-51.9806],[-71.9562,-51.9852],[-71.9489,-51.9902],[-71.9291,-51.992],[-71.9225,-51.9999],[-71.6746,-51.9997],[-71.6008,-52],[-71.497,-51.9997],[-71.2992,-51.9995],[-71.1204,-51.9996],[-70.9307,-51.9996],[-70.7786,-51.9998],[-70.6683,-51.9993],[-70.6143,-51.9999],[-70.4926,-52.0004],[-70.4605,-52],[-70.3298,-52.0002],[-70.2939,-52.0006],[-70.1843,-52.0002],[-69.9955,-52.0007],[-69.8851,-52.0332],[-69.8247,-52.0517],[-69.7903,-52.0615],[-69.6827,-52.0935],[-69.486,-52.1514],[-69.3251,-52.1505],[-69.19,-52.1501],[-69.0786,-52.1851],[-68.997,-52.2011],[-68.9869,-52.2036],[-68.9305,-52.2312],[-68.838,-52.2777],[-68.7494,-52.2828],[-68.7097,-52.2855],[-68.586,-52.3067],[-68.5735,-52.3252],[-68.5135,-52.3295],[-68.4186,-52.3325],[-68.4184,-52.3864],[-68.406,-52.3806],[-68.3952,-52.3668],[-68.38,-52.3524],[-68.3547,-52.3364],[-68.3525,-52.3226],[-68.417,-52.2579],[-68.433,-52.2431],[-68.4975,-52.1863],[-68.5113,-52.1725],[-68.5476,-52.1424],[-68.5818,-52.1102],[-68.6293,-52.0622],[-68.6446,-52.0449],[-68.6696,-52.0213],[-68.7086,-51.9811],[-68.7336,-51.9504],[-68.7622,-51.9127],[-68.7828,-51.8783],[-68.8141,-51.8334],[-68.8229,-51.8186],[-68.8521,-51.7759],[-68.8715,-51.7509],[-68.8919,-51.7277],[-68.8976,-51.7194],[-68.9211,-51.6915],[-68.9331,-51.6725],[-68.9415,-51.6508],[-68.9484,-51.6425],[-68.9553,-51.6291],[-68.9752,-51.6159],[-68.988,-51.6114],[-69.0138,-51.6071],[-69.0252,-51.6129],[-69.0495,-51.6191],[-69.0645,-51.6256],[-69.0803,-51.635],[-69.1123,-51.6468],[-69.1183,-51.6411],[-69.1034,-51.6343],[-69.118,-51.6299],[-69.1367,-51.6336],[-69.1744,-51.6219],[-69.205,-51.615],[-69.2497,-51.6004],[-69.2686,-51.5998],[-69.3001,-51.5938],[-69.3218,-51.5871],[-69.346,-51.5859],[-69.3908,-51.5921],[-69.4542,-51.6068],[-69.4672,-51.6036],[-69.4908,-51.6013],[-69.5167,-51.6051],[-69.5236,-51.6083],[-69.5285,-51.6162],[-69.551,-51.616],[-69.5617,-51.6183],[-69.581,-51.6156],[-69.5638,-51.6097],[-69.5537,-51.6087],[-69.5469,-51.603],[-69.5328,-51.5987],[-69.5241,-51.599],[-69.5177,-51.593],[-69.5036,-51.5896],[-69.4948,-51.5851],[-69.4847,-51.5846],[-69.4581,-51.5768],[-69.4481,-51.5765],[-69.4378,-51.5713],[-69.424,-51.5709],[-69.3905,-51.5577],[-69.3741,-51.5567],[-69.3441,-51.5516],[-69.3187,-51.5529],[-69.3067,-51.5573],[-69.2892,-51.5588],[-69.2524,-51.5708],[-69.2416,-51.579],[-69.2224,-51.5827],[-69.1812,-51.5947],[-69.1546,-51.6014],[-69.1261,-51.6026],[-69.1018,-51.5963],[-69.0899,-51.591],[-69.076,-51.5774],[-69.06,-51.5672],[-69.0373,-51.5607],[-69.0127,-51.5584],[-68.995,-51.5628],[-68.9837,-51.5749],[-68.9814,-51.5819],[-68.9691,-51.5792],[-68.9585,-51.572],[-68.9461,-51.5505],[-68.9624,-51.5088],[-68.9936,-51.456],[-69.0023,-51.4322],[-69.0251,-51.3741],[-69.0324,-51.3484],[-69.047,-51.3163],[-69.0526,-51.2981],[-69.0707,-51.2502],[-69.0791,-51.2234],[-69.0887,-51.2025],[-69.0951,-51.1937],[-69.1073,-51.1701],[-69.1185,-51.1403],[-69.1237,-51.1196],[-69.1384,-51.0731],[-69.1402,-51.057],[-69.1469,-51.0415],[-69.1539,-51.0115],[-69.1558,-50.997],[-69.165,-50.9819],[-69.1738,-50.9761],[-69.2026,-50.9746],[-69.2079,-50.9848],[-69.2452,-50.9999],[-69.2649,-51.0102],[-69.2839,-51.0155],[-69.2976,-51.0222],[-69.3117,-51.0355],[-69.3313,-51.045],[-69.3409,-51.0523],[-69.3745,-51.0707],[-69.3827,-51.0827],[-69.3935,-51.0865],[-69.4055,-51.0977],[-69.4228,-51.1045],[-69.4345,-51.1072],[-69.433,-51.1122],[-69.4552,-51.1086],[-69.4569,-51.1028],[-69.4413,-51.0898],[-69.4204,-51.0827],[-69.4046,-51.0844],[-69.3961,-51.0797],[-69.3882,-51.063],[-69.3745,-51.052],[-69.3716,-51.045],[-69.3803,-51.0431],[-69.3824,-51.0368],[-69.3614,-51.0251],[-69.3492,-51.0128],[-69.3366,-51.0064],[-69.3212,-50.9884],[-69.3051,-50.9815],[-69.2922,-50.9782],[-69.2822,-50.9721],[-69.2613,-50.9637],[-69.2514,-50.9632],[-69.2401,-50.9578],[-69.2315,-50.9588],[-69.226,-50.9681],[-69.2183,-50.9505],[-69.2128,-50.9439],[-69.1836,-50.9257],[-69.165,-50.9093],[-69.1538,-50.9114],[-69.1429,-50.9087],[-69.132,-50.8996],[-69.1286,-50.8784],[-69.1286,-50.8455],[-69.1303,-50.8321],[-69.1311,-50.8],[-69.1381,-50.7693],[-69.1408,-50.7465],[-69.1411,-50.7278],[-69.1389,-50.719],[-69.1277,-50.6966],[-69.1255,-50.6788],[-69.1209,-50.6689],[-69.1086,-50.655],[-69.0926,-50.6229],[-69.0863,-50.6019],[-69.0812,-50.5898],[-69.0777,-50.5628],[-69.0737,-50.5564],[-69.0481,-50.5265],[-69.0387,-50.5095],[-69.0348,-50.4957],[-69.0077,-50.4711],[-68.9969,-50.456],[-68.9849,-50.435],[-68.971,-50.4199],[-68.9506,-50.4008],[-68.9249,-50.3825],[-68.9265,-50.3806],[-68.9066,-50.3635],[-68.8954,-50.3617],[-68.8808,-50.3548],[-68.8784,-50.3425],[-68.88,-50.3356],[-68.8674,-50.3267],[-68.8504,-50.3197],[-68.8187,-50.3125],[-68.8017,-50.3049],[-68.7937,-50.2978],[-68.7733,-50.2881],[-68.7541,-50.2865],[-68.7387,-50.2897],[-68.7194,-50.2834],[-68.7154,-50.2783],[-68.7057,-50.2757],[-68.6907,-50.2759],[-68.6897,-50.2716],[-68.6716,-50.2696],[-68.6682,-50.2609],[-68.637,-50.2511],[-68.6339,-50.2488],[-68.5938,-50.2383],[-68.5742,-50.2322],[-68.5312,-50.2215],[-68.5139,-50.2139],[-68.4634,-50.2022],[-68.4589,-50.1996],[-68.4072,-50.1862],[-68.3884,-50.1778],[-68.3847,-50.1744],[-68.3645,-50.1651],[-68.3594,-50.1609],[-68.3547,-50.1503],[-68.3557,-50.1406],[-68.3608,-50.1354],[-68.3879,-50.1295],[-68.4015,-50.1292],[-68.4115,-50.1155],[-68.4264,-50.1146],[-68.4517,-50.1107],[-68.4619,-50.1063],[-68.4844,-50.0927],[-68.5006,-50.0782],[-68.5,-50.0661],[-68.5036,-50.0599],[-68.5131,-50.0531],[-68.513,-50.037],[-68.5108,-50.0182],[-68.5288,-50.006],[-68.5417,-50.0002],[-68.5502,-49.9923],[-68.5669,-49.9729],[-68.5807,-49.9644],[-68.594,-49.9667],[-68.6093,-49.9756],[-68.6469,-49.9897],[-68.6729,-49.9933],[-68.7107,-49.9859],[-68.7331,-49.9834],[-68.7423,-49.98],[-68.7674,-49.9773],[-68.7959,-49.9772],[-68.8156,-49.9792],[-68.8232,-49.9781],[-68.8487,-49.9692],[-68.8804,-49.9714],[-68.8959,-49.9768],[-68.9005,-49.9806],[-68.9045,-49.995],[-68.9163,-49.9999],[-68.9328,-50],[-68.9088,-49.9898],[-68.9051,-49.9785],[-68.8961,-49.9715],[-68.8665,-49.9645],[-68.8532,-49.964],[-68.8189,-49.9688],[-68.8084,-49.9687],[-68.7928,-49.9654],[-68.7629,-49.9665],[-68.7354,-49.9634],[-68.7209,-49.9634],[-68.7043,-49.967],[-68.6788,-49.9667],[-68.6591,-49.9649],[-68.6401,-49.9596],[-68.6152,-49.9452],[-68.5986,-49.9378],[-68.5714,-49.9368],[-68.5776,-49.9258],[-68.5804,-49.9077],[-68.5846,-49.9038],[-68.5829,-49.8955],[-68.5878,-49.8911],[-68.5893,-49.8812],[-68.608,-49.8567],[-68.6106,-49.8419],[-68.6212,-49.8324],[-68.627,-49.8187],[-68.6208,-49.8122],[-68.6315,-49.7979],[-68.6199,-49.7989],[-68.6128,-49.8088],[-68.6072,-49.8256],[-68.594,-49.8346],[-68.5738,-49.8556],[-68.5685,-49.8584],[-68.5583,-49.8722],[-68.5565,-49.8834],[-68.5416,-49.9005],[-68.5448,-49.9069],[-68.5428,-49.9156],[-68.532,-49.9265],[-68.5292,-49.9358],[-68.5107,-49.9379],[-68.4992,-49.9458],[-68.4894,-49.9618],[-68.477,-49.9674],[-68.4557,-49.9923],[-68.4452,-50.012],[-68.4405,-50.0273],[-68.4226,-50.0465],[-68.4164,-50.059],[-68.403,-50.0678],[-68.3999,-50.0724],[-68.3694,-50.0873],[-68.3634,-50.0929],[-68.3531,-50.1175],[-68.3358,-50.1227],[-68.3266,-50.123],[-68.2762,-50.1195],[-68.2387,-50.1203],[-68.2066,-50.1171],[-68.1681,-50.1104],[-68.1415,-50.1038],[-68.0973,-50.0875],[-68.0461,-50.0708],[-68.0039,-50.0516],[-67.9868,-50.0428],[-67.9582,-50.0244],[-67.917,-50.0053],[-67.8883,-49.9873],[-67.8576,-49.9651],[-67.8364,-49.9446],[-67.8295,-49.9328],[-67.8185,-49.9221],[-67.7924,-49.8873],[-67.7859,-49.8709],[-67.7707,-49.8451],[-67.7588,-49.827],[-67.7519,-49.8196],[-67.7462,-49.8063],[-67.7337,-49.7855],[-67.7245,-49.7569],[-67.7207,-49.7361],[-67.7219,-49.7281],[-67.7187,-49.7087],[-67.7154,-49.6994],[-67.7157,-49.6857],[-67.7213,-49.6716],[-67.7172,-49.6564],[-67.7196,-49.6335],[-67.7114,-49.6245],[-67.7056,-49.5996],[-67.7064,-49.5896],[-67.7033,-49.5604],[-67.6973,-49.5287],[-67.6892,-49.5073],[-67.6882,-49.4852],[-67.6829,-49.4611],[-67.6732,-49.432],[-67.6691,-49.4228],[-67.6666,-49.4048],[-67.6603,-49.3926],[-67.6515,-49.3829],[-67.6452,-49.3718],[-67.6311,-49.3547],[-67.6216,-49.3266],[-67.6064,-49.3029],[-67.6036,-49.2957],[-67.6045,-49.2751],[-67.6092,-49.2705],[-67.6128,-49.2503],[-67.6361,-49.2524],[-67.646,-49.2577],[-67.6681,-49.2552],[-67.665,-49.2657],[-67.6719,-49.2698],[-67.6733,-49.2775],[-67.6727,-49.2985],[-67.6821,-49.3065],[-67.6991,-49.3089],[-67.6922,-49.3195],[-67.6831,-49.3418],[-67.6854,-49.3536],[-67.6911,-49.3577],[-67.693,-49.3689],[-67.7015,-49.378],[-67.7138,-49.3859],[-67.7286,-49.3903],[-67.7542,-49.3904],[-67.7631,-49.3877],[-67.7696,-49.3946],[-67.7926,-49.3948],[-67.8108,-49.3999],[-67.8186,-49.4055],[-67.8301,-49.4012],[-67.8332,-49.3901],[-67.8192,-49.3842],[-67.8194,-49.3766],[-67.7989,-49.3824],[-67.7815,-49.3802],[-67.795,-49.3632],[-67.7931,-49.355],[-67.8012,-49.3496],[-67.8047,-49.3428],[-67.7987,-49.3313],[-67.793,-49.3282],[-67.7829,-49.3305],[-67.7819,-49.3204],[-67.7608,-49.3139],[-67.7452,-49.3161],[-67.7333,-49.312],[-67.7157,-49.3178],[-67.7143,-49.3123],[-67.7201,-49.3014],[-67.7336,-49.2936],[-67.7422,-49.2765],[-67.7259,-49.2702],[-67.7053,-49.2694],[-67.6889,-49.2618],[-67.6789,-49.2488],[-67.6676,-49.2459],[-67.6672,-49.2399],[-67.6747,-49.2226],[-67.6678,-49.2165],[-67.6646,-49.2035],[-67.6432,-49.1961],[-67.636,-49.1969],[-67.6151,-49.1864],[-67.6101,-49.1773],[-67.6176,-49.1645],[-67.6141,-49.1606],[-67.6318,-49.1572],[-67.6365,-49.1506],[-67.6342,-49.1346],[-67.6199,-49.1156],[-67.6014,-49.1068],[-67.6002,-49.0966],[-67.5927,-49.0899],[-67.5828,-49.0664],[-67.5817,-49.0568],[-67.5732,-49.0387],[-67.547,-49.0106],[-67.5319,-49.0019],[-67.4975,-48.9732],[-67.4926,-48.9624],[-67.4677,-48.9446],[-67.4131,-48.9127],[-67.3673,-48.8899],[-67.3337,-48.875],[-67.2924,-48.8615],[-67.2678,-48.8562],[-67.2437,-48.8525],[-67.2425,-48.8495],[-67.2199,-48.838],[-67.2104,-48.8246],[-67.1933,-48.8136],[-67.1969,-48.8016],[-67.1908,-48.7935],[-67.1942,-48.7855],[-67.1851,-48.7713],[-67.1697,-48.7596],[-67.1522,-48.749],[-67.1482,-48.7275],[-67.1398,-48.7116],[-67.141,-48.6979],[-67.1297,-48.6851],[-67.1129,-48.6763],[-67.0816,-48.6643],[-67.06,-48.6503],[-67.0387,-48.6451],[-67.0234,-48.6371],[-67.0231,-48.6319],[-67.014,-48.6235],[-66.9906,-48.6134],[-66.9628,-48.6067],[-66.9438,-48.605],[-66.9208,-48.6062],[-66.8984,-48.6016],[-66.8738,-48.5923],[-66.8693,-48.586],[-66.8734,-48.5744],[-66.8657,-48.5674],[-66.8544,-48.5528],[-66.8388,-48.5447],[-66.8422,-48.5354],[-66.8311,-48.523],[-66.8231,-48.5178],[-66.7947,-48.5042],[-66.7716,-48.4984],[-66.77,-48.4926],[-66.7562,-48.482],[-66.754,-48.4736],[-66.7383,-48.4659],[-66.718,-48.4588],[-66.6977,-48.454],[-66.6831,-48.4527],[-66.6818,-48.4459],[-66.6613,-48.4354],[-66.6397,-48.4305],[-66.6131,-48.4266],[-66.5685,-48.4227],[-66.5417,-48.4237],[-66.531,-48.4165],[-66.5161,-48.4159],[-66.4944,-48.4175],[-66.4879,-48.4076],[-66.4686,-48.4013],[-66.4755,-48.3959],[-66.4672,-48.3867],[-66.4674,-48.3817],[-66.4766,-48.3758],[-66.4776,-48.3711],[-66.4697,-48.3615],[-66.4573,-48.3552],[-66.4373,-48.3502],[-66.4237,-48.349],[-66.3947,-48.3496],[-66.375,-48.352],[-66.3617,-48.3569],[-66.3403,-48.3569],[-66.3375,-48.3488],[-66.3449,-48.3467],[-66.3546,-48.334],[-66.3596,-48.3231],[-66.3602,-48.3147],[-66.3553,-48.303],[-66.3433,-48.294],[-66.3392,-48.2791],[-66.3273,-48.2694],[-66.3122,-48.2639],[-66.294,-48.2509],[-66.2852,-48.2497],[-66.2768,-48.2418],[-66.2629,-48.2381],[-66.2572,-48.2218],[-66.2453,-48.2157],[-66.2338,-48.2043],[-66.2248,-48.2001],[-66.2057,-48.2011],[-66.2001,-48.1957],[-66.1777,-48.1933],[-66.1713,-48.195],[-66.1559,-48.1863],[-66.1645,-48.1744],[-66.1415,-48.1605],[-66.1369,-48.1458],[-66.1377,-48.1384],[-66.1293,-48.1331],[-66.118,-48.122],[-66.0774,-48.1097],[-66.0609,-48.1145],[-66.0523,-48.1067],[-66.0372,-48.1045],[-66.0263,-48.1087],[-66.0165,-48.1092],[-66.0047,-48.1034],[-65.9934,-48.1067],[-65.9813,-48.1003],[-65.9542,-48.1023],[-65.9436,-48.1137],[-65.9294,-48.1153],[-65.9168,-48.1102],[-65.9152,-48.1034],[-65.905,-48.0948],[-65.9042,-48.0805],[-65.9132,-48.081],[-65.9403,-48.075],[-65.9555,-48.0658],[-65.9679,-48.0497],[-65.9748,-48.0468],[-65.9589,-48.0401],[-65.9469,-48.0281],[-65.9486,-48.0224],[-65.9568,-48.0193],[-65.9532,-48.0145],[-65.9343,-48.0164],[-65.9335,-48.0119],[-65.9427,-48.0085],[-65.9418,-48.0024],[-65.9272,-47.9914],[-65.9374,-47.9885],[-65.9511,-47.9785],[-65.9495,-47.9687],[-65.9367,-47.9491],[-65.9242,-47.9397],[-65.9103,-47.9334],[-65.8972,-47.9316],[-65.8789,-47.9341],[-65.8684,-47.941],[-65.8588,-47.9375],[-65.8388,-47.9422],[-65.8374,-47.9462],[-65.8425,-47.9602],[-65.8327,-47.9593],[-65.831,-47.9654],[-65.8148,-47.9574],[-65.8041,-47.9571],[-65.7986,-47.9517],[-65.7915,-47.9529],[-65.7651,-47.9501],[-65.7693,-47.9434],[-65.7844,-47.9461],[-65.7888,-47.9427],[-65.7906,-47.9317],[-65.7851,-47.9233],[-65.7618,-47.9168],[-65.7697,-47.9135],[-65.7744,-47.9076],[-65.7838,-47.9083],[-65.792,-47.9027],[-65.8232,-47.9037],[-65.8348,-47.8936],[-65.8445,-47.8935],[-65.861,-47.8666],[-65.8645,-47.8496],[-65.8634,-47.8402],[-65.8677,-47.8227],[-65.8757,-47.8096],[-65.874,-47.8025],[-65.8795,-47.7988],[-65.8839,-47.7887],[-65.8864,-47.7704],[-65.9078,-47.762],[-65.9403,-47.7669],[-65.9518,-47.759],[-65.9634,-47.7632],[-65.9781,-47.7627],[-65.9818,-47.7662],[-66.006,-47.7751],[-66.0317,-47.7812],[-66.0362,-47.7864],[-66.0524,-47.7922],[-66.0532,-47.795],[-66.0827,-47.811],[-66.092,-47.8137],[-66.1156,-47.8145],[-66.1279,-47.8189],[-66.1378,-47.8161],[-66.1477,-47.8209],[-66.1559,-47.8213],[-66.1949,-47.8316],[-66.2027,-47.8374],[-66.2324,-47.8468],[-66.2424,-47.8521],[-66.2546,-47.8528],[-66.2254,-47.8382],[-66.195,-47.82],[-66.1792,-47.8178],[-66.1718,-47.8131],[-66.1504,-47.807],[-66.139,-47.8091],[-66.1234,-47.808],[-66.1053,-47.799],[-66.084,-47.7847],[-66.0831,-47.7815],[-66.0703,-47.7775],[-66.0519,-47.7557],[-66.0344,-47.7441],[-66.0147,-47.7412],[-66.0014,-47.7453],[-65.9827,-47.7418],[-65.961,-47.7468],[-65.958,-47.7445],[-65.9333,-47.7506],[-65.9181,-47.7512],[-65.8975,-47.7576],[-65.8787,-47.7533],[-65.8524,-47.7499],[-65.8424,-47.7443],[-65.8456,-47.7365],[-65.832,-47.7134],[-65.8219,-47.6914],[-65.8122,-47.6735],[-65.8034,-47.6616],[-65.7948,-47.6446],[-65.7798,-47.6019],[-65.7677,-47.5838],[-65.7587,-47.5624],[-65.7512,-47.5316],[-65.7463,-47.5199],[-65.7404,-47.512],[-65.7389,-47.5046],[-65.7384,-47.4771],[-65.7315,-47.4533],[-65.7256,-47.4126],[-65.7262,-47.3835],[-65.7211,-47.3644],[-65.7185,-47.3457],[-65.7184,-47.3283],[-65.7232,-47.3173],[-65.7329,-47.2838],[-65.7431,-47.2642],[-65.7459,-47.2476],[-65.7566,-47.2299],[-65.7563,-47.2164],[-65.7443,-47.2015],[-65.7566,-47.1958],[-65.7852,-47.1782],[-65.7987,-47.1685],[-65.8093,-47.1574],[-65.8316,-47.1467],[-65.8471,-47.1334],[-65.8525,-47.1153],[-65.8467,-47.1091],[-65.855,-47.106],[-65.8648,-47.1063],[-65.8709,-47.0915],[-65.8791,-47.0955],[-65.8926,-47.0974],[-65.9033,-47.0954],[-65.9349,-47.084],[-65.9371,-47.0754],[-65.9522,-47.0776],[-65.9736,-47.0733],[-65.9856,-47.0747],[-65.9969,-47.0716],[-66.0126,-47.0736],[-66.0401,-47.0714],[-66.0691,-47.074],[-66.0798,-47.0769],[-66.0974,-47.0844],[-66.1058,-47.0856],[-66.1227,-47.0827],[-66.1437,-47.0837],[-66.161,-47.0817],[-66.1823,-47.0872],[-66.1977,-47.0874],[-66.2157,-47.0849],[-66.2443,-47.0787],[-66.2632,-47.0783],[-66.2959,-47.071],[-66.3093,-47.0734],[-66.3352,-47.0695],[-66.3447,-47.0697],[-66.3824,-47.0635],[-66.4052,-47.0573],[-66.4198,-47.0552],[-66.4558,-47.0454],[-66.4602,-47.0471],[-66.5019,-47.0379],[-66.5184,-47.038],[-66.5209,-47.0406],[-66.535,-47.0395],[-66.5443,-47.0462],[-66.5667,-47.0457],[-66.5842,-47.043],[-66.5947,-47.0381],[-66.6057,-47.0387],[-66.6158,-47.0451],[-66.6305,-47.0458],[-66.6501,-47.0388],[-66.6569,-47.0313],[-66.6749,-47.0301],[-66.6865,-47.0339],[-66.708,-47.0336],[-66.7313,-47.0264],[-66.7575,-47.0168],[-66.791,-46.9998],[-66.8072,-46.9837],[-66.8422,-46.9601],[-66.8573,-46.9454],[-66.8548,-46.9379],[-66.8589,-46.9328],[-66.872,-46.9337],[-66.8781,-46.9312],[-66.889,-46.9178],[-66.8992,-46.9122],[-66.9133,-46.8941],[-66.9224,-46.887],[-66.925,-46.8799],[-66.9389,-46.8701],[-66.9382,-46.8603],[-66.9461,-46.8577],[-66.9507,-46.8504],[-66.9634,-46.8472],[-66.9735,-46.8491],[-66.9864,-46.8391],[-66.9853,-46.8287],[-67.001,-46.8251],[-67.0027,-46.8173],[-67.0103,-46.8181],[-67.0266,-46.8152],[-67.0483,-46.7964],[-67.0538,-46.788],[-67.0723,-46.7767],[-67.0819,-46.7683],[-67.0816,-46.7504],[-67.0966,-46.751],[-67.0985,-46.745],[-67.0964,-46.7344],[-67.1167,-46.7321],[-67.1252,-46.7232],[-67.1173,-46.714],[-67.1216,-46.7074],[-67.1488,-46.7022],[-67.1537,-46.6949],[-67.1505,-46.6914],[-67.1635,-46.6871],[-67.1872,-46.6833],[-67.2003,-46.6739],[-67.2147,-46.6712],[-67.2202,-46.6771],[-67.2325,-46.673],[-67.2379,-46.6679],[-67.2501,-46.6489],[-67.2623,-46.6434],[-67.2766,-46.6419],[-67.286,-46.6372],[-67.3289,-46.629],[-67.356,-46.6184],[-67.3675,-46.6104],[-67.3799,-46.6048],[-67.3944,-46.594],[-67.4046,-46.5788],[-67.4178,-46.5705],[-67.4292,-46.5607],[-67.4436,-46.544],[-67.4551,-46.524],[-67.4611,-46.5177],[-67.4664,-46.5052],[-67.4835,-46.4859],[-67.4868,-46.4775],[-67.4944,-46.4712],[-67.4931,-46.4634],[-67.508,-46.4429],[-67.5142,-46.4374],[-67.5155,-46.4303],[-67.5274,-46.4148],[-67.5392,-46.3965],[-67.5535,-46.371],[-67.5676,-46.3486],[-67.5771,-46.3295],[-67.596,-46.2853],[-67.6106,-46.242],[-67.6203,-46.2048],[-67.6277,-46.1581],[-67.6286,-46.125],[-67.6261,-46.0999],[-67.6272,-46.0833],[-67.6247,-46.0725],[-67.6183,-46.0689],[-67.6229,-46.0622],[-67.6243,-46.0493],[-67.6187,-46.0462],[-67.6053,-46.0447],[-67.6014,-46.0346],[-67.5923,-46.0232],[-67.5957,-45.9999],[-68.3631,-45.9999],[-69.6481,-45.9999],[-69.6562,-45.9999],[-71.6303,-46],[-71.646,-45.9999]]],[[[-65.9902,-47.7617],[-66.0142,-47.7631],[-66.0167,-47.7667],[-66.0376,-47.7672],[-66.0523,-47.7777],[-66.053,-47.7857],[-66.0464,-47.7882],[-66.0277,-47.778],[-66.0221,-47.7723],[-66.0083,-47.7738],[-65.9919,-47.7649],[-65.9902,-47.7617]]],[[[-69.4158,-51.0896],[-69.4201,-51.0873],[-69.4398,-51.0945],[-69.4548,-51.1032],[-69.4426,-51.108],[-69.4295,-51.1048],[-69.4231,-51.0971],[-69.4149,-51.0987],[-69.4088,-51.0925],[-69.4158,-51.0896]]],[[[-67.691,-49.2692],[-67.7158,-49.2717],[-67.7225,-49.2709],[-67.7338,-49.2758],[-67.7245,-49.2823],[-67.7038,-49.2845],[-67.691,-49.2692]]],[[[-67.6903,-49.2954],[-67.6815,-49.2886],[-67.6914,-49.2827],[-67.6968,-49.289],[-67.706,-49.2938],[-67.701,-49.2989],[-67.6903,-49.2954]]]]},"properties":{"nombre":"Santa Cruz","slug":"santa-cruz"}}
]}