{"type":"FeatureCollection", "features": [
{"type":"Feature","geometry":{"type":"MultiPolygon","coordinates":[[[[-64.57,-34.9907],[-64.5703,-34.9853],[-64.5786,-34.9852],[-64.5804,-34.9909],[-64.57,-34.9907]]],[[[-64.6026,-34.9706],[-64.617,-34.9708],[-64.6167,-34.9765],[-64.6019,-34.9771],[-64.6026,-34.9706]]],[[[-64.6995,-34.9116],[-64.7106,-34.9116],[-64.711,-34.9196],[-64.6993,-34.9196],[-64.6995,-34.9116]]],[[[-64.4025,-34.9069],[-64.4086,-34.9065],[-64.407,-34.9133],[-64.4018,-34.9151],[-64.4025,-34.9069]]],[[[-64.6653,-34.9052],[-64.6648,-34.9028],[-64.6728,-34.9027],[-64.6728,-34.9053],[-64.6653,-34.9052]]],[[[-64.3452,-34.9083],[-64.3452,-34.9043],[-64.3543,-34.9053],[-64.3544,-34.9092],[-64.3483,-34.91],[-64.3452,-34.9083]]],[[[-64.367,-34.9127],[-64.3608,-34.906],[-64.3634,-34.9009],[-64.3775,-34.9158],[-64.371,-34.9166],[-64.367,-34.9127]]],[[[-64.3663,-34.8973],[-64.3781,-34.8986],[-64.3768,-34.9011],[-64.3663,-34.8973]]],[[[-64.7568,-34.9025],[-64.7577,-34.9099],[-64.7389,-34.9099],[-64.7357,-34.8971],[-64.7316,-34.8943],[-64.7281,-34.8942],[-64.7283,-34.8871],[-64.7363,-34.8868],[-64.7365,-34.889],[-64.7472,-34.8901],[-64.7562,-34.8898],[-64.7568,-34.9025]],[[-64.7568,-34.9025],[-64.7471,-34.9016],[-64.7465,-34.9041],[-64.7561,-34.9039],[-64.7568,-34.9025]]],[[[-64.444,-34.8914],[-64.4443,-34.8864],[-64.4538,-34.8863],[-64.4466,-34.8932],[-64.444,-34.8914]]],[[[-64.3736,-34.8919],[-64.3757,-34.8868],[-64.3787,-34.8864],[-64.3784,-34.8932],[-64.3736,-34.8919]]],[[[-64.7187,-34.8862],[-64.7186,-34.8819],[-64.7228,-34.8818],[-64.7229,-34.8866],[-64.7187,-34.8862]]],[[[-64.3346,-34.893],[-64.3349,-34.888],[-64.3401,-34.8858],[-64.3428,-34.8943],[-64.3372,-34.8948],[-64.3346,-34.893]]],[[[-64.3449,-34.89],[-64.3457,-34.8836],[-64.3487,-34.8836],[-64.3493,-34.89],[-64.3449,-34.89]]],[[[-64.7148,-34.8805],[-64.716,-34.8773],[-64.721,-34.8774],[-64.7223,-34.8804],[-64.7148,-34.8805]]],[[[-64.7366,-34.8737],[-64.7439,-34.8734],[-64.7443,-34.8789],[-64.7363,-34.8792],[-64.7366,-34.8737]]],[[[-64.975,-34.8675],[-64.9866,-34.8674],[-64.9884,-34.8717],[-64.9822,-34.8762],[-64.975,-34.8768],[-64.975,-34.8675]]],[[[-64.7229,-34.8665],[-64.7287,-34.8666],[-64.7309,-34.8722],[-64.7228,-34.8735],[-64.7229,-34.8665]]],[[[-64.8148,-34.8679],[-64.8237,-34.8645],[-64.8248,-34.8662],[-64.818,-34.8721],[-64.8144,-34.8724],[-64.8148,-34.8679]]],[[[-64.7785,-34.8762],[-64.7777,-34.875],[-64.7553,-34.8753],[-64.7562,-34.8698],[-64.7639,-34.8693],[-64.7636,-34.8629],[-64.7751,-34.8633],[-64.7759,-34.8707],[-64.7824,-34.8713],[-64.7819,-34.8761],[-64.7785,-34.8762]]],[[[-64.7859,-34.8762],[-64.7856,-34.8649],[-64.7931,-34.8615],[-64.81,-34.8611],[-64.8106,-34.8766],[-64.7859,-34.8762]]],[[[-64.828,-34.8625],[-64.8284,-34.8604],[-64.8357,-34.8595],[-64.8367,-34.866],[-64.8348,-34.8664],[-64.828,-34.8625]]],[[[-64.6986,-34.8649],[-64.6966,-34.8591],[-64.7016,-34.8588],[-64.7013,-34.8649],[-64.6986,-34.8649]]],[[[-64.7071,-34.8603],[-64.7064,-34.8579],[-64.7162,-34.8579],[-64.7161,-34.8604],[-64.7071,-34.8603]]],[[[-64.9853,-34.8595],[-64.9866,-34.8538],[-64.9941,-34.8533],[-64.9916,-34.8659],[-64.9815,-34.865],[-64.9777,-34.8627],[-64.977,-34.8592],[-64.9853,-34.8595]]],[[[-64.7473,-34.8534],[-64.7521,-34.8528],[-64.7526,-34.8572],[-64.747,-34.8584],[-64.7473,-34.8534]]],[[[-64.7551,-34.8582],[-64.7552,-34.8526],[-64.7625,-34.8523],[-64.7622,-34.8581],[-64.7551,-34.8582]]],[[[-64.6966,-34.8523],[-64.7017,-34.8523],[-64.7011,-34.8566],[-64.6942,-34.857],[-64.6966,-34.8523]]],[[[-65.0049,-34.8459],[-65.0147,-34.8464],[-65.0147,-34.844],[-65.022,-34.8437],[-65.0163,-34.853],[-65.0131,-34.8496],[-65.0073,-34.8486],[-65.0049,-34.8459]]],[[[-64.714,-34.8433],[-64.7203,-34.8432],[-64.7207,-34.8506],[-64.714,-34.8509],[-64.714,-34.8433]]],[[[-64.4043,-34.8565],[-64.4033,-34.8472],[-64.415,-34.847],[-64.416,-34.857],[-64.4043,-34.8565]]],[[[-64.997,-34.8405],[-64.9967,-34.8359],[-65.0026,-34.836],[-65.002,-34.8414],[-64.997,-34.8405]]],[[[-64.9579,-34.8334],[-64.9656,-34.8336],[-64.9672,-34.8359],[-64.9812,-34.8341],[-64.9807,-34.8389],[-64.9733,-34.8411],[-64.9644,-34.8452],[-64.9724,-34.8495],[-64.9721,-34.8531],[-64.9645,-34.8565],[-64.9646,-34.8585],[-64.9584,-34.8611],[-64.9573,-34.8557],[-64.9583,-34.8497],[-64.9544,-34.8455],[-64.9558,-34.8381],[-64.9606,-34.8381],[-64.9579,-34.8334]]],[[[-64.7526,-34.8362],[-64.757,-34.8367],[-64.7596,-34.8399],[-64.7589,-34.8504],[-64.7556,-34.8489],[-64.7564,-34.8415],[-64.7426,-34.841],[-64.742,-34.8389],[-64.7524,-34.839],[-64.7526,-34.8362]]],[[[-64.9635,-34.8277],[-64.9635,-34.831],[-64.9568,-34.8322],[-64.9576,-34.8291],[-64.9635,-34.8277]]],[[[-64.7312,-34.8441],[-64.7272,-34.8354],[-64.7294,-34.829],[-64.7336,-34.8287],[-64.7312,-34.8441]]],[[[-64.96,-34.8265],[-64.9606,-34.8239],[-64.9687,-34.8244],[-64.9683,-34.8266],[-64.96,-34.8265]]],[[[-65.0088,-34.8351],[-65.0131,-34.8346],[-65.0107,-34.8288],[-65.0102,-34.8198],[-65.0171,-34.8267],[-65.0162,-34.8298],[-65.0242,-34.8303],[-65.0201,-34.8348],[-65.0091,-34.8391],[-65.0088,-34.8351]]],[[[-64.9738,-34.8228],[-64.9683,-34.8195],[-64.9799,-34.8192],[-64.9797,-34.8227],[-64.9738,-34.8228]]],[[[-64.6617,-34.8189],[-64.6736,-34.818],[-64.6737,-34.8244],[-64.6604,-34.8287],[-64.6617,-34.8189]]],[[[-65.0334,-34.8254],[-65.0412,-34.8295],[-65.0472,-34.8238],[-65.0487,-34.8129],[-65.0522,-34.8097],[-65.0693,-34.8047],[-65.0883,-34.809],[-65.0881,-34.8124],[-65.0956,-34.8127],[-65.0954,-34.8107],[-65.1029,-34.8104],[-65.1028,-34.8056],[-65.1089,-34.803],[-65.1089,-34.8351],[-65.1008,-34.8351],[-65.0958,-34.8336],[-65.0423,-34.8333],[-65.0412,-34.8308],[-65.0334,-34.8254]],[[-65.0911,-34.8172],[-65.0959,-34.82],[-65.0961,-34.8152],[-65.0911,-34.8172]]],[[[-64.7591,-34.8187],[-64.7598,-34.8133],[-64.7565,-34.8029],[-64.7722,-34.7964],[-64.7748,-34.7988],[-64.7686,-34.8024],[-64.7626,-34.8042],[-64.7619,-34.8119],[-64.7627,-34.819],[-64.7591,-34.8187]]],[[[-65.0231,-34.7926],[-65.0199,-34.7957],[-65.0161,-34.7923],[-65.0231,-34.7926]]],[[[-64.9703,-34.7952],[-64.971,-34.7898],[-64.9765,-34.7899],[-64.9766,-34.7982],[-64.9708,-34.7986],[-64.9703,-34.7952]]],[[[-64.811,-34.7921],[-64.8152,-34.7918],[-64.8175,-34.7952],[-64.8148,-34.7973],[-64.8145,-34.8012],[-64.8106,-34.8014],[-64.811,-34.7921]]],[[[-64.7843,-34.7959],[-64.7836,-34.7926],[-64.788,-34.791],[-64.7894,-34.7969],[-64.7843,-34.7959]]],[[[-64.7485,-34.7835],[-64.7529,-34.7838],[-64.754,-34.7927],[-64.7491,-34.793],[-64.7485,-34.7835]]],[[[-64.9961,-34.7819],[-64.9947,-34.7762],[-65.0011,-34.7659],[-65.015,-34.7665],[-65.015,-34.7694],[-65.008,-34.7776],[-65.0015,-34.7782],[-65.0003,-34.7824],[-64.9961,-34.7819]]],[[[-65.0161,-34.7923],[-65.0131,-34.7983],[-65.0158,-34.8025],[-65.0129,-34.805],[-65.0128,-34.8095],[-65.0189,-34.8096],[-65.0186,-34.8136],[-65.0225,-34.8145],[-65.0196,-34.8206],[-65.0145,-34.8207],[-65.0123,-34.8165],[-65.0162,-34.816],[-65.0149,-34.8115],[-65.01,-34.812],[-65.0075,-34.8166],[-65.0078,-34.821],[-65.0022,-34.8237],[-65.0011,-34.8186],[-64.989,-34.8155],[-64.9853,-34.8212],[-64.983,-34.8175],[-64.9796,-34.8167],[-64.9807,-34.812],[-64.987,-34.8088],[-64.9873,-34.8047],[-64.9905,-34.8045],[-64.992,-34.7984],[-65.0045,-34.7887],[-65.0185,-34.7826],[-65.015,-34.7804],[-65.0146,-34.7773],[-65.0229,-34.7773],[-65.0248,-34.7729],[-65.029,-34.7728],[-65.0299,-34.768],[-65.035,-34.7654],[-65.0532,-34.7633],[-65.0617,-34.7628],[-65.0599,-34.7679],[-65.0561,-34.7691],[-65.0524,-34.7727],[-65.0538,-34.7769],[-65.0542,-34.7858],[-65.0432,-34.794],[-65.041,-34.7978],[-65.0406,-34.8044],[-65.0431,-34.8072],[-65.0431,-34.8109],[-65.0389,-34.812],[-65.0381,-34.8148],[-65.0417,-34.8214],[-65.0384,-34.8254],[-65.0334,-34.8254],[-65.0318,-34.8243],[-65.0327,-34.8148],[-65.0325,-34.8053],[-65.0276,-34.7949],[-65.0231,-34.7926],[-65.0174,-34.7896],[-65.0161,-34.7923]]],[[[-64.4309,-34.7896],[-64.4342,-34.7817],[-64.4289,-34.7768],[-64.4406,-34.7716],[-64.4488,-34.7948],[-64.457,-34.7947],[-64.4562,-34.8004],[-64.4528,-34.8037],[-64.4468,-34.8034],[-64.4429,-34.8056],[-64.438,-34.8006],[-64.4379,-34.7935],[-64.4329,-34.7911],[-64.4302,-34.7978],[-64.4263,-34.7982],[-64.4309,-34.7896]]],[[[-64.8312,-34.7876],[-64.8242,-34.7855],[-64.8199,-34.7804],[-64.8243,-34.7776],[-64.833,-34.7738],[-64.8539,-34.7663],[-64.8572,-34.7646],[-64.8579,-34.7721],[-64.8602,-34.7753],[-64.8664,-34.7761],[-64.8668,-34.7845],[-64.8658,-34.7947],[-64.8564,-34.7933],[-64.8428,-34.7942],[-64.8377,-34.7952],[-64.8346,-34.8009],[-64.8295,-34.8054],[-64.8305,-34.8133],[-64.8235,-34.8274],[-64.8098,-34.8252],[-64.8094,-34.8347],[-64.8126,-34.8381],[-64.8172,-34.8396],[-64.8331,-34.8383],[-64.8384,-34.8399],[-64.8384,-34.8472],[-64.8428,-34.8478],[-64.8423,-34.8529],[-64.8376,-34.8489],[-64.8315,-34.8478],[-64.8299,-34.8449],[-64.8247,-34.845],[-64.8237,-34.849],[-64.8204,-34.8492],[-64.821,-34.841],[-64.8111,-34.8435],[-64.8096,-34.8521],[-64.8002,-34.8534],[-64.7991,-34.8492],[-64.7933,-34.8493],[-64.7906,-34.8531],[-64.7843,-34.853],[-64.7846,-34.8561],[-64.7713,-34.8537],[-64.7652,-34.8515],[-64.766,-34.8384],[-64.7809,-34.8392],[-64.7837,-34.8427],[-64.7834,-34.8304],[-64.7943,-34.8296],[-64.7949,-34.8202],[-64.791,-34.8163],[-64.7905,-34.8107],[-64.8036,-34.8094],[-64.804,-34.8141],[-64.7996,-34.8169],[-64.806,-34.8203],[-64.8118,-34.8196],[-64.8118,-34.8088],[-64.8199,-34.8073],[-64.8271,-34.8023],[-64.8299,-34.7963],[-64.8312,-34.7876]]],[[[-65.0229,-34.7591],[-65.0312,-34.7589],[-65.0298,-34.7643],[-65.0254,-34.7634],[-65.0229,-34.7591]]],[[[-65.1004,-34.7595],[-65.1088,-34.7568],[-65.1088,-34.7684],[-65.1062,-34.7682],[-65.1011,-34.7628],[-65.1004,-34.7595]]],[[[-64.9923,-34.7573],[-64.9998,-34.7572],[-64.9999,-34.7617],[-64.9936,-34.7621],[-64.9939,-34.7666],[-64.9882,-34.7662],[-64.9884,-34.7622],[-64.992,-34.7621],[-64.9923,-34.7573]]],[[[-65.0569,-34.7562],[-65.0647,-34.7562],[-65.0589,-34.7603],[-65.0569,-34.7562]]],[[[-64.6623,-34.7815],[-64.6643,-34.7653],[-64.6883,-34.7602],[-64.6957,-34.781],[-64.6623,-34.7815]]],[[[-64.9645,-34.7542],[-64.9828,-34.752],[-64.9854,-34.7624],[-64.9719,-34.774],[-64.9613,-34.7862],[-64.9625,-34.7922],[-64.9674,-34.7918],[-64.968,-34.8008],[-64.9645,-34.8019],[-64.9652,-34.8057],[-64.97,-34.8069],[-64.972,-34.8115],[-64.9671,-34.8149],[-64.9533,-34.8189],[-64.9409,-34.8286],[-64.9159,-34.8339],[-64.9113,-34.8453],[-64.9175,-34.8642],[-64.9307,-34.8728],[-64.941,-34.8723],[-64.9404,-34.8681],[-64.9307,-34.8634],[-64.9306,-34.8588],[-64.9359,-34.8586],[-64.9367,-34.8612],[-64.9431,-34.8613],[-64.9438,-34.866],[-64.9475,-34.8658],[-64.9479,-34.8752],[-64.9429,-34.8775],[-64.9535,-34.8822],[-64.9575,-34.8789],[-64.96,-34.8747],[-64.9659,-34.8688],[-64.9669,-34.872],[-64.962,-34.8756],[-64.9587,-34.8822],[-64.966,-34.8815],[-64.9669,-34.8914],[-64.9706,-34.8915],[-64.9705,-34.8856],[-64.9744,-34.8857],[-64.9746,-34.8905],[-64.9785,-34.8907],[-64.9785,-34.895],[-64.9733,-34.8971],[-64.9674,-34.8963],[-64.9677,-34.8995],[-64.9756,-34.8993],[-64.9766,-34.9189],[-64.9809,-34.9186],[-64.9833,-34.9222],[-64.9598,-34.9226],[-64.9595,-34.9204],[-64.9531,-34.9201],[-64.9529,-34.9291],[-64.9538,-34.9309],[-64.9599,-34.931],[-64.9596,-34.9341],[-64.9659,-34.9341],[-64.9714,-34.9374],[-64.9795,-34.9452],[-64.9796,-34.9474],[-64.9878,-34.9469],[-64.9905,-34.9443],[-64.9903,-34.9385],[-64.9983,-34.9369],[-64.9989,-34.9328],[-64.9973,-34.9269],[-65.0041,-34.926],[-65.0043,-34.9235],[-64.9954,-34.9219],[-64.9909,-34.9172],[-64.9839,-34.9152],[-64.9832,-34.913],[-64.994,-34.91],[-64.9939,-34.8995],[-65.0031,-34.8992],[-65.0028,-34.8923],[-65.0006,-34.8945],[-64.99,-34.8947],[-64.9878,-34.8811],[-64.9847,-34.8762],[-64.9977,-34.8758],[-65.0091,-34.8763],[-65.0121,-34.8739],[-65.0024,-34.8694],[-65.005,-34.8608],[-65.0098,-34.8595],[-65.0135,-34.8555],[-65.0301,-34.8542],[-65.031,-34.8679],[-65.0282,-34.869],[-65.0284,-34.8777],[-65.0234,-34.8785],[-65.0231,-34.8867],[-65.018,-34.8872],[-65.017,-34.89],[-65.0175,-34.9003],[-65.0287,-34.8983],[-65.0284,-34.8921],[-65.0311,-34.8841],[-65.0281,-34.8826],[-65.0314,-34.8776],[-65.0313,-34.8688],[-65.0649,-34.8686],[-65.0593,-34.8649],[-65.0592,-34.8614],[-65.0667,-34.8615],[-65.0699,-34.8671],[-65.0883,-34.8666],[-65.0971,-34.868],[-65.1037,-34.8746],[-65.1049,-34.8792],[-65.1089,-34.8801],[-65.109,-35.0156],[-65.038,-35.015],[-65.0381,-35.0096],[-65.0363,-35.0064],[-65.0288,-35.0063],[-65.0284,-34.9992],[-65.0146,-34.9993],[-65.0088,-34.9966],[-65.0085,-34.9934],[-65.0138,-34.9932],[-65.0136,-34.9845],[-65.0119,-34.9794],[-65.0171,-34.9811],[-65.0166,-34.9752],[-65.0085,-34.9749],[-65.0083,-34.9722],[-65.0129,-34.9703],[-65.0213,-34.9696],[-65.0213,-34.9681],[-64.9976,-34.9685],[-64.9974,-34.9837],[-65.0004,-34.9882],[-64.998,-34.9908],[-65.0031,-34.9935],[-65.0028,-35.0062],[-65.0113,-35.0065],[-65.0131,-35.0147],[-64.9347,-35.0141],[-64.934,-35.0054],[-64.9283,-35.0053],[-64.924,-35.0022],[-64.9194,-35.0022],[-64.9199,-34.9954],[-64.9003,-34.9957],[-64.9005,-34.9947],[-64.8845,-34.9945],[-64.8793,-35.0136],[-64.8551,-35.0133],[-64.8561,-35.0048],[-64.8559,-34.9943],[-64.8432,-34.9926],[-64.8295,-34.9985],[-64.8099,-35.0036],[-64.8082,-34.9789],[-64.81,-34.9532],[-64.8051,-34.9428],[-64.7936,-34.9411],[-64.7853,-34.9308],[-64.7856,-34.924],[-64.7927,-34.9236],[-64.7964,-34.9266],[-64.8052,-34.9233],[-64.8017,-34.92],[-64.7804,-34.9198],[-64.7802,-34.9119],[-64.7822,-34.9091],[-64.7949,-34.9092],[-64.7946,-34.9063],[-64.7988,-34.9045],[-64.8045,-34.9044],[-64.807,-34.9061],[-64.809,-34.9119],[-64.8151,-34.9129],[-64.8214,-34.9152],[-64.8254,-34.9127],[-64.8236,-34.9091],[-64.8152,-34.9087],[-64.8143,-34.9024],[-64.8106,-34.901],[-64.8036,-34.9012],[-64.7984,-34.9031],[-64.7944,-34.9027],[-64.793,-34.8947],[-64.7982,-34.8888],[-64.8154,-34.8866],[-64.8235,-34.8846],[-64.8291,-34.8798],[-64.8381,-34.8673],[-64.8567,-34.8746],[-64.8633,-34.8612],[-64.87,-34.8526],[-64.896,-34.8303],[-64.9073,-34.8197],[-64.9245,-34.8156],[-64.9438,-34.8067],[-64.9494,-34.8],[-64.9362,-34.7917],[-64.9333,-34.8003],[-64.923,-34.8004],[-64.9216,-34.79],[-64.9178,-34.7777],[-64.9454,-34.7735],[-64.9405,-34.7631],[-64.9544,-34.7676],[-64.9694,-34.7664],[-64.9645,-34.7542]],[[-64.9878,-34.9469],[-64.9872,-34.9521],[-64.9937,-34.9513],[-64.9976,-34.9567],[-64.9933,-34.9568],[-64.9931,-34.9623],[-64.9981,-34.9625],[-65.0051,-34.9577],[-65.0026,-34.9518],[-65.01,-34.9491],[-65.0105,-34.9466],[-65.0022,-34.9469],[-64.9971,-34.9521],[-64.9963,-34.9457],[-64.9918,-34.9476],[-64.9878,-34.9469]],[[-64.9199,-34.9954],[-64.9231,-34.9917],[-64.9364,-34.9914],[-64.9377,-34.9882],[-64.9471,-34.9871],[-64.9476,-34.9429],[-64.9475,-34.9254],[-64.9433,-34.9299],[-64.9335,-34.9302],[-64.9321,-34.9356],[-64.9213,-34.9348],[-64.9219,-34.9633],[-64.9208,-34.9722],[-64.9222,-34.9738],[-64.9288,-34.9734],[-64.9289,-34.976],[-64.921,-34.976],[-64.9211,-34.9874],[-64.9298,-34.9873],[-64.9293,-34.9895],[-64.92,-34.9898],[-64.9199,-34.9954]],[[-64.8544,-34.8933],[-64.857,-34.8876],[-64.8478,-34.8877],[-64.8544,-34.8933]],[[-64.8535,-34.899],[-64.85,-34.8999],[-64.849,-34.9113],[-64.8521,-34.9113],[-64.8535,-34.899]],[[-65.0632,-34.973],[-65.0722,-34.971],[-65.0723,-34.9687],[-65.0554,-34.9693],[-65.0515,-34.9717],[-65.0518,-34.9764],[-65.0548,-34.9764],[-65.0579,-34.9726],[-65.0632,-34.973]],[[-65.0276,-34.9721],[-65.0235,-34.9723],[-65.0234,-34.9802],[-65.0207,-34.9816],[-65.0197,-34.9861],[-65.0203,-34.9946],[-65.0292,-34.9932],[-65.0341,-34.9949],[-65.035,-34.9906],[-65.0397,-34.9897],[-65.0397,-34.9856],[-65.0431,-34.9836],[-65.0277,-34.9835],[-65.0276,-34.9721]],[[-65.0555,-34.9801],[-65.0515,-34.9807],[-65.0512,-34.9844],[-65.0565,-34.9864],[-65.0555,-34.9801]],[[-65.0555,-34.9801],[-65.0634,-34.9805],[-65.0631,-34.9783],[-65.0555,-34.9801]],[[-64.964,-35.0039],[-64.9674,-35.0027],[-64.9698,-34.995],[-64.9638,-34.9984],[-64.9578,-34.9963],[-64.9579,-35.0003],[-64.9544,-35.0026],[-64.964,-35.0039]],[[-64.8513,-34.9382],[-64.8492,-34.9413],[-64.8496,-34.9587],[-64.8533,-34.962],[-64.8588,-34.9643],[-64.8632,-34.9641],[-64.8645,-34.961],[-64.8687,-34.959],[-64.871,-34.9505],[-64.8752,-34.948],[-64.8745,-34.938],[-64.8589,-34.9412],[-64.8513,-34.9382]]],[[[-64.7035,-34.7526],[-64.7069,-34.7516],[-64.7063,-34.7576],[-64.7033,-34.7578],[-64.7035,-34.7526]]],[[[-64.9645,-34.7542],[-64.9527,-34.743],[-64.97,-34.7436],[-64.9645,-34.7542]]],[[[-64.569,-34.7404],[-64.5746,-34.7403],[-64.5745,-34.7439],[-64.5692,-34.7442],[-64.569,-34.7404]]],[[[-64.7339,-34.7272],[-64.7378,-34.7267],[-64.7388,-34.7314],[-64.7338,-34.7317],[-64.7339,-34.7272]]],[[[-64.6783,-34.7234],[-64.6835,-34.7189],[-64.6889,-34.7185],[-64.6888,-34.7253],[-64.7103,-34.7227],[-64.7078,-34.7276],[-64.7031,-34.728],[-64.7025,-34.7321],[-64.6977,-34.7342],[-64.7044,-34.7367],[-64.7007,-34.7389],[-64.6983,-34.7359],[-64.6895,-34.737],[-64.6824,-34.7357],[-64.6829,-34.7332],[-64.6715,-34.734],[-64.6656,-34.7382],[-64.6607,-34.7373],[-64.6606,-34.7328],[-64.6755,-34.7318],[-64.676,-34.7258],[-64.6783,-34.7234]]],[[[-64.5111,-34.7236],[-64.5163,-34.7231],[-64.5194,-34.7141],[-64.5307,-34.7135],[-64.5287,-34.731],[-64.5212,-34.7316],[-64.5216,-34.7242],[-64.5171,-34.7243],[-64.5172,-34.7286],[-64.5192,-34.7324],[-64.5156,-34.7345],[-64.5103,-34.7316],[-64.5111,-34.7236]]],[[[-64.4787,-34.7095],[-64.4836,-34.7096],[-64.4846,-34.7128],[-64.4933,-34.713],[-64.4928,-34.728],[-64.4968,-34.728],[-64.4964,-34.7346],[-64.4904,-34.7362],[-64.491,-34.7293],[-64.4789,-34.7305],[-64.4795,-34.7253],[-64.4842,-34.7238],[-64.4838,-34.7204],[-64.4778,-34.7186],[-64.4787,-34.7095]]],[[[-64.7248,-34.7063],[-64.7459,-34.7046],[-64.7461,-34.7162],[-64.7311,-34.7176],[-64.7257,-34.7168],[-64.7188,-34.7174],[-64.7196,-34.7107],[-64.7248,-34.7063]]],[[[-64.545,-34.7109],[-64.5556,-34.7045],[-64.5643,-34.7064],[-64.5635,-34.7108],[-64.5553,-34.7108],[-64.5537,-34.7121],[-64.5517,-34.72],[-64.5537,-34.7226],[-64.5461,-34.7229],[-64.5461,-34.7206],[-64.539,-34.7212],[-64.5388,-34.718],[-64.5446,-34.7175],[-64.545,-34.7109]]],[[[-64.6695,-34.708],[-64.6716,-34.7023],[-64.6858,-34.7021],[-64.6849,-34.7098],[-64.68,-34.7096],[-64.6775,-34.7129],[-64.6737,-34.7143],[-64.6699,-34.718],[-64.6668,-34.7268],[-64.6607,-34.7282],[-64.6599,-34.732],[-64.6549,-34.7351],[-64.6539,-34.7387],[-64.6496,-34.7372],[-64.6474,-34.7338],[-64.6436,-34.7369],[-64.6417,-34.7318],[-64.6438,-34.728],[-64.6491,-34.726],[-64.654,-34.7216],[-64.664,-34.7155],[-64.6695,-34.708]]],[[[-64.6245,-34.7007],[-64.6274,-34.7032],[-64.6333,-34.703],[-64.6338,-34.7055],[-64.6221,-34.7066],[-64.6245,-34.7007]]],[[[-64.4965,-34.7022],[-64.5042,-34.7021],[-64.5051,-34.7045],[-64.5102,-34.7032],[-64.5109,-34.7131],[-64.4991,-34.7134],[-64.4993,-34.7068],[-64.4959,-34.7051],[-64.4965,-34.7022]]],[[[-64.5331,-34.7079],[-64.5356,-34.7041],[-64.5414,-34.7037],[-64.5404,-34.7008],[-64.5468,-34.7001],[-64.5476,-34.7035],[-64.5379,-34.709],[-64.5331,-34.7079]]],[[[-64.8409,-34.6921],[-64.8407,-34.6886],[-64.8491,-34.6887],[-64.8492,-34.6955],[-64.8351,-34.6957],[-64.8354,-34.691],[-64.8409,-34.6921]]],[[[-64.557,-34.692],[-64.5603,-34.695],[-64.5606,-34.7002],[-64.5566,-34.6998],[-64.557,-34.692]]],[[[-64.7888,-34.6947],[-64.7853,-34.6918],[-64.7856,-34.6888],[-64.7981,-34.6877],[-64.7993,-34.692],[-64.7929,-34.6925],[-64.7888,-34.6947]]],[[[-64.4657,-34.6948],[-64.4633,-34.6926],[-64.4651,-34.6889],[-64.4716,-34.6889],[-64.4776,-34.6901],[-64.4779,-34.6931],[-64.4734,-34.6956],[-64.4759,-34.7023],[-64.4746,-34.7124],[-64.4688,-34.7124],[-64.4656,-34.7095],[-64.4651,-34.7006],[-64.4657,-34.6948]]],[[[-64.4919,-34.6867],[-64.5109,-34.6861],[-64.5109,-34.6911],[-64.4911,-34.6916],[-64.4919,-34.6867]]],[[[-64.3984,-34.6848],[-64.3968,-34.678],[-64.4043,-34.6783],[-64.4048,-34.6855],[-64.3984,-34.6848]]],[[[-64.7585,-34.6705],[-64.76,-34.672],[-64.7881,-34.6711],[-64.785,-34.6734],[-64.7849,-34.6804],[-64.7726,-34.6804],[-64.7685,-34.6827],[-64.7715,-34.6854],[-64.7623,-34.6856],[-64.7596,-34.6885],[-64.76,-34.6922],[-64.7631,-34.6949],[-64.7632,-34.6983],[-64.7522,-34.6995],[-64.755,-34.695],[-64.7541,-34.6883],[-64.7578,-34.6879],[-64.7573,-34.6833],[-64.763,-34.6828],[-64.7654,-34.6761],[-64.7584,-34.6764],[-64.7585,-34.6705]]],[[[-64.7749,-34.6644],[-64.7787,-34.6645],[-64.7787,-34.6702],[-64.7748,-34.6684],[-64.7749,-34.6644]]],[[[-64.5075,-34.667],[-64.5088,-34.6751],[-64.5068,-34.6775],[-64.4955,-34.6773],[-64.4953,-34.6748],[-64.4996,-34.6699],[-64.505,-34.6694],[-64.5075,-34.667]]],[[[-64.4829,-34.668],[-64.4832,-34.6649],[-64.4871,-34.6644],[-64.4908,-34.6684],[-64.4829,-34.668]]],[[[-64.513,-34.6612],[-64.513,-34.6594],[-64.5211,-34.6551],[-64.5257,-34.6579],[-64.5221,-34.6605],[-64.513,-34.6612]]],[[[-64.7625,-34.6554],[-64.7637,-34.652],[-64.7707,-34.6517],[-64.7669,-34.658],[-64.7681,-34.6648],[-64.7667,-34.6692],[-64.76,-34.6694],[-64.7582,-34.6613],[-64.7597,-34.6555],[-64.7625,-34.6554]]],[[[-64.7843,-34.653],[-64.7834,-34.6481],[-64.7873,-34.6483],[-64.7873,-34.653],[-64.7843,-34.653]]],[[[-64.5,-34.665],[-64.4899,-34.665],[-64.4898,-34.6602],[-64.4969,-34.6532],[-64.491,-34.6457],[-64.5077,-34.6452],[-64.5055,-34.6542],[-64.5076,-34.657],[-64.5075,-34.6656],[-64.5,-34.665]]],[[[-64.5682,-34.6443],[-64.5682,-34.6415],[-64.5813,-34.6415],[-64.5813,-34.6445],[-64.5682,-34.6443]]],[[[-64.6856,-34.6388],[-64.7051,-34.6381],[-64.7025,-34.6432],[-64.693,-34.6429],[-64.6906,-34.6476],[-64.6861,-34.6448],[-64.6856,-34.6388]]],[[[-64.5462,-34.6479],[-64.54,-34.6457],[-64.5406,-34.6391],[-64.5478,-34.6383],[-64.5506,-34.6399],[-64.5503,-34.6479],[-64.5462,-34.6479]]],[[[-64.6059,-34.6309],[-64.6134,-34.6323],[-64.6158,-34.6455],[-64.6125,-34.6451],[-64.6126,-34.6391],[-64.6028,-34.6374],[-64.6019,-34.6329],[-64.6059,-34.6309]]],[[[-64.8287,-34.6247],[-64.8314,-34.6292],[-64.8265,-34.6296],[-64.8287,-34.6247]]],[[[-64.7357,-34.6284],[-64.7354,-34.6237],[-64.7437,-34.6257],[-64.7435,-34.6284],[-64.7357,-34.6284]]],[[[-64.8505,-34.6201],[-64.8552,-34.6164],[-64.8568,-34.6233],[-64.8537,-34.6242],[-64.851,-34.6332],[-64.8387,-34.6342],[-64.8387,-34.6282],[-64.8424,-34.6244],[-64.8508,-34.6224],[-64.8505,-34.6201]]],[[[-64.7483,-34.6168],[-64.7476,-34.6115],[-64.7586,-34.611],[-64.7619,-34.6146],[-64.7659,-34.6155],[-64.7687,-34.621],[-64.7675,-34.6279],[-64.7642,-34.6317],[-64.7591,-34.6315],[-64.7592,-34.6375],[-64.7537,-34.6379],[-64.7546,-34.6333],[-64.7591,-34.6308],[-64.7596,-34.6234],[-64.7531,-34.6232],[-64.7441,-34.6245],[-64.7398,-34.6225],[-64.7395,-34.616],[-64.7483,-34.6168]]],[[[-65.0694,-34.7526],[-65.0597,-34.754],[-65.0591,-34.7524],[-65.0444,-34.752],[-65.0379,-34.7541],[-65.0357,-34.7575],[-65.0306,-34.7519],[-65.0238,-34.7511],[-65.0184,-34.7525],[-65.0011,-34.7525],[-65.0003,-34.7454],[-65.0046,-34.7469],[-65.016,-34.7429],[-65.0309,-34.7388],[-65.0329,-34.7264],[-65.0326,-34.715],[-65.0368,-34.6998],[-65.0252,-34.6962],[-65.025,-34.6876],[-65.0352,-34.6808],[-65.0453,-34.6721],[-65.0625,-34.668],[-65.0623,-34.6604],[-65.0609,-34.65],[-65.0759,-34.6507],[-65.0861,-34.6457],[-65.0892,-34.6343],[-65.0948,-34.6285],[-65.0923,-34.6209],[-65.0801,-34.6197],[-65.0706,-34.6251],[-65.0703,-34.6118],[-65.0919,-34.6048],[-65.1087,-34.6036],[-65.1087,-34.6455],[-65.0944,-34.6579],[-65.1087,-34.6587],[-65.1088,-34.6681],[-65.0994,-34.6731],[-65.0879,-34.6733],[-65.0696,-34.6784],[-65.0587,-34.6994],[-65.0713,-34.7001],[-65.0829,-34.6952],[-65.0743,-34.7257],[-65.0971,-34.7187],[-65.0981,-34.712],[-65.1088,-34.7062],[-65.1088,-34.7565],[-65.1004,-34.7595],[-65.088,-34.7558],[-65.0864,-34.7625],[-65.0768,-34.7651],[-65.0765,-34.7592],[-65.0811,-34.7591],[-65.0806,-34.7559],[-65.0723,-34.7546],[-65.0694,-34.7526]]],[[[-64.6123,-34.6073],[-64.623,-34.6072],[-64.6229,-34.6114],[-64.6115,-34.6118],[-64.6123,-34.6073]]],[[[-64.8451,-34.6082],[-64.852,-34.6042],[-64.8657,-34.6036],[-64.8659,-34.6089],[-64.8629,-34.6141],[-64.8585,-34.6128],[-64.8603,-34.6083],[-64.8558,-34.6086],[-64.8556,-34.6122],[-64.8524,-34.6156],[-64.8492,-34.6159],[-64.8419,-34.6198],[-64.8396,-34.6182],[-64.8342,-34.6224],[-64.8316,-34.619],[-64.8375,-34.6187],[-64.8397,-34.6102],[-64.8451,-34.6082]]],[[[-64.7449,-34.6098],[-64.7456,-34.6016],[-64.7502,-34.6016],[-64.7501,-34.6099],[-64.7449,-34.6098]]],[[[-64.664,-34.59],[-64.6664,-34.5929],[-64.6662,-34.5967],[-64.6571,-34.5964],[-64.664,-34.59]]],[[[-64.9604,-34.5828],[-64.9635,-34.5838],[-64.9637,-34.5916],[-64.9585,-34.5921],[-64.9545,-34.5906],[-64.9604,-34.5828]]],[[[-64.913,-34.5868],[-64.9222,-34.5865],[-64.9222,-34.581],[-64.925,-34.5813],[-64.925,-34.5892],[-64.9129,-34.5895],[-64.913,-34.5868]]],[[[-65.0931,-34.5824],[-65.1016,-34.5821],[-65.0973,-34.5784],[-65.0983,-34.5751],[-65.1037,-34.5784],[-65.1034,-34.5852],[-65.0931,-34.5857],[-65.0931,-34.5824]]],[[[-64.9251,-34.5687],[-64.9334,-34.5685],[-64.938,-34.5698],[-64.9386,-34.5757],[-64.9277,-34.5776],[-64.9247,-34.5801],[-64.9251,-34.5687]]],[[[-64.6581,-34.5724],[-64.6638,-34.5709],[-64.6706,-34.5719],[-64.6694,-34.579],[-64.6676,-34.58],[-64.6588,-34.5806],[-64.6581,-34.5724]]],[[[-64.6,-34.5803],[-64.5998,-34.576],[-64.5944,-34.5695],[-64.595,-34.566],[-64.6103,-34.5658],[-64.6125,-34.5689],[-64.6209,-34.5726],[-64.6209,-34.5811],[-64.6135,-34.5848],[-64.6128,-34.5826],[-64.6169,-34.5803],[-64.6123,-34.5778],[-64.6055,-34.5833],[-64.6047,-34.578],[-64.6,-34.5803]]],[[[-64.7468,-34.571],[-64.7469,-34.5665],[-64.7506,-34.5663],[-64.7524,-34.5618],[-64.7605,-34.5619],[-64.7607,-34.565],[-64.7637,-34.5708],[-64.7537,-34.5709],[-64.7522,-34.5756],[-64.7607,-34.5756],[-64.761,-34.5801],[-64.7544,-34.5802],[-64.7525,-34.5825],[-64.7387,-34.5826],[-64.7384,-34.5736],[-64.7468,-34.571]]],[[[-64.7313,-34.5657],[-64.7414,-34.5601],[-64.7491,-34.5597],[-64.7498,-34.564],[-64.7389,-34.5644],[-64.7384,-34.5662],[-64.7313,-34.5657]]],[[[-64.8784,-34.5593],[-64.8785,-34.5544],[-64.8823,-34.5543],[-64.883,-34.5599],[-64.8784,-34.5593]]],[[[-64.961,-34.5523],[-64.9666,-34.552],[-64.967,-34.5547],[-64.9608,-34.5549],[-64.961,-34.5523]]],[[[-64.4308,-34.5664],[-64.4443,-34.5555],[-64.4447,-34.5776],[-64.4325,-34.5783],[-64.4308,-34.5664]]],[[[-65.0121,-34.5514],[-65.0132,-34.545],[-65.0189,-34.5448],[-65.0187,-34.55],[-65.0162,-34.5529],[-65.0121,-34.5514]]],[[[-64.6318,-34.557],[-64.6471,-34.5565],[-64.6469,-34.55],[-64.6495,-34.5503],[-64.6497,-34.5636],[-64.6421,-34.562],[-64.6343,-34.5632],[-64.6318,-34.557]]],[[[-65.0813,-34.5471],[-65.0758,-34.5476],[-65.0742,-34.5433],[-65.0801,-34.5432],[-65.0813,-34.5471]]],[[[-64.7342,-34.5551],[-64.7351,-34.5484],[-64.7426,-34.5477],[-64.7382,-34.5551],[-64.7342,-34.5551]]],[[[-65.0801,-34.5432],[-65.0795,-34.5405],[-65.0877,-34.5409],[-65.0907,-34.5443],[-65.0914,-34.5505],[-65.0881,-34.5505],[-65.0813,-34.5471],[-65.0801,-34.5432]]],[[[-64.9954,-34.5411],[-65.002,-34.5426],[-65.0035,-34.5469],[-65.0094,-34.5478],[-65.0096,-34.5599],[-64.9797,-34.5602],[-64.9801,-34.5513],[-64.9954,-34.5505],[-64.9954,-34.5411]]],[[[-64.7233,-34.5458],[-64.7232,-34.5427],[-64.7307,-34.5424],[-64.7326,-34.5463],[-64.7284,-34.5489],[-64.7145,-34.5485],[-64.7144,-34.544],[-64.7187,-34.5438],[-64.7233,-34.5458]]],[[[-65.0391,-34.5375],[-65.0402,-34.5385],[-65.0504,-34.5378],[-65.0551,-34.5449],[-65.0654,-34.5456],[-65.0713,-34.5474],[-65.0712,-34.5502],[-65.0797,-34.554],[-65.0829,-34.5584],[-65.056,-34.5587],[-65.058,-34.5562],[-65.0518,-34.5539],[-65.0514,-34.5462],[-65.0485,-34.545],[-65.0465,-34.541],[-65.0392,-34.5411],[-65.0391,-34.5375]]],[[[-64.8987,-34.541],[-64.9057,-34.5403],[-64.9102,-34.5353],[-64.9111,-34.5423],[-64.9046,-34.5427],[-64.9013,-34.547],[-64.9188,-34.5461],[-64.9176,-34.5529],[-64.9141,-34.5504],[-64.8979,-34.5496],[-64.8987,-34.541]]],[[[-64.8864,-34.5325],[-64.8928,-34.5317],[-64.8936,-34.5377],[-64.8873,-34.5373],[-64.8864,-34.5325]]],[[[-65.0132,-34.536],[-65.0139,-34.5293],[-65.0213,-34.5291],[-65.0211,-34.5345],[-65.0132,-34.536]]],[[[-65.0542,-34.5307],[-65.0618,-34.5291],[-65.0673,-34.5267],[-65.0676,-34.5317],[-65.0658,-34.5352],[-65.0562,-34.5342],[-65.0542,-34.5307]]],[[[-64.8708,-34.5368],[-64.8703,-34.5282],[-64.8731,-34.5281],[-64.8748,-34.5349],[-64.8708,-34.5368]]],[[[-64.7352,-34.5416],[-64.7329,-34.5385],[-64.7356,-34.5364],[-64.7326,-34.5321],[-64.7343,-34.5274],[-64.7407,-34.5276],[-64.7386,-34.5318],[-64.7449,-34.5385],[-64.7397,-34.5415],[-64.7352,-34.5416]]],[[[-64.738,-34.5207],[-64.7429,-34.5204],[-64.7464,-34.5256],[-64.7405,-34.5255],[-64.738,-34.5207]]],[[[-64.6556,-34.4981],[-64.6652,-34.4991],[-64.6653,-34.5013],[-64.6582,-34.5014],[-64.6663,-34.5082],[-64.6541,-34.5085],[-64.6557,-34.5058],[-64.6556,-34.4981]]],[[[-65.0907,-34.497],[-65.087,-34.4948],[-65.0864,-34.49],[-65.0934,-34.4899],[-65.0955,-34.4924],[-65.0949,-34.497],[-65.0907,-34.497]]],[[[-64.982,-34.5255],[-64.979,-34.5226],[-64.9685,-34.52],[-64.9674,-34.5154],[-64.9809,-34.5148],[-64.98,-34.4888],[-65.0143,-34.4915],[-65.0146,-34.4966],[-65.0085,-34.5017],[-65.0091,-34.5255],[-64.982,-34.5255]]],[[[-64.8114,-34.4912],[-64.8171,-34.4922],[-64.8172,-34.4979],[-64.8116,-34.4981],[-64.8101,-34.4947],[-64.8114,-34.4912]]],[[[-64.4219,-34.5063],[-64.4411,-34.496],[-64.4442,-34.509],[-64.4336,-34.5093],[-64.4306,-34.5146],[-64.4235,-34.5152],[-64.4219,-34.5063]]],[[[-64.897,-34.4887],[-64.904,-34.4882],[-64.9067,-34.4849],[-64.911,-34.4871],[-64.9111,-34.4908],[-64.9249,-34.4906],[-64.9254,-34.5123],[-64.9226,-34.5136],[-64.8975,-34.5141],[-64.897,-34.4887]]],[[[-65.0436,-34.4818],[-65.0439,-34.4861],[-65.0352,-34.4866],[-65.0354,-34.484],[-65.0434,-34.484],[-65.0436,-34.4818]]],[[[-64.6182,-34.4927],[-64.6207,-34.4883],[-64.6261,-34.4857],[-64.6247,-34.4927],[-64.6182,-34.4927]]],[[[-65.0726,-34.4797],[-65.074,-34.481],[-65.0825,-34.4806],[-65.0823,-34.4852],[-65.0739,-34.4858],[-65.0726,-34.4797]]],[[[-64.6578,-34.4831],[-64.6635,-34.4831],[-64.6619,-34.4875],[-64.659,-34.4877],[-64.6578,-34.4831]]],[[[-65.0212,-34.4806],[-65.0215,-34.4696],[-65.0348,-34.4691],[-65.0353,-34.4807],[-65.0212,-34.4806]]],[[[-65.0635,-34.4666],[-65.0747,-34.4666],[-65.0749,-34.4698],[-65.0638,-34.4704],[-65.0635,-34.4666]]],[[[-64.9162,-34.4726],[-64.9258,-34.4723],[-64.9218,-34.4757],[-64.9148,-34.4757],[-64.9162,-34.4726]]],[[[-65.0072,-34.4661],[-65.0101,-34.462],[-65.0153,-34.4618],[-65.0157,-34.4659],[-65.0195,-34.4685],[-64.9946,-34.469],[-64.9946,-34.4668],[-65.0072,-34.4661]]],[[[-64.6093,-34.4667],[-64.616,-34.4663],[-64.6176,-34.472],[-64.6232,-34.4743],[-64.6273,-34.4743],[-64.6259,-34.4792],[-64.6204,-34.4743],[-64.6093,-34.4743],[-64.6096,-34.4814],[-64.608,-34.4882],[-64.5944,-34.4895],[-64.5943,-34.4817],[-64.601,-34.4815],[-64.6008,-34.4723],[-64.6092,-34.4734],[-64.6093,-34.4667]]],[[[-64.8631,-34.4572],[-64.8706,-34.457],[-64.8704,-34.4618],[-64.8659,-34.4643],[-64.8606,-34.4652],[-64.8548,-34.4618],[-64.8577,-34.4574],[-64.8631,-34.4572]]],[[[-65.0513,-34.4576],[-65.0508,-34.4503],[-65.0624,-34.4502],[-65.0629,-34.4526],[-65.0566,-34.4529],[-65.0564,-34.4555],[-65.0513,-34.4576]]],[[[-64.9379,-34.4569],[-64.9379,-34.4537],[-64.9433,-34.4533],[-64.9461,-34.456],[-64.9379,-34.4569]]],[[[-64.8192,-34.4565],[-64.8216,-34.4532],[-64.8273,-34.4531],[-64.8287,-34.4576],[-64.8245,-34.4589],[-64.8244,-34.4626],[-64.8188,-34.4621],[-64.8192,-34.4565]]],[[[-64.928,-34.4516],[-64.9349,-34.4513],[-64.9349,-34.4563],[-64.9294,-34.4564],[-64.928,-34.4516]]],[[[-64.8828,-34.4521],[-64.8977,-34.4518],[-64.896,-34.4591],[-64.874,-34.459],[-64.8753,-34.4543],[-64.88,-34.4511],[-64.8828,-34.4521]]],[[[-65.0581,-34.4345],[-65.0632,-34.4344],[-65.0638,-34.4386],[-65.0574,-34.4398],[-65.0581,-34.4345]]],[[[-65.0117,-34.4345],[-65.0152,-34.4337],[-65.0189,-34.441],[-65.0151,-34.4425],[-65.0118,-34.4384],[-65.0117,-34.4345]]],[[[-65.0492,-34.4222],[-65.0574,-34.4218],[-65.0573,-34.4241],[-65.0491,-34.4245],[-65.0492,-34.4222]]],[[[-64.9305,-34.4239],[-64.941,-34.4236],[-64.9398,-34.4286],[-64.9405,-34.4352],[-64.9353,-34.4309],[-64.9296,-34.4358],[-64.9294,-34.4422],[-64.9186,-34.4426],[-64.916,-34.4495],[-64.9213,-34.4496],[-64.924,-34.4541],[-64.9156,-34.4538],[-64.9133,-34.4497],[-64.9043,-34.4496],[-64.9079,-34.4465],[-64.9083,-34.4383],[-64.9155,-34.4383],[-64.9235,-34.4362],[-64.9231,-34.4332],[-64.9305,-34.4309],[-64.9318,-34.4282],[-64.9305,-34.4239]]],[[[-65.0422,-34.4214],[-65.0425,-34.4165],[-65.0462,-34.4164],[-65.0461,-34.4213],[-65.0422,-34.4214]]],[[[-64.4322,-34.4376],[-64.4379,-34.4316],[-64.455,-34.4248],[-64.4602,-34.4349],[-64.4547,-34.4469],[-64.4468,-34.4508],[-64.4414,-34.4679],[-64.4307,-34.4752],[-64.4299,-34.4699],[-64.434,-34.4597],[-64.4419,-34.4572],[-64.4454,-34.4512],[-64.4424,-34.4429],[-64.4375,-34.4501],[-64.4324,-34.4484],[-64.4322,-34.4376]]],[[[-64.9973,-34.4162],[-64.9996,-34.4138],[-65.0031,-34.4177],[-65.0004,-34.419],[-65.0011,-34.423],[-64.9951,-34.4232],[-64.995,-34.4181],[-64.9973,-34.4162]]],[[[-65.0117,-34.4345],[-65.0098,-34.4361],[-65.0025,-34.4363],[-64.998,-34.439],[-64.9976,-34.4345],[-64.994,-34.4346],[-64.9951,-34.446],[-65.009,-34.4459],[-65.0094,-34.4591],[-64.9904,-34.4607],[-64.9897,-34.4573],[-64.982,-34.4572],[-64.9814,-34.4531],[-64.9814,-34.4279],[-64.9938,-34.4274],[-64.994,-34.4301],[-65.0022,-34.4293],[-65.0094,-34.4297],[-65.0089,-34.4223],[-65.0114,-34.4161],[-65.0112,-34.4116],[-65.0223,-34.4116],[-65.0213,-34.4207],[-65.0266,-34.4239],[-65.0277,-34.4294],[-65.0231,-34.4316],[-65.0144,-34.4317],[-65.0117,-34.4345]]],[[[-65.0654,-34.4101],[-65.0723,-34.4075],[-65.0847,-34.4079],[-65.0849,-34.4104],[-65.0766,-34.4101],[-65.0728,-34.4126],[-65.0772,-34.4147],[-65.082,-34.4147],[-65.0797,-34.4203],[-65.0703,-34.4237],[-65.0614,-34.4205],[-65.0626,-34.4134],[-65.0654,-34.4101]]],[[[-65.0533,-34.4128],[-65.0534,-34.406],[-65.0592,-34.4058],[-65.0601,-34.4128],[-65.0533,-34.4128]]],[[[-64.8509,-34.4056],[-64.8542,-34.4069],[-64.8582,-34.4055],[-64.8648,-34.4054],[-64.8693,-34.4066],[-64.8693,-34.4114],[-64.8426,-34.4117],[-64.8428,-34.4093],[-64.8508,-34.4091],[-64.8509,-34.4056]]],[[[-64.9727,-34.3844],[-64.9733,-34.3916],[-64.9775,-34.3908],[-64.9778,-34.3855],[-64.9827,-34.3842],[-64.985,-34.387],[-64.9849,-34.3922],[-64.9827,-34.3958],[-64.9727,-34.3956],[-64.9716,-34.392],[-64.9641,-34.3887],[-64.9616,-34.3852],[-64.9727,-34.3844]]],[[[-64.8877,-34.3811],[-64.8919,-34.3791],[-64.9003,-34.3789],[-64.9002,-34.3812],[-64.8932,-34.3814],[-64.8913,-34.3858],[-64.8864,-34.3862],[-64.8877,-34.3811]]],[[[-64.3263,-34.3363],[-64.3435,-34.3373],[-64.3415,-34.3468],[-64.3264,-34.3476],[-64.3263,-34.3363]]],[[[-64.7797,-34.3054],[-64.7791,-34.3028],[-64.7883,-34.3027],[-64.7895,-34.3053],[-64.7797,-34.3054]]],[[[-64.6245,-34.2892],[-64.6294,-34.2913],[-64.6264,-34.2959],[-64.6198,-34.3007],[-64.6158,-34.3003],[-64.6114,-34.2954],[-64.6169,-34.295],[-64.6163,-34.2915],[-64.6245,-34.2892]]],[[[-64.774,-34.2933],[-64.7691,-34.2932],[-64.7699,-34.2877],[-64.7767,-34.2864],[-64.7772,-34.2933],[-64.774,-34.2933]]],[[[-64.64,-34.2871],[-64.6544,-34.2903],[-64.6616,-34.2899],[-64.6632,-34.297],[-64.6565,-34.2969],[-64.6539,-34.2941],[-64.6502,-34.296],[-64.6532,-34.3008],[-64.627,-34.2997],[-64.6335,-34.2958],[-64.6345,-34.2881],[-64.6377,-34.2881],[-64.6381,-34.2943],[-64.6427,-34.2945],[-64.6432,-34.2916],[-64.64,-34.2871]]],[[[-64.9839,-34.2813],[-64.9838,-34.279],[-64.9889,-34.2768],[-64.9893,-34.2812],[-64.9839,-34.2813]]],[[[-65.0522,-34.2684],[-65.0606,-34.2685],[-65.0659,-34.2704],[-65.0659,-34.2731],[-65.0554,-34.2717],[-65.0522,-34.2684]]],[[[-64.8269,-34.2532],[-64.8268,-34.2499],[-64.8224,-34.2483],[-64.8226,-34.2433],[-64.8315,-34.2419],[-64.8368,-34.26],[-64.834,-34.2631],[-64.8291,-34.2642],[-64.8278,-34.2575],[-64.8186,-34.2579],[-64.8191,-34.2524],[-64.8269,-34.2532]]],[[[-64.9975,-34.2471],[-65.0048,-34.2467],[-65.0031,-34.2434],[-65.0049,-34.2377],[-65.0135,-34.2367],[-65.0147,-34.2417],[-65.0199,-34.2417],[-65.0196,-34.245],[-65.0226,-34.2484],[-65.0108,-34.2487],[-65.0123,-34.2527],[-65.0021,-34.2533],[-64.9975,-34.2494],[-64.9975,-34.2471]]],[[[-64.8701,-34.2492],[-64.8712,-34.2466],[-64.8697,-34.2421],[-64.8613,-34.241],[-64.8653,-34.2376],[-64.8734,-34.2399],[-64.8744,-34.2475],[-64.8688,-34.2528],[-64.8593,-34.2544],[-64.8522,-34.2571],[-64.8465,-34.2565],[-64.8467,-34.2541],[-64.8539,-34.2535],[-64.8616,-34.2508],[-64.8653,-34.2479],[-64.8701,-34.2492]]],[[[-64.9669,-34.2256],[-64.9687,-34.2211],[-64.9736,-34.2207],[-64.9737,-34.2241],[-64.9669,-34.2256]]],[[[-64.9634,-34.2199],[-64.9655,-34.2219],[-64.9596,-34.2269],[-64.9548,-34.2249],[-64.9546,-34.2211],[-64.9619,-34.2216],[-64.9634,-34.2199]]],[[[-65.0525,-34.219],[-65.0542,-34.2148],[-65.0593,-34.2134],[-65.0608,-34.2173],[-65.0522,-34.2212],[-65.0511,-34.2244],[-65.0461,-34.2259],[-65.0419,-34.2228],[-65.0507,-34.2174],[-65.0525,-34.219]]],[[[-64.3562,-34.2304],[-64.3683,-34.2249],[-64.3768,-34.2171],[-64.3749,-34.2344],[-64.3652,-34.2324],[-64.3627,-34.2357],[-64.3525,-34.236],[-64.3357,-34.2491],[-64.3228,-34.2499],[-64.3141,-34.2488],[-64.3048,-34.2458],[-64.2969,-34.2489],[-64.2903,-34.246],[-64.2754,-34.251],[-64.2674,-34.2453],[-64.261,-34.2469],[-64.2625,-34.2529],[-64.256,-34.2512],[-64.2494,-34.2429],[-64.2666,-34.2421],[-64.2817,-34.2425],[-64.2917,-34.2407],[-64.2997,-34.2453],[-64.3118,-34.2398],[-64.3248,-34.2445],[-64.3349,-34.2432],[-64.347,-34.2365],[-64.3562,-34.2304]]],[[[-64.753,-34.2213],[-64.7444,-34.2177],[-64.7576,-34.2041],[-64.768,-34.2185],[-64.7686,-34.2278],[-64.7655,-34.2299],[-64.7582,-34.2315],[-64.753,-34.2213]]],[[[-64.5897,-34.1993],[-64.5897,-34.207],[-64.5824,-34.2067],[-64.5822,-34.2002],[-64.5897,-34.1993]]],[[[-64.9939,-34.1961],[-64.9982,-34.1924],[-64.9984,-34.1885],[-65.0024,-34.1888],[-65.0023,-34.1962],[-64.9939,-34.1961]]],[[[-64.5897,-34.1993],[-64.5851,-34.1966],[-64.5899,-34.1934],[-64.5969,-34.1959],[-64.5897,-34.1993]]],[[[-64.967,-34.1935],[-64.9669,-34.1888],[-64.9687,-34.186],[-64.9783,-34.1921],[-64.9798,-34.1973],[-64.9568,-34.1973],[-64.9593,-34.1938],[-64.967,-34.1935]]],[[[-65.1017,-34.1852],[-65.0962,-34.1837],[-65.0931,-34.1808],[-65.0918,-34.1754],[-65.1085,-34.1751],[-65.1085,-34.186],[-65.1017,-34.1852]]],[[[-65.0945,-34.173],[-65.0935,-34.1685],[-65.0982,-34.1682],[-65.0985,-34.1731],[-65.0945,-34.173]]],[[[-64.6054,-34.1729],[-64.6119,-34.1699],[-64.6109,-34.1775],[-64.6052,-34.1813],[-64.6132,-34.1825],[-64.6138,-34.1875],[-64.6046,-34.1884],[-64.6012,-34.1866],[-64.5966,-34.1805],[-64.5935,-34.1803],[-64.5916,-34.1852],[-64.5824,-34.1833],[-64.5853,-34.1743],[-64.6037,-34.1744],[-64.6054,-34.1729]]],[[[-64.6625,-34.1744],[-64.6598,-34.1692],[-64.6658,-34.169],[-64.6709,-34.1778],[-64.6691,-34.179],[-64.6625,-34.1744]]],[[[-64.6958,-34.1369],[-64.7019,-34.1387],[-64.7113,-34.1376],[-64.7133,-34.1384],[-64.7321,-34.1401],[-64.733,-34.1595],[-64.7286,-34.1598],[-64.7277,-34.1651],[-64.7241,-34.165],[-64.7264,-34.1586],[-64.7239,-34.1523],[-64.7203,-34.1511],[-64.7197,-34.1479],[-64.7137,-34.1467],[-64.7048,-34.1464],[-64.6925,-34.1492],[-64.6884,-34.1484],[-64.6872,-34.1514],[-64.6834,-34.1524],[-64.6793,-34.1506],[-64.6704,-34.1523],[-64.6672,-34.1564],[-64.6629,-34.1575],[-64.6642,-34.1457],[-64.6872,-34.1437],[-64.6956,-34.1393],[-64.6958,-34.1369]]],[[[-64.9938,-34.1317],[-64.9942,-34.1288],[-65.0021,-34.1281],[-65.002,-34.1318],[-64.9938,-34.1317]]],[[[-64.9537,-34.1359],[-64.9476,-34.127],[-64.9547,-34.1267],[-64.9567,-34.1337],[-64.9664,-34.1359],[-64.9664,-34.1474],[-64.9625,-34.1492],[-64.9537,-34.1359]]],[[[-64.809,-34.139],[-64.8084,-34.1283],[-64.8164,-34.1283],[-64.8178,-34.1302],[-64.8288,-34.1309],[-64.8296,-34.1397],[-64.8127,-34.1408],[-64.809,-34.139]]],[[[-64.9697,-34.1268],[-64.9727,-34.1231],[-64.9847,-34.134],[-64.9824,-34.1358],[-64.9697,-34.1268]]],[[[-64.6368,-34.1271],[-64.6448,-34.1268],[-64.646,-34.1294],[-64.6431,-34.1321],[-64.6373,-34.1323],[-64.6368,-34.1271]]],[[[-64.8475,-34.109],[-64.8733,-34.1086],[-64.8772,-34.116],[-64.8738,-34.1172],[-64.8741,-34.1244],[-64.8561,-34.1247],[-64.8593,-34.1221],[-64.8589,-34.1153],[-64.8479,-34.1161],[-64.8475,-34.109]]],[[[-64.974,-34.11],[-64.9744,-34.1069],[-64.9819,-34.1065],[-64.9815,-34.1099],[-64.974,-34.11]]],[[[-65.0375,-34.1064],[-65.0367,-34.1025],[-65.0419,-34.1022],[-65.0427,-34.1063],[-65.0375,-34.1064]]],[[[-64.6175,-34.1116],[-64.6154,-34.1077],[-64.6241,-34.1074],[-64.6249,-34.1128],[-64.6175,-34.1116]]],[[[-64.607,-34.1117],[-64.6069,-34.1082],[-64.6109,-34.1076],[-64.6108,-34.1117],[-64.607,-34.1117]]],[[[-64.7544,-34.1045],[-64.7656,-34.1047],[-64.7664,-34.1106],[-64.7599,-34.1109],[-64.7602,-34.115],[-64.7642,-34.1162],[-64.7631,-34.1257],[-64.7531,-34.1264],[-64.7544,-34.1045]]],[[[-64.9954,-34.088],[-65.008,-34.0874],[-65.0059,-34.0907],[-65.0013,-34.0912],[-64.9954,-34.088]]],[[[-65.0475,-34.0842],[-65.0518,-34.0841],[-65.0519,-34.0886],[-65.0479,-34.0891],[-65.0475,-34.0842]]],[[[-65.0813,-34.0819],[-65.0806,-34.0733],[-65.0935,-34.0733],[-65.0873,-34.0796],[-65.0876,-34.0827],[-65.0938,-34.0867],[-65.0943,-34.1076],[-65.0732,-34.1072],[-65.0759,-34.1015],[-65.0803,-34.1006],[-65.0805,-34.0969],[-65.0912,-34.087],[-65.0903,-34.0848],[-65.0802,-34.0854],[-65.0813,-34.0819]]],[[[-65.0456,-34.0606],[-65.0457,-34.0551],[-65.049,-34.0555],[-65.0493,-34.0607],[-65.0456,-34.0606]]],[[[-64.7577,-34.0331],[-64.7666,-34.0327],[-64.7659,-34.0353],[-64.7577,-34.0357],[-64.7577,-34.0331]]],[[[-64.7634,-34.0282],[-64.7633,-34.0252],[-64.769,-34.0252],[-64.769,-34.0284],[-64.7634,-34.0282]]],[[[-64.897,-34.0299],[-64.8969,-34.027],[-64.89,-34.027],[-64.8958,-34.0228],[-64.9048,-34.0271],[-64.9026,-34.0299],[-64.897,-34.0299]]],[[[-64.7416,-34.0244],[-64.7408,-34.0215],[-64.7545,-34.0213],[-64.7537,-34.0238],[-64.7416,-34.0244]]],[[[-64.8673,-34.0218],[-64.8577,-34.0131],[-64.8635,-34.0127],[-64.8718,-34.0165],[-64.8711,-34.0217],[-64.8673,-34.0218]]],[[[-64.8238,-34.0135],[-64.8288,-34.0123],[-64.8287,-34.0177],[-64.8238,-34.0179],[-64.8238,-34.0135]]],[[[-64.8936,-34.0174],[-64.8894,-34.0128],[-64.8966,-34.0124],[-64.8977,-34.0175],[-64.8936,-34.0174]]],[[[-64.8085,-34.0138],[-64.8105,-34.0117],[-64.81,-34.0073],[-64.8129,-34.0069],[-64.8119,-34.0141],[-64.8085,-34.0138]]],[[[-64.7956,-34.0145],[-64.7986,-34.011],[-64.8001,-34.006],[-64.8044,-34.0096],[-64.8011,-34.0144],[-64.7956,-34.0145]]],[[[-64.8952,-34.0064],[-64.8952,-34.0038],[-64.8873,-34.0025],[-64.8882,-33.9982],[-64.8988,-34.0028],[-64.9043,-34.0075],[-64.91,-34.0062],[-64.9113,-34.012],[-64.9008,-34.0122],[-64.8965,-34.0095],[-64.8952,-34.0064]]],[[[-64.8762,-34.0038],[-64.8752,-33.9976],[-64.8793,-33.9977],[-64.8811,-34.0013],[-64.8762,-34.0038]]],[[[-64.7929,-33.997],[-64.7972,-33.9978],[-64.8003,-34.0021],[-64.7928,-34.0032],[-64.7929,-33.997]]],[[[-64.9669,-33.9969],[-64.9682,-33.9942],[-64.9732,-33.9942],[-64.973,-33.9985],[-64.9669,-33.9969]]],[[[-64.8236,-33.9996],[-64.8264,-34.0052],[-64.8293,-34.0057],[-64.8306,-34.0109],[-64.8216,-34.0114],[-64.8215,-34.0059],[-64.8182,-34.0061],[-64.8169,-34.0022],[-64.8233,-34.0021],[-64.8236,-33.9996]]],[[[-64.7872,-33.9955],[-64.789,-33.992],[-64.7926,-33.9921],[-64.793,-33.9955],[-64.7872,-33.9955]]],[[[-64.811,-33.9873],[-64.8214,-33.9871],[-64.8218,-33.9896],[-64.8146,-33.9899],[-64.8144,-33.9976],[-64.8069,-33.9978],[-64.7971,-33.9939],[-64.7965,-33.9903],[-64.8059,-33.9895],[-64.8111,-33.992],[-64.811,-33.9873]]],[[[-64.9906,-33.9905],[-64.9908,-33.9846],[-64.9952,-33.9844],[-64.996,-33.9956],[-64.9904,-33.9961],[-64.9906,-33.9905]]],[[[-64.7934,-33.9794],[-64.796,-33.9775],[-64.799,-33.9816],[-64.8093,-33.9819],[-64.8087,-33.9839],[-64.8027,-33.9843],[-64.799,-33.9862],[-64.7923,-33.9859],[-64.7914,-33.9812],[-64.7934,-33.9794]]],[[[-65.0125,-33.9668],[-65.0175,-33.9655],[-65.0177,-33.9717],[-65.0134,-33.9713],[-65.0125,-33.9668]]],[[[-64.729,-33.9688],[-64.7312,-33.9689],[-64.7371,-33.9754],[-64.7397,-33.9761],[-64.7392,-33.9816],[-64.7428,-33.9834],[-64.74,-33.9895],[-64.7333,-33.9897],[-64.732,-33.9851],[-64.7281,-33.9851],[-64.7283,-33.9786],[-64.7269,-33.9764],[-64.7216,-33.9762],[-64.7203,-33.9709],[-64.729,-33.9688]]],[[[-64.71,-33.9719],[-64.7095,-33.9682],[-64.7146,-33.9693],[-64.7145,-33.9727],[-64.71,-33.9719]]],[[[-64.7951,-33.9567],[-64.8004,-33.9552],[-64.8055,-33.9566],[-64.8059,-33.959],[-64.7943,-33.9593],[-64.7951,-33.9567]]],[[[-64.7075,-33.9574],[-64.7071,-33.9534],[-64.7121,-33.9531],[-64.7118,-33.9576],[-64.7075,-33.9574]]],[[[-64.9954,-34.088],[-64.9882,-34.0866],[-64.9872,-34.0887],[-64.9804,-34.0894],[-64.9792,-34.0869],[-64.9741,-34.0864],[-64.9745,-34.0915],[-64.9701,-34.0922],[-64.9679,-34.0964],[-64.9867,-34.0905],[-64.9875,-34.0924],[-64.9658,-34.111],[-64.9682,-34.1142],[-64.9651,-34.1175],[-64.9574,-34.1089],[-64.955,-34.1104],[-64.9552,-34.1153],[-64.9623,-34.1221],[-64.9584,-34.1246],[-64.9494,-34.1206],[-64.9303,-34.136],[-64.93,-34.1413],[-64.9147,-34.1512],[-64.9024,-34.1511],[-64.9019,-34.159],[-64.8932,-34.1591],[-64.8926,-34.1511],[-64.8824,-34.1511],[-64.8807,-34.1545],[-64.874,-34.1551],[-64.8738,-34.1518],[-64.864,-34.1516],[-64.864,-34.1556],[-64.8704,-34.1557],[-64.8735,-34.1598],[-64.8734,-34.1744],[-64.8623,-34.1746],[-64.8595,-34.1735],[-64.8461,-34.1731],[-64.8457,-34.1638],[-64.8215,-34.1625],[-64.819,-34.1663],[-64.8114,-34.1663],[-64.8103,-34.1602],[-64.8067,-34.1609],[-64.8084,-34.147],[-64.8201,-34.1477],[-64.8269,-34.1458],[-64.8285,-34.1505],[-64.8456,-34.1499],[-64.8449,-34.141],[-64.8453,-34.1323],[-64.8367,-34.1331],[-64.8366,-34.1286],[-64.874,-34.1292],[-64.8753,-34.1336],[-64.8861,-34.1333],[-64.8869,-34.1213],[-64.9016,-34.1206],[-64.9029,-34.1356],[-64.9146,-34.1355],[-64.9141,-34.132],[-64.9104,-34.1306],[-64.9106,-34.1179],[-64.9033,-34.1154],[-64.9048,-34.1107],[-64.9288,-34.1069],[-64.9281,-34.0935],[-64.9249,-34.0932],[-64.9158,-34.0859],[-64.9133,-34.0749],[-64.9058,-34.0744],[-64.9068,-34.085],[-64.9022,-34.0919],[-64.8801,-34.0833],[-64.8741,-34.0838],[-64.8731,-34.0587],[-64.9146,-34.045],[-64.9302,-34.0452],[-64.9312,-34.06],[-64.9359,-34.0589],[-64.951,-34.0508],[-64.9537,-34.0454],[-64.9659,-34.0437],[-64.9665,-34.0481],[-64.9773,-34.0471],[-64.9784,-34.0393],[-64.9901,-34.0288],[-64.9903,-34.0145],[-64.9869,-34.0092],[-65.0088,-34.0062],[-65.0099,-33.999],[-65.029,-33.9905],[-65.0352,-33.9979],[-65.0545,-33.9989],[-65.0536,-33.9857],[-65.0592,-33.9681],[-65.058,-33.9542],[-65.06,-33.9504],[-65.0696,-33.9501],[-65.0693,-33.9593],[-65.0978,-33.9587],[-65.1049,-33.9515],[-65.1039,-33.9395],[-65.1113,-33.9392],[-65.1106,-33.9759],[-65.0989,-33.9831],[-65.0982,-33.9898],[-65.0741,-33.9917],[-65.0622,-34.0063],[-65.0615,-34.0115],[-65.065,-34.0151],[-65.0551,-34.0151],[-65.0512,-34.0103],[-65.0478,-34.01],[-65.0484,-34.0289],[-65.055,-34.0323],[-65.0545,-34.0423],[-65.0428,-34.0406],[-65.0366,-34.043],[-65.032,-34.0406],[-65.0212,-34.0217],[-65.0131,-34.0275],[-65.0227,-34.0395],[-65.0353,-34.044],[-65.0317,-34.0469],[-65.0242,-34.0473],[-65.0229,-34.0504],[-65.0146,-34.0522],[-65.0147,-34.0563],[-65.0353,-34.0588],[-65.0356,-34.0657],[-65.014,-34.0634],[-65.0147,-34.0597],[-65.0111,-34.0587],[-65.0101,-34.0521],[-65.0044,-34.0521],[-65.003,-34.0565],[-64.9988,-34.0571],[-64.9991,-34.0715],[-65.0072,-34.073],[-65.0057,-34.08],[-64.9957,-34.0845],[-64.9954,-34.088]],[[-64.8471,-34.1512],[-64.8474,-34.159],[-64.8594,-34.1594],[-64.859,-34.1515],[-64.8471,-34.1512]]],[[[-65.0575,-33.9227],[-65.104,-33.9218],[-65.1042,-33.9324],[-65.1101,-33.9318],[-65.11,-33.9347],[-65.1042,-33.935],[-65.1016,-33.9316],[-65.0792,-33.9327],[-65.0789,-33.9386],[-65.0565,-33.9394],[-65.0565,-33.9424],[-65.0471,-33.9428],[-65.0469,-33.931],[-65.0506,-33.9326],[-65.0582,-33.9328],[-65.0575,-33.9227]]],[[[-64.9568,-33.6704],[-64.9566,-33.6616],[-64.9626,-33.6609],[-64.9643,-33.6703],[-64.9568,-33.6704]]],[[[-65.0852,-33.6386],[-65.0923,-33.6385],[-65.0953,-33.6416],[-65.1058,-33.6408],[-65.1064,-33.6523],[-65.0851,-33.6521],[-65.0852,-33.6386]]],[[[-65.096,-33.6072],[-65.1094,-33.6061],[-65.1033,-33.6159],[-65.0951,-33.6166],[-65.096,-33.6072]]],[[[-64.9898,-33.6143],[-64.9905,-33.6087],[-64.9998,-33.6076],[-65.0105,-33.6024],[-65.0111,-33.5971],[-65.0233,-33.5938],[-65.0286,-33.5806],[-65.0292,-33.5728],[-65.0252,-33.565],[-65.0192,-33.5595],[-65.0266,-33.5578],[-65.0289,-33.5619],[-65.0338,-33.563],[-65.0366,-33.5683],[-65.0407,-33.5704],[-65.0408,-33.5779],[-65.0389,-33.592],[-65.0314,-33.5934],[-65.0331,-33.598],[-65.0307,-33.6058],[-65.024,-33.6078],[-65.0133,-33.6133],[-64.9881,-33.6181],[-64.9898,-33.6143]]],[[[-65.1011,-33.4945],[-65.1051,-33.4894],[-65.1178,-33.4783],[-65.1262,-33.47],[-65.1306,-33.4716],[-65.1245,-33.4772],[-65.115,-33.4846],[-65.1121,-33.4896],[-65.1064,-33.4969],[-65.0969,-33.5048],[-65.097,-33.5092],[-65.0839,-33.513],[-65.0808,-33.5198],[-65.0687,-33.5226],[-65.0788,-33.5123],[-65.082,-33.507],[-65.0883,-33.5031],[-65.0926,-33.4981],[-65.092,-33.4903],[-65.0967,-33.4846],[-65.097,-33.4949],[-65.1011,-33.4945]]],[[[-64.967,-33.1344],[-64.9704,-33.1344],[-64.971,-33.139],[-64.9655,-33.1399],[-64.967,-33.1344]]],[[[-64.9839,-33.1218],[-64.9934,-33.123],[-64.9913,-33.128],[-64.9846,-33.1267],[-64.9812,-33.1239],[-64.9839,-33.1218]]],[[[-65.0211,-33.1259],[-65.0231,-33.1224],[-65.0292,-33.1229],[-65.0263,-33.1184],[-65.0264,-33.1154],[-65.0316,-33.1152],[-65.0345,-33.1302],[-65.031,-33.1337],[-65.0249,-33.1338],[-65.0246,-33.1291],[-65.0211,-33.1259]]],[[[-65.0211,-33.1259],[-65.0159,-33.1268],[-65.0197,-33.1334],[-65.0207,-33.1416],[-65.0251,-33.146],[-65.0256,-33.1565],[-65.0202,-33.157],[-65.0205,-33.1609],[-65.017,-33.1625],[-65.0097,-33.1626],[-65.007,-33.1669],[-64.9978,-33.1659],[-64.9978,-33.1604],[-64.9951,-33.1561],[-64.9904,-33.1536],[-64.9883,-33.1553],[-64.982,-33.1547],[-64.979,-33.1516],[-64.9713,-33.1515],[-64.9704,-33.1551],[-64.9657,-33.155],[-64.9661,-33.1509],[-64.9642,-33.1441],[-64.9683,-33.1417],[-64.9741,-33.1408],[-64.9759,-33.1389],[-64.9835,-33.1389],[-64.9841,-33.1332],[-64.9919,-33.1319],[-64.9956,-33.1279],[-65.004,-33.1268],[-65.0047,-33.1206],[-65.0103,-33.1198],[-65.0091,-33.1157],[-65.0208,-33.1154],[-65.0211,-33.1259]]],[[[-65.0244,-33.1104],[-65.0252,-33.1037],[-65.0286,-33.1038],[-65.0287,-33.1105],[-65.0244,-33.1104]]],[[[-64.9705,-33.1016],[-64.9693,-33.0978],[-64.9752,-33.0979],[-64.9809,-33.1009],[-64.9735,-33.1067],[-64.9658,-33.1072],[-64.967,-33.1095],[-64.9745,-33.1095],[-64.9762,-33.1133],[-64.98,-33.1114],[-64.9848,-33.1117],[-64.9851,-33.1147],[-64.9771,-33.1158],[-64.974,-33.1189],[-64.9686,-33.1184],[-64.9696,-33.1222],[-64.9676,-33.1266],[-64.9622,-33.1282],[-64.9557,-33.139],[-64.9489,-33.1418],[-64.9464,-33.1394],[-64.9528,-33.1341],[-64.9529,-33.1253],[-64.9478,-33.131],[-64.9465,-33.1344],[-64.9431,-33.1364],[-64.937,-33.1363],[-64.9365,-33.1317],[-64.9437,-33.1299],[-64.9441,-33.1272],[-64.9393,-33.1265],[-64.9401,-33.1204],[-64.9384,-33.1164],[-64.9441,-33.1163],[-64.9443,-33.126],[-64.9483,-33.1256],[-64.9482,-33.1199],[-64.9546,-33.1118],[-64.958,-33.1109],[-64.9624,-33.1048],[-64.9703,-33.1046],[-64.9705,-33.1016]]],[[[-64.9207,-33.0666],[-64.9297,-33.0665],[-64.9331,-33.0686],[-64.9302,-33.0736],[-64.9297,-33.0792],[-64.9364,-33.0791],[-64.9365,-33.0817],[-64.9312,-33.0848],[-64.9318,-33.0923],[-64.9293,-33.0934],[-64.9284,-33.1007],[-64.9209,-33.1022],[-64.9159,-33.101],[-64.9159,-33.0965],[-64.9102,-33.0966],[-64.9105,-33.1028],[-64.9068,-33.1056],[-64.9015,-33.1057],[-64.901,-33.1011],[-64.8985,-33.0967],[-64.9034,-33.0954],[-64.9034,-33.0793],[-64.9069,-33.0728],[-64.907,-33.0691],[-64.9166,-33.0691],[-64.9207,-33.0666]]],[[[-64.9451,-33.0636],[-64.9475,-33.0604],[-64.9512,-33.0604],[-64.9517,-33.0672],[-64.9494,-33.0691],[-64.9413,-33.0696],[-64.9385,-33.0671],[-64.9412,-33.0641],[-64.9451,-33.0636]]],[[[-65.0182,-33.0577],[-65.0234,-33.0558],[-65.0256,-33.0571],[-65.0238,-33.0633],[-65.0243,-33.0704],[-65.0119,-33.0704],[-65.01,-33.0657],[-65.0158,-33.0641],[-65.0182,-33.0577]]],[[[-64.9692,-33.0924],[-64.9663,-33.0931],[-64.9599,-33.0989],[-64.9501,-33.0996],[-64.95,-33.1016],[-64.9562,-33.1025],[-64.9566,-33.1067],[-64.9537,-33.1072],[-64.9466,-33.1005],[-64.9409,-33.1042],[-64.9501,-33.1053],[-64.9485,-33.1131],[-64.9439,-33.114],[-64.9371,-33.112],[-64.9341,-33.108],[-64.9398,-33.1079],[-64.9386,-33.1048],[-64.9337,-33.1078],[-64.9285,-33.1064],[-64.9268,-33.1039],[-64.9389,-33.1026],[-64.9396,-33.1001],[-64.9442,-33.0987],[-64.947,-33.0934],[-64.9414,-33.0917],[-64.9347,-33.0915],[-64.9351,-33.0848],[-64.9522,-33.0845],[-64.9513,-33.0797],[-64.9547,-33.0796],[-64.9537,-33.0698],[-64.9567,-33.0651],[-64.9603,-33.0644],[-64.9604,-33.0603],[-64.9451,-33.0578],[-64.9373,-33.0635],[-64.9247,-33.0627],[-64.925,-33.0552],[-64.9385,-33.055],[-64.9409,-33.048],[-64.9542,-33.0409],[-64.9693,-33.041],[-64.9718,-33.046],[-64.9698,-33.0544],[-64.9753,-33.0539],[-64.974,-33.0494],[-64.9757,-33.0454],[-64.9865,-33.0404],[-64.9965,-33.0405],[-64.9958,-33.038],[-65.0009,-33.0338],[-65.0024,-33.0379],[-64.9994,-33.0404],[-65.0026,-33.044],[-64.9989,-33.047],[-64.999,-33.0514],[-64.9907,-33.0514],[-64.991,-33.0544],[-65.0011,-33.0565],[-65.0016,-33.0612],[-64.9979,-33.0618],[-64.9935,-33.0595],[-64.9913,-33.068],[-64.9965,-33.0693],[-65.0042,-33.068],[-65.0074,-33.0713],[-65.0063,-33.0733],[-64.9939,-33.0773],[-64.9942,-33.0839],[-64.9895,-33.0841],[-64.9882,-33.0881],[-64.984,-33.0877],[-64.9861,-33.0933],[-64.9807,-33.0928],[-64.9808,-33.0874],[-64.9835,-33.0835],[-64.983,-33.0794],[-64.9804,-33.0757],[-64.977,-33.0746],[-64.9759,-33.0701],[-64.9721,-33.0702],[-64.974,-33.0768],[-64.9671,-33.0773],[-64.9644,-33.0808],[-64.967,-33.0833],[-64.9642,-33.0875],[-64.9691,-33.0881],[-64.9694,-33.0921],[-64.9692,-33.0924]]],[[[-64.9726,-33.0395],[-64.9698,-33.0347],[-64.9699,-33.0293],[-64.9737,-33.0268],[-64.9754,-33.0397],[-64.9726,-33.0395]]],[[[-65.0019,-33.0263],[-65.0009,-33.0223],[-65.0076,-33.0231],[-65.0056,-33.0262],[-65.0019,-33.0263]]],[[[-64.9085,-33.0192],[-64.9111,-33.0164],[-64.9153,-33.0163],[-64.9198,-33.0207],[-64.9304,-33.0209],[-64.9342,-33.0184],[-64.9339,-33.0158],[-64.9477,-33.0159],[-64.948,-33.0191],[-64.9427,-33.0192],[-64.9439,-33.0275],[-64.9387,-33.0331],[-64.9348,-33.0332],[-64.9319,-33.0385],[-64.9309,-33.0434],[-64.9333,-33.0529],[-64.9286,-33.0538],[-64.9256,-33.0506],[-64.9217,-33.0508],[-64.9204,-33.0598],[-64.9147,-33.0607],[-64.9113,-33.0645],[-64.9069,-33.0634],[-64.9065,-33.0668],[-64.9014,-33.0753],[-64.8977,-33.0762],[-64.896,-33.0691],[-64.8997,-33.0691],[-64.896,-33.0631],[-64.8878,-33.0634],[-64.8854,-33.0547],[-64.8815,-33.0548],[-64.8808,-33.0605],[-64.8852,-33.0603],[-64.8855,-33.0716],[-64.8803,-33.0714],[-64.8798,-33.067],[-64.872,-33.0639],[-64.8761,-33.061],[-64.8782,-33.0561],[-64.8782,-33.051],[-64.8863,-33.0507],[-64.8886,-33.0464],[-64.8882,-33.0427],[-64.8752,-33.0441],[-64.8774,-33.0373],[-64.8724,-33.0365],[-64.8721,-33.0307],[-64.8918,-33.0304],[-64.8929,-33.0281],[-64.9005,-33.0281],[-64.9005,-33.0314],[-64.8921,-33.0315],[-64.8918,-33.034],[-64.8971,-33.0383],[-64.8989,-33.0348],[-64.9126,-33.0346],[-64.9159,-33.0367],[-64.9094,-33.0394],[-64.9059,-33.0438],[-64.9013,-33.0446],[-64.9039,-33.0487],[-64.9107,-33.0481],[-64.9155,-33.0431],[-64.9168,-33.0396],[-64.9221,-33.0366],[-64.9208,-33.0309],[-64.9182,-33.0265],[-64.9114,-33.0277],[-64.9086,-33.0231],[-64.9085,-33.0192]]],[[[-65.0006,-33.0097],[-64.9968,-33.0148],[-64.9925,-33.0153],[-64.9904,-33.0122],[-65.0006,-33.0097]]],[[[-64.9533,-33.0066],[-64.96,-33.0065],[-64.948,-33.0158],[-64.9475,-33.0109],[-64.9534,-33.0108],[-64.9533,-33.0066]]],[[[-65.0134,-32.9989],[-65.0173,-32.9986],[-65.0175,-33.0067],[-65.0143,-33.0078],[-65.0043,-33.0083],[-65.0056,-33.0056],[-65.0134,-32.9989]]],[[[-64.92,-33.0033],[-64.9225,-33.0013],[-64.9296,-33],[-64.9301,-33.0039],[-64.9395,-33.0047],[-64.9436,-33.0006],[-64.9477,-33.0001],[-64.9462,-33.0056],[-64.9394,-33.0101],[-64.9337,-33.0121],[-64.9264,-33.0122],[-64.9295,-33.0089],[-64.9287,-33.0031],[-64.9226,-33.0055],[-64.92,-33.0033]]],[[[-64.9082,-32.999],[-64.9071,-33.0083],[-64.9114,-33.0071],[-64.9106,-33.0026],[-64.9178,-33.0054],[-64.9172,-33.0101],[-64.9074,-33.0118],[-64.9014,-33.0118],[-64.8999,-33.0038],[-64.8939,-33.0038],[-64.8948,-33.0005],[-64.908,-33.0003],[-64.9082,-32.999]]],[[[-64.8752,-32.9964],[-64.8857,-32.9962],[-64.8863,-33.0009],[-64.8836,-33.0032],[-64.8796,-33.0012],[-64.8796,-32.9987],[-64.8752,-32.9964]]],[[[-65.014,-32.9933],[-65.0079,-32.9953],[-65.0064,-32.992],[-65.014,-32.9933]]],[[[-64.915,-32.9921],[-64.9151,-32.9887],[-64.922,-32.9885],[-64.9218,-32.9911],[-64.915,-32.9921]]],[[[-64.9025,-32.9856],[-64.9057,-32.9867],[-64.9128,-32.9862],[-64.9114,-32.9951],[-64.908,-32.9986],[-64.9007,-32.9991],[-64.9072,-32.9924],[-64.9071,-32.9894],[-64.9025,-32.9856]]],[[[-65.0126,-32.9834],[-65.0167,-32.9822],[-65.0184,-32.9863],[-65.0109,-32.9875],[-65.0126,-32.9834]]],[[[-64.8698,-33.0444],[-64.8657,-33.048],[-64.8573,-33.0476],[-64.8525,-33.0487],[-64.8462,-33.0449],[-64.8461,-33.0425],[-64.8455,-33.0386],[-64.8369,-33.0299],[-64.8327,-33.0317],[-64.8284,-33.0317],[-64.8283,-33.028],[-64.8322,-33.0246],[-64.8304,-33.0183],[-64.8325,-33.0151],[-64.8319,-33.0109],[-64.8371,-33.0122],[-64.8371,-33.0093],[-64.8296,-33.0094],[-64.8192,-32.9995],[-64.8205,-32.995],[-64.818,-32.9925],[-64.812,-32.9907],[-64.8151,-32.9821],[-64.8222,-32.9823],[-64.8331,-32.9919],[-64.8379,-32.992],[-64.8418,-32.995],[-64.8414,-33.0028],[-64.8393,-33.0073],[-64.8469,-33.0114],[-64.8562,-33.0103],[-64.8649,-33.0104],[-64.8629,-33.0135],[-64.8577,-33.0138],[-64.8516,-33.0197],[-64.8567,-33.0199],[-64.8621,-33.0184],[-64.864,-33.0235],[-64.8724,-33.0246],[-64.8707,-33.0281],[-64.8714,-33.0371],[-64.8736,-33.0405],[-64.8719,-33.0443],[-64.8698,-33.0444]]],[[[-64.9993,-32.981],[-64.9992,-32.9771],[-65.007,-32.977],[-65.005,-32.9814],[-65.0016,-32.9819],[-64.9953,-32.9882],[-64.9901,-32.989],[-64.9881,-32.9925],[-64.9799,-32.993],[-64.9798,-32.9905],[-64.9742,-32.9881],[-64.9758,-32.9856],[-64.9745,-32.9812],[-64.9867,-32.98],[-64.9869,-32.9823],[-64.9811,-32.988],[-64.9869,-32.9908],[-64.9868,-32.9854],[-64.9955,-32.9847],[-64.9993,-32.981]]],[[[-64.9432,-32.9718],[-64.9523,-32.9713],[-64.9564,-32.9791],[-64.9472,-32.9793],[-64.9411,-32.9821],[-64.9412,-32.9859],[-64.9469,-32.9837],[-64.9554,-32.9842],[-64.9601,-32.981],[-64.9651,-32.9801],[-64.9662,-32.9853],[-64.9602,-32.9858],[-64.9573,-32.9878],[-64.9438,-32.988],[-64.9374,-32.9897],[-64.9377,-32.9947],[-64.935,-32.9953],[-64.9352,-32.9837],[-64.9323,-32.9872],[-64.9251,-32.9848],[-64.932,-32.9824],[-64.9339,-32.9783],[-64.9414,-32.9767],[-64.9432,-32.9718]]],[[[-64.9032,-32.9662],[-64.9057,-32.9647],[-64.9056,-32.9594],[-64.9111,-32.9621],[-64.9108,-32.9679],[-64.9067,-32.972],[-64.9054,-32.9753],[-64.8986,-32.9771],[-64.8946,-32.9809],[-64.8992,-32.9835],[-64.8889,-32.9848],[-64.8897,-32.9879],[-64.8952,-32.9878],[-64.8944,-32.9953],[-64.8878,-32.996],[-64.8888,-32.9892],[-64.8853,-32.9885],[-64.8837,-32.9851],[-64.8799,-32.9824],[-64.8797,-32.9735],[-64.8848,-32.9737],[-64.8855,-32.9845],[-64.8905,-32.9827],[-64.8913,-32.979],[-64.8884,-32.9719],[-64.8883,-32.9684],[-64.8936,-32.9681],[-64.8934,-32.971],[-64.9019,-32.9701],[-64.9032,-32.9662]]],[[[-64.993,-32.9524],[-64.9942,-32.9553],[-64.9994,-32.9575],[-64.9992,-32.9604],[-64.9945,-32.9637],[-64.9956,-32.9661],[-64.9888,-32.9685],[-64.9874,-32.9718],[-64.9828,-32.9718],[-64.9828,-32.9615],[-64.9862,-32.9614],[-64.9875,-32.9577],[-64.9832,-32.9575],[-64.9747,-32.9619],[-64.9695,-32.9636],[-64.9688,-32.9703],[-64.9624,-32.9722],[-64.9632,-32.9677],[-64.9587,-32.9663],[-64.9598,-32.9629],[-64.9671,-32.9628],[-64.9698,-32.9584],[-64.9784,-32.9583],[-64.9866,-32.9555],[-64.9862,-32.9533],[-64.993,-32.9524]]],[[[-64.969,-32.9305],[-64.9692,-32.9286],[-64.9807,-32.9285],[-64.9779,-32.9329],[-64.9847,-32.9349],[-64.9683,-32.9356],[-64.9679,-32.9397],[-64.9764,-32.9362],[-64.9755,-32.9421],[-64.9694,-32.9429],[-64.9679,-32.9402],[-64.9627,-32.9404],[-64.9623,-32.9346],[-64.9653,-32.9308],[-64.969,-32.9305]]],[[[-64.9514,-32.9244],[-64.9524,-32.922],[-64.9596,-32.9218],[-64.961,-32.9265],[-64.9607,-32.9319],[-64.9479,-32.9322],[-64.9464,-32.9297],[-64.9516,-32.9276],[-64.9514,-32.9244]]],[[[-64.9889,-32.9453],[-64.9886,-32.9499],[-64.9832,-32.9512],[-64.9802,-32.9558],[-64.9751,-32.9559],[-64.9725,-32.9571],[-64.9696,-32.9559],[-64.969,-32.959],[-64.9647,-32.9599],[-64.9536,-32.966],[-64.9463,-32.9667],[-64.9403,-32.9568],[-64.9361,-32.9609],[-64.9306,-32.9604],[-64.9281,-32.9641],[-64.9316,-32.966],[-64.9277,-32.9728],[-64.929,-32.9749],[-64.9357,-32.9749],[-64.9356,-32.977],[-64.929,-32.9774],[-64.9287,-32.9817],[-64.9207,-32.9795],[-64.9197,-32.9763],[-64.9155,-32.9772],[-64.9129,-32.97],[-64.9135,-32.9665],[-64.9173,-32.9637],[-64.9287,-32.9606],[-64.9288,-32.9544],[-64.9225,-32.9501],[-64.9166,-32.9502],[-64.9148,-32.952],[-64.9088,-32.9519],[-64.9046,-32.9457],[-64.9063,-32.9421],[-64.9007,-32.9412],[-64.8988,-32.9441],[-64.8884,-32.9447],[-64.8886,-32.9523],[-64.8826,-32.9489],[-64.8809,-32.9465],[-64.8758,-32.9476],[-64.8806,-32.9522],[-64.8834,-32.9568],[-64.8803,-32.9584],[-64.8774,-32.9524],[-64.8741,-32.9525],[-64.8749,-32.9595],[-64.8793,-32.9593],[-64.8794,-32.9637],[-64.8733,-32.9722],[-64.8701,-32.974],[-64.8552,-32.9732],[-64.8543,-32.9689],[-64.8504,-32.9641],[-64.8503,-32.9599],[-64.8397,-32.958],[-64.8424,-32.9533],[-64.8464,-32.9505],[-64.8441,-32.9466],[-64.8469,-32.944],[-64.8487,-32.9343],[-64.8564,-32.933],[-64.8565,-32.9385],[-64.8636,-32.9367],[-64.8637,-32.9324],[-64.8704,-32.932],[-64.8718,-32.9408],[-64.8632,-32.9437],[-64.8657,-32.9468],[-64.8751,-32.943],[-64.8761,-32.9404],[-64.8838,-32.9331],[-64.8835,-32.9285],[-64.8907,-32.9259],[-64.8933,-32.9227],[-64.8931,-32.9196],[-64.8995,-32.9191],[-64.9002,-32.9227],[-64.9055,-32.9224],[-64.9102,-32.9201],[-64.9118,-32.9224],[-64.9174,-32.9222],[-64.9178,-32.9192],[-64.9245,-32.9198],[-64.9218,-32.9255],[-64.924,-32.9271],[-64.9284,-32.9246],[-64.9316,-32.9267],[-64.9444,-32.9197],[-64.9473,-32.924],[-64.9392,-32.9244],[-64.935,-32.9276],[-64.9361,-32.9305],[-64.9279,-32.9316],[-64.927,-32.9386],[-64.9229,-32.9386],[-64.9217,-32.9428],[-64.9288,-32.9415],[-64.9291,-32.9361],[-64.9385,-32.9361],[-64.9342,-32.9403],[-64.9317,-32.9403],[-64.9314,-32.9471],[-64.9375,-32.9443],[-64.9404,-32.9402],[-64.9583,-32.9387],[-64.9581,-32.9422],[-64.9482,-32.9507],[-64.956,-32.95],[-64.9561,-32.956],[-64.9606,-32.9534],[-64.9597,-32.9503],[-64.9642,-32.9489],[-64.9664,-32.9442],[-64.9717,-32.9453],[-64.9739,-32.9522],[-64.9823,-32.951],[-64.9889,-32.9453]]],[[[-64.9843,-32.9166],[-64.9833,-32.9213],[-64.9786,-32.9215],[-64.9757,-32.9169],[-64.9843,-32.9166]]],[[[-64.9384,-32.9146],[-64.9414,-32.9184],[-64.9339,-32.9186],[-64.9384,-32.9146]]],[[[-64.9674,-32.9104],[-64.969,-32.9131],[-64.9667,-32.9174],[-64.9621,-32.9158],[-64.962,-32.9129],[-64.9674,-32.9104]]],[[[-64.8284,-32.9146],[-64.8343,-32.9147],[-64.835,-32.9189],[-64.8331,-32.9246],[-64.828,-32.925],[-64.8285,-32.9303],[-64.8224,-32.9303],[-64.8199,-32.926],[-64.8089,-32.9262],[-64.8076,-32.9221],[-64.8026,-32.9141],[-64.8051,-32.9115],[-64.811,-32.9104],[-64.815,-32.9076],[-64.8167,-32.9111],[-64.818,-32.9113],[-64.822,-32.9111],[-64.8224,-32.9117],[-64.8231,-32.9141],[-64.8284,-32.9146]]],[[[-64.8615,-32.893],[-64.8645,-32.8938],[-64.8737,-32.8933],[-64.8746,-32.8973],[-64.8669,-32.8987],[-64.8659,-32.9024],[-64.8617,-32.9033],[-64.8645,-32.9099],[-64.8694,-32.9107],[-64.8699,-32.915],[-64.8735,-32.9149],[-64.8766,-32.9173],[-64.8914,-32.9162],[-64.8924,-32.9217],[-64.8869,-32.9231],[-64.887,-32.926],[-64.8833,-32.9273],[-64.8834,-32.9311],[-64.8759,-32.932],[-64.8722,-32.9309],[-64.8615,-32.9309],[-64.8614,-32.9285],[-64.8557,-32.9284],[-64.8535,-32.9312],[-64.848,-32.9297],[-64.8461,-32.9273],[-64.8465,-32.9229],[-64.8384,-32.9245],[-64.8337,-32.9239],[-64.8429,-32.9171],[-64.8356,-32.9169],[-64.8343,-32.9135],[-64.8356,-32.9103],[-64.8415,-32.9096],[-64.8369,-32.9057],[-64.8385,-32.9019],[-64.8584,-32.9014],[-64.8608,-32.8999],[-64.8595,-32.8954],[-64.8615,-32.893]]],[[[-64.942,-32.8632],[-64.9435,-32.8717],[-64.9405,-32.8747],[-64.9306,-32.8733],[-64.9316,-32.8683],[-64.9358,-32.8677],[-64.937,-32.8636],[-64.942,-32.8632]]],[[[-64.9048,-32.8543],[-64.9079,-32.8568],[-64.9084,-32.862],[-64.9137,-32.864],[-64.9139,-32.8693],[-64.9211,-32.87],[-64.9214,-32.8727],[-64.9105,-32.8746],[-64.9058,-32.8709],[-64.8995,-32.8768],[-64.8928,-32.8791],[-64.8897,-32.8771],[-64.8951,-32.8741],[-64.895,-32.8715],[-64.9035,-32.8673],[-64.9017,-32.8645],[-64.9007,-32.8584],[-64.9048,-32.8543]]],[[[-64.9116,-32.9139],[-64.9084,-32.9187],[-64.9046,-32.9206],[-64.9007,-32.9201],[-64.8984,-32.9133],[-64.8957,-32.9115],[-64.8876,-32.9119],[-64.8865,-32.9077],[-64.8816,-32.9058],[-64.8798,-32.9012],[-64.876,-32.9005],[-64.8756,-32.9049],[-64.871,-32.9043],[-64.875,-32.8972],[-64.8739,-32.8932],[-64.8646,-32.8935],[-64.8543,-32.8916],[-64.851,-32.8951],[-64.8491,-32.8996],[-64.8451,-32.8986],[-64.8486,-32.8947],[-64.846,-32.8922],[-64.8392,-32.8971],[-64.8367,-32.8902],[-64.8343,-32.8889],[-64.8312,-32.882],[-64.831,-32.8821],[-64.8307,-32.8871],[-64.8262,-32.884],[-64.8227,-32.8857],[-64.8125,-32.8875],[-64.8124,-32.8827],[-64.8097,-32.8793],[-64.808,-32.8756],[-64.8098,-32.8705],[-64.8151,-32.866],[-64.8166,-32.8637],[-64.8116,-32.8583],[-64.8107,-32.8548],[-64.8207,-32.8544],[-64.8232,-32.8528],[-64.8322,-32.8518],[-64.835,-32.8533],[-64.8346,-32.8591],[-64.8394,-32.8591],[-64.8414,-32.861],[-64.8475,-32.8602],[-64.8569,-32.8638],[-64.8635,-32.8635],[-64.8662,-32.8594],[-64.8701,-32.8564],[-64.8724,-32.8577],[-64.8712,-32.8675],[-64.8758,-32.8661],[-64.8799,-32.8576],[-64.8836,-32.8543],[-64.8895,-32.8586],[-64.8844,-32.8615],[-64.8814,-32.8664],[-64.8846,-32.8708],[-64.8742,-32.8723],[-64.8752,-32.8766],[-64.8794,-32.875],[-64.8861,-32.8779],[-64.8893,-32.8845],[-64.901,-32.8775],[-64.9099,-32.8793],[-64.9089,-32.884],[-64.9023,-32.8858],[-64.9025,-32.8882],[-64.9073,-32.8903],[-64.9072,-32.8879],[-64.909,-32.8865],[-64.9195,-32.8869],[-64.9125,-32.8901],[-64.9144,-32.8947],[-64.919,-32.8924],[-64.9223,-32.8879],[-64.9249,-32.8907],[-64.926,-32.896],[-64.9312,-32.8885],[-64.9348,-32.8858],[-64.9397,-32.8873],[-64.9384,-32.8913],[-64.9442,-32.8933],[-64.9442,-32.8969],[-64.9528,-32.8993],[-64.9497,-32.9067],[-64.9586,-32.9053],[-64.9613,-32.903],[-64.967,-32.904],[-64.9586,-32.9084],[-64.9526,-32.9092],[-64.9525,-32.9124],[-64.9428,-32.9126],[-64.9409,-32.9094],[-64.9356,-32.9117],[-64.9335,-32.9088],[-64.93,-32.9135],[-64.919,-32.9148],[-64.914,-32.9139],[-64.9116,-32.9139]]],[[[-64.8918,-32.8466],[-64.8882,-32.8398],[-64.891,-32.8378],[-64.8971,-32.8395],[-64.8985,-32.8419],[-64.8948,-32.8465],[-64.8918,-32.8466]]],[[[-64.9143,-32.8457],[-64.9147,-32.8445],[-64.9249,-32.8354],[-64.9257,-32.8408],[-64.9245,-32.8448],[-64.9305,-32.8467],[-64.9317,-32.8518],[-64.929,-32.8577],[-64.929,-32.8605],[-64.9249,-32.8648],[-64.9262,-32.8679],[-64.9197,-32.8686],[-64.9188,-32.8657],[-64.9239,-32.8604],[-64.9221,-32.8536],[-64.9179,-32.8484],[-64.9154,-32.8481],[-64.9121,-32.852],[-64.9036,-32.8495],[-64.9022,-32.8426],[-64.9063,-32.8421],[-64.9143,-32.8457]]],[[[-64.8478,-32.8313],[-64.8497,-32.8277],[-64.8553,-32.8288],[-64.8563,-32.8354],[-64.8581,-32.8384],[-64.8618,-32.8394],[-64.868,-32.8367],[-64.8715,-32.8371],[-64.8766,-32.8408],[-64.8845,-32.8415],[-64.8825,-32.8461],[-64.8844,-32.8516],[-64.8728,-32.8556],[-64.8717,-32.8532],[-64.8672,-32.853],[-64.867,-32.8561],[-64.8634,-32.8585],[-64.8543,-32.8547],[-64.8538,-32.858],[-64.8447,-32.8564],[-64.8425,-32.8519],[-64.8363,-32.8501],[-64.8298,-32.8511],[-64.8254,-32.8495],[-64.8201,-32.8533],[-64.8158,-32.8475],[-64.8094,-32.8484],[-64.8102,-32.843],[-64.8148,-32.8393],[-64.8205,-32.837],[-64.8262,-32.8366],[-64.8284,-32.8333],[-64.8478,-32.8313]]],[[[-64.8989,-32.8233],[-64.901,-32.8287],[-64.8922,-32.8227],[-64.8849,-32.827],[-64.8868,-32.8342],[-64.8806,-32.8376],[-64.8748,-32.8321],[-64.8658,-32.832],[-64.866,-32.8269],[-64.8748,-32.8257],[-64.8776,-32.8293],[-64.8833,-32.8218],[-64.8866,-32.8212],[-64.8904,-32.816],[-64.8923,-32.8104],[-64.8957,-32.8107],[-64.897,-32.8139],[-64.8949,-32.8162],[-64.8989,-32.8233]]],[[[-64.8727,-32.8131],[-64.8753,-32.8092],[-64.8797,-32.8069],[-64.8797,-32.8192],[-64.8749,-32.8205],[-64.8729,-32.8163],[-64.8632,-32.8198],[-64.8585,-32.819],[-64.8571,-32.8221],[-64.8524,-32.818],[-64.8515,-32.8147],[-64.846,-32.8144],[-64.8453,-32.8124],[-64.8497,-32.8089],[-64.8553,-32.809],[-64.8578,-32.8118],[-64.8648,-32.8137],[-64.8671,-32.8158],[-64.8727,-32.8131]]],[[[-64.7783,-32.8036],[-64.7775,-32.8015],[-64.765,-32.8007],[-64.7632,-32.7955],[-64.7577,-32.7923],[-64.7526,-32.7928],[-64.7504,-32.7894],[-64.7541,-32.7854],[-64.7594,-32.7867],[-64.7649,-32.7865],[-64.7698,-32.7883],[-64.7749,-32.7822],[-64.7857,-32.7836],[-64.7882,-32.7802],[-64.7927,-32.7806],[-64.792,-32.7878],[-64.7873,-32.7862],[-64.7862,-32.7896],[-64.7877,-32.7938],[-64.785,-32.8007],[-64.7783,-32.8036]]],[[[-64.8041,-32.854],[-64.802,-32.8527],[-64.7941,-32.8533],[-64.7864,-32.8471],[-64.7823,-32.8467],[-64.777,-32.8432],[-64.7739,-32.8408],[-64.7685,-32.8416],[-64.7626,-32.8441],[-64.7609,-32.8395],[-64.7641,-32.8372],[-64.7661,-32.8341],[-64.7642,-32.8288],[-64.7676,-32.8216],[-64.7734,-32.8178],[-64.7636,-32.8137],[-64.7624,-32.8116],[-64.7654,-32.8065],[-64.7726,-32.8033],[-64.7776,-32.804],[-64.7784,-32.8039],[-64.7924,-32.7977],[-64.7886,-32.7952],[-64.7888,-32.7917],[-64.7982,-32.7878],[-64.8002,-32.7856],[-64.8046,-32.7857],[-64.8083,-32.78],[-64.8148,-32.782],[-64.819,-32.7794],[-64.8225,-32.7809],[-64.8249,-32.7782],[-64.8303,-32.7809],[-64.8336,-32.7851],[-64.8385,-32.7878],[-64.8427,-32.786],[-64.8425,-32.7788],[-64.8486,-32.7796],[-64.8515,-32.7831],[-64.8472,-32.7861],[-64.8586,-32.7888],[-64.8619,-32.7872],[-64.8636,-32.7947],[-64.8712,-32.7982],[-64.8796,-32.798],[-64.8814,-32.7948],[-64.885,-32.7962],[-64.8831,-32.8005],[-64.8793,-32.8005],[-64.8674,-32.8003],[-64.8654,-32.8053],[-64.8531,-32.808],[-64.8548,-32.8003],[-64.8443,-32.7974],[-64.8407,-32.8027],[-64.8453,-32.8041],[-64.8498,-32.8079],[-64.8465,-32.8097],[-64.8427,-32.8144],[-64.8457,-32.821],[-64.8423,-32.8206],[-64.8409,-32.8166],[-64.8382,-32.8166],[-64.836,-32.8181],[-64.8386,-32.8236],[-64.8392,-32.829],[-64.8334,-32.8279],[-64.831,-32.8319],[-64.8244,-32.8251],[-64.8184,-32.827],[-64.8212,-32.8297],[-64.8251,-32.8303],[-64.8258,-32.8344],[-64.8202,-32.8336],[-64.8154,-32.8363],[-64.8148,-32.8385],[-64.8099,-32.8412],[-64.8058,-32.8473],[-64.8068,-32.8508],[-64.8132,-32.8507],[-64.814,-32.8529],[-64.8041,-32.854]]],[[[-64.842,-32.7587],[-64.8437,-32.7541],[-64.8492,-32.7561],[-64.8521,-32.76],[-64.8508,-32.7618],[-64.8444,-32.7623],[-64.8439,-32.766],[-64.8381,-32.7697],[-64.8362,-32.773],[-64.8305,-32.7767],[-64.8259,-32.7768],[-64.8253,-32.7738],[-64.8326,-32.7697],[-64.8366,-32.7611],[-64.842,-32.7587]]],[[[-64.8875,-32.7578],[-64.8896,-32.7518],[-64.8925,-32.7518],[-64.8931,-32.7573],[-64.8943,-32.7615],[-64.8901,-32.7695],[-64.8864,-32.7715],[-64.8941,-32.7757],[-64.8853,-32.7757],[-64.888,-32.7825],[-64.888,-32.7855],[-64.893,-32.7875],[-64.8893,-32.79],[-64.8782,-32.7865],[-64.8744,-32.7866],[-64.8722,-32.7892],[-64.8652,-32.787],[-64.8652,-32.7839],[-64.8585,-32.7839],[-64.8484,-32.7782],[-64.8449,-32.7751],[-64.8385,-32.772],[-64.8449,-32.7677],[-64.858,-32.7724],[-64.8594,-32.7762],[-64.8666,-32.776],[-64.8664,-32.7731],[-64.8733,-32.7713],[-64.8781,-32.7688],[-64.874,-32.7642],[-64.8685,-32.7686],[-64.8621,-32.7669],[-64.8636,-32.7645],[-64.8687,-32.7647],[-64.8711,-32.7601],[-64.8796,-32.7598],[-64.8814,-32.7582],[-64.8875,-32.7578]]],[[[-64.8861,-32.7437],[-64.8919,-32.7465],[-64.8893,-32.7503],[-64.8814,-32.7465],[-64.8784,-32.7492],[-64.8817,-32.7565],[-64.8669,-32.7566],[-64.8642,-32.7586],[-64.866,-32.762],[-64.8617,-32.7631],[-64.8588,-32.7698],[-64.8555,-32.7709],[-64.8497,-32.7646],[-64.8552,-32.7627],[-64.8553,-32.7553],[-64.8535,-32.7515],[-64.8534,-32.7456],[-64.8654,-32.7443],[-64.8703,-32.7476],[-64.8744,-32.7442],[-64.8829,-32.7412],[-64.8853,-32.743],[-64.8861,-32.7437]]],[[[-64.8715,-32.742],[-64.8714,-32.7378],[-64.8755,-32.7357],[-64.875,-32.7416],[-64.8715,-32.742]]],[[[-64.7918,-32.7419],[-64.7906,-32.7367],[-64.799,-32.7341],[-64.8022,-32.7374],[-64.798,-32.739],[-64.7987,-32.7418],[-64.7918,-32.7419]]],[[[-64.8549,-32.7259],[-64.8587,-32.7254],[-64.8595,-32.7293],[-64.853,-32.7316],[-64.8604,-32.7351],[-64.8611,-32.7306],[-64.8645,-32.7285],[-64.8703,-32.7324],[-64.8692,-32.7366],[-64.8644,-32.7367],[-64.8575,-32.7397],[-64.859,-32.7426],[-64.8526,-32.7451],[-64.847,-32.7461],[-64.8515,-32.7497],[-64.8472,-32.7524],[-64.8349,-32.7508],[-64.835,-32.7557],[-64.8291,-32.7534],[-64.8299,-32.7581],[-64.8221,-32.7547],[-64.8173,-32.7495],[-64.8191,-32.7455],[-64.8278,-32.7433],[-64.8288,-32.7405],[-64.8468,-32.7396],[-64.8465,-32.7352],[-64.8423,-32.7297],[-64.8351,-32.7289],[-64.8345,-32.7267],[-64.8467,-32.7272],[-64.8549,-32.7259]]],[[[-64.7942,-32.7225],[-64.7985,-32.7224],[-64.7989,-32.7261],[-64.8033,-32.7267],[-64.8052,-32.7322],[-64.7934,-32.7318],[-64.7924,-32.7246],[-64.7942,-32.7225]]],[[[-64.7459,-32.7396],[-64.7474,-32.742],[-64.7494,-32.7414],[-64.7493,-32.7371],[-64.7489,-32.735],[-64.7548,-32.7345],[-64.7605,-32.726],[-64.7539,-32.721],[-64.7599,-32.7191],[-64.7658,-32.7249],[-64.7762,-32.723],[-64.7807,-32.7314],[-64.7787,-32.7351],[-64.7778,-32.7427],[-64.7806,-32.7418],[-64.7819,-32.7313],[-64.791,-32.7281],[-64.7888,-32.7375],[-64.7899,-32.7453],[-64.7758,-32.7472],[-64.776,-32.7522],[-64.783,-32.7479],[-64.7837,-32.7519],[-64.7875,-32.7518],[-64.789,-32.7489],[-64.7961,-32.7438],[-64.8031,-32.7434],[-64.8046,-32.74],[-64.8103,-32.7394],[-64.8073,-32.7447],[-64.8071,-32.7494],[-64.8039,-32.7519],[-64.8058,-32.7561],[-64.8116,-32.7528],[-64.8081,-32.749],[-64.8106,-32.7464],[-64.8163,-32.7512],[-64.8197,-32.7554],[-64.8166,-32.7676],[-64.8106,-32.7712],[-64.8152,-32.773],[-64.8179,-32.7708],[-64.8235,-32.7704],[-64.8248,-32.7742],[-64.8184,-32.7783],[-64.8083,-32.7777],[-64.8059,-32.781],[-64.7969,-32.782],[-64.799,-32.7784],[-64.789,-32.7782],[-64.7835,-32.7817],[-64.7736,-32.7816],[-64.7706,-32.786],[-64.7626,-32.7849],[-64.7604,-32.7864],[-64.7552,-32.7843],[-64.7573,-32.7781],[-64.7486,-32.7694],[-64.7473,-32.7586],[-64.7366,-32.755],[-64.7351,-32.7424],[-64.7395,-32.7384],[-64.7457,-32.7394],[-64.7459,-32.7396]]],[[[-64.7818,-32.7112],[-64.7861,-32.7068],[-64.7929,-32.7067],[-64.8024,-32.7167],[-64.796,-32.716],[-64.792,-32.7197],[-64.7906,-32.7234],[-64.7838,-32.7226],[-64.7839,-32.7284],[-64.7789,-32.7281],[-64.7799,-32.7233],[-64.7706,-32.7204],[-64.7655,-32.7227],[-64.7636,-32.7171],[-64.7701,-32.7109],[-64.7746,-32.7107],[-64.7811,-32.7155],[-64.7818,-32.7112]]],[[[-64.7932,-32.7054],[-64.7916,-32.7029],[-64.7943,-32.7004],[-64.7901,-32.6962],[-64.7951,-32.6948],[-64.8015,-32.6952],[-64.8017,-32.7012],[-64.7991,-32.7053],[-64.7932,-32.7054]]],[[[-64.81,-32.696],[-64.8158,-32.6968],[-64.8136,-32.7015],[-64.8104,-32.7008],[-64.8043,-32.7029],[-64.8038,-32.6971],[-64.81,-32.696]]],[[[-64.8647,-32.6952],[-64.8596,-32.6937],[-64.8604,-32.6908],[-64.8676,-32.692],[-64.8664,-32.6968],[-64.8742,-32.6929],[-64.8795,-32.6963],[-64.8694,-32.7016],[-64.8656,-32.7025],[-64.8625,-32.7077],[-64.8515,-32.7094],[-64.8502,-32.714],[-64.8445,-32.713],[-64.8332,-32.72],[-64.8282,-32.7212],[-64.8233,-32.724],[-64.8212,-32.7197],[-64.8182,-32.7178],[-64.8131,-32.7177],[-64.8086,-32.7218],[-64.8051,-32.7224],[-64.8036,-32.7191],[-64.8072,-32.7106],[-64.8174,-32.7101],[-64.822,-32.7113],[-64.8281,-32.7108],[-64.8244,-32.7071],[-64.8291,-32.7006],[-64.8378,-32.7029],[-64.8329,-32.7089],[-64.8336,-32.7106],[-64.8426,-32.7103],[-64.8422,-32.7087],[-64.8502,-32.7009],[-64.8559,-32.7017],[-64.8576,-32.6995],[-64.8523,-32.6958],[-64.8536,-32.6913],[-64.8562,-32.6912],[-64.8583,-32.6956],[-64.8629,-32.6976],[-64.8647,-32.6952]]],[[[-64.708,-32.7297],[-64.7039,-32.7325],[-64.6997,-32.7358],[-64.6927,-32.7375],[-64.6889,-32.7369],[-64.6889,-32.7431],[-64.687,-32.7443],[-64.6857,-32.7468],[-64.683,-32.7533],[-64.6714,-32.7582],[-64.6681,-32.7558],[-64.6628,-32.755],[-64.66,-32.7577],[-64.6604,-32.7585],[-64.6577,-32.7645],[-64.6501,-32.7663],[-64.6478,-32.7644],[-64.6406,-32.7662],[-64.6342,-32.7634],[-64.631,-32.764],[-64.6294,-32.7666],[-64.6273,-32.7683],[-64.6239,-32.7694],[-64.6213,-32.7695],[-64.6175,-32.7706],[-64.6114,-32.7733],[-64.6116,-32.7687],[-64.6117,-32.7687],[-64.6163,-32.7645],[-64.618,-32.7631],[-64.6279,-32.761],[-64.6293,-32.7581],[-64.6295,-32.758],[-64.6296,-32.7579],[-64.6297,-32.7578],[-64.6338,-32.7572],[-64.6316,-32.7549],[-64.6358,-32.7541],[-64.6396,-32.7526],[-64.6391,-32.7499],[-64.6381,-32.7476],[-64.6415,-32.7454],[-64.6414,-32.7469],[-64.647,-32.7489],[-64.6477,-32.749],[-64.6487,-32.748],[-64.6499,-32.7469],[-64.6506,-32.743],[-64.6559,-32.7406],[-64.6577,-32.7434],[-64.6621,-32.7407],[-64.6625,-32.7403],[-64.664,-32.7405],[-64.6654,-32.7404],[-64.668,-32.74],[-64.6681,-32.74],[-64.6724,-32.7257],[-64.6725,-32.7256],[-64.6772,-32.7192],[-64.6768,-32.7186],[-64.6775,-32.7165],[-64.6776,-32.7165],[-64.679,-32.7116],[-64.6819,-32.7097],[-64.6821,-32.7094],[-64.6899,-32.7028],[-64.69,-32.7028],[-64.6928,-32.6982],[-64.6925,-32.6953],[-64.6926,-32.6944],[-64.693,-32.6884],[-64.6932,-32.6875],[-64.6937,-32.6868],[-64.6963,-32.6855],[-64.703,-32.686],[-64.7096,-32.6879],[-64.7099,-32.6903],[-64.7078,-32.6917],[-64.7052,-32.6969],[-64.7065,-32.6982],[-64.719,-32.6986],[-64.7204,-32.7002],[-64.7196,-32.7071],[-64.7171,-32.7103],[-64.7184,-32.7167],[-64.7169,-32.7188],[-64.7157,-32.7265],[-64.7124,-32.7271],[-64.708,-32.7297]]],[[[-64.7381,-32.7373],[-64.7335,-32.7405],[-64.7305,-32.732],[-64.7362,-32.726],[-64.7322,-32.7221],[-64.7202,-32.7225],[-64.7192,-32.7192],[-64.7275,-32.7124],[-64.7262,-32.7079],[-64.729,-32.703],[-64.7251,-32.6996],[-64.7259,-32.695],[-64.7311,-32.6926],[-64.7356,-32.6926],[-64.7389,-32.6889],[-64.7332,-32.6837],[-64.7265,-32.6851],[-64.7233,-32.6898],[-64.7172,-32.6871],[-64.7102,-32.6902],[-64.7097,-32.6879],[-64.7084,-32.6873],[-64.7069,-32.6815],[-64.7084,-32.6801],[-64.7097,-32.6776],[-64.7115,-32.6761],[-64.7119,-32.6745],[-64.713,-32.6701],[-64.7168,-32.6673],[-64.7102,-32.6641],[-64.7101,-32.6617],[-64.7087,-32.6602],[-64.7046,-32.6567],[-64.7,-32.6554],[-64.7021,-32.6518],[-64.7018,-32.646],[-64.7063,-32.646],[-64.7088,-32.6439],[-64.7132,-32.6456],[-64.7147,-32.641],[-64.7175,-32.6392],[-64.7176,-32.6335],[-64.7226,-32.6362],[-64.7336,-32.6359],[-64.7388,-32.6375],[-64.7407,-32.6435],[-64.7353,-32.6453],[-64.7356,-32.6483],[-64.7414,-32.6506],[-64.7428,-32.6531],[-64.7476,-32.6559],[-64.748,-32.658],[-64.7401,-32.6581],[-64.739,-32.6622],[-64.7515,-32.6633],[-64.7538,-32.6645],[-64.7532,-32.6714],[-64.7505,-32.6783],[-64.7563,-32.6769],[-64.7588,-32.6733],[-64.7588,-32.6661],[-64.7619,-32.6644],[-64.7668,-32.666],[-64.7757,-32.6648],[-64.7869,-32.6664],[-64.7843,-32.6711],[-64.789,-32.6749],[-64.7813,-32.6795],[-64.781,-32.6828],[-64.7769,-32.6852],[-64.7823,-32.6914],[-64.7754,-32.6962],[-64.7816,-32.6973],[-64.784,-32.7002],[-64.784,-32.707],[-64.7782,-32.7077],[-64.7745,-32.7102],[-64.7714,-32.7058],[-64.7615,-32.7037],[-64.761,-32.7002],[-64.7536,-32.7039],[-64.7527,-32.7089],[-64.7584,-32.71],[-64.763,-32.714],[-64.7591,-32.7171],[-64.7548,-32.715],[-64.7477,-32.718],[-64.7451,-32.7217],[-64.7416,-32.7321],[-64.7391,-32.7334],[-64.7381,-32.7373]]],[[[-64.7514,-32.6124],[-64.754,-32.6081],[-64.7585,-32.6116],[-64.7564,-32.616],[-64.7615,-32.6155],[-64.7648,-32.6194],[-64.768,-32.6189],[-64.7698,-32.6229],[-64.7634,-32.6247],[-64.7646,-32.6288],[-64.7607,-32.6346],[-64.7643,-32.644],[-64.7592,-32.6424],[-64.7536,-32.6438],[-64.7512,-32.6475],[-64.7455,-32.6468],[-64.7446,-32.6396],[-64.7502,-32.6374],[-64.7448,-32.6335],[-64.7429,-32.6371],[-64.7316,-32.6343],[-64.726,-32.6341],[-64.7276,-32.6274],[-64.7235,-32.6259],[-64.7156,-32.6267],[-64.7147,-32.6235],[-64.7263,-32.6229],[-64.7287,-32.6179],[-64.7369,-32.6143],[-64.741,-32.6136],[-64.7423,-32.6087],[-64.7473,-32.6103],[-64.7461,-32.6193],[-64.7425,-32.6227],[-64.7433,-32.6265],[-64.7472,-32.6267],[-64.7468,-32.6209],[-64.7501,-32.617],[-64.748,-32.6135],[-64.7514,-32.6124]]],[[[-64.6253,-32.6375],[-64.6261,-32.6343],[-64.6367,-32.6264],[-64.6455,-32.6281],[-64.6488,-32.6268],[-64.6499,-32.6223],[-64.6526,-32.6224],[-64.6698,-32.6179],[-64.6747,-32.6176],[-64.6926,-32.6117],[-64.709,-32.6085],[-64.7202,-32.6076],[-64.7246,-32.6109],[-64.7224,-32.6155],[-64.7224,-32.6221],[-64.717,-32.6209],[-64.713,-32.6228],[-64.7117,-32.626],[-64.7136,-32.6297],[-64.7065,-32.6333],[-64.7045,-32.6356],[-64.7096,-32.6396],[-64.7078,-32.6419],[-64.7004,-32.6445],[-64.6971,-32.6569],[-64.695,-32.6591],[-64.6906,-32.6593],[-64.6863,-32.6611],[-64.6806,-32.6657],[-64.6764,-32.6641],[-64.6734,-32.6641],[-64.67,-32.6658],[-64.6669,-32.6614],[-64.6591,-32.6591],[-64.6545,-32.66],[-64.6519,-32.6553],[-64.6402,-32.6528],[-64.6371,-32.6506],[-64.6267,-32.649],[-64.6267,-32.6487],[-64.6277,-32.6447],[-64.6253,-32.6375]]],[[[-64.6915,-32.596],[-64.6928,-32.597],[-64.6936,-32.6043],[-64.6903,-32.6078],[-64.6901,-32.6121],[-64.6833,-32.6126],[-64.6816,-32.6123],[-64.6807,-32.6102],[-64.681,-32.6063],[-64.6849,-32.6045],[-64.6886,-32.596],[-64.6915,-32.596]]],[[[-64.6274,-32.5875],[-64.6271,-32.5908],[-64.6347,-32.5969],[-64.6373,-32.5908],[-64.6417,-32.5888],[-64.6481,-32.5886],[-64.6462,-32.5935],[-64.6501,-32.5964],[-64.656,-32.5956],[-64.6609,-32.5931],[-64.6644,-32.5941],[-64.6641,-32.5976],[-64.6567,-32.5987],[-64.6578,-32.6037],[-64.66,-32.604],[-64.6664,-32.5981],[-64.6691,-32.599],[-64.6688,-32.6038],[-64.6655,-32.6071],[-64.6679,-32.6087],[-64.6712,-32.6142],[-64.6707,-32.6161],[-64.6659,-32.6188],[-64.6601,-32.6196],[-64.6536,-32.6186],[-64.6499,-32.6193],[-64.646,-32.6237],[-64.6454,-32.628],[-64.6341,-32.6221],[-64.6242,-32.6219],[-64.624,-32.6145],[-64.6136,-32.6142],[-64.6112,-32.61],[-64.6077,-32.6086],[-64.6085,-32.6054],[-64.6048,-32.6031],[-64.6006,-32.6071],[-64.5962,-32.6032],[-64.5975,-32.5987],[-64.5972,-32.596],[-64.6015,-32.5926],[-64.6073,-32.592],[-64.6138,-32.5891],[-64.6192,-32.591],[-64.6244,-32.5903],[-64.6274,-32.5875]]],[[[-64.6181,-32.5732],[-64.6199,-32.5762],[-64.6273,-32.5783],[-64.6286,-32.5803],[-64.6191,-32.5874],[-64.6156,-32.5888],[-64.612,-32.5859],[-64.6,-32.5866],[-64.6021,-32.5908],[-64.5925,-32.5908],[-64.5937,-32.5852],[-64.5886,-32.5816],[-64.592,-32.5788],[-64.596,-32.5788],[-64.6068,-32.5809],[-64.6093,-32.5787],[-64.6099,-32.5745],[-64.6181,-32.5732]]],[[[-64.7712,-32.5637],[-64.7755,-32.5626],[-64.7788,-32.5591],[-64.7831,-32.5587],[-64.7829,-32.5653],[-64.7777,-32.5637],[-64.7757,-32.5665],[-64.7815,-32.5714],[-64.7749,-32.5727],[-64.7736,-32.5776],[-64.7688,-32.5811],[-64.7648,-32.5782],[-64.7613,-32.5819],[-64.7627,-32.5863],[-64.7539,-32.5891],[-64.7566,-32.5917],[-64.7588,-32.5978],[-64.7522,-32.6056],[-64.7477,-32.6044],[-64.7466,-32.6003],[-64.7424,-32.6021],[-64.7387,-32.5977],[-64.7426,-32.5929],[-64.7463,-32.592],[-64.746,-32.5869],[-64.7396,-32.5869],[-64.7412,-32.5805],[-64.738,-32.5786],[-64.7352,-32.5819],[-64.7386,-32.5872],[-64.7329,-32.5907],[-64.7286,-32.5838],[-64.731,-32.58],[-64.7301,-32.5789],[-64.7243,-32.5778],[-64.724,-32.574],[-64.73,-32.5743],[-64.741,-32.5709],[-64.7428,-32.5684],[-64.7481,-32.5689],[-64.7473,-32.572],[-64.7505,-32.5735],[-64.7582,-32.5735],[-64.7634,-32.5682],[-64.7682,-32.5678],[-64.7712,-32.5637]]],[[[-64.7106,-32.5691],[-64.7228,-32.5692],[-64.7232,-32.5749],[-64.7205,-32.5781],[-64.7162,-32.5761],[-64.7154,-32.5799],[-64.7085,-32.5835],[-64.7109,-32.5899],[-64.7164,-32.5928],[-64.7237,-32.5901],[-64.7284,-32.594],[-64.7254,-32.5964],[-64.7162,-32.5969],[-64.7139,-32.5944],[-64.7088,-32.5978],[-64.7041,-32.5974],[-64.7041,-32.6044],[-64.7006,-32.6081],[-64.6958,-32.6085],[-64.6953,-32.6048],[-64.6991,-32.6033],[-64.701,-32.5999],[-64.7003,-32.593],[-64.6964,-32.592],[-64.6932,-32.5889],[-64.6913,-32.5938],[-64.6834,-32.5878],[-64.6788,-32.5877],[-64.6781,-32.5927],[-64.669,-32.5917],[-64.664,-32.5902],[-64.66,-32.586],[-64.66,-32.576],[-64.6631,-32.5692],[-64.6662,-32.5687],[-64.678,-32.5609],[-64.6755,-32.5585],[-64.6822,-32.5553],[-64.6924,-32.5587],[-64.6986,-32.5597],[-64.6929,-32.5635],[-64.6995,-32.567],[-64.7054,-32.562],[-64.7065,-32.5667],[-64.7097,-32.569],[-64.7106,-32.5691]]],[[[-64.7046,-32.545],[-64.7047,-32.5488],[-64.6963,-32.5486],[-64.6843,-32.5536],[-64.6814,-32.5512],[-64.6762,-32.5548],[-64.6765,-32.5492],[-64.6789,-32.5488],[-64.6772,-32.5425],[-64.6846,-32.5395],[-64.6907,-32.5426],[-64.6973,-32.5402],[-64.7011,-32.5442],[-64.7028,-32.5438],[-64.7029,-32.5438],[-64.7046,-32.545]]],[[[-64.7247,-32.5327],[-64.7287,-32.5358],[-64.7356,-32.5334],[-64.7419,-32.5365],[-64.7405,-32.5427],[-64.7369,-32.5457],[-64.7311,-32.5411],[-64.722,-32.5437],[-64.7194,-32.5384],[-64.7214,-32.5346],[-64.7247,-32.5327]]],[[[-64.6902,-32.5234],[-64.6945,-32.5203],[-64.698,-32.5239],[-64.705,-32.5236],[-64.7165,-32.525],[-64.7164,-32.5349],[-64.7115,-32.533],[-64.7074,-32.5347],[-64.7062,-32.5328],[-64.704,-32.5314],[-64.6954,-32.5327],[-64.6902,-32.5234]]],[[[-64.7233,-32.5101],[-64.7209,-32.5106],[-64.715,-32.5093],[-64.7097,-32.5123],[-64.7073,-32.5145],[-64.7066,-32.5152],[-64.7054,-32.5189],[-64.7016,-32.5198],[-64.694,-32.5133],[-64.7021,-32.5099],[-64.7026,-32.5068],[-64.7068,-32.5022],[-64.7055,-32.4998],[-64.7138,-32.4984],[-64.7142,-32.4977],[-64.7179,-32.4976],[-64.7225,-32.4969],[-64.7226,-32.4964],[-64.7281,-32.4953],[-64.7282,-32.5035],[-64.7239,-32.5038],[-64.7233,-32.5101]]],[[[-64.7666,-32.5386],[-64.7654,-32.5463],[-64.7561,-32.5475],[-64.7561,-32.5448],[-64.7497,-32.5441],[-64.7455,-32.5472],[-64.7403,-32.5479],[-64.7402,-32.5446],[-64.7452,-32.5452],[-64.7512,-32.539],[-64.7603,-32.5419],[-64.7631,-32.5403],[-64.7647,-32.5319],[-64.7677,-32.5302],[-64.7623,-32.5254],[-64.7674,-32.5226],[-64.7725,-32.5129],[-64.7679,-32.5113],[-64.7648,-32.5082],[-64.7582,-32.5089],[-64.7567,-32.513],[-64.7535,-32.5133],[-64.7461,-32.5166],[-64.7464,-32.521],[-64.7498,-32.5318],[-64.7466,-32.5338],[-64.7361,-32.5326],[-64.744,-32.5291],[-64.744,-32.5267],[-64.7428,-32.5212],[-64.731,-32.5245],[-64.728,-32.5271],[-64.7242,-32.5222],[-64.7258,-32.5206],[-64.7316,-32.5194],[-64.7319,-32.5162],[-64.7287,-32.5135],[-64.7308,-32.51],[-64.7292,-32.506],[-64.7349,-32.506],[-64.7378,-32.5102],[-64.7448,-32.5125],[-64.7554,-32.5094],[-64.7572,-32.4996],[-64.7531,-32.4959],[-64.7485,-32.4982],[-64.744,-32.4926],[-64.7442,-32.4926],[-64.7467,-32.4912],[-64.7457,-32.4875],[-64.7486,-32.4869],[-64.7525,-32.4876],[-64.7558,-32.4856],[-64.758,-32.4852],[-64.7628,-32.4879],[-64.768,-32.4887],[-64.7709,-32.4909],[-64.7785,-32.4878],[-64.776,-32.4827],[-64.773,-32.4821],[-64.7716,-32.4752],[-64.7747,-32.4758],[-64.7791,-32.484],[-64.7792,-32.484],[-64.7904,-32.484],[-64.788,-32.4868],[-64.7829,-32.4895],[-64.7786,-32.4936],[-64.7791,-32.4972],[-64.7874,-32.491],[-64.7913,-32.484],[-64.7971,-32.4839],[-64.7975,-32.4839],[-64.8015,-32.4832],[-64.8049,-32.4868],[-64.7974,-32.4917],[-64.8033,-32.4935],[-64.8033,-32.4954],[-64.796,-32.4961],[-64.7982,-32.4994],[-64.8034,-32.5],[-64.801,-32.5044],[-64.7919,-32.4998],[-64.7898,-32.5047],[-64.7852,-32.507],[-64.7844,-32.5177],[-64.7811,-32.5214],[-64.7813,-32.5263],[-64.7721,-32.5251],[-64.7756,-32.5312],[-64.7735,-32.534],[-64.7762,-32.5371],[-64.7713,-32.5385],[-64.7666,-32.5386]]],[[[-62.9296,-32.4738],[-62.9373,-32.4788],[-62.9504,-32.4751],[-62.9509,-32.4837],[-62.9291,-32.4936],[-62.9208,-32.48],[-62.9296,-32.4738]]],[[[-62.5986,-32.4477],[-62.6054,-32.4477],[-62.6056,-32.4553],[-62.6078,-32.4576],[-62.602,-32.4601],[-62.6039,-32.4671],[-62.6,-32.4699],[-62.5927,-32.465],[-62.5932,-32.458],[-62.5879,-32.4575],[-62.5801,-32.4527],[-62.5612,-32.4579],[-62.5513,-32.4556],[-62.5379,-32.4578],[-62.5535,-32.448],[-62.567,-32.4501],[-62.5806,-32.4489],[-62.5864,-32.4522],[-62.5986,-32.4477]]],[[[-62.4637,-32.4456],[-62.4739,-32.4427],[-62.4826,-32.4419],[-62.4836,-32.4374],[-62.4948,-32.4449],[-62.4933,-32.4498],[-62.487,-32.4526],[-62.4769,-32.4487],[-62.4753,-32.4514],[-62.4612,-32.453],[-62.4637,-32.4456]]],[[[-64.7965,-32.4184],[-64.7998,-32.4182],[-64.8043,-32.4152],[-64.805,-32.4197],[-64.8107,-32.4199],[-64.8137,-32.4167],[-64.8169,-32.4171],[-64.8196,-32.4227],[-64.8261,-32.4297],[-64.8178,-32.4325],[-64.8137,-32.4377],[-64.8091,-32.4356],[-64.8112,-32.4313],[-64.8052,-32.4302],[-64.8004,-32.4238],[-64.7984,-32.4277],[-64.7939,-32.4306],[-64.7918,-32.4287],[-64.7799,-32.4331],[-64.7689,-32.422],[-64.7646,-32.4214],[-64.7653,-32.4178],[-64.7721,-32.4172],[-64.7744,-32.4212],[-64.7894,-32.4198],[-64.7921,-32.4179],[-64.7965,-32.4184]]],[[[-64.7183,-32.4228],[-64.7207,-32.4174],[-64.7262,-32.4133],[-64.7297,-32.4161],[-64.7268,-32.42],[-64.7298,-32.4239],[-64.7324,-32.417],[-64.7367,-32.4168],[-64.7438,-32.4215],[-64.7534,-32.4169],[-64.7582,-32.4199],[-64.754,-32.4246],[-64.7575,-32.4295],[-64.7578,-32.4345],[-64.7554,-32.4395],[-64.7549,-32.4477],[-64.7581,-32.449],[-64.757,-32.453],[-64.7609,-32.4543],[-64.7671,-32.4493],[-64.7718,-32.4471],[-64.7622,-32.4415],[-64.7639,-32.4369],[-64.7677,-32.4359],[-64.7694,-32.4414],[-64.7786,-32.4489],[-64.7849,-32.4475],[-64.7818,-32.4538],[-64.7868,-32.4543],[-64.7876,-32.4583],[-64.7838,-32.4614],[-64.7804,-32.4607],[-64.7714,-32.4628],[-64.7764,-32.4667],[-64.7766,-32.4719],[-64.7722,-32.471],[-64.7703,-32.4752],[-64.76,-32.4786],[-64.7559,-32.4773],[-64.7501,-32.4797],[-64.7437,-32.4777],[-64.7417,-32.4691],[-64.7448,-32.4649],[-64.7445,-32.4601],[-64.7494,-32.4558],[-64.7455,-32.4532],[-64.7393,-32.4598],[-64.7368,-32.4577],[-64.7381,-32.4544],[-64.7439,-32.4513],[-64.7464,-32.4438],[-64.75,-32.4394],[-64.75,-32.4296],[-64.7455,-32.4277],[-64.7383,-32.4284],[-64.7313,-32.4314],[-64.7218,-32.4264],[-64.7183,-32.4228]]],[[[-62.7108,-32.4283],[-62.7176,-32.4254],[-62.7258,-32.4234],[-62.7317,-32.4172],[-62.7438,-32.4156],[-62.7433,-32.4209],[-62.7452,-32.4357],[-62.7331,-32.4337],[-62.7326,-32.4283],[-62.7268,-32.4312],[-62.7306,-32.4361],[-62.7243,-32.4419],[-62.7209,-32.4394],[-62.7178,-32.4308],[-62.7112,-32.4373],[-62.7035,-32.4381],[-62.7108,-32.4283]]],[[[-64.7706,-32.4063],[-64.7707,-32.4036],[-64.7761,-32.4],[-64.7764,-32.4052],[-64.7783,-32.4079],[-64.7707,-32.4108],[-64.7706,-32.4063]]],[[[-64.7863,-32.396],[-64.7867,-32.3992],[-64.7796,-32.3995],[-64.7764,-32.3956],[-64.785,-32.3969],[-64.7863,-32.396]]],[[[-64.7914,-32.3968],[-64.7955,-32.391],[-64.7999,-32.3894],[-64.8009,-32.3928],[-64.796,-32.3966],[-64.7914,-32.3968]]],[[[-64.7395,-32.3905],[-64.7447,-32.3886],[-64.7448,-32.3936],[-64.7391,-32.3947],[-64.7395,-32.3905]]],[[[-62.5164,-32.391],[-62.5339,-32.3895],[-62.5319,-32.3956],[-62.5265,-32.3948],[-62.5236,-32.3968],[-62.526,-32.403],[-62.5178,-32.4072],[-62.5109,-32.4149],[-62.5119,-32.4219],[-62.5036,-32.4214],[-62.5007,-32.4161],[-62.5037,-32.4116],[-62.51,-32.4054],[-62.5091,-32.3968],[-62.5164,-32.391]]],[[[-64.3385,-32.3842],[-64.3344,-32.3821],[-64.3353,-32.3774],[-64.3412,-32.3726],[-64.3456,-32.375],[-64.3426,-32.3806],[-64.3385,-32.3842]]],[[[-62.5858,-32.3859],[-62.5868,-32.3789],[-62.5945,-32.3884],[-62.6013,-32.3876],[-62.6076,-32.393],[-62.6221,-32.3914],[-62.625,-32.3972],[-62.609,-32.4103],[-62.5963,-32.4181],[-62.5963,-32.4107],[-62.6061,-32.4021],[-62.6055,-32.3977],[-62.5988,-32.4012],[-62.5945,-32.3938],[-62.5858,-32.3859]]],[[[-64.7552,-32.4066],[-64.7515,-32.4036],[-64.7472,-32.3977],[-64.7501,-32.3938],[-64.751,-32.3881],[-64.7502,-32.384],[-64.7535,-32.382],[-64.7532,-32.3764],[-64.7556,-32.3754],[-64.7545,-32.3668],[-64.7575,-32.3647],[-64.7629,-32.3673],[-64.76,-32.3746],[-64.7587,-32.3853],[-64.7592,-32.3945],[-64.7572,-32.3979],[-64.7571,-32.4069],[-64.7552,-32.4066]]],[[[-64.5195,-32.3975],[-64.5415,-32.3654],[-64.5448,-32.3644],[-64.5453,-32.3708],[-64.5493,-32.3734],[-64.5494,-32.3993],[-64.5349,-32.4036],[-64.5326,-32.4084],[-64.5291,-32.4106],[-64.5284,-32.4174],[-64.5245,-32.4166],[-64.5222,-32.4041],[-64.5141,-32.4087],[-64.5138,-32.4065],[-64.5127,-32.4034],[-64.5208,-32.4024],[-64.5195,-32.3975]]],[[[-64.2829,-32.6554],[-64.2814,-32.6512],[-64.2745,-32.6518],[-64.2676,-32.6509],[-64.2658,-32.6457],[-64.2617,-32.6458],[-64.26,-32.6417],[-64.2548,-32.642],[-64.2539,-32.638],[-64.2561,-32.6274],[-64.2538,-32.6233],[-64.2553,-32.6183],[-64.2578,-32.6151],[-64.2593,-32.609],[-64.2623,-32.604],[-64.2633,-32.5967],[-64.2626,-32.5904],[-64.2676,-32.5882],[-64.2647,-32.5794],[-64.2592,-32.5776],[-64.2589,-32.5746],[-64.2665,-32.5728],[-64.2644,-32.5621],[-64.2604,-32.5619],[-64.2559,-32.563],[-64.2544,-32.5599],[-64.2538,-32.5577],[-64.2512,-32.5544],[-64.2489,-32.5552],[-64.2503,-32.5612],[-64.2509,-32.5665],[-64.2505,-32.5689],[-64.2441,-32.57],[-64.2438,-32.5721],[-64.2498,-32.582],[-64.249,-32.5848],[-64.249,-32.5862],[-64.2492,-32.5924],[-64.2543,-32.5954],[-64.2539,-32.6068],[-64.2542,-32.6109],[-64.2478,-32.6068],[-64.2455,-32.6029],[-64.2501,-32.602],[-64.2501,-32.5962],[-64.2478,-32.5952],[-64.2445,-32.5899],[-64.2446,-32.5878],[-64.2418,-32.5884],[-64.2358,-32.583],[-64.2338,-32.5795],[-64.233,-32.5761],[-64.2317,-32.5697],[-64.2357,-32.5685],[-64.2333,-32.5571],[-64.2305,-32.5582],[-64.2285,-32.5567],[-64.2239,-32.5559],[-64.2235,-32.5495],[-64.2282,-32.5457],[-64.2246,-32.5437],[-64.2268,-32.5399],[-64.2288,-32.5397],[-64.2341,-32.539],[-64.2366,-32.5359],[-64.2348,-32.5328],[-64.2365,-32.5327],[-64.2405,-32.5347],[-64.2399,-32.5267],[-64.2367,-32.5246],[-64.2363,-32.5199],[-64.2336,-32.5199],[-64.2347,-32.5255],[-64.2299,-32.5242],[-64.2292,-32.5199],[-64.2265,-32.513],[-64.2228,-32.4995],[-64.2216,-32.492],[-64.2224,-32.488],[-64.2219,-32.4759],[-64.2251,-32.4756],[-64.2257,-32.4709],[-64.2209,-32.471],[-64.2199,-32.4678],[-64.2242,-32.4651],[-64.2248,-32.46],[-64.2224,-32.4584],[-64.2198,-32.4526],[-64.2196,-32.4447],[-64.2229,-32.4448],[-64.224,-32.4478],[-64.2246,-32.4457],[-64.2311,-32.4453],[-64.2317,-32.4373],[-64.2362,-32.4388],[-64.2392,-32.4416],[-64.2449,-32.4378],[-64.2409,-32.4327],[-64.2478,-32.4323],[-64.2491,-32.4289],[-64.2424,-32.4247],[-64.254,-32.4249],[-64.2545,-32.4294],[-64.2598,-32.4274],[-64.2627,-32.4332],[-64.2635,-32.44],[-64.261,-32.4423],[-64.2665,-32.4482],[-64.2668,-32.4535],[-64.273,-32.4566],[-64.2795,-32.4568],[-64.2794,-32.4516],[-64.2826,-32.4492],[-64.2774,-32.4469],[-64.2715,-32.4416],[-64.2748,-32.439],[-64.2802,-32.4392],[-64.2822,-32.4311],[-64.2887,-32.4299],[-64.2871,-32.4242],[-64.2803,-32.43],[-64.2763,-32.4284],[-64.2761,-32.4252],[-64.2781,-32.4232],[-64.2815,-32.4212],[-64.2836,-32.419],[-64.2837,-32.4149],[-64.2828,-32.4122],[-64.2822,-32.4084],[-64.2805,-32.4061],[-64.2872,-32.4043],[-64.2886,-32.406],[-64.2982,-32.4052],[-64.3004,-32.4039],[-64.3,-32.4021],[-64.2989,-32.4003],[-64.2982,-32.3997],[-64.2962,-32.398],[-64.2894,-32.3991],[-64.2866,-32.3935],[-64.286,-32.388],[-64.2933,-32.3885],[-64.295,-32.3915],[-64.3011,-32.3898],[-64.2987,-32.3813],[-64.2998,-32.3802],[-64.3047,-32.3794],[-64.3045,-32.3766],[-64.3042,-32.3717],[-64.3057,-32.3687],[-64.3059,-32.3633],[-64.3085,-32.361],[-64.3122,-32.3655],[-64.3166,-32.3651],[-64.3203,-32.3686],[-64.3239,-32.3671],[-64.3345,-32.371],[-64.3336,-32.3741],[-64.3296,-32.3777],[-64.3316,-32.3842],[-64.3272,-32.3878],[-64.3235,-32.4034],[-64.3307,-32.4106],[-64.3346,-32.4083],[-64.3283,-32.3994],[-64.3297,-32.3934],[-64.3331,-32.3904],[-64.341,-32.39],[-64.3422,-32.3855],[-64.3463,-32.3789],[-64.3503,-32.3786],[-64.3525,-32.3813],[-64.3539,-32.3876],[-64.3499,-32.3921],[-64.3442,-32.3988],[-64.3483,-32.3991],[-64.3508,-32.3998],[-64.352,-32.4058],[-64.3522,-32.4064],[-64.3542,-32.41],[-64.3527,-32.4145],[-64.3523,-32.4229],[-64.3478,-32.4276],[-64.3493,-32.4307],[-64.3543,-32.4293],[-64.356,-32.423],[-64.3581,-32.4227],[-64.3594,-32.4291],[-64.3551,-32.4361],[-64.3514,-32.4384],[-64.348,-32.437],[-64.3397,-32.443],[-64.3375,-32.4327],[-64.3428,-32.4293],[-64.34,-32.4209],[-64.3353,-32.4218],[-64.3332,-32.4179],[-64.3276,-32.4128],[-64.3247,-32.4085],[-64.3205,-32.4056],[-64.3183,-32.4007],[-64.3073,-32.4029],[-64.3064,-32.4067],[-64.3145,-32.4035],[-64.3211,-32.4104],[-64.3173,-32.4248],[-64.3213,-32.4245],[-64.3223,-32.416],[-64.3273,-32.4145],[-64.3276,-32.4215],[-64.3247,-32.4214],[-64.3253,-32.4298],[-64.328,-32.4338],[-64.3265,-32.4439],[-64.3277,-32.4502],[-64.3269,-32.4549],[-64.3318,-32.4546],[-64.337,-32.4503],[-64.3418,-32.452],[-64.3413,-32.4565],[-64.3374,-32.4596],[-64.3315,-32.4627],[-64.3303,-32.459],[-64.3272,-32.4591],[-64.3235,-32.4645],[-64.32,-32.4672],[-64.3213,-32.4757],[-64.3226,-32.4834],[-64.3169,-32.4839],[-64.3132,-32.4875],[-64.3114,-32.4948],[-64.2997,-32.495],[-64.2956,-32.4995],[-64.299,-32.507],[-64.3035,-32.5114],[-64.303,-32.5145],[-64.2947,-32.5173],[-64.287,-32.5182],[-64.2869,-32.5239],[-64.2919,-32.5282],[-64.2982,-32.5296],[-64.2989,-32.5239],[-64.3021,-32.5243],[-64.302,-32.5204],[-64.3012,-32.5182],[-64.3089,-32.5178],[-64.3135,-32.5187],[-64.3189,-32.5172],[-64.3229,-32.5209],[-64.3218,-32.5229],[-64.3262,-32.5257],[-64.3316,-32.5249],[-64.3306,-32.5319],[-64.3267,-32.5328],[-64.3272,-32.5368],[-64.3332,-32.5367],[-64.335,-32.5459],[-64.3388,-32.5532],[-64.336,-32.5552],[-64.3309,-32.5562],[-64.3337,-32.5651],[-64.335,-32.5739],[-64.3309,-32.5746],[-64.3294,-32.5754],[-64.3302,-32.5764],[-64.3331,-32.5786],[-64.335,-32.5833],[-64.3339,-32.5862],[-64.3313,-32.5903],[-64.332,-32.5984],[-64.3336,-32.6022],[-64.3302,-32.6076],[-64.3262,-32.6079],[-64.3257,-32.6173],[-64.3234,-32.6192],[-64.3193,-32.6183],[-64.3167,-32.6143],[-64.3061,-32.6143],[-64.3051,-32.6176],[-64.3058,-32.6243],[-64.3083,-32.6281],[-64.3044,-32.6297],[-64.3043,-32.6356],[-64.2994,-32.6397],[-64.2965,-32.6417],[-64.2946,-32.6473],[-64.2918,-32.6502],[-64.2866,-32.6516],[-64.2865,-32.6493],[-64.283,-32.6499],[-64.2843,-32.6541],[-64.2829,-32.6554]],[[-64.224,-32.4478],[-64.2272,-32.4551],[-64.2296,-32.4544],[-64.2287,-32.448],[-64.224,-32.4478]],[[-64.2476,-32.5376],[-64.2478,-32.5531],[-64.2519,-32.5528],[-64.2547,-32.5499],[-64.2557,-32.5412],[-64.2478,-32.5404],[-64.2476,-32.5376]],[[-64.2458,-32.5354],[-64.2537,-32.5332],[-64.2527,-32.5287],[-64.2495,-32.5271],[-64.2439,-32.5175],[-64.2427,-32.5123],[-64.2437,-32.5068],[-64.2411,-32.499],[-64.2412,-32.4954],[-64.2363,-32.4954],[-64.236,-32.5006],[-64.2325,-32.5038],[-64.2395,-32.5084],[-64.2413,-32.5166],[-64.2451,-32.523],[-64.2471,-32.5333],[-64.2458,-32.5354]],[[-64.2908,-32.5761],[-64.2955,-32.5736],[-64.3002,-32.5733],[-64.3003,-32.5671],[-64.297,-32.568],[-64.2915,-32.572],[-64.2908,-32.5761]],[[-64.3085,-32.5986],[-64.306,-32.5913],[-64.3023,-32.5919],[-64.3085,-32.5986]],[[-64.2738,-32.6213],[-64.272,-32.6172],[-64.268,-32.6171],[-64.2677,-32.6211],[-64.2738,-32.6213]]],[[[-62.7284,-32.3571],[-62.7367,-32.3563],[-62.7396,-32.3703],[-62.7332,-32.3723],[-62.7289,-32.3695],[-62.7176,-32.3695],[-62.7065,-32.3822],[-62.7036,-32.3924],[-62.707,-32.399],[-62.6992,-32.4019],[-62.6939,-32.4023],[-62.6915,-32.3978],[-62.6925,-32.3858],[-62.7119,-32.3698],[-62.7284,-32.3571]]],[[[-62.7832,-32.3519],[-62.7833,-32.3571],[-62.7696,-32.365],[-62.7583,-32.3659],[-62.7527,-32.3683],[-62.7454,-32.367],[-62.7444,-32.3621],[-62.7566,-32.3547],[-62.774,-32.3547],[-62.7832,-32.3519]]],[[[-64.496,-32.3642],[-64.4961,-32.357],[-64.4929,-32.3531],[-64.4896,-32.3465],[-64.4963,-32.3433],[-64.5052,-32.3404],[-64.5065,-32.338],[-64.5098,-32.3404],[-64.5221,-32.3538],[-64.5316,-32.3593],[-64.5332,-32.362],[-64.5321,-32.3654],[-64.5255,-32.3738],[-64.524,-32.3771],[-64.5159,-32.3851],[-64.5108,-32.3941],[-64.4993,-32.3911],[-64.5057,-32.3897],[-64.5032,-32.3815],[-64.5005,-32.3825],[-64.4957,-32.3816],[-64.4983,-32.3777],[-64.5063,-32.3761],[-64.5066,-32.3708],[-64.5056,-32.3617],[-64.496,-32.3642]]],[[[-64.7713,-32.3321],[-64.7689,-32.3291],[-64.7769,-32.3292],[-64.7792,-32.3335],[-64.7737,-32.334],[-64.7713,-32.3321]]],[[[-62.3383,-32.34],[-62.3408,-32.3359],[-62.3538,-32.3413],[-62.364,-32.3414],[-62.3804,-32.3427],[-62.3683,-32.3476],[-62.3516,-32.3445],[-62.3441,-32.345],[-62.3383,-32.34]]],[[[-64.8217,-32.3372],[-64.8251,-32.331],[-64.8247,-32.3292],[-64.8187,-32.3279],[-64.8206,-32.324],[-64.8256,-32.324],[-64.826,-32.3296],[-64.8276,-32.331],[-64.8272,-32.3362],[-64.825,-32.3412],[-64.8217,-32.3372]]],[[[-64.8169,-32.3201],[-64.8258,-32.3198],[-64.8272,-32.3221],[-64.8172,-32.3228],[-64.8169,-32.3201]]],[[[-64.8068,-32.3374],[-64.8046,-32.3372],[-64.8063,-32.3252],[-64.8061,-32.3211],[-64.8103,-32.3196],[-64.8101,-32.3337],[-64.8068,-32.3374]]],[[[-64.7204,-32.3221],[-64.7209,-32.3253],[-64.7149,-32.3251],[-64.7145,-32.3228],[-64.7204,-32.3221]]],[[[-62.3815,-32.33],[-62.3811,-32.3246],[-62.3917,-32.3317],[-62.4019,-32.3313],[-62.4125,-32.3326],[-62.4309,-32.3405],[-62.4304,-32.3467],[-62.4211,-32.3483],[-62.4126,-32.3377],[-62.4062,-32.3367],[-62.3955,-32.3403],[-62.3887,-32.3362],[-62.3815,-32.33]]],[[[-64.813,-32.3149],[-64.8127,-32.3091],[-64.8197,-32.3118],[-64.8199,-32.315],[-64.813,-32.3149]]],[[[-63.0198,-32.3253],[-63.0169,-32.3171],[-63.031,-32.3158],[-63.0368,-32.3323],[-63.0271,-32.3327],[-63.0198,-32.3253]]],[[[-62.3042,-32.3045],[-62.3216,-32.3066],[-62.3283,-32.3103],[-62.3415,-32.3051],[-62.3908,-32.3135],[-62.3893,-32.3197],[-62.3728,-32.3209],[-62.368,-32.3229],[-62.3583,-32.3224],[-62.3496,-32.3183],[-62.3414,-32.3162],[-62.3225,-32.3153],[-62.3022,-32.3106],[-62.3042,-32.3045]]],[[[-64.8172,-32.3011],[-64.8126,-32.3051],[-64.8055,-32.304],[-64.8038,-32.3055],[-64.8038,-32.313],[-64.8007,-32.3144],[-64.8012,-32.3047],[-64.8023,-32.2998],[-64.7974,-32.298],[-64.7968,-32.2879],[-64.802,-32.2892],[-64.8036,-32.292],[-64.8019,-32.2971],[-64.8079,-32.2949],[-64.8112,-32.2976],[-64.8152,-32.295],[-64.8172,-32.3011]]],[[[-62.7242,-32.311],[-62.7184,-32.3081],[-62.7155,-32.3024],[-62.7194,-32.3003],[-62.7272,-32.2987],[-62.7339,-32.302],[-62.7325,-32.3119],[-62.7242,-32.311]]],[[[-64.6659,-32.2871],[-64.6667,-32.2835],[-64.6722,-32.2855],[-64.668,-32.2879],[-64.6677,-32.2941],[-64.6648,-32.2995],[-64.6623,-32.2973],[-64.6621,-32.2934],[-64.6526,-32.2919],[-64.652,-32.2889],[-64.66,-32.2877],[-64.6644,-32.2907],[-64.6659,-32.2871]]],[[[-64.6366,-32.2899],[-64.6295,-32.2855],[-64.6245,-32.2882],[-64.6214,-32.2866],[-64.6318,-32.2799],[-64.6384,-32.2798],[-64.6435,-32.2834],[-64.6463,-32.2893],[-64.6464,-32.2936],[-64.6427,-32.3022],[-64.6379,-32.3044],[-64.6407,-32.2993],[-64.6406,-32.2923],[-64.6366,-32.2899]]],[[[-64.7999,-32.2772],[-64.8017,-32.2827],[-64.7946,-32.2824],[-64.7851,-32.2919],[-64.7766,-32.2919],[-64.7678,-32.2974],[-64.7607,-32.2958],[-64.7662,-32.2903],[-64.7815,-32.2872],[-64.7878,-32.2865],[-64.7905,-32.2811],[-64.7999,-32.2772]]],[[[-64.8207,-32.2739],[-64.8096,-32.2783],[-64.806,-32.2756],[-64.8134,-32.2732],[-64.8163,-32.2671],[-64.822,-32.2724],[-64.8207,-32.2739]]],[[[-64.7694,-32.2738],[-64.7724,-32.2675],[-64.7763,-32.2672],[-64.7777,-32.2716],[-64.7725,-32.2739],[-64.7694,-32.2738]]],[[[-64.748,-32.2697],[-64.7492,-32.2659],[-64.7529,-32.2655],[-64.7551,-32.2684],[-64.7529,-32.2738],[-64.7554,-32.2776],[-64.7409,-32.2782],[-64.7432,-32.2815],[-64.7538,-32.2807],[-64.754,-32.2842],[-64.7594,-32.2862],[-64.7642,-32.284],[-64.7649,-32.2778],[-64.768,-32.2769],[-64.7757,-32.2798],[-64.7758,-32.2824],[-64.7692,-32.2822],[-64.7657,-32.2842],[-64.7643,-32.2882],[-64.7582,-32.2905],[-64.75,-32.2919],[-64.7441,-32.2942],[-64.7418,-32.2918],[-64.7372,-32.2951],[-64.7304,-32.294],[-64.7311,-32.2994],[-64.7332,-32.3033],[-64.7241,-32.3019],[-64.7225,-32.3039],[-64.7242,-32.3089],[-64.7207,-32.3141],[-64.717,-32.3174],[-64.7134,-32.3069],[-64.7199,-32.2976],[-64.7185,-32.2956],[-64.7123,-32.2969],[-64.7153,-32.2866],[-64.7214,-32.2874],[-64.7192,-32.2915],[-64.7251,-32.2931],[-64.73,-32.2892],[-64.728,-32.2854],[-64.7165,-32.2852],[-64.7169,-32.2819],[-64.7272,-32.2793],[-64.7271,-32.2762],[-64.7191,-32.2774],[-64.7185,-32.273],[-64.7263,-32.2719],[-64.7299,-32.2735],[-64.7434,-32.2738],[-64.7476,-32.2726],[-64.748,-32.2697]]],[[[-65.1144,-32.2574],[-65.1185,-32.2544],[-65.1202,-32.2589],[-65.1259,-32.2575],[-65.1301,-32.2594],[-65.13,-32.2545],[-65.1407,-32.2547],[-65.1401,-32.2621],[-65.1337,-32.2615],[-65.1299,-32.2652],[-65.1211,-32.2647],[-65.1149,-32.2606],[-65.1144,-32.2574]]],[[[-64.7455,-32.2623],[-64.7486,-32.2565],[-64.7482,-32.2541],[-64.7527,-32.2525],[-64.7541,-32.2557],[-64.7455,-32.2623]]],[[[-64.7999,-32.2772],[-64.797,-32.2764],[-64.7969,-32.2688],[-64.7954,-32.267],[-64.7956,-32.2628],[-64.7924,-32.2623],[-64.7932,-32.2631],[-64.7936,-32.2638],[-64.7936,-32.2639],[-64.7936,-32.2648],[-64.7943,-32.2671],[-64.7931,-32.2672],[-64.7923,-32.2659],[-64.7884,-32.2628],[-64.7885,-32.2656],[-64.7894,-32.2662],[-64.791,-32.2676],[-64.789,-32.2736],[-64.7864,-32.2735],[-64.7864,-32.2616],[-64.7834,-32.2603],[-64.7831,-32.2538],[-64.7914,-32.2531],[-64.7918,-32.2497],[-64.7978,-32.2539],[-64.7978,-32.2571],[-64.8008,-32.2588],[-64.7999,-32.2622],[-64.8014,-32.2689],[-64.7999,-32.2772]]],[[[-62.4959,-32.2591],[-62.4965,-32.2547],[-62.5005,-32.2538],[-62.5029,-32.2579],[-62.5098,-32.2613],[-62.5089,-32.2659],[-62.5015,-32.2644],[-62.4959,-32.2591]]],[[[-65.1259,-32.2403],[-65.1243,-32.2374],[-65.1269,-32.2354],[-65.1315,-32.2353],[-65.1358,-32.2414],[-65.1316,-32.2418],[-65.1259,-32.2403]]],[[[-62.5882,-32.2541],[-62.5868,-32.2524],[-62.5987,-32.25],[-62.5913,-32.2555],[-62.5882,-32.2541]]],[[[-64.7413,-32.2372],[-64.7398,-32.2344],[-64.7474,-32.2337],[-64.7473,-32.2365],[-64.7413,-32.2372]]],[[[-62.5922,-32.2384],[-62.6002,-32.2335],[-62.6025,-32.2389],[-62.6057,-32.237],[-62.6093,-32.2394],[-62.6099,-32.2432],[-62.6064,-32.2442],[-62.5979,-32.2427],[-62.5922,-32.2384]]],[[[-64.699,-32.4796],[-64.6886,-32.4816],[-64.6933,-32.4875],[-64.7014,-32.4868],[-64.7022,-32.4902],[-64.7055,-32.4998],[-64.7016,-32.5034],[-64.6949,-32.5063],[-64.6896,-32.507],[-64.6916,-32.514],[-64.6899,-32.5202],[-64.6824,-32.5212],[-64.677,-32.5278],[-64.6743,-32.527],[-64.6736,-32.5205],[-64.6719,-32.5162],[-64.6762,-32.514],[-64.6808,-32.5148],[-64.6844,-32.512],[-64.6829,-32.5091],[-64.6745,-32.5104],[-64.6669,-32.5177],[-64.6705,-32.5207],[-64.6725,-32.5297],[-64.6773,-32.5329],[-64.6768,-32.5372],[-64.6711,-32.5331],[-64.6662,-32.5351],[-64.6603,-32.535],[-64.6608,-32.5401],[-64.6577,-32.5445],[-64.6553,-32.545],[-64.6511,-32.5506],[-64.6473,-32.5527],[-64.6419,-32.5525],[-64.6427,-32.5573],[-64.6414,-32.5619],[-64.6449,-32.5707],[-64.6485,-32.5693],[-64.6525,-32.5734],[-64.6484,-32.5803],[-64.6413,-32.5797],[-64.6416,-32.574],[-64.6355,-32.5752],[-64.6336,-32.5785],[-64.6282,-32.5788],[-64.63,-32.5745],[-64.6259,-32.5676],[-64.6278,-32.5637],[-64.6163,-32.5582],[-64.6192,-32.5554],[-64.6219,-32.5507],[-64.6258,-32.551],[-64.6278,-32.5454],[-64.6268,-32.5425],[-64.6192,-32.5383],[-64.62,-32.533],[-64.6264,-32.5342],[-64.6267,-32.5303],[-64.6326,-32.5308],[-64.6336,-32.5259],[-64.6252,-32.5268],[-64.6249,-32.53],[-64.617,-32.5323],[-64.6142,-32.5362],[-64.6088,-32.5353],[-64.6075,-32.5296],[-64.6083,-32.5265],[-64.6126,-32.5206],[-64.6125,-32.517],[-64.6239,-32.5156],[-64.6262,-32.5123],[-64.6223,-32.5107],[-64.615,-32.5107],[-64.6141,-32.5089],[-64.6045,-32.5086],[-64.5988,-32.5096],[-64.5999,-32.5187],[-64.6033,-32.5211],[-64.5999,-32.5266],[-64.594,-32.5293],[-64.5912,-32.5253],[-64.5851,-32.5226],[-64.5792,-32.5227],[-64.576,-32.5197],[-64.5756,-32.5174],[-64.567,-32.5104],[-64.5686,-32.5056],[-64.5729,-32.5037],[-64.5728,-32.5024],[-64.5741,-32.4951],[-64.5797,-32.494],[-64.5899,-32.4948],[-64.59,-32.4893],[-64.5832,-32.4855],[-64.5822,-32.4834],[-64.5887,-32.4839],[-64.5886,-32.4802],[-64.5859,-32.472],[-64.5942,-32.4739],[-64.5941,-32.4701],[-64.5943,-32.4669],[-64.5875,-32.4658],[-64.5787,-32.4567],[-64.5721,-32.4578],[-64.5626,-32.4579],[-64.5595,-32.4617],[-64.5543,-32.4586],[-64.5551,-32.454],[-64.5627,-32.4559],[-64.5634,-32.4519],[-64.5632,-32.4423],[-64.5706,-32.4412],[-64.5706,-32.4376],[-64.5624,-32.44],[-64.56,-32.4374],[-64.5658,-32.4304],[-64.5661,-32.427],[-64.5625,-32.4241],[-64.5558,-32.4215],[-64.5581,-32.4182],[-64.5636,-32.4165],[-64.5638,-32.4055],[-64.559,-32.4003],[-64.5575,-32.3971],[-64.5577,-32.3682],[-64.56,-32.3572],[-64.5638,-32.3648],[-64.569,-32.3707],[-64.566,-32.3565],[-64.5566,-32.3543],[-64.5631,-32.343],[-64.5584,-32.3417],[-64.5498,-32.3415],[-64.5413,-32.3456],[-64.5448,-32.3485],[-64.5453,-32.3528],[-64.5346,-32.3527],[-64.5181,-32.3363],[-64.5215,-32.3376],[-64.5258,-32.3318],[-64.5223,-32.3293],[-64.5192,-32.3296],[-64.5135,-32.3256],[-64.5195,-32.325],[-64.5226,-32.3233],[-64.5194,-32.3197],[-64.5215,-32.3156],[-64.5244,-32.3142],[-64.5325,-32.3116],[-64.541,-32.3062],[-64.5461,-32.3068],[-64.5508,-32.309],[-64.5582,-32.3066],[-64.559,-32.3112],[-64.5576,-32.3172],[-64.5533,-32.3209],[-64.5573,-32.3225],[-64.5658,-32.3191],[-64.5687,-32.328],[-64.573,-32.3286],[-64.576,-32.3236],[-64.5795,-32.3216],[-64.5775,-32.3176],[-64.5697,-32.3177],[-64.5711,-32.3094],[-64.5636,-32.3011],[-64.5596,-32.3006],[-64.5568,-32.2974],[-64.5618,-32.294],[-64.5627,-32.2886],[-64.5535,-32.2865],[-64.5517,-32.2918],[-64.5466,-32.2909],[-64.5438,-32.2855],[-64.5434,-32.2876],[-64.5367,-32.2899],[-64.5367,-32.2761],[-64.5331,-32.2751],[-64.529,-32.2796],[-64.5269,-32.279],[-64.5247,-32.272],[-64.531,-32.2676],[-64.5326,-32.2629],[-64.5246,-32.26],[-64.523,-32.2555],[-64.5274,-32.2538],[-64.5329,-32.2552],[-64.5359,-32.2602],[-64.5425,-32.2581],[-64.5488,-32.2584],[-64.5516,-32.2542],[-64.5479,-32.2524],[-64.5457,-32.2409],[-64.5469,-32.2382],[-64.5515,-32.2378],[-64.5519,-32.2313],[-64.545,-32.2267],[-64.5477,-32.2243],[-64.5579,-32.2248],[-64.5654,-32.2267],[-64.5646,-32.2325],[-64.5645,-32.2357],[-64.5648,-32.2397],[-64.5604,-32.2543],[-64.5681,-32.2515],[-64.5692,-32.2442],[-64.5746,-32.2442],[-64.5856,-32.2473],[-64.5903,-32.247],[-64.5985,-32.2492],[-64.6134,-32.2579],[-64.6164,-32.2691],[-64.6149,-32.2748],[-64.6102,-32.2748],[-64.6091,-32.2785],[-64.614,-32.2887],[-64.6141,-32.2933],[-64.6111,-32.2982],[-64.6044,-32.2964],[-64.6025,-32.3001],[-64.6185,-32.3022],[-64.6228,-32.2998],[-64.6278,-32.2991],[-64.6319,-32.2905],[-64.6366,-32.2899],[-64.6356,-32.2964],[-64.6329,-32.3017],[-64.6379,-32.3044],[-64.628,-32.3094],[-64.6238,-32.3131],[-64.6134,-32.3196],[-64.6111,-32.3235],[-64.617,-32.3271],[-64.6173,-32.3221],[-64.6336,-32.3173],[-64.6367,-32.3172],[-64.637,-32.3122],[-64.6472,-32.3131],[-64.6465,-32.3181],[-64.6542,-32.3153],[-64.6534,-32.3104],[-64.6599,-32.3063],[-64.6642,-32.3056],[-64.6689,-32.3079],[-64.678,-32.3153],[-64.6707,-32.3227],[-64.6645,-32.3235],[-64.6662,-32.3314],[-64.6615,-32.3315],[-64.6611,-32.3257],[-64.6558,-32.329],[-64.6582,-32.3318],[-64.6552,-32.3374],[-64.6554,-32.3415],[-64.6617,-32.3418],[-64.6653,-32.3387],[-64.6704,-32.3381],[-64.6716,-32.3449],[-64.6695,-32.3474],[-64.6636,-32.3472],[-64.6638,-32.3504],[-64.6604,-32.353],[-64.6593,-32.3534],[-64.6573,-32.352],[-64.6561,-32.3552],[-64.6552,-32.3546],[-64.6539,-32.3548],[-64.652,-32.3569],[-64.6523,-32.3599],[-64.6538,-32.3592],[-64.6506,-32.3621],[-64.6496,-32.3693],[-64.6542,-32.3694],[-64.6621,-32.3657],[-64.651,-32.3657],[-64.6517,-32.3633],[-64.6526,-32.3628],[-64.6533,-32.3624],[-64.6542,-32.3619],[-64.6559,-32.3619],[-64.6571,-32.3584],[-64.6591,-32.3578],[-64.6631,-32.3584],[-64.6706,-32.3564],[-64.6715,-32.3491],[-64.6742,-32.3491],[-64.6762,-32.3511],[-64.6798,-32.3504],[-64.6797,-32.35],[-64.6788,-32.3467],[-64.6879,-32.3441],[-64.6871,-32.3489],[-64.692,-32.3512],[-64.6929,-32.3464],[-64.6957,-32.3412],[-64.7043,-32.342],[-64.7036,-32.3454],[-64.6991,-32.3454],[-64.6979,-32.3533],[-64.6942,-32.3584],[-64.6887,-32.3616],[-64.6872,-32.3683],[-64.6836,-32.3722],[-64.6807,-32.3716],[-64.6799,-32.3768],[-64.6839,-32.3763],[-64.6868,-32.372],[-64.6902,-32.3721],[-64.6931,-32.3692],[-64.6921,-32.3642],[-64.6981,-32.3623],[-64.6997,-32.3599],[-64.7044,-32.3592],[-64.7102,-32.3475],[-64.7152,-32.3476],[-64.7151,-32.3529],[-64.7071,-32.361],[-64.7088,-32.3663],[-64.7078,-32.3742],[-64.7146,-32.3758],[-64.7173,-32.3776],[-64.7164,-32.3811],[-64.7032,-32.386],[-64.7053,-32.3961],[-64.7039,-32.4007],[-64.7088,-32.3998],[-64.7157,-32.3946],[-64.7215,-32.3942],[-64.7209,-32.3868],[-64.7384,-32.3876],[-64.7395,-32.3905],[-64.7315,-32.393],[-64.7326,-32.3993],[-64.7389,-32.3955],[-64.7392,-32.4022],[-64.7447,-32.4053],[-64.7458,-32.4085],[-64.7498,-32.4112],[-64.7468,-32.4154],[-64.7439,-32.4167],[-64.7396,-32.4126],[-64.736,-32.4136],[-64.7323,-32.4121],[-64.7309,-32.4053],[-64.7251,-32.4074],[-64.7201,-32.4052],[-64.718,-32.4017],[-64.7144,-32.4012],[-64.7124,-32.4047],[-64.7074,-32.4047],[-64.7084,-32.4139],[-64.7027,-32.4154],[-64.7002,-32.4182],[-64.6949,-32.4182],[-64.6941,-32.4143],[-64.697,-32.4124],[-64.7052,-32.4121],[-64.7053,-32.4078],[-64.7035,-32.4055],[-64.6968,-32.4093],[-64.696,-32.397],[-64.6929,-32.3952],[-64.6815,-32.402],[-64.6859,-32.4059],[-64.688,-32.4114],[-64.6869,-32.4181],[-64.6823,-32.4193],[-64.6796,-32.4171],[-64.6766,-32.4285],[-64.684,-32.4308],[-64.6849,-32.4341],[-64.6739,-32.4309],[-64.6736,-32.4403],[-64.6793,-32.4424],[-64.6755,-32.4451],[-64.6788,-32.4488],[-64.6833,-32.4509],[-64.6904,-32.4514],[-64.6908,-32.4441],[-64.6987,-32.4412],[-64.7036,-32.4408],[-64.7017,-32.4367],[-64.7015,-32.4299],[-64.7045,-32.4227],[-64.7072,-32.4211],[-64.7147,-32.4213],[-64.7107,-32.4415],[-64.7083,-32.4423],[-64.7043,-32.4491],[-64.6937,-32.4547],[-64.6968,-32.4588],[-64.6944,-32.4598],[-64.6949,-32.4613],[-64.6953,-32.4656],[-64.697,-32.472],[-64.691,-32.4724],[-64.6896,-32.468],[-64.6857,-32.4703],[-64.6877,-32.4747],[-64.6926,-32.4787],[-64.6985,-32.4776],[-64.699,-32.4796]],[[-64.5438,-32.2855],[-64.5507,-32.2832],[-64.5528,-32.2788],[-64.5487,-32.2776],[-64.5438,-32.2855]],[[-64.6506,-32.3269],[-64.6491,-32.3214],[-64.6361,-32.3242],[-64.6337,-32.3298],[-64.6273,-32.3319],[-64.6336,-32.3318],[-64.6357,-32.3375],[-64.6422,-32.3424],[-64.6423,-32.3385],[-64.6391,-32.3371],[-64.6387,-32.3334],[-64.6438,-32.331],[-64.643,-32.3279],[-64.6506,-32.3269]],[[-64.5915,-32.3094],[-64.5909,-32.3052],[-64.578,-32.3037],[-64.5845,-32.2944],[-64.584,-32.2897],[-64.5871,-32.2874],[-64.6014,-32.2836],[-64.601,-32.2803],[-64.5936,-32.2823],[-64.587,-32.2828],[-64.581,-32.2848],[-64.5769,-32.2835],[-64.5778,-32.2918],[-64.574,-32.2995],[-64.573,-32.3054],[-64.5789,-32.3103],[-64.5835,-32.3076],[-64.5915,-32.3094]],[[-64.5915,-32.3094],[-64.5914,-32.3135],[-64.5946,-32.3168],[-64.5967,-32.3234],[-64.601,-32.3273],[-64.6009,-32.318],[-64.597,-32.3114],[-64.5915,-32.3094]],[[-64.6166,-32.3424],[-64.6273,-32.3421],[-64.6234,-32.3356],[-64.618,-32.3377],[-64.6166,-32.3424]],[[-64.5818,-32.3441],[-64.5782,-32.3405],[-64.5697,-32.3422],[-64.5741,-32.3493],[-64.5818,-32.3441]],[[-64.5818,-32.3441],[-64.59,-32.3443],[-64.5862,-32.3487],[-64.5921,-32.3512],[-64.5986,-32.3462],[-64.5985,-32.3386],[-64.5845,-32.3394],[-64.5818,-32.3441]],[[-64.5909,-32.2665],[-64.596,-32.2662],[-64.5961,-32.2638],[-64.5909,-32.2629],[-64.5909,-32.2665]],[[-64.5938,-32.2765],[-64.5974,-32.2751],[-64.5977,-32.2723],[-64.5933,-32.2695],[-64.5938,-32.2765]],[[-64.5929,-32.4044],[-64.6041,-32.4043],[-64.6036,-32.397],[-64.5929,-32.397],[-64.5929,-32.4044]],[[-64.6433,-32.4247],[-64.6485,-32.4194],[-64.6412,-32.4192],[-64.6433,-32.4156],[-64.6432,-32.4119],[-64.6332,-32.4109],[-64.6346,-32.4176],[-64.637,-32.4212],[-64.6433,-32.4247]],[[-64.6395,-32.4564],[-64.6458,-32.4553],[-64.6493,-32.4565],[-64.6605,-32.4543],[-64.6608,-32.4436],[-64.6521,-32.4451],[-64.6507,-32.4428],[-64.6514,-32.4365],[-64.6474,-32.4313],[-64.642,-32.4367],[-64.6385,-32.4364],[-64.6396,-32.4314],[-64.636,-32.4291],[-64.6309,-32.4292],[-64.6338,-32.4355],[-64.6377,-32.4394],[-64.6436,-32.4396],[-64.6468,-32.4442],[-64.645,-32.4515],[-64.6403,-32.4496],[-64.6349,-32.454],[-64.6258,-32.4538],[-64.6251,-32.4591],[-64.6329,-32.4584],[-64.6341,-32.4612],[-64.6395,-32.4611],[-64.6395,-32.4564]],[[-64.6725,-32.4822],[-64.677,-32.481],[-64.6768,-32.4769],[-64.6722,-32.4771],[-64.6725,-32.4822]],[[-64.6099,-32.4891],[-64.6188,-32.486],[-64.6217,-32.4874],[-64.6347,-32.4855],[-64.6339,-32.4823],[-64.6286,-32.4847],[-64.6211,-32.4857],[-64.618,-32.4822],[-64.613,-32.4835],[-64.6065,-32.4834],[-64.6065,-32.4877],[-64.6099,-32.4891]],[[-64.6678,-32.5043],[-64.6701,-32.501],[-64.6655,-32.4991],[-64.6589,-32.4996],[-64.6597,-32.4939],[-64.6528,-32.4943],[-64.6536,-32.4992],[-64.6678,-32.5043]],[[-64.6427,-32.5119],[-64.6469,-32.5057],[-64.6447,-32.5045],[-64.6396,-32.5062],[-64.6395,-32.511],[-64.6427,-32.5119]],[[-64.6419,-32.5491],[-64.6429,-32.5441],[-64.6417,-32.5405],[-64.633,-32.5365],[-64.6283,-32.5383],[-64.6342,-32.5415],[-64.6386,-32.5415],[-64.6384,-32.5463],[-64.6419,-32.5491]]],[[[-62.6051,-32.2287],[-62.6148,-32.227],[-62.6202,-32.2278],[-62.6193,-32.2314],[-62.6144,-32.2312],[-62.611,-32.2331],[-62.6051,-32.2287]]],[[[-65.2118,-32.2332],[-65.1963,-32.241],[-65.2066,-32.2415],[-65.2044,-32.2451],[-65.2067,-32.2504],[-65.2029,-32.263],[-65.2088,-32.2697],[-65.2149,-32.2683],[-65.2147,-32.2724],[-65.2189,-32.2806],[-65.2057,-32.278],[-65.2046,-32.2857],[-65.2086,-32.2905],[-65.2131,-32.2932],[-65.2132,-32.2951],[-65.2128,-32.2978],[-65.2124,-32.2991],[-65.2119,-32.2996],[-65.2083,-32.3033],[-65.2097,-32.3102],[-65.2021,-32.3105],[-65.198,-32.3128],[-65.1941,-32.311],[-65.1892,-32.3127],[-65.1826,-32.3092],[-65.1761,-32.3096],[-65.1772,-32.306],[-65.1824,-32.3024],[-65.1886,-32.3062],[-65.1932,-32.3064],[-65.1931,-32.3025],[-65.1896,-32.3],[-65.1899,-32.2938],[-65.1833,-32.2926],[-65.1809,-32.2881],[-65.1804,-32.2826],[-65.1762,-32.2801],[-65.1749,-32.2755],[-65.1837,-32.2751],[-65.1836,-32.2702],[-65.1751,-32.269],[-65.1767,-32.2547],[-65.1781,-32.2511],[-65.1745,-32.244],[-65.1786,-32.2394],[-65.1844,-32.239],[-65.1788,-32.2319],[-65.1829,-32.2283],[-65.1879,-32.2282],[-65.1877,-32.234],[-65.1896,-32.2366],[-65.195,-32.2365],[-65.1937,-32.2316],[-65.197,-32.2222],[-65.2029,-32.2169],[-65.2006,-32.2136],[-65.2015,-32.2052],[-65.197,-32.2055],[-65.1964,-32.214],[-65.1923,-32.2172],[-65.1908,-32.2216],[-65.187,-32.2214],[-65.1857,-32.2162],[-65.1875,-32.2106],[-65.1936,-32.2089],[-65.1972,-32.2023],[-65.2065,-32.2051],[-65.2075,-32.2019],[-65.2125,-32.2017],[-65.2143,-32.2111],[-65.2259,-32.217],[-65.2207,-32.2188],[-65.2056,-32.2175],[-65.2014,-32.2322],[-65.2118,-32.2332]]],[[[-64.3499,-32.3679],[-64.3441,-32.3673],[-64.3363,-32.3632],[-64.3335,-32.3608],[-64.331,-32.3551],[-64.324,-32.3544],[-64.3205,-32.3534],[-64.3202,-32.35],[-64.3188,-32.3475],[-64.315,-32.3458],[-64.3148,-32.3466],[-64.3149,-32.3453],[-64.3099,-32.342],[-64.3076,-32.3428],[-64.3067,-32.3362],[-64.3026,-32.3297],[-64.3041,-32.3256],[-64.3074,-32.3251],[-64.3082,-32.3267],[-64.3181,-32.3354],[-64.3267,-32.3353],[-64.3366,-32.332],[-64.3331,-32.3243],[-64.3286,-32.3264],[-64.328,-32.3296],[-64.3211,-32.3342],[-64.3137,-32.3257],[-64.3108,-32.3236],[-64.3107,-32.3199],[-64.3071,-32.3161],[-64.307,-32.3057],[-64.3068,-32.2939],[-64.3088,-32.2886],[-64.3122,-32.2885],[-64.313,-32.295],[-64.3153,-32.2955],[-64.3153,-32.2954],[-64.317,-32.2946],[-64.3158,-32.2908],[-64.3176,-32.288],[-64.3186,-32.2808],[-64.3178,-32.276],[-64.3261,-32.2743],[-64.3309,-32.2688],[-64.3225,-32.2629],[-64.3144,-32.2628],[-64.3146,-32.2681],[-64.3104,-32.2673],[-64.308,-32.2694],[-64.3064,-32.2659],[-64.3067,-32.262],[-64.3067,-32.258],[-64.3127,-32.2508],[-64.3274,-32.2503],[-64.3269,-32.2396],[-64.3215,-32.2378],[-64.3213,-32.2356],[-64.3221,-32.2328],[-64.3228,-32.2296],[-64.3229,-32.2292],[-64.3229,-32.2268],[-64.3261,-32.226],[-64.3295,-32.2265],[-64.3345,-32.229],[-64.3449,-32.2369],[-64.3363,-32.2389],[-64.3372,-32.2414],[-64.3428,-32.2431],[-64.3526,-32.2411],[-64.3581,-32.2441],[-64.3563,-32.2506],[-64.3607,-32.2559],[-64.358,-32.2626],[-64.3606,-32.2675],[-64.3667,-32.2695],[-64.3628,-32.2734],[-64.3605,-32.2798],[-64.351,-32.2782],[-64.3514,-32.2811],[-64.3553,-32.2834],[-64.3485,-32.2852],[-64.3489,-32.2907],[-64.3543,-32.2943],[-64.3549,-32.2977],[-64.3477,-32.3],[-64.3444,-32.3023],[-64.3443,-32.3099],[-64.3471,-32.3151],[-64.3525,-32.3155],[-64.3515,-32.307],[-64.3575,-32.3073],[-64.3586,-32.3133],[-64.3563,-32.3182],[-64.3516,-32.3198],[-64.3518,-32.3221],[-64.3592,-32.3211],[-64.3576,-32.3264],[-64.3598,-32.3418],[-64.3649,-32.3422],[-64.3687,-32.3397],[-64.3751,-32.3389],[-64.3753,-32.3328],[-64.3704,-32.3326],[-64.3652,-32.3341],[-64.3618,-32.3329],[-64.3624,-32.3179],[-64.3737,-32.3184],[-64.3723,-32.3148],[-64.361,-32.312],[-64.3609,-32.3028],[-64.3629,-32.2989],[-64.3724,-32.3014],[-64.371,-32.2968],[-64.364,-32.2951],[-64.3649,-32.2894],[-64.3643,-32.2823],[-64.368,-32.2779],[-64.3774,-32.2794],[-64.3797,-32.2723],[-64.3796,-32.2657],[-64.3789,-32.2626],[-64.3729,-32.2642],[-64.3736,-32.2592],[-64.3816,-32.2566],[-64.3814,-32.2541],[-64.3754,-32.2548],[-64.3732,-32.2467],[-64.3755,-32.2435],[-64.3806,-32.2461],[-64.3921,-32.2428],[-64.3961,-32.238],[-64.392,-32.2317],[-64.3911,-32.2262],[-64.3995,-32.2143],[-64.4085,-32.2119],[-64.4157,-32.2116],[-64.4189,-32.2166],[-64.4243,-32.2154],[-64.4276,-32.218],[-64.4277,-32.2195],[-64.4313,-32.223],[-64.4355,-32.2252],[-64.4378,-32.2291],[-64.442,-32.2349],[-64.4423,-32.2465],[-64.4397,-32.2469],[-64.4396,-32.2521],[-64.4412,-32.2542],[-64.4395,-32.2612],[-64.4394,-32.2642],[-64.4393,-32.27],[-64.4279,-32.2794],[-64.4229,-32.289],[-64.4179,-32.2875],[-64.4169,-32.29],[-64.4196,-32.2912],[-64.4164,-32.294],[-64.412,-32.2944],[-64.4038,-32.2957],[-64.4056,-32.2998],[-64.4112,-32.3017],[-64.41,-32.3065],[-64.4037,-32.3098],[-64.4008,-32.3114],[-64.4015,-32.3147],[-64.3975,-32.3224],[-64.393,-32.3305],[-64.391,-32.334],[-64.3909,-32.3441],[-64.3873,-32.345],[-64.3872,-32.3481],[-64.3838,-32.3507],[-64.3795,-32.3519],[-64.3781,-32.355],[-64.3782,-32.36],[-64.3713,-32.3595],[-64.3677,-32.3556],[-64.3636,-32.3575],[-64.3579,-32.3541],[-64.353,-32.3485],[-64.3477,-32.3467],[-64.3479,-32.3536],[-64.3516,-32.351],[-64.3564,-32.3559],[-64.3569,-32.3605],[-64.3498,-32.3645],[-64.3499,-32.3679]],[[-64.3477,-32.3467],[-64.3427,-32.344],[-64.3401,-32.3484],[-64.3477,-32.3467]],[[-64.3185,-32.3035],[-64.3118,-32.2999],[-64.3113,-32.3052],[-64.3143,-32.3083],[-64.3185,-32.3035]],[[-64.3185,-32.3035],[-64.322,-32.3042],[-64.3257,-32.3107],[-64.3274,-32.3098],[-64.3257,-32.3039],[-64.3185,-32.3035]],[[-64.34,-32.2498],[-64.3461,-32.2497],[-64.3437,-32.2461],[-64.34,-32.2498]],[[-64.4033,-32.2903],[-64.4027,-32.2854],[-64.4078,-32.2846],[-64.4074,-32.2791],[-64.4143,-32.2706],[-64.4037,-32.263],[-64.4013,-32.2646],[-64.403,-32.2705],[-64.406,-32.2743],[-64.4026,-32.278],[-64.3981,-32.2856],[-64.3987,-32.2901],[-64.4033,-32.2903]]],[[[-65.0974,-32.2001],[-65.1081,-32.2009],[-65.1177,-32.2008],[-65.1167,-32.2064],[-65.1179,-32.2099],[-65.117,-32.2193],[-65.1307,-32.2181],[-65.1308,-32.2246],[-65.137,-32.2245],[-65.1387,-32.2189],[-65.1514,-32.2187],[-65.1636,-32.2175],[-65.1666,-32.2146],[-65.1657,-32.2259],[-65.16,-32.2264],[-65.1566,-32.2297],[-65.1482,-32.2311],[-65.1325,-32.2301],[-65.1274,-32.2253],[-65.1182,-32.2245],[-65.1144,-32.2257],[-65.1153,-32.2304],[-65.1096,-32.2301],[-65.1063,-32.2211],[-65.0981,-32.2215],[-65.0973,-32.23],[-65.0923,-32.2298],[-65.0934,-32.2259],[-65.0928,-32.2177],[-65.089,-32.2175],[-65.0851,-32.2146],[-65.0805,-32.2141],[-65.069,-32.2146],[-65.0721,-32.217],[-65.0699,-32.2204],[-65.0735,-32.2249],[-65.0674,-32.2256],[-65.0664,-32.2166],[-65.0572,-32.2157],[-65.0552,-32.2112],[-65.0671,-32.211],[-65.0927,-32.2116],[-65.0967,-32.204],[-65.0974,-32.2001]]],[[[-62.8029,-32.2313],[-62.814,-32.2309],[-62.8131,-32.2252],[-62.8145,-32.2202],[-62.8281,-32.2161],[-62.8339,-32.2161],[-62.8266,-32.2285],[-62.8082,-32.2392],[-62.8014,-32.2412],[-62.8029,-32.2313]]],[[[-65.1564,-32.1907],[-65.1453,-32.187],[-65.1421,-32.1831],[-65.1462,-32.1798],[-65.1565,-32.1777],[-65.1745,-32.178],[-65.1713,-32.1868],[-65.164,-32.188],[-65.1607,-32.1912],[-65.1564,-32.1907]]],[[[-62.6061,-32.1924],[-62.6132,-32.1869],[-62.6203,-32.1903],[-62.6226,-32.1946],[-62.6174,-32.2004],[-62.6135,-32.2002],[-62.6112,-32.1956],[-62.6067,-32.1998],[-62.604,-32.205],[-62.5981,-32.2016],[-62.6061,-32.1924]]],[[[-65.0974,-32.2001],[-65.093,-32.1934],[-65.0816,-32.1945],[-65.0704,-32.1908],[-65.0719,-32.1879],[-65.0772,-32.1861],[-65.075,-32.1743],[-65.072,-32.1749],[-65.0673,-32.1723],[-65.0913,-32.1697],[-65.1032,-32.1688],[-65.1021,-32.1718],[-65.097,-32.1704],[-65.083,-32.174],[-65.0828,-32.1783],[-65.0889,-32.1791],[-65.095,-32.1781],[-65.108,-32.1801],[-65.1062,-32.185],[-65.0986,-32.1935],[-65.0974,-32.2001]]],[[[-65.2245,-32.1674],[-65.218,-32.1654],[-65.2121,-32.167],[-65.2131,-32.178],[-65.2173,-32.1813],[-65.2144,-32.1864],[-65.2096,-32.1888],[-65.2073,-32.1921],[-65.1978,-32.1926],[-65.1905,-32.1917],[-65.187,-32.1882],[-65.1849,-32.1827],[-65.1802,-32.1773],[-65.1755,-32.1744],[-65.1734,-32.1631],[-65.2062,-32.1635],[-65.2278,-32.1629],[-65.2285,-32.1652],[-65.2288,-32.1665],[-65.2245,-32.1674]]],[[[-62.3965,-32.1739],[-62.4009,-32.1658],[-62.4065,-32.1653],[-62.4076,-32.173],[-62.4069,-32.1785],[-62.4138,-32.181],[-62.4201,-32.1808],[-62.4251,-32.1893],[-62.4263,-32.1842],[-62.4246,-32.1799],[-62.4297,-32.1787],[-62.4347,-32.183],[-62.4405,-32.1845],[-62.441,-32.1942],[-62.4366,-32.1988],[-62.4407,-32.201],[-62.4494,-32.1986],[-62.4541,-32.2006],[-62.4571,-32.2124],[-62.4529,-32.2139],[-62.4455,-32.2141],[-62.4372,-32.2157],[-62.4347,-32.2121],[-62.4338,-32.2075],[-62.4304,-32.2019],[-62.425,-32.2007],[-62.4185,-32.1958],[-62.4149,-32.1907],[-62.4121,-32.1842],[-62.4075,-32.1841],[-62.4035,-32.1873],[-62.3975,-32.186],[-62.3862,-32.1814],[-62.3794,-32.1758],[-62.3694,-32.175],[-62.3729,-32.1709],[-62.3786,-32.168],[-62.3834,-32.1683],[-62.3846,-32.1727],[-62.3871,-32.1746],[-62.3965,-32.1739]]],[[[-65.1429,-32.1352],[-65.1365,-32.1352],[-65.1405,-32.1257],[-65.1429,-32.1352]]],[[[-65.0889,-32.1307],[-65.0818,-32.1347],[-65.0773,-32.1345],[-65.0706,-32.1479],[-65.0771,-32.1494],[-65.0764,-32.1527],[-65.0662,-32.1545],[-65.0623,-32.1532],[-65.0629,-32.1474],[-65.0659,-32.1428],[-65.0654,-32.1392],[-65.0763,-32.1286],[-65.0819,-32.1253],[-65.0889,-32.1307]]],[[[-65.1829,-32.1128],[-65.1929,-32.1175],[-65.1962,-32.1153],[-65.2024,-32.1164],[-65.2114,-32.1141],[-65.2144,-32.1143],[-65.217,-32.1215],[-65.1926,-32.1234],[-65.1736,-32.1208],[-65.1829,-32.1128]]],[[[-65.1522,-32.1194],[-65.147,-32.1166],[-65.1486,-32.1116],[-65.1558,-32.1136],[-65.163,-32.1142],[-65.1631,-32.1192],[-65.1522,-32.1194]]],[[[-64.7682,-32.2608],[-64.7688,-32.2517],[-64.7659,-32.2464],[-64.7674,-32.2402],[-64.7602,-32.2421],[-64.7577,-32.2462],[-64.7549,-32.247],[-64.7514,-32.242],[-64.7565,-32.2381],[-64.7518,-32.2351],[-64.7517,-32.2298],[-64.7481,-32.2273],[-64.7509,-32.2214],[-64.7419,-32.2215],[-64.7427,-32.2177],[-64.7466,-32.2171],[-64.7506,-32.213],[-64.7502,-32.2081],[-64.7556,-32.2051],[-64.757,-32.2128],[-64.7612,-32.2049],[-64.7601,-32.1997],[-64.7615,-32.1917],[-64.7548,-32.1908],[-64.7545,-32.1793],[-64.7632,-32.1792],[-64.768,-32.1742],[-64.7647,-32.1736],[-64.7641,-32.1646],[-64.7643,-32.1494],[-64.7669,-32.1472],[-64.7729,-32.148],[-64.7739,-32.151],[-64.7733,-32.1606],[-64.7785,-32.162],[-64.7763,-32.1519],[-64.7812,-32.1483],[-64.7821,-32.1413],[-64.7865,-32.1413],[-64.7864,-32.1468],[-64.7794,-32.1534],[-64.789,-32.1579],[-64.7866,-32.153],[-64.7886,-32.1458],[-64.7925,-32.1455],[-64.7901,-32.1286],[-64.7996,-32.1295],[-64.8045,-32.1228],[-64.8053,-32.1284],[-64.8117,-32.1284],[-64.8183,-32.127],[-64.8209,-32.1242],[-64.8363,-32.1211],[-64.835,-32.1152],[-64.8454,-32.1201],[-64.8455,-32.1249],[-64.8512,-32.1275],[-64.849,-32.1327],[-64.8435,-32.1336],[-64.8409,-32.1341],[-64.8307,-32.1361],[-64.8293,-32.1326],[-64.8319,-32.1289],[-64.8318,-32.1246],[-64.8357,-32.1255],[-64.8361,-32.1315],[-64.8402,-32.1314],[-64.837,-32.1221],[-64.8251,-32.1236],[-64.8238,-32.127],[-64.8279,-32.1315],[-64.8267,-32.136],[-64.8307,-32.1361],[-64.8235,-32.1375],[-64.8237,-32.1382],[-64.824,-32.1385],[-64.8232,-32.1405],[-64.8226,-32.1378],[-64.8175,-32.1389],[-64.8198,-32.1372],[-64.8185,-32.1304],[-64.8104,-32.1318],[-64.8104,-32.1357],[-64.8033,-32.1371],[-64.8034,-32.1382],[-64.8023,-32.1399],[-64.8016,-32.1391],[-64.7991,-32.1396],[-64.7978,-32.14],[-64.7986,-32.1413],[-64.8001,-32.1413],[-64.8001,-32.1429],[-64.8006,-32.1439],[-64.7997,-32.1451],[-64.7993,-32.1458],[-64.7977,-32.1461],[-64.7964,-32.1466],[-64.7953,-32.15],[-64.7931,-32.1514],[-64.7932,-32.1578],[-64.7895,-32.1606],[-64.7854,-32.1606],[-64.7828,-32.1655],[-64.7805,-32.1624],[-64.7801,-32.164],[-64.7788,-32.1668],[-64.7814,-32.1687],[-64.7772,-32.1686],[-64.7768,-32.1716],[-64.7834,-32.1744],[-64.781,-32.1751],[-64.7745,-32.1762],[-64.7732,-32.1777],[-64.7741,-32.1779],[-64.7719,-32.1791],[-64.7712,-32.1807],[-64.7728,-32.1832],[-64.7727,-32.1851],[-64.7734,-32.1895],[-64.7751,-32.1884],[-64.7755,-32.1879],[-64.7762,-32.1884],[-64.7769,-32.1889],[-64.7787,-32.1888],[-64.7778,-32.189],[-64.7771,-32.1897],[-64.7774,-32.1917],[-64.7785,-32.1918],[-64.7798,-32.1914],[-64.7837,-32.1906],[-64.786,-32.1902],[-64.7868,-32.1897],[-64.7879,-32.1898],[-64.788,-32.186],[-64.7881,-32.1858],[-64.7899,-32.1847],[-64.7896,-32.1838],[-64.7904,-32.183],[-64.7899,-32.1825],[-64.791,-32.1821],[-64.7917,-32.1823],[-64.792,-32.1824],[-64.7927,-32.1826],[-64.793,-32.1814],[-64.7972,-32.1848],[-64.7949,-32.19],[-64.7884,-32.1949],[-64.7849,-32.1951],[-64.7783,-32.2007],[-64.7755,-32.1971],[-64.7683,-32.197],[-64.7681,-32.1999],[-64.7744,-32.201],[-64.7777,-32.2036],[-64.7782,-32.2076],[-64.78,-32.2108],[-64.7785,-32.2106],[-64.7754,-32.2079],[-64.7753,-32.208],[-64.7769,-32.2117],[-64.7795,-32.2125],[-64.7749,-32.2138],[-64.7701,-32.2145],[-64.7701,-32.2132],[-64.7666,-32.2152],[-64.7656,-32.2199],[-64.7647,-32.2211],[-64.77,-32.2215],[-64.7908,-32.2179],[-64.7926,-32.2172],[-64.7994,-32.2162],[-64.7996,-32.2287],[-64.8026,-32.2341],[-64.8054,-32.2267],[-64.809,-32.221],[-64.8096,-32.2172],[-64.8077,-32.2145],[-64.8118,-32.2137],[-64.8171,-32.2126],[-64.8197,-32.2142],[-64.8142,-32.2168],[-64.8131,-32.2234],[-64.8086,-32.2319],[-64.8108,-32.2368],[-64.8159,-32.2303],[-64.8214,-32.2308],[-64.82,-32.2269],[-64.8245,-32.223],[-64.8268,-32.2127],[-64.8295,-32.2101],[-64.8344,-32.2096],[-64.8408,-32.2122],[-64.8413,-32.2153],[-64.8458,-32.2174],[-64.8481,-32.2148],[-64.8537,-32.212],[-64.8567,-32.212],[-64.8596,-32.2126],[-64.8642,-32.2153],[-64.8611,-32.2231],[-64.8581,-32.2228],[-64.8593,-32.2169],[-64.8556,-32.2181],[-64.8551,-32.2252],[-64.86,-32.2255],[-64.8612,-32.2283],[-64.8637,-32.2323],[-64.8623,-32.2412],[-64.8598,-32.2412],[-64.861,-32.2372],[-64.856,-32.2374],[-64.8574,-32.2413],[-64.8519,-32.2413],[-64.8483,-32.2398],[-64.8449,-32.2382],[-64.843,-32.2374],[-64.8452,-32.2321],[-64.8447,-32.2292],[-64.8397,-32.2276],[-64.8388,-32.2233],[-64.8353,-32.2244],[-64.8353,-32.2305],[-64.8404,-32.2318],[-64.8384,-32.2363],[-64.8399,-32.2419],[-64.8383,-32.2443],[-64.8339,-32.2406],[-64.8339,-32.2341],[-64.8297,-32.2313],[-64.8234,-32.2343],[-64.8235,-32.2388],[-64.8266,-32.2415],[-64.8205,-32.247],[-64.8167,-32.245],[-64.8115,-32.2483],[-64.8124,-32.2405],[-64.8066,-32.2412],[-64.8064,-32.245],[-64.8028,-32.2456],[-64.7974,-32.238],[-64.7919,-32.2399],[-64.7913,-32.247],[-64.7872,-32.2477],[-64.7847,-32.245],[-64.7803,-32.2477],[-64.7762,-32.2479],[-64.7769,-32.255],[-64.7748,-32.2641],[-64.7701,-32.2636],[-64.7682,-32.2608]],[[-64.7778,-32.2365],[-64.7796,-32.2351],[-64.7864,-32.2349],[-64.7966,-32.2198],[-64.7914,-32.2201],[-64.7839,-32.2234],[-64.7793,-32.2236],[-64.7791,-32.229],[-64.7759,-32.2336],[-64.7778,-32.2365]]],[[[-64.7664,-32.2083],[-64.7664,-32.2095],[-64.7658,-32.2119],[-64.7664,-32.2083]]],[[[-65.232,-32.1526],[-65.2221,-32.1544],[-65.2175,-32.1542],[-65.2121,-32.152],[-65.2069,-32.1531],[-65.2053,-32.1554],[-65.1977,-32.1562],[-65.1934,-32.1543],[-65.1869,-32.1537],[-65.1868,-32.1489],[-65.1909,-32.1449],[-65.1923,-32.1413],[-65.1887,-32.1398],[-65.1813,-32.1444],[-65.1775,-32.1422],[-65.1773,-32.135],[-65.1749,-32.1318],[-65.1711,-32.1309],[-65.2184,-32.1308],[-65.223,-32.1291],[-65.2224,-32.1203],[-65.2246,-32.1167],[-65.2226,-32.1131],[-65.2263,-32.1088],[-65.2349,-32.1107],[-65.2374,-32.1088],[-65.239,-32.1116],[-65.2376,-32.1138],[-65.2372,-32.1184],[-65.2378,-32.1185],[-65.2408,-32.1185],[-65.2416,-32.1234],[-65.2385,-32.1252],[-65.2382,-32.1315],[-65.2365,-32.1363],[-65.2332,-32.1451],[-65.2307,-32.148],[-65.232,-32.1526]]],[[[-65.132,-32.1141],[-65.1313,-32.1098],[-65.1389,-32.1103],[-65.1415,-32.115],[-65.1374,-32.1172],[-65.132,-32.1141]]],[[[-65.1191,-32.1082],[-65.1189,-32.1014],[-65.1256,-32.0991],[-65.123,-32.112],[-65.1191,-32.1082]]],[[[-62.6193,-32.1211],[-62.6146,-32.115],[-62.6299,-32.1101],[-62.6487,-32.1182],[-62.645,-32.1275],[-62.6499,-32.1332],[-62.6381,-32.1281],[-62.6245,-32.1239],[-62.6193,-32.1211]]],[[[-65.1154,-32.0943],[-65.1217,-32.0917],[-65.1214,-32.097],[-65.1144,-32.0971],[-65.1154,-32.0943]]],[[[-65.1789,-32.0905],[-65.2239,-32.0894],[-65.232,-32.0912],[-65.2433,-32.0924],[-65.243,-32.0984],[-65.2405,-32.0994],[-65.2399,-32.1037],[-65.2375,-32.1059],[-65.2243,-32.1046],[-65.2215,-32.1052],[-65.2181,-32.1059],[-65.2118,-32.1081],[-65.2068,-32.1031],[-65.2025,-32.1044],[-65.1992,-32.1083],[-65.1942,-32.1055],[-65.189,-32.1068],[-65.1835,-32.1083],[-65.1811,-32.1044],[-65.1777,-32.1025],[-65.184,-32.0975],[-65.1849,-32.1014],[-65.1884,-32.1053],[-65.1926,-32.1042],[-65.1951,-32.0962],[-65.1954,-32.0941],[-65.1798,-32.0947],[-65.1789,-32.0905]]],[[[-64.7426,-32.096],[-64.7589,-32.0942],[-64.7589,-32.092],[-64.7655,-32.092],[-64.7683,-32.0933],[-64.7686,-32.0943],[-64.7704,-32.098],[-64.7727,-32.1028],[-64.7696,-32.1046],[-64.7716,-32.1068],[-64.7668,-32.1122],[-64.7617,-32.1142],[-64.7611,-32.1085],[-64.7461,-32.109],[-64.7436,-32.0994],[-64.7434,-32.0987],[-64.7426,-32.096]]],[[[-65.0734,-32.0838],[-65.0776,-32.0767],[-65.0816,-32.0838],[-65.0893,-32.0849],[-65.0867,-32.0883],[-65.0761,-32.0856],[-65.0734,-32.0838]]],[[[-64.7822,-32.0838],[-64.7827,-32.0715],[-64.7883,-32.071],[-64.7882,-32.0808],[-64.7822,-32.0838]]],[[[-65.1506,-32.0694],[-65.1505,-32.0651],[-65.1626,-32.0641],[-65.1623,-32.0692],[-65.1506,-32.0694]]],[[[-65.0776,-32.0767],[-65.0733,-32.0717],[-65.0828,-32.0651],[-65.085,-32.0676],[-65.0799,-32.0716],[-65.0776,-32.0767]]],[[[-65.0942,-32.0685],[-65.0949,-32.0613],[-65.1085,-32.0654],[-65.1077,-32.0697],[-65.0942,-32.0685]]],[[[-62.3583,-32.0684],[-62.3615,-32.0643],[-62.3699,-32.0643],[-62.3854,-32.0678],[-62.3874,-32.0726],[-62.3868,-32.0776],[-62.3965,-32.0852],[-62.3949,-32.0879],[-62.3897,-32.0896],[-62.3821,-32.0831],[-62.3754,-32.0733],[-62.3754,-32.0712],[-62.3666,-32.0695],[-62.3654,-32.0715],[-62.3583,-32.0684]]],[[[-64.7891,-32.0589],[-64.7937,-32.0575],[-64.7937,-32.0545],[-64.7971,-32.0529],[-64.8026,-32.053],[-64.803,-32.0572],[-64.801,-32.0606],[-64.7891,-32.064],[-64.7891,-32.0589]]],[[[-62.5555,-32.0641],[-62.5451,-32.0631],[-62.5431,-32.06],[-62.5472,-32.0563],[-62.5544,-32.0529],[-62.5595,-32.0532],[-62.5592,-32.0599],[-62.5615,-32.0631],[-62.5555,-32.0641]]],[[[-65.1341,-32.0664],[-65.1227,-32.0641],[-65.1189,-32.0617],[-65.1179,-32.0577],[-65.1128,-32.0517],[-65.1279,-32.0508],[-65.1206,-32.0445],[-65.1268,-32.0433],[-65.1272,-32.039],[-65.1325,-32.035],[-65.1371,-32.0345],[-65.1388,-32.0517],[-65.1632,-32.0534],[-65.1575,-32.0592],[-65.1441,-32.0609],[-65.1417,-32.0674],[-65.1341,-32.0664]]],[[[-65.1304,-32.026],[-65.1295,-32.0321],[-65.1245,-32.0308],[-65.1236,-32.028],[-65.1304,-32.026]]],[[[-65.1029,-32.0251],[-65.1104,-32.0228],[-65.1128,-32.028],[-65.119,-32.0298],[-65.1208,-32.0344],[-65.1183,-32.0373],[-65.1141,-32.0367],[-65.1046,-32.0377],[-65.1049,-32.0401],[-65.0961,-32.0395],[-65.091,-32.036],[-65.0879,-32.0303],[-65.0825,-32.0322],[-65.0807,-32.0283],[-65.0874,-32.025],[-65.0954,-32.0259],[-65.1,-32.028],[-65.1029,-32.0251]]],[[[-65.1687,-32.019],[-65.1716,-32.0189],[-65.1722,-32.025],[-65.184,-32.0244],[-65.1824,-32.0298],[-65.1693,-32.0286],[-65.1687,-32.019]]],[[[-62.3541,-32.0354],[-62.3569,-32.0323],[-62.3637,-32.0307],[-62.3677,-32.0375],[-62.3637,-32.0385],[-62.3541,-32.0354]]],[[[-64.7395,-32.0379],[-64.7361,-32.039],[-64.7345,-32.0356],[-64.731,-32.0325],[-64.7289,-32.0334],[-64.7266,-32.0341],[-64.7194,-32.0349],[-64.7193,-32.0288],[-64.7249,-32.0264],[-64.7266,-32.0219],[-64.7306,-32.0215],[-64.7343,-32.0213],[-64.7361,-32.0268],[-64.739,-32.0269],[-64.7416,-32.0206],[-64.7445,-32.0241],[-64.748,-32.0251],[-64.7474,-32.0291],[-64.7414,-32.0321],[-64.7441,-32.0362],[-64.7395,-32.0379]]],[[[-65.1304,-32.026],[-65.1291,-32.0222],[-65.1251,-32.0236],[-65.1163,-32.0213],[-65.1157,-32.0141],[-65.1493,-32.015],[-65.1462,-32.0254],[-65.1617,-32.0244],[-65.161,-32.0316],[-65.1501,-32.0322],[-65.14,-32.0309],[-65.1391,-32.0277],[-65.1304,-32.026]]],[[[-62.463,-32.0372],[-62.4583,-32.0325],[-62.4579,-32.0263],[-62.4639,-32.0264],[-62.4626,-32.0307],[-62.4655,-32.0335],[-62.463,-32.0372]]],[[[-65.1692,-32.0025],[-65.1826,-32.0012],[-65.1846,-32.0158],[-65.1745,-32.0164],[-65.1711,-32.0153],[-65.1692,-32.0025]]],[[[-65.2236,-32.0663],[-65.2236,-32.0754],[-65.2288,-32.0847],[-65.2223,-32.0852],[-65.2234,-32.0822],[-65.2081,-32.0822],[-65.213,-32.0779],[-65.2098,-32.0695],[-65.205,-32.071],[-65.1976,-32.0739],[-65.1927,-32.0704],[-65.1797,-32.0742],[-65.1788,-32.0683],[-65.1696,-32.0705],[-65.1699,-32.0337],[-65.1997,-32.0339],[-65.2009,-32.0138],[-65.206,-32.0144],[-65.2065,-32.0277],[-65.2093,-32.0347],[-65.2131,-32.0353],[-65.2136,-32.0401],[-65.2178,-32.042],[-65.2214,-32.0468],[-65.2439,-32.0458],[-65.244,-32.0396],[-65.2224,-32.041],[-65.2149,-32.0326],[-65.2214,-32.0266],[-65.2269,-32.023],[-65.2393,-32.0134],[-65.2326,-32.0039],[-65.2218,-31.9997],[-65.2361,-31.9942],[-65.2405,-31.9864],[-65.2451,-31.9869],[-65.2415,-31.9945],[-65.241,-32.0059],[-65.2442,-32.0116],[-65.2472,-32.0096],[-65.2474,-32.0018],[-65.2512,-32.0018],[-65.2574,-32.0069],[-65.2674,-32.008],[-65.2721,-32.0137],[-65.273,-32.0209],[-65.2796,-32.0263],[-65.287,-32.0304],[-65.3004,-32.0308],[-65.3131,-32.0354],[-65.3162,-32.0401],[-65.3123,-32.0437],[-65.3104,-32.0524],[-65.3032,-32.0542],[-65.2988,-32.0575],[-65.2959,-32.0601],[-65.2932,-32.0602],[-65.2934,-32.0618],[-65.2902,-32.0629],[-65.2831,-32.0568],[-65.2715,-32.0511],[-65.2687,-32.046],[-65.2674,-32.0392],[-65.268,-32.033],[-65.2671,-32.0281],[-65.2618,-32.0238],[-65.2586,-32.0231],[-65.2544,-32.0254],[-65.255,-32.0342],[-65.2604,-32.0354],[-65.266,-32.06],[-65.2564,-32.0602],[-65.2531,-32.0498],[-65.2509,-32.0369],[-65.2483,-32.0256],[-65.2439,-32.0152],[-65.2405,-32.0172],[-65.2465,-32.0301],[-65.2476,-32.0431],[-65.251,-32.0567],[-65.2542,-32.0641],[-65.2581,-32.0657],[-65.2575,-32.0742],[-65.2529,-32.0723],[-65.2513,-32.0671],[-65.241,-32.067],[-65.2464,-32.0717],[-65.2481,-32.0779],[-65.2448,-32.0845],[-65.2378,-32.0827],[-65.2341,-32.085],[-65.2318,-32.0824],[-65.2324,-32.0746],[-65.2236,-32.0663]]],[[[-65.1618,-31.9947],[-65.1554,-31.9877],[-65.1582,-31.9819],[-65.1744,-31.9917],[-65.1745,-31.996],[-65.1653,-31.9972],[-65.1618,-31.9947]]],[[[-65.312,-31.9925],[-65.3114,-31.9866],[-65.3068,-31.967],[-65.3132,-31.9662],[-65.3139,-31.9785],[-65.3203,-31.9888],[-65.3283,-31.9883],[-65.3315,-31.9861],[-65.3375,-31.9908],[-65.338,-31.9933],[-65.348,-31.9875],[-65.3562,-31.9931],[-65.3533,-31.997],[-65.3597,-32.0099],[-65.3628,-32.0191],[-65.3212,-32.038],[-65.3153,-32.0315],[-65.3113,-32.0238],[-65.3126,-32.0163],[-65.3068,-32.0121],[-65.3089,-32.0053],[-65.3122,-32.0003],[-65.312,-31.9925]]],[[[-65.1631,-31.9761],[-65.1645,-31.9672],[-65.1692,-31.9671],[-65.168,-31.9717],[-65.1736,-31.9792],[-65.1665,-31.9807],[-65.1631,-31.9761]]],[[[-64.7283,-31.9699],[-64.7305,-31.9749],[-64.731,-31.9839],[-64.7233,-31.99],[-64.7161,-31.984],[-64.7237,-31.9798],[-64.7134,-31.9798],[-64.713,-31.975],[-64.7234,-31.9751],[-64.7218,-31.9715],[-64.7233,-31.9678],[-64.7283,-31.9699]]],[[[-64.7999,-31.9529],[-64.8037,-31.9556],[-64.8014,-31.9591],[-64.7967,-31.9617],[-64.7868,-31.9634],[-64.7791,-31.9681],[-64.776,-31.9643],[-64.7843,-31.9592],[-64.7839,-31.9572],[-64.7898,-31.9516],[-64.7929,-31.9536],[-64.7999,-31.9529]]],[[[-64.6594,-32.126],[-64.661,-32.1313],[-64.6645,-32.1319],[-64.6629,-32.1331],[-64.6629,-32.1342],[-64.6638,-32.135],[-64.6624,-32.1382],[-64.664,-32.1416],[-64.6649,-32.1434],[-64.6662,-32.144],[-64.664,-32.1452],[-64.666,-32.1502],[-64.6674,-32.1549],[-64.6748,-32.1534],[-64.6802,-32.1546],[-64.6815,-32.1524],[-64.6871,-32.1518],[-64.6893,-32.1513],[-64.6908,-32.1505],[-64.6981,-32.1491],[-64.6985,-32.1526],[-64.6948,-32.1545],[-64.6992,-32.1585],[-64.7044,-32.1597],[-64.7077,-32.1576],[-64.7126,-32.1588],[-64.7113,-32.1641],[-64.7151,-32.1684],[-64.7072,-32.1686],[-64.7062,-32.1723],[-64.7016,-32.1736],[-64.7019,-32.1797],[-64.7059,-32.1829],[-64.6982,-32.1868],[-64.6891,-32.189],[-64.6868,-32.1924],[-64.6881,-32.1952],[-64.6936,-32.1911],[-64.6973,-32.1904],[-64.7036,-32.1957],[-64.6968,-32.2007],[-64.6966,-32.2073],[-64.6905,-32.2069],[-64.6857,-32.2052],[-64.6827,-32.2063],[-64.6883,-32.2112],[-64.6941,-32.2112],[-64.7011,-32.2098],[-64.7016,-32.2067],[-64.7093,-32.2041],[-64.7101,-32.2017],[-64.715,-32.2006],[-64.7157,-32.2051],[-64.7253,-32.2048],[-64.7254,-32.207],[-64.7256,-32.2093],[-64.7192,-32.2097],[-64.7191,-32.2117],[-64.7258,-32.2121],[-64.729,-32.2133],[-64.7259,-32.2151],[-64.7206,-32.2133],[-64.7181,-32.2192],[-64.7207,-32.2207],[-64.7287,-32.2214],[-64.7281,-32.2273],[-64.717,-32.2282],[-64.7047,-32.2281],[-64.7067,-32.2327],[-64.7027,-32.2386],[-64.6968,-32.2408],[-64.6958,-32.2457],[-64.7035,-32.2457],[-64.7087,-32.2493],[-64.7154,-32.2518],[-64.7134,-32.2542],[-64.7056,-32.2512],[-64.702,-32.2488],[-64.6958,-32.2545],[-64.6991,-32.2567],[-64.7019,-32.2531],[-64.7067,-32.2558],[-64.707,-32.259],[-64.6991,-32.2639],[-64.7062,-32.2638],[-64.7065,-32.2671],[-64.7018,-32.2689],[-64.6933,-32.2674],[-64.6933,-32.2627],[-64.6838,-32.2634],[-64.6836,-32.2589],[-64.6786,-32.2608],[-64.6765,-32.258],[-64.6715,-32.2604],[-64.678,-32.2668],[-64.6823,-32.2671],[-64.6796,-32.2714],[-64.6794,-32.2762],[-64.6768,-32.2802],[-64.6718,-32.2798],[-64.6696,-32.2762],[-64.6638,-32.28],[-64.663,-32.2825],[-64.6552,-32.2826],[-64.6601,-32.2801],[-64.6602,-32.2772],[-64.6656,-32.274],[-64.6661,-32.2696],[-64.6572,-32.2754],[-64.6539,-32.2794],[-64.6495,-32.2792],[-64.6492,-32.2763],[-64.6587,-32.272],[-64.6622,-32.2693],[-64.6643,-32.2596],[-64.6671,-32.2564],[-64.6641,-32.2548],[-64.6658,-32.2517],[-64.6704,-32.2529],[-64.6781,-32.2524],[-64.6804,-32.2468],[-64.6804,-32.242],[-64.6835,-32.2379],[-64.6884,-32.2398],[-64.6962,-32.2361],[-64.696,-32.2295],[-64.6898,-32.2273],[-64.6896,-32.2309],[-64.6831,-32.2311],[-64.6835,-32.2344],[-64.6777,-32.231],[-64.6772,-32.2208],[-64.6724,-32.2213],[-64.6721,-32.2166],[-64.6677,-32.2119],[-64.6644,-32.2106],[-64.6643,-32.205],[-64.6795,-32.1973],[-64.6601,-32.1982],[-64.6601,-32.1955],[-64.6541,-32.1914],[-64.6536,-32.1955],[-64.6505,-32.2025],[-64.6528,-32.2051],[-64.6522,-32.21],[-64.6466,-32.2108],[-64.6438,-32.213],[-64.6427,-32.2184],[-64.6347,-32.2282],[-64.6397,-32.2343],[-64.6391,-32.2446],[-64.637,-32.2491],[-64.6441,-32.2475],[-64.6481,-32.2452],[-64.6471,-32.2404],[-64.6504,-32.2403],[-64.6542,-32.2427],[-64.6591,-32.2422],[-64.6589,-32.2368],[-64.6633,-32.2371],[-64.6633,-32.2395],[-64.6688,-32.2421],[-64.6624,-32.2474],[-64.6636,-32.2512],[-64.6582,-32.2518],[-64.6552,-32.25],[-64.6507,-32.2515],[-64.6493,-32.2479],[-64.643,-32.2524],[-64.6304,-32.255],[-64.6298,-32.2526],[-64.6239,-32.2565],[-64.6255,-32.2593],[-64.6326,-32.2621],[-64.6366,-32.2587],[-64.6432,-32.2585],[-64.6434,-32.2609],[-64.6368,-32.2612],[-64.6402,-32.2651],[-64.6451,-32.2653],[-64.6457,-32.2677],[-64.6377,-32.2672],[-64.637,-32.2707],[-64.6304,-32.2738],[-64.6314,-32.2776],[-64.628,-32.2793],[-64.6239,-32.271],[-64.625,-32.2666],[-64.6191,-32.2635],[-64.619,-32.2558],[-64.6013,-32.2476],[-64.5967,-32.2442],[-64.5952,-32.241],[-64.5907,-32.2378],[-64.5887,-32.2343],[-64.5894,-32.2292],[-64.593,-32.2214],[-64.5995,-32.217],[-64.5991,-32.2148],[-64.5853,-32.2202],[-64.5803,-32.221],[-64.5778,-32.2183],[-64.5836,-32.2124],[-64.5843,-32.21],[-64.5904,-32.2081],[-64.5879,-32.2053],[-64.5769,-32.2002],[-64.5683,-32.2001],[-64.5684,-32.1965],[-64.5763,-32.194],[-64.5782,-32.1865],[-64.5777,-32.1798],[-64.5853,-32.1767],[-64.5853,-32.1726],[-64.5788,-32.1707],[-64.5817,-32.1663],[-64.5785,-32.163],[-64.5828,-32.1582],[-64.5795,-32.1552],[-64.5714,-32.155],[-64.5745,-32.1456],[-64.571,-32.1455],[-64.571,-32.1497],[-64.5605,-32.1502],[-64.5541,-32.1479],[-64.5533,-32.145],[-64.5533,-32.1413],[-64.5487,-32.1407],[-64.5412,-32.1432],[-64.5402,-32.1402],[-64.5474,-32.1385],[-64.5551,-32.1387],[-64.5604,-32.1415],[-64.5604,-32.1369],[-64.5648,-32.1362],[-64.5656,-32.1421],[-64.5683,-32.1422],[-64.5718,-32.1351],[-64.574,-32.1334],[-64.5798,-32.1332],[-64.578,-32.1419],[-64.5854,-32.1349],[-64.5927,-32.1301],[-64.5885,-32.1272],[-64.5855,-32.1223],[-64.5828,-32.1224],[-64.5807,-32.1287],[-64.5733,-32.1278],[-64.5693,-32.1316],[-64.5547,-32.1327],[-64.5516,-32.1364],[-64.5446,-32.1385],[-64.543,-32.1373],[-64.5453,-32.1293],[-64.5406,-32.1277],[-64.5462,-32.1246],[-64.5423,-32.1224],[-64.543,-32.1183],[-64.5491,-32.1234],[-64.5531,-32.1198],[-64.5482,-32.1186],[-64.5479,-32.1152],[-64.5507,-32.1134],[-64.5514,-32.1101],[-64.563,-32.1094],[-64.5666,-32.1064],[-64.5671,-32.1013],[-64.5642,-32.0986],[-64.5641,-32.095],[-64.5611,-32.0927],[-64.5579,-32.0941],[-64.5608,-32.0983],[-64.558,-32.1023],[-64.5509,-32.1026],[-64.5512,-32.1076],[-64.5445,-32.1079],[-64.5435,-32.1024],[-64.55,-32.0987],[-64.5516,-32.0949],[-64.5552,-32.0941],[-64.5568,-32.0904],[-64.5604,-32.0869],[-64.553,-32.0869],[-64.5464,-32.0868],[-64.5405,-32.0879],[-64.54,-32.0849],[-64.5414,-32.0763],[-64.5461,-32.0693],[-64.5496,-32.0678],[-64.5512,-32.0685],[-64.5524,-32.0705],[-64.5577,-32.0698],[-64.5618,-32.0679],[-64.5644,-32.0717],[-64.5684,-32.07],[-64.5602,-32.0638],[-64.5618,-32.0611],[-64.567,-32.0608],[-64.5669,-32.0576],[-64.5636,-32.0554],[-64.5631,-32.05],[-64.5603,-32.0442],[-64.5703,-32.0432],[-64.5775,-32.0434],[-64.5777,-32.0384],[-64.5709,-32.0383],[-64.5685,-32.0348],[-64.5652,-32.0375],[-64.5598,-32.0375],[-64.5584,-32.0367],[-64.5585,-32.0276],[-64.5641,-32.0264],[-64.5608,-32.0214],[-64.5609,-32.0183],[-64.566,-32.018],[-64.5712,-32.0193],[-64.5712,-32.0151],[-64.5585,-32.0151],[-64.5584,-32.0101],[-64.5637,-32.0097],[-64.5634,-32.0058],[-64.5559,-32.0092],[-64.5557,-32.0057],[-64.5559,-31.9978],[-64.5603,-31.9891],[-64.5641,-31.9821],[-64.566,-31.9763],[-64.5661,-31.9756],[-64.5661,-31.9732],[-64.564,-31.967],[-64.565,-31.9617],[-64.5671,-31.959],[-64.569,-31.9568],[-64.5707,-31.956],[-64.5752,-31.9503],[-64.5813,-31.9469],[-64.5831,-31.9533],[-64.5881,-31.9562],[-64.5974,-31.9551],[-64.5979,-31.9583],[-64.6055,-31.9572],[-64.6058,-31.9601],[-64.6121,-31.9601],[-64.6143,-31.9616],[-64.6149,-31.965],[-64.6155,-31.9661],[-64.6169,-31.965],[-64.6223,-31.9647],[-64.6215,-31.9677],[-64.626,-31.9689],[-64.6278,-31.9714],[-64.6388,-31.9726],[-64.6396,-31.9773],[-64.6294,-31.9787],[-64.6264,-31.9807],[-64.6187,-31.9806],[-64.6145,-31.9811],[-64.6099,-31.9834],[-64.6095,-31.9807],[-64.6021,-31.9857],[-64.6055,-31.9873],[-64.6066,-31.9887],[-64.6088,-31.9896],[-64.6076,-31.9956],[-64.6047,-31.9968],[-64.6011,-31.9971],[-64.6003,-31.9971],[-64.595,-31.9981],[-64.5942,-31.9957],[-64.5909,-31.9982],[-64.5914,-32.0022],[-64.5964,-32.0035],[-64.596,-32.0048],[-64.59,-32.0052],[-64.5917,-32.0108],[-64.5985,-32.0097],[-64.5983,-32.0141],[-64.6072,-32.0081],[-64.6076,-32.001],[-64.6109,-31.9949],[-64.6163,-31.9941],[-64.6168,-31.994],[-64.6177,-31.9939],[-64.6219,-31.9933],[-64.6239,-31.993],[-64.628,-31.9907],[-64.6364,-31.9908],[-64.6401,-31.994],[-64.6388,-31.9954],[-64.6401,-32.0074],[-64.6495,-32.0049],[-64.6499,-32.0036],[-64.6502,-31.9956],[-64.6501,-31.9926],[-64.6488,-31.9886],[-64.6491,-31.9827],[-64.6528,-31.9774],[-64.658,-31.9811],[-64.659,-31.989],[-64.6631,-31.9911],[-64.6633,-31.9929],[-64.6623,-31.994],[-64.6616,-31.995],[-64.6635,-31.9966],[-64.6676,-32.0022],[-64.666,-32.004],[-64.6662,-32.0054],[-64.6643,-32.0078],[-64.6662,-32.0107],[-64.6761,-32.0109],[-64.6795,-32.0076],[-64.6858,-32.0076],[-64.6871,-32.0109],[-64.6841,-32.011],[-64.6843,-32.012],[-64.6848,-32.014],[-64.6853,-32.0159],[-64.6859,-32.0161],[-64.6869,-32.0163],[-64.6884,-32.0201],[-64.6938,-32.0216],[-64.6951,-32.0274],[-64.6962,-32.0434],[-64.6924,-32.0497],[-64.6928,-32.0525],[-64.6864,-32.0585],[-64.6836,-32.0595],[-64.6819,-32.0672],[-64.6881,-32.0736],[-64.6827,-32.082],[-64.6786,-32.0775],[-64.6815,-32.0741],[-64.6805,-32.0705],[-64.677,-32.0686],[-64.677,-32.0663],[-64.677,-32.0617],[-64.6708,-32.0641],[-64.6681,-32.0688],[-64.6584,-32.0733],[-64.6573,-32.0761],[-64.6601,-32.0834],[-64.6616,-32.0833],[-64.6691,-32.0921],[-64.6665,-32.0979],[-64.6627,-32.0991],[-64.6601,-32.1054],[-64.6619,-32.1079],[-64.6665,-32.1078],[-64.6702,-32.1031],[-64.6752,-32.1025],[-64.6762,-32.1066],[-64.674,-32.1083],[-64.6796,-32.1127],[-64.6793,-32.1217],[-64.6748,-32.121],[-64.6693,-32.1132],[-64.6628,-32.1202],[-64.6642,-32.1239],[-64.6619,-32.1257],[-64.6601,-32.1248],[-64.6594,-32.126]],[[-64.6298,-32.2526],[-64.6328,-32.2472],[-64.6373,-32.2435],[-64.6323,-32.2422],[-64.6292,-32.2499],[-64.6298,-32.2526]],[[-64.5778,-32.0474],[-64.5797,-32.0502],[-64.5841,-32.0523],[-64.5812,-32.0578],[-64.5867,-32.057],[-64.5939,-32.0581],[-64.5925,-32.0532],[-64.5937,-32.0486],[-64.587,-32.0456],[-64.5847,-32.0413],[-64.5818,-32.0426],[-64.5778,-32.0474]],[[-64.6849,-32.1781],[-64.6876,-32.1766],[-64.6889,-32.1717],[-64.6857,-32.1711],[-64.6821,-32.1711],[-64.6805,-32.1654],[-64.6748,-32.1639],[-64.6726,-32.1598],[-64.6671,-32.16],[-64.6686,-32.1644],[-64.6728,-32.1642],[-64.6751,-32.172],[-64.67,-32.1736],[-64.6721,-32.1782],[-64.6702,-32.1776],[-64.664,-32.1769],[-64.664,-32.1776],[-64.6648,-32.179],[-64.6669,-32.1823],[-64.6677,-32.183],[-64.6723,-32.1846],[-64.6833,-32.1847],[-64.6842,-32.1877],[-64.6874,-32.1879],[-64.6895,-32.188],[-64.6901,-32.1849],[-64.6893,-32.1781],[-64.6849,-32.1781]],[[-64.6146,-32.0619],[-64.6178,-32.0633],[-64.6182,-32.0643],[-64.6192,-32.0637],[-64.6198,-32.063],[-64.6219,-32.0615],[-64.6229,-32.0616],[-64.6235,-32.0601],[-64.6256,-32.059],[-64.6281,-32.0575],[-64.6343,-32.0569],[-64.6342,-32.0504],[-64.6361,-32.0501],[-64.6338,-32.0435],[-64.6289,-32.0378],[-64.6259,-32.0383],[-64.6213,-32.0429],[-64.6199,-32.0476],[-64.6179,-32.047],[-64.6032,-32.0484],[-64.5994,-32.0506],[-64.5995,-32.0546],[-64.6022,-32.0566],[-64.6027,-32.0611],[-64.5968,-32.0604],[-64.5936,-32.0605],[-64.5896,-32.0602],[-64.589,-32.0641],[-64.5917,-32.0708],[-64.5863,-32.073],[-64.5898,-32.0753],[-64.6001,-32.0754],[-64.5988,-32.0798],[-64.6007,-32.0845],[-64.6057,-32.0906],[-64.6072,-32.0842],[-64.6071,-32.0793],[-64.6106,-32.0759],[-64.6105,-32.0697],[-64.6087,-32.0662],[-64.6118,-32.0631],[-64.6143,-32.0625],[-64.6146,-32.0619]],[[-64.6505,-32.0154],[-64.652,-32.0157],[-64.6523,-32.018],[-64.6563,-32.0192],[-64.6562,-32.0181],[-64.656,-32.0148],[-64.6516,-32.0147],[-64.6505,-32.0154]],[[-64.5857,-32.0109],[-64.5812,-32.0036],[-64.5785,-32.0041],[-64.5786,-32.0119],[-64.5857,-32.0109]],[[-64.6693,-32.2052],[-64.6671,-32.2095],[-64.6719,-32.2092],[-64.6693,-32.2052]],[[-64.5925,-31.9671],[-64.5937,-31.9619],[-64.5896,-31.9618],[-64.5897,-31.9655],[-64.5925,-31.9671]],[[-64.5763,-31.9789],[-64.5807,-31.9788],[-64.5803,-31.9756],[-64.5764,-31.9753],[-64.5763,-31.9789]],[[-64.5718,-31.985],[-64.5795,-31.9846],[-64.5789,-31.9814],[-64.5739,-31.9814],[-64.5718,-31.985]],[[-64.6101,-32.026],[-64.6133,-32.021],[-64.6139,-32.0143],[-64.611,-32.0145],[-64.6113,-32.0191],[-64.6101,-32.026]],[[-64.6473,-32.0445],[-64.65,-32.0444],[-64.6512,-32.0392],[-64.6475,-32.0354],[-64.6473,-32.0445]],[[-64.614,-32.11],[-64.6142,-32.1083],[-64.6062,-32.1023],[-64.6019,-32.0952],[-64.5983,-32.0946],[-64.5961,-32.0981],[-64.6004,-32.1014],[-64.601,-32.1041],[-64.6087,-32.1095],[-64.614,-32.11]],[[-64.6256,-32.1436],[-64.627,-32.1411],[-64.6387,-32.141],[-64.6404,-32.1391],[-64.6378,-32.1338],[-64.6335,-32.1336],[-64.6263,-32.1372],[-64.6256,-32.1436]],[[-64.6255,-32.1556],[-64.625,-32.1505],[-64.6212,-32.152],[-64.6255,-32.1556]],[[-64.6459,-32.1685],[-64.6455,-32.1613],[-64.6485,-32.1595],[-64.6491,-32.1497],[-64.6406,-32.1499],[-64.6366,-32.1583],[-64.6362,-32.1679],[-64.6459,-32.1685]],[[-64.6825,-32.1619],[-64.6873,-32.1601],[-64.6882,-32.156],[-64.6843,-32.1553],[-64.6825,-32.1619]],[[-64.6061,-32.1884],[-64.6064,-32.1849],[-64.6097,-32.1843],[-64.6102,-32.1791],[-64.6066,-32.179],[-64.6041,-32.1837],[-64.6061,-32.1884]],[[-64.6548,-32.1899],[-64.6567,-32.1897],[-64.6565,-32.1825],[-64.6531,-32.1803],[-64.6528,-32.1873],[-64.6548,-32.1899]],[[-64.6335,-32.198],[-64.6401,-32.194],[-64.6447,-32.1935],[-64.6442,-32.1855],[-64.6373,-32.1851],[-64.637,-32.1878],[-64.6414,-32.1891],[-64.6422,-32.1919],[-64.6351,-32.1937],[-64.6335,-32.198]],[[-64.71,-32.2233],[-64.7071,-32.2098],[-64.7057,-32.21],[-64.7059,-32.2185],[-64.71,-32.2233]],[[-64.6837,-32.2217],[-64.6806,-32.2191],[-64.6801,-32.2159],[-64.6747,-32.2179],[-64.6837,-32.2217]]],[[[-65.4066,-31.9295],[-65.4183,-31.9282],[-65.4188,-31.9325],[-65.4066,-31.9295]]],[[[-65.3548,-31.9388],[-65.3512,-31.9362],[-65.3496,-31.9316],[-65.3537,-31.9293],[-65.3613,-31.9344],[-65.3618,-31.9373],[-65.3665,-31.9375],[-65.3668,-31.9426],[-65.3523,-31.9439],[-65.3439,-31.937],[-65.3494,-31.9372],[-65.3548,-31.9388]]],[[[-64.6702,-31.9756],[-64.6649,-31.9702],[-64.6605,-31.9695],[-64.6573,-31.9653],[-64.654,-31.9658],[-64.6517,-31.9635],[-64.6491,-31.9633],[-64.6413,-31.959],[-64.6327,-31.9613],[-64.6328,-31.9569],[-64.6228,-31.9585],[-64.6151,-31.9543],[-64.6106,-31.9491],[-64.6041,-31.9472],[-64.6026,-31.9447],[-64.6065,-31.94],[-64.6102,-31.9381],[-64.6113,-31.938],[-64.6169,-31.9381],[-64.6203,-31.9373],[-64.6315,-31.9473],[-64.6391,-31.9528],[-64.6413,-31.9541],[-64.6409,-31.9513],[-64.6474,-31.9494],[-64.6489,-31.9511],[-64.6585,-31.9511],[-64.6594,-31.951],[-64.6592,-31.9532],[-64.66,-31.953],[-64.661,-31.9545],[-64.6623,-31.9535],[-64.6638,-31.9527],[-64.6623,-31.9509],[-64.6734,-31.9504],[-64.6735,-31.9599],[-64.6703,-31.9636],[-64.6702,-31.9756]]],[[[-65.2835,-31.925],[-65.283,-31.922],[-65.2918,-31.9209],[-65.3032,-31.9207],[-65.3039,-31.925],[-65.2957,-31.9267],[-65.2865,-31.9339],[-65.2816,-31.9399],[-65.2751,-31.9414],[-65.2684,-31.9408],[-65.2667,-31.9381],[-65.2721,-31.9325],[-65.2723,-31.9296],[-65.2779,-31.9294],[-65.2808,-31.932],[-65.285,-31.9277],[-65.2835,-31.925]]],[[[-64.6998,-31.9188],[-64.7044,-31.9184],[-64.704,-31.9228],[-64.6912,-31.9291],[-64.6903,-31.9209],[-64.6946,-31.9202],[-64.6998,-31.9188]]],[[[-64.6376,-31.9281],[-64.6343,-31.9269],[-64.6304,-31.928],[-64.627,-31.9223],[-64.6247,-31.9212],[-64.6244,-31.9177],[-64.6268,-31.9149],[-64.6306,-31.9139],[-64.6329,-31.9223],[-64.641,-31.9248],[-64.6454,-31.9243],[-64.6507,-31.9219],[-64.6499,-31.927],[-64.6376,-31.9281]]],[[[-65.2539,-31.897],[-65.2581,-31.8975],[-65.2581,-31.9059],[-65.2608,-31.9135],[-65.2524,-31.915],[-65.2519,-31.9166],[-65.2581,-31.919],[-65.2643,-31.919],[-65.2653,-31.9158],[-65.2734,-31.9149],[-65.2761,-31.9202],[-65.266,-31.9219],[-65.26,-31.9285],[-65.2584,-31.9221],[-65.2536,-31.9208],[-65.2454,-31.9225],[-65.2417,-31.921],[-65.2398,-31.9163],[-65.2416,-31.9145],[-65.251,-31.9101],[-65.2526,-31.9066],[-65.2482,-31.9037],[-65.2539,-31.897]]],[[[-65.4781,-31.8584],[-65.4779,-31.8649],[-65.4665,-31.8652],[-65.4683,-31.8609],[-65.4724,-31.8569],[-65.4781,-31.8584]]],[[[-64.6232,-31.8598],[-64.6221,-31.8648],[-64.6175,-31.8629],[-64.6179,-31.8604],[-64.6232,-31.8598]]],[[[-64.385,-31.8549],[-64.3851,-31.8529],[-64.3875,-31.8531],[-64.388,-31.8539],[-64.3876,-31.8543],[-64.385,-31.8549]]],[[[-64.6578,-31.8502],[-64.6639,-31.8469],[-64.669,-31.8463],[-64.6681,-31.8508],[-64.6578,-31.8502]]],[[[-64.5762,-31.8496],[-64.5736,-31.8439],[-64.5797,-31.8436],[-64.5798,-31.8496],[-64.5762,-31.8496]]],[[[-64.6732,-31.8377],[-64.6785,-31.8361],[-64.6842,-31.8403],[-64.6777,-31.8456],[-64.6732,-31.8434],[-64.6732,-31.8377]]],[[[-64.6852,-31.8333],[-64.6898,-31.8308],[-64.696,-31.8363],[-64.7074,-31.8326],[-64.7113,-31.833],[-64.7115,-31.8361],[-64.7039,-31.837],[-64.6975,-31.8404],[-64.6959,-31.8428],[-64.7031,-31.8453],[-64.7146,-31.8407],[-64.716,-31.8497],[-64.7111,-31.85],[-64.7104,-31.845],[-64.706,-31.8478],[-64.7003,-31.8477],[-64.6935,-31.8444],[-64.6926,-31.8403],[-64.6852,-31.8333]]],[[[-64.7303,-31.8317],[-64.7271,-31.835],[-64.723,-31.8307],[-64.7179,-31.8326],[-64.7137,-31.8315],[-64.721,-31.8274],[-64.7284,-31.8282],[-64.7321,-31.8313],[-64.7376,-31.8315],[-64.7364,-31.834],[-64.7303,-31.8317]]],[[[-64.6804,-31.8278],[-64.682,-31.8226],[-64.685,-31.8231],[-64.6827,-31.8302],[-64.6744,-31.8339],[-64.6745,-31.8301],[-64.6794,-31.8302],[-64.6804,-31.8278]]],[[[-64.6503,-31.821],[-64.6593,-31.8157],[-64.6548,-31.8233],[-64.6596,-31.828],[-64.6635,-31.8286],[-64.6649,-31.8328],[-64.6575,-31.8334],[-64.6569,-31.8294],[-64.6528,-31.8254],[-64.6503,-31.821]]],[[[-64.57,-31.8088],[-64.5737,-31.8135],[-64.5734,-31.8193],[-64.5798,-31.8191],[-64.5806,-31.8312],[-64.582,-31.8346],[-64.5764,-31.8367],[-64.5732,-31.8258],[-64.5694,-31.8247],[-64.5667,-31.8216],[-64.5658,-31.8148],[-64.5682,-31.8102],[-64.5702,-31.8099],[-64.57,-31.8088]]],[[[-64.6223,-31.8252],[-64.6244,-31.824],[-64.627,-31.8228],[-64.6279,-31.8258],[-64.6352,-31.8271],[-64.6358,-31.8301],[-64.6421,-31.8306],[-64.6451,-31.8321],[-64.6456,-31.8383],[-64.6533,-31.8382],[-64.6545,-31.8411],[-64.6595,-31.8413],[-64.6597,-31.8462],[-64.6555,-31.8462],[-64.6531,-31.8418],[-64.6497,-31.8416],[-64.6479,-31.8466],[-64.6491,-31.8506],[-64.6437,-31.85],[-64.6385,-31.854],[-64.6367,-31.8576],[-64.6254,-31.8558],[-64.6257,-31.8526],[-64.631,-31.8521],[-64.6331,-31.8457],[-64.6252,-31.8447],[-64.6202,-31.8524],[-64.6201,-31.8554],[-64.6136,-31.8596],[-64.6112,-31.8649],[-64.6046,-31.8647],[-64.6033,-31.861],[-64.5998,-31.8623],[-64.5971,-31.8676],[-64.5931,-31.8702],[-64.5905,-31.8747],[-64.5863,-31.8747],[-64.5845,-31.8697],[-64.589,-31.8623],[-64.5963,-31.8586],[-64.6016,-31.8571],[-64.6067,-31.8613],[-64.6103,-31.8603],[-64.6091,-31.8536],[-64.6047,-31.8518],[-64.6034,-31.8479],[-64.6093,-31.8461],[-64.6085,-31.8439],[-64.602,-31.8434],[-64.5958,-31.8468],[-64.5959,-31.8355],[-64.5889,-31.8309],[-64.5827,-31.8314],[-64.5813,-31.8298],[-64.5825,-31.8188],[-64.5784,-31.8169],[-64.5776,-31.8096],[-64.5844,-31.8076],[-64.5943,-31.8078],[-64.595,-31.8115],[-64.5973,-31.8134],[-64.5903,-31.8133],[-64.589,-31.8166],[-64.5975,-31.8182],[-64.6034,-31.8219],[-64.6043,-31.8265],[-64.6026,-31.8318],[-64.6035,-31.8339],[-64.6019,-31.8353],[-64.6006,-31.8396],[-64.6042,-31.8405],[-64.6038,-31.8388],[-64.6051,-31.8383],[-64.6073,-31.8369],[-64.6073,-31.8319],[-64.6082,-31.831],[-64.6128,-31.8268],[-64.614,-31.826],[-64.6182,-31.8265],[-64.6198,-31.827],[-64.6202,-31.8271],[-64.6209,-31.8273],[-64.6233,-31.8273],[-64.6232,-31.8248],[-64.6223,-31.8252]]],[[[-64.7316,-31.8098],[-64.7331,-31.8126],[-64.7315,-31.8173],[-64.723,-31.8177],[-64.7199,-31.8258],[-64.7128,-31.825],[-64.7128,-31.823],[-64.7138,-31.8158],[-64.7102,-31.811],[-64.7045,-31.8136],[-64.6985,-31.8136],[-64.6975,-31.818],[-64.6949,-31.8202],[-64.6921,-31.8125],[-64.6901,-31.8125],[-64.6762,-31.8112],[-64.6759,-31.8061],[-64.6789,-31.8015],[-64.6858,-31.796],[-64.686,-31.7931],[-64.6872,-31.7916],[-64.6889,-31.7898],[-64.6938,-31.7896],[-64.6939,-31.7981],[-64.6921,-31.8023],[-64.6878,-31.8025],[-64.6872,-31.8056],[-64.6964,-31.8042],[-64.7007,-31.8006],[-64.7023,-31.7964],[-64.7075,-31.7967],[-64.7077,-31.8045],[-64.7104,-31.8032],[-64.7154,-31.804],[-64.7156,-31.8125],[-64.718,-31.8114],[-64.7196,-31.8046],[-64.7222,-31.8051],[-64.722,-31.8088],[-64.7287,-31.8077],[-64.7316,-31.8098]]],[[[-65.0379,-32.3174],[-65.0189,-32.3152],[-65.0037,-32.3168],[-64.9967,-32.3142],[-64.9909,-32.3154],[-64.9773,-32.3215],[-64.9695,-32.3182],[-64.9608,-32.3163],[-64.9582,-32.3137],[-64.9537,-32.3045],[-64.9581,-32.2982],[-64.9585,-32.2906],[-64.9621,-32.2763],[-64.962,-32.268],[-64.9631,-32.2594],[-64.9621,-32.2559],[-64.9621,-32.2471],[-64.9637,-32.2448],[-64.9608,-32.2285],[-64.9625,-32.2172],[-64.9618,-32.2047],[-64.959,-32.1848],[-64.9605,-32.1717],[-64.9569,-32.1657],[-64.9557,-32.1612],[-64.958,-32.15],[-64.9556,-32.1453],[-64.9566,-32.1359],[-64.9535,-32.1227],[-64.9545,-32.1171],[-64.9541,-32.1114],[-64.9523,-32.105],[-64.9476,-32.0981],[-64.9464,-32.0927],[-64.9438,-32.0889],[-64.9437,-32.0846],[-64.9397,-32.0787],[-64.941,-32.0709],[-64.9388,-32.0674],[-64.9419,-32.0653],[-64.9432,-32.06],[-64.9427,-32.0455],[-64.936,-32.0396],[-64.9375,-32.0281],[-64.9407,-32.0266],[-64.9465,-32.0182],[-64.9454,-32.0044],[-64.9434,-32.0025],[-64.9436,-31.9886],[-64.9427,-31.9786],[-64.9401,-31.9749],[-64.9391,-31.965],[-64.9366,-31.9613],[-64.9407,-31.9561],[-64.9407,-31.9513],[-64.9385,-31.9497],[-64.9381,-31.9439],[-64.9397,-31.9397],[-64.939,-31.9343],[-64.9353,-31.9253],[-64.9346,-31.9168],[-64.9292,-31.9135],[-64.9272,-31.9104],[-64.9225,-31.91],[-64.9167,-31.9045],[-64.916,-31.8922],[-64.9168,-31.8876],[-64.9099,-31.8796],[-64.9079,-31.8751],[-64.9041,-31.8622],[-64.9016,-31.8622],[-64.8983,-31.8558],[-64.894,-31.853],[-64.8943,-31.843],[-64.8885,-31.8342],[-64.8869,-31.8282],[-64.8822,-31.8259],[-64.8729,-31.826],[-64.8663,-31.8226],[-64.8695,-31.813],[-64.8866,-31.8122],[-64.8875,-31.809],[-64.8836,-31.8038],[-64.8742,-31.8027],[-64.8755,-31.8007],[-64.8817,-31.803],[-64.8906,-31.8021],[-64.8915,-31.7972],[-64.8963,-31.7921],[-64.9025,-31.7858],[-64.9133,-31.7849],[-64.9245,-31.7823],[-64.9255,-31.7847],[-64.9317,-31.789],[-64.9337,-31.7958],[-64.9305,-31.7959],[-64.9268,-31.7995],[-64.9264,-31.8056],[-64.9302,-31.8079],[-64.9392,-31.8098],[-64.9435,-31.8117],[-64.9448,-31.8089],[-64.9429,-31.8049],[-64.9527,-31.8003],[-64.9521,-31.7959],[-64.9473,-31.7936],[-64.9477,-31.7864],[-64.9533,-31.7863],[-64.9566,-31.7878],[-64.9581,-31.7914],[-64.9588,-31.801],[-64.963,-31.8002],[-64.9668,-31.8021],[-64.9752,-31.7992],[-64.9784,-31.7935],[-64.9827,-31.7971],[-64.9857,-31.8044],[-64.9792,-31.8106],[-64.9788,-31.8139],[-64.9816,-31.8157],[-64.9915,-31.8161],[-64.9938,-31.8193],[-64.9827,-31.8195],[-64.9749,-31.8168],[-64.9689,-31.8183],[-64.9629,-31.8231],[-64.9536,-31.8251],[-64.9509,-31.8294],[-64.957,-31.8307],[-64.9636,-31.8273],[-64.9676,-31.8329],[-64.9693,-31.8376],[-64.9635,-31.8481],[-64.9553,-31.8553],[-64.9533,-31.8643],[-64.9551,-31.8694],[-64.9546,-31.8742],[-64.964,-31.8731],[-64.9688,-31.8659],[-64.9776,-31.8767],[-64.9809,-31.8792],[-64.9828,-31.8913],[-64.9797,-31.8925],[-64.9798,-31.9066],[-64.9872,-31.907],[-64.9936,-31.9086],[-65.0018,-31.9131],[-65.0076,-31.9148],[-65.0099,-31.9165],[-65.0205,-31.9176],[-65.0213,-31.9199],[-65.0267,-31.9206],[-65.0262,-31.9235],[-65.0313,-31.9255],[-65.0374,-31.9254],[-65.0505,-31.9274],[-65.054,-31.9333],[-65.0277,-31.9376],[-65.0255,-31.9409],[-65.0271,-31.9444],[-65.0392,-31.9371],[-65.0525,-31.9377],[-65.0571,-31.9391],[-65.0528,-31.9492],[-65.0479,-31.9516],[-65.0491,-31.9542],[-65.0541,-31.9573],[-65.0621,-31.9565],[-65.0683,-31.9607],[-65.0857,-31.968],[-65.1026,-31.9772],[-65.1131,-31.9843],[-65.1133,-31.9944],[-65.1087,-31.9982],[-65.1077,-32.0013],[-65.1161,-32.0021],[-65.1124,-32.0051],[-65.106,-32.0066],[-65.1045,-32.0114],[-65.1092,-32.0141],[-65.1089,-32.0169],[-65.0993,-32.0154],[-65.0814,-32.017],[-65.0759,-32.0126],[-65.0739,-32.0074],[-65.0708,-32.0053],[-65.067,-32.0072],[-65.07,-32.0185],[-65.0734,-32.0229],[-65.0667,-32.0248],[-65.0637,-32.0274],[-65.0744,-32.0288],[-65.0911,-32.0432],[-65.0862,-32.0452],[-65.0801,-32.0453],[-65.0791,-32.0362],[-65.0701,-32.0349],[-65.0688,-32.0364],[-65.0562,-32.0356],[-65.0425,-32.0365],[-65.0405,-32.031],[-65.0466,-32.0306],[-65.0512,-32.0318],[-65.0538,-32.0279],[-65.0362,-32.0282],[-65.0335,-32.0256],[-65.0345,-32.0204],[-65.0463,-32.0163],[-65.0447,-32.014],[-65.0452,-32.004],[-65.0443,-31.9988],[-65.0401,-31.9962],[-65.0345,-31.9999],[-65.0311,-32.0045],[-65.0312,-32.0097],[-65.0329,-32.0168],[-65.0263,-32.0162],[-65.0177,-32.0193],[-65.0175,-32.0235],[-65.0113,-32.0274],[-65.011,-32.0322],[-65.0178,-32.0341],[-65.0253,-32.0347],[-65.027,-32.0367],[-65.0272,-32.043],[-65.0315,-32.0444],[-65.0349,-32.0429],[-65.0393,-32.0531],[-65.0381,-32.0576],[-65.0412,-32.0612],[-65.031,-32.0644],[-65.0283,-32.067],[-65.0301,-32.0703],[-65.0259,-32.0771],[-65.0313,-32.08],[-65.0252,-32.0843],[-65.028,-32.0871],[-65.0324,-32.0806],[-65.037,-32.0813],[-65.0498,-32.0856],[-65.0521,-32.091],[-65.0659,-32.0904],[-65.0672,-32.0823],[-65.0734,-32.0838],[-65.0716,-32.0885],[-65.0739,-32.0906],[-65.0701,-32.0943],[-65.0633,-32.0973],[-65.0591,-32.0974],[-65.0538,-32.0968],[-65.0385,-32.0993],[-65.0388,-32.1279],[-65.0449,-32.1278],[-65.0463,-32.121],[-65.0577,-32.1172],[-65.0525,-32.1228],[-65.0487,-32.1252],[-65.0531,-32.1276],[-65.0538,-32.1309],[-65.0516,-32.1349],[-65.0486,-32.1365],[-65.0418,-32.1376],[-65.041,-32.139],[-65.0409,-32.1399],[-65.0439,-32.146],[-65.043,-32.1481],[-65.0377,-32.1505],[-65.0342,-32.1504],[-65.0307,-32.1574],[-65.0314,-32.1581],[-65.0318,-32.1586],[-65.0324,-32.1587],[-65.0335,-32.1589],[-65.0383,-32.1564],[-65.0424,-32.1565],[-65.043,-32.1623],[-65.0429,-32.1632],[-65.0394,-32.1687],[-65.0389,-32.1693],[-65.0387,-32.1698],[-65.0381,-32.1715],[-65.0395,-32.1768],[-65.035,-32.1795],[-65.0353,-32.1878],[-65.0351,-32.188],[-65.024,-32.1939],[-65.0242,-32.1977],[-65.0262,-32.1985],[-65.0347,-32.1952],[-65.042,-32.1942],[-65.0446,-32.1954],[-65.0443,-32.2004],[-65.0421,-32.2027],[-65.0406,-32.2039],[-65.0391,-32.2051],[-65.0253,-32.2129],[-65.022,-32.2123],[-65.0206,-32.2104],[-65.0181,-32.2108],[-65.0221,-32.2187],[-65.0215,-32.2211],[-65.0195,-32.2228],[-65.0175,-32.2237],[-65.0113,-32.2218],[-65.0094,-32.2224],[-65.0076,-32.2243],[-65.0061,-32.2252],[-65.0057,-32.2255],[-65.0101,-32.2262],[-65.0179,-32.2254],[-65.0187,-32.2254],[-65.0224,-32.2239],[-65.0239,-32.223],[-65.0258,-32.2227],[-65.0289,-32.2231],[-65.0299,-32.223],[-65.0307,-32.2231],[-65.0405,-32.2205],[-65.0416,-32.2216],[-65.0423,-32.2316],[-65.0439,-32.2368],[-65.0429,-32.2433],[-65.0712,-32.2405],[-65.0741,-32.2369],[-65.0808,-32.2446],[-65.0862,-32.2448],[-65.0886,-32.2421],[-65.095,-32.2444],[-65.0958,-32.2486],[-65.1039,-32.2484],[-65.1055,-32.2536],[-65.0944,-32.2538],[-65.0859,-32.2497],[-65.0806,-32.25],[-65.0826,-32.254],[-65.0902,-32.255],[-65.0969,-32.2625],[-65.1027,-32.2637],[-65.1058,-32.2666],[-65.11,-32.2635],[-65.1166,-32.2684],[-65.1139,-32.2707],[-65.1093,-32.2688],[-65.1032,-32.2699],[-65.101,-32.2735],[-65.1114,-32.2763],[-65.1205,-32.2745],[-65.1204,-32.2696],[-65.1304,-32.2698],[-65.1302,-32.2736],[-65.1328,-32.2753],[-65.1408,-32.2758],[-65.1406,-32.2797],[-65.1363,-32.2798],[-65.1364,-32.284],[-65.1273,-32.2864],[-65.1255,-32.2897],[-65.1159,-32.2908],[-65.1143,-32.286],[-65.1088,-32.2862],[-65.1137,-32.2931],[-65.1138,-32.2983],[-65.1069,-32.3001],[-65.1082,-32.3027],[-65.1213,-32.3066],[-65.1229,-32.3089],[-65.116,-32.31],[-65.1072,-32.3098],[-65.0989,-32.3002],[-65.0984,-32.2918],[-65.0967,-32.2866],[-65.0913,-32.2857],[-65.093,-32.2769],[-65.0858,-32.2767],[-65.08,-32.2736],[-65.076,-32.27],[-65.0688,-32.2715],[-65.074,-32.2753],[-65.0739,-32.2951],[-65.0811,-32.2975],[-65.0827,-32.3119],[-65.0782,-32.3179],[-65.0486,-32.3163],[-65.0517,-32.3082],[-65.0501,-32.3059],[-65.0507,-32.3004],[-65.0468,-32.2977],[-65.0379,-32.3174]],[[-65.0224,-32.2614],[-65.0233,-32.262],[-65.0236,-32.2633],[-65.0248,-32.2665],[-65.0254,-32.2675],[-65.0267,-32.2682],[-65.0373,-32.2642],[-65.0362,-32.2579],[-65.0311,-32.2607],[-65.0219,-32.2576],[-65.0214,-32.2578],[-65.0213,-32.2607],[-65.0224,-32.2614]],[[-65.0003,-32.0857],[-65.0081,-32.0849],[-65.0065,-32.0823],[-65.0099,-32.0793],[-65.0217,-32.0781],[-65.0185,-32.0733],[-64.9959,-32.0747],[-64.9955,-32.0786],[-65.0003,-32.0857]],[[-65.0056,-31.999],[-65.0069,-32.0012],[-65.0071,-32.0015],[-65.0096,-32.0058],[-65.0208,-32.005],[-65.027,-32.0015],[-65.0237,-31.9998],[-65.0181,-32.0008],[-65.0191,-31.9972],[-65.0229,-31.9949],[-65.0206,-31.9926],[-65.0161,-31.9961],[-65.0118,-31.9967],[-65.005,-31.9975],[-65.0055,-31.9988],[-65.0056,-31.999]],[[-65.0229,-32.2773],[-65.0238,-32.277],[-65.0232,-32.2771],[-65.0229,-32.2773]],[[-65.0238,-32.277],[-65.0319,-32.2812],[-65.0449,-32.2797],[-65.041,-32.2752],[-65.0356,-32.2743],[-65.0304,-32.2719],[-65.027,-32.2748],[-65.0249,-32.2759],[-65.0238,-32.277]],[[-65.0191,-32.2448],[-65.0191,-32.2436],[-65.019,-32.2436],[-65.0188,-32.2441],[-65.0189,-32.2463],[-65.0191,-32.2448]],[[-65.0189,-32.2463],[-65.0189,-32.2469],[-65.0198,-32.2472],[-65.0208,-32.2476],[-65.0189,-32.2463]],[[-65.0206,-32.2321],[-65.0206,-32.232],[-65.0232,-32.2308],[-65.0206,-32.2321],[-65.0203,-32.2322],[-65.0208,-32.24],[-65.0279,-32.2386],[-65.0284,-32.2429],[-65.0333,-32.2418],[-65.0339,-32.2311],[-65.0206,-32.2322],[-65.0203,-32.2322],[-65.0206,-32.2321]],[[-65.0232,-32.2308],[-65.0248,-32.23],[-65.0247,-32.23],[-65.0237,-32.2305],[-65.0232,-32.2308]],[[-65.0144,-31.9605],[-65.0145,-31.9606],[-65.0209,-31.9677],[-65.0292,-31.9672],[-65.0279,-31.9642],[-65.0281,-31.9581],[-65.022,-31.9562],[-65.0176,-31.959],[-65.0135,-31.9579],[-65.0136,-31.9583],[-65.0144,-31.9605]]],[[[-64.7178,-31.7784],[-64.717,-31.7744],[-64.7027,-31.7789],[-64.6944,-31.7789],[-64.6947,-31.7809],[-64.6881,-31.7836],[-64.6874,-31.7754],[-64.6891,-31.7716],[-64.6874,-31.7694],[-64.688,-31.7666],[-64.6916,-31.7633],[-64.6932,-31.7672],[-64.6995,-31.7637],[-64.7047,-31.7643],[-64.7036,-31.7683],[-64.7003,-31.7688],[-64.6948,-31.7752],[-64.7013,-31.7762],[-64.7021,-31.7713],[-64.7069,-31.7718],[-64.7107,-31.7703],[-64.7203,-31.7697],[-64.7207,-31.7657],[-64.7214,-31.7675],[-64.7232,-31.7718],[-64.7234,-31.7724],[-64.7235,-31.7725],[-64.724,-31.7738],[-64.7249,-31.7759],[-64.7178,-31.7784]]],[[[-65.7698,-31.787],[-65.7578,-31.7815],[-65.747,-31.7775],[-65.7446,-31.7677],[-65.7472,-31.7433],[-65.7697,-31.7434],[-65.7698,-31.787]]],[[[-64.7177,-31.7656],[-64.7095,-31.7666],[-64.7092,-31.7634],[-64.7118,-31.7598],[-64.7155,-31.7596],[-64.7177,-31.7656]]],[[[-64.7013,-31.7621],[-64.7105,-31.7561],[-64.7148,-31.7584],[-64.7107,-31.7585],[-64.7048,-31.7629],[-64.7013,-31.7621]]],[[[-64.6597,-31.7834],[-64.6589,-31.788],[-64.6559,-31.7928],[-64.6555,-31.7979],[-64.6501,-31.8041],[-64.6473,-31.8131],[-64.6484,-31.8147],[-64.6469,-31.8231],[-64.6359,-31.8218],[-64.6395,-31.8175],[-64.6357,-31.8139],[-64.631,-31.8142],[-64.6323,-31.8102],[-64.6302,-31.8083],[-64.6272,-31.8085],[-64.6248,-31.8093],[-64.6213,-31.8146],[-64.6215,-31.8126],[-64.6213,-31.8109],[-64.6232,-31.8015],[-64.618,-31.8007],[-64.6172,-31.7906],[-64.6261,-31.7911],[-64.6296,-31.7876],[-64.6385,-31.7862],[-64.6356,-31.7902],[-64.6283,-31.7926],[-64.6329,-31.8014],[-64.6344,-31.7945],[-64.6391,-31.7933],[-64.6401,-31.7896],[-64.6456,-31.7901],[-64.6455,-31.7861],[-64.6457,-31.7816],[-64.6506,-31.7811],[-64.6532,-31.7845],[-64.6563,-31.7854],[-64.6487,-31.7734],[-64.6421,-31.7736],[-64.6375,-31.7714],[-64.6326,-31.7715],[-64.6337,-31.7655],[-64.6426,-31.7686],[-64.6434,-31.7687],[-64.6424,-31.7653],[-64.6489,-31.7619],[-64.6489,-31.7528],[-64.6502,-31.7514],[-64.6604,-31.7507],[-64.6609,-31.754],[-64.6609,-31.7545],[-64.661,-31.7555],[-64.661,-31.7556],[-64.661,-31.7559],[-64.6589,-31.7564],[-64.6536,-31.7575],[-64.6503,-31.7637],[-64.6551,-31.7661],[-64.6554,-31.7599],[-64.6585,-31.759],[-64.6611,-31.7609],[-64.6644,-31.7663],[-64.668,-31.7657],[-64.6738,-31.767],[-64.6741,-31.7703],[-64.6699,-31.7771],[-64.6637,-31.7789],[-64.6637,-31.775],[-64.6616,-31.7749],[-64.6571,-31.7796],[-64.6613,-31.7814],[-64.6597,-31.7834]]],[[[-64.6277,-31.7511],[-64.6329,-31.7482],[-64.6367,-31.7437],[-64.6364,-31.7417],[-64.6296,-31.7404],[-64.6291,-31.7373],[-64.6329,-31.7365],[-64.643,-31.7415],[-64.6501,-31.7403],[-64.6547,-31.7364],[-64.654,-31.7335],[-64.6589,-31.7329],[-64.6653,-31.7463],[-64.6592,-31.7482],[-64.6578,-31.7422],[-64.655,-31.7406],[-64.6512,-31.7425],[-64.648,-31.7463],[-64.6447,-31.7427],[-64.6415,-31.7462],[-64.6277,-31.7568],[-64.6234,-31.7571],[-64.6184,-31.752],[-64.6173,-31.7486],[-64.6222,-31.7452],[-64.6248,-31.7477],[-64.6252,-31.7484],[-64.6256,-31.7512],[-64.6277,-31.7511]]],[[[-64.401,-32.1915],[-64.3969,-32.189],[-64.3846,-32.1898],[-64.3824,-32.183],[-64.3764,-32.1803],[-64.3708,-32.1811],[-64.3642,-32.1875],[-64.3699,-32.19],[-64.3825,-32.191],[-64.3879,-32.1941],[-64.3957,-32.1942],[-64.3968,-32.2011],[-64.3928,-32.2006],[-64.394,-32.2088],[-64.3898,-32.2109],[-64.3816,-32.211],[-64.3794,-32.2179],[-64.3744,-32.2209],[-64.3765,-32.2245],[-64.3766,-32.2291],[-64.3716,-32.2328],[-64.3661,-32.2385],[-64.3636,-32.2386],[-64.3579,-32.2338],[-64.3576,-32.2302],[-64.3611,-32.229],[-64.3613,-32.2224],[-64.3668,-32.216],[-64.3651,-32.2119],[-64.3593,-32.2164],[-64.3588,-32.2215],[-64.3557,-32.2235],[-64.3552,-32.2286],[-64.3487,-32.2237],[-64.3458,-32.2281],[-64.3396,-32.2254],[-64.339,-32.2215],[-64.3312,-32.2193],[-64.3305,-32.2166],[-64.332,-32.2156],[-64.337,-32.2155],[-64.3379,-32.2112],[-64.3395,-32.2095],[-64.3433,-32.2077],[-64.3428,-32.2056],[-64.3381,-32.2061],[-64.336,-32.2046],[-64.3341,-32.2047],[-64.3254,-32.1995],[-64.3216,-32.1999],[-64.3136,-32.1985],[-64.311,-32.1995],[-64.3098,-32.1977],[-64.3095,-32.1952],[-64.3037,-32.1919],[-64.3053,-32.189],[-64.3043,-32.1855],[-64.3114,-32.1872],[-64.319,-32.1878],[-64.3174,-32.1757],[-64.3179,-32.1718],[-64.3216,-32.1693],[-64.3186,-32.1648],[-64.3199,-32.1618],[-64.3175,-32.1589],[-64.3228,-32.1554],[-64.3265,-32.1569],[-64.325,-32.1456],[-64.3201,-32.139],[-64.3174,-32.1324],[-64.3122,-32.1311],[-64.3107,-32.133],[-64.3026,-32.1323],[-64.3005,-32.1344],[-64.2998,-32.1399],[-64.3068,-32.1398],[-64.3065,-32.1442],[-64.3013,-32.1431],[-64.297,-32.1481],[-64.2905,-32.148],[-64.2924,-32.1404],[-64.2951,-32.1385],[-64.2937,-32.1354],[-64.2957,-32.1323],[-64.3026,-32.1286],[-64.3089,-32.1289],[-64.3124,-32.1259],[-64.3173,-32.1258],[-64.3196,-32.1232],[-64.3202,-32.1209],[-64.3248,-32.1187],[-64.3231,-32.1156],[-64.3259,-32.1098],[-64.3302,-32.1073],[-64.3376,-32.1056],[-64.34,-32.0999],[-64.3352,-32.0933],[-64.3385,-32.0894],[-64.3387,-32.0893],[-64.3422,-32.0889],[-64.3446,-32.0917],[-64.3461,-32.0915],[-64.3492,-32.0881],[-64.3493,-32.088],[-64.3487,-32.0849],[-64.3523,-32.0842],[-64.3534,-32.0786],[-64.356,-32.0784],[-64.3624,-32.0806],[-64.3627,-32.0781],[-64.3606,-32.0762],[-64.3609,-32.0738],[-64.3604,-32.0713],[-64.3679,-32.07],[-64.3645,-32.0659],[-64.3674,-32.0633],[-64.3754,-32.0588],[-64.3755,-32.0585],[-64.3757,-32.0555],[-64.3757,-32.0551],[-64.3738,-32.0522],[-64.3772,-32.0527],[-64.381,-32.053],[-64.3812,-32.0495],[-64.3837,-32.0464],[-64.3889,-32.0449],[-64.3872,-32.0425],[-64.3877,-32.0419],[-64.385,-32.037],[-64.3851,-32.0368],[-64.3841,-32.0322],[-64.3842,-32.032],[-64.381,-32.0298],[-64.382,-32.0261],[-64.3821,-32.0258],[-64.3807,-32.0225],[-64.3819,-32.0171],[-64.382,-32.0167],[-64.3893,-32.0157],[-64.3915,-32.0147],[-64.3924,-32.0124],[-64.3856,-32.012],[-64.3829,-32.0087],[-64.3842,-32.0059],[-64.384,-32.0005],[-64.3888,-31.9968],[-64.3889,-31.9923],[-64.3867,-31.9892],[-64.3884,-31.9861],[-64.3922,-31.9844],[-64.3924,-31.9843],[-64.3924,-31.9801],[-64.3899,-31.9751],[-64.3864,-31.9738],[-64.3845,-31.9676],[-64.3889,-31.9647],[-64.3866,-31.9614],[-64.3891,-31.9567],[-64.3863,-31.9535],[-64.3822,-31.9577],[-64.3784,-31.9563],[-64.3778,-31.9509],[-64.3757,-31.9497],[-64.3737,-31.9463],[-64.3744,-31.9455],[-64.3751,-31.9447],[-64.3746,-31.9413],[-64.377,-31.9383],[-64.3799,-31.9423],[-64.3842,-31.9407],[-64.3889,-31.9441],[-64.3962,-31.9442],[-64.399,-31.9482],[-64.4032,-31.9468],[-64.4051,-31.941],[-64.4008,-31.9375],[-64.3913,-31.9385],[-64.3856,-31.93],[-64.3794,-31.9315],[-64.3776,-31.9263],[-64.3841,-31.9253],[-64.3836,-31.9183],[-64.3863,-31.9206],[-64.3892,-31.9189],[-64.3908,-31.9126],[-64.3941,-31.9106],[-64.389,-31.9092],[-64.3885,-31.9042],[-64.3827,-31.9022],[-64.3833,-31.8985],[-64.3853,-31.898],[-64.3854,-31.8967],[-64.3855,-31.8942],[-64.3836,-31.8905],[-64.3844,-31.8871],[-64.3825,-31.8802],[-64.3784,-31.8769],[-64.3788,-31.876],[-64.382,-31.8771],[-64.3827,-31.8773],[-64.3828,-31.8774],[-64.3828,-31.8745],[-64.3769,-31.8723],[-64.3774,-31.8705],[-64.3895,-31.87],[-64.3874,-31.868],[-64.388,-31.8655],[-64.3881,-31.8655],[-64.3854,-31.8627],[-64.3819,-31.8638],[-64.385,-31.8615],[-64.3824,-31.8602],[-64.382,-31.8559],[-64.3821,-31.8526],[-64.3849,-31.8548],[-64.385,-31.8549],[-64.3876,-31.8562],[-64.3935,-31.8551],[-64.3936,-31.855],[-64.3949,-31.8521],[-64.3962,-31.8543],[-64.3955,-31.86],[-64.3985,-31.869],[-64.4025,-31.87],[-64.3996,-31.8637],[-64.4002,-31.8601],[-64.4062,-31.8647],[-64.4101,-31.8646],[-64.4106,-31.8606],[-64.4056,-31.8569],[-64.4,-31.8567],[-64.4015,-31.8518],[-64.4067,-31.8477],[-64.4077,-31.8558],[-64.4133,-31.8558],[-64.4215,-31.8621],[-64.4271,-31.8601],[-64.4253,-31.8575],[-64.4117,-31.8457],[-64.4079,-31.8436],[-64.4042,-31.8444],[-64.3984,-31.8531],[-64.3952,-31.8471],[-64.3914,-31.8447],[-64.3909,-31.839],[-64.3917,-31.8366],[-64.3926,-31.835],[-64.3954,-31.8344],[-64.4121,-31.8319],[-64.4123,-31.8289],[-64.4037,-31.8296],[-64.3992,-31.828],[-64.3953,-31.83],[-64.3923,-31.8249],[-64.3996,-31.82],[-64.4003,-31.8192],[-64.4018,-31.8177],[-64.4026,-31.8167],[-64.4061,-31.8116],[-64.4104,-31.8078],[-64.4104,-31.8047],[-64.4113,-31.7995],[-64.4063,-31.7988],[-64.4079,-31.8043],[-64.402,-31.8056],[-64.3963,-31.8085],[-64.3962,-31.8054],[-64.3924,-31.809],[-64.3914,-31.8196],[-64.3887,-31.8216],[-64.383,-31.8225],[-64.3804,-31.8206],[-64.3812,-31.8185],[-64.385,-31.8131],[-64.3842,-31.8075],[-64.3862,-31.8016],[-64.3882,-31.7987],[-64.397,-31.7971],[-64.4031,-31.7954],[-64.411,-31.7932],[-64.4162,-31.7931],[-64.4162,-31.7897],[-64.4142,-31.7868],[-64.4118,-31.786],[-64.4075,-31.7856],[-64.4046,-31.7876],[-64.4021,-31.7854],[-64.4019,-31.7804],[-64.3994,-31.7759],[-64.3994,-31.7741],[-64.4026,-31.7729],[-64.4061,-31.7752],[-64.4088,-31.7734],[-64.4067,-31.7698],[-64.4062,-31.7662],[-64.4042,-31.7652],[-64.4017,-31.7625],[-64.3981,-31.7566],[-64.4013,-31.7543],[-64.4064,-31.7591],[-64.4088,-31.7589],[-64.4089,-31.7587],[-64.4105,-31.7559],[-64.4106,-31.7557],[-64.4131,-31.7546],[-64.4168,-31.7569],[-64.4195,-31.7617],[-64.4218,-31.7619],[-64.4243,-31.7566],[-64.4242,-31.7502],[-64.4215,-31.7435],[-64.4183,-31.741],[-64.4163,-31.7357],[-64.4183,-31.7348],[-64.4186,-31.7339],[-64.4191,-31.7317],[-64.4194,-31.7306],[-64.4202,-31.7307],[-64.4219,-31.7313],[-64.4297,-31.7335],[-64.4335,-31.7382],[-64.4385,-31.7407],[-64.4436,-31.739],[-64.4565,-31.7438],[-64.4622,-31.7486],[-64.4605,-31.7574],[-64.4771,-31.7748],[-64.4871,-31.7802],[-64.4917,-31.7808],[-64.5006,-31.7878],[-64.5067,-31.7961],[-64.5051,-31.7985],[-64.5071,-31.7981],[-64.5082,-31.7971],[-64.5088,-31.7976],[-64.5093,-31.7965],[-64.5101,-31.7979],[-64.5096,-31.799],[-64.5087,-31.8005],[-64.51,-31.8003],[-64.5129,-31.8],[-64.5129,-31.7986],[-64.5123,-31.7967],[-64.509,-31.7937],[-64.5142,-31.791],[-64.5152,-31.7914],[-64.5159,-31.7918],[-64.5171,-31.7924],[-64.5263,-31.7969],[-64.5238,-31.8021],[-64.5184,-31.8056],[-64.5158,-31.8105],[-64.5127,-31.8091],[-64.5119,-31.8114],[-64.5103,-31.8159],[-64.5055,-31.8137],[-64.5011,-31.8138],[-64.5,-31.8172],[-64.5028,-31.8201],[-64.5029,-31.8199],[-64.5046,-31.8171],[-64.5046,-31.817],[-64.5076,-31.8209],[-64.5114,-31.8196],[-64.5129,-31.8197],[-64.5149,-31.8204],[-64.5155,-31.8238],[-64.516,-31.8249],[-64.5174,-31.8282],[-64.5186,-31.8351],[-64.5174,-31.8442],[-64.5149,-31.854],[-64.5138,-31.8646],[-64.5135,-31.8671],[-64.5115,-31.8801],[-64.5138,-31.8843],[-64.5135,-31.8912],[-64.5141,-31.8955],[-64.5156,-31.9064],[-64.5172,-31.9077],[-64.5171,-31.9118],[-64.518,-31.9187],[-64.5159,-31.9209],[-64.5159,-31.9238],[-64.5191,-31.9294],[-64.5197,-31.9347],[-64.5167,-31.9365],[-64.5208,-31.9409],[-64.5267,-31.9473],[-64.5271,-31.9549],[-64.5332,-31.9624],[-64.5336,-31.9667],[-64.5409,-31.9728],[-64.544,-31.9772],[-64.5501,-31.9829],[-64.5549,-31.9897],[-64.5525,-32.0027],[-64.5537,-32.0088],[-64.5518,-32.0139],[-64.5513,-32.0211],[-64.5492,-32.0261],[-64.5505,-32.0343],[-64.5523,-32.0341],[-64.5535,-32.0385],[-64.5517,-32.0435],[-64.5447,-32.0527],[-64.5407,-32.0575],[-64.5301,-32.0667],[-64.5265,-32.0675],[-64.5215,-32.0732],[-64.5166,-32.0814],[-64.516,-32.0851],[-64.5085,-32.0956],[-64.5133,-32.0969],[-64.514,-32.0991],[-64.511,-32.1078],[-64.5051,-32.106],[-64.4982,-32.1063],[-64.4955,-32.1081],[-64.5004,-32.108],[-64.5074,-32.1107],[-64.5046,-32.1168],[-64.5008,-32.1253],[-64.4953,-32.1354],[-64.4953,-32.1376],[-64.4954,-32.1405],[-64.4948,-32.1467],[-64.4918,-32.1513],[-64.5024,-32.1552],[-64.5059,-32.1577],[-64.5036,-32.1617],[-64.4996,-32.1629],[-64.493,-32.1639],[-64.493,-32.1671],[-64.494,-32.1685],[-64.4942,-32.1716],[-64.4888,-32.1737],[-64.4905,-32.1754],[-64.4851,-32.176],[-64.4831,-32.1764],[-64.4814,-32.1814],[-64.4735,-32.1861],[-64.4699,-32.1876],[-64.4677,-32.19],[-64.4677,-32.1952],[-64.4614,-32.2023],[-64.4564,-32.2003],[-64.4549,-32.1933],[-64.4563,-32.1894],[-64.4585,-32.1881],[-64.4601,-32.183],[-64.4631,-32.1791],[-64.4625,-32.1747],[-64.4593,-32.171],[-64.4595,-32.1692],[-64.4622,-32.1671],[-64.4598,-32.1641],[-64.4557,-32.1642],[-64.4507,-32.1648],[-64.4417,-32.1611],[-64.4386,-32.1634],[-64.4322,-32.1645],[-64.4291,-32.1628],[-64.4269,-32.1598],[-64.4259,-32.1649],[-64.4219,-32.1694],[-64.4209,-32.1778],[-64.4203,-32.182],[-64.4162,-32.1845],[-64.412,-32.1851],[-64.4097,-32.1857],[-64.4102,-32.1876],[-64.4069,-32.1889],[-64.4051,-32.1947],[-64.401,-32.1915]],[[-64.4955,-32.1081],[-64.492,-32.1052],[-64.4864,-32.1048],[-64.4824,-32.1067],[-64.4741,-32.1057],[-64.4702,-32.1109],[-64.481,-32.1103],[-64.486,-32.1126],[-64.4881,-32.1096],[-64.4955,-32.1081]],[[-64.4968,-31.9639],[-64.4952,-31.965],[-64.4914,-31.9627],[-64.4902,-31.9593],[-64.4854,-31.9596],[-64.4841,-31.9546],[-64.4782,-31.9563],[-64.4801,-31.9654],[-64.4709,-31.9655],[-64.4688,-31.9718],[-64.4808,-31.9686],[-64.4819,-31.9736],[-64.4943,-31.9713],[-64.4977,-31.9769],[-64.4953,-31.9803],[-64.4852,-31.9833],[-64.4889,-31.9849],[-64.4906,-31.988],[-64.4845,-31.9897],[-64.4791,-31.9891],[-64.4784,-31.9924],[-64.4748,-31.9939],[-64.4762,-31.998],[-64.4733,-32.0079],[-64.4731,-32.0123],[-64.4853,-32.0064],[-64.4857,-32.0133],[-64.4906,-32.0061],[-64.4937,-32.0035],[-64.4965,-32.0048],[-64.496,-32.0089],[-64.4991,-32.0098],[-64.508,-32.0088],[-64.5155,-32.0003],[-64.5139,-31.9939],[-64.5096,-31.9873],[-64.5096,-31.9847],[-64.5036,-31.9766],[-64.5047,-31.9693],[-64.5056,-31.9619],[-64.5087,-31.9585],[-64.5066,-31.9554],[-64.507,-31.9506],[-64.4999,-31.9486],[-64.5016,-31.9535],[-64.4975,-31.955],[-64.4958,-31.9607],[-64.4968,-31.9639]],[[-64.4155,-31.8064],[-64.4159,-31.7959],[-64.4134,-31.7973],[-64.4124,-31.8023],[-64.4155,-31.8064]],[[-64.4037,-31.8225],[-64.4072,-31.8196],[-64.4144,-31.8182],[-64.4138,-31.814],[-64.4089,-31.8106],[-64.4083,-31.8162],[-64.4037,-31.8225]],[[-64.4743,-31.9128],[-64.4793,-31.9096],[-64.4849,-31.9115],[-64.4921,-31.9083],[-64.4988,-31.8855],[-64.4986,-31.8789],[-64.5004,-31.8743],[-64.4979,-31.8686],[-64.5018,-31.864],[-64.5073,-31.8625],[-64.507,-31.8578],[-64.4948,-31.8634],[-64.4951,-31.8687],[-64.4915,-31.8716],[-64.4834,-31.8702],[-64.4818,-31.8731],[-64.4913,-31.8742],[-64.4911,-31.8766],[-64.4843,-31.8764],[-64.4838,-31.879],[-64.4872,-31.8814],[-64.4851,-31.8862],[-64.486,-31.8933],[-64.4816,-31.8946],[-64.4784,-31.8918],[-64.4734,-31.8935],[-64.4674,-31.9],[-64.4711,-31.9021],[-64.4743,-31.9128]],[[-64.4798,-31.9275],[-64.4865,-31.9236],[-64.4923,-31.919],[-64.4941,-31.9118],[-64.4864,-31.9189],[-64.4773,-31.9259],[-64.4798,-31.9275]],[[-64.4938,-31.9419],[-64.4983,-31.9327],[-64.5026,-31.9318],[-64.5068,-31.9158],[-64.5029,-31.9199],[-64.499,-31.9206],[-64.4975,-31.9278],[-64.4936,-31.9297],[-64.4895,-31.9372],[-64.4893,-31.9415],[-64.4938,-31.9419]],[[-64.4626,-31.9485],[-64.4697,-31.942],[-64.4694,-31.9365],[-64.4621,-31.9385],[-64.4607,-31.9342],[-64.4531,-31.9357],[-64.4541,-31.9421],[-64.4572,-31.9431],[-64.4626,-31.9485]],[[-64.5061,-32.0393],[-64.5099,-32.0387],[-64.5098,-32.0332],[-64.5064,-32.0296],[-64.5159,-32.0275],[-64.5149,-32.033],[-64.5204,-32.0339],[-64.5253,-32.0331],[-64.5199,-32.0274],[-64.5184,-32.0244],[-64.5244,-32.016],[-64.5246,-32.0103],[-64.5217,-32.005],[-64.518,-32.0027],[-64.5126,-32.007],[-64.5125,-32.0102],[-64.5039,-32.0134],[-64.5021,-32.0215],[-64.4953,-32.0257],[-64.4998,-32.0304],[-64.5047,-32.0313],[-64.5072,-32.0358],[-64.5061,-32.0393]],[[-64.4607,-32.0232],[-64.4685,-32.0221],[-64.4667,-32.0174],[-64.4626,-32.0189],[-64.4542,-32.0155],[-64.4502,-32.0173],[-64.4607,-32.0232]],[[-64.5242,-32.0241],[-64.5288,-32.023],[-64.5292,-32.0171],[-64.5241,-32.0203],[-64.5242,-32.0241]],[[-64.3887,-32.0789],[-64.3827,-32.072],[-64.3805,-32.0565],[-64.375,-32.0609],[-64.3775,-32.0635],[-64.3785,-32.0697],[-64.3836,-32.0784],[-64.3887,-32.0789]],[[-64.3599,-32.0951],[-64.3631,-32.0909],[-64.3632,-32.0834],[-64.3595,-32.0848],[-64.3566,-32.0894],[-64.3599,-32.0951]],[[-64.3393,-32.1126],[-64.3469,-32.1037],[-64.3405,-32.1037],[-64.336,-32.1104],[-64.3393,-32.1126]],[[-64.3656,-32.1365],[-64.3718,-32.1355],[-64.3714,-32.1303],[-64.374,-32.1264],[-64.371,-32.1244],[-64.3676,-32.1287],[-64.3677,-32.1328],[-64.3656,-32.1365]],[[-64.4368,-32.1597],[-64.4437,-32.1579],[-64.445,-32.149],[-64.4439,-32.145],[-64.4483,-32.1436],[-64.4463,-32.1405],[-64.4429,-32.1405],[-64.4374,-32.1463],[-64.4409,-32.1537],[-64.4401,-32.1558],[-64.4319,-32.1545],[-64.4317,-32.1573],[-64.4368,-32.1597]],[[-64.3722,-32.1494],[-64.3746,-32.1494],[-64.3737,-32.1425],[-64.3676,-32.1431],[-64.3722,-32.1494]],[[-64.3783,-32.1612],[-64.381,-32.1625],[-64.3817,-32.1554],[-64.3763,-32.1544],[-64.3783,-32.1612]],[[-64.3783,-32.1612],[-64.374,-32.1628],[-64.3728,-32.171],[-64.3755,-32.171],[-64.3783,-32.1612]]],[[[-65.6583,-31.7094],[-65.6601,-31.7079],[-65.6674,-31.708],[-65.6681,-31.7044],[-65.6711,-31.7077],[-65.6698,-31.7095],[-65.6667,-31.708],[-65.6601,-31.7079],[-65.6583,-31.7094]]],[[[-64.4332,-31.7184],[-64.4389,-31.7141],[-64.4393,-31.718],[-64.4332,-31.7184]]],[[[-64.5751,-31.7255],[-64.5764,-31.7297],[-64.5839,-31.7304],[-64.5888,-31.729],[-64.595,-31.7304],[-64.5964,-31.7334],[-64.6006,-31.7338],[-64.6008,-31.7305],[-64.6044,-31.729],[-64.6077,-31.7343],[-64.6038,-31.7354],[-64.6045,-31.7408],[-64.6018,-31.7531],[-64.5951,-31.7424],[-64.5918,-31.7456],[-64.5929,-31.7585],[-64.5895,-31.7555],[-64.589,-31.7511],[-64.5808,-31.7497],[-64.5786,-31.7456],[-64.5826,-31.7446],[-64.5876,-31.748],[-64.5918,-31.7423],[-64.5934,-31.7357],[-64.5885,-31.7343],[-64.5877,-31.7391],[-64.583,-31.7419],[-64.5804,-31.7363],[-64.5725,-31.7358],[-64.5718,-31.7437],[-64.5677,-31.7466],[-64.564,-31.7437],[-64.5651,-31.7381],[-64.5626,-31.7359],[-64.567,-31.7273],[-64.5667,-31.7246],[-64.5624,-31.7239],[-64.5606,-31.7188],[-64.5735,-31.7193],[-64.5722,-31.7226],[-64.5751,-31.7255]]],[[[-65.3343,-31.6838],[-65.3307,-31.6763],[-65.3508,-31.6749],[-65.353,-31.6791],[-65.3389,-31.6869],[-65.3343,-31.6838]]],[[[-65.3521,-31.6613],[-65.3511,-31.6548],[-65.3683,-31.6549],[-65.3668,-31.6621],[-65.3614,-31.6647],[-65.3547,-31.6652],[-65.3521,-31.6613]]],[[[-65.6759,-31.6464],[-65.681,-31.6472],[-65.6941,-31.6463],[-65.7041,-31.6464],[-65.7072,-31.6483],[-65.7064,-31.6518],[-65.7011,-31.6523],[-65.703,-31.6577],[-65.7054,-31.6593],[-65.7023,-31.6636],[-65.7059,-31.6658],[-65.7037,-31.6693],[-65.6991,-31.6697],[-65.6968,-31.6749],[-65.6995,-31.6818],[-65.7029,-31.6838],[-65.6979,-31.6889],[-65.7042,-31.6927],[-65.701,-31.6979],[-65.6955,-31.6974],[-65.687,-31.7018],[-65.6852,-31.6994],[-65.6785,-31.696],[-65.6761,-31.6918],[-65.6723,-31.695],[-65.6737,-31.6988],[-65.6661,-31.698],[-65.6643,-31.6914],[-65.6657,-31.6866],[-65.6607,-31.6834],[-65.6561,-31.6776],[-65.6676,-31.6763],[-65.6706,-31.6721],[-65.6655,-31.667],[-65.6699,-31.6663],[-65.6757,-31.6587],[-65.6813,-31.6571],[-65.6817,-31.6523],[-65.6764,-31.6524],[-65.6759,-31.6464]]],[[[-65.7563,-31.6527],[-65.757,-31.6458],[-65.7698,-31.6404],[-65.7697,-31.6721],[-65.7608,-31.675],[-65.7567,-31.6747],[-65.7533,-31.669],[-65.7542,-31.6658],[-65.7604,-31.6656],[-65.7634,-31.6592],[-65.7662,-31.6574],[-65.7654,-31.6529],[-65.7584,-31.6569],[-65.7563,-31.6527]]],[[[-65.3546,-31.6455],[-65.3463,-31.6449],[-65.3466,-31.6417],[-65.3531,-31.6355],[-65.3563,-31.6283],[-65.365,-31.6245],[-65.3723,-31.6158],[-65.3734,-31.6086],[-65.3804,-31.6056],[-65.3817,-31.6235],[-65.3776,-31.6293],[-65.3728,-31.6337],[-65.3704,-31.6423],[-65.3785,-31.6447],[-65.3609,-31.6468],[-65.3546,-31.6455]]],[[[-65.7414,-31.5999],[-65.7409,-31.5976],[-65.7483,-31.5974],[-65.7526,-31.6068],[-65.75,-31.6092],[-65.7509,-31.6163],[-65.7538,-31.6204],[-65.7519,-31.6252],[-65.7491,-31.6275],[-65.7537,-31.6303],[-65.7573,-31.627],[-65.7596,-31.6325],[-65.7577,-31.6396],[-65.7531,-31.6417],[-65.7495,-31.6461],[-65.7486,-31.6386],[-65.7524,-31.636],[-65.748,-31.6329],[-65.7484,-31.6298],[-65.7449,-31.6246],[-65.7391,-31.6234],[-65.7351,-31.6194],[-65.7422,-31.6179],[-65.742,-31.614],[-65.7391,-31.6108],[-65.7388,-31.6036],[-65.7414,-31.5999]]],[[[-64.5528,-31.6178],[-64.5558,-31.6155],[-64.562,-31.6205],[-64.5582,-31.622],[-64.5633,-31.6293],[-64.5638,-31.6343],[-64.5594,-31.6383],[-64.5606,-31.6458],[-64.5603,-31.6512],[-64.5654,-31.6509],[-64.5647,-31.654],[-64.566,-31.6597],[-64.5711,-31.66],[-64.5741,-31.6572],[-64.5758,-31.6529],[-64.5798,-31.6575],[-64.5761,-31.6611],[-64.5775,-31.6678],[-64.5806,-31.6722],[-64.5815,-31.6769],[-64.5778,-31.6794],[-64.5732,-31.673],[-64.5683,-31.673],[-64.5662,-31.6698],[-64.5737,-31.6693],[-64.5692,-31.6638],[-64.5625,-31.6671],[-64.5581,-31.6758],[-64.5517,-31.6766],[-64.5508,-31.6749],[-64.5507,-31.6603],[-64.553,-31.6539],[-64.5518,-31.6502],[-64.5524,-31.6445],[-64.551,-31.6363],[-64.5486,-31.632],[-64.5501,-31.624],[-64.5528,-31.6178]]],[[[-64.634,-31.638],[-64.6256,-31.6375],[-64.6293,-31.6346],[-64.6286,-31.6311],[-64.6346,-31.6276],[-64.6378,-31.6237],[-64.629,-31.6235],[-64.6287,-31.6154],[-64.6303,-31.6127],[-64.641,-31.6159],[-64.6455,-31.621],[-64.6534,-31.6251],[-64.653,-31.6274],[-64.6471,-31.6287],[-64.6449,-31.6264],[-64.6409,-31.6262],[-64.6451,-31.6363],[-64.634,-31.6365],[-64.634,-31.638]]],[[[-64.5403,-31.6078],[-64.546,-31.6085],[-64.5445,-31.6165],[-64.5409,-31.6164],[-64.5403,-31.6078]]],[[[-64.5695,-31.6005],[-64.5725,-31.6049],[-64.5694,-31.6082],[-64.5598,-31.6126],[-64.5561,-31.613],[-64.5562,-31.6042],[-64.563,-31.6048],[-64.5632,-31.6015],[-64.5695,-31.6005]]],[[[-64.544,-31.6004],[-64.5459,-31.5944],[-64.551,-31.5968],[-64.5482,-31.6002],[-64.544,-31.6004]]],[[[-64.5996,-31.5497],[-64.5999,-31.5451],[-64.6067,-31.5443],[-64.6066,-31.5519],[-64.5996,-31.5497]]],[[[-64.6692,-31.5463],[-64.6646,-31.5464],[-64.6631,-31.5498],[-64.6649,-31.5553],[-64.6604,-31.5556],[-64.6604,-31.5487],[-64.6628,-31.5471],[-64.6601,-31.5427],[-64.6671,-31.5407],[-64.6692,-31.5463]]],[[[-64.6925,-31.5432],[-64.696,-31.5415],[-64.7004,-31.537],[-64.6976,-31.5308],[-64.7037,-31.5304],[-64.7033,-31.5401],[-64.6991,-31.5408],[-64.6972,-31.545],[-64.6931,-31.5449],[-64.6925,-31.5432]]],[[[-64.6102,-31.524],[-64.619,-31.5215],[-64.6162,-31.5262],[-64.6103,-31.5265],[-64.6102,-31.524]]],[[[-62.5413,-31.5492],[-62.5375,-31.5421],[-62.5389,-31.5193],[-62.5655,-31.52],[-62.5591,-31.5303],[-62.5502,-31.5351],[-62.5452,-31.5499],[-62.5476,-31.5611],[-62.5349,-31.5643],[-62.5247,-31.5638],[-62.5241,-31.5562],[-62.5324,-31.5535],[-62.5375,-31.5546],[-62.5413,-31.5492]]],[[[-64.6805,-31.5067],[-64.6788,-31.5053],[-64.6808,-31.506],[-64.6805,-31.5067]]],[[[-64.6805,-31.5067],[-64.6833,-31.509],[-64.6846,-31.5096],[-64.6869,-31.5097],[-64.6892,-31.5098],[-64.6846,-31.5159],[-64.6857,-31.5189],[-64.6846,-31.5244],[-64.6813,-31.5249],[-64.679,-31.522],[-64.6786,-31.5165],[-64.6766,-31.5119],[-64.6805,-31.5067]]],[[[-62.8857,-31.5364],[-62.8832,-31.5185],[-62.9003,-31.5158],[-62.9008,-31.5263],[-62.9079,-31.5294],[-62.9079,-31.5364],[-62.8857,-31.5364]]],[[[-62.9452,-31.518],[-62.9458,-31.5126],[-62.9515,-31.5104],[-62.961,-31.5196],[-62.9534,-31.5196],[-62.9509,-31.5278],[-62.9427,-31.5343],[-62.9211,-31.5359],[-62.918,-31.531],[-62.9351,-31.5343],[-62.9357,-31.5202],[-62.9452,-31.518]]],[[[-63.0167,-31.5261],[-63.0294,-31.5245],[-63.0294,-31.5093],[-63.0433,-31.5082],[-63.044,-31.531],[-63.0148,-31.5321],[-63.0167,-31.5261]]],[[[-63.9826,-31.4953],[-63.9942,-31.4914],[-63.9973,-31.5015],[-63.9871,-31.5053],[-63.9826,-31.4953]]],[[[-64.3261,-31.4919],[-64.3275,-31.4871],[-64.3327,-31.4882],[-64.333,-31.4928],[-64.3261,-31.4919]]],[[[-64.6788,-31.5053],[-64.6758,-31.5042],[-64.6741,-31.4969],[-64.6703,-31.4983],[-64.6679,-31.503],[-64.6595,-31.5042],[-64.6603,-31.4938],[-64.6657,-31.4915],[-64.6691,-31.4846],[-64.6732,-31.4824],[-64.6736,-31.4882],[-64.6701,-31.4887],[-64.6699,-31.4939],[-64.6749,-31.49],[-64.6902,-31.4879],[-64.6925,-31.4912],[-64.696,-31.4889],[-64.6969,-31.4851],[-64.7087,-31.4858],[-64.7119,-31.4827],[-64.7168,-31.4834],[-64.7181,-31.4855],[-64.7174,-31.4861],[-64.7157,-31.4872],[-64.7118,-31.4899],[-64.7063,-31.4893],[-64.706,-31.4896],[-64.7056,-31.4906],[-64.7039,-31.4908],[-64.6981,-31.4953],[-64.6979,-31.4965],[-64.6966,-31.497],[-64.693,-31.4963],[-64.6902,-31.4983],[-64.6857,-31.4969],[-64.6812,-31.499],[-64.6818,-31.5033],[-64.6788,-31.5053]]],[[[-64.3407,-31.4949],[-64.3386,-31.4927],[-64.3384,-31.4852],[-64.3436,-31.4915],[-64.3407,-31.4949]]],[[[-64.5531,-31.5019],[-64.5502,-31.4966],[-64.5518,-31.4909],[-64.5512,-31.4871],[-64.5632,-31.4891],[-64.5685,-31.4928],[-64.5695,-31.5014],[-64.574,-31.5018],[-64.5754,-31.5045],[-64.5853,-31.5151],[-64.5877,-31.5224],[-64.5878,-31.5272],[-64.597,-31.5276],[-64.5987,-31.5376],[-64.5964,-31.541],[-64.5904,-31.5436],[-64.593,-31.5482],[-64.5918,-31.5532],[-64.5878,-31.5545],[-64.5896,-31.5586],[-64.5965,-31.5629],[-64.5993,-31.5558],[-64.6074,-31.5604],[-64.6109,-31.5609],[-64.6118,-31.5663],[-64.6105,-31.5704],[-64.6018,-31.5762],[-64.598,-31.569],[-64.592,-31.5692],[-64.5884,-31.5644],[-64.5892,-31.562],[-64.5857,-31.5572],[-64.5799,-31.558],[-64.5811,-31.5628],[-64.5854,-31.5656],[-64.5854,-31.5686],[-64.5814,-31.5711],[-64.5815,-31.5772],[-64.5842,-31.5779],[-64.5853,-31.5849],[-64.5892,-31.5853],[-64.5955,-31.5908],[-64.6004,-31.5913],[-64.6017,-31.5839],[-64.6037,-31.5796],[-64.61,-31.5779],[-64.6105,-31.5834],[-64.6049,-31.585],[-64.6059,-31.588],[-64.6192,-31.5916],[-64.623,-31.5904],[-64.624,-31.5835],[-64.6316,-31.583],[-64.6358,-31.5797],[-64.6375,-31.5748],[-64.6414,-31.5739],[-64.6452,-31.5697],[-64.6494,-31.5716],[-64.6537,-31.5708],[-64.6541,-31.5777],[-64.6495,-31.5761],[-64.6449,-31.5775],[-64.6417,-31.5847],[-64.6468,-31.588],[-64.6503,-31.5877],[-64.6483,-31.5947],[-64.6513,-31.5956],[-64.6509,-31.6004],[-64.6464,-31.5992],[-64.6407,-31.5941],[-64.6389,-31.5974],[-64.6339,-31.6006],[-64.628,-31.599],[-64.6279,-31.603],[-64.6256,-31.6059],[-64.6263,-31.6105],[-64.6208,-31.6184],[-64.6153,-31.6221],[-64.612,-31.6219],[-64.6132,-31.6128],[-64.624,-31.6086],[-64.6208,-31.6031],[-64.6147,-31.603],[-64.607,-31.6095],[-64.6079,-31.6128],[-64.6009,-31.6108],[-64.6028,-31.6069],[-64.6038,-31.6007],[-64.608,-31.6009],[-64.6062,-31.5959],[-64.5907,-31.604],[-64.5879,-31.5997],[-64.5848,-31.5988],[-64.5863,-31.6097],[-64.5822,-31.612],[-64.5843,-31.6174],[-64.5833,-31.6218],[-64.578,-31.6256],[-64.5754,-31.6241],[-64.5702,-31.6276],[-64.5677,-31.6241],[-64.5712,-31.6202],[-64.5779,-31.6206],[-64.5795,-31.6122],[-64.5779,-31.6032],[-64.5806,-31.5972],[-64.5774,-31.592],[-64.575,-31.5906],[-64.5702,-31.5918],[-64.5597,-31.5834],[-64.5659,-31.5826],[-64.5741,-31.5775],[-64.5743,-31.5732],[-64.571,-31.5713],[-64.5667,-31.5656],[-64.5648,-31.5702],[-64.5694,-31.5751],[-64.5647,-31.5781],[-64.5609,-31.5757],[-64.5587,-31.571],[-64.5598,-31.5681],[-64.5562,-31.5565],[-64.5565,-31.5541],[-64.5531,-31.5508],[-64.5521,-31.5448],[-64.549,-31.5366],[-64.5453,-31.5325],[-64.5368,-31.5295],[-64.5401,-31.5275],[-64.5449,-31.528],[-64.5588,-31.5261],[-64.568,-31.5267],[-64.5674,-31.5244],[-64.5613,-31.5242],[-64.5622,-31.519],[-64.5581,-31.5195],[-64.5576,-31.5228],[-64.5524,-31.5246],[-64.5456,-31.5215],[-64.5427,-31.5248],[-64.5325,-31.5202],[-64.5319,-31.5176],[-64.5357,-31.5135],[-64.5238,-31.5003],[-64.5201,-31.493],[-64.5199,-31.4827],[-64.525,-31.4888],[-64.5254,-31.4953],[-64.5293,-31.4971],[-64.53,-31.5024],[-64.5344,-31.5011],[-64.5389,-31.5037],[-64.5464,-31.4998],[-64.5475,-31.5029],[-64.5531,-31.5019]],[[-64.5531,-31.5019],[-64.5557,-31.5097],[-64.5622,-31.5082],[-64.5531,-31.5019]]],[[[-64.2848,-31.4842],[-64.2899,-31.4864],[-64.2902,-31.4966],[-64.2882,-31.4967],[-64.2882,-31.4901],[-64.2845,-31.4903],[-64.2848,-31.4842]]],[[[-62.5428,-31.4868],[-62.5467,-31.4814],[-62.5498,-31.489],[-62.5466,-31.4966],[-62.5396,-31.5015],[-62.5301,-31.5003],[-62.5252,-31.4944],[-62.5181,-31.5003],[-62.5137,-31.4965],[-62.5137,-31.4873],[-62.5359,-31.4836],[-62.5344,-31.4916],[-62.5428,-31.4933],[-62.5428,-31.4868]]],[[[-64.325,-31.457],[-64.3288,-31.4558],[-64.3389,-31.4671],[-64.3397,-31.4732],[-64.3383,-31.4787],[-64.3295,-31.4827],[-64.3235,-31.4778],[-64.3163,-31.4788],[-64.3118,-31.4754],[-64.3125,-31.4706],[-64.311,-31.4651],[-64.3132,-31.4577],[-64.3204,-31.4558],[-64.325,-31.457]]],[[[-64.3805,-31.4553],[-64.3891,-31.4547],[-64.3965,-31.4606],[-64.3904,-31.4653],[-64.3881,-31.4686],[-64.3904,-31.4791],[-64.3877,-31.4804],[-64.3815,-31.4782],[-64.3812,-31.4819],[-64.3843,-31.4835],[-64.3909,-31.4822],[-64.3915,-31.4854],[-64.3883,-31.4876],[-64.3872,-31.4941],[-64.3834,-31.4934],[-64.3791,-31.5022],[-64.3754,-31.5013],[-64.3776,-31.4964],[-64.3793,-31.4875],[-64.3751,-31.4848],[-64.375,-31.4778],[-64.3728,-31.4744],[-64.3715,-31.4687],[-64.3717,-31.4616],[-64.3709,-31.4594],[-64.3691,-31.4563],[-64.3673,-31.457],[-64.3723,-31.4537],[-64.375,-31.4581],[-64.3799,-31.4586],[-64.3804,-31.4568],[-64.3805,-31.4553]]],[[[-65.7125,-31.4265],[-65.7153,-31.4309],[-65.7235,-31.4306],[-65.7236,-31.4363],[-65.7211,-31.4389],[-65.7145,-31.4403],[-65.7148,-31.4434],[-65.7106,-31.4439],[-65.7109,-31.4526],[-65.7082,-31.4528],[-65.7079,-31.4473],[-65.7053,-31.4471],[-65.705,-31.4404],[-65.7104,-31.44],[-65.7103,-31.4323],[-65.7129,-31.432],[-65.7125,-31.4265]]],[[[-64.2979,-31.4494],[-64.2923,-31.4465],[-64.2941,-31.4402],[-64.3002,-31.4415],[-64.3,-31.4493],[-64.2979,-31.4494]]],[[[-64.4416,-31.7244],[-64.4389,-31.7234],[-64.4313,-31.7221],[-64.433,-31.7186],[-64.4332,-31.7184],[-64.4389,-31.72],[-64.4416,-31.7151],[-64.4389,-31.7141],[-64.4427,-31.7112],[-64.4428,-31.7111],[-64.4429,-31.7104],[-64.4445,-31.7061],[-64.4483,-31.7015],[-64.4507,-31.6995],[-64.4521,-31.6951],[-64.4485,-31.6962],[-64.4459,-31.6956],[-64.443,-31.6932],[-64.4466,-31.6911],[-64.4511,-31.6945],[-64.4558,-31.6928],[-64.4525,-31.6833],[-64.4484,-31.6809],[-64.4485,-31.6754],[-64.4442,-31.6712],[-64.4454,-31.6643],[-64.4524,-31.6643],[-64.4524,-31.6642],[-64.4526,-31.6625],[-64.4604,-31.661],[-64.4633,-31.6544],[-64.4575,-31.6502],[-64.4552,-31.6444],[-64.4572,-31.6424],[-64.4513,-31.6379],[-64.4482,-31.6388],[-64.4418,-31.6423],[-64.4372,-31.6411],[-64.4375,-31.6373],[-64.4393,-31.6359],[-64.4434,-31.63],[-64.4468,-31.6272],[-64.4484,-31.6248],[-64.452,-31.6218],[-64.4547,-31.6194],[-64.4503,-31.6169],[-64.4514,-31.6121],[-64.4568,-31.6105],[-64.46,-31.6011],[-64.4579,-31.5924],[-64.4586,-31.5903],[-64.4601,-31.5844],[-64.4624,-31.5818],[-64.4658,-31.5804],[-64.4686,-31.5817],[-64.4722,-31.5796],[-64.4745,-31.5702],[-64.4728,-31.5678],[-64.4658,-31.5682],[-64.4687,-31.5632],[-64.4689,-31.5598],[-64.4688,-31.5542],[-64.4696,-31.5511],[-64.4675,-31.5446],[-64.4659,-31.5418],[-64.4658,-31.5379],[-64.4676,-31.5349],[-64.4688,-31.5326],[-64.4631,-31.5297],[-64.4651,-31.5254],[-64.468,-31.5239],[-64.4664,-31.5207],[-64.4644,-31.5186],[-64.4616,-31.5168],[-64.4535,-31.5165],[-64.4519,-31.5156],[-64.4501,-31.5126],[-64.4501,-31.5093],[-64.4517,-31.5075],[-64.4493,-31.5032],[-64.454,-31.4998],[-64.4539,-31.4957],[-64.4598,-31.4945],[-64.4597,-31.4909],[-64.4528,-31.4905],[-64.4569,-31.4867],[-64.4538,-31.4867],[-64.4525,-31.4838],[-64.4535,-31.4817],[-64.4496,-31.4787],[-64.4407,-31.4777],[-64.4415,-31.4736],[-64.4409,-31.4698],[-64.4427,-31.4639],[-64.445,-31.4611],[-64.4464,-31.4552],[-64.4419,-31.4553],[-64.4373,-31.4523],[-64.4392,-31.4478],[-64.4472,-31.4412],[-64.4558,-31.4424],[-64.4594,-31.4393],[-64.4616,-31.4343],[-64.4658,-31.4309],[-64.4784,-31.4313],[-64.4895,-31.4478],[-64.4909,-31.4546],[-64.4928,-31.4562],[-64.4948,-31.4622],[-64.4951,-31.4691],[-64.4993,-31.4745],[-64.5006,-31.4796],[-64.4988,-31.4829],[-64.5033,-31.488],[-64.5072,-31.4876],[-64.5115,-31.4901],[-64.5137,-31.4965],[-64.5086,-31.5],[-64.5136,-31.5019],[-64.5147,-31.5052],[-64.5107,-31.51],[-64.5157,-31.5154],[-64.524,-31.5261],[-64.529,-31.535],[-64.5333,-31.5384],[-64.5385,-31.5445],[-64.5405,-31.5483],[-64.5381,-31.5542],[-64.5446,-31.5596],[-64.5419,-31.5658],[-64.5482,-31.5762],[-64.5471,-31.5819],[-64.5381,-31.5801],[-64.5384,-31.588],[-64.544,-31.5885],[-64.543,-31.5941],[-64.5371,-31.5991],[-64.5314,-31.601],[-64.5285,-31.6053],[-64.5344,-31.6054],[-64.537,-31.607],[-64.5268,-31.619],[-64.5308,-31.6197],[-64.5226,-31.6267],[-64.5222,-31.6291],[-64.5167,-31.6297],[-64.5196,-31.6351],[-64.5183,-31.6373],[-64.5197,-31.6426],[-64.5193,-31.6474],[-64.5143,-31.6534],[-64.5142,-31.6575],[-64.517,-31.6607],[-64.5218,-31.6577],[-64.524,-31.6595],[-64.5139,-31.6684],[-64.5167,-31.6704],[-64.5223,-31.671],[-64.5282,-31.6659],[-64.5291,-31.6584],[-64.5342,-31.6572],[-64.5353,-31.661],[-64.532,-31.6673],[-64.5357,-31.6698],[-64.5423,-31.6697],[-64.5453,-31.6949],[-64.5477,-31.6981],[-64.5442,-31.7073],[-64.5509,-31.71],[-64.5471,-31.7141],[-64.5476,-31.7188],[-64.5464,-31.7252],[-64.5402,-31.7282],[-64.5437,-31.7299],[-64.5504,-31.7277],[-64.5515,-31.736],[-64.5479,-31.7334],[-64.5447,-31.7334],[-64.5421,-31.7369],[-64.5442,-31.7422],[-64.5391,-31.7475],[-64.5299,-31.752],[-64.5291,-31.748],[-64.5248,-31.7481],[-64.5253,-31.7415],[-64.5306,-31.7372],[-64.5333,-31.7382],[-64.5326,-31.7432],[-64.5348,-31.7446],[-64.5379,-31.7399],[-64.5363,-31.7309],[-64.5364,-31.7236],[-64.5344,-31.7229],[-64.5263,-31.7251],[-64.5221,-31.7233],[-64.519,-31.7187],[-64.5149,-31.7177],[-64.5157,-31.7242],[-64.5192,-31.7299],[-64.5244,-31.7334],[-64.5245,-31.7391],[-64.5119,-31.7402],[-64.5064,-31.7435],[-64.5102,-31.7541],[-64.5151,-31.7564],[-64.5148,-31.7642],[-64.5097,-31.7655],[-64.5107,-31.771],[-64.5096,-31.7743],[-64.511,-31.7782],[-64.5078,-31.7806],[-64.502,-31.7764],[-64.5042,-31.7689],[-64.499,-31.7619],[-64.4932,-31.7637],[-64.4934,-31.7718],[-64.4844,-31.7692],[-64.472,-31.7571],[-64.4704,-31.7525],[-64.4731,-31.7481],[-64.4692,-31.7465],[-64.4674,-31.7407],[-64.4648,-31.7376],[-64.4561,-31.7377],[-64.4525,-31.7285],[-64.4478,-31.7258],[-64.4416,-31.7244]],[[-64.4714,-31.4907],[-64.4765,-31.4903],[-64.4812,-31.4861],[-64.4854,-31.4856],[-64.4851,-31.4824],[-64.4896,-31.4814],[-64.49,-31.4781],[-64.4772,-31.4777],[-64.4772,-31.4817],[-64.4713,-31.4807],[-64.4692,-31.488],[-64.4714,-31.4907]],[[-64.4917,-31.5188],[-64.494,-31.5169],[-64.4929,-31.5134],[-64.496,-31.508],[-64.4896,-31.5079],[-64.4899,-31.5037],[-64.4853,-31.5043],[-64.4847,-31.5076],[-64.4873,-31.511],[-64.4907,-31.5119],[-64.4917,-31.5188]],[[-64.4901,-31.5279],[-64.4946,-31.5264],[-64.4934,-31.5222],[-64.4891,-31.5207],[-64.4879,-31.5249],[-64.4901,-31.5279]],[[-64.48,-31.5357],[-64.4842,-31.5342],[-64.4777,-31.5277],[-64.4768,-31.5347],[-64.48,-31.5357]],[[-64.4919,-31.5842],[-64.4972,-31.583],[-64.4982,-31.5804],[-64.4918,-31.5803],[-64.4919,-31.5842]],[[-64.4993,-31.5979],[-64.499,-31.5916],[-64.4947,-31.5916],[-64.4948,-31.596],[-64.4993,-31.5979]],[[-64.5141,-31.6005],[-64.5194,-31.6001],[-64.5219,-31.5982],[-64.5281,-31.5978],[-64.528,-31.5934],[-64.5236,-31.5938],[-64.5202,-31.5962],[-64.5159,-31.5968],[-64.5141,-31.6005]],[[-64.4815,-31.6197],[-64.4845,-31.6186],[-64.4819,-31.6122],[-64.4797,-31.6122],[-64.4796,-31.6182],[-64.4815,-31.6197]],[[-64.4646,-31.6431],[-64.4693,-31.638],[-64.4756,-31.6356],[-64.4727,-31.6295],[-64.4633,-31.6292],[-64.4675,-31.6345],[-64.4592,-31.6384],[-64.4646,-31.6431]],[[-64.4745,-31.6477],[-64.4854,-31.647],[-64.4851,-31.6403],[-64.4772,-31.64],[-64.4772,-31.6433],[-64.4745,-31.6477]],[[-64.5079,-31.682],[-64.5053,-31.6778],[-64.5104,-31.6756],[-64.5099,-31.6694],[-64.5052,-31.6714],[-64.5038,-31.676],[-64.4996,-31.6784],[-64.5079,-31.682]],[[-64.5006,-31.6899],[-64.5055,-31.6899],[-64.5059,-31.6855],[-64.5009,-31.6852],[-64.5006,-31.6899]],[[-64.5177,-31.691],[-64.5212,-31.6855],[-64.5165,-31.6854],[-64.5121,-31.6889],[-64.5177,-31.691]],[[-64.5285,-31.698],[-64.5362,-31.6974],[-64.5363,-31.6942],[-64.5314,-31.6938],[-64.5285,-31.698]],[[-64.5011,-31.7231],[-64.5045,-31.7189],[-64.4999,-31.7157],[-64.5011,-31.7231]],[[-64.4927,-31.7559],[-64.4934,-31.7499],[-64.49,-31.7497],[-64.4905,-31.7548],[-64.4927,-31.7559]],[[-64.5045,-31.7618],[-64.5065,-31.7618],[-64.5052,-31.7527],[-64.5025,-31.756],[-64.5045,-31.7618]]],[[[-64.3366,-31.4354],[-64.3363,-31.4304],[-64.343,-31.4312],[-64.3414,-31.4343],[-64.3366,-31.4354]]],[[[-62.5399,-31.4359],[-62.5525,-31.4424],[-62.5677,-31.4414],[-62.5588,-31.4479],[-62.546,-31.447],[-62.5386,-31.4489],[-62.5361,-31.4451],[-62.5399,-31.4359]]],[[[-63.8589,-31.4491],[-63.8501,-31.4441],[-63.8434,-31.436],[-63.8581,-31.4334],[-63.8618,-31.444],[-63.8802,-31.4514],[-63.8927,-31.4495],[-63.9116,-31.4387],[-63.9352,-31.4485],[-63.9294,-31.4694],[-63.9286,-31.453],[-63.9234,-31.4486],[-63.9153,-31.4443],[-63.9041,-31.4432],[-63.8832,-31.4558],[-63.867,-31.454],[-63.8589,-31.4491]]],[[[-65.6391,-31.4558],[-65.6391,-31.4438],[-65.6391,-31.4324],[-65.6415,-31.4267],[-65.6446,-31.4193],[-65.648,-31.4165],[-65.6495,-31.4152],[-65.6503,-31.4146],[-65.6537,-31.4116],[-65.6541,-31.4113],[-65.6605,-31.4059],[-65.6641,-31.4108],[-65.6568,-31.4178],[-65.6549,-31.4215],[-65.6511,-31.4289],[-65.65,-31.4311],[-65.6495,-31.4447],[-65.6391,-31.4558]]],[[[-62.8833,-31.4383],[-62.8852,-31.429],[-62.8959,-31.4291],[-62.8947,-31.4383],[-62.8833,-31.4383]]],[[[-64.6082,-31.42],[-64.6054,-31.4182],[-64.6075,-31.4144],[-64.6119,-31.4152],[-64.6129,-31.4196],[-64.6082,-31.42]]],[[[-62.8814,-31.4155],[-62.8896,-31.4171],[-62.889,-31.4242],[-62.8795,-31.4252],[-62.8814,-31.4155]]],[[[-64.2842,-31.4129],[-64.2904,-31.414],[-64.2902,-31.4188],[-64.2828,-31.4181],[-64.2785,-31.4157],[-64.2784,-31.4128],[-64.2842,-31.4129]]],[[[-62.9016,-31.4258],[-62.8991,-31.416],[-62.896,-31.4074],[-62.9175,-31.4182],[-62.9181,-31.4486],[-62.9051,-31.4481],[-62.9073,-31.4578],[-62.9016,-31.4578],[-62.9016,-31.4258]]],[[[-62.5647,-31.417],[-62.566,-31.4116],[-62.5729,-31.4083],[-62.5913,-31.4068],[-62.6019,-31.4355],[-62.5924,-31.4382],[-62.5867,-31.4322],[-62.5855,-31.4241],[-62.5791,-31.4224],[-62.576,-31.4262],[-62.5609,-31.4235],[-62.5647,-31.417]]],[[[-64.558,-31.3977],[-64.5591,-31.3954],[-64.5655,-31.3982],[-64.5694,-31.3987],[-64.5738,-31.4017],[-64.5736,-31.4055],[-64.5762,-31.4082],[-64.5725,-31.4105],[-64.5705,-31.407],[-64.5662,-31.4042],[-64.5659,-31.4015],[-64.558,-31.3977]]],[[[-64.6015,-31.386],[-64.6081,-31.3817],[-64.6107,-31.385],[-64.6046,-31.3874],[-64.6005,-31.3925],[-64.603,-31.3941],[-64.6031,-31.3984],[-64.6134,-31.4],[-64.624,-31.3982],[-64.6236,-31.3946],[-64.628,-31.3878],[-64.6333,-31.3897],[-64.6403,-31.3939],[-64.631,-31.4009],[-64.6314,-31.4052],[-64.6292,-31.4081],[-64.6311,-31.4105],[-64.6376,-31.4132],[-64.6371,-31.4166],[-64.631,-31.4164],[-64.6296,-31.4198],[-64.6249,-31.4196],[-64.6248,-31.4134],[-64.6162,-31.4152],[-64.6179,-31.4195],[-64.6219,-31.4211],[-64.627,-31.4256],[-64.6328,-31.4269],[-64.6416,-31.427],[-64.6418,-31.4318],[-64.6335,-31.4317],[-64.6287,-31.4327],[-64.6198,-31.4276],[-64.6134,-31.4167],[-64.6175,-31.4094],[-64.611,-31.4095],[-64.6086,-31.4108],[-64.605,-31.4079],[-64.6094,-31.405],[-64.6152,-31.4045],[-64.6145,-31.4015],[-64.6041,-31.4046],[-64.6018,-31.4018],[-64.5857,-31.4051],[-64.586,-31.4091],[-64.5833,-31.4099],[-64.579,-31.4047],[-64.5795,-31.4011],[-64.5876,-31.3996],[-64.587,-31.3961],[-64.5817,-31.3963],[-64.5827,-31.3927],[-64.5888,-31.3917],[-64.5898,-31.3986],[-64.5918,-31.4012],[-64.5976,-31.3999],[-64.592,-31.3962],[-64.5941,-31.3938],[-64.5918,-31.3893],[-64.5948,-31.3842],[-64.6015,-31.386]]],[[[-62.8859,-31.3906],[-62.8928,-31.3965],[-62.8852,-31.403],[-62.8859,-31.3906]]],[[[-64.5222,-31.3812],[-64.5314,-31.3818],[-64.5326,-31.3877],[-64.5398,-31.3876],[-64.5429,-31.3898],[-64.5487,-31.3892],[-64.5548,-31.3868],[-64.5601,-31.3886],[-64.5523,-31.3949],[-64.5525,-31.4006],[-64.5574,-31.4048],[-64.5536,-31.4093],[-64.5534,-31.4138],[-64.5488,-31.4154],[-64.5484,-31.4208],[-64.552,-31.4212],[-64.5539,-31.4149],[-64.5574,-31.4139],[-64.5632,-31.4155],[-64.5711,-31.4316],[-64.5749,-31.432],[-64.5766,-31.4251],[-64.5815,-31.4296],[-64.5901,-31.4295],[-64.5861,-31.4333],[-64.5912,-31.4345],[-64.5957,-31.432],[-64.5995,-31.4355],[-64.6047,-31.4355],[-64.6076,-31.4372],[-64.6008,-31.4417],[-64.5962,-31.4419],[-64.5949,-31.4466],[-64.598,-31.4479],[-64.6038,-31.443],[-64.6109,-31.4388],[-64.6192,-31.4379],[-64.6221,-31.4397],[-64.6286,-31.4486],[-64.636,-31.4444],[-64.6393,-31.4412],[-64.6438,-31.442],[-64.6378,-31.4494],[-64.6307,-31.4617],[-64.6294,-31.466],[-64.6317,-31.4687],[-64.6236,-31.4687],[-64.6237,-31.4724],[-64.626,-31.476],[-64.6345,-31.4724],[-64.6432,-31.4668],[-64.6507,-31.47],[-64.6487,-31.4634],[-64.6528,-31.461],[-64.6598,-31.4598],[-64.6647,-31.4548],[-64.6648,-31.4514],[-64.6676,-31.4463],[-64.6741,-31.4508],[-64.6764,-31.4468],[-64.6756,-31.438],[-64.6743,-31.4347],[-64.6803,-31.4346],[-64.6789,-31.4417],[-64.6817,-31.4511],[-64.6842,-31.4507],[-64.6856,-31.443],[-64.6885,-31.4421],[-64.6893,-31.4367],[-64.7003,-31.4423],[-64.696,-31.4439],[-64.6887,-31.4521],[-64.6885,-31.4588],[-64.6936,-31.4647],[-64.7003,-31.4643],[-64.7014,-31.4666],[-64.6903,-31.4676],[-64.6866,-31.4631],[-64.686,-31.4586],[-64.6803,-31.4562],[-64.6782,-31.4608],[-64.674,-31.4568],[-64.6698,-31.4585],[-64.6742,-31.4616],[-64.6719,-31.4654],[-64.6677,-31.4667],[-64.6635,-31.4652],[-64.6559,-31.4735],[-64.6566,-31.4826],[-64.6621,-31.4768],[-64.6647,-31.4835],[-64.6628,-31.487],[-64.6592,-31.4887],[-64.6478,-31.4891],[-64.6353,-31.487],[-64.6297,-31.4877],[-64.6291,-31.4836],[-64.6251,-31.482],[-64.6224,-31.4866],[-64.6239,-31.4911],[-64.6284,-31.4934],[-64.6282,-31.498],[-64.6218,-31.4959],[-64.619,-31.4983],[-64.6123,-31.4934],[-64.6108,-31.4898],[-64.6046,-31.4916],[-64.6008,-31.494],[-64.6001,-31.499],[-64.6064,-31.4944],[-64.6128,-31.4982],[-64.6116,-31.5029],[-64.6066,-31.5035],[-64.605,-31.5068],[-64.6109,-31.5092],[-64.621,-31.5057],[-64.6302,-31.5097],[-64.6265,-31.512],[-64.6198,-31.5099],[-64.6102,-31.5175],[-64.6096,-31.523],[-64.6054,-31.5243],[-64.6025,-31.5216],[-64.6045,-31.5139],[-64.5951,-31.5165],[-64.59,-31.5099],[-64.586,-31.5064],[-64.5837,-31.5023],[-64.5778,-31.4974],[-64.5732,-31.4863],[-64.5694,-31.4803],[-64.5673,-31.4721],[-64.5565,-31.4752],[-64.5551,-31.4719],[-64.5564,-31.4636],[-64.5602,-31.4621],[-64.554,-31.4586],[-64.5503,-31.4613],[-64.5449,-31.4623],[-64.5437,-31.447],[-64.5392,-31.4455],[-64.5469,-31.4412],[-64.5434,-31.436],[-64.5387,-31.4348],[-64.5421,-31.4312],[-64.5418,-31.4239],[-64.5448,-31.4188],[-64.5474,-31.4107],[-64.5427,-31.4128],[-64.539,-31.4091],[-64.5355,-31.4142],[-64.5322,-31.4137],[-64.5326,-31.4078],[-64.5371,-31.4055],[-64.5264,-31.4033],[-64.5219,-31.4003],[-64.5167,-31.4035],[-64.5155,-31.3977],[-64.5127,-31.397],[-64.5148,-31.3884],[-64.5222,-31.3812]],[[-64.5741,-31.4444],[-64.5741,-31.4476],[-64.5806,-31.4477],[-64.5807,-31.444],[-64.5741,-31.4444]],[[-64.6233,-31.4484],[-64.6191,-31.453],[-64.6211,-31.4586],[-64.6238,-31.4575],[-64.6233,-31.4484]],[[-64.5958,-31.4737],[-64.5919,-31.4739],[-64.5922,-31.4783],[-64.5961,-31.4795],[-64.5958,-31.4737]]],[[[-64.4361,-31.385],[-64.4339,-31.3801],[-64.4415,-31.3797],[-64.443,-31.3824],[-64.4513,-31.3863],[-64.4526,-31.3908],[-64.4601,-31.3951],[-64.4604,-31.3985],[-64.4552,-31.4026],[-64.4501,-31.4006],[-64.4479,-31.3959],[-64.4438,-31.3936],[-64.4416,-31.3895],[-64.4361,-31.385]]],[[[-65.599,-31.3647],[-65.6,-31.3594],[-65.6036,-31.3592],[-65.6036,-31.3638],[-65.599,-31.3647]]],[[[-65.6171,-31.3674],[-65.622,-31.366],[-65.6176,-31.3617],[-65.6212,-31.3541],[-65.627,-31.3526],[-65.6334,-31.3543],[-65.6251,-31.3591],[-65.6302,-31.3623],[-65.6265,-31.3666],[-65.6303,-31.3709],[-65.6293,-31.3768],[-65.6329,-31.3826],[-65.6254,-31.3814],[-65.625,-31.3765],[-65.6206,-31.3744],[-65.623,-31.3726],[-65.6235,-31.3703],[-65.6207,-31.3698],[-65.6171,-31.3674]]],[[[-64.6287,-31.3682],[-64.6291,-31.3654],[-64.635,-31.365],[-64.6353,-31.3681],[-64.6287,-31.3682]]],[[[-64.5859,-31.3653],[-64.595,-31.366],[-64.5953,-31.3724],[-64.5922,-31.3724],[-64.5887,-31.3674],[-64.5812,-31.376],[-64.5879,-31.3762],[-64.5932,-31.3735],[-64.596,-31.3742],[-64.5944,-31.3811],[-64.5885,-31.381],[-64.5842,-31.3785],[-64.5753,-31.3788],[-64.5734,-31.3756],[-64.5647,-31.3778],[-64.5605,-31.3799],[-64.5588,-31.377],[-64.5636,-31.3755],[-64.565,-31.3724],[-64.5693,-31.3722],[-64.5698,-31.3671],[-64.5827,-31.3669],[-64.5859,-31.3653]]],[[[-64.5222,-31.3812],[-64.523,-31.3764],[-64.5195,-31.3746],[-64.5193,-31.3697],[-64.5273,-31.3665],[-64.5236,-31.3742],[-64.5368,-31.3657],[-64.5442,-31.3641],[-64.5444,-31.3672],[-64.5478,-31.3693],[-64.5394,-31.3738],[-64.5354,-31.3694],[-64.531,-31.3744],[-64.5222,-31.3812]]],[[[-63.0363,-31.3998],[-63.035,-31.3911],[-63.0287,-31.3743],[-63.0369,-31.3727],[-63.0374,-31.385],[-63.0452,-31.3944],[-63.0433,-31.4047],[-63.0363,-31.3998]]],[[[-64.4854,-31.3825],[-64.4863,-31.3759],[-64.4848,-31.3723],[-64.4851,-31.3679],[-64.4881,-31.3657],[-64.5006,-31.3667],[-64.5021,-31.3695],[-64.4994,-31.3718],[-64.4982,-31.3773],[-64.4939,-31.3778],[-64.4854,-31.3825]]],[[[-64.356,-31.4094],[-64.3565,-31.3952],[-64.3587,-31.3875],[-64.3467,-31.3868],[-64.3458,-31.3848],[-64.348,-31.3797],[-64.3527,-31.3798],[-64.3596,-31.3778],[-64.3633,-31.3884],[-64.3628,-31.3922],[-64.3714,-31.3923],[-64.3715,-31.3832],[-64.3694,-31.3815],[-64.3687,-31.3768],[-64.3707,-31.3744],[-64.3774,-31.3721],[-64.3814,-31.3696],[-64.3898,-31.3679],[-64.3942,-31.3633],[-64.4015,-31.3614],[-64.4194,-31.3702],[-64.4175,-31.3746],[-64.4185,-31.3815],[-64.4206,-31.384],[-64.4207,-31.3887],[-64.4144,-31.3922],[-64.4128,-31.3955],[-64.4156,-31.4041],[-64.4262,-31.4026],[-64.4282,-31.4088],[-64.4229,-31.4137],[-64.4238,-31.4161],[-64.4301,-31.4124],[-64.4315,-31.409],[-64.4421,-31.4032],[-64.4465,-31.4077],[-64.4479,-31.4144],[-64.4455,-31.4231],[-64.4422,-31.4284],[-64.4396,-31.4366],[-64.4297,-31.4416],[-64.4279,-31.4447],[-64.4201,-31.448],[-64.4151,-31.4524],[-64.4088,-31.4554],[-64.4028,-31.4496],[-64.3986,-31.4499],[-64.3906,-31.4344],[-64.3935,-31.4329],[-64.393,-31.4297],[-64.393,-31.4235],[-64.3897,-31.4165],[-64.378,-31.4096],[-64.3739,-31.4049],[-64.368,-31.4048],[-64.3799,-31.4132],[-64.3874,-31.4201],[-64.3902,-31.4277],[-64.3895,-31.4317],[-64.3845,-31.4336],[-64.3794,-31.4336],[-64.3725,-31.435],[-64.3721,-31.4298],[-64.369,-31.4274],[-64.3644,-31.4276],[-64.3603,-31.4164],[-64.3579,-31.4136],[-64.3577,-31.4138],[-64.3462,-31.412],[-64.348,-31.4086],[-64.359,-31.4103],[-64.3597,-31.4104],[-64.356,-31.4094]],[[-64.3977,-31.4175],[-64.3955,-31.4128],[-64.3916,-31.4163],[-64.3977,-31.4175]]],[[[-62.6988,-31.3789],[-62.6843,-31.3734],[-62.6799,-31.3691],[-62.7008,-31.3669],[-62.7058,-31.3669],[-62.7026,-31.3848],[-62.6988,-31.3789]]],[[[-64.624,-31.3659],[-64.6191,-31.361],[-64.6213,-31.3566],[-64.6249,-31.3569],[-64.624,-31.3659]]],[[[-65.6828,-31.358],[-65.6896,-31.3469],[-65.6863,-31.3384],[-65.7699,-31.337],[-65.7699,-31.3936],[-65.7702,-31.4059],[-65.7699,-31.4359],[-65.7645,-31.4367],[-65.7538,-31.4421],[-65.7561,-31.4499],[-65.7546,-31.4543],[-65.751,-31.4545],[-65.7502,-31.4502],[-65.7464,-31.4523],[-65.7418,-31.453],[-65.7448,-31.4499],[-65.7428,-31.449],[-65.7401,-31.4509],[-65.739,-31.4479],[-65.7411,-31.4464],[-65.7426,-31.441],[-65.7399,-31.4375],[-65.7504,-31.4377],[-65.7503,-31.4317],[-65.7441,-31.432],[-65.7423,-31.4359],[-65.7348,-31.4358],[-65.729,-31.4312],[-65.7346,-31.4283],[-65.7389,-31.4301],[-65.7387,-31.4155],[-65.7305,-31.4155],[-65.7246,-31.4133],[-65.7188,-31.4137],[-65.7186,-31.4204],[-65.7137,-31.4185],[-65.7126,-31.4129],[-65.7093,-31.4129],[-65.7057,-31.408],[-65.699,-31.4134],[-65.6953,-31.412],[-65.6979,-31.4084],[-65.7067,-31.4028],[-65.7057,-31.4014],[-65.6987,-31.4042],[-65.6869,-31.4053],[-65.6873,-31.4032],[-65.6955,-31.4016],[-65.6958,-31.3957],[-65.6934,-31.3945],[-65.6914,-31.387],[-65.6926,-31.3837],[-65.6842,-31.3799],[-65.6824,-31.3754],[-65.6789,-31.3719],[-65.6711,-31.3709],[-65.6671,-31.3672],[-65.6694,-31.3652],[-65.6696,-31.3586],[-65.6751,-31.3468],[-65.6757,-31.3397],[-65.6784,-31.3399],[-65.6812,-31.3447],[-65.6826,-31.3515],[-65.6785,-31.3566],[-65.6828,-31.358]]],[[[-64.3284,-31.4043],[-64.3227,-31.4002],[-64.3208,-31.3991],[-64.3173,-31.396],[-64.3203,-31.3902],[-64.3161,-31.389],[-64.3184,-31.3832],[-64.3221,-31.3802],[-64.321,-31.3753],[-64.3168,-31.3677],[-64.3174,-31.3614],[-64.3237,-31.3595],[-64.3269,-31.3638],[-64.327,-31.3709],[-64.3316,-31.3738],[-64.3335,-31.3771],[-64.331,-31.3815],[-64.3307,-31.388],[-64.3354,-31.3928],[-64.3315,-31.3948],[-64.3331,-31.4024],[-64.3311,-31.404],[-64.3284,-31.4043]]],[[[-64.238,-31.3678],[-64.2379,-31.3626],[-64.2472,-31.3583],[-64.2476,-31.3629],[-64.2399,-31.3636],[-64.238,-31.3678]]],[[[-65.6653,-31.359],[-65.6587,-31.3599],[-65.6571,-31.355],[-65.6678,-31.3521],[-65.6675,-31.3488],[-65.6604,-31.3502],[-65.6576,-31.3373],[-65.6633,-31.3368],[-65.6651,-31.344],[-65.6756,-31.3395],[-65.6752,-31.344],[-65.6749,-31.3466],[-65.6712,-31.3531],[-65.6689,-31.359],[-65.6677,-31.3587],[-65.6653,-31.359]]],[[[-64.3628,-31.3665],[-64.3627,-31.3602],[-64.3658,-31.356],[-64.3713,-31.3568],[-64.3716,-31.3641],[-64.3637,-31.368],[-64.3628,-31.3665]]],[[[-64.3467,-31.3616],[-64.3473,-31.3555],[-64.3517,-31.3561],[-64.3514,-31.3601],[-64.3543,-31.3634],[-64.3569,-31.3587],[-64.3604,-31.3627],[-64.3582,-31.3659],[-64.3595,-31.3696],[-64.3498,-31.3708],[-64.3468,-31.3681],[-64.3467,-31.3616]]],[[[-64.261,-31.3548],[-64.2612,-31.3575],[-64.2562,-31.3599],[-64.2567,-31.355],[-64.261,-31.3548]]],[[[-64.2659,-31.3593],[-64.2649,-31.3567],[-64.267,-31.3534],[-64.2712,-31.354],[-64.2732,-31.3566],[-64.2706,-31.361],[-64.2651,-31.3624],[-64.2647,-31.3669],[-64.2572,-31.3696],[-64.2583,-31.3659],[-64.2659,-31.3593]]],[[[-65.5499,-31.3354],[-65.5492,-31.3303],[-65.5523,-31.3277],[-65.5543,-31.3321],[-65.5546,-31.3368],[-65.5632,-31.3403],[-65.5616,-31.3513],[-65.5665,-31.3533],[-65.5677,-31.3462],[-65.5726,-31.3467],[-65.5748,-31.3503],[-65.5785,-31.3462],[-65.5782,-31.342],[-65.5818,-31.3338],[-65.5873,-31.3349],[-65.5856,-31.343],[-65.5929,-31.3452],[-65.5897,-31.3488],[-65.588,-31.355],[-65.584,-31.3567],[-65.5797,-31.3528],[-65.5767,-31.354],[-65.5789,-31.3616],[-65.57,-31.3619],[-65.5712,-31.3679],[-65.5669,-31.367],[-65.5646,-31.3699],[-65.5658,-31.3743],[-65.5709,-31.3772],[-65.5656,-31.3791],[-65.559,-31.3745],[-65.5605,-31.3716],[-65.5552,-31.3584],[-65.5574,-31.3533],[-65.5553,-31.3469],[-65.5498,-31.346],[-65.5461,-31.3501],[-65.541,-31.3508],[-65.5366,-31.3471],[-65.5372,-31.3447],[-65.5452,-31.3447],[-65.5457,-31.3361],[-65.5499,-31.3354]]],[[[-64.4409,-31.3441],[-64.4413,-31.339],[-64.4457,-31.3369],[-64.4468,-31.3425],[-64.4538,-31.3424],[-64.4583,-31.3455],[-64.4586,-31.3504],[-64.4538,-31.3559],[-64.4471,-31.3609],[-64.4439,-31.3607],[-64.4429,-31.3493],[-64.4409,-31.3441]]],[[[-64.6128,-31.3264],[-64.6144,-31.324],[-64.6186,-31.3241],[-64.6193,-31.3269],[-64.616,-31.3293],[-64.6128,-31.3264]]],[[[-62.7368,-31.3573],[-62.7356,-31.3475],[-62.7413,-31.3443],[-62.7362,-31.3383],[-62.7312,-31.3345],[-62.7463,-31.3334],[-62.745,-31.3611],[-62.733,-31.3627],[-62.7368,-31.3573]]],[[[-63.5,-31.3592],[-63.5,-31.3473],[-63.497,-31.3416],[-63.4999,-31.3322],[-63.5123,-31.3353],[-63.5103,-31.3617],[-63.5,-31.3592]]],[[[-64.5809,-31.3219],[-64.5888,-31.3252],[-64.5953,-31.3228],[-64.5959,-31.3293],[-64.588,-31.3283],[-64.5809,-31.3219]]],[[[-64.5426,-31.3213],[-64.5462,-31.3199],[-64.5487,-31.3294],[-64.5394,-31.3331],[-64.5348,-31.333],[-64.5356,-31.3401],[-64.5337,-31.3439],[-64.5247,-31.3402],[-64.521,-31.344],[-64.5183,-31.3382],[-64.5125,-31.342],[-64.5128,-31.3453],[-64.5081,-31.3489],[-64.5089,-31.3422],[-64.5078,-31.3398],[-64.4987,-31.3374],[-64.4961,-31.3383],[-64.4921,-31.3353],[-64.4862,-31.3401],[-64.4837,-31.3359],[-64.48,-31.3369],[-64.4742,-31.3324],[-64.4835,-31.3321],[-64.4848,-31.331],[-64.4926,-31.3311],[-64.4948,-31.3349],[-64.4994,-31.3325],[-64.4974,-31.3265],[-64.5046,-31.3261],[-64.5023,-31.3301],[-64.5064,-31.3313],[-64.5225,-31.3331],[-64.5273,-31.3318],[-64.5313,-31.327],[-64.5314,-31.3239],[-64.5375,-31.3204],[-64.5426,-31.3213]]],[[[-63.0097,-31.3266],[-63.0262,-31.325],[-63.0268,-31.3505],[-63.0218,-31.3516],[-63.0192,-31.3434],[-63.0154,-31.3505],[-63.0091,-31.3483],[-63.0097,-31.3266]]],[[[-64.4738,-31.3201],[-64.4765,-31.316],[-64.4846,-31.3185],[-64.494,-31.3236],[-64.4795,-31.3215],[-64.4776,-31.3283],[-64.4695,-31.3287],[-64.4692,-31.3267],[-64.4741,-31.3242],[-64.4738,-31.3201]]],[[[-64.6056,-31.3167],[-64.6109,-31.3164],[-64.6142,-31.3222],[-64.6104,-31.3242],[-64.6051,-31.3247],[-64.6056,-31.3167]]],[[[-62.6882,-31.3387],[-62.6882,-31.3344],[-62.6826,-31.3273],[-62.6839,-31.3203],[-62.694,-31.3176],[-62.6953,-31.3305],[-62.7021,-31.3366],[-62.6964,-31.3404],[-62.6882,-31.3387]]],[[[-64.6026,-31.3034],[-64.6045,-31.3001],[-64.604,-31.2965],[-64.6112,-31.2957],[-64.6159,-31.2989],[-64.6121,-31.3025],[-64.6126,-31.306],[-64.6027,-31.3069],[-64.6026,-31.3034]]],[[[-62.9529,-31.3098],[-62.9542,-31.3011],[-62.9618,-31.3028],[-62.9611,-31.312],[-62.9529,-31.3098]]],[[[-62.4787,-31.3104],[-62.473,-31.3071],[-62.4762,-31.3012],[-62.4775,-31.2919],[-62.4882,-31.2925],[-62.4907,-31.3012],[-62.4846,-31.3112],[-62.4875,-31.3191],[-62.4779,-31.3256],[-62.4695,-31.3284],[-62.4671,-31.3391],[-62.476,-31.3483],[-62.4759,-31.3543],[-62.467,-31.3564],[-62.4582,-31.3526],[-62.4589,-31.3407],[-62.4571,-31.3314],[-62.4343,-31.3335],[-62.4419,-31.3281],[-62.4495,-31.3249],[-62.4572,-31.3135],[-62.4672,-31.319],[-62.478,-31.3191],[-62.4787,-31.3104]]],[[[-63.0129,-31.2963],[-63.0205,-31.2914],[-63.0211,-31.3006],[-63.0097,-31.3011],[-63.0129,-31.2963]]],[[[-64.5568,-31.2824],[-64.5646,-31.2828],[-64.5556,-31.2866],[-64.5536,-31.2977],[-64.5474,-31.2954],[-64.5442,-31.292],[-64.5482,-31.2856],[-64.5568,-31.2824]]],[[[-65.6318,-31.3006],[-65.6317,-31.2966],[-65.6291,-31.2948],[-65.6243,-31.2875],[-65.6209,-31.2847],[-65.6205,-31.2771],[-65.6165,-31.2743],[-65.6199,-31.2724],[-65.6162,-31.2695],[-65.6161,-31.2636],[-65.7705,-31.2616],[-65.7703,-31.2969],[-65.7699,-31.3367],[-65.6863,-31.3383],[-65.6887,-31.3321],[-65.6867,-31.3266],[-65.6815,-31.3248],[-65.6835,-31.321],[-65.6797,-31.3193],[-65.6733,-31.3247],[-65.673,-31.3278],[-65.6787,-31.327],[-65.6819,-31.3287],[-65.677,-31.3325],[-65.6746,-31.3368],[-65.6699,-31.3375],[-65.669,-31.3338],[-65.6681,-31.3327],[-65.6684,-31.3322],[-65.667,-31.3317],[-65.6595,-31.3301],[-65.6568,-31.3263],[-65.6547,-31.3265],[-65.6537,-31.3303],[-65.6497,-31.3334],[-65.6408,-31.3336],[-65.6415,-31.3301],[-65.6502,-31.3301],[-65.6488,-31.3249],[-65.6451,-31.3201],[-65.6416,-31.3198],[-65.6415,-31.3161],[-65.6477,-31.3162],[-65.6479,-31.3146],[-65.6433,-31.3144],[-65.6411,-31.3123],[-65.6425,-31.3095],[-65.6386,-31.3087],[-65.6379,-31.3006],[-65.6319,-31.3006],[-65.6318,-31.3006]]],[[[-64.2692,-31.294],[-64.2606,-31.2857],[-64.26,-31.2814],[-64.2647,-31.2805],[-64.2661,-31.2867],[-64.2699,-31.2889],[-64.2692,-31.294]]],[[[-64.5724,-31.2786],[-64.5794,-31.2685],[-64.5862,-31.272],[-64.5891,-31.2762],[-64.5891,-31.28],[-64.5847,-31.2797],[-64.5726,-31.2811],[-64.5724,-31.2786]]],[[[-62.4877,-31.2665],[-62.5015,-31.2678],[-62.4997,-31.2758],[-62.4908,-31.2801],[-62.4813,-31.2865],[-62.4788,-31.2833],[-62.482,-31.2741],[-62.4877,-31.2665]]],[[[-62.9738,-31.2816],[-62.9712,-31.2751],[-62.9769,-31.2713],[-62.9788,-31.2626],[-62.9832,-31.2621],[-62.9845,-31.2816],[-62.9738,-31.2816]]],[[[-64.2926,-31.2581],[-64.2957,-31.2607],[-64.2924,-31.2633],[-64.2812,-31.2596],[-64.2857,-31.2578],[-64.2926,-31.2581]]],[[[-64.2694,-31.2578],[-64.274,-31.2548],[-64.2749,-31.2586],[-64.2685,-31.2625],[-64.2694,-31.2578]]],[[[-62.6965,-31.2607],[-62.7061,-31.2603],[-62.7094,-31.2682],[-62.7019,-31.2696],[-62.6965,-31.2607]]],[[[-62.8399,-31.2712],[-62.8355,-31.269],[-62.8299,-31.2631],[-62.8393,-31.2582],[-62.8443,-31.2772],[-62.8399,-31.2712]]],[[[-62.4877,-31.2665],[-62.4852,-31.2605],[-62.4891,-31.254],[-62.4901,-31.2608],[-62.4877,-31.2665]]],[[[-62.7203,-31.2622],[-62.7162,-31.2535],[-62.7299,-31.2532],[-62.7286,-31.2679],[-62.7349,-31.2679],[-62.7362,-31.2593],[-62.7449,-31.2547],[-62.7462,-31.2614],[-62.7537,-31.2651],[-62.742,-31.2669],[-62.7378,-31.2715],[-62.7474,-31.2726],[-62.735,-31.2762],[-62.7361,-31.2815],[-62.7226,-31.2824],[-62.7207,-31.2901],[-62.7165,-31.2908],[-62.7186,-31.2783],[-62.7182,-31.2718],[-62.7203,-31.2622]]],[[[-62.9826,-31.2561],[-62.9757,-31.2594],[-62.9731,-31.2523],[-62.9826,-31.2561]]],[[[-64.2531,-31.2463],[-64.2591,-31.2453],[-64.2593,-31.2484],[-64.2561,-31.2497],[-64.2564,-31.2618],[-64.2524,-31.2625],[-64.2519,-31.2578],[-64.2548,-31.2538],[-64.2524,-31.2502],[-64.2531,-31.2463]]],[[[-62.7608,-31.2472],[-62.7629,-31.2565],[-62.7541,-31.2576],[-62.7608,-31.2472]]],[[[-62.7879,-31.2544],[-62.7846,-31.2522],[-62.7842,-31.2458],[-62.7954,-31.2447],[-62.7946,-31.2616],[-62.7875,-31.2641],[-62.7879,-31.2544]]],[[[-64.4349,-31.2387],[-64.4386,-31.234],[-64.4428,-31.2326],[-64.4494,-31.2348],[-64.453,-31.2401],[-64.457,-31.243],[-64.4584,-31.2523],[-64.4567,-31.2538],[-64.4501,-31.2504],[-64.4489,-31.2409],[-64.4449,-31.2404],[-64.44,-31.2434],[-64.4392,-31.2461],[-64.4438,-31.2568],[-64.4514,-31.2558],[-64.4586,-31.2572],[-64.4604,-31.2601],[-64.4596,-31.2635],[-64.4539,-31.2636],[-64.4516,-31.2673],[-64.4532,-31.2738],[-64.4478,-31.2735],[-64.4486,-31.2806],[-64.4454,-31.2806],[-64.4458,-31.2875],[-64.4502,-31.2885],[-64.4478,-31.2942],[-64.4556,-31.2941],[-64.4584,-31.299],[-64.4575,-31.3059],[-64.4522,-31.3065],[-64.4499,-31.3087],[-64.4507,-31.3172],[-64.4398,-31.3248],[-64.4377,-31.3118],[-64.4393,-31.3045],[-64.4371,-31.2992],[-64.4369,-31.2847],[-64.4348,-31.2778],[-64.4338,-31.2656],[-64.4313,-31.2506],[-64.4316,-31.2435],[-64.4349,-31.2387]]],[[[-62.9498,-31.2409],[-62.9599,-31.2404],[-62.9485,-31.2491],[-62.9498,-31.2409]]],[[[-64.3156,-31.2883],[-64.3158,-31.286],[-64.3219,-31.2849],[-64.3261,-31.2821],[-64.3281,-31.2749],[-64.3319,-31.272],[-64.3475,-31.2656],[-64.3523,-31.2603],[-64.3526,-31.2517],[-64.3605,-31.2483],[-64.3886,-31.2404],[-64.393,-31.2367],[-64.4021,-31.2336],[-64.4096,-31.2352],[-64.4167,-31.2315],[-64.4211,-31.2396],[-64.419,-31.2413],[-64.4135,-31.241],[-64.4063,-31.2429],[-64.3985,-31.2435],[-64.3995,-31.2459],[-64.3985,-31.2516],[-64.4057,-31.2482],[-64.4087,-31.2494],[-64.4088,-31.2542],[-64.4116,-31.2629],[-64.4107,-31.2686],[-64.4158,-31.2652],[-64.4208,-31.2661],[-64.4216,-31.2727],[-64.4156,-31.2749],[-64.4176,-31.2787],[-64.4225,-31.2771],[-64.424,-31.2887],[-64.4216,-31.2907],[-64.4258,-31.2971],[-64.4227,-31.3019],[-64.4184,-31.3015],[-64.4164,-31.2983],[-64.4064,-31.3059],[-64.3981,-31.3058],[-64.3953,-31.3096],[-64.3969,-31.312],[-64.4015,-31.3074],[-64.4035,-31.3121],[-64.4143,-31.3104],[-64.4142,-31.3157],[-64.4067,-31.3174],[-64.4064,-31.3201],[-64.3841,-31.3222],[-64.3811,-31.3213],[-64.3738,-31.3223],[-64.3727,-31.3167],[-64.3769,-31.3155],[-64.3822,-31.312],[-64.3813,-31.308],[-64.3769,-31.31],[-64.3726,-31.3095],[-64.3697,-31.3114],[-64.3604,-31.313],[-64.3547,-31.3212],[-64.3519,-31.3203],[-64.3503,-31.3141],[-64.3526,-31.3097],[-64.3494,-31.3083],[-64.3454,-31.3098],[-64.3376,-31.3183],[-64.3359,-31.3147],[-64.336,-31.3103],[-64.3396,-31.3051],[-64.3328,-31.3059],[-64.3262,-31.3055],[-64.3104,-31.3058],[-64.3112,-31.2996],[-64.3149,-31.294],[-64.3155,-31.2896],[-64.3156,-31.2883]]],[[[-62.6561,-31.2495],[-62.6628,-31.2387],[-62.6678,-31.2387],[-62.6684,-31.2475],[-62.674,-31.2563],[-62.6573,-31.2573],[-62.6561,-31.2495]]],[[[-64.268,-31.2377],[-64.2642,-31.2333],[-64.2643,-31.2305],[-64.2721,-31.2303],[-64.2736,-31.2316],[-64.273,-31.2373],[-64.268,-31.2377]]],[[[-62.4993,-31.2335],[-62.506,-31.2422],[-62.5036,-31.2519],[-62.5005,-31.2481],[-62.4942,-31.2465],[-62.4954,-31.2411],[-62.4993,-31.2335]]],[[[-63.682,-31.2382],[-63.6832,-31.2333],[-63.6933,-31.2319],[-63.6946,-31.2392],[-63.6861,-31.2395],[-63.682,-31.2382]]],[[[-63.5784,-31.2408],[-63.574,-31.239],[-63.5733,-31.2295],[-63.5831,-31.2287],[-63.5857,-31.2421],[-63.5784,-31.2408]]],[[[-64.2839,-31.2256],[-64.2897,-31.224],[-64.2929,-31.2209],[-64.3003,-31.2291],[-64.2943,-31.2314],[-64.2999,-31.2344],[-64.2982,-31.2416],[-64.2939,-31.2416],[-64.2981,-31.2488],[-64.294,-31.2529],[-64.2792,-31.2526],[-64.2769,-31.2501],[-64.2775,-31.244],[-64.2799,-31.2373],[-64.286,-31.232],[-64.2815,-31.2308],[-64.2839,-31.2256]]],[[[-62.6373,-31.2312],[-62.6316,-31.229],[-62.6399,-31.2254],[-62.6424,-31.2333],[-62.6373,-31.2312]]],[[[-64.3066,-31.2243],[-64.3095,-31.2214],[-64.3138,-31.2219],[-64.3129,-31.2283],[-64.3066,-31.2285],[-64.3066,-31.2243]]],[[[-62.6658,-31.2244],[-62.6708,-31.2237],[-62.6741,-31.2291],[-62.6645,-31.2298],[-62.6658,-31.2244]]],[[[-63.6854,-31.2263],[-63.6826,-31.2249],[-63.685,-31.2211],[-63.6913,-31.2214],[-63.6926,-31.227],[-63.6854,-31.2263]]],[[[-62.732,-31.2256],[-62.7363,-31.2249],[-62.7354,-31.2296],[-62.7258,-31.2346],[-62.7254,-31.2442],[-62.7191,-31.2432],[-62.7229,-31.2281],[-62.7308,-31.2292],[-62.732,-31.2256]]],[[[-63.5818,-31.2246],[-63.5811,-31.2219],[-63.5883,-31.2187],[-63.5902,-31.2216],[-63.5874,-31.2254],[-63.5818,-31.2246]]],[[[-62.9826,-31.2561],[-62.9801,-31.2518],[-62.9801,-31.2464],[-62.9757,-31.2475],[-62.9694,-31.2453],[-62.97,-31.2404],[-62.9681,-31.2366],[-62.963,-31.2339],[-62.9649,-31.2269],[-62.9744,-31.2198],[-62.9807,-31.2366],[-62.9865,-31.237],[-62.994,-31.2475],[-62.9902,-31.2567],[-62.9826,-31.2561]]],[[[-63.6922,-31.2192],[-63.6925,-31.2114],[-63.701,-31.2108],[-63.7017,-31.22],[-63.6922,-31.2192]]],[[[-62.4993,-31.2335],[-62.4987,-31.2232],[-62.5019,-31.2113],[-62.507,-31.2171],[-62.4993,-31.2335]]],[[[-63.562,-31.2255],[-63.562,-31.222],[-63.5705,-31.2217],[-63.5707,-31.212],[-63.5757,-31.2106],[-63.578,-31.2138],[-63.5786,-31.2187],[-63.5758,-31.2193],[-63.5743,-31.2255],[-63.562,-31.2255]]],[[[-63.6228,-31.2126],[-63.6243,-31.2036],[-63.6294,-31.2039],[-63.6291,-31.2125],[-63.6228,-31.2126]]],[[[-63.5067,-31.209],[-63.5007,-31.2015],[-63.5113,-31.2023],[-63.515,-31.2065],[-63.5195,-31.2082],[-63.5177,-31.2117],[-63.5067,-31.209]]],[[[-62.7451,-31.2016],[-62.7626,-31.2013],[-62.7659,-31.2096],[-62.7713,-31.2056],[-62.7692,-31.2218],[-62.7599,-31.2236],[-62.7588,-31.2328],[-62.7692,-31.2329],[-62.7667,-31.2382],[-62.7558,-31.24],[-62.7533,-31.2343],[-62.755,-31.23],[-62.7542,-31.2178],[-62.7496,-31.216],[-62.7526,-31.211],[-62.7363,-31.2131],[-62.7372,-31.2074],[-62.7434,-31.2102],[-62.7451,-31.2016]]],[[[-64.2629,-31.1967],[-64.2571,-31.1955],[-64.2567,-31.1926],[-64.2612,-31.1914],[-64.2678,-31.1917],[-64.2716,-31.1965],[-64.2652,-31.1984],[-64.2629,-31.1967]]],[[[-62.62,-31.2017],[-62.6146,-31.1992],[-62.6225,-31.1963],[-62.6329,-31.2071],[-62.6413,-31.2035],[-62.65,-31.2014],[-62.6425,-31.2121],[-62.635,-31.2161],[-62.6441,-31.2218],[-62.6279,-31.2211],[-62.6271,-31.2117],[-62.6208,-31.2074],[-62.62,-31.2017]]],[[[-62.6296,-31.196],[-62.6459,-31.1942],[-62.645,-31.1993],[-62.6354,-31.2003],[-62.6296,-31.196]]],[[[-63.4937,-31.1942],[-63.4965,-31.1937],[-63.4978,-31.2007],[-63.4903,-31.208],[-63.4822,-31.2097],[-63.4772,-31.2081],[-63.4866,-31.2024],[-63.4821,-31.2002],[-63.4849,-31.1945],[-63.4878,-31.1991],[-63.4937,-31.1942]]],[[[-63.5848,-31.1963],[-63.5938,-31.193],[-63.5954,-31.1973],[-63.5854,-31.1984],[-63.5848,-31.1963]]],[[[-62.5019,-31.2113],[-62.5039,-31.2015],[-62.5184,-31.1929],[-62.5139,-31.2097],[-62.5204,-31.2154],[-62.5208,-31.2195],[-62.5145,-31.2189],[-62.5114,-31.214],[-62.5019,-31.2113]]],[[[-64.2926,-31.2088],[-64.2926,-31.2021],[-64.287,-31.2016],[-64.2897,-31.1949],[-64.2926,-31.1936],[-64.2946,-31.1891],[-64.3024,-31.184],[-64.3064,-31.1843],[-64.3122,-31.187],[-64.3126,-31.1937],[-64.3037,-31.2022],[-64.3023,-31.2072],[-64.3076,-31.2058],[-64.3115,-31.2067],[-64.31,-31.2125],[-64.3001,-31.2113],[-64.2983,-31.2155],[-64.2909,-31.2184],[-64.2898,-31.2148],[-64.2859,-31.2149],[-64.2841,-31.2092],[-64.2889,-31.2065],[-64.2926,-31.2088]]],[[[-63.564,-31.1891],[-63.5718,-31.1885],[-63.5731,-31.1955],[-63.5656,-31.1964],[-63.564,-31.1891]]],[[[-62.6542,-31.19],[-62.6593,-31.1882],[-62.6571,-31.1964],[-62.653,-31.1982],[-62.6542,-31.19]]],[[[-64.2756,-31.1854],[-64.2754,-31.1821],[-64.2813,-31.1818],[-64.283,-31.188],[-64.2797,-31.1907],[-64.2753,-31.1913],[-64.27,-31.1893],[-64.2703,-31.1855],[-64.2756,-31.1854]]],[[[-63.5138,-31.199],[-63.5144,-31.192],[-63.5204,-31.186],[-63.522,-31.1952],[-63.5173,-31.1998],[-63.5138,-31.199]]],[[[-63.5301,-31.1814],[-63.5348,-31.18],[-63.5382,-31.1825],[-63.5389,-31.1873],[-63.527,-31.1898],[-63.5301,-31.1814]]],[[[-64.2828,-31.1693],[-64.2884,-31.1693],[-64.2876,-31.1761],[-64.2916,-31.1753],[-64.2919,-31.181],[-64.2853,-31.1801],[-64.2839,-31.1752],[-64.2806,-31.1712],[-64.2828,-31.1693]]],[[[-63.5664,-31.1761],[-63.5777,-31.1742],[-63.5784,-31.1772],[-63.5696,-31.178],[-63.5712,-31.1826],[-63.5668,-31.1861],[-63.5664,-31.1761]]],[[[-62.6685,-31.1742],[-62.6735,-31.1771],[-62.6734,-31.1832],[-62.6689,-31.1839],[-62.6685,-31.1742]]],[[[-62.6589,-31.1767],[-62.6639,-31.1742],[-62.6639,-31.1792],[-62.6589,-31.1767]]],[[[-62.5845,-31.1732],[-62.5997,-31.1744],[-62.5997,-31.1787],[-62.5905,-31.1787],[-62.5905,-31.174],[-62.5845,-31.1732]]],[[[-64.4115,-31.2114],[-64.4147,-31.2076],[-64.4102,-31.2056],[-64.4152,-31.1984],[-64.412,-31.1966],[-64.4142,-31.1921],[-64.4195,-31.19],[-64.42,-31.1803],[-64.4151,-31.1802],[-64.4165,-31.1752],[-64.4227,-31.1735],[-64.4213,-31.1672],[-64.4253,-31.1646],[-64.4214,-31.2197],[-64.4146,-31.2185],[-64.4101,-31.2166],[-64.4025,-31.2163],[-64.3985,-31.2174],[-64.3942,-31.2158],[-64.3965,-31.2125],[-64.4115,-31.2114]]],[[[-64.1875,-31.1748],[-64.1902,-31.168],[-64.1924,-31.1673],[-64.1926,-31.1755],[-64.1875,-31.1748]]],[[[-64.2202,-31.165],[-64.225,-31.1662],[-64.2246,-31.1721],[-64.2208,-31.1723],[-64.2208,-31.1789],[-64.2133,-31.1773],[-64.2167,-31.1665],[-64.2202,-31.165]]],[[[-63.657,-31.1657],[-63.6576,-31.1614],[-63.6623,-31.1608],[-63.6624,-31.1657],[-63.657,-31.1657]]],[[[-62.5845,-31.1732],[-62.5801,-31.1725],[-62.5751,-31.1765],[-62.5626,-31.1786],[-62.5714,-31.1618],[-62.5964,-31.1597],[-62.5897,-31.1679],[-62.5845,-31.1732]]],[[[-64.2337,-31.157],[-64.2339,-31.1519],[-64.2383,-31.154],[-64.2337,-31.157]]],[[[-63.5043,-31.1753],[-63.504,-31.1729],[-63.5084,-31.171],[-63.513,-31.1639],[-63.5067,-31.1572],[-63.5171,-31.1561],[-63.5202,-31.1639],[-63.5168,-31.1664],[-63.5218,-31.1707],[-63.5159,-31.1745],[-63.5098,-31.1755],[-63.5084,-31.1793],[-63.5043,-31.1753]]],[[[-64.2354,-31.1777],[-64.2366,-31.1757],[-64.2429,-31.1754],[-64.2437,-31.1786],[-64.2501,-31.1782],[-64.2571,-31.1726],[-64.2621,-31.1721],[-64.2667,-31.1644],[-64.2672,-31.1609],[-64.2704,-31.1574],[-64.2697,-31.1511],[-64.2722,-31.1478],[-64.2769,-31.1506],[-64.2811,-31.1563],[-64.2853,-31.1562],[-64.2829,-31.1676],[-64.2771,-31.172],[-64.2753,-31.1759],[-64.2697,-31.1834],[-64.2639,-31.1853],[-64.2622,-31.1842],[-64.2603,-31.1846],[-64.2591,-31.1883],[-64.2547,-31.1899],[-64.2542,-31.1945],[-64.2466,-31.1993],[-64.2441,-31.1951],[-64.2405,-31.1948],[-64.2405,-31.1876],[-64.2386,-31.1854],[-64.2353,-31.1891],[-64.2343,-31.1972],[-64.2303,-31.1969],[-64.2302,-31.1908],[-64.2327,-31.1895],[-64.2353,-31.1779],[-64.2354,-31.1777]]],[[[-63.5857,-31.1542],[-63.5889,-31.1515],[-63.593,-31.1525],[-63.5895,-31.1569],[-63.5857,-31.1542]]],[[[-62.6906,-31.1614],[-62.6894,-31.1546],[-62.6961,-31.1524],[-62.7006,-31.1571],[-62.7006,-31.1618],[-62.6906,-31.1614]]],[[[-62.6652,-31.1502],[-62.6727,-31.1542],[-62.6748,-31.1603],[-62.6702,-31.1635],[-62.6643,-31.1635],[-62.6617,-31.1563],[-62.6489,-31.1588],[-62.6431,-31.1562],[-62.649,-31.1523],[-62.661,-31.1531],[-62.6652,-31.1502]]],[[[-64.4251,-31.1512],[-64.4254,-31.1445],[-64.4298,-31.1397],[-64.432,-31.1437],[-64.4296,-31.1471],[-64.4294,-31.1543],[-64.4271,-31.1567],[-64.4222,-31.1569],[-64.4177,-31.1553],[-64.4179,-31.1526],[-64.4243,-31.1543],[-64.4251,-31.1512]]],[[[-63.5594,-31.1575],[-63.5578,-31.1468],[-63.5628,-31.1459],[-63.5629,-31.1581],[-63.5594,-31.1575]]],[[[-63.529,-31.1561],[-63.5205,-31.1547],[-63.5302,-31.1512],[-63.5274,-31.1455],[-63.5387,-31.1522],[-63.5368,-31.1558],[-63.529,-31.1561]]],[[[-63.6858,-31.1534],[-63.683,-31.1502],[-63.6786,-31.1502],[-63.6779,-31.147],[-63.687,-31.1442],[-63.6911,-31.1445],[-63.6924,-31.151],[-63.6912,-31.155],[-63.6858,-31.1534]]],[[[-62.7518,-31.1798],[-62.7489,-31.1748],[-62.7489,-31.1633],[-62.7519,-31.1586],[-62.7452,-31.1504],[-62.7577,-31.1454],[-62.7581,-31.1734],[-62.7702,-31.1841],[-62.7514,-31.1848],[-62.7518,-31.1798]]],[[[-62.4276,-31.1612],[-62.4273,-31.1547],[-62.4369,-31.1494],[-62.444,-31.1441],[-62.4493,-31.1541],[-62.4422,-31.1577],[-62.4339,-31.1648],[-62.4276,-31.1612]]],[[[-64.4862,-31.1448],[-64.5038,-31.1451],[-64.516,-31.144],[-64.5218,-31.1426],[-64.5329,-31.1351],[-64.5388,-31.1341],[-64.5347,-31.1481],[-64.5377,-31.1499],[-64.5426,-31.1409],[-64.5469,-31.1411],[-64.5478,-31.1498],[-64.5564,-31.1522],[-64.5583,-31.1578],[-64.5608,-31.1609],[-64.5577,-31.1648],[-64.5552,-31.1607],[-64.5509,-31.1594],[-64.5505,-31.1651],[-64.546,-31.1702],[-64.5504,-31.1745],[-64.5458,-31.1753],[-64.5431,-31.1717],[-64.5351,-31.1692],[-64.5429,-31.16],[-64.5376,-31.1603],[-64.5248,-31.1583],[-64.5292,-31.1709],[-64.5264,-31.1733],[-64.5251,-31.1774],[-64.5329,-31.1812],[-64.5387,-31.1772],[-64.5443,-31.1767],[-64.5545,-31.1818],[-64.5609,-31.1811],[-64.5654,-31.1838],[-64.5709,-31.1852],[-64.5752,-31.1919],[-64.577,-31.1907],[-64.5755,-31.1802],[-64.5798,-31.181],[-64.5849,-31.1838],[-64.5911,-31.1781],[-64.5977,-31.1698],[-64.5937,-31.1676],[-64.5986,-31.1595],[-64.6034,-31.1588],[-64.6032,-31.1794],[-64.6101,-31.1736],[-64.6118,-31.1793],[-64.6049,-31.184],[-64.6008,-31.1923],[-64.6012,-31.2007],[-64.5972,-31.2028],[-64.6005,-31.2095],[-64.5957,-31.2104],[-64.5969,-31.2159],[-64.5957,-31.2208],[-64.5922,-31.2229],[-64.5883,-31.2224],[-64.5937,-31.232],[-64.5935,-31.2373],[-64.6007,-31.2379],[-64.598,-31.2322],[-64.6006,-31.2276],[-64.6036,-31.2321],[-64.6082,-31.2319],[-64.6103,-31.2348],[-64.6061,-31.2385],[-64.6062,-31.2431],[-64.6016,-31.2438],[-64.5998,-31.2462],[-64.6053,-31.252],[-64.6053,-31.2569],[-64.6,-31.2661],[-64.5964,-31.2673],[-64.5958,-31.2613],[-64.5907,-31.2603],[-64.5903,-31.2509],[-64.5817,-31.2464],[-64.5833,-31.2507],[-64.5767,-31.254],[-64.5796,-31.2631],[-64.5734,-31.2641],[-64.5744,-31.2572],[-64.5677,-31.2576],[-64.5604,-31.2603],[-64.5586,-31.2577],[-64.5626,-31.2556],[-64.5599,-31.2505],[-64.559,-31.2453],[-64.5566,-31.2455],[-64.5543,-31.25],[-64.5552,-31.2561],[-64.5506,-31.2613],[-64.5551,-31.2675],[-64.5551,-31.271],[-64.5495,-31.2778],[-64.55,-31.2808],[-64.541,-31.2862],[-64.5363,-31.2844],[-64.5316,-31.2851],[-64.5303,-31.2825],[-64.5349,-31.2761],[-64.5416,-31.2755],[-64.5473,-31.2738],[-64.5456,-31.2707],[-64.5397,-31.2714],[-64.5344,-31.2739],[-64.5327,-31.2636],[-64.5238,-31.2691],[-64.519,-31.2761],[-64.5158,-31.2746],[-64.5102,-31.2782],[-64.5007,-31.2794],[-64.4951,-31.2758],[-64.4923,-31.2715],[-64.4889,-31.2734],[-64.4915,-31.2768],[-64.4966,-31.2789],[-64.5016,-31.2829],[-64.5089,-31.2806],[-64.516,-31.2955],[-64.5133,-31.2991],[-64.5139,-31.3019],[-64.5186,-31.3014],[-64.5196,-31.2983],[-64.5247,-31.2971],[-64.5275,-31.2927],[-64.5326,-31.2927],[-64.5354,-31.295],[-64.5359,-31.3012],[-64.5399,-31.2991],[-64.5439,-31.2993],[-64.5475,-31.2972],[-64.5491,-31.3019],[-64.5457,-31.3032],[-64.5477,-31.3077],[-64.5532,-31.3073],[-64.5588,-31.3007],[-64.5596,-31.2965],[-64.5569,-31.2913],[-64.5613,-31.2887],[-64.569,-31.2922],[-64.5631,-31.3001],[-64.5658,-31.3023],[-64.5698,-31.2989],[-64.5735,-31.2934],[-64.5833,-31.2864],[-64.592,-31.2854],[-64.5926,-31.2888],[-64.5873,-31.2888],[-64.583,-31.2919],[-64.5814,-31.2986],[-64.5885,-31.2963],[-64.5927,-31.297],[-64.5901,-31.3007],[-64.5951,-31.305],[-64.5938,-31.3086],[-64.5876,-31.306],[-64.5846,-31.3018],[-64.5785,-31.3052],[-64.5789,-31.3134],[-64.5759,-31.3152],[-64.5817,-31.3193],[-64.5809,-31.3219],[-64.573,-31.3229],[-64.567,-31.322],[-64.5632,-31.3279],[-64.5568,-31.3227],[-64.5588,-31.3176],[-64.5616,-31.3148],[-64.5512,-31.3113],[-64.5461,-31.3145],[-64.5462,-31.3092],[-64.542,-31.3089],[-64.5393,-31.3118],[-64.5357,-31.3121],[-64.5366,-31.3175],[-64.5347,-31.3186],[-64.5284,-31.3078],[-64.5312,-31.3065],[-64.535,-31.3095],[-64.5384,-31.307],[-64.533,-31.3028],[-64.5296,-31.3045],[-64.5198,-31.3055],[-64.5159,-31.3082],[-64.5183,-31.3119],[-64.5221,-31.3073],[-64.5278,-31.3114],[-64.5319,-31.3169],[-64.5308,-31.3218],[-64.5274,-31.3227],[-64.5262,-31.3269],[-64.522,-31.3284],[-64.5141,-31.3263],[-64.5106,-31.3209],[-64.5035,-31.3198],[-64.5023,-31.3141],[-64.4986,-31.3105],[-64.5,-31.3065],[-64.5059,-31.3053],[-64.5075,-31.299],[-64.5002,-31.3019],[-64.4939,-31.3082],[-64.4921,-31.3126],[-64.4885,-31.3124],[-64.4856,-31.3148],[-64.4817,-31.3109],[-64.4854,-31.3054],[-64.4899,-31.305],[-64.4895,-31.2961],[-64.4803,-31.3027],[-64.4798,-31.3127],[-64.4773,-31.3128],[-64.4766,-31.3068],[-64.474,-31.3035],[-64.4735,-31.2988],[-64.4751,-31.2942],[-64.4737,-31.2848],[-64.4751,-31.2788],[-64.4719,-31.2777],[-64.4686,-31.2709],[-64.4768,-31.2679],[-64.4878,-31.2663],[-64.4985,-31.2613],[-64.5046,-31.2614],[-64.5088,-31.2553],[-64.5204,-31.2534],[-64.525,-31.255],[-64.5324,-31.2556],[-64.5462,-31.2553],[-64.549,-31.2523],[-64.5473,-31.2482],[-64.5419,-31.2471],[-64.5408,-31.2441],[-64.5467,-31.2436],[-64.551,-31.2456],[-64.5493,-31.2383],[-64.5497,-31.2326],[-64.5452,-31.2344],[-64.5417,-31.2326],[-64.5406,-31.2281],[-64.5376,-31.2258],[-64.537,-31.2208],[-64.5257,-31.2145],[-64.5288,-31.225],[-64.5355,-31.227],[-64.5388,-31.2302],[-64.5364,-31.235],[-64.53,-31.2365],[-64.5212,-31.2327],[-64.5184,-31.2299],[-64.5184,-31.2244],[-64.5133,-31.2238],[-64.5132,-31.2183],[-64.5182,-31.215],[-64.5147,-31.2128],[-64.5081,-31.2161],[-64.5047,-31.2196],[-64.5071,-31.2246],[-64.5115,-31.2277],[-64.5149,-31.2275],[-64.5163,-31.232],[-64.5204,-31.2363],[-64.5178,-31.2394],[-64.5072,-31.2406],[-64.5133,-31.2447],[-64.5102,-31.2493],[-64.4977,-31.2522],[-64.493,-31.2573],[-64.4858,-31.2578],[-64.4857,-31.2503],[-64.4837,-31.2455],[-64.4885,-31.2431],[-64.4957,-31.2435],[-64.4948,-31.2392],[-64.4869,-31.2364],[-64.482,-31.2379],[-64.4814,-31.2345],[-64.4899,-31.228],[-64.4903,-31.2236],[-64.4878,-31.2154],[-64.495,-31.2146],[-64.496,-31.2123],[-64.5008,-31.2114],[-64.5052,-31.2053],[-64.5016,-31.2016],[-64.4968,-31.2103],[-64.4837,-31.2086],[-64.4802,-31.2061],[-64.4679,-31.2026],[-64.4715,-31.1995],[-64.479,-31.1969],[-64.4818,-31.1916],[-64.4855,-31.1895],[-64.4922,-31.1894],[-64.497,-31.1871],[-64.5001,-31.1832],[-64.5054,-31.1792],[-64.5067,-31.1767],[-64.5035,-31.1743],[-64.5,-31.1783],[-64.494,-31.1788],[-64.4907,-31.1821],[-64.4878,-31.1815],[-64.481,-31.1728],[-64.479,-31.1616],[-64.4829,-31.1591],[-64.4804,-31.1538],[-64.4841,-31.1503],[-64.4862,-31.1448]],[[-64.5072,-31.2406],[-64.5021,-31.2352],[-64.4994,-31.2425],[-64.5072,-31.2406]]],[[[-64.3093,-31.2663],[-64.3099,-31.2661],[-64.3094,-31.2663],[-64.3104,-31.2659],[-64.3175,-31.2622],[-64.3156,-31.2562],[-64.3131,-31.2544],[-64.3054,-31.254],[-64.3068,-31.2444],[-64.3099,-31.2415],[-64.3131,-31.2403],[-64.3143,-31.2388],[-64.3168,-31.2372],[-64.3239,-31.2378],[-64.325,-31.2343],[-64.3251,-31.2342],[-64.3261,-31.2342],[-64.3287,-31.2347],[-64.3296,-31.2338],[-64.3247,-31.2296],[-64.3245,-31.2255],[-64.3247,-31.2233],[-64.3216,-31.2217],[-64.3161,-31.2111],[-64.3158,-31.2094],[-64.3149,-31.1966],[-64.3165,-31.194],[-64.3192,-31.1914],[-64.3175,-31.1852],[-64.3183,-31.1839],[-64.3187,-31.1825],[-64.3163,-31.1804],[-64.3171,-31.1777],[-64.3183,-31.1758],[-64.316,-31.1744],[-64.3162,-31.1722],[-64.3187,-31.171],[-64.3239,-31.1696],[-64.3281,-31.1692],[-64.3302,-31.1656],[-64.3281,-31.1618],[-64.3224,-31.1615],[-64.3206,-31.157],[-64.3245,-31.1561],[-64.3313,-31.1522],[-64.3346,-31.1487],[-64.3416,-31.1456],[-64.3449,-31.1413],[-64.3527,-31.1383],[-64.3611,-31.1302],[-64.3781,-31.1302],[-64.3813,-31.1334],[-64.3803,-31.1369],[-64.3735,-31.1386],[-64.371,-31.1432],[-64.3742,-31.1477],[-64.3737,-31.1501],[-64.3778,-31.1527],[-64.3811,-31.1623],[-64.3781,-31.1612],[-64.3698,-31.1621],[-64.371,-31.1649],[-64.3688,-31.1758],[-64.3721,-31.1744],[-64.3758,-31.1802],[-64.3706,-31.184],[-64.3757,-31.1859],[-64.3906,-31.1856],[-64.3909,-31.1821],[-64.3941,-31.1811],[-64.3957,-31.1861],[-64.3993,-31.1886],[-64.4006,-31.1924],[-64.3896,-31.1936],[-64.3807,-31.1937],[-64.3728,-31.2027],[-64.3726,-31.206],[-64.3782,-31.2089],[-64.3828,-31.2158],[-64.383,-31.2201],[-64.3782,-31.2235],[-64.3712,-31.2305],[-64.3685,-31.2347],[-64.3626,-31.2386],[-64.354,-31.2405],[-64.3416,-31.2502],[-64.3419,-31.2567],[-64.3345,-31.2581],[-64.3115,-31.2727],[-64.3084,-31.2715],[-64.3072,-31.2673],[-64.3085,-31.2667],[-64.309,-31.2665],[-64.3093,-31.2663]]],[[[-62.4311,-31.1333],[-62.4382,-31.1336],[-62.4369,-31.139],[-62.4323,-31.1415],[-62.4311,-31.1333]]],[[[-63.6963,-31.1337],[-63.701,-31.1307],[-63.7026,-31.1358],[-63.6976,-31.138],[-63.6844,-31.1386],[-63.6799,-31.1376],[-63.6766,-31.1386],[-63.6738,-31.1351],[-63.685,-31.1318],[-63.6857,-31.1359],[-63.6963,-31.1337]]],[[[-63.5138,-31.1372],[-63.5094,-31.1372],[-63.506,-31.1343],[-63.5097,-31.1302],[-63.5144,-31.1313],[-63.5138,-31.1372]]],[[[-62.6619,-31.1348],[-62.6682,-31.1298],[-62.674,-31.1334],[-62.6732,-31.1388],[-62.6761,-31.1459],[-62.6715,-31.1488],[-62.664,-31.1416],[-62.6594,-31.1434],[-62.6619,-31.1348]]],[[[-64.2232,-31.1255],[-64.2265,-31.1229],[-64.2341,-31.1251],[-64.2407,-31.1247],[-64.2413,-31.1293],[-64.2345,-31.1297],[-64.2341,-31.1318],[-64.227,-31.132],[-64.2242,-31.1338],[-64.2155,-31.1338],[-64.216,-31.1296],[-64.2232,-31.1255]]],[[[-63.6634,-31.1376],[-63.6618,-31.1277],[-63.6712,-31.1257],[-63.6712,-31.1314],[-63.6634,-31.1376]]],[[[-62.739,-31.1393],[-62.7353,-31.1271],[-62.7436,-31.1285],[-62.7449,-31.135],[-62.7423,-31.1393],[-62.739,-31.1393]]],[[[-64.2544,-31.14],[-64.2561,-31.1357],[-64.2437,-31.1315],[-64.244,-31.1262],[-64.2469,-31.1261],[-64.2566,-31.121],[-64.262,-31.1214],[-64.2667,-31.1283],[-64.262,-31.1291],[-64.2625,-31.1333],[-64.2585,-31.1339],[-64.2591,-31.1376],[-64.2667,-31.1457],[-64.2679,-31.1507],[-64.2598,-31.1568],[-64.2509,-31.1555],[-64.2505,-31.1489],[-64.2468,-31.1401],[-64.2437,-31.1409],[-64.241,-31.1367],[-64.2502,-31.1368],[-64.2544,-31.14]]],[[[-63.5896,-31.125],[-63.5987,-31.125],[-63.5966,-31.1282],[-63.5906,-31.1273],[-63.5896,-31.125]]],[[[-63.5564,-31.1241],[-63.553,-31.126],[-63.553,-31.1292],[-63.5611,-31.1295],[-63.5612,-31.1365],[-63.5471,-31.1363],[-63.5432,-31.1327],[-63.5376,-31.1301],[-63.5564,-31.1241]]],[[[-63.321,-31.1266],[-63.3306,-31.1244],[-63.3374,-31.1292],[-63.3444,-31.1414],[-63.3512,-31.143],[-63.3554,-31.1406],[-63.3622,-31.1404],[-63.365,-31.1438],[-63.3589,-31.1442],[-63.3592,-31.1474],[-63.365,-31.1492],[-63.3749,-31.1494],[-63.3784,-31.1486],[-63.388,-31.153],[-63.3695,-31.1542],[-63.3668,-31.1519],[-63.3622,-31.1516],[-63.3566,-31.146],[-63.3533,-31.1454],[-63.3507,-31.1485],[-63.3386,-31.1471],[-63.3363,-31.1451],[-63.3332,-31.1368],[-63.3327,-31.1318],[-63.3248,-31.129],[-63.3221,-31.1329],[-63.3089,-31.1289],[-63.31,-31.1268],[-63.3166,-31.128],[-63.321,-31.1266]]],[[[-63.1396,-31.142],[-63.1346,-31.1385],[-63.1312,-31.1344],[-63.1312,-31.1263],[-63.1365,-31.1242],[-63.144,-31.1449],[-63.1396,-31.142]]],[[[-63.1205,-31.1199],[-63.1252,-31.1198],[-63.1255,-31.1231],[-63.1208,-31.1247],[-63.1205,-31.1199]]],[[[-63.3596,-31.1275],[-63.3584,-31.1253],[-63.3614,-31.1189],[-63.3663,-31.1193],[-63.3691,-31.1237],[-63.368,-31.1263],[-63.3624,-31.1291],[-63.3596,-31.1275]]],[[[-62.4952,-31.1532],[-62.4944,-31.1461],[-62.4949,-31.131],[-62.4887,-31.1181],[-62.497,-31.1239],[-62.4962,-31.1298],[-62.5065,-31.1458],[-62.5044,-31.154],[-62.4952,-31.1532]]],[[[-63.4306,-31.1303],[-63.4323,-31.1247],[-63.4294,-31.1223],[-63.4348,-31.1174],[-63.4388,-31.118],[-63.4414,-31.1226],[-63.44,-31.1261],[-63.4332,-31.1303],[-63.4306,-31.1303]]],[[[-63.711,-31.1231],[-63.7109,-31.1161],[-63.7203,-31.1163],[-63.7207,-31.1233],[-63.711,-31.1231]]],[[[-63.1594,-31.1179],[-63.1634,-31.1163],[-63.1656,-31.1201],[-63.1635,-31.1225],[-63.1594,-31.123],[-63.1594,-31.1179]]],[[[-63.5212,-31.1186],[-63.5225,-31.114],[-63.5281,-31.114],[-63.5313,-31.1196],[-63.5272,-31.1202],[-63.5212,-31.1186]]],[[[-62.5492,-31.1281],[-62.5545,-31.1309],[-62.5515,-31.1341],[-62.544,-31.138],[-62.5415,-31.1434],[-62.5352,-31.1498],[-62.5269,-31.1494],[-62.5332,-31.1433],[-62.5319,-31.1365],[-62.5287,-31.1265],[-62.527,-31.1164],[-62.5412,-31.1126],[-62.5541,-31.1147],[-62.5541,-31.1277],[-62.5492,-31.1281]],[[-62.5492,-31.1281],[-62.5428,-31.1226],[-62.5354,-31.1239],[-62.5428,-31.1305],[-62.5492,-31.1281]]],[[[-63.3039,-31.1202],[-63.299,-31.1188],[-63.2988,-31.114],[-63.3039,-31.115],[-63.3051,-31.1186],[-63.3107,-31.1202],[-63.3154,-31.1184],[-63.3224,-31.1202],[-63.3226,-31.1232],[-63.3168,-31.1256],[-63.3049,-31.1214],[-63.3039,-31.1202]]],[[[-63.6815,-31.1265],[-63.6759,-31.1206],[-63.6771,-31.1152],[-63.6733,-31.1136],[-63.667,-31.1136],[-63.6657,-31.1096],[-63.6739,-31.1082],[-63.6768,-31.112],[-63.6849,-31.1138],[-63.6856,-31.1175],[-63.6821,-31.1181],[-63.6815,-31.1265]]],[[[-63.2301,-31.1123],[-63.23,-31.1099],[-63.2364,-31.1105],[-63.2357,-31.1131],[-63.2301,-31.1123]]],[[[-63.6532,-31.112],[-63.6516,-31.1053],[-63.662,-31.1066],[-63.6617,-31.1136],[-63.6532,-31.112]]],[[[-63.3058,-31.1092],[-63.3125,-31.1051],[-63.3142,-31.1071],[-63.3107,-31.1106],[-63.3058,-31.1092]]],[[[-63.2333,-31.1073],[-63.234,-31.1035],[-63.2387,-31.1037],[-63.237,-31.1073],[-63.2333,-31.1073]]],[[[-64.2251,-31.1002],[-64.2303,-31.0975],[-64.2327,-31.0986],[-64.225,-31.1034],[-64.2251,-31.1002]]],[[[-63.2929,-31.1104],[-63.2899,-31.1064],[-63.2955,-31.1029],[-63.3004,-31.1027],[-63.3018,-31.1063],[-63.2992,-31.1092],[-63.2929,-31.1104]]],[[[-64.4693,-31.1822],[-64.4751,-31.1827],[-64.4762,-31.1877],[-64.4707,-31.1918],[-64.4596,-31.1883],[-64.453,-31.1876],[-64.4447,-31.1884],[-64.444,-31.1934],[-64.4531,-31.194],[-64.4553,-31.1973],[-64.4455,-31.1963],[-64.4434,-31.1992],[-64.4448,-31.2029],[-64.4406,-31.2042],[-64.4402,-31.2073],[-64.4436,-31.2122],[-64.4373,-31.2155],[-64.4314,-31.2163],[-64.431,-31.2061],[-64.4317,-31.197],[-64.4329,-31.1924],[-64.4335,-31.1754],[-64.4351,-31.1705],[-64.4358,-31.1593],[-64.4397,-31.1471],[-64.4424,-31.1297],[-64.4415,-31.1255],[-64.4411,-31.1003],[-64.4423,-31.0986],[-64.4508,-31.1009],[-64.4573,-31.0943],[-64.4639,-31.0968],[-64.4638,-31.0987],[-64.4751,-31.1063],[-64.4739,-31.1112],[-64.4694,-31.1064],[-64.4664,-31.1075],[-64.4719,-31.1169],[-64.4641,-31.1229],[-64.4622,-31.1272],[-64.4655,-31.1301],[-64.4691,-31.1259],[-64.4727,-31.1245],[-64.4757,-31.1304],[-64.476,-31.1355],[-64.4692,-31.1369],[-64.4666,-31.1424],[-64.4684,-31.1517],[-64.4633,-31.1501],[-64.459,-31.1527],[-64.4592,-31.1603],[-64.4537,-31.1627],[-64.4535,-31.1661],[-64.4567,-31.1673],[-64.4618,-31.1641],[-64.4696,-31.1664],[-64.4724,-31.1708],[-64.4734,-31.1759],[-64.476,-31.18],[-64.4693,-31.1822]],[[-64.4693,-31.1822],[-64.4656,-31.1802],[-64.459,-31.1788],[-64.4545,-31.1743],[-64.4501,-31.1741],[-64.4516,-31.1805],[-64.4693,-31.1822]]],[[[-64.2454,-31.0952],[-64.2483,-31.0959],[-64.2476,-31.1002],[-64.2398,-31.0996],[-64.2402,-31.0964],[-64.2454,-31.0952]]],[[[-62.802,-31.1018],[-62.8068,-31.0984],[-62.8178,-31.0994],[-62.8186,-31.1093],[-62.8142,-31.1093],[-62.8079,-31.1123],[-62.802,-31.1018]]],[[[-63.2711,-31.1006],[-63.2728,-31.0978],[-63.284,-31.0979],[-63.2814,-31.1042],[-63.2763,-31.103],[-63.2726,-31.1038],[-63.2698,-31.1068],[-63.2672,-31.1038],[-63.2711,-31.1006]]],[[[-63.248,-31.103],[-63.2431,-31.1029],[-63.2433,-31.098],[-63.2471,-31.0974],[-63.248,-31.1014],[-63.253,-31.1015],[-63.2578,-31.1032],[-63.2576,-31.1093],[-63.2485,-31.1103],[-63.2469,-31.1077],[-63.248,-31.103]]],[[[-63.4487,-31.0943],[-63.4548,-31.0934],[-63.4557,-31.0956],[-63.4494,-31.0985],[-63.4487,-31.0943]]],[[[-64.4862,-31.1448],[-64.485,-31.1407],[-64.4849,-31.1318],[-64.4874,-31.1191],[-64.4916,-31.1175],[-64.4937,-31.1138],[-64.4921,-31.0991],[-64.4933,-31.0886],[-64.5004,-31.086],[-64.5156,-31.0851],[-64.5167,-31.0901],[-64.5119,-31.0959],[-64.5102,-31.1005],[-64.512,-31.1045],[-64.5107,-31.1115],[-64.5143,-31.1135],[-64.514,-31.1197],[-64.5183,-31.1185],[-64.5185,-31.1142],[-64.5249,-31.1157],[-64.5266,-31.121],[-64.5216,-31.1226],[-64.5221,-31.126],[-64.5262,-31.1264],[-64.5272,-31.1306],[-64.5265,-31.1363],[-64.5207,-31.1378],[-64.5131,-31.1278],[-64.5099,-31.128],[-64.5009,-31.1334],[-64.5039,-31.1368],[-64.5122,-31.1318],[-64.5119,-31.1358],[-64.5089,-31.1369],[-64.5082,-31.1418],[-64.5026,-31.1416],[-64.4962,-31.1383],[-64.4925,-31.1379],[-64.4901,-31.1432],[-64.4862,-31.1448]]],[[[-64.1736,-31.0914],[-64.1787,-31.0884],[-64.1793,-31.0935],[-64.1679,-31.0947],[-64.1631,-31.0944],[-64.158,-31.0901],[-64.1629,-31.089],[-64.171,-31.0924],[-64.1736,-31.0914]]],[[[-63.4539,-31.1049],[-63.4623,-31.0978],[-63.4648,-31.0934],[-63.4702,-31.0922],[-63.473,-31.0976],[-63.4618,-31.1067],[-63.4576,-31.1079],[-63.4539,-31.1049]]],[[[-62.6731,-31.0924],[-62.6758,-31.1008],[-62.67,-31.1008],[-62.6731,-31.0924]]],[[[-63.4975,-31.0917],[-63.5006,-31.0915],[-63.5004,-31.0973],[-63.4961,-31.0968],[-63.4952,-31.0999],[-63.4885,-31.1018],[-63.491,-31.0965],[-63.4959,-31.0965],[-63.4975,-31.0917]]],[[[-63.2133,-31.096],[-63.2164,-31.0919],[-63.2192,-31.0971],[-63.2133,-31.096]]],[[[-62.8155,-31.0947],[-62.8143,-31.0916],[-62.8214,-31.0919],[-62.8206,-31.0953],[-62.8155,-31.0947]]],[[[-63.2335,-31.0995],[-63.2295,-31.0944],[-63.2321,-31.0904],[-63.237,-31.0916],[-63.2384,-31.0974],[-63.2366,-31.1015],[-63.2335,-31.0995]]],[[[-63.4286,-31.0939],[-63.4272,-31.0889],[-63.4389,-31.0891],[-63.4396,-31.0921],[-63.4307,-31.0965],[-63.4286,-31.0939]]],[[[-63.841,-31.097],[-63.8533,-31.0862],[-63.8565,-31.0985],[-63.8673,-31.0988],[-63.8891,-31.1181],[-63.8679,-31.1204],[-63.8659,-31.106],[-63.8404,-31.1083],[-63.841,-31.097]]],[[[-63.4015,-31.0928],[-63.4001,-31.0894],[-63.405,-31.089],[-63.4073,-31.0928],[-63.405,-31.096],[-63.4015,-31.0928]]],[[[-64.3971,-31.0838],[-64.4033,-31.0832],[-64.4046,-31.088],[-64.4003,-31.0917],[-64.3817,-31.1042],[-64.3819,-31.1071],[-64.3853,-31.1104],[-64.3995,-31.1128],[-64.403,-31.1154],[-64.4042,-31.1226],[-64.3966,-31.123],[-64.3847,-31.1216],[-64.3794,-31.1178],[-64.3722,-31.1194],[-64.3694,-31.1185],[-64.3574,-31.118],[-64.3509,-31.119],[-64.3436,-31.1252],[-64.338,-31.1282],[-64.3327,-31.1357],[-64.3262,-31.1427],[-64.3226,-31.1485],[-64.3128,-31.1495],[-64.3106,-31.1476],[-64.3107,-31.1429],[-64.308,-31.1391],[-64.3046,-31.1281],[-64.2985,-31.1253],[-64.2977,-31.1213],[-64.3095,-31.1166],[-64.3083,-31.1085],[-64.3034,-31.1084],[-64.3016,-31.1063],[-64.3011,-31.1011],[-64.2978,-31.0948],[-64.3029,-31.0927],[-64.3058,-31.0882],[-64.3135,-31.0874],[-64.3195,-31.0853],[-64.3282,-31.0846],[-64.3339,-31.0899],[-64.3347,-31.0852],[-64.3389,-31.0886],[-64.346,-31.0915],[-64.3514,-31.0907],[-64.3499,-31.0844],[-64.3533,-31.0824],[-64.3637,-31.08],[-64.3656,-31.0793],[-64.3663,-31.0821],[-64.3714,-31.0824],[-64.3721,-31.0848],[-64.3876,-31.0845],[-64.3907,-31.0854],[-64.392,-31.087],[-64.3937,-31.0861],[-64.3931,-31.085],[-64.3953,-31.0845],[-64.3965,-31.0843],[-64.3971,-31.0838]]],[[[-63.49,-31.0881],[-63.4898,-31.0843],[-63.4937,-31.0844],[-63.4938,-31.0881],[-63.49,-31.0881]]],[[[-63.5188,-31.0886],[-63.5183,-31.0833],[-63.5222,-31.0845],[-63.5188,-31.0886]]],[[[-63.0988,-31.0829],[-63.1032,-31.0843],[-63.102,-31.0902],[-63.0976,-31.088],[-63.0885,-31.088],[-63.0872,-31.0961],[-63.0806,-31.0953],[-63.0791,-31.0886],[-63.0853,-31.088],[-63.0857,-31.0851],[-63.0894,-31.0832],[-63.0934,-31.0845],[-63.0988,-31.0829]]],[[[-63.2664,-31.0821],[-63.2744,-31.0841],[-63.2744,-31.0935],[-63.2637,-31.0962],[-63.2588,-31.1016],[-63.255,-31.1016],[-63.2543,-31.0986],[-63.266,-31.0895],[-63.2664,-31.0821]]],[[[-63.2279,-31.085],[-63.2295,-31.082],[-63.2349,-31.0812],[-63.2354,-31.0874],[-63.2286,-31.088],[-63.2279,-31.085]]],[[[-64.6571,-31.071],[-64.6608,-31.0691],[-64.6615,-31.0649],[-64.6658,-31.0665],[-64.6677,-31.0699],[-64.6651,-31.0753],[-64.6571,-31.071]]],[[[-63.4117,-31.0747],[-63.4147,-31.0765],[-63.4081,-31.0813],[-63.4064,-31.0845],[-63.401,-31.0846],[-63.3993,-31.0797],[-63.401,-31.0765],[-63.4054,-31.0789],[-63.4117,-31.0747]]],[[[-63.2337,-31.0789],[-63.2335,-31.0731],[-63.2367,-31.0731],[-63.24,-31.0763],[-63.2377,-31.0793],[-63.2337,-31.0789]]],[[[-63.2248,-31.0717],[-63.2304,-31.0735],[-63.2225,-31.0768],[-63.2248,-31.0717]]],[[[-62.551,-31.0703],[-62.5531,-31.0753],[-62.5402,-31.0767],[-62.531,-31.0792],[-62.5356,-31.0706],[-62.5435,-31.0731],[-62.551,-31.0703]]],[[[-63.0339,-31.0719],[-63.049,-31.0708],[-63.0549,-31.0767],[-63.0601,-31.0772],[-63.0643,-31.0797],[-63.0656,-31.0837],[-63.0577,-31.0843],[-63.0543,-31.0832],[-63.038,-31.0827],[-63.0314,-31.0797],[-63.0465,-31.0767],[-63.0339,-31.0719]]],[[[-62.6733,-31.0919],[-62.6763,-31.0839],[-62.678,-31.0721],[-62.6826,-31.0703],[-62.6863,-31.0772],[-62.685,-31.0836],[-62.6787,-31.0933],[-62.6733,-31.0919]]],[[[-63.3398,-31.0783],[-63.3402,-31.0707],[-63.3444,-31.0703],[-63.3491,-31.0737],[-63.3426,-31.0783],[-63.3398,-31.0783]]],[[[-64.1311,-31.073],[-64.1304,-31.0637],[-64.1455,-31.0627],[-64.1487,-31.0673],[-64.1391,-31.0734],[-64.1311,-31.073]]],[[[-64.1492,-31.0641],[-64.1511,-31.0619],[-64.1571,-31.0616],[-64.1571,-31.0639],[-64.1492,-31.0641]]],[[[-63.2891,-31.0847],[-63.2874,-31.0796],[-63.3009,-31.0663],[-63.3084,-31.0687],[-63.3052,-31.0754],[-63.2931,-31.0847],[-63.2891,-31.0847]]],[[[-62.6538,-31.0853],[-62.6526,-31.081],[-62.6547,-31.0742],[-62.6576,-31.0685],[-62.6614,-31.066],[-62.6676,-31.0717],[-62.6684,-31.0785],[-62.6625,-31.0835],[-62.6588,-31.0853],[-62.6538,-31.0853]]],[[[-63.1925,-31.0696],[-63.1938,-31.0658],[-63.1988,-31.068],[-63.1972,-31.0709],[-63.1925,-31.0696]]],[[[-62.5206,-31.0723],[-62.5248,-31.0641],[-62.5323,-31.067],[-62.531,-31.0695],[-62.5206,-31.0723]]],[[[-63.5049,-31.0703],[-63.5084,-31.0675],[-63.5119,-31.0674],[-63.5154,-31.0628],[-63.5186,-31.0628],[-63.5208,-31.0707],[-63.5049,-31.0703]]],[[[-63.3701,-31.0678],[-63.3671,-31.0678],[-63.3691,-31.0623],[-63.3743,-31.0629],[-63.3752,-31.0663],[-63.3701,-31.0678]]],[[[-64.1691,-31.0575],[-64.1714,-31.0536],[-64.1755,-31.0546],[-64.1769,-31.0612],[-64.1755,-31.0657],[-64.1647,-31.0647],[-64.164,-31.0614],[-64.1604,-31.059],[-64.1691,-31.0575]]],[[[-64.1885,-31.0578],[-64.1832,-31.0559],[-64.1888,-31.053],[-64.1885,-31.0578]]],[[[-63.386,-31.0607],[-63.3941,-31.0611],[-63.4011,-31.0576],[-63.4088,-31.061],[-63.4107,-31.0646],[-63.4075,-31.066],[-63.3991,-31.0723],[-63.3951,-31.0737],[-63.3881,-31.0701],[-63.3885,-31.0647],[-63.386,-31.0607]]],[[[-64.1462,-31.0567],[-64.1458,-31.0549],[-64.155,-31.055],[-64.155,-31.0569],[-64.1462,-31.0567]]],[[[-63.386,-31.0607],[-63.3805,-31.0601],[-63.3773,-31.0549],[-63.382,-31.0547],[-63.386,-31.0607]]],[[[-63.2586,-31.0556],[-63.2649,-31.054],[-63.2636,-31.0594],[-63.2598,-31.0605],[-63.258,-31.0646],[-63.2545,-31.0644],[-63.2526,-31.0616],[-63.2586,-31.0556]]],[[[-63.2643,-31.0676],[-63.2685,-31.059],[-63.2722,-31.0551],[-63.2834,-31.0531],[-63.2835,-31.0575],[-63.2879,-31.064],[-63.2862,-31.0676],[-63.2823,-31.0716],[-63.2769,-31.0716],[-63.2755,-31.0688],[-63.2657,-31.0705],[-63.2643,-31.0676]]],[[[-64.2184,-31.0456],[-64.2117,-31.0521],[-64.2066,-31.0521],[-64.2032,-31.0483],[-64.2159,-31.0473],[-64.2184,-31.0456]]],[[[-64.2537,-31.0471],[-64.2723,-31.0416],[-64.2771,-31.0496],[-64.2796,-31.0508],[-64.2806,-31.0552],[-64.2882,-31.0594],[-64.2907,-31.0622],[-64.2915,-31.0746],[-64.2874,-31.0818],[-64.2873,-31.0845],[-64.2834,-31.0942],[-64.2842,-31.098],[-64.2806,-31.1096],[-64.279,-31.1056],[-64.2684,-31.1117],[-64.268,-31.1181],[-64.2634,-31.1182],[-64.2626,-31.1134],[-64.2571,-31.1155],[-64.2535,-31.1144],[-64.2553,-31.1069],[-64.2595,-31.1039],[-64.2586,-31.0991],[-64.2586,-31.0902],[-64.2538,-31.0899],[-64.2575,-31.0836],[-64.2549,-31.0815],[-64.2583,-31.0779],[-64.2597,-31.0758],[-64.2661,-31.0734],[-64.265,-31.0699],[-64.2619,-31.0665],[-64.2591,-31.0721],[-64.2551,-31.072],[-64.254,-31.0746],[-64.2457,-31.0816],[-64.2399,-31.0826],[-64.2325,-31.0837],[-64.2313,-31.0888],[-64.2267,-31.0896],[-64.224,-31.085],[-64.2246,-31.0799],[-64.2241,-31.0701],[-64.2284,-31.0705],[-64.232,-31.0687],[-64.2348,-31.0645],[-64.2403,-31.0621],[-64.2463,-31.0612],[-64.2492,-31.0632],[-64.254,-31.0629],[-64.2534,-31.0593],[-64.2458,-31.0567],[-64.2391,-31.058],[-64.2361,-31.055],[-64.2321,-31.0551],[-64.2358,-31.0602],[-64.2318,-31.0621],[-64.2248,-31.0625],[-64.2249,-31.0577],[-64.2232,-31.05],[-64.2238,-31.0471],[-64.2368,-31.046],[-64.2382,-31.0449],[-64.2402,-31.0416],[-64.2429,-31.0412],[-64.2485,-31.047],[-64.2537,-31.0471]]],[[[-63.1248,-31.0529],[-63.1201,-31.0529],[-63.1235,-31.0473],[-63.1292,-31.0465],[-63.1307,-31.0492],[-63.1276,-31.0529],[-63.1248,-31.0529]]],[[[-62.9885,-31.0511],[-62.9878,-31.0465],[-62.9932,-31.0468],[-62.9932,-31.0517],[-62.9885,-31.0511]]],[[[-63.4107,-31.052],[-63.4055,-31.0457],[-63.4151,-31.0437],[-63.4195,-31.0521],[-63.4165,-31.0542],[-63.4107,-31.052]]],[[[-63.3808,-31.0496],[-63.3838,-31.0428],[-63.3882,-31.044],[-63.3885,-31.0464],[-63.385,-31.0496],[-63.3808,-31.0496]]],[[[-64.7921,-31.0472],[-64.7924,-31.042],[-64.7868,-31.0406],[-64.7867,-31.0337],[-64.7893,-31.0307],[-64.7956,-31.0339],[-64.8003,-31.0383],[-64.8027,-31.0452],[-64.7921,-31.0472]]],[[[-64.7656,-31.0448],[-64.7623,-31.0421],[-64.7627,-31.0299],[-64.7676,-31.0295],[-64.7688,-31.0404],[-64.7656,-31.0448]]],[[[-64.1248,-31.0467],[-64.1242,-31.0416],[-64.129,-31.0346],[-64.1339,-31.0373],[-64.1318,-31.0466],[-64.1248,-31.0467]]],[[[-63.6313,-31.0514],[-63.635,-31.037],[-63.6414,-31.0407],[-63.6372,-31.0514],[-63.6313,-31.0514]]],[[[-63.2726,-31.0393],[-63.2747,-31.036],[-63.2801,-31.039],[-63.275,-31.0417],[-63.2726,-31.0393]]],[[[-63.3886,-31.0347],[-63.3884,-31.0382],[-63.3765,-31.0392],[-63.3765,-31.0358],[-63.3854,-31.0364],[-63.3886,-31.0347]]],[[[-64.171,-31.0319],[-64.1788,-31.0336],[-64.185,-31.0336],[-64.1868,-31.0312],[-64.1931,-31.0317],[-64.1937,-31.0457],[-64.1884,-31.0456],[-64.1845,-31.0419],[-64.1839,-31.0384],[-64.1775,-31.0343],[-64.171,-31.0319]]],[[[-63.3298,-31.0409],[-63.3272,-31.0375],[-63.3326,-31.0345],[-63.3354,-31.0367],[-63.3352,-31.0417],[-63.3298,-31.0409]]],[[[-64.7754,-31.0282],[-64.7731,-31.0279],[-64.7734,-31.0226],[-64.7758,-31.0226],[-64.7775,-31.0271],[-64.7754,-31.0282]]],[[[-64.7483,-31.0281],[-64.7498,-31.0228],[-64.754,-31.0228],[-64.7569,-31.0249],[-64.7573,-31.0283],[-64.7483,-31.0281]]],[[[-62.4345,-31.0476],[-62.4354,-31.0433],[-62.4446,-31.0416],[-62.4442,-31.0369],[-62.4642,-31.0334],[-62.4572,-31.0517],[-62.4616,-31.0567],[-62.4491,-31.0592],[-62.4474,-31.0534],[-62.4416,-31.048],[-62.4345,-31.0476]]],[[[-63.136,-31.0457],[-63.1372,-31.0409],[-63.1402,-31.0383],[-63.1416,-31.0334],[-63.1463,-31.0338],[-63.1411,-31.0459],[-63.136,-31.0457]]],[[[-64.8083,-31.0191],[-64.8106,-31.0241],[-64.8053,-31.0241],[-64.8083,-31.0191]]],[[[-62.517,-31.0347],[-62.5208,-31.0351],[-62.522,-31.0401],[-62.5192,-31.0447],[-62.5211,-31.0487],[-62.5151,-31.0581],[-62.5156,-31.0648],[-62.5106,-31.0694],[-62.5011,-31.0698],[-62.4994,-31.0755],[-62.5148,-31.0745],[-62.5114,-31.0827],[-62.5072,-31.0884],[-62.5102,-31.0939],[-62.5101,-31.0967],[-62.5218,-31.1],[-62.5221,-31.1025],[-62.5154,-31.1046],[-62.5042,-31.1045],[-62.503,-31.0992],[-62.4943,-31.0877],[-62.4839,-31.0869],[-62.4918,-31.078],[-62.491,-31.074],[-62.4865,-31.0719],[-62.4798,-31.0718],[-62.4782,-31.0679],[-62.4853,-31.0643],[-62.4878,-31.0607],[-62.4853,-31.0582],[-62.4949,-31.0558],[-62.4936,-31.0518],[-62.5003,-31.0511],[-62.5024,-31.0561],[-62.5086,-31.0537],[-62.5116,-31.0483],[-62.5116,-31.0454],[-62.5045,-31.0422],[-62.5058,-31.0368],[-62.51,-31.0365],[-62.5149,-31.039],[-62.517,-31.0347]]],[[[-63.2369,-31.0411],[-63.2317,-31.0411],[-63.2296,-31.0387],[-63.2317,-31.0351],[-63.2397,-31.0313],[-63.2429,-31.0337],[-63.2369,-31.0411]]],[[[-63.1564,-31.037],[-63.1598,-31.0344],[-63.1661,-31.0341],[-63.168,-31.0362],[-63.1796,-31.0395],[-63.1841,-31.0392],[-63.1942,-31.0427],[-63.1958,-31.0448],[-63.1921,-31.0472],[-63.1963,-31.0519],[-63.2033,-31.0543],[-63.2058,-31.0468],[-63.2086,-31.043],[-63.2133,-31.0416],[-63.2145,-31.046],[-63.2119,-31.0532],[-63.2075,-31.0581],[-63.2012,-31.0577],[-63.1972,-31.0561],[-63.1932,-31.0511],[-63.1881,-31.0485],[-63.1818,-31.0535],[-63.1853,-31.0581],[-63.1809,-31.0637],[-63.1753,-31.0642],[-63.1764,-31.0587],[-63.179,-31.0559],[-63.1792,-31.0503],[-63.1841,-31.0481],[-63.1808,-31.0448],[-63.171,-31.0388],[-63.1617,-31.038],[-63.1615,-31.0451],[-63.1589,-31.0481],[-63.1575,-31.0539],[-63.15,-31.0543],[-63.154,-31.0463],[-63.1496,-31.0451],[-63.1505,-31.0381],[-63.1564,-31.037]],[[-63.1564,-31.037],[-63.1547,-31.0427],[-63.1587,-31.0427],[-63.1564,-31.037]]],[[[-64.2316,-31.0291],[-64.2369,-31.0253],[-64.243,-31.0243],[-64.2508,-31.031],[-64.2472,-31.0321],[-64.2393,-31.0309],[-64.2289,-31.0338],[-64.2144,-31.0334],[-64.215,-31.0291],[-64.2194,-31.028],[-64.2274,-31.0312],[-64.2316,-31.0291]]],[[[-63.0935,-31.0524],[-63.0872,-31.0465],[-63.0822,-31.0376],[-63.0865,-31.0295],[-63.1035,-31.0478],[-63.1,-31.0524],[-63.0935,-31.0524]]],[[[-64.7961,-31.0308],[-64.7892,-31.0254],[-64.7853,-31.0246],[-64.7877,-31.0206],[-64.7878,-31.0165],[-64.7916,-31.0162],[-64.7953,-31.0236],[-64.7996,-31.0268],[-64.7961,-31.0308]]],[[[-62.9525,-31.0286],[-62.9648,-31.0351],[-62.9759,-31.0369],[-62.98,-31.0468],[-62.9775,-31.0492],[-62.9697,-31.0522],[-62.9662,-31.0516],[-62.9631,-31.0484],[-62.9603,-31.0508],[-62.9565,-31.0487],[-62.9553,-31.0441],[-62.9487,-31.0414],[-62.9481,-31.0387],[-62.9642,-31.0432],[-62.9578,-31.0366],[-62.9525,-31.0286]]],[[[-63.2555,-31.028],[-63.2583,-31.0304],[-63.2618,-31.0294],[-63.2621,-31.0343],[-63.2569,-31.0339],[-63.2555,-31.028]]],[[[-64.2503,-31.0218],[-64.26,-31.0214],[-64.2643,-31.0349],[-64.2584,-31.0425],[-64.2558,-31.04],[-64.2524,-31.0389],[-64.2524,-31.0357],[-64.2559,-31.0318],[-64.2479,-31.0258],[-64.2503,-31.0218]]],[[[-63.1166,-31.03],[-63.1141,-31.0262],[-63.1226,-31.027],[-63.1226,-31.0308],[-63.1166,-31.03]]],[[[-63.7021,-31.0233],[-63.708,-31.0251],[-63.707,-31.0306],[-63.7036,-31.0282],[-63.7021,-31.0233]]],[[[-62.4763,-31.0299],[-62.4767,-31.0227],[-62.4805,-31.0188],[-62.4849,-31.0283],[-62.4904,-31.0321],[-62.4967,-31.0296],[-62.4979,-31.0335],[-62.495,-31.0371],[-62.4925,-31.0357],[-62.4858,-31.0357],[-62.4763,-31.0299]]],[[[-63.4738,-31.0244],[-63.4722,-31.02],[-63.4771,-31.0176],[-63.4769,-31.026],[-63.4738,-31.0244]]],[[[-63.2408,-31.025],[-63.2429,-31.0192],[-63.2487,-31.0174],[-63.2453,-31.0254],[-63.2408,-31.025]]],[[[-63.0925,-31.0233],[-63.0906,-31.0206],[-63.0909,-31.0165],[-63.0965,-31.0165],[-63.0994,-31.0271],[-63.0925,-31.0233]]],[[[-62.7871,-31.0303],[-62.7883,-31.0163],[-62.7946,-31.0262],[-62.8053,-31.031],[-62.8104,-31.0436],[-62.8037,-31.0415],[-62.7967,-31.0365],[-62.806,-31.0589],[-62.8076,-31.0718],[-62.8183,-31.0732],[-62.8171,-31.0787],[-62.8068,-31.0786],[-62.8013,-31.0797],[-62.8017,-31.0711],[-62.7962,-31.0575],[-62.7906,-31.0561],[-62.7902,-31.0517],[-62.7942,-31.0442],[-62.7875,-31.0398],[-62.7871,-31.0303]]],[[[-63.3522,-31.0167],[-63.3559,-31.0157],[-63.3568,-31.0216],[-63.3515,-31.0232],[-63.3522,-31.0167]]],[[[-62.5411,-31.043],[-62.5391,-31.0398],[-62.5324,-31.0398],[-62.5312,-31.0365],[-62.5312,-31.0294],[-62.5296,-31.0251],[-62.523,-31.0143],[-62.5292,-31.0143],[-62.5319,-31.0188],[-62.5425,-31.024],[-62.547,-31.0333],[-62.5512,-31.0366],[-62.5466,-31.0398],[-62.544,-31.0459],[-62.5411,-31.043]]],[[[-64.7609,-31.0088],[-64.7625,-31.0025],[-64.7669,-31.0022],[-64.7697,-31.0048],[-64.7704,-31.0109],[-64.773,-31.0114],[-64.7714,-31.0041],[-64.7781,-31.0037],[-64.779,-31.0093],[-64.7732,-31.0162],[-64.77,-31.0151],[-64.7673,-31.0175],[-64.7641,-31.0135],[-64.7605,-31.0137],[-64.7609,-31.0088]]],[[[-63.2242,-31.0136],[-63.2296,-31.0142],[-63.2238,-31.0182],[-63.2242,-31.0136]]],[[[-63.2786,-31.0161],[-63.2812,-31.0167],[-63.2871,-31.0137],[-63.2899,-31.0181],[-63.2852,-31.0209],[-63.2786,-31.0161]]],[[[-62.5018,-31.0092],[-62.5105,-31.015],[-62.5159,-31.0218],[-62.5092,-31.0239],[-62.5013,-31.0285],[-62.4959,-31.0235],[-62.4938,-31.0196],[-62.4876,-31.0131],[-62.4976,-31.016],[-62.5018,-31.0092]]],[[[-64.7374,-31.002],[-64.7412,-30.9988],[-64.7464,-30.9999],[-64.7462,-31.0027],[-64.7374,-31.002]]],[[[-64.7942,-30.9998],[-64.7939,-30.9955],[-64.7986,-30.9959],[-64.8029,-31.0069],[-64.8065,-31.0033],[-64.8108,-31.0074],[-64.8109,-31.0118],[-64.8016,-31.0128],[-64.7964,-31.0111],[-64.7964,-31.0016],[-64.7942,-30.9998]]],[[[-63.3788,-31.0147],[-63.3752,-31.0107],[-63.3759,-31.0066],[-63.3825,-31.0066],[-63.3853,-31.01],[-63.3848,-31.0156],[-63.3788,-31.0147]]],[[[-63.2413,-31.0136],[-63.2396,-31.0096],[-63.241,-31.0076],[-63.2471,-31.0069],[-63.2459,-31.0136],[-63.2413,-31.0136]]],[[[-63.7659,-31.0104],[-63.7664,-31.0048],[-63.7745,-31.0057],[-63.7745,-31.0113],[-63.7659,-31.0104]]],[[[-62.4643,-31.0209],[-62.4593,-31.0133],[-62.4569,-31.0072],[-62.4673,-31.0058],[-62.4693,-31.0141],[-62.4726,-31.0216],[-62.4684,-31.0234],[-62.4643,-31.0209]]],[[[-62.4718,-31.0048],[-62.4855,-31.0106],[-62.4731,-31.0116],[-62.4718,-31.0048]]],[[[-63.2284,-31.0104],[-63.2307,-31.0054],[-63.2394,-31.0063],[-63.2326,-31.0106],[-63.2284,-31.0104]]],[[[-64.2279,-31.0013],[-64.23,-30.9996],[-64.2357,-31.0007],[-64.236,-31.0071],[-64.2334,-31.013],[-64.2375,-31.0129],[-64.2381,-31.0099],[-64.2543,-31.01],[-64.2473,-31.0135],[-64.2458,-31.0168],[-64.238,-31.0176],[-64.2375,-31.015],[-64.2299,-31.0161],[-64.2244,-31.0139],[-64.224,-31.0104],[-64.2205,-31.0102],[-64.2175,-31.0174],[-64.2073,-31.0133],[-64.2118,-31.0099],[-64.2163,-31.0085],[-64.2205,-31.0042],[-64.2234,-31.0057],[-64.2279,-31.0013]]],[[[-64.7515,-30.9999],[-64.7517,-30.9918],[-64.7553,-30.9948],[-64.7539,-30.9999],[-64.7515,-30.9999]]],[[[-63.9303,-31.0001],[-63.9378,-30.9991],[-63.9448,-31.0032],[-63.9642,-31.0026],[-63.9616,-31.0114],[-63.9461,-31.0157],[-63.9428,-31.018],[-63.9305,-31.0177],[-63.9303,-31.0001]]],[[[-63.6714,-31.0146],[-63.6718,-31.0007],[-63.681,-31.0021],[-63.6816,-31.0146],[-63.6714,-31.0146]]],[[[-63.21,-31.0046],[-63.2092,-31.0008],[-63.2134,-31],[-63.2181,-31.0034],[-63.2151,-31.0052],[-63.21,-31.0046]]],[[[-63.1829,-31.0191],[-63.1911,-31.0139],[-63.1901,-31.0111],[-63.1959,-30.9998],[-63.2011,-30.9996],[-63.2006,-31.0038],[-63.1955,-31.0086],[-63.2009,-31.0133],[-63.1985,-31.0181],[-63.1922,-31.0221],[-63.1824,-31.0233],[-63.1829,-31.0191]]],[[[-64.1269,-30.9957],[-64.1307,-30.9948],[-64.1297,-31.0026],[-64.1249,-31.0045],[-64.1269,-30.9957]]],[[[-64.2369,-30.9993],[-64.2363,-30.9936],[-64.2405,-30.9933],[-64.2414,-30.9967],[-64.2369,-30.9993]]],[[[-63.329,-31.0011],[-63.3257,-30.9967],[-63.3315,-30.9963],[-63.3339,-31.0011],[-63.329,-31.0011]]],[[[-62.4332,-30.996],[-62.4403,-30.9953],[-62.4477,-31.0004],[-62.4365,-31.0021],[-62.4332,-30.996]]],[[[-63.2669,-31.0023],[-63.2611,-31.0007],[-63.2683,-30.9962],[-63.2718,-31.0001],[-63.2669,-31.0023]]],[[[-63.7207,-30.9921],[-63.7362,-30.9934],[-63.7379,-31.0008],[-63.7213,-31.0019],[-63.7207,-30.9921]]],[[[-63.1738,-31.004],[-63.1733,-31.0008],[-63.1773,-30.9962],[-63.188,-30.9938],[-63.1861,-31.0001],[-63.1873,-31.003],[-63.1836,-31.0064],[-63.1773,-31.0069],[-63.1738,-31.004]]],[[[-63.7025,-31.0034],[-63.6965,-30.9997],[-63.6959,-30.9918],[-63.7035,-30.9973],[-63.7137,-30.9987],[-63.7159,-31.0047],[-63.709,-31.0093],[-63.7025,-31.0034]]],[[[-63.361,-30.9986],[-63.3595,-30.9958],[-63.3623,-30.9928],[-63.3684,-30.991],[-63.3731,-30.9936],[-63.368,-30.9959],[-63.3677,-31],[-63.361,-30.9986]]],[[[-63.2345,-31.0007],[-63.2417,-30.9909],[-63.2449,-30.9917],[-63.2377,-31.0015],[-63.2345,-31.0007]]],[[[-63.1397,-30.9888],[-63.1457,-30.9886],[-63.1446,-30.9928],[-63.1385,-30.994],[-63.1397,-30.9888]]],[[[-63.9157,-30.9891],[-63.9162,-30.9844],[-63.928,-30.9857],[-63.9275,-30.9913],[-63.9157,-30.9891]]],[[[-63.2508,-30.9939],[-63.2505,-30.9898],[-63.2538,-30.9874],[-63.2557,-30.991],[-63.2508,-30.9939]]],[[[-62.533,-31.0125],[-62.5292,-31.0089],[-62.5259,-31.0028],[-62.5256,-30.9935],[-62.521,-30.9906],[-62.5198,-30.9849],[-62.5464,-30.9896],[-62.5426,-31.006],[-62.5467,-31.0097],[-62.5434,-31.014],[-62.533,-31.0125]]],[[[-63.1196,-31.0068],[-63.112,-31.0043],[-63.102,-30.9901],[-63.0932,-30.9891],[-63.1049,-30.9841],[-63.1074,-30.9966],[-63.1196,-31.0068]]],[[[-62.447,-30.9842],[-62.4566,-30.9814],[-62.4624,-30.9865],[-62.4545,-30.9889],[-62.4461,-30.9903],[-62.447,-30.9842]]],[[[-64.2358,-30.9819],[-64.23,-30.9817],[-64.2281,-30.9763],[-64.2378,-30.9762],[-64.2358,-30.9819]]],[[[-62.5081,-30.987],[-62.5069,-30.9809],[-62.5127,-30.9816],[-62.5152,-30.9892],[-62.5114,-30.9953],[-62.5081,-30.987]]],[[[-63.0374,-30.9957],[-63.0372,-30.9895],[-63.0426,-30.9881],[-63.0447,-30.9816],[-63.0491,-30.982],[-63.0514,-30.9903],[-63.0582,-30.9919],[-63.0584,-30.9957],[-63.0374,-30.9957]]],[[[-63.6964,-30.9784],[-63.7034,-30.9788],[-63.7152,-30.9811],[-63.7142,-30.9866],[-63.7029,-30.9837],[-63.6953,-30.9853],[-63.6964,-30.9784]]],[[[-63.3532,-30.9844],[-63.3476,-30.9822],[-63.3588,-30.9797],[-63.3611,-30.986],[-63.3551,-30.9864],[-63.3532,-30.9844]]],[[[-62.4685,-30.9792],[-62.4782,-30.9786],[-62.477,-30.9815],[-62.4685,-30.9792]]],[[[-63.1187,-30.9886],[-63.1166,-30.9852],[-63.121,-30.9772],[-63.1233,-30.9778],[-63.1224,-30.9844],[-63.1187,-30.9886]]],[[[-63.0522,-30.9765],[-63.0692,-30.9812],[-63.0818,-30.9822],[-63.085,-30.9836],[-63.0834,-30.9895],[-63.0785,-30.9959],[-63.0795,-31.0035],[-63.0701,-31.0041],[-63.0722,-30.9961],[-63.0704,-30.9943],[-63.0748,-30.987],[-63.0742,-30.9838],[-63.0705,-30.9825],[-63.0647,-30.9826],[-63.0617,-30.9859],[-63.0566,-30.9869],[-63.0589,-30.9819],[-63.0542,-30.9818],[-63.0522,-30.9765]]],[[[-62.4345,-31.0476],[-62.4379,-31.0537],[-62.4253,-31.0576],[-62.4162,-31.0561],[-62.4029,-31.055],[-62.3971,-31.0406],[-62.3918,-31.0345],[-62.3902,-31.0231],[-62.3907,-31.0102],[-62.389,-31.0055],[-62.3912,-30.9983],[-62.3958,-30.9901],[-62.3983,-30.9833],[-62.3938,-30.9736],[-62.4084,-30.978],[-62.4091,-30.9851],[-62.4054,-30.9887],[-62.4053,-30.9959],[-62.4131,-30.9993],[-62.4165,-31.0038],[-62.4157,-31.0254],[-62.4225,-31.0415],[-62.4287,-31.048],[-62.4345,-31.0476]]],[[[-64.2751,-30.9762],[-64.273,-30.9732],[-64.2786,-30.9686],[-64.2827,-30.9723],[-64.282,-30.9753],[-64.2751,-30.9762]]],[[[-63.2309,-30.9826],[-63.2328,-30.9798],[-63.2309,-30.9744],[-63.2407,-30.9806],[-63.2402,-30.9844],[-63.2353,-30.9846],[-63.2309,-30.9826]]],[[[-62.4283,-30.9834],[-62.4283,-30.9788],[-62.4325,-30.9713],[-62.4375,-30.9724],[-62.4333,-30.9831],[-62.4283,-30.9834]]],[[[-62.4685,-30.9792],[-62.4633,-30.9779],[-62.4587,-30.971],[-62.4645,-30.9718],[-62.4685,-30.9792]]],[[[-63.1646,-30.9864],[-63.1643,-30.9818],[-63.1588,-30.9817],[-63.1592,-30.9769],[-63.1644,-30.9723],[-63.1674,-30.9719],[-63.1682,-30.977],[-63.1735,-30.9833],[-63.1728,-30.988],[-63.1793,-30.9867],[-63.1824,-30.9898],[-63.181,-30.994],[-63.1763,-30.993],[-63.1714,-30.999],[-63.1684,-30.999],[-63.1644,-30.9944],[-63.1663,-30.9918],[-63.1646,-30.9864]]],[[[-64.2573,-30.9653],[-64.2593,-30.9722],[-64.255,-30.9722],[-64.2538,-30.9709],[-64.2515,-30.9689],[-64.2573,-30.9653]]],[[[-63.0367,-30.9707],[-63.0468,-30.9701],[-63.0522,-30.9765],[-63.0439,-30.976],[-63.0367,-30.9707]]],[[[-63.8769,-30.9731],[-63.8762,-30.9653],[-63.8859,-30.9652],[-63.8838,-30.9735],[-63.8769,-30.9731]]],[[[-64.1804,-30.9608],[-64.182,-30.9587],[-64.187,-30.9584],[-64.1871,-30.9625],[-64.185,-30.9652],[-64.1748,-30.9659],[-64.1804,-30.9608]]],[[[-62.6367,-30.9749],[-62.6384,-30.9692],[-62.6326,-30.9659],[-62.6434,-30.9631],[-62.6442,-30.9742],[-62.6375,-30.9792],[-62.6367,-30.9749]]],[[[-63.2157,-30.968],[-63.2211,-30.9634],[-63.2253,-30.9666],[-63.2192,-30.9706],[-63.2157,-30.968]]],[[[-63.6833,-30.9604],[-63.6835,-30.984],[-63.676,-30.9854],[-63.6749,-30.9748],[-63.6695,-30.9739],[-63.6641,-30.967],[-63.6823,-30.9674],[-63.6833,-30.9604]]],[[[-62.9525,-31.0286],[-62.9437,-31.023],[-62.9443,-31.0129],[-62.9437,-31.0033],[-62.939,-30.9952],[-62.9379,-30.9801],[-62.9367,-30.973],[-62.9502,-30.9644],[-62.9507,-30.9622],[-62.9551,-30.9693],[-62.9683,-30.9902],[-62.9538,-30.9987],[-62.9572,-31.0063],[-62.9477,-31.0142],[-62.9525,-31.0286]]],[[[-63.1223,-30.9733],[-63.118,-30.9724],[-63.1126,-30.9673],[-63.1126,-30.9611],[-63.1223,-30.9733]]],[[[-63.2292,-30.9688],[-63.2292,-30.9639],[-63.2323,-30.9607],[-63.2365,-30.9599],[-63.2379,-30.9639],[-63.236,-30.9677],[-63.2327,-30.97],[-63.2292,-30.9688]]],[[[-62.9551,-30.9693],[-62.9514,-30.9589],[-62.9648,-30.9604],[-62.9551,-30.9693]]],[[[-63.3673,-30.9594],[-63.382,-30.9573],[-63.3816,-30.9664],[-63.3695,-30.9674],[-63.3673,-30.9594]]],[[[-62.9507,-30.9622],[-62.9474,-30.9571],[-62.9514,-30.9589],[-62.9507,-30.9622]]],[[[-63.176,-30.9618],[-63.1828,-30.9572],[-63.1893,-30.9566],[-63.1901,-30.9614],[-63.1928,-30.963],[-63.1986,-30.9584],[-63.2036,-30.9612],[-63.1998,-30.968],[-63.1961,-30.9708],[-63.1877,-30.9696],[-63.1844,-30.9656],[-63.176,-30.9618]]],[[[-63.0778,-30.9603],[-63.0773,-30.9565],[-63.0834,-30.9563],[-63.089,-30.9587],[-63.0881,-30.9617],[-63.0778,-30.9603]]],[[[-62.9977,-30.9604],[-63.0117,-30.9559],[-63.0193,-30.9569],[-63.0117,-30.9624],[-63.0029,-30.9629],[-62.9977,-30.9604]]],[[[-63.2147,-30.9585],[-63.2255,-30.9553],[-63.2267,-30.9593],[-63.2205,-30.9596],[-63.2183,-30.9615],[-63.2147,-30.9585]]],[[[-64.2716,-30.9483],[-64.2717,-30.955],[-64.2618,-30.9547],[-64.2621,-30.9489],[-64.2716,-30.9483]]],[[[-63.103,-30.9581],[-63.1067,-30.9536],[-63.1095,-30.9534],[-63.1091,-30.9607],[-63.107,-30.9639],[-63.1007,-30.9659],[-63.0965,-30.9659],[-63.103,-30.9581]]],[[[-64.7125,-31.1265],[-64.7111,-31.1235],[-64.7132,-31.1176],[-64.7098,-31.117],[-64.707,-31.1136],[-64.7112,-31.1101],[-64.7105,-31.1037],[-64.7031,-31.1026],[-64.7053,-31.1074],[-64.6891,-31.1103],[-64.6839,-31.1132],[-64.6804,-31.1118],[-64.68,-31.1034],[-64.6841,-31.0967],[-64.683,-31.0929],[-64.6848,-31.0903],[-64.6893,-31.0914],[-64.691,-31.0937],[-64.6975,-31.0897],[-64.6813,-31.0869],[-64.6841,-31.0819],[-64.6841,-31.0785],[-64.6904,-31.0763],[-64.6968,-31.0813],[-64.6981,-31.0783],[-64.7026,-31.0762],[-64.7078,-31.0715],[-64.7151,-31.0711],[-64.7116,-31.063],[-64.7045,-31.062],[-64.7007,-31.06],[-64.6941,-31.0632],[-64.6971,-31.0529],[-64.7018,-31.0483],[-64.702,-31.0451],[-64.7054,-31.0403],[-64.7016,-31.0393],[-64.6985,-31.0415],[-64.6974,-31.0353],[-64.6888,-31.042],[-64.688,-31.0464],[-64.6822,-31.0497],[-64.6738,-31.0516],[-64.6653,-31.0508],[-64.6631,-31.0479],[-64.6582,-31.0457],[-64.6516,-31.0405],[-64.6515,-31.0366],[-64.6546,-31.035],[-64.6473,-31.0241],[-64.6482,-31.0175],[-64.6535,-31.0142],[-64.6583,-31.0141],[-64.6638,-31.0196],[-64.6624,-31.0221],[-64.6656,-31.0246],[-64.6709,-31.0261],[-64.6792,-31.0303],[-64.6875,-31.0304],[-64.6847,-31.0245],[-64.6921,-31.024],[-64.6923,-31.0196],[-64.6891,-31.0169],[-64.69,-31.0073],[-64.697,-31.0009],[-64.6969,-30.9967],[-64.7,-30.9883],[-64.6968,-30.9872],[-64.6933,-30.9904],[-64.6906,-30.9996],[-64.6877,-30.9989],[-64.6847,-30.9937],[-64.6778,-30.9938],[-64.6782,-30.989],[-64.6755,-30.9849],[-64.6819,-30.9855],[-64.6857,-30.9889],[-64.6875,-30.9859],[-64.6842,-30.98],[-64.6868,-30.9761],[-64.6947,-30.9753],[-64.6952,-30.9737],[-64.7039,-30.972],[-64.7068,-30.9678],[-64.7043,-30.9663],[-64.6964,-30.9691],[-64.6923,-30.9721],[-64.6906,-30.969],[-64.6919,-30.9644],[-64.6854,-30.9617],[-64.6867,-30.9548],[-64.6833,-30.9476],[-64.6879,-30.9452],[-64.6868,-30.948],[-64.689,-30.9519],[-64.696,-30.9454],[-64.7006,-30.9478],[-64.7053,-30.945],[-64.7071,-30.942],[-64.7127,-30.944],[-64.7032,-30.9486],[-64.7004,-30.9533],[-64.702,-30.9546],[-64.7083,-30.9499],[-64.7105,-30.9573],[-64.7253,-30.9521],[-64.7209,-30.9571],[-64.7161,-30.9586],[-64.7139,-30.9619],[-64.7149,-30.965],[-64.7199,-30.9643],[-64.7262,-30.9562],[-64.7272,-30.9531],[-64.7384,-30.9592],[-64.7342,-30.9631],[-64.7276,-30.9632],[-64.7271,-30.9655],[-64.734,-30.9656],[-64.7346,-30.9688],[-64.7264,-30.972],[-64.7294,-30.9767],[-64.7287,-30.979],[-64.7183,-30.9787],[-64.7192,-30.9816],[-64.724,-30.9818],[-64.7275,-30.9842],[-64.723,-30.9863],[-64.7152,-30.9863],[-64.7156,-30.9885],[-64.7225,-30.9887],[-64.7269,-30.9954],[-64.7234,-31.0004],[-64.7244,-31.0037],[-64.7276,-31.0066],[-64.7323,-31.0081],[-64.7319,-31.0118],[-64.7277,-31.0144],[-64.7244,-31.0199],[-64.7278,-31.0185],[-64.7359,-31.0191],[-64.7394,-31.0229],[-64.7427,-31.0307],[-64.7457,-31.0411],[-64.7442,-31.0432],[-64.7356,-31.0394],[-64.7278,-31.0404],[-64.7283,-31.0425],[-64.7238,-31.046],[-64.7244,-31.0501],[-64.7326,-31.0462],[-64.734,-31.052],[-64.7369,-31.0527],[-64.736,-31.0572],[-64.7374,-31.0627],[-64.7446,-31.0623],[-64.7478,-31.0657],[-64.7477,-31.0614],[-64.7504,-31.0593],[-64.7512,-31.0664],[-64.7484,-31.0701],[-64.7425,-31.0701],[-64.7353,-31.0659],[-64.73,-31.0639],[-64.725,-31.0704],[-64.7231,-31.064],[-64.7191,-31.0638],[-64.7195,-31.0723],[-64.7262,-31.0738],[-64.7315,-31.0737],[-64.7335,-31.084],[-64.7372,-31.086],[-64.7396,-31.0898],[-64.7406,-31.093],[-64.7407,-31.0951],[-64.7353,-31.0966],[-64.733,-31.1006],[-64.727,-31.1037],[-64.7242,-31.1113],[-64.7265,-31.1134],[-64.7216,-31.1132],[-64.7203,-31.1179],[-64.7137,-31.1236],[-64.7125,-31.1265]],[[-64.7335,-31.084],[-64.7278,-31.087],[-64.7267,-31.0907],[-64.7321,-31.0927],[-64.7339,-31.091],[-64.7335,-31.084]]],[[[-63.7907,-30.9487],[-63.7993,-30.9509],[-63.7977,-30.957],[-63.7886,-30.9584],[-63.7907,-30.9487]]],[[[-62.4405,-30.9541],[-62.4447,-30.9588],[-62.4405,-30.9616],[-62.4405,-30.9541]]],[[[-64.1435,-30.952],[-64.1469,-30.9465],[-64.1596,-30.9452],[-64.1603,-30.9485],[-64.1557,-30.9486],[-64.1497,-30.9534],[-64.1435,-30.952]]],[[[-63.6688,-30.9531],[-63.665,-30.9466],[-63.6784,-30.9461],[-63.6774,-30.954],[-63.6688,-30.9531]]],[[[-63.1187,-30.9886],[-63.1238,-30.9858],[-63.1429,-30.9824],[-63.1399,-30.9779],[-63.1347,-30.9765],[-63.1317,-30.9741],[-63.1462,-30.9687],[-63.1413,-30.9651],[-63.1417,-30.9596],[-63.1529,-30.96],[-63.1492,-30.952],[-63.1555,-30.9478],[-63.1592,-30.9486],[-63.1596,-30.9535],[-63.1648,-30.9606],[-63.163,-30.9665],[-63.1602,-30.9689],[-63.1574,-30.9757],[-63.1524,-30.9775],[-63.152,-30.9807],[-63.1574,-30.9832],[-63.1555,-30.9856],[-63.1511,-30.9856],[-63.1469,-30.9818],[-63.1425,-30.9858],[-63.138,-30.9878],[-63.1364,-30.9914],[-63.1322,-30.9938],[-63.1201,-30.9908],[-63.1187,-30.9886]]],[[[-64.1134,-30.9405],[-64.1162,-30.9422],[-64.1212,-30.9416],[-64.1221,-30.9451],[-64.1199,-30.9486],[-64.1158,-30.9488],[-64.1155,-30.9516],[-64.1014,-30.9499],[-64.1019,-30.947],[-64.1119,-30.9468],[-64.1109,-30.9421],[-64.1134,-30.9405]]],[[[-62.743,-30.9476],[-62.7471,-30.9468],[-62.747,-30.9516],[-62.7632,-30.9679],[-62.7638,-30.9733],[-62.784,-30.9983],[-62.784,-31.0029],[-62.7816,-31.0064],[-62.7726,-30.9904],[-62.7651,-30.9873],[-62.7603,-30.9873],[-62.7564,-30.9856],[-62.7548,-30.9822],[-62.7469,-30.9744],[-62.7395,-30.9706],[-62.7347,-30.9706],[-62.7284,-30.9679],[-62.7276,-30.9638],[-62.7347,-30.9672],[-62.7343,-30.9631],[-62.7308,-30.9573],[-62.7306,-30.9505],[-62.7369,-30.9507],[-62.743,-30.9476]]],[[[-63.2852,-30.9475],[-63.2791,-30.9464],[-63.2796,-30.9423],[-63.2868,-30.9431],[-63.2852,-30.9475]]],[[[-64.1795,-30.938],[-64.1862,-30.9365],[-64.1869,-30.9413],[-64.1818,-30.9411],[-64.1795,-30.938]]],[[[-64.159,-30.9396],[-64.1603,-30.9345],[-64.164,-30.935],[-64.1642,-30.9412],[-64.159,-30.9396]]],[[[-63.0899,-30.9432],[-63.0908,-30.9398],[-63.0957,-30.9414],[-63.0929,-30.944],[-63.0899,-30.9432]]],[[[-63.7241,-30.9463],[-63.7213,-30.9366],[-63.7321,-30.9365],[-63.7348,-30.9472],[-63.7241,-30.9463]]],[[[-63.0624,-30.9412],[-63.0726,-30.9382],[-63.0771,-30.9428],[-63.0834,-30.9426],[-63.0815,-30.947],[-63.0733,-30.9442],[-63.0696,-30.9531],[-63.0664,-30.9476],[-63.0628,-30.9454],[-63.0624,-30.9412]]],[[[-63.0117,-30.9559],[-63.0053,-30.9559],[-63.0105,-30.9488],[-63.0111,-30.9432],[-63.0217,-30.9422],[-63.017,-30.9392],[-63.017,-30.9346],[-63.041,-30.9473],[-63.0369,-30.9579],[-63.0304,-30.9592],[-63.0367,-30.9707],[-63.0258,-30.9649],[-63.0211,-30.9634],[-63.0193,-30.9569],[-63.0128,-30.9514],[-63.0117,-30.9559]]],[[[-62.6738,-30.9599],[-62.6718,-30.9474],[-62.6755,-30.9395],[-62.6818,-30.9316],[-62.6834,-30.9367],[-62.6777,-30.9426],[-62.6751,-30.9495],[-62.6775,-30.961],[-62.6738,-30.9599]]],[[[-62.4822,-30.9407],[-62.4789,-30.9274],[-62.4852,-30.9281],[-62.4879,-30.9363],[-62.5013,-30.9497],[-62.4982,-30.9582],[-62.4995,-30.9604],[-62.5045,-30.9619],[-62.5037,-30.968],[-62.4979,-30.9647],[-62.492,-30.9653],[-62.4937,-30.9701],[-62.4853,-30.9697],[-62.4579,-30.9639],[-62.465,-30.961],[-62.4621,-30.9574],[-62.4671,-30.9521],[-62.468,-30.9417],[-62.4722,-30.9431],[-62.4822,-30.9407]]],[[[-63.1118,-30.9295],[-63.1139,-30.9251],[-63.1225,-30.9245],[-63.1265,-30.9267],[-63.1296,-30.9307],[-63.1247,-30.9333],[-63.1205,-30.9333],[-63.1132,-30.9406],[-63.1083,-30.9351],[-63.1118,-30.9295]]],[[[-62.4993,-30.9271],[-62.508,-30.9254],[-62.5143,-30.9261],[-62.5143,-30.9211],[-62.5209,-30.9265],[-62.5245,-30.9239],[-62.5325,-30.9294],[-62.5226,-30.9357],[-62.525,-30.9408],[-62.5304,-30.9391],[-62.5421,-30.938],[-62.5458,-30.9466],[-62.5437,-30.9516],[-62.5387,-30.9523],[-62.5364,-30.9586],[-62.5419,-30.9688],[-62.5411,-30.9749],[-62.5369,-30.9724],[-62.5369,-30.9638],[-62.5345,-30.9595],[-62.5288,-30.9655],[-62.5224,-30.967],[-62.5178,-30.9695],[-62.5132,-30.9695],[-62.5124,-30.9616],[-62.5245,-30.9598],[-62.5254,-30.9523],[-62.5221,-30.9491],[-62.5187,-30.9505],[-62.5138,-30.9451],[-62.5055,-30.9415],[-62.5038,-30.9343],[-62.5051,-30.93],[-62.4993,-30.9271]]],[[[-63.7781,-30.9228],[-63.7776,-30.9191],[-63.7878,-30.9182],[-63.7889,-30.9237],[-63.7781,-30.9228]]],[[[-62.449,-30.9276],[-62.4461,-30.919],[-62.4623,-30.9255],[-62.4598,-30.9291],[-62.449,-30.9276]]],[[[-62.5143,-30.9211],[-62.5135,-30.9164],[-62.5181,-30.9161],[-62.5185,-30.9197],[-62.5143,-30.9211]]],[[[-63.0685,-30.925],[-63.0779,-30.9134],[-63.0855,-30.9195],[-63.0744,-30.9291],[-63.0685,-30.925]]],[[[-62.9455,-30.9346],[-62.942,-30.9296],[-62.9403,-30.923],[-62.9397,-30.9165],[-62.9303,-30.9165],[-62.9438,-30.9119],[-62.9495,-30.9352],[-62.9572,-30.9427],[-62.9455,-30.9457],[-62.9455,-30.9346]]],[[[-63.0486,-30.9266],[-63.0346,-30.9251],[-63.0275,-30.9139],[-63.0416,-30.9114],[-63.0586,-30.9175],[-63.0603,-30.924],[-63.0609,-30.9311],[-63.0515,-30.9316],[-63.0486,-30.9266]]],[[[-62.6116,-30.9085],[-62.6187,-30.9118],[-62.6145,-30.9157],[-62.6103,-30.9142],[-62.6116,-30.9085]]],[[[-63.0103,-30.9211],[-63.0012,-30.9104],[-63.0135,-30.9084],[-63.0129,-30.924],[-63.0103,-30.9211]]],[[[-62.6319,-30.9211],[-62.6353,-30.9154],[-62.632,-30.9118],[-62.6399,-30.9064],[-62.6424,-30.9147],[-62.6391,-30.9182],[-62.6386,-30.9269],[-62.634,-30.9237],[-62.6319,-30.9297],[-62.6356,-30.9333],[-62.6302,-30.9376],[-62.6215,-30.9347],[-62.6157,-30.9307],[-62.6261,-30.9304],[-62.6273,-30.9261],[-62.6319,-30.9211]]],[[[-62.6116,-30.9085],[-62.6054,-30.9092],[-62.6016,-30.9124],[-62.5959,-30.9013],[-62.6008,-30.9002],[-62.6104,-30.9031],[-62.6116,-30.9085]]],[[[-62.489,-30.9004],[-62.4905,-30.9129],[-62.4823,-30.9156],[-62.4756,-30.9209],[-62.4758,-30.9282],[-62.4727,-30.9295],[-62.4681,-30.9277],[-62.4669,-30.9191],[-62.4621,-30.908],[-62.4514,-30.9105],[-62.4463,-30.9077],[-62.4472,-30.9013],[-62.4536,-30.9008],[-62.4628,-30.9013],[-62.4703,-30.8997],[-62.489,-30.9004]],[[-62.4819,-30.9098],[-62.4819,-30.9038],[-62.4778,-30.9048],[-62.4736,-30.9109],[-62.4819,-30.9098]]],[[[-62.8734,-30.9001],[-62.8774,-30.9043],[-62.8853,-30.9026],[-62.8917,-30.92],[-62.8897,-30.9284],[-62.8858,-30.9245],[-62.8865,-30.919],[-62.8829,-30.9158],[-62.876,-30.9119],[-62.8701,-30.9119],[-62.8752,-30.9054],[-62.8734,-30.9001]]],[[[-62.77,-30.9003],[-62.7889,-30.8987],[-62.7878,-30.9057],[-62.7822,-30.9015],[-62.7787,-30.9029],[-62.7811,-30.9067],[-62.787,-30.9101],[-62.7862,-30.9152],[-62.7716,-30.9138],[-62.7692,-30.908],[-62.77,-30.9003]]],[[[-62.7974,-30.8989],[-62.802,-30.8986],[-62.8148,-30.9018],[-62.8107,-30.9054],[-62.8078,-30.9035],[-62.8024,-30.9054],[-62.7988,-30.9036],[-62.7974,-30.8989]]],[[[-63.5964,-30.8991],[-63.6008,-30.8963],[-63.6065,-30.8992],[-63.6114,-30.8976],[-63.6143,-30.8987],[-63.6141,-30.9046],[-63.6076,-30.9041],[-63.5999,-30.8999],[-63.5964,-30.8991]]],[[[-63.4907,-30.8985],[-63.509,-30.8964],[-63.513,-30.9121],[-63.494,-30.9136],[-63.4907,-30.8985]]],[[[-62.4219,-30.8918],[-62.4315,-30.8992],[-62.4391,-30.9072],[-62.4457,-30.9154],[-62.4395,-30.9176],[-62.4278,-30.9186],[-62.4259,-30.9146],[-62.4263,-30.9042],[-62.4225,-30.9035],[-62.4163,-30.9067],[-62.4212,-30.9218],[-62.428,-30.9304],[-62.4323,-30.9304],[-62.4315,-30.9362],[-62.4236,-30.9304],[-62.421,-30.9377],[-62.4186,-30.9326],[-62.4087,-30.9206],[-62.3976,-30.9111],[-62.3981,-30.9072],[-62.3909,-30.9045],[-62.3874,-30.9088],[-62.3858,-30.8956],[-62.396,-30.8987],[-62.4028,-30.8964],[-62.4151,-30.8992],[-62.4219,-30.8918]]],[[[-62.9474,-30.9571],[-62.9438,-30.9553],[-62.9367,-30.9498],[-62.9291,-30.9457],[-62.9215,-30.9437],[-62.9104,-30.9447],[-62.9145,-30.9387],[-62.9238,-30.9392],[-62.9227,-30.9331],[-62.9198,-30.9291],[-62.9198,-30.9235],[-62.9122,-30.9139],[-62.9086,-30.9053],[-62.9069,-30.8927],[-62.9474,-30.9571]]],[[[-63.2911,-30.8891],[-63.3036,-30.8884],[-63.3239,-30.8893],[-63.3241,-30.8921],[-63.3154,-30.8957],[-63.3116,-30.895],[-63.3078,-30.8915],[-63.2938,-30.8934],[-63.2911,-30.8891]]],[[[-63.5586,-30.8896],[-63.561,-30.8854],[-63.5677,-30.8843],[-63.5612,-30.8901],[-63.5586,-30.8896]]],[[[-63.5995,-30.884],[-63.6056,-30.8838],[-63.6124,-30.8897],[-63.601,-30.8901],[-63.5995,-30.884]]],[[[-63.6448,-30.8834],[-63.6537,-30.883],[-63.6527,-30.8865],[-63.645,-30.8878],[-63.6448,-30.8834]]],[[[-62.2685,-30.8866],[-62.2711,-30.8815],[-62.2958,-30.8951],[-62.3181,-30.902],[-62.3458,-30.9016],[-62.3427,-30.9067],[-62.3335,-30.9088],[-62.3203,-30.9073],[-62.3107,-30.9076],[-62.3028,-30.9047],[-62.2966,-30.9],[-62.2759,-30.8934],[-62.2685,-30.8866]]],[[[-63.6764,-30.8823],[-63.6859,-30.8825],[-63.6856,-30.8888],[-63.6936,-30.8924],[-63.6885,-30.8942],[-63.6768,-30.8857],[-63.6764,-30.8823]]],[[[-63.3459,-30.8805],[-63.352,-30.8796],[-63.3512,-30.8845],[-63.3476,-30.8869],[-63.3459,-30.8805]]],[[[-63.8441,-30.8829],[-63.8437,-30.8782],[-63.85,-30.8769],[-63.8498,-30.8824],[-63.8441,-30.8829]]],[[[-63.6068,-30.8783],[-63.6111,-30.8779],[-63.6115,-30.8818],[-63.6066,-30.8825],[-63.6068,-30.8783]]],[[[-63.2916,-30.8802],[-63.3009,-30.8788],[-63.302,-30.8828],[-63.2916,-30.8832],[-63.2916,-30.8802]]],[[[-64.1327,-30.8741],[-64.1406,-30.8738],[-64.1403,-30.8756],[-64.1331,-30.8764],[-64.1327,-30.8741]]],[[[-62.637,-30.8794],[-62.6404,-30.8781],[-62.6408,-30.8834],[-62.6481,-30.8828],[-62.6525,-30.8913],[-62.6402,-30.8901],[-62.6366,-30.8934],[-62.6312,-30.8894],[-62.6254,-30.8916],[-62.6254,-30.8853],[-62.6229,-30.8828],[-62.6271,-30.8793],[-62.6351,-30.8876],[-62.6418,-30.8868],[-62.637,-30.8794]]],[[[-63.8567,-30.8818],[-63.8555,-30.8778],[-63.8575,-30.8744],[-63.8728,-30.8741],[-63.8728,-30.8778],[-63.8653,-30.8788],[-63.8688,-30.8826],[-63.8691,-30.8939],[-63.856,-30.8945],[-63.8472,-30.8914],[-63.8466,-30.8878],[-63.8507,-30.8876],[-63.8567,-30.8818]]],[[[-63.3162,-30.8858],[-63.3134,-30.8811],[-63.3145,-30.8766],[-63.3203,-30.8764],[-63.3195,-30.8823],[-63.3162,-30.8858]]],[[[-63.7889,-30.8836],[-63.7876,-30.8814],[-63.7778,-30.8756],[-63.7861,-30.8742],[-63.7866,-30.8772],[-63.7918,-30.8774],[-63.7997,-30.8818],[-63.7987,-30.8859],[-63.7903,-30.8857],[-63.7848,-30.8891],[-63.794,-30.8892],[-63.7926,-30.8914],[-63.783,-30.8916],[-63.781,-30.8872],[-63.7738,-30.8862],[-63.7783,-30.8823],[-63.7889,-30.8836]]],[[[-63.7452,-30.8823],[-63.7429,-30.8746],[-63.7519,-30.8731],[-63.7539,-30.8747],[-63.7509,-30.8814],[-63.7452,-30.8823]]],[[[-62.9233,-30.8846],[-62.9233,-30.8761],[-62.9286,-30.875],[-62.9543,-30.8776],[-62.9573,-30.8826],[-62.9584,-30.8882],[-62.9473,-30.8867],[-62.942,-30.8877],[-62.9368,-30.8937],[-62.9291,-30.8978],[-62.928,-30.8917],[-62.9233,-30.8846]]],[[[-63.3992,-30.8778],[-63.3975,-30.871],[-63.4035,-30.8707],[-63.4052,-30.8754],[-63.403,-30.8782],[-63.3992,-30.8778]]],[[[-64.4901,-30.8685],[-64.4919,-30.8623],[-64.4985,-30.8608],[-64.5009,-30.862],[-64.5172,-30.8645],[-64.5186,-30.87],[-64.513,-30.8736],[-64.5185,-30.881],[-64.5183,-30.8865],[-64.5242,-30.8852],[-64.5277,-30.8892],[-64.5256,-30.8935],[-64.5216,-30.8943],[-64.5147,-30.893],[-64.5097,-30.896],[-64.5109,-30.9052],[-64.506,-30.9004],[-64.5033,-30.9021],[-64.5052,-30.908],[-64.5052,-30.9158],[-64.5094,-30.9168],[-64.5102,-30.9258],[-64.5078,-30.9279],[-64.5082,-30.9366],[-64.5059,-30.9405],[-64.5018,-30.9424],[-64.5038,-30.9472],[-64.4949,-30.9569],[-64.4876,-30.9609],[-64.494,-30.9627],[-64.4985,-30.9615],[-64.5145,-30.9508],[-64.5113,-30.9636],[-64.5028,-30.9681],[-64.48,-30.9755],[-64.4783,-30.983],[-64.4798,-30.9927],[-64.4907,-30.9984],[-64.488,-31.004],[-64.4912,-31.0069],[-64.4748,-31.0115],[-64.4696,-31.0145],[-64.4751,-31.0168],[-64.4806,-31.0121],[-64.4871,-31.0127],[-64.489,-31.0171],[-64.4883,-31.0237],[-64.4838,-31.0243],[-64.483,-31.0302],[-64.4801,-31.0314],[-64.4752,-31.0237],[-64.471,-31.0262],[-64.4765,-31.0388],[-64.4838,-31.043],[-64.4777,-31.0452],[-64.4752,-31.0413],[-64.4703,-31.0385],[-64.4696,-31.0418],[-64.4734,-31.0461],[-64.4792,-31.0548],[-64.485,-31.056],[-64.4846,-31.0598],[-64.4866,-31.0639],[-64.4863,-31.0675],[-64.4781,-31.0729],[-64.4841,-31.0788],[-64.4876,-31.0795],[-64.4847,-31.0838],[-64.4793,-31.0837],[-64.4751,-31.0851],[-64.4711,-31.0824],[-64.4656,-31.0873],[-64.4607,-31.0841],[-64.4559,-31.0835],[-64.4529,-31.0789],[-64.4524,-31.0601],[-64.4504,-31.0569],[-64.4525,-31.0503],[-64.4525,-31.037],[-64.4509,-31.0352],[-64.4516,-31.0299],[-64.4556,-31.0303],[-64.4547,-31.0239],[-64.4568,-31.0174],[-64.4551,-31.0131],[-64.4477,-31.0143],[-64.4492,-31.0088],[-64.4542,-31.0076],[-64.4531,-31.0044],[-64.4467,-31.0031],[-64.4506,-30.996],[-64.4537,-30.9936],[-64.4571,-30.9881],[-64.4625,-30.9896],[-64.4659,-30.9885],[-64.4616,-30.9844],[-64.4607,-30.9809],[-64.4673,-30.977],[-64.4724,-30.9778],[-64.4742,-30.9744],[-64.4618,-30.9715],[-64.4565,-30.9847],[-64.4533,-30.9824],[-64.4519,-30.9755],[-64.452,-30.9668],[-64.4493,-30.965],[-64.4516,-30.9609],[-64.4547,-30.967],[-64.459,-30.97],[-64.4635,-30.9695],[-64.4639,-30.9598],[-64.4571,-30.95],[-64.4583,-30.9466],[-64.4653,-30.9463],[-64.4652,-30.9435],[-64.4622,-30.939],[-64.4683,-30.9373],[-64.4729,-30.9395],[-64.4782,-30.9376],[-64.4783,-30.9282],[-64.4806,-30.9262],[-64.4771,-30.9218],[-64.4765,-30.915],[-64.4807,-30.9103],[-64.4806,-30.9035],[-64.4742,-30.8967],[-64.4715,-30.8997],[-64.4661,-30.8993],[-64.46,-30.8952],[-64.4602,-30.8915],[-64.4711,-30.8912],[-64.4711,-30.8949],[-64.4741,-30.8962],[-64.4825,-30.8894],[-64.4867,-30.8871],[-64.4871,-30.8814],[-64.4944,-30.871],[-64.4901,-30.8685]]],[[[-63.8715,-30.8701],[-63.8709,-30.8661],[-63.8757,-30.8657],[-63.8754,-30.8704],[-63.8715,-30.8701]]],[[[-63.4412,-30.8767],[-63.4412,-30.8729],[-63.4349,-30.8692],[-63.4355,-30.8668],[-63.4475,-30.8713],[-63.4474,-30.8773],[-63.4426,-30.8809],[-63.4412,-30.8767]]],[[[-63.3347,-30.8704],[-63.3325,-30.866],[-63.3393,-30.8666],[-63.3396,-30.8695],[-63.3347,-30.8704]]],[[[-63.6493,-30.8647],[-63.6552,-30.8665],[-63.6526,-30.8695],[-63.6493,-30.8647]]],[[[-63.0316,-30.8655],[-63.0345,-30.8725],[-63.0275,-30.8766],[-63.0193,-30.8751],[-63.0228,-30.8675],[-63.0316,-30.8655]]],[[[-64.1409,-30.8601],[-64.1486,-30.8626],[-64.1517,-30.8692],[-64.1487,-30.8714],[-64.1409,-30.8708],[-64.1409,-30.8601]]],[[[-62.8734,-30.9001],[-62.8618,-30.8982],[-62.8497,-30.8894],[-62.8472,-30.8856],[-62.8404,-30.8856],[-62.8447,-30.8809],[-62.851,-30.8786],[-62.8562,-30.8809],[-62.8595,-30.8854],[-62.8578,-30.8898],[-62.863,-30.8915],[-62.8668,-30.8888],[-62.8654,-30.878],[-62.8594,-30.8761],[-62.8553,-30.8732],[-62.8586,-30.8702],[-62.8676,-30.8688],[-62.8662,-30.8667],[-62.8586,-30.8638],[-62.8629,-30.8614],[-62.8694,-30.8596],[-62.8748,-30.8633],[-62.8719,-30.8701],[-62.873,-30.8745],[-62.8685,-30.8784],[-62.8681,-30.8859],[-62.8776,-30.8871],[-62.8904,-30.887],[-62.8929,-30.8902],[-62.8888,-30.8922],[-62.8847,-30.8967],[-62.8759,-30.8958],[-62.8734,-30.9001]]],[[[-63.6534,-30.8586],[-63.657,-30.8575],[-63.6617,-30.8615],[-63.6542,-30.8621],[-63.6534,-30.8586]]],[[[-63.6161,-30.8568],[-63.6201,-30.8566],[-63.622,-30.8598],[-63.6151,-30.86],[-63.6161,-30.8568]]],[[[-62.489,-30.9004],[-62.4904,-30.8967],[-62.4877,-30.8924],[-62.4912,-30.8888],[-62.496,-30.8889],[-62.4993,-30.8921],[-62.5064,-30.8904],[-62.5132,-30.8924],[-62.5286,-30.8893],[-62.5198,-30.884],[-62.5181,-30.8792],[-62.5301,-30.8766],[-62.5373,-30.8794],[-62.5442,-30.8777],[-62.5515,-30.8697],[-62.5659,-30.8666],[-62.5758,-30.8633],[-62.5957,-30.8612],[-62.6089,-30.8568],[-62.6091,-30.8727],[-62.6161,-30.8716],[-62.6163,-30.8784],[-62.6115,-30.8803],[-62.6088,-30.8852],[-62.6002,-30.8845],[-62.5976,-30.8866],[-62.5889,-30.8755],[-62.5849,-30.8687],[-62.5765,-30.8679],[-62.5797,-30.8776],[-62.5772,-30.8815],[-62.5772,-30.8894],[-62.5698,-30.8885],[-62.5626,-30.8911],[-62.5589,-30.8829],[-62.5548,-30.8872],[-62.5553,-30.8932],[-62.5502,-30.895],[-62.5535,-30.9001],[-62.5651,-30.8958],[-62.5738,-30.9073],[-62.5601,-30.908],[-62.5597,-30.9006],[-62.5559,-30.9026],[-62.5551,-30.9133],[-62.5584,-30.9194],[-62.5737,-30.9216],[-62.5721,-30.9166],[-62.5812,-30.9145],[-62.5812,-30.926],[-62.5849,-30.9278],[-62.5849,-30.9349],[-62.5787,-30.9338],[-62.5674,-30.9367],[-62.5587,-30.9374],[-62.5583,-30.9306],[-62.5537,-30.9287],[-62.5516,-30.9377],[-62.5466,-30.9355],[-62.5471,-30.9312],[-62.5408,-30.9319],[-62.5355,-30.9287],[-62.5405,-30.9219],[-62.5484,-30.9205],[-62.5492,-30.9165],[-62.5405,-30.9136],[-62.5361,-30.9111],[-62.5318,-30.9133],[-62.5314,-30.9168],[-62.5401,-30.917],[-62.5313,-30.9222],[-62.5226,-30.924],[-62.5218,-30.9186],[-62.5226,-30.9132],[-62.5185,-30.9096],[-62.5185,-30.9064],[-62.5152,-30.9046],[-62.5121,-30.8991],[-62.509,-30.8999],[-62.5054,-30.8953],[-62.5007,-30.8963],[-62.5003,-30.9006],[-62.5065,-30.9028],[-62.511,-30.9074],[-62.5126,-30.9124],[-62.5052,-30.9153],[-62.501,-30.92],[-62.4993,-30.9271],[-62.4951,-30.9303],[-62.4923,-30.9206],[-62.4939,-30.916],[-62.4944,-30.9034],[-62.4939,-30.8993],[-62.489,-30.9004]],[[-62.5335,-30.9004],[-62.5239,-30.9068],[-62.5289,-30.9093],[-62.5372,-30.9083],[-62.5381,-30.9032],[-62.5335,-30.9004]]],[[[-62.8819,-30.8648],[-62.8841,-30.8571],[-62.8905,-30.8659],[-62.8819,-30.8648]]],[[[-62.8961,-30.8579],[-62.897,-30.8558],[-62.9192,-30.8629],[-62.9151,-30.869],[-62.9072,-30.8659],[-62.9028,-30.867],[-62.8961,-30.8579]]],[[[-63.0029,-30.8736],[-63.0042,-30.8653],[-62.9789,-30.8559],[-62.993,-30.8594],[-63.0064,-30.8609],[-63.0146,-30.869],[-63.0152,-30.8746],[-63.0088,-30.8761],[-63.0029,-30.8736]]],[[[-62.191,-30.8578],[-62.1894,-30.8496],[-62.1986,-30.8485],[-62.1998,-30.8511],[-62.1939,-30.8525],[-62.196,-30.8578],[-62.191,-30.8578]]],[[[-63.8332,-30.8463],[-63.8419,-30.846],[-63.8418,-30.8522],[-63.8351,-30.8524],[-63.8332,-30.8463]]],[[[-63.0316,-30.8655],[-63.0333,-30.8547],[-63.0351,-30.8483],[-63.041,-30.8493],[-63.0422,-30.8599],[-63.0316,-30.8655]]],[[[-63.8169,-30.8513],[-63.8165,-30.8439],[-63.8209,-30.8437],[-63.821,-30.8516],[-63.8169,-30.8513]]],[[[-63.7591,-30.8575],[-63.7575,-30.8538],[-63.7527,-30.851],[-63.7509,-30.8448],[-63.7549,-30.8436],[-63.7566,-30.8483],[-63.7655,-30.8505],[-63.7686,-30.8525],[-63.777,-30.8528],[-63.7777,-30.8572],[-63.7591,-30.8575]]],[[[-63.3371,-30.8473],[-63.3404,-30.8452],[-63.3431,-30.8478],[-63.3382,-30.8511],[-63.3371,-30.8473]]],[[[-65.029,-30.8293],[-65.044,-30.8298],[-65.0447,-30.8341],[-65.0364,-30.8335],[-65.0338,-30.8399],[-65.0292,-30.8398],[-65.029,-30.8293]]],[[[-63.4059,-30.8495],[-63.4103,-30.8455],[-63.4163,-30.8438],[-63.4165,-30.8488],[-63.419,-30.8502],[-63.425,-30.8499],[-63.428,-30.8459],[-63.4471,-30.8463],[-63.4354,-30.8494],[-63.4291,-30.8487],[-63.4294,-30.8518],[-63.4256,-30.8558],[-63.4226,-30.8532],[-63.4163,-30.853],[-63.4146,-30.8504],[-63.4106,-30.8528],[-63.4109,-30.858],[-63.4079,-30.8582],[-63.4029,-30.8521],[-63.4059,-30.8495]]],[[[-63.6309,-30.8515],[-63.6288,-30.8425],[-63.6333,-30.8418],[-63.6377,-30.8555],[-63.633,-30.8558],[-63.6309,-30.8515]]],[[[-62.8859,-30.8484],[-62.8876,-30.8412],[-62.8982,-30.8442],[-62.9005,-30.8508],[-62.8935,-30.8513],[-62.8859,-30.8484]]],[[[-63.5364,-30.8441],[-63.5347,-30.8417],[-63.5391,-30.8396],[-63.5438,-30.8447],[-63.5364,-30.8441]]],[[[-63.4348,-30.8369],[-63.4443,-30.8362],[-63.4438,-30.839],[-63.4361,-30.8388],[-63.4348,-30.8369]]],[[[-62.1858,-30.8345],[-62.1916,-30.8342],[-62.192,-30.8399],[-62.1857,-30.842],[-62.1858,-30.8345]]],[[[-63.6359,-30.8349],[-63.6402,-30.8352],[-63.6441,-30.8426],[-63.6365,-30.8404],[-63.6359,-30.8349]]],[[[-62.9385,-30.865],[-62.9321,-30.8564],[-62.927,-30.8476],[-62.9222,-30.8523],[-62.9169,-30.8508],[-62.9122,-30.8432],[-62.9175,-30.8412],[-62.9251,-30.8432],[-62.9427,-30.8321],[-62.9444,-30.8407],[-62.9371,-30.8427],[-62.935,-30.8468],[-62.944,-30.8496],[-62.9432,-30.8468],[-62.9503,-30.8468],[-62.9544,-30.8427],[-62.9538,-30.8574],[-62.9663,-30.8638],[-62.9696,-30.8695],[-62.9543,-30.87],[-62.9461,-30.869],[-62.9385,-30.865]],[[-62.9385,-30.865],[-62.9491,-30.8614],[-62.9444,-30.8549],[-62.9392,-30.8593],[-62.9385,-30.865]]],[[[-63.3824,-30.8408],[-63.3821,-30.8321],[-63.3862,-30.8309],[-63.3878,-30.8335],[-63.3862,-30.8383],[-63.3824,-30.8408]]],[[[-63.4795,-30.8285],[-63.4852,-30.8285],[-63.4864,-30.8339],[-63.4806,-30.8342],[-63.4795,-30.8285]]],[[[-63.5456,-30.8306],[-63.5494,-30.828],[-63.56,-30.8275],[-63.5612,-30.8336],[-63.5505,-30.8329],[-63.5459,-30.8355],[-63.5456,-30.8306]]],[[[-63.8621,-30.8227],[-63.8831,-30.8227],[-63.8847,-30.8254],[-63.8619,-30.8257],[-63.8621,-30.8227]]],[[[-63.5341,-30.8274],[-63.5314,-30.8243],[-63.5349,-30.8217],[-63.5404,-30.8229],[-63.5417,-30.828],[-63.5341,-30.8274]]],[[[-63.0614,-30.8336],[-63.0644,-30.8291],[-63.0737,-30.8215],[-63.0767,-30.8352],[-63.0708,-30.8407],[-63.0627,-30.8374],[-63.0562,-30.8468],[-63.0486,-30.8468],[-63.0486,-30.8427],[-63.0509,-30.8377],[-63.0597,-30.8387],[-63.0614,-30.8336]]],[[[-63.4926,-30.8216],[-63.4983,-30.8204],[-63.4989,-30.8242],[-63.4942,-30.8259],[-63.4926,-30.8216]]],[[[-63.0041,-30.8175],[-63.0082,-30.8195],[-62.9992,-30.8289],[-62.997,-30.8341],[-63.0039,-30.8382],[-62.9947,-30.8402],[-62.9926,-30.8316],[-63.0041,-30.8175]]],[[[-63.0193,-30.8352],[-63.0187,-30.8271],[-63.0257,-30.814],[-63.0351,-30.818],[-63.0293,-30.8316],[-63.0222,-30.8392],[-63.0193,-30.8352]]],[[[-64.2079,-30.8922],[-64.2043,-30.8889],[-64.204,-30.8854],[-64.2064,-30.8813],[-64.2077,-30.8766],[-64.2105,-30.8757],[-64.2087,-30.8707],[-64.2164,-30.8656],[-64.2192,-30.8624],[-64.2225,-30.8558],[-64.2354,-30.8504],[-64.2362,-30.8473],[-64.228,-30.8504],[-64.2177,-30.8479],[-64.2182,-30.8444],[-64.2157,-30.8369],[-64.2225,-30.8363],[-64.2293,-30.8377],[-64.2339,-30.8424],[-64.2388,-30.8401],[-64.2323,-30.8341],[-64.2284,-30.8323],[-64.2214,-30.8327],[-64.217,-30.8293],[-64.2188,-30.8253],[-64.2122,-30.8228],[-64.2101,-30.8186],[-64.2146,-30.8141],[-64.2206,-30.814],[-64.221,-30.8114],[-64.2297,-30.8098],[-64.2352,-30.8136],[-64.2385,-30.8121],[-64.2354,-30.8057],[-64.2524,-30.8111],[-64.2703,-30.8103],[-64.2733,-30.8078],[-64.2964,-30.8091],[-64.2981,-30.8135],[-64.2958,-30.82],[-64.2799,-30.8193],[-64.2786,-30.8251],[-64.2842,-30.8229],[-64.2908,-30.8253],[-64.2975,-30.8246],[-64.3013,-30.8168],[-64.3167,-30.818],[-64.3197,-30.8199],[-64.3198,-30.8279],[-64.3101,-30.8325],[-64.3032,-30.8432],[-64.2976,-30.8478],[-64.2992,-30.8539],[-64.291,-30.8543],[-64.285,-30.8557],[-64.2846,-30.8531],[-64.2809,-30.8509],[-64.276,-30.8526],[-64.2764,-30.8551],[-64.2634,-30.8575],[-64.2574,-30.8605],[-64.2533,-30.858],[-64.2466,-30.8575],[-64.2415,-30.8591],[-64.2419,-30.8625],[-64.2489,-30.8631],[-64.2489,-30.8696],[-64.2408,-30.8735],[-64.2323,-30.883],[-64.2224,-30.8789],[-64.2208,-30.8876],[-64.2166,-30.8829],[-64.214,-30.8847],[-64.2079,-30.8922]]],[[[-63.045,-30.821],[-63.0597,-30.8109],[-63.0649,-30.8124],[-63.062,-30.819],[-63.05,-30.823],[-63.0468,-30.8271],[-63.045,-30.821]]],[[[-63.5144,-30.8138],[-63.516,-30.8093],[-63.5253,-30.8118],[-63.5234,-30.8168],[-63.5181,-30.8154],[-63.5166,-30.8211],[-63.5103,-30.8239],[-63.5016,-30.8221],[-63.5027,-30.8192],[-63.5163,-30.8194],[-63.5144,-30.8138]]],[[[-65.0747,-30.7889],[-65.0773,-30.7932],[-65.0749,-30.7951],[-65.0671,-30.7947],[-65.0677,-30.7905],[-65.0747,-30.7889]]],[[[-62.986,-30.8099],[-62.993,-30.8049],[-62.9924,-30.8135],[-62.986,-30.8099]]],[[[-64.675,-30.7992],[-64.6744,-30.7931],[-64.678,-30.793],[-64.6804,-30.7991],[-64.675,-30.7992]]],[[[-63.5029,-30.8027],[-63.5072,-30.8027],[-63.5081,-30.8112],[-63.5059,-30.8114],[-63.5029,-30.8027]]],[[[-64.2878,-30.7987],[-64.2933,-30.7957],[-64.2982,-30.7952],[-64.307,-30.798],[-64.3053,-30.8012],[-64.292,-30.8001],[-64.2878,-30.7987]]],[[[-63.1299,-30.8003],[-63.1357,-30.8109],[-63.1433,-30.8093],[-63.1445,-30.8295],[-63.1375,-30.828],[-63.1346,-30.8164],[-63.1293,-30.8134],[-63.1287,-30.8063],[-63.1299,-30.8003]]],[[[-64.221,-30.8114],[-64.2125,-30.8115],[-64.207,-30.8178],[-64.2025,-30.8174],[-64.2023,-30.8095],[-64.2084,-30.8115],[-64.2091,-30.8092],[-64.2138,-30.8079],[-64.2165,-30.805],[-64.2171,-30.8006],[-64.214,-30.7942],[-64.2248,-30.7965],[-64.2259,-30.8023],[-64.224,-30.8078],[-64.221,-30.8114]]],[[[-63.8135,-30.8023],[-63.8112,-30.7972],[-63.821,-30.7982],[-63.8171,-30.8026],[-63.8135,-30.8023]]],[[[-62.883,-30.8129],[-62.8834,-30.8082],[-62.8923,-30.8063],[-62.9008,-30.7986],[-62.9046,-30.8099],[-62.914,-30.816],[-62.9005,-30.8154],[-62.9023,-30.8205],[-62.897,-30.8245],[-62.9029,-30.8306],[-62.914,-30.8362],[-62.904,-30.8417],[-62.8929,-30.8351],[-62.8831,-30.836],[-62.882,-30.8307],[-62.8883,-30.8215],[-62.883,-30.8129]]],[[[-64.682,-30.7948],[-64.681,-30.7918],[-64.6824,-30.7876],[-64.6909,-30.7879],[-64.6894,-30.7923],[-64.6989,-30.7932],[-64.6987,-30.7969],[-64.6959,-30.7985],[-64.6926,-30.7954],[-64.682,-30.7948]]],[[[-63.0205,-30.8069],[-63.0228,-30.7983],[-63.038,-30.8034],[-63.0298,-30.8089],[-63.0205,-30.8069]]],[[[-63.3145,-30.7958],[-63.3216,-30.7988],[-63.3222,-30.8021],[-63.3143,-30.8057],[-63.3067,-30.8057],[-63.3069,-30.8005],[-63.3162,-30.8012],[-63.3145,-30.7958]]],[[[-64.1534,-30.8019],[-64.1511,-30.8044],[-64.1509,-30.8043],[-64.149,-30.8034],[-64.1444,-30.7987],[-64.1432,-30.7957],[-64.1507,-30.7904],[-64.1607,-30.7914],[-64.1629,-30.7959],[-64.162,-30.8032],[-64.1558,-30.8036],[-64.1534,-30.8019]]],[[[-65.178,-30.7777],[-65.1866,-30.7769],[-65.1877,-30.7791],[-65.184,-30.785],[-65.1761,-30.7851],[-65.1741,-30.7897],[-65.1692,-30.7853],[-65.178,-30.7777]]],[[[-63.7515,-30.8],[-63.7533,-30.7919],[-63.7649,-30.792],[-63.766,-30.8006],[-63.7544,-30.8021],[-63.7515,-30.8]]],[[[-63.4987,-30.7955],[-63.4965,-30.791],[-63.5006,-30.7907],[-63.5023,-30.7957],[-63.4987,-30.7955]]],[[[-63.0784,-30.7973],[-63.0825,-30.7907],[-63.0872,-30.8008],[-63.0807,-30.8013],[-63.0784,-30.7973]]],[[[-63.1299,-30.8003],[-63.1228,-30.7932],[-63.1421,-30.7892],[-63.1375,-30.7998],[-63.1299,-30.8003]]],[[[-63.6444,-30.792],[-63.6512,-30.7863],[-63.6519,-30.7935],[-63.6472,-30.7939],[-63.6444,-30.792]]],[[[-63.3265,-30.7901],[-63.3287,-30.7859],[-63.3323,-30.7903],[-63.3265,-30.7901]]],[[[-63.2318,-30.7894],[-63.2296,-30.7861],[-63.2376,-30.7844],[-63.2392,-30.7898],[-63.2359,-30.7908],[-63.2318,-30.7894]]],[[[-64.2878,-30.7987],[-64.2815,-30.8007],[-64.2713,-30.801],[-64.2665,-30.7996],[-64.264,-30.7956],[-64.2528,-30.7997],[-64.2469,-30.7982],[-64.2416,-30.7944],[-64.2429,-30.7892],[-64.2431,-30.7884],[-64.2429,-30.7853],[-64.2456,-30.7822],[-64.266,-30.7784],[-64.2713,-30.7815],[-64.2771,-30.7816],[-64.2807,-30.7849],[-64.2862,-30.7829],[-64.2984,-30.7836],[-64.2907,-30.7899],[-64.2869,-30.7951],[-64.2839,-30.7921],[-64.2764,-30.7919],[-64.2686,-30.7879],[-64.2653,-30.7899],[-64.267,-30.7946],[-64.2729,-30.7931],[-64.2784,-30.7964],[-64.2878,-30.7987]]],[[[-63.3331,-30.7856],[-63.3513,-30.7827],[-63.3519,-30.7903],[-63.3454,-30.7903],[-63.3454,-30.7866],[-63.335,-30.7934],[-63.3331,-30.7856]]],[[[-63.4997,-30.7825],[-63.503,-30.7813],[-63.5047,-30.7858],[-63.5017,-30.7863],[-63.4997,-30.7825]]],[[[-63.7636,-30.7857],[-63.7636,-30.7797],[-63.7658,-30.7797],[-63.7669,-30.7859],[-63.7636,-30.7857]]],[[[-64.0099,-30.7798],[-64.0151,-30.7776],[-64.0163,-30.7838],[-64.0188,-30.7861],[-64.022,-30.7997],[-64.0137,-30.7986],[-64.0128,-30.7938],[-64.0097,-30.7898],[-64.0047,-30.7896],[-64.0091,-30.7836],[-64.0099,-30.7798]]],[[[-62.2685,-30.8866],[-62.2614,-30.8858],[-62.2456,-30.8822],[-62.2249,-30.8742],[-62.2167,-30.8669],[-62.2105,-30.8604],[-62.2048,-30.8511],[-62.2031,-30.8454],[-62.2003,-30.84],[-62.1983,-30.8288],[-62.1946,-30.8216],[-62.191,-30.808],[-62.187,-30.7951],[-62.1829,-30.7875],[-62.1825,-30.7786],[-62.194,-30.7788],[-62.1916,-30.789],[-62.1989,-30.8141],[-62.2016,-30.8272],[-62.2098,-30.8479],[-62.2283,-30.8631],[-62.2452,-30.8715],[-62.2699,-30.8811],[-62.2685,-30.8866]]],[[[-63.0242,-30.7886],[-63.0226,-30.7827],[-63.0255,-30.7822],[-63.0267,-30.7781],[-63.0337,-30.7781],[-63.0351,-30.7799],[-63.0281,-30.7863],[-63.0242,-30.7886]]],[[[-63.659,-30.7869],[-63.6589,-30.7753],[-63.6708,-30.7752],[-63.6732,-30.7869],[-63.659,-30.7869]]],[[[-64.0065,-30.7764],[-64.0021,-30.7741],[-64.0012,-30.7696],[-64.0103,-30.7695],[-64.0117,-30.7738],[-64.0101,-30.7769],[-64.0065,-30.7764]]],[[[-63.1165,-30.7828],[-63.1107,-30.7828],[-63.1078,-30.7768],[-63.1079,-30.7738],[-63.1184,-30.7736],[-63.1247,-30.776],[-63.1245,-30.7804],[-63.1195,-30.7806],[-63.1165,-30.7828]]],[[[-63.1132,-30.7711],[-63.1132,-30.7688],[-63.1238,-30.7688],[-63.1238,-30.7714],[-63.1132,-30.7711]]],[[[-64.3037,-30.7685],[-64.3056,-30.7623],[-64.31,-30.7627],[-64.3109,-30.7687],[-64.3172,-30.7645],[-64.3247,-30.7633],[-64.3272,-30.7666],[-64.3222,-30.7688],[-64.3185,-30.7687],[-64.3113,-30.7751],[-64.3032,-30.7733],[-64.3037,-30.7685]]],[[[-63.2274,-30.7764],[-63.2291,-30.7682],[-63.2332,-30.7684],[-63.2353,-30.7741],[-63.2274,-30.7764]]],[[[-65.1674,-30.7607],[-65.1697,-30.7502],[-65.1801,-30.7516],[-65.1841,-30.7575],[-65.1765,-30.7643],[-65.1674,-30.7607]]],[[[-63.6996,-30.7963],[-63.6983,-30.791],[-63.6938,-30.7881],[-63.6898,-30.7704],[-63.7064,-30.7662],[-63.7105,-30.7867],[-63.7042,-30.7949],[-63.6996,-30.7963]]],[[[-62.9137,-30.7866],[-62.917,-30.7809],[-62.9211,-30.769],[-62.9263,-30.7669],[-62.9326,-30.7666],[-62.9326,-30.7712],[-62.9302,-30.7753],[-62.925,-30.7781],[-62.9186,-30.7868],[-62.9137,-30.7866]]],[[[-63.808,-30.768],[-63.8071,-30.7623],[-63.8107,-30.7623],[-63.808,-30.768]]],[[[-64.714,-30.7622],[-64.715,-30.7531],[-64.7189,-30.7537],[-64.7204,-30.7615],[-64.7186,-30.7666],[-64.7139,-30.7673],[-64.7118,-30.7704],[-64.7117,-30.7768],[-64.6853,-30.7777],[-64.6864,-30.7765],[-64.7066,-30.775],[-64.7082,-30.7713],[-64.7069,-30.7649],[-64.6979,-30.7663],[-64.6988,-30.7622],[-64.7045,-30.7619],[-64.706,-30.7549],[-64.7099,-30.7565],[-64.709,-30.7629],[-64.714,-30.7622]]],[[[-63.4863,-30.7672],[-63.4816,-30.7623],[-63.4803,-30.7588],[-63.4868,-30.7599],[-63.4915,-30.762],[-63.4899,-30.7672],[-63.4863,-30.7672]]],[[[-62.1906,-30.7571],[-62.1945,-30.76],[-62.1939,-30.7708],[-62.1855,-30.7714],[-62.178,-30.7689],[-62.1781,-30.761],[-62.1827,-30.7614],[-62.1906,-30.7571]]],[[[-63.06,-30.7657],[-63.0627,-30.7655],[-63.0637,-30.7595],[-63.0678,-30.7594],[-63.0682,-30.765],[-63.0633,-30.7666],[-63.06,-30.7657]]],[[[-65.1935,-30.757],[-65.195,-30.7397],[-65.2026,-30.7398],[-65.204,-30.7483],[-65.2013,-30.7568],[-65.1935,-30.757]]],[[[-63.1212,-30.7595],[-63.1257,-30.7577],[-63.132,-30.769],[-63.1275,-30.7726],[-63.1254,-30.7666],[-63.1102,-30.7658],[-63.1102,-30.7599],[-63.1212,-30.7595]]],[[[-63.2517,-30.7752],[-63.2495,-30.7717],[-63.2413,-30.7639],[-63.246,-30.7618],[-63.2517,-30.7559],[-63.2503,-30.7639],[-63.2528,-30.7693],[-63.2576,-30.7714],[-63.2596,-30.7766],[-63.255,-30.7776],[-63.2517,-30.7752]]],[[[-64.846,-30.7696],[-64.8393,-30.774],[-64.8332,-30.776],[-64.8279,-30.7744],[-64.8239,-30.7675],[-64.8253,-30.7642],[-64.8157,-30.7612],[-64.8153,-30.7641],[-64.8118,-30.7652],[-64.8107,-30.7693],[-64.8195,-30.7694],[-64.828,-30.7804],[-64.8277,-30.7805],[-64.8257,-30.7803],[-64.8252,-30.7794],[-64.8228,-30.7781],[-64.8195,-30.7783],[-64.8143,-30.7711],[-64.8086,-30.773],[-64.808,-30.7798],[-64.8108,-30.7807],[-64.8056,-30.7799],[-64.8015,-30.7838],[-64.7981,-30.7879],[-64.7967,-30.787],[-64.7949,-30.7911],[-64.7939,-30.7938],[-64.7905,-30.7916],[-64.7893,-30.7878],[-64.788,-30.7851],[-64.7846,-30.7845],[-64.7952,-30.7816],[-64.7983,-30.7797],[-64.7986,-30.7734],[-64.7912,-30.7716],[-64.7947,-30.7664],[-64.7958,-30.7617],[-64.8002,-30.7586],[-64.7834,-30.7578],[-64.7775,-30.7613],[-64.7778,-30.763],[-64.777,-30.76],[-64.7731,-30.7584],[-64.7681,-30.7583],[-64.7929,-30.7424],[-64.8031,-30.7442],[-64.8115,-30.7481],[-64.8327,-30.7554],[-64.8482,-30.7634],[-64.846,-30.7696]]],[[[-63.0631,-30.7573],[-63.0629,-30.7516],[-63.0668,-30.7538],[-63.0666,-30.7575],[-63.0631,-30.7573]]],[[[-64.0458,-30.7563],[-64.0457,-30.7461],[-64.0523,-30.7467],[-64.0541,-30.7508],[-64.0536,-30.7577],[-64.0475,-30.7604],[-64.0458,-30.7563]]],[[[-63.7307,-30.7475],[-63.7352,-30.7506],[-63.7355,-30.7544],[-63.7319,-30.7547],[-63.7307,-30.7475]]],[[[-63.3866,-30.7454],[-63.391,-30.7445],[-63.3927,-30.7468],[-63.3981,-30.7463],[-63.3987,-30.752],[-63.3888,-30.7509],[-63.3866,-30.7454]]],[[[-63.7445,-30.7417],[-63.747,-30.7417],[-63.7476,-30.7507],[-63.7452,-30.7522],[-63.7404,-30.7474],[-63.7412,-30.7439],[-63.7445,-30.7417]]],[[[-63.2996,-30.7424],[-63.3,-30.739],[-63.3059,-30.7389],[-63.3069,-30.7433],[-63.3026,-30.7456],[-63.2996,-30.7424]]],[[[-63.8639,-30.7472],[-63.8625,-30.7419],[-63.8627,-30.7362],[-63.8688,-30.7376],[-63.8689,-30.7455],[-63.8639,-30.7472]]],[[[-64.209,-30.7397],[-64.2098,-30.7359],[-64.2137,-30.7334],[-64.2147,-30.7393],[-64.209,-30.7397]]],[[[-63.3905,-30.7376],[-63.3907,-30.7412],[-63.3785,-30.7495],[-63.3757,-30.7452],[-63.376,-30.741],[-63.3905,-30.7376]]],[[[-63.2314,-30.7373],[-63.2369,-30.7375],[-63.238,-30.7418],[-63.2462,-30.7387],[-63.2448,-30.7439],[-63.2407,-30.7463],[-63.2337,-30.7562],[-63.2342,-30.762],[-63.2249,-30.7609],[-63.2266,-30.7555],[-63.2328,-30.754],[-63.2336,-30.7477],[-63.2312,-30.7463],[-63.2314,-30.7373]]],[[[-64.7489,-30.7229],[-64.7748,-30.7318],[-64.7775,-30.7363],[-64.7776,-30.7443],[-64.7715,-30.7501],[-64.7639,-30.7502],[-64.7576,-30.7528],[-64.753,-30.75],[-64.7489,-30.7447],[-64.7489,-30.7229]]],[[[-63.3662,-30.7317],[-63.3716,-30.7318],[-63.3714,-30.7355],[-63.3664,-30.7345],[-63.3662,-30.7317]]],[[[-64.3195,-30.7299],[-64.3267,-30.7301],[-64.328,-30.7239],[-64.3316,-30.7241],[-64.3311,-30.7279],[-64.3413,-30.7285],[-64.3496,-30.7282],[-64.3502,-30.7327],[-64.3554,-30.7326],[-64.3604,-30.7297],[-64.3618,-30.7328],[-64.3581,-30.7354],[-64.3569,-30.7386],[-64.3522,-30.7408],[-64.3519,-30.7367],[-64.349,-30.7337],[-64.3444,-30.7354],[-64.345,-30.738],[-64.3362,-30.7395],[-64.3392,-30.7357],[-64.333,-30.7325],[-64.3259,-30.7332],[-64.3098,-30.7321],[-64.3005,-30.7325],[-64.2989,-30.7382],[-64.2923,-30.7421],[-64.2913,-30.7457],[-64.2944,-30.7514],[-64.2886,-30.7512],[-64.2879,-30.7414],[-64.2906,-30.7371],[-64.2961,-30.7361],[-64.296,-30.7313],[-64.3035,-30.7303],[-64.3092,-30.7257],[-64.3112,-30.7305],[-64.3159,-30.7316],[-64.3195,-30.7299]]],[[[-64.0058,-30.7297],[-64.0043,-30.7261],[-64.0079,-30.7249],[-64.011,-30.7299],[-64.0058,-30.7297]]],[[[-65.208,-30.715],[-65.2079,-30.7096],[-65.2149,-30.7115],[-65.2142,-30.7155],[-65.208,-30.715]]],[[[-65.201,-30.7185],[-65.2009,-30.7098],[-65.2032,-30.7097],[-65.2032,-30.7185],[-65.201,-30.7185]]],[[[-64.8526,-30.7149],[-64.8588,-30.7153],[-64.8674,-30.7196],[-64.8632,-30.7209],[-64.8609,-30.7182],[-64.855,-30.7169],[-64.8526,-30.7149]]],[[[-63.474,-30.727],[-63.4778,-30.7269],[-63.4776,-30.7323],[-63.4737,-30.7326],[-63.474,-30.727]]],[[[-65.1876,-30.7158],[-65.1872,-30.7095],[-65.1904,-30.7091],[-65.1906,-30.7161],[-65.1876,-30.7158]]],[[[-64.732,-30.7449],[-64.731,-30.7158],[-64.7427,-30.7203],[-64.7405,-30.7278],[-64.7394,-30.735],[-64.7417,-30.7403],[-64.7365,-30.7463],[-64.732,-30.7449]]],[[[-63.1305,-30.7276],[-63.1337,-30.7305],[-63.1301,-30.7343],[-63.1279,-30.7298],[-63.1305,-30.7276]]],[[[-63.4497,-30.727],[-63.4585,-30.7266],[-63.4619,-30.7253],[-63.4621,-30.7351],[-63.4565,-30.7372],[-63.451,-30.7372],[-63.4487,-30.7278],[-63.4497,-30.727]]],[[[-63.5443,-30.7244],[-63.5466,-30.7245],[-63.5469,-30.7312],[-63.5413,-30.7311],[-63.541,-30.7255],[-63.5443,-30.7244]]],[[[-63.5308,-30.7255],[-63.533,-30.7242],[-63.5396,-30.7241],[-63.5401,-30.7335],[-63.5351,-30.7348],[-63.534,-30.7454],[-63.523,-30.745],[-63.5151,-30.7485],[-63.5086,-30.7483],[-63.5055,-30.7359],[-63.5103,-30.734],[-63.5198,-30.7334],[-63.521,-30.7289],[-63.5306,-30.7278],[-63.5308,-30.7255]]],[[[-64.1614,-30.7209],[-64.1655,-30.7202],[-64.1647,-30.7268],[-64.1602,-30.7266],[-64.1614,-30.7209]]],[[[-63.7,-30.7234],[-63.6979,-30.7201],[-63.707,-30.7206],[-63.7062,-30.7236],[-63.7,-30.7234]]],[[[-63.424,-30.726],[-63.4284,-30.7212],[-63.4339,-30.7224],[-63.4341,-30.7316],[-63.4289,-30.7317],[-63.424,-30.726]]],[[[-63.4101,-30.7201],[-63.4142,-30.7201],[-63.4144,-30.7247],[-63.4088,-30.7246],[-63.4101,-30.7201]]],[[[-64.8395,-30.7118],[-64.8413,-30.7083],[-64.8469,-30.7132],[-64.8469,-30.7164],[-64.8432,-30.7181],[-64.84,-30.7163],[-64.8395,-30.7118]]],[[[-63.783,-30.7221],[-63.7833,-30.7188],[-63.7932,-30.7192],[-63.7938,-30.7228],[-63.7889,-30.7233],[-63.7845,-30.7259],[-63.783,-30.7221]]],[[[-63.3874,-30.7251],[-63.386,-30.7192],[-63.3917,-30.718],[-63.3942,-30.7191],[-63.3955,-30.7243],[-63.3983,-30.7251],[-63.3995,-30.7292],[-63.3876,-30.7294],[-63.3874,-30.7251]]],[[[-63.118,-30.7185],[-63.1293,-30.7185],[-63.1278,-30.7234],[-63.1234,-30.7234],[-63.1219,-30.7321],[-63.1195,-30.7321],[-63.1199,-30.7232],[-63.118,-30.7185]]],[[[-63.2257,-30.7204],[-63.2269,-30.7171],[-63.2311,-30.7171],[-63.2348,-30.7206],[-63.2322,-30.7321],[-63.2259,-30.7322],[-63.2258,-30.7274],[-63.231,-30.7273],[-63.2322,-30.7232],[-63.2309,-30.7204],[-63.2257,-30.7204]]],[[[-63.4881,-30.7197],[-63.4869,-30.7164],[-63.4948,-30.7153],[-63.495,-30.7177],[-63.5017,-30.7177],[-63.5012,-30.7222],[-63.4964,-30.7198],[-63.4881,-30.7197]]],[[[-63.0184,-30.7188],[-63.0277,-30.7163],[-63.0281,-30.7232],[-63.0112,-30.7266],[-63.0104,-30.7321],[-63.0047,-30.7319],[-63.0045,-30.7298],[-62.9956,-30.73],[-62.9962,-30.7321],[-62.9866,-30.7323],[-62.9892,-30.7293],[-63.001,-30.7262],[-63.0001,-30.7232],[-63.0063,-30.723],[-63.0077,-30.7202],[-63.0168,-30.7207],[-63.0184,-30.7188]]],[[[-64.847,-30.7023],[-64.8512,-30.7049],[-64.8567,-30.7048],[-64.8602,-30.7023],[-64.861,-30.7076],[-64.8634,-30.7082],[-64.8652,-30.7129],[-64.8607,-30.7128],[-64.8551,-30.7085],[-64.8508,-30.708],[-64.847,-30.7023]]],[[[-63.1524,-30.7173],[-63.1559,-30.7175],[-63.1556,-30.7259],[-63.1533,-30.7285],[-63.144,-30.7278],[-63.1436,-30.7255],[-63.1505,-30.7255],[-63.1502,-30.7197],[-63.1524,-30.7173]]],[[[-64.4539,-30.7059],[-64.4637,-30.7058],[-64.4639,-30.7083],[-64.4587,-30.7119],[-64.4604,-30.7188],[-64.4557,-30.7183],[-64.457,-30.7081],[-64.4539,-30.7059]]],[[[-63.1365,-30.7173],[-63.1289,-30.7161],[-63.1308,-30.7139],[-63.1378,-30.7139],[-63.1365,-30.7173]]],[[[-63.292,-30.7207],[-63.2937,-30.7147],[-63.2987,-30.7147],[-63.3001,-30.7183],[-63.2973,-30.7319],[-63.2904,-30.732],[-63.2904,-30.725],[-63.292,-30.7207]]],[[[-63.7771,-30.7102],[-63.7819,-30.7162],[-63.7733,-30.7148],[-63.7738,-30.7117],[-63.7771,-30.7102]]],[[[-63.3984,-30.7113],[-63.4048,-30.7112],[-63.4049,-30.7134],[-63.3984,-30.7145],[-63.3984,-30.7113]]],[[[-63.5269,-30.7152],[-63.5252,-30.7131],[-63.5385,-30.7129],[-63.5433,-30.7108],[-63.5434,-30.7176],[-63.5344,-30.7168],[-63.5287,-30.7176],[-63.5269,-30.7152]]],[[[-64.1515,-30.7155],[-64.1505,-30.7089],[-64.1539,-30.7068],[-64.155,-30.7156],[-64.1515,-30.7155]]],[[[-64.6816,-30.7252],[-64.6809,-30.7207],[-64.6826,-30.719],[-64.6828,-30.711],[-64.6761,-30.7098],[-64.6757,-30.7004],[-64.6789,-30.702],[-64.6822,-30.7061],[-64.6873,-30.7066],[-64.6867,-30.7031],[-64.6995,-30.7073],[-64.694,-30.7131],[-64.6938,-30.7246],[-64.7057,-30.7359],[-64.711,-30.7383],[-64.7151,-30.7421],[-64.7252,-30.743],[-64.7248,-30.7461],[-64.7066,-30.7443],[-64.7027,-30.7475],[-64.6954,-30.7465],[-64.6905,-30.7435],[-64.6848,-30.7432],[-64.6823,-30.7366],[-64.6816,-30.7252]]],[[[-63.6738,-30.7114],[-63.6743,-30.7087],[-63.683,-30.7085],[-63.683,-30.7113],[-63.6738,-30.7114]]],[[[-64.163,-30.7083],[-64.1661,-30.7043],[-64.1691,-30.7083],[-64.163,-30.7083]]],[[[-63.4826,-30.7081],[-63.4867,-30.711],[-63.4866,-30.7141],[-63.4816,-30.713],[-63.4826,-30.7081]]],[[[-63.1199,-30.7118],[-63.1153,-30.7113],[-63.1155,-30.7069],[-63.1212,-30.7071],[-63.1219,-30.7094],[-63.1298,-30.7095],[-63.1298,-30.7118],[-63.1199,-30.7118]]],[[[-64.4774,-30.7078],[-64.4673,-30.7062],[-64.4706,-30.7012],[-64.4751,-30.7007],[-64.4774,-30.7062],[-64.4774,-30.7078]]],[[[-64.8584,-30.6974],[-64.8567,-30.6939],[-64.8614,-30.6922],[-64.8667,-30.6967],[-64.8606,-30.6992],[-64.8584,-30.6974]]],[[[-63.4417,-30.704],[-63.4474,-30.7043],[-63.4513,-30.7109],[-63.4737,-30.7108],[-63.4737,-30.7164],[-63.4654,-30.7157],[-63.4522,-30.7158],[-63.452,-30.7179],[-63.4443,-30.7167],[-63.443,-30.7063],[-63.4417,-30.704]]],[[[-63.6953,-30.7031],[-63.7061,-30.7018],[-63.7081,-30.7133],[-63.7007,-30.7152],[-63.694,-30.7152],[-63.6902,-30.7124],[-63.6912,-30.7079],[-63.6953,-30.7031]]],[[[-64.3352,-30.7064],[-64.3351,-30.6971],[-64.3387,-30.6965],[-64.338,-30.7078],[-64.3352,-30.7064]]],[[[-65.2264,-30.6887],[-65.2261,-30.6844],[-65.2298,-30.6843],[-65.229,-30.689],[-65.2264,-30.6887]]],[[[-63.1113,-30.7049],[-63.1115,-30.7002],[-63.1168,-30.7002],[-63.1162,-30.705],[-63.1113,-30.7049]]],[[[-63.0664,-30.7028],[-63.0719,-30.7003],[-63.0844,-30.6999],[-63.0871,-30.6987],[-63.0933,-30.7027],[-63.0923,-30.7074],[-63.0995,-30.7091],[-63.1089,-30.7154],[-63.1122,-30.7229],[-63.104,-30.7235],[-63.1034,-30.7193],[-63.0958,-30.7186],[-63.0933,-30.7203],[-63.0818,-30.7207],[-63.0769,-30.7189],[-63.0803,-30.7131],[-63.0768,-30.7051],[-63.0692,-30.7067],[-63.0624,-30.7061],[-63.0664,-30.7028]]],[[[-63.1384,-30.698],[-63.1448,-30.698],[-63.148,-30.7068],[-63.1585,-30.7075],[-63.1583,-30.7097],[-63.1462,-30.7092],[-63.1425,-30.7082],[-63.1432,-30.705],[-63.133,-30.7046],[-63.1331,-30.7021],[-63.1382,-30.7022],[-63.1384,-30.698]]],[[[-63.1497,-30.7023],[-63.149,-30.698],[-63.1538,-30.6979],[-63.1553,-30.7023],[-63.1497,-30.7023]]],[[[-63.1659,-30.6976],[-63.1834,-30.6977],[-63.1835,-30.7025],[-63.1729,-30.7025],[-63.1728,-30.7049],[-63.1607,-30.7046],[-63.1611,-30.6997],[-63.1659,-30.6976]]],[[[-63.4213,-30.6971],[-63.4246,-30.697],[-63.4246,-30.7015],[-63.4216,-30.7018],[-63.4213,-30.6971]]],[[[-65.2197,-30.6856],[-65.2197,-30.677],[-65.2248,-30.6768],[-65.2223,-30.6856],[-65.2197,-30.6856]]],[[[-64.3349,-30.6926],[-64.331,-30.6882],[-64.3401,-30.689],[-64.3415,-30.6926],[-64.3349,-30.6926]]],[[[-64.0515,-30.6938],[-64.052,-30.689],[-64.0567,-30.6908],[-64.0515,-30.6938]]],[[[-63.0437,-30.7024],[-63.0435,-30.693],[-63.047,-30.6923],[-63.0464,-30.7026],[-63.0437,-30.7024]]],[[[-63.5334,-30.6967],[-63.5371,-30.6943],[-63.537,-30.691],[-63.5426,-30.6912],[-63.5426,-30.6957],[-63.5369,-30.6979],[-63.5334,-30.6967]]],[[[-63.3277,-30.6909],[-63.3357,-30.6909],[-63.3369,-30.6931],[-63.3373,-30.7023],[-63.3398,-30.7047],[-63.3387,-30.7089],[-63.3301,-30.7137],[-63.3457,-30.7135],[-63.3513,-30.7159],[-63.3532,-30.7212],[-63.358,-30.7213],[-63.365,-30.719],[-63.3654,-30.7252],[-63.3608,-30.7263],[-63.3569,-30.7294],[-63.3517,-30.7296],[-63.3513,-30.7238],[-63.3476,-30.7249],[-63.3478,-30.7282],[-63.3381,-30.7293],[-63.3387,-30.7386],[-63.3213,-30.7386],[-63.3173,-30.7413],[-63.3095,-30.7412],[-63.3095,-30.7375],[-63.3141,-30.7363],[-63.3186,-30.7331],[-63.325,-30.7332],[-63.3303,-30.7318],[-63.3301,-30.7273],[-63.3224,-30.7276],[-63.32,-30.732],[-63.3106,-30.7321],[-63.3123,-30.7296],[-63.3182,-30.7295],[-63.3211,-30.7259],[-63.3211,-30.7203],[-63.3093,-30.7204],[-63.308,-30.7088],[-63.3061,-30.7024],[-63.31,-30.6996],[-63.3143,-30.6995],[-63.3183,-30.6966],[-63.3211,-30.701],[-63.3237,-30.6964],[-63.3213,-30.6928],[-63.3276,-30.693],[-63.3277,-30.6909]]],[[[-65.2117,-30.6854],[-65.2119,-30.6815],[-65.2063,-30.6816],[-65.2063,-30.6737],[-65.2016,-30.6733],[-65.2015,-30.6679],[-65.2103,-30.6692],[-65.2099,-30.6738],[-65.2163,-30.6758],[-65.2164,-30.6816],[-65.2117,-30.6854]]],[[[-63.3539,-30.6928],[-63.354,-30.6894],[-63.359,-30.687],[-63.3648,-30.686],[-63.3633,-30.693],[-63.3539,-30.6928]]],[[[-65.2236,-30.674],[-65.2253,-30.6673],[-65.2279,-30.6673],[-65.2272,-30.6741],[-65.2236,-30.674]]],[[[-63.3848,-30.6871],[-63.3906,-30.6858],[-63.3921,-30.6907],[-63.3968,-30.6907],[-63.3968,-30.6998],[-63.3919,-30.7064],[-63.3864,-30.7075],[-63.3862,-30.6907],[-63.3848,-30.6871]]],[[[-63.7261,-30.6869],[-63.73,-30.6835],[-63.733,-30.6835],[-63.7331,-30.6878],[-63.7273,-30.6895],[-63.7261,-30.6869]]],[[[-63.3727,-30.693],[-63.3732,-30.6885],[-63.3703,-30.6874],[-63.3712,-30.6837],[-63.3775,-30.6863],[-63.3784,-30.6919],[-63.3727,-30.693]]],[[[-63.1063,-30.6841],[-63.1162,-30.684],[-63.1118,-30.6886],[-63.1111,-30.6935],[-63.0968,-30.6934],[-63.0965,-30.6862],[-63.1041,-30.6864],[-63.1063,-30.6841]]],[[[-64.1414,-30.6837],[-64.1424,-30.6789],[-64.1455,-30.6791],[-64.1466,-30.6834],[-64.1414,-30.6837]]],[[[-63.3993,-30.687],[-63.3994,-30.6834],[-63.4056,-30.6832],[-63.4062,-30.6887],[-63.4097,-30.6915],[-63.4116,-30.6974],[-63.4017,-30.6976],[-63.4018,-30.6929],[-63.3993,-30.6903],[-63.3993,-30.687]]],[[[-63.2272,-30.6878],[-63.2322,-30.6828],[-63.2336,-30.6859],[-63.2373,-30.6865],[-63.2402,-30.6975],[-63.2349,-30.7],[-63.2321,-30.697],[-63.2299,-30.6912],[-63.2272,-30.6878]]],[[[-64.2,-30.6843],[-64.1987,-30.6767],[-64.2022,-30.6771],[-64.2023,-30.685],[-64.2,-30.6843]]],[[[-63.8117,-30.6857],[-63.8136,-30.6811],[-63.8178,-30.6837],[-63.8117,-30.6857]]],[[[-64.05,-30.6794],[-64.0455,-30.6776],[-64.0452,-30.6747],[-64.0552,-30.6756],[-64.0552,-30.6796],[-64.05,-30.6794]]],[[[-63.2154,-30.6786],[-63.219,-30.683],[-63.2191,-30.6921],[-63.2129,-30.6912],[-63.212,-30.6804],[-63.2154,-30.6786]]],[[[-63.7055,-30.6916],[-63.7041,-30.6877],[-63.7074,-30.6865],[-63.7081,-30.6765],[-63.712,-30.6765],[-63.7126,-30.6827],[-63.7151,-30.686],[-63.7151,-30.6915],[-63.7055,-30.6916]]],[[[-63.1853,-30.6926],[-63.188,-30.6864],[-63.185,-30.6799],[-63.1906,-30.6776],[-63.1989,-30.683],[-63.1982,-30.6861],[-63.2056,-30.6906],[-63.2123,-30.691],[-63.2148,-30.6926],[-63.2281,-30.6935],[-63.2246,-30.6958],[-63.2245,-30.6986],[-63.2336,-30.7056],[-63.2419,-30.702],[-63.2483,-30.7003],[-63.2495,-30.6956],[-63.2534,-30.693],[-63.252,-30.6859],[-63.2561,-30.6839],[-63.2634,-30.6837],[-63.2637,-30.6817],[-63.2736,-30.6807],[-63.2749,-30.6905],[-63.2796,-30.6886],[-63.2883,-30.6884],[-63.2905,-30.6932],[-63.2904,-30.6987],[-63.2777,-30.7002],[-63.2723,-30.7023],[-63.2716,-30.7057],[-63.264,-30.7093],[-63.2646,-30.7139],[-63.2617,-30.7183],[-63.2628,-30.723],[-63.2561,-30.7239],[-63.2454,-30.7234],[-63.244,-30.7162],[-63.2412,-30.7117],[-63.2327,-30.7117],[-63.2327,-30.7133],[-63.2254,-30.7149],[-63.223,-30.7114],[-63.2143,-30.7116],[-63.215,-30.7161],[-63.2137,-30.7224],[-63.2096,-30.7207],[-63.2022,-30.7208],[-63.1992,-30.7254],[-63.1953,-30.7251],[-63.1954,-30.7208],[-63.1892,-30.7208],[-63.19,-30.7273],[-63.1945,-30.7322],[-63.1994,-30.7345],[-63.1997,-30.7388],[-63.1931,-30.7392],[-63.1933,-30.7447],[-63.1967,-30.7482],[-63.2022,-30.7455],[-63.2058,-30.7456],[-63.2097,-30.7435],[-63.2151,-30.7436],[-63.2141,-30.7484],[-63.2098,-30.7484],[-63.2112,-30.7549],[-63.205,-30.7552],[-63.2014,-30.7579],[-63.201,-30.7651],[-63.2082,-30.7662],[-63.2084,-30.7713],[-63.2048,-30.7715],[-63.2049,-30.7756],[-63.2113,-30.7756],[-63.2112,-30.7848],[-63.206,-30.7849],[-63.2048,-30.787],[-63.1969,-30.7897],[-63.1964,-30.7803],[-63.1932,-30.7701],[-63.1912,-30.7711],[-63.1727,-30.7713],[-63.171,-30.7664],[-63.1636,-30.7665],[-63.161,-30.7677],[-63.1578,-30.7647],[-63.158,-30.7597],[-63.1445,-30.7594],[-63.1412,-30.7587],[-63.1397,-30.7549],[-63.1408,-30.7517],[-63.1477,-30.75],[-63.1479,-30.7485],[-63.1555,-30.7476],[-63.1542,-30.7434],[-63.1503,-30.7436],[-63.1552,-30.7323],[-63.1616,-30.7274],[-63.1673,-30.7272],[-63.1643,-30.7129],[-63.1713,-30.7127],[-63.1729,-30.72],[-63.1874,-30.717],[-63.1857,-30.7075],[-63.1853,-30.6926]]],[[[-63.1471,-30.6793],[-63.1431,-30.6771],[-63.1586,-30.6772],[-63.1586,-30.6803],[-63.1471,-30.6793]]],[[[-65.1859,-30.6584],[-65.1908,-30.6613],[-65.1955,-30.6601],[-65.1953,-30.6667],[-65.1861,-30.6654],[-65.1859,-30.6584]]],[[[-64.3627,-30.6748],[-64.3626,-30.669],[-64.3665,-30.6691],[-64.367,-30.6749],[-64.3627,-30.6748]]],[[[-63.1612,-30.6748],[-63.1676,-30.6747],[-63.1688,-30.6772],[-63.1793,-30.677],[-63.1844,-30.6749],[-63.1845,-30.6793],[-63.1804,-30.6799],[-63.1647,-30.6792],[-63.1612,-30.6748]]],[[[-64.0728,-30.672],[-64.0738,-30.6671],[-64.0822,-30.6661],[-64.0861,-30.6728],[-64.0832,-30.6799],[-64.0835,-30.6849],[-64.0799,-30.6864],[-64.0784,-30.6996],[-64.0756,-30.6931],[-64.0636,-30.6861],[-64.0677,-30.6791],[-64.0726,-30.6755],[-64.0728,-30.672]]],[[[-64.2321,-30.757],[-64.2375,-30.756],[-64.2483,-30.7576],[-64.2502,-30.7554],[-64.2566,-30.7589],[-64.2608,-30.7582],[-64.2643,-30.7553],[-64.2607,-30.7522],[-64.254,-30.7523],[-64.2443,-30.749],[-64.2401,-30.7457],[-64.2465,-30.7442],[-64.2453,-30.7385],[-64.251,-30.7375],[-64.2498,-30.7442],[-64.2539,-30.7442],[-64.2558,-30.7418],[-64.2614,-30.7417],[-64.2754,-30.7346],[-64.2775,-30.7299],[-64.278,-30.7246],[-64.2824,-30.7238],[-64.2839,-30.7117],[-64.2827,-30.7078],[-64.2781,-30.7105],[-64.2698,-30.7134],[-64.2695,-30.7094],[-64.2645,-30.7083],[-64.2703,-30.7049],[-64.2729,-30.6965],[-64.2693,-30.6965],[-64.265,-30.7028],[-64.2596,-30.7048],[-64.258,-30.7129],[-64.2597,-30.7169],[-64.2563,-30.7185],[-64.2559,-30.7215],[-64.2589,-30.7231],[-64.2633,-30.7226],[-64.2668,-30.7247],[-64.267,-30.729],[-64.2582,-30.7335],[-64.255,-30.7304],[-64.2477,-30.7301],[-64.2338,-30.7275],[-64.2314,-30.7324],[-64.2217,-30.7261],[-64.2208,-30.724],[-64.2285,-30.7239],[-64.2315,-30.7184],[-64.2376,-30.7183],[-64.2406,-30.7168],[-64.232,-30.7124],[-64.2316,-30.7057],[-64.2372,-30.7066],[-64.2378,-30.7123],[-64.2414,-30.7104],[-64.2463,-30.7101],[-64.2532,-30.7074],[-64.257,-30.7007],[-64.2601,-30.6842],[-64.2584,-30.6799],[-64.261,-30.6737],[-64.2569,-30.6717],[-64.2506,-30.6783],[-64.2427,-30.6764],[-64.2357,-30.6804],[-64.231,-30.6798],[-64.2261,-30.6821],[-64.2224,-30.6786],[-64.2293,-30.6764],[-64.2335,-30.6771],[-64.2356,-30.6739],[-64.2464,-30.6715],[-64.2497,-30.6688],[-64.264,-30.6641],[-64.2726,-30.6738],[-64.273,-30.6791],[-64.2776,-30.6781],[-64.283,-30.6798],[-64.286,-30.6823],[-64.2841,-30.6847],[-64.2866,-30.6887],[-64.2874,-30.6976],[-64.2898,-30.7011],[-64.2938,-30.7006],[-64.2939,-30.7079],[-64.2894,-30.7092],[-64.2885,-30.7131],[-64.293,-30.7221],[-64.2905,-30.7283],[-64.2877,-30.7283],[-64.2821,-30.7401],[-64.2783,-30.7429],[-64.2794,-30.7492],[-64.2775,-30.7514],[-64.2781,-30.7554],[-64.2727,-30.7556],[-64.2732,-30.7607],[-64.2776,-30.758],[-64.2828,-30.7596],[-64.285,-30.7703],[-64.2767,-30.774],[-64.2612,-30.7689],[-64.2567,-30.7687],[-64.248,-30.7736],[-64.2383,-30.7718],[-64.2302,-30.7654],[-64.2274,-30.7614],[-64.2287,-30.7584],[-64.2321,-30.757]]],[[[-64.3571,-30.6668],[-64.3581,-30.6623],[-64.364,-30.6633],[-64.3625,-30.6676],[-64.3571,-30.6668]]],[[[-63.9033,-30.6729],[-63.9016,-30.6653],[-63.904,-30.6653],[-63.9033,-30.6729]]],[[[-63.3954,-30.6767],[-63.3951,-30.6675],[-63.4017,-30.6653],[-63.4031,-30.6767],[-63.3954,-30.6767]]],[[[-65.2149,-30.6463],[-65.2232,-30.6469],[-65.2228,-30.6491],[-65.2168,-30.6495],[-65.2149,-30.6463]]],[[[-64.3413,-30.6568],[-64.3453,-30.6635],[-64.3456,-30.6691],[-64.3396,-30.6635],[-64.3372,-30.6658],[-64.3293,-30.6661],[-64.3318,-30.6693],[-64.3322,-30.6749],[-64.3258,-30.6749],[-64.3249,-30.67],[-64.318,-30.6638],[-64.329,-30.6629],[-64.3293,-30.6606],[-64.3349,-30.6589],[-64.3413,-30.6589],[-64.3413,-30.6568]]],[[[-64.2127,-30.6586],[-64.2192,-30.6622],[-64.2244,-30.6595],[-64.2332,-30.6575],[-64.2396,-30.6603],[-64.2403,-30.6677],[-64.2307,-30.6672],[-64.2295,-30.6716],[-64.2257,-30.675],[-64.2227,-30.6741],[-64.2234,-30.6688],[-64.2174,-30.6635],[-64.2159,-30.6641],[-64.2102,-30.6595],[-64.2127,-30.6586]]],[[[-64.9309,-30.6464],[-64.9335,-30.6555],[-64.9302,-30.6543],[-64.9309,-30.6464]]],[[[-64.8619,-30.6528],[-64.8577,-30.6526],[-64.8577,-30.6463],[-64.8647,-30.6504],[-64.8619,-30.6528]]],[[[-63.4229,-30.6586],[-63.4331,-30.6588],[-63.4333,-30.6719],[-63.4241,-30.6724],[-63.4229,-30.6586]]],[[[-64.11,-30.6654],[-64.1041,-30.6652],[-64.1062,-30.6619],[-64.1055,-30.6571],[-64.108,-30.6543],[-64.1149,-30.6546],[-64.1135,-30.6668],[-64.11,-30.6654]]],[[[-63.3553,-30.6668],[-63.3536,-30.6666],[-63.354,-30.6584],[-63.3606,-30.6583],[-63.3648,-30.6608],[-63.3648,-30.6677],[-63.3554,-30.6688],[-63.3553,-30.6668]]],[[[-63.1571,-30.6557],[-63.1602,-30.6591],[-63.1559,-30.6611],[-63.1511,-30.661],[-63.151,-30.6563],[-63.1571,-30.6557]]],[[[-63.2531,-30.6549],[-63.2588,-30.6547],[-63.2618,-30.6613],[-63.261,-30.6661],[-63.2562,-30.6633],[-63.2519,-30.6635],[-63.2534,-30.6683],[-63.2434,-30.6702],[-63.2391,-30.6634],[-63.2392,-30.6589],[-63.2435,-30.6564],[-63.2528,-30.6567],[-63.2531,-30.6549]]],[[[-63.314,-30.6539],[-63.329,-30.6541],[-63.3318,-30.6573],[-63.3334,-30.6677],[-63.3354,-30.6678],[-63.3354,-30.6745],[-63.3317,-30.6746],[-63.3313,-30.6701],[-63.3281,-30.6702],[-63.3291,-30.6771],[-63.3221,-30.6774],[-63.3214,-30.6826],[-63.3145,-30.6841],[-63.3141,-30.6896],[-63.3123,-30.6909],[-63.3037,-30.6908],[-63.3048,-30.6857],[-63.2972,-30.6851],[-63.2945,-30.6859],[-63.2855,-30.6857],[-63.2835,-30.6771],[-63.2812,-30.6723],[-63.2792,-30.6624],[-63.2947,-30.6598],[-63.2962,-30.661],[-63.2964,-30.6791],[-63.2989,-30.6814],[-63.3047,-30.6816],[-63.3025,-30.678],[-63.312,-30.6766],[-63.3114,-30.6726],[-63.305,-30.6656],[-63.3052,-30.6613],[-63.3076,-30.6574],[-63.313,-30.6559],[-63.314,-30.6539]]],[[[-65.0459,-30.6369],[-65.0458,-30.6319],[-65.0607,-30.6306],[-65.0601,-30.6392],[-65.0459,-30.6369]]],[[[-63.4956,-30.6513],[-63.4948,-30.6465],[-63.5,-30.6444],[-63.5131,-30.6443],[-63.5145,-30.6556],[-63.5023,-30.6569],[-63.5013,-30.6535],[-63.4959,-30.6537],[-63.4956,-30.6513]]],[[[-64.9473,-30.6368],[-64.9488,-30.6306],[-64.9516,-30.6305],[-64.9511,-30.6356],[-64.9473,-30.6368]]],[[[-63.5555,-30.6429],[-63.5593,-30.6427],[-63.5606,-30.6475],[-63.5541,-30.6463],[-63.5555,-30.6429]]],[[[-63.0728,-30.6449],[-63.0722,-30.6393],[-63.0783,-30.6396],[-63.0819,-30.6426],[-63.0855,-30.6478],[-63.0954,-30.6598],[-63.0954,-30.665],[-63.1016,-30.6697],[-63.1027,-30.6814],[-63.0781,-30.685],[-63.0781,-30.6799],[-63.0751,-30.6752],[-63.0713,-30.6656],[-63.071,-30.6613],[-63.0832,-30.6615],[-63.0857,-30.6564],[-63.081,-30.6547],[-63.081,-30.6596],[-63.0701,-30.659],[-63.0681,-30.6537],[-63.0645,-30.6504],[-63.0579,-30.6488],[-63.0595,-30.643],[-63.0672,-30.6424],[-63.0674,-30.6455],[-63.0728,-30.6449]]],[[[-63.7405,-30.6455],[-63.7421,-30.6391],[-63.7443,-30.6362],[-63.752,-30.6371],[-63.7518,-30.6457],[-63.7405,-30.6455]]],[[[-63.4663,-30.6514],[-63.4738,-30.6453],[-63.475,-30.6394],[-63.4783,-30.6362],[-63.4835,-30.6377],[-63.4843,-30.6524],[-63.4791,-30.6558],[-63.4666,-30.6561],[-63.4663,-30.6514]]],[[[-63.5727,-30.6486],[-63.576,-30.6481],[-63.5751,-30.644],[-63.5776,-30.6371],[-63.5823,-30.6375],[-63.5846,-30.642],[-63.585,-30.6471],[-63.5894,-30.6494],[-63.5927,-30.6461],[-63.5981,-30.6459],[-63.598,-30.6537],[-63.6,-30.6598],[-63.5949,-30.6601],[-63.5905,-30.6621],[-63.589,-30.6648],[-63.5804,-30.6647],[-63.5805,-30.6598],[-63.5783,-30.6579],[-63.5728,-30.6575],[-63.5714,-30.6545],[-63.5727,-30.6486]]],[[[-64.3379,-30.6316],[-64.3397,-30.6294],[-64.3474,-30.6291],[-64.3473,-30.6324],[-64.3529,-30.635],[-64.3531,-30.6406],[-64.3607,-30.6403],[-64.361,-30.6551],[-64.3557,-30.654],[-64.3563,-30.6486],[-64.3527,-30.6473],[-64.3491,-30.6427],[-64.3489,-30.636],[-64.3449,-30.636],[-64.3379,-30.6316]]],[[[-64.4636,-30.6793],[-64.4684,-30.6793],[-64.47,-30.684],[-64.4702,-30.6909],[-64.4674,-30.6929],[-64.4633,-30.6913],[-64.4543,-30.699],[-64.4488,-30.701],[-64.4433,-30.6991],[-64.443,-30.7011],[-64.4415,-30.7066],[-64.4289,-30.7062],[-64.4269,-30.7131],[-64.423,-30.7139],[-64.4224,-30.7099],[-64.4127,-30.7097],[-64.4089,-30.7112],[-64.4197,-30.7147],[-64.4161,-30.7171],[-64.4187,-30.7194],[-64.4297,-30.716],[-64.4354,-30.7123],[-64.4404,-30.7128],[-64.4412,-30.7177],[-64.4387,-30.7198],[-64.4381,-30.7242],[-64.4326,-30.7243],[-64.4293,-30.7262],[-64.428,-30.732],[-64.4303,-30.7368],[-64.429,-30.7439],[-64.4302,-30.7496],[-64.4328,-30.753],[-64.4247,-30.7536],[-64.4219,-30.7488],[-64.4186,-30.7517],[-64.4207,-30.7536],[-64.4189,-30.761],[-64.4167,-30.7677],[-64.4144,-30.7648],[-64.4074,-30.7649],[-64.4079,-30.7575],[-64.4046,-30.7573],[-64.3994,-30.7597],[-64.3983,-30.7626],[-64.3925,-30.761],[-64.3869,-30.7608],[-64.3863,-30.7563],[-64.3966,-30.7574],[-64.3948,-30.7521],[-64.3978,-30.7493],[-64.4056,-30.7499],[-64.4068,-30.7408],[-64.4018,-30.738],[-64.4016,-30.7444],[-64.3961,-30.7452],[-64.3971,-30.74],[-64.394,-30.7355],[-64.3942,-30.7304],[-64.3912,-30.7276],[-64.3905,-30.7214],[-64.3927,-30.7173],[-64.392,-30.7073],[-64.393,-30.704],[-64.3929,-30.6963],[-64.3975,-30.6913],[-64.4003,-30.6905],[-64.401,-30.6857],[-64.3967,-30.6833],[-64.3944,-30.6856],[-64.3951,-30.6899],[-64.3866,-30.699],[-64.3878,-30.7024],[-64.383,-30.7026],[-64.3825,-30.6986],[-64.3876,-30.693],[-64.3838,-30.6879],[-64.3744,-30.6961],[-64.3765,-30.6898],[-64.3804,-30.6864],[-64.38,-30.6812],[-64.3734,-30.6796],[-64.3725,-30.6748],[-64.3743,-30.6703],[-64.3742,-30.6641],[-64.3695,-30.6634],[-64.3689,-30.6606],[-64.3711,-30.656],[-64.3726,-30.6464],[-64.3767,-30.6421],[-64.3766,-30.6383],[-64.3811,-30.6394],[-64.3806,-30.6442],[-64.3773,-30.6488],[-64.3774,-30.6535],[-64.3829,-30.6504],[-64.3859,-30.6525],[-64.3939,-30.6522],[-64.4009,-30.6559],[-64.4031,-30.6583],[-64.4029,-30.6623],[-64.3982,-30.6626],[-64.4025,-30.6721],[-64.4055,-30.669],[-64.4058,-30.6549],[-64.4047,-30.653],[-64.3972,-30.6493],[-64.394,-30.6395],[-64.4004,-30.6414],[-64.4031,-30.639],[-64.4092,-30.6391],[-64.4101,-30.6413],[-64.4082,-30.6463],[-64.4135,-30.6479],[-64.4136,-30.6405],[-64.4167,-30.6388],[-64.4201,-30.6452],[-64.4215,-30.6521],[-64.4275,-30.6478],[-64.4208,-30.6421],[-64.4277,-30.6368],[-64.4268,-30.6344],[-64.421,-30.633],[-64.4211,-30.6242],[-64.4242,-30.6254],[-64.4293,-30.6334],[-64.437,-30.6345],[-64.4341,-30.6422],[-64.4339,-30.6482],[-64.4353,-30.6533],[-64.4332,-30.6565],[-64.4371,-30.6577],[-64.438,-30.6445],[-64.4374,-30.6426],[-64.4432,-30.6392],[-64.4449,-30.6441],[-64.4479,-30.6432],[-64.4484,-30.6382],[-64.4507,-30.6303],[-64.4557,-30.6307],[-64.4553,-30.6367],[-64.4583,-30.6405],[-64.4529,-30.6465],[-64.4482,-30.6502],[-64.4481,-30.6561],[-64.4547,-30.652],[-64.4557,-30.6462],[-64.4605,-30.6481],[-64.4501,-30.6606],[-64.4631,-30.6574],[-64.4491,-30.6683],[-64.4513,-30.6704],[-64.468,-30.6592],[-64.4724,-30.6534],[-64.476,-30.6572],[-64.4755,-30.662],[-64.4733,-30.6645],[-64.4756,-30.668],[-64.4622,-30.6718],[-64.4627,-30.6738],[-64.4701,-30.6723],[-64.4636,-30.6793]],[[-64.4636,-30.6793],[-64.4592,-30.6782],[-64.4537,-30.6821],[-64.4496,-30.683],[-64.4494,-30.689],[-64.4535,-30.6885],[-64.4568,-30.6861],[-64.459,-30.682],[-64.4636,-30.6793]],[[-64.4245,-30.685],[-64.4267,-30.6821],[-64.4225,-30.6793],[-64.4241,-30.6755],[-64.4279,-30.6728],[-64.4247,-30.6703],[-64.419,-30.6691],[-64.4146,-30.6665],[-64.4162,-30.6636],[-64.4101,-30.6604],[-64.4122,-30.6715],[-64.4191,-30.6715],[-64.4205,-30.6758],[-64.4183,-30.677],[-64.4176,-30.6829],[-64.4245,-30.685]]],[[[-64.3644,-30.6206],[-64.3672,-30.6244],[-64.3699,-30.6242],[-64.3695,-30.6316],[-64.3642,-30.6314],[-64.3644,-30.6206]]],[[[-63.9181,-30.6238],[-63.9249,-30.6237],[-63.9289,-30.6269],[-63.9288,-30.6305],[-63.9223,-30.6303],[-63.9215,-30.6263],[-63.9181,-30.6238]]],[[[-64.3748,-30.6327],[-64.375,-30.6289],[-64.378,-30.6269],[-64.3782,-30.6207],[-64.3806,-30.6174],[-64.3839,-30.6171],[-64.3849,-30.6281],[-64.3799,-30.6298],[-64.3789,-30.6331],[-64.3748,-30.6327]]],[[[-63.7348,-30.6296],[-63.7323,-30.6201],[-63.7406,-30.6202],[-63.7491,-30.6245],[-63.7428,-30.6295],[-63.7348,-30.6296]]],[[[-63.8725,-30.6213],[-63.8727,-30.6189],[-63.884,-30.6196],[-63.8841,-30.622],[-63.8725,-30.6213]]],[[[-65.1532,-30.6223],[-65.1525,-30.6175],[-65.1535,-30.609],[-65.1506,-30.6065],[-65.1547,-30.6043],[-65.1547,-30.6226],[-65.1532,-30.6223]]],[[[-65.205,-30.6164],[-65.1987,-30.6005],[-65.2005,-30.6005],[-65.2093,-30.6227],[-65.2098,-30.6271],[-65.1753,-30.6283],[-65.1767,-30.6265],[-65.2077,-30.626],[-65.205,-30.6164]]],[[[-63.6664,-30.6252],[-63.6605,-30.6231],[-63.6591,-30.6171],[-63.6677,-30.6171],[-63.6696,-30.6185],[-63.6691,-30.6256],[-63.6664,-30.6252]]],[[[-63.7331,-30.6189],[-63.7314,-30.6153],[-63.7466,-30.6152],[-63.7463,-30.6176],[-63.7331,-30.6189]]],[[[-64.3704,-30.6069],[-64.3741,-30.6091],[-64.3748,-30.6134],[-64.3695,-30.6139],[-64.3704,-30.6069]]],[[[-63.559,-30.6192],[-63.5603,-30.6126],[-63.5645,-30.6125],[-63.5648,-30.6192],[-63.559,-30.6192]]],[[[-63.5164,-30.6075],[-63.525,-30.6072],[-63.5233,-30.612],[-63.5167,-30.6127],[-63.5164,-30.6075]]],[[[-63.5735,-30.6068],[-63.5799,-30.6082],[-63.5838,-30.6132],[-63.5808,-30.616],[-63.57,-30.6168],[-63.5683,-30.6104],[-63.5736,-30.6111],[-63.5735,-30.6068]]],[[[-65.1547,-30.596],[-65.1541,-30.5883],[-65.1566,-30.5887],[-65.1547,-30.596]]],[[[-64.3491,-30.6037],[-64.364,-30.5972],[-64.3642,-30.6036],[-64.3569,-30.6044],[-64.3569,-30.6103],[-64.3497,-30.6069],[-64.3491,-30.6037]]],[[[-65.1847,-30.5879],[-65.1846,-30.5853],[-65.2036,-30.585],[-65.2036,-30.5878],[-65.1847,-30.5879]]],[[[-65.1414,-30.588],[-65.1413,-30.5854],[-65.152,-30.5857],[-65.1521,-30.5883],[-65.1414,-30.588]]],[[[-64.3704,-30.6069],[-64.3702,-30.6],[-64.3724,-30.5946],[-64.3762,-30.5945],[-64.3766,-30.6026],[-64.3754,-30.6057],[-64.3704,-30.6069]]],[[[-63.3117,-30.6077],[-63.3159,-30.6012],[-63.3213,-30.6014],[-63.3187,-30.607],[-63.3124,-30.6103],[-63.3117,-30.6077]]],[[[-62.2021,-30.596],[-62.1917,-30.613],[-62.1931,-30.6411],[-62.1903,-30.6536],[-62.1835,-30.6577],[-62.1865,-30.6771],[-62.1838,-30.7052],[-62.185,-30.7341],[-62.1788,-30.7233],[-62.1789,-30.718],[-62.1773,-30.7079],[-62.1741,-30.7004],[-62.1774,-30.6929],[-62.1729,-30.6878],[-62.1713,-30.6828],[-62.1723,-30.6699],[-62.1711,-30.6566],[-62.1811,-30.6416],[-62.1872,-30.6196],[-62.1849,-30.6093],[-62.1915,-30.6011],[-62.2021,-30.596]]],[[[-63.571,-30.6018],[-63.571,-30.5941],[-63.579,-30.5943],[-63.5801,-30.6039],[-63.571,-30.6018]]],[[[-63.2738,-30.6017],[-63.2715,-30.5984],[-63.2722,-30.5941],[-63.2778,-30.5946],[-63.2785,-30.6017],[-63.2738,-30.6017]]],[[[-64.3641,-30.5928],[-64.3635,-30.5908],[-64.3676,-30.5864],[-64.3696,-30.5867],[-64.3744,-30.5921],[-64.3641,-30.5928]]],[[[-63.3779,-30.5939],[-63.3828,-30.5915],[-63.3848,-30.5965],[-63.3862,-30.6056],[-63.3898,-30.6106],[-63.3829,-30.6122],[-63.3804,-30.6154],[-63.3832,-30.6196],[-63.3774,-30.6201],[-63.3741,-30.6137],[-63.3749,-30.6011],[-63.3707,-30.5999],[-63.3674,-30.5946],[-63.3779,-30.5939]]],[[[-64.4216,-30.5941],[-64.418,-30.5915],[-64.4169,-30.5847],[-64.4232,-30.585],[-64.4239,-30.5909],[-64.4265,-30.592],[-64.4266,-30.5961],[-64.4303,-30.6021],[-64.437,-30.6051],[-64.4383,-30.6142],[-64.4273,-30.6123],[-64.4266,-30.6066],[-64.4221,-30.6073],[-64.4177,-30.6101],[-64.4162,-30.6075],[-64.421,-30.6053],[-64.4245,-30.6055],[-64.4216,-30.5941]]],[[[-63.4885,-30.5875],[-63.4934,-30.588],[-63.4945,-30.5918],[-63.4852,-30.5916],[-63.4885,-30.5875]]],[[[-64.3737,-30.5863],[-64.3679,-30.5808],[-64.372,-30.5805],[-64.3737,-30.5863]]],[[[-64.3851,-30.5916],[-64.3828,-30.5891],[-64.3852,-30.5916],[-64.3931,-30.5884],[-64.3965,-30.5806],[-64.3991,-30.5805],[-64.4126,-30.5801],[-64.4133,-30.5868],[-64.4156,-30.5872],[-64.4184,-30.5963],[-64.4185,-30.604],[-64.4126,-30.6085],[-64.4099,-30.6122],[-64.4065,-30.6067],[-64.401,-30.6049],[-64.4034,-30.6126],[-64.4108,-30.6147],[-64.4106,-30.6197],[-64.4182,-30.6124],[-64.4206,-30.6145],[-64.4175,-30.6178],[-64.4165,-30.625],[-64.4107,-30.622],[-64.4115,-30.6283],[-64.408,-30.631],[-64.4085,-30.6346],[-64.4038,-30.6353],[-64.3962,-30.6325],[-64.3938,-30.6262],[-64.3972,-30.6219],[-64.4064,-30.6192],[-64.4051,-30.6156],[-64.3942,-30.615],[-64.3923,-30.6174],[-64.387,-30.6172],[-64.3876,-30.6126],[-64.3952,-30.6127],[-64.3954,-30.602],[-64.3916,-30.6014],[-64.3917,-30.6102],[-64.387,-30.6109],[-64.3866,-30.6014],[-64.3888,-30.5979],[-64.3851,-30.5916]]],[[[-63.2172,-30.5833],[-63.2227,-30.5833],[-63.2213,-30.5877],[-63.2172,-30.5877],[-63.2172,-30.5833]]],[[[-63.689,-30.5812],[-63.6978,-30.5809],[-63.6981,-30.5854],[-63.7108,-30.5858],[-63.7119,-30.5918],[-63.6923,-30.5921],[-63.689,-30.5907],[-63.689,-30.5812]]],[[[-63.6374,-30.5812],[-63.6476,-30.5816],[-63.6496,-30.5907],[-63.6347,-30.5912],[-63.6374,-30.584],[-63.6374,-30.5812]]],[[[-63.5064,-30.588],[-63.5097,-30.5817],[-63.5127,-30.5832],[-63.5133,-30.5867],[-63.5097,-30.5899],[-63.5078,-30.5951],[-63.5106,-30.5987],[-63.5249,-30.5981],[-63.523,-30.6046],[-63.5101,-30.6032],[-63.5087,-30.607],[-63.5012,-30.6066],[-63.4968,-30.6076],[-63.496,-30.603],[-63.4987,-30.5982],[-63.502,-30.5954],[-63.5064,-30.588]]],[[[-65.0595,-30.573],[-65.0651,-30.5661],[-65.078,-30.5684],[-65.0785,-30.5738],[-65.0595,-30.573]]],[[[-63.3751,-30.581],[-63.38,-30.5803],[-63.3787,-30.5858],[-63.3701,-30.5908],[-63.3657,-30.5896],[-63.3676,-30.5836],[-63.3737,-30.5832],[-63.3751,-30.581]]],[[[-63.495,-30.5792],[-63.5027,-30.5777],[-63.5047,-30.5796],[-63.4987,-30.588],[-63.495,-30.5792]]],[[[-63.3354,-30.5792],[-63.3392,-30.5779],[-63.345,-30.5783],[-63.3415,-30.5852],[-63.3282,-30.5848],[-63.3291,-30.5808],[-63.3354,-30.5792]]],[[[-64.2642,-30.5732],[-64.2656,-30.5718],[-64.2748,-30.5702],[-64.2858,-30.5715],[-64.2862,-30.5802],[-64.2779,-30.5793],[-64.2792,-30.5835],[-64.2692,-30.584],[-64.2693,-30.5798],[-64.2647,-30.5796],[-64.2642,-30.5732]]],[[[-63.1477,-30.5743],[-63.1536,-30.5741],[-63.1561,-30.5706],[-63.1615,-30.5767],[-63.168,-30.5771],[-63.1716,-30.5716],[-63.1899,-30.5721],[-63.196,-30.5821],[-63.1924,-30.585],[-63.1843,-30.5893],[-63.1846,-30.5927],[-63.173,-30.5915],[-63.173,-30.5972],[-63.167,-30.5985],[-63.1694,-30.6017],[-63.1767,-30.6048],[-63.1783,-30.6083],[-63.1819,-30.6095],[-63.1826,-30.6173],[-63.1794,-30.6179],[-63.1769,-30.614],[-63.1699,-30.6122],[-63.1702,-30.6202],[-63.1591,-30.6228],[-63.1516,-30.6224],[-63.1426,-30.6255],[-63.1392,-30.6255],[-63.1309,-30.6281],[-63.1279,-30.6312],[-63.1309,-30.6363],[-63.1309,-30.6414],[-63.1347,-30.6443],[-63.1347,-30.6484],[-63.1311,-30.6521],[-63.1257,-30.6521],[-63.1234,-30.6504],[-63.123,-30.6373],[-63.1205,-30.6338],[-63.1144,-30.631],[-63.1146,-30.6226],[-63.1119,-30.6203],[-63.1119,-30.6133],[-63.0988,-30.6135],[-63.0947,-30.6162],[-63.0956,-30.632],[-63.1013,-30.6322],[-63.1058,-30.6361],[-63.1042,-30.6396],[-63.092,-30.6422],[-63.0871,-30.6396],[-63.0864,-30.6357],[-63.0893,-30.6285],[-63.0866,-30.6219],[-63.0873,-30.6185],[-63.0866,-30.6103],[-63.0988,-30.6101],[-63.1026,-30.6088],[-63.1128,-30.608],[-63.1125,-30.6033],[-63.1184,-30.6015],[-63.1247,-30.5966],[-63.1263,-30.5935],[-63.127,-30.5863],[-63.1392,-30.5855],[-63.136,-30.5794],[-63.1378,-30.5765],[-63.1421,-30.5816],[-63.1475,-30.5827],[-63.1477,-30.5743]]],[[[-64.3807,-30.5704],[-64.3801,-30.5679],[-64.3837,-30.5624],[-64.3925,-30.561],[-64.3911,-30.5708],[-64.3807,-30.5704]]],[[[-63.5215,-30.5733],[-63.5212,-30.5698],[-63.5361,-30.5678],[-63.5342,-30.5728],[-63.5419,-30.5735],[-63.543,-30.5787],[-63.5394,-30.579],[-63.5403,-30.5871],[-63.5213,-30.5872],[-63.5172,-30.5896],[-63.5157,-30.5822],[-63.521,-30.5815],[-63.5215,-30.5733]]],[[[-64.3709,-30.5573],[-64.3819,-30.558],[-64.381,-30.5597],[-64.3719,-30.56],[-64.3709,-30.5573]]],[[[-63.6898,-30.5609],[-63.6953,-30.5622],[-63.6937,-30.5688],[-63.6899,-30.5685],[-63.6898,-30.5609]]],[[[-63.5027,-30.5677],[-63.4999,-30.5675],[-63.4999,-30.5627],[-63.5076,-30.5648],[-63.5027,-30.5677]]],[[[-63.4858,-30.5534],[-63.4938,-30.5539],[-63.4963,-30.5555],[-63.4983,-30.562],[-63.4936,-30.5637],[-63.4944,-30.573],[-63.4782,-30.5728],[-63.4746,-30.5738],[-63.4757,-30.579],[-63.479,-30.5828],[-63.4791,-30.5895],[-63.4836,-30.6012],[-63.4836,-30.6088],[-63.4858,-30.6093],[-63.4856,-30.6145],[-63.48,-30.6148],[-63.4751,-30.6124],[-63.4742,-30.6065],[-63.4723,-30.6038],[-63.464,-30.6058],[-63.4618,-30.6044],[-63.4507,-30.6056],[-63.4477,-30.6068],[-63.4356,-30.6075],[-63.4325,-30.6092],[-63.419,-30.6102],[-63.416,-30.6021],[-63.4134,-30.5923],[-63.4131,-30.5861],[-63.4222,-30.5844],[-63.4272,-30.5825],[-63.4344,-30.5825],[-63.4368,-30.5801],[-63.4382,-30.5736],[-63.4417,-30.565],[-63.4445,-30.5612],[-63.4621,-30.5573],[-63.4773,-30.5561],[-63.4858,-30.5534]]],[[[-64.3909,-30.5555],[-64.3889,-30.5522],[-64.3916,-30.5464],[-64.3963,-30.5514],[-64.3952,-30.5563],[-64.3909,-30.5555]]],[[[-63.6264,-30.5523],[-63.6304,-30.5542],[-63.6302,-30.5591],[-63.6255,-30.5568],[-63.6264,-30.5523]]],[[[-63.3719,-30.5575],[-63.368,-30.5543],[-63.3759,-30.553],[-63.3766,-30.5565],[-63.3719,-30.5575]]],[[[-63.3591,-30.5525],[-63.3645,-30.5539],[-63.3631,-30.5577],[-63.3584,-30.5579],[-63.3591,-30.5525]]],[[[-63.5032,-30.5572],[-63.5103,-30.5536],[-63.5183,-30.5519],[-63.5183,-30.5552],[-63.5211,-30.5593],[-63.5181,-30.5621],[-63.5131,-30.5607],[-63.5137,-30.5583],[-63.5035,-30.56],[-63.5032,-30.5572]]],[[[-63.2283,-30.5531],[-63.2364,-30.5529],[-63.2438,-30.5488],[-63.2441,-30.5656],[-63.2479,-30.5691],[-63.2473,-30.5742],[-63.2432,-30.5742],[-63.2435,-30.5859],[-63.2317,-30.5846],[-63.2263,-30.5785],[-63.2209,-30.5797],[-63.2118,-30.5731],[-63.2075,-30.5729],[-63.2075,-30.569],[-63.2111,-30.5674],[-63.2123,-30.56],[-63.205,-30.5598],[-63.2043,-30.5551],[-63.2143,-30.5545],[-63.2168,-30.5565],[-63.217,-30.5659],[-63.219,-30.5694],[-63.2256,-30.5684],[-63.226,-30.5647],[-63.2206,-30.5623],[-63.2251,-30.56],[-63.2228,-30.5537],[-63.2283,-30.5531]]],[[[-63.6576,-30.5463],[-63.6652,-30.5471],[-63.6645,-30.551],[-63.6581,-30.5512],[-63.6576,-30.5463]]],[[[-63.536,-30.5474],[-63.5433,-30.5468],[-63.5414,-30.552],[-63.5358,-30.5524],[-63.536,-30.5474]]],[[[-63.2513,-30.5527],[-63.2497,-30.5465],[-63.2531,-30.5416],[-63.2704,-30.5419],[-63.2666,-30.5453],[-63.2617,-30.5531],[-63.2626,-30.5583],[-63.2694,-30.5583],[-63.2696,-30.562],[-63.2655,-30.5621],[-63.2635,-30.5595],[-63.2542,-30.5591],[-63.2547,-30.5552],[-63.2513,-30.5527]]],[[[-64.4436,-30.536],[-64.4418,-30.5319],[-64.4461,-30.5315],[-64.4475,-30.5357],[-64.4436,-30.536]]],[[[-64.4004,-30.5334],[-64.4015,-30.5308],[-64.4067,-30.5338],[-64.4084,-30.543],[-64.4067,-30.5459],[-64.4105,-30.5574],[-64.4066,-30.5557],[-64.4056,-30.5525],[-64.4012,-30.5497],[-64.3927,-30.5413],[-64.3967,-30.5387],[-64.4015,-30.5388],[-64.4004,-30.5334]]],[[[-64.4172,-30.53],[-64.4253,-30.5299],[-64.4255,-30.5343],[-64.4198,-30.534],[-64.4172,-30.53]]],[[[-63.5999,-30.5375],[-63.6088,-30.5393],[-63.6076,-30.5432],[-63.6012,-30.5429],[-63.5999,-30.5375]]],[[[-63.9714,-30.5318],[-63.9796,-30.533],[-63.9783,-30.5361],[-63.9716,-30.5363],[-63.9714,-30.5318]]],[[[-63.2818,-30.5573],[-63.2822,-30.5509],[-63.2858,-30.5423],[-63.2799,-30.5413],[-63.2812,-30.5353],[-63.2887,-30.535],[-63.2932,-30.5384],[-63.2948,-30.5432],[-63.3054,-30.5485],[-63.305,-30.5542],[-63.3075,-30.5596],[-63.3025,-30.5596],[-63.3001,-30.5614],[-63.3001,-30.5692],[-63.3026,-30.5708],[-63.3035,-30.5799],[-63.301,-30.5831],[-63.2954,-30.5784],[-63.2886,-30.5808],[-63.2879,-30.5729],[-63.2843,-30.5685],[-63.284,-30.5603],[-63.2818,-30.5573]]],[[[-63.8988,-30.5323],[-63.904,-30.5333],[-63.9038,-30.5361],[-63.8986,-30.5356],[-63.8988,-30.5323]]],[[[-64.2509,-30.5292],[-64.2564,-30.529],[-64.2547,-30.5341],[-64.2508,-30.5353],[-64.2509,-30.5292]]],[[[-63.5654,-30.5496],[-63.5621,-30.5466],[-63.5623,-30.5424],[-63.5578,-30.536],[-63.5589,-30.5322],[-63.568,-30.5323],[-63.5685,-30.5368],[-63.5668,-30.5427],[-63.5737,-30.5433],[-63.5732,-30.547],[-63.5654,-30.5496]]],[[[-63.5338,-30.5371],[-63.5336,-30.5345],[-63.5239,-30.5342],[-63.5239,-30.532],[-63.5334,-30.5316],[-63.5404,-30.5349],[-63.5398,-30.5396],[-63.5365,-30.541],[-63.5338,-30.5371]]],[[[-63.44,-30.535],[-63.4398,-30.5296],[-63.4462,-30.5296],[-63.4462,-30.5355],[-63.44,-30.535]]],[[[-63.5456,-30.5284],[-63.5535,-30.529],[-63.5549,-30.5365],[-63.5514,-30.5361],[-63.5483,-30.5307],[-63.5386,-30.5312],[-63.5397,-30.5291],[-63.5456,-30.5284]]],[[[-64.3857,-30.5221],[-64.3883,-30.5255],[-64.3948,-30.5254],[-64.3925,-30.5304],[-64.394,-30.5367],[-64.3911,-30.5387],[-64.3827,-30.5396],[-64.378,-30.5426],[-64.3719,-30.5427],[-64.3726,-30.5374],[-64.3759,-30.5346],[-64.3767,-30.526],[-64.3854,-30.5259],[-64.3857,-30.5221]]],[[[-64.02,-30.5259],[-64.0206,-30.5223],[-64.0256,-30.5221],[-64.0259,-30.5264],[-64.02,-30.5259]]],[[[-64.0137,-30.5285],[-64.0113,-30.5241],[-64.0015,-30.5237],[-64.0015,-30.5221],[-64.017,-30.5224],[-64.0171,-30.5257],[-64.0137,-30.5285]]],[[[-64.3912,-30.5233],[-64.3927,-30.5187],[-64.3974,-30.5181],[-64.3963,-30.5236],[-64.3912,-30.5233]]],[[[-64.4149,-30.52],[-64.416,-30.5167],[-64.4263,-30.5171],[-64.427,-30.5247],[-64.4254,-30.5275],[-64.4193,-30.5268],[-64.4149,-30.52]]],[[[-63.9173,-30.5311],[-63.9172,-30.5191],[-63.9199,-30.5192],[-63.9199,-30.5311],[-63.9173,-30.5311]]],[[[-63.5899,-30.5179],[-63.5931,-30.5184],[-63.593,-30.5223],[-63.5881,-30.522],[-63.5899,-30.5179]]],[[[-63.5256,-30.5216],[-63.5257,-30.5155],[-63.5284,-30.5155],[-63.5281,-30.5219],[-63.5256,-30.5216]]],[[[-63.4637,-30.5161],[-63.4674,-30.5146],[-63.4783,-30.515],[-63.4794,-30.5181],[-63.4665,-30.5183],[-63.4649,-30.5206],[-63.4541,-30.521],[-63.4543,-30.5183],[-63.4634,-30.5183],[-63.4637,-30.5161]]],[[[-63.4922,-30.515],[-63.4973,-30.5156],[-63.5042,-30.5138],[-63.5031,-30.5181],[-63.4967,-30.5182],[-63.4922,-30.515]]],[[[-65.404,-30.4954],[-65.3993,-30.4958],[-65.3974,-30.4907],[-65.404,-30.4954]]],[[[-65.02,-30.5032],[-65.0164,-30.5008],[-65.0176,-30.4966],[-65.0228,-30.4964],[-65.0227,-30.5014],[-65.02,-30.5032]]],[[[-63.417,-30.5104],[-63.4209,-30.5104],[-63.4207,-30.5144],[-63.4142,-30.5141],[-63.417,-30.5104]]],[[[-63.6804,-30.5096],[-63.6805,-30.5059],[-63.692,-30.5064],[-63.6936,-30.5098],[-63.6804,-30.5096]]],[[[-63.9978,-30.5036],[-64.0025,-30.5017],[-64.0084,-30.5037],[-64.001,-30.506],[-63.9978,-30.5036]]],[[[-63.5681,-30.508],[-63.5681,-30.5028],[-63.5719,-30.5019],[-63.5733,-30.5081],[-63.5681,-30.508]]],[[[-63.5888,-30.504],[-63.5892,-30.4997],[-63.6029,-30.5001],[-63.6033,-30.5043],[-63.6006,-30.506],[-63.5894,-30.5062],[-63.5888,-30.504]]],[[[-64.3736,-30.5032],[-64.3774,-30.4994],[-64.3779,-30.4946],[-64.3849,-30.4943],[-64.3837,-30.502],[-64.3877,-30.5031],[-64.392,-30.5006],[-64.3937,-30.5062],[-64.3924,-30.514],[-64.3793,-30.5152],[-64.379,-30.5074],[-64.374,-30.507],[-64.3736,-30.5032]]],[[[-63.937,-30.4943],[-63.9431,-30.5025],[-63.9433,-30.5065],[-63.937,-30.5074],[-63.9365,-30.5032],[-63.9328,-30.5033],[-63.9315,-30.4988],[-63.932,-30.4949],[-63.937,-30.4943]]],[[[-63.8902,-30.4955],[-63.901,-30.4955],[-63.9013,-30.5114],[-63.8908,-30.5118],[-63.8882,-30.5103],[-63.884,-30.5045],[-63.8863,-30.5025],[-63.8921,-30.5027],[-63.8902,-30.4955]]],[[[-63.6634,-30.4944],[-63.6684,-30.4945],[-63.6688,-30.4981],[-63.6657,-30.4997],[-63.6659,-30.5035],[-63.6591,-30.5039],[-63.6566,-30.4947],[-63.6634,-30.4944]]],[[[-63.8826,-30.5004],[-63.881,-30.4938],[-63.8879,-30.4933],[-63.888,-30.4967],[-63.8826,-30.5004]]],[[[-64.8471,-30.5217],[-64.8209,-30.5209],[-64.8221,-30.4779],[-64.8676,-30.4808],[-64.8698,-30.5208],[-64.9793,-30.5209],[-64.9795,-30.5256],[-64.9632,-30.5266],[-64.953,-30.5252],[-64.9305,-30.5256],[-64.9363,-30.5289],[-64.9377,-30.5354],[-64.9237,-30.5379],[-64.9197,-30.5372],[-64.9182,-30.5296],[-64.9036,-30.5298],[-64.9037,-30.534],[-64.8869,-30.5342],[-64.886,-30.5293],[-64.8811,-30.5294],[-64.8803,-30.5336],[-64.8813,-30.563],[-64.8694,-30.5655],[-64.87,-30.5933],[-64.8638,-30.5938],[-64.856,-30.5817],[-64.8303,-30.5822],[-64.829,-30.5512],[-64.8476,-30.5497],[-64.8471,-30.5217]]],[[[-63.8932,-30.4875],[-63.8973,-30.4886],[-63.8957,-30.4923],[-63.8894,-30.491],[-63.8932,-30.4875]]],[[[-63.3272,-30.4892],[-63.3312,-30.492],[-63.3349,-30.4967],[-63.3386,-30.4971],[-63.3415,-30.5071],[-63.3406,-30.514],[-63.3296,-30.514],[-63.3292,-30.516],[-63.3217,-30.5163],[-63.3216,-30.4912],[-63.3272,-30.4892]]],[[[-63.368,-30.4871],[-63.3701,-30.4927],[-63.3747,-30.4976],[-63.3785,-30.4994],[-63.379,-30.5078],[-63.3678,-30.5077],[-63.3676,-30.5097],[-63.3478,-30.5099],[-63.3447,-30.5051],[-63.3442,-30.4999],[-63.3503,-30.5],[-63.3507,-30.4952],[-63.3568,-30.4956],[-63.368,-30.4917],[-63.368,-30.4871]]],[[[-63.6784,-30.4854],[-63.6816,-30.4852],[-63.6813,-30.4972],[-63.675,-30.4936],[-63.6784,-30.4905],[-63.6784,-30.4854]]],[[[-63.5572,-30.4919],[-63.5631,-30.485],[-63.5689,-30.4843],[-63.5692,-30.4942],[-63.5585,-30.4946],[-63.5572,-30.4919]]],[[[-63.5323,-30.4862],[-63.5337,-30.4838],[-63.541,-30.4838],[-63.5417,-30.4972],[-63.5454,-30.4972],[-63.5456,-30.5079],[-63.5447,-30.5101],[-63.5373,-30.5091],[-63.54,-30.5066],[-63.5406,-30.5022],[-63.5255,-30.5021],[-63.5272,-30.4994],[-63.5256,-30.4882],[-63.5329,-30.4883],[-63.5323,-30.4862]]],[[[-63.6235,-30.4904],[-63.6246,-30.4859],[-63.6276,-30.4855],[-63.6275,-30.4905],[-63.6235,-30.4904]]],[[[-63.481,-30.487],[-63.4818,-30.484],[-63.4859,-30.4838],[-63.4863,-30.4951],[-63.4911,-30.494],[-63.4973,-30.4959],[-63.4991,-30.5062],[-63.5121,-30.507],[-63.5114,-30.5094],[-63.492,-30.5088],[-63.4902,-30.5024],[-63.486,-30.5021],[-63.4856,-30.5056],[-63.4827,-30.5068],[-63.4666,-30.5072],[-63.4649,-30.5096],[-63.4649,-30.5151],[-63.4504,-30.517],[-63.4511,-30.5115],[-63.4544,-30.5047],[-63.4538,-30.4987],[-63.4559,-30.4955],[-63.4739,-30.4953],[-63.4721,-30.4899],[-63.4778,-30.4894],[-63.481,-30.487]]],[[[-63.7422,-30.4825],[-63.7454,-30.4849],[-63.7406,-30.4887],[-63.735,-30.4889],[-63.735,-30.5172],[-63.7338,-30.5193],[-63.7282,-30.5183],[-63.7277,-30.5011],[-63.7264,-30.4942],[-63.7263,-30.4838],[-63.7347,-30.4827],[-63.7348,-30.4872],[-63.7432,-30.4863],[-63.7422,-30.4825]]],[[[-63.8201,-30.4798],[-63.8311,-30.4797],[-63.8298,-30.4869],[-63.844,-30.4869],[-63.8438,-30.4936],[-63.8374,-30.4925],[-63.8215,-30.4924],[-63.8232,-30.488],[-63.8162,-30.4859],[-63.8201,-30.4798]]],[[[-63.9601,-30.4755],[-63.9671,-30.4736],[-63.9688,-30.4757],[-63.9681,-30.4815],[-63.9634,-30.4813],[-63.9592,-30.478],[-63.9601,-30.4755]]],[[[-64.3076,-30.6351],[-64.3126,-30.6276],[-64.3078,-30.6261],[-64.3039,-30.6292],[-64.3057,-30.6337],[-64.3043,-30.6394],[-64.311,-30.6407],[-64.3056,-30.6474],[-64.3082,-30.648],[-64.3088,-30.6522],[-64.3156,-30.6496],[-64.3158,-30.6539],[-64.3099,-30.6629],[-64.3048,-30.6617],[-64.3043,-30.6668],[-64.299,-30.6696],[-64.2957,-30.6663],[-64.2897,-30.6633],[-64.2905,-30.6588],[-64.2858,-30.6558],[-64.2857,-30.6525],[-64.2827,-30.6502],[-64.2775,-30.6508],[-64.2745,-30.6491],[-64.2723,-30.6529],[-64.268,-30.6525],[-64.2657,-30.6598],[-64.259,-30.6596],[-64.2595,-30.6506],[-64.2544,-30.646],[-64.2494,-30.65],[-64.2442,-30.6526],[-64.2397,-30.6507],[-64.2332,-30.644],[-64.227,-30.6464],[-64.2267,-30.6456],[-64.2321,-30.6422],[-64.236,-30.6418],[-64.2405,-30.6469],[-64.2457,-30.6487],[-64.2493,-30.6465],[-64.2477,-30.6367],[-64.2475,-30.6288],[-64.2457,-30.6272],[-64.2454,-30.618],[-64.2494,-30.6141],[-64.2469,-30.6118],[-64.2474,-30.6079],[-64.252,-30.6059],[-64.2543,-30.6022],[-64.2528,-30.5974],[-64.2565,-30.5866],[-64.2791,-30.5862],[-64.2766,-30.5912],[-64.2772,-30.5943],[-64.2861,-30.5943],[-64.2836,-30.598],[-64.2777,-30.5968],[-64.278,-30.6003],[-64.2833,-30.6],[-64.2889,-30.6042],[-64.2905,-30.5924],[-64.2988,-30.5928],[-64.3021,-30.5835],[-64.299,-30.5832],[-64.2996,-30.5791],[-64.2917,-30.5793],[-64.285,-30.5853],[-64.291,-30.5727],[-64.2944,-30.5768],[-64.3086,-30.5758],[-64.307,-30.5698],[-64.3119,-30.5722],[-64.3139,-30.5768],[-64.3176,-30.5764],[-64.3176,-30.5721],[-64.3213,-30.5718],[-64.3215,-30.5632],[-64.3177,-30.563],[-64.3246,-30.5563],[-64.3278,-30.5596],[-64.3343,-30.5598],[-64.3329,-30.5555],[-64.3392,-30.5518],[-64.3444,-30.5501],[-64.3402,-30.5459],[-64.3366,-30.5444],[-64.3314,-30.5466],[-64.3293,-30.5514],[-64.3248,-30.5514],[-64.32,-30.5541],[-64.3197,-30.5573],[-64.3107,-30.5566],[-64.3107,-30.5595],[-64.3067,-30.5655],[-64.3017,-30.5667],[-64.302,-30.5632],[-64.3067,-30.5609],[-64.2894,-30.561],[-64.2935,-30.5635],[-64.2961,-30.5678],[-64.2908,-30.5692],[-64.2786,-30.5692],[-64.2787,-30.5661],[-64.2715,-30.5684],[-64.2674,-30.5672],[-64.2685,-30.5617],[-64.2747,-30.5562],[-64.2639,-30.5565],[-64.264,-30.5532],[-64.2663,-30.5498],[-64.2696,-30.5493],[-64.2684,-30.5426],[-64.2756,-30.5428],[-64.2789,-30.5385],[-64.2874,-30.5386],[-64.2876,-30.5357],[-64.2802,-30.5326],[-64.2747,-30.5375],[-64.27,-30.5326],[-64.2715,-30.5261],[-64.2776,-30.5294],[-64.2785,-30.5313],[-64.2873,-30.53],[-64.2922,-30.5467],[-64.2872,-30.5451],[-64.2841,-30.5471],[-64.2827,-30.5544],[-64.2922,-30.5552],[-64.2929,-30.5586],[-64.3015,-30.5586],[-64.3025,-30.551],[-64.2987,-30.5495],[-64.2985,-30.5448],[-64.3121,-30.5444],[-64.3122,-30.5474],[-64.3224,-30.5468],[-64.3225,-30.5427],[-64.3182,-30.54],[-64.3101,-30.5435],[-64.3032,-30.54],[-64.3098,-30.5388],[-64.3094,-30.5351],[-64.299,-30.5382],[-64.294,-30.5368],[-64.2954,-30.5337],[-64.3125,-30.5333],[-64.3205,-30.5337],[-64.326,-30.5365],[-64.3299,-30.5362],[-64.3345,-30.5321],[-64.3322,-30.5283],[-64.3385,-30.5226],[-64.3466,-30.5204],[-64.3464,-30.5151],[-64.3369,-30.5142],[-64.3396,-30.5092],[-64.3298,-30.5081],[-64.3294,-30.5211],[-64.3281,-30.5267],[-64.322,-30.5248],[-64.3244,-30.5188],[-64.3194,-30.5189],[-64.3198,-30.5152],[-64.3159,-30.515],[-64.3121,-30.5226],[-64.307,-30.5245],[-64.3035,-30.523],[-64.3038,-30.5174],[-64.293,-30.5176],[-64.2933,-30.515],[-64.2978,-30.5115],[-64.2993,-30.5107],[-64.3035,-30.5122],[-64.3112,-30.5194],[-64.3138,-30.5086],[-64.3092,-30.5079],[-64.31,-30.5032],[-64.3231,-30.5032],[-64.318,-30.4968],[-64.3177,-30.4917],[-64.323,-30.4951],[-64.3265,-30.4918],[-64.314,-30.491],[-64.3139,-30.4851],[-64.3207,-30.4833],[-64.3237,-30.4806],[-64.3216,-30.4781],[-64.3122,-30.4815],[-64.3103,-30.4896],[-64.2993,-30.4909],[-64.2962,-30.487],[-64.2967,-30.4804],[-64.293,-30.4785],[-64.2946,-30.4736],[-64.3013,-30.4707],[-64.311,-30.4733],[-64.3196,-30.472],[-64.3255,-30.4726],[-64.3291,-30.4745],[-64.3352,-30.474],[-64.3377,-30.4783],[-64.3467,-30.4794],[-64.3494,-30.4854],[-64.3541,-30.4905],[-64.36,-30.4931],[-64.3618,-30.4961],[-64.36,-30.4998],[-64.3632,-30.5009],[-64.369,-30.4982],[-64.3736,-30.5032],[-64.374,-30.507],[-64.3739,-30.5123],[-64.3706,-30.5172],[-64.3598,-30.5131],[-64.3629,-30.5256],[-64.3626,-30.5308],[-64.3599,-30.5396],[-64.3571,-30.5457],[-64.3567,-30.5503],[-64.3672,-30.5524],[-64.3699,-30.5541],[-64.369,-30.5587],[-64.3711,-30.567],[-64.3701,-30.5696],[-64.3656,-30.5697],[-64.3598,-30.5719],[-64.3575,-30.5832],[-64.3533,-30.582],[-64.3501,-30.5939],[-64.3413,-30.5926],[-64.3375,-30.5953],[-64.3396,-30.6031],[-64.3321,-30.6027],[-64.325,-30.6057],[-64.3214,-30.6036],[-64.323,-30.5999],[-64.3133,-30.5979],[-64.3044,-30.5979],[-64.3053,-30.601],[-64.3147,-30.5998],[-64.3115,-30.6039],[-64.3072,-30.6039],[-64.3021,-30.6046],[-64.2976,-30.6033],[-64.2965,-30.6065],[-64.3012,-30.6091],[-64.3073,-30.6099],[-64.3105,-30.6133],[-64.318,-30.613],[-64.3244,-30.608],[-64.3367,-30.6073],[-64.3375,-30.6117],[-64.3262,-30.6119],[-64.3259,-30.6189],[-64.3215,-30.6228],[-64.3215,-30.6341],[-64.3188,-30.6344],[-64.3198,-30.6498],[-64.3133,-30.6459],[-64.3122,-30.6391],[-64.3077,-30.6381],[-64.3076,-30.6351]],[[-64.278,-30.6003],[-64.2757,-30.6046],[-64.2728,-30.6046],[-64.2733,-30.6115],[-64.2775,-30.6065],[-64.278,-30.6003]],[[-64.3343,-30.5598],[-64.3347,-30.5647],[-64.3393,-30.5607],[-64.3343,-30.5598]],[[-64.3385,-30.5437],[-64.3426,-30.5399],[-64.342,-30.5334],[-64.3483,-30.531],[-64.3501,-30.5281],[-64.3548,-30.5281],[-64.3553,-30.5249],[-64.3482,-30.5255],[-64.3463,-30.5286],[-64.3386,-30.5323],[-64.3385,-30.5437]],[[-64.3246,-30.5928],[-64.3309,-30.5901],[-64.3322,-30.5882],[-64.3302,-30.5841],[-64.3335,-30.5822],[-64.3364,-30.5743],[-64.3317,-30.572],[-64.3321,-30.5676],[-64.3247,-30.5685],[-64.3267,-30.5719],[-64.3308,-30.572],[-64.3305,-30.5768],[-64.324,-30.5756],[-64.3208,-30.5775],[-64.3209,-30.5811],[-64.3234,-30.5834],[-64.3285,-30.5832],[-64.3286,-30.5881],[-64.3231,-30.5885],[-64.3246,-30.5928]],[[-64.268,-30.6047],[-64.2701,-30.6047],[-64.2704,-30.5955],[-64.2673,-30.5934],[-64.265,-30.596],[-64.2651,-30.6026],[-64.268,-30.6047]],[[-64.2838,-30.616],[-64.2894,-30.6156],[-64.286,-30.6117],[-64.2838,-30.616]],[[-64.2746,-30.619],[-64.2812,-30.6182],[-64.2774,-30.614],[-64.2746,-30.619]]],[[[-64.4369,-30.4692],[-64.4361,-30.4654],[-64.4404,-30.4656],[-64.4407,-30.4697],[-64.4369,-30.4692]]],[[[-63.5389,-30.4815],[-63.5387,-30.4699],[-63.5411,-30.4699],[-63.5414,-30.4815],[-63.5389,-30.4815]]],[[[-63.3316,-30.4749],[-63.3327,-30.4704],[-63.3453,-30.4708],[-63.3465,-30.4752],[-63.3497,-30.475],[-63.3498,-30.4797],[-63.3439,-30.4797],[-63.3435,-30.4855],[-63.3323,-30.4848],[-63.33,-30.4828],[-63.3297,-30.4779],[-63.3316,-30.4749]]],[[[-63.4963,-30.4705],[-63.4976,-30.469],[-63.5057,-30.4692],[-63.5058,-30.4812],[-63.5051,-30.49],[-63.512,-30.4906],[-63.5144,-30.4955],[-63.5109,-30.4997],[-63.5093,-30.493],[-63.5028,-30.493],[-63.493,-30.4835],[-63.4973,-30.4796],[-63.4957,-30.4767],[-63.4864,-30.4766],[-63.4883,-30.4707],[-63.4963,-30.4705]]],[[[-64.3132,-30.4675],[-64.3136,-30.4655],[-64.3203,-30.462],[-64.3174,-30.4681],[-64.3132,-30.4675]]],[[[-64.0757,-30.6168],[-64.0744,-30.6153],[-64.0679,-30.6203],[-64.0641,-30.6271],[-64.0557,-30.6301],[-64.0564,-30.6344],[-64.0522,-30.6383],[-64.0492,-30.6468],[-64.0461,-30.6495],[-64.0453,-30.6595],[-64.0381,-30.6597],[-64.0374,-30.6626],[-64.0296,-30.6681],[-64.0283,-30.6735],[-64.0235,-30.6815],[-64.0182,-30.6823],[-64.0111,-30.6757],[-64.0115,-30.6629],[-64.0099,-30.6616],[-64.0079,-30.651],[-64.0087,-30.6382],[-64.0173,-30.6401],[-64.0257,-30.6346],[-64.021,-30.6329],[-64.0185,-30.635],[-64.0116,-30.6357],[-64.0125,-30.6325],[-64.011,-30.6285],[-64.0132,-30.6261],[-64.0174,-30.6261],[-64.0175,-30.6225],[-64.0135,-30.619],[-64.0155,-30.6145],[-64.0216,-30.612],[-64.0263,-30.6142],[-64.0274,-30.6111],[-64.0217,-30.607],[-64.0252,-30.6053],[-64.0257,-30.6006],[-64.0233,-30.5944],[-64.0186,-30.5941],[-64.0186,-30.5899],[-64.0212,-30.5888],[-64.0243,-30.5753],[-64.0311,-30.5742],[-64.0282,-30.571],[-64.0334,-30.5693],[-64.0341,-30.5576],[-64.0367,-30.5532],[-64.0402,-30.5517],[-64.0376,-30.5483],[-64.0501,-30.5428],[-64.0571,-30.5427],[-64.0741,-30.5443],[-64.0794,-30.5368],[-64.0807,-30.5325],[-64.0767,-30.5288],[-64.0686,-30.531],[-64.064,-30.5338],[-64.0603,-30.5315],[-64.0582,-30.5259],[-64.0595,-30.5199],[-64.0631,-30.519],[-64.0704,-30.5198],[-64.071,-30.5163],[-64.0617,-30.513],[-64.0588,-30.5079],[-64.0481,-30.5108],[-64.0474,-30.5056],[-64.0514,-30.5047],[-64.0477,-30.4993],[-64.0728,-30.4948],[-64.0801,-30.4973],[-64.0804,-30.4942],[-64.0767,-30.4916],[-64.0846,-30.487],[-64.0925,-30.4812],[-64.1139,-30.4753],[-64.1137,-30.4799],[-64.1163,-30.4804],[-64.1185,-30.4721],[-64.1232,-30.4717],[-64.1262,-30.4795],[-64.1338,-30.4794],[-64.1358,-30.4759],[-64.1411,-30.4742],[-64.1427,-30.4719],[-64.151,-30.4715],[-64.1514,-30.4798],[-64.157,-30.4789],[-64.1612,-30.474],[-64.163,-30.4686],[-64.1529,-30.4692],[-64.1588,-30.4646],[-64.1671,-30.4622],[-64.1816,-30.4644],[-64.1992,-30.4653],[-64.2157,-30.4655],[-64.2168,-30.4712],[-64.208,-30.4719],[-64.2036,-30.4756],[-64.2247,-30.4726],[-64.2255,-30.4701],[-64.2207,-30.4651],[-64.2608,-30.4656],[-64.2601,-30.4689],[-64.2624,-30.4729],[-64.2608,-30.4818],[-64.2612,-30.4903],[-64.259,-30.4937],[-64.259,-30.4994],[-64.2566,-30.5013],[-64.2515,-30.5001],[-64.2488,-30.4951],[-64.2427,-30.4944],[-64.2319,-30.4955],[-64.2281,-30.4981],[-64.2231,-30.4989],[-64.2172,-30.5021],[-64.212,-30.5027],[-64.2097,-30.5072],[-64.2074,-30.5154],[-64.2051,-30.515],[-64.206,-30.5096],[-64.2042,-30.5079],[-64.1966,-30.5116],[-64.1929,-30.5181],[-64.1915,-30.5282],[-64.1886,-30.5298],[-64.1866,-30.5355],[-64.1869,-30.5393],[-64.1805,-30.5442],[-64.1805,-30.5517],[-64.1776,-30.5541],[-64.1767,-30.5626],[-64.1741,-30.5657],[-64.1766,-30.579],[-64.18,-30.6013],[-64.1758,-30.6024],[-64.1736,-30.606],[-64.1735,-30.6146],[-64.1803,-30.6202],[-64.1841,-30.6216],[-64.1845,-30.6326],[-64.174,-30.6435],[-64.1653,-30.646],[-64.1616,-30.6457],[-64.1609,-30.6416],[-64.1626,-30.6385],[-64.1784,-30.6297],[-64.1676,-30.6279],[-64.16,-30.6206],[-64.1625,-30.6168],[-64.1596,-30.6089],[-64.1627,-30.6047],[-64.1609,-30.6017],[-64.1611,-30.5943],[-64.1564,-30.5912],[-64.1588,-30.5884],[-64.1545,-30.5834],[-64.1567,-30.5748],[-64.153,-30.5701],[-64.1564,-30.5695],[-64.164,-30.5621],[-64.1607,-30.5602],[-64.1555,-30.5595],[-64.1546,-30.5566],[-64.1593,-30.5497],[-64.1709,-30.5458],[-64.1799,-30.5399],[-64.1769,-30.535],[-64.1725,-30.5337],[-64.1696,-30.5291],[-64.1737,-30.523],[-64.1744,-30.5125],[-64.1807,-30.5092],[-64.1796,-30.5035],[-64.1826,-30.5021],[-64.1797,-30.4979],[-64.186,-30.485],[-64.1908,-30.4806],[-64.182,-30.478],[-64.1785,-30.4793],[-64.1797,-30.4845],[-64.1745,-30.5002],[-64.168,-30.5153],[-64.1642,-30.5169],[-64.1511,-30.5148],[-64.144,-30.5146],[-64.1433,-30.5182],[-64.1466,-30.5294],[-64.1403,-30.5509],[-64.1381,-30.5605],[-64.135,-30.5646],[-64.132,-30.5738],[-64.1315,-30.5831],[-64.1293,-30.5938],[-64.1266,-30.6011],[-64.1255,-30.6083],[-64.1228,-30.6101],[-64.1241,-30.6141],[-64.1283,-30.6183],[-64.1268,-30.6241],[-64.1201,-30.6244],[-64.1164,-30.6309],[-64.1215,-30.6386],[-64.1182,-30.6422],[-64.1124,-30.6413],[-64.1115,-30.6497],[-64.1066,-30.6537],[-64.1018,-30.6545],[-64.0928,-30.654],[-64.0925,-30.6502],[-64.0879,-30.6481],[-64.0892,-30.6391],[-64.0841,-30.6359],[-64.0813,-30.6272],[-64.0757,-30.6168]],[[-64.0757,-30.6168],[-64.0792,-30.6167],[-64.0798,-30.6132],[-64.0826,-30.6103],[-64.0991,-30.6084],[-64.0966,-30.6046],[-64.0958,-30.5997],[-64.0856,-30.5997],[-64.0851,-30.5907],[-64.0924,-30.5908],[-64.0919,-30.5856],[-64.0874,-30.5859],[-64.0876,-30.5826],[-64.0933,-30.5826],[-64.098,-30.5884],[-64.0992,-30.5837],[-64.0977,-30.5798],[-64.0947,-30.5798],[-64.094,-30.5724],[-64.09,-30.572],[-64.0896,-30.564],[-64.0911,-30.5609],[-64.0893,-30.5581],[-64.0829,-30.558],[-64.0814,-30.5606],[-64.0697,-30.5641],[-64.0698,-30.5684],[-64.0736,-30.5699],[-64.0738,-30.5766],[-64.0752,-30.5791],[-64.074,-30.5835],[-64.0766,-30.5893],[-64.077,-30.6027],[-64.0797,-30.6063],[-64.0848,-30.6086],[-64.0706,-30.6088],[-64.0744,-30.6111],[-64.0757,-30.6168]],[[-64.091,-30.5533],[-64.0977,-30.5478],[-64.0951,-30.5465],[-64.091,-30.548],[-64.091,-30.5533]],[[-64.1526,-30.5141],[-64.1553,-30.5095],[-64.1592,-30.5061],[-64.1579,-30.5004],[-64.1511,-30.5015],[-64.1525,-30.5062],[-64.1526,-30.5141]],[[-64.0982,-30.501],[-64.0929,-30.5021],[-64.0839,-30.5021],[-64.0838,-30.5068],[-64.0889,-30.5068],[-64.0958,-30.5043],[-64.1035,-30.5054],[-64.1049,-30.5032],[-64.0982,-30.501]],[[-64.1446,-30.4982],[-64.1471,-30.4981],[-64.1473,-30.4903],[-64.1457,-30.4855],[-64.1366,-30.4856],[-64.1365,-30.4878],[-64.1416,-30.489],[-64.1442,-30.4935],[-64.1446,-30.4982]],[[-64.126,-30.4847],[-64.1205,-30.4836],[-64.1206,-30.4915],[-64.1258,-30.4914],[-64.1273,-30.487],[-64.126,-30.4847]],[[-64.1153,-30.5698],[-64.1041,-30.5694],[-64.1054,-30.5765],[-64.1099,-30.5765],[-64.1085,-30.5719],[-64.1148,-30.5718],[-64.1153,-30.5698]],[[-64.1123,-30.6369],[-64.104,-30.6367],[-64.1053,-30.6403],[-64.1119,-30.6404],[-64.1123,-30.6369]]],[[[-63.742,-30.4652],[-63.7503,-30.4654],[-63.7502,-30.4745],[-63.7408,-30.4745],[-63.742,-30.4652]]],[[[-63.7289,-30.4736],[-63.7287,-30.4668],[-63.7342,-30.466],[-63.7341,-30.4736],[-63.7289,-30.4736]]],[[[-63.7726,-30.4607],[-63.7806,-30.4619],[-63.7802,-30.4653],[-63.77,-30.4655],[-63.7698,-30.4618],[-63.7726,-30.4607]]],[[[-63.5639,-30.4651],[-63.5651,-30.4615],[-63.5693,-30.462],[-63.5693,-30.4654],[-63.5639,-30.4651]]],[[[-64.4033,-30.4542],[-64.4098,-30.4542],[-64.4153,-30.4587],[-64.4125,-30.4747],[-64.4035,-30.4751],[-64.4046,-30.4851],[-64.4072,-30.4851],[-64.407,-30.4797],[-64.4137,-30.4748],[-64.4144,-30.4704],[-64.4173,-30.4657],[-64.4207,-30.4657],[-64.4197,-30.4717],[-64.4203,-30.4797],[-64.4302,-30.4792],[-64.4299,-30.474],[-64.4378,-30.4726],[-64.441,-30.4766],[-64.4321,-30.4897],[-64.4259,-30.4885],[-64.425,-30.4933],[-64.4301,-30.4923],[-64.4339,-30.4955],[-64.4343,-30.5026],[-64.433,-30.5069],[-64.433,-30.5125],[-64.4305,-30.5128],[-64.4291,-30.5021],[-64.4248,-30.502],[-64.4226,-30.5092],[-64.4253,-30.5093],[-64.425,-30.5158],[-64.4211,-30.516],[-64.4183,-30.5119],[-64.4145,-30.5113],[-64.4144,-30.5028],[-64.4065,-30.5053],[-64.4063,-30.5004],[-64.4011,-30.5002],[-64.3972,-30.4979],[-64.3958,-30.4865],[-64.3973,-30.4819],[-64.393,-30.482],[-64.3913,-30.476],[-64.3952,-30.4747],[-64.3953,-30.4797],[-64.3988,-30.4793],[-64.3998,-30.4739],[-64.3978,-30.468],[-64.3901,-30.4666],[-64.3864,-30.4637],[-64.3862,-30.4593],[-64.3938,-30.4594],[-64.4036,-30.4634],[-64.4033,-30.4542]]],[[[-63.5397,-30.4645],[-63.5408,-30.4595],[-63.5465,-30.4598],[-63.5463,-30.4648],[-63.5397,-30.4645]]],[[[-64.4292,-30.4603],[-64.431,-30.4525],[-64.4349,-30.4519],[-64.4351,-30.4563],[-64.432,-30.4566],[-64.4337,-30.4653],[-64.4262,-30.4663],[-64.4266,-30.4609],[-64.4292,-30.4603]]],[[[-64.3534,-30.4527],[-64.358,-30.4551],[-64.3661,-30.4545],[-64.3661,-30.457],[-64.3619,-30.4619],[-64.3689,-30.4617],[-64.3688,-30.4661],[-64.3653,-30.4666],[-64.3622,-30.4696],[-64.3568,-30.4685],[-64.357,-30.4776],[-64.3703,-30.4779],[-64.3677,-30.4855],[-64.3627,-30.4857],[-64.361,-30.4824],[-64.3535,-30.4823],[-64.3515,-30.4691],[-64.3456,-30.4667],[-64.3451,-30.4622],[-64.3517,-30.4559],[-64.3534,-30.4527]]],[[[-63.4612,-30.4586],[-63.4755,-30.4587],[-63.4757,-30.4619],[-63.4716,-30.4626],[-63.472,-30.4673],[-63.4763,-30.4688],[-63.4752,-30.4772],[-63.4678,-30.4772],[-63.4667,-30.4814],[-63.4754,-30.481],[-63.4781,-30.4874],[-63.4669,-30.4874],[-63.4669,-30.4911],[-63.4615,-30.4931],[-63.4518,-30.4932],[-63.4472,-30.5017],[-63.4405,-30.505],[-63.4364,-30.5051],[-63.4352,-30.5003],[-63.4369,-30.4957],[-63.4307,-30.4958],[-63.4286,-30.4976],[-63.4187,-30.4976],[-63.417,-30.4943],[-63.4171,-30.4899],[-63.4201,-30.4893],[-63.4576,-30.4888],[-63.458,-30.4866],[-63.4654,-30.4866],[-63.4653,-30.4844],[-63.4535,-30.4838],[-63.4537,-30.4774],[-63.4636,-30.4769],[-63.4635,-30.4683],[-63.4581,-30.4687],[-63.4583,-30.4598],[-63.4612,-30.4586]]],[[[-63.791,-30.4569],[-63.8024,-30.4573],[-63.8015,-30.462],[-63.791,-30.4618],[-63.791,-30.4569]]],[[[-64.3317,-30.4614],[-64.3322,-30.4577],[-64.339,-30.4518],[-64.3397,-30.4572],[-64.3368,-30.4622],[-64.3317,-30.4614]]],[[[-64.3133,-30.4565],[-64.3183,-30.4508],[-64.3211,-30.4511],[-64.3213,-30.4573],[-64.3162,-30.458],[-64.3133,-30.4565]]],[[[-63.3315,-30.4591],[-63.3334,-30.4567],[-63.3427,-30.4565],[-63.3427,-30.4593],[-63.3481,-30.4599],[-63.3476,-30.465],[-63.3387,-30.4615],[-63.3311,-30.4616],[-63.3315,-30.4591]]],[[[-64.4004,-30.4531],[-64.4002,-30.4484],[-64.4052,-30.4484],[-64.4058,-30.4523],[-64.4004,-30.4531]]],[[[-63.7781,-30.4608],[-63.778,-30.4529],[-63.7805,-30.4529],[-63.7804,-30.4609],[-63.7781,-30.4608]]],[[[-63.4348,-30.456],[-63.433,-30.451],[-63.4383,-30.4496],[-63.4381,-30.4553],[-63.4333,-30.4584],[-63.4348,-30.4637],[-63.4197,-30.4639],[-63.4184,-30.4601],[-63.423,-30.4597],[-63.4234,-30.4569],[-63.4333,-30.4568],[-63.4348,-30.456]]],[[[-63.9259,-30.4449],[-63.9297,-30.4449],[-63.9299,-30.4518],[-63.9189,-30.4514],[-63.9145,-30.4498],[-63.9203,-30.4461],[-63.9259,-30.4449]]],[[[-64.3305,-30.4398],[-64.3366,-30.4391],[-64.3374,-30.4431],[-64.3327,-30.4435],[-64.3336,-30.4493],[-64.3287,-30.4487],[-64.3294,-30.4529],[-64.3248,-30.452],[-64.3237,-30.4458],[-64.3305,-30.4398]]],[[[-64.44,-30.4411],[-64.4408,-30.4354],[-64.4461,-30.4388],[-64.44,-30.4411]]],[[[-63.7579,-30.4476],[-63.7581,-30.4403],[-63.767,-30.438],[-63.7683,-30.4462],[-63.7579,-30.4476]]],[[[-63.5706,-30.4357],[-63.5792,-30.4359],[-63.58,-30.4433],[-63.5851,-30.4456],[-63.5677,-30.4459],[-63.564,-30.4452],[-63.564,-30.4399],[-63.5677,-30.4396],[-63.5706,-30.4357]]],[[[-63.7754,-30.4354],[-63.7801,-30.4345],[-63.7819,-30.4392],[-63.7804,-30.4469],[-63.7738,-30.4472],[-63.7729,-30.4367],[-63.7754,-30.4354]]],[[[-63.6615,-30.4283],[-63.6649,-30.4285],[-63.6663,-30.4364],[-63.6607,-30.4336],[-63.6615,-30.4283]]],[[[-64.22,-30.427],[-64.2244,-30.4236],[-64.2335,-30.4273],[-64.2198,-30.4303],[-64.222,-30.4327],[-64.2305,-30.4338],[-64.2356,-30.4319],[-64.2375,-30.4359],[-64.2289,-30.4362],[-64.2158,-30.4401],[-64.2169,-30.4439],[-64.2224,-30.442],[-64.2273,-30.4419],[-64.2285,-30.446],[-64.2406,-30.4463],[-64.2346,-30.449],[-64.2283,-30.4496],[-64.2211,-30.4522],[-64.2158,-30.4475],[-64.2114,-30.4473],[-64.2087,-30.4497],[-64.2054,-30.4486],[-64.2013,-30.4439],[-64.1982,-30.4486],[-64.218,-30.4544],[-64.216,-30.458],[-64.2118,-30.459],[-64.2058,-30.4581],[-64.2041,-30.4565],[-64.1864,-30.4512],[-64.1804,-30.4543],[-64.1779,-30.4515],[-64.1767,-30.4469],[-64.18,-30.444],[-64.1877,-30.4454],[-64.1927,-30.4449],[-64.192,-30.4404],[-64.1844,-30.4428],[-64.1761,-30.4395],[-64.1854,-30.4378],[-64.1896,-30.4385],[-64.2083,-30.4383],[-64.217,-30.4308],[-64.22,-30.427]]],[[[-63.5831,-30.4259],[-63.5828,-30.4241],[-63.5911,-30.4236],[-63.5917,-30.4263],[-63.5831,-30.4259]]],[[[-63.8129,-30.4228],[-63.814,-30.4206],[-63.8199,-30.4191],[-63.8225,-30.4206],[-63.8225,-30.4247],[-63.8185,-30.4251],[-63.8189,-30.4331],[-63.8202,-30.4394],[-63.8245,-30.44],[-63.8254,-30.4431],[-63.8161,-30.443],[-63.817,-30.4396],[-63.8016,-30.4389],[-63.8012,-30.427],[-63.812,-30.4273],[-63.8124,-30.4316],[-63.8157,-30.4322],[-63.8154,-30.4251],[-63.8129,-30.4228]]],[[[-63.6694,-30.4227],[-63.6761,-30.4199],[-63.6769,-30.4231],[-63.6694,-30.4227]]],[[[-63.7803,-30.4263],[-63.7799,-30.4183],[-63.7838,-30.4185],[-63.783,-30.4265],[-63.7803,-30.4263]]],[[[-63.804,-30.4175],[-63.8076,-30.4192],[-63.8067,-30.4224],[-63.8008,-30.4227],[-63.7991,-30.4205],[-63.804,-30.4175]]],[[[-64.3902,-30.419],[-64.3897,-30.4124],[-64.4003,-30.4115],[-64.396,-30.4189],[-64.3902,-30.419]]],[[[-63.6729,-30.4185],[-63.6707,-30.4144],[-63.6782,-30.4143],[-63.678,-30.419],[-63.6729,-30.4185]]],[[[-63.6411,-30.4166],[-63.6437,-30.4138],[-63.6528,-30.4149],[-63.6534,-30.417],[-63.6411,-30.4166]]],[[[-63.7469,-30.4164],[-63.743,-30.4161],[-63.7432,-30.4083],[-63.7511,-30.4097],[-63.7514,-30.4273],[-63.7671,-30.4278],[-63.7649,-30.4357],[-63.7568,-30.4353],[-63.7566,-30.4402],[-63.749,-30.4401],[-63.7492,-30.4345],[-63.7366,-30.4349],[-63.7368,-30.4279],[-63.7457,-30.4253],[-63.7429,-30.421],[-63.7469,-30.4164]]],[[[-63.5969,-30.4066],[-63.6004,-30.4066],[-63.6004,-30.4124],[-63.61,-30.4126],[-63.6114,-30.416],[-63.6136,-30.4313],[-63.6153,-30.4364],[-63.619,-30.4343],[-63.6241,-30.435],[-63.627,-30.4317],[-63.6246,-30.4292],[-63.6253,-30.4252],[-63.632,-30.4252],[-63.632,-30.422],[-63.6395,-30.4226],[-63.6374,-30.4333],[-63.6463,-30.4339],[-63.6447,-30.4363],[-63.6377,-30.4375],[-63.631,-30.4375],[-63.6265,-30.4391],[-63.6295,-30.4533],[-63.6237,-30.4526],[-63.6225,-30.4475],[-63.6183,-30.4478],[-63.6194,-30.4538],[-63.6191,-30.4596],[-63.6152,-30.4631],[-63.605,-30.4629],[-63.6039,-30.4566],[-63.5924,-30.4555],[-63.5913,-30.4476],[-63.6003,-30.4427],[-63.6003,-30.4376],[-63.5923,-30.4384],[-63.5944,-30.43],[-63.6005,-30.4268],[-63.6007,-30.4214],[-63.5967,-30.4224],[-63.5969,-30.4066]]],[[[-63.7216,-30.4059],[-63.7244,-30.4069],[-63.7361,-30.4072],[-63.7379,-30.4081],[-63.7379,-30.4243],[-63.7336,-30.4236],[-63.7334,-30.4115],[-63.725,-30.4117],[-63.7216,-30.4059]]],[[[-63.8436,-30.4044],[-63.8501,-30.4065],[-63.8493,-30.4108],[-63.8575,-30.4108],[-63.8602,-30.413],[-63.8562,-30.4159],[-63.8482,-30.4159],[-63.8475,-30.4104],[-63.8436,-30.409],[-63.8436,-30.4044]]],[[[-63.9088,-30.4037],[-63.9125,-30.4029],[-63.9137,-30.4074],[-63.9136,-30.4134],[-63.9085,-30.4132],[-63.9088,-30.4037]]],[[[-63.5244,-30.4037],[-63.5412,-30.4038],[-63.5426,-30.4063],[-63.5423,-30.4333],[-63.5491,-30.4333],[-63.5478,-30.4391],[-63.5416,-30.4392],[-63.5411,-30.4561],[-63.527,-30.4563],[-63.5265,-30.4394],[-63.5238,-30.4394],[-63.5192,-30.445],[-63.5149,-30.4448],[-63.5135,-30.4379],[-63.5305,-30.4377],[-63.5305,-30.4355],[-63.5369,-30.4355],[-63.5371,-30.4335],[-63.5288,-30.4337],[-63.5287,-30.4218],[-63.508,-30.4214],[-63.5075,-30.4061],[-63.5248,-30.4064],[-63.5244,-30.4037]]],[[[-63.8551,-30.4063],[-63.8528,-30.4033],[-63.8527,-30.3996],[-63.858,-30.3994],[-63.8582,-30.4064],[-63.8551,-30.4063]]],[[[-63.6359,-30.3993],[-63.6442,-30.3994],[-63.6421,-30.4045],[-63.6378,-30.4062],[-63.6359,-30.4037],[-63.6359,-30.3993]]],[[[-63.6188,-30.404],[-63.6177,-30.3986],[-63.6292,-30.3986],[-63.6362,-30.4067],[-63.6362,-30.4127],[-63.6317,-30.4164],[-63.6309,-30.4208],[-63.6269,-30.4197],[-63.6256,-30.416],[-63.6252,-30.4044],[-63.6188,-30.404]]],[[[-63.3939,-30.3973],[-63.4152,-30.3974],[-63.4191,-30.3982],[-63.4195,-30.4014],[-63.4245,-30.4012],[-63.4272,-30.4045],[-63.4226,-30.4086],[-63.399,-30.4082],[-63.3982,-30.411],[-63.4126,-30.411],[-63.4232,-30.4124],[-63.4278,-30.4101],[-63.4288,-30.406],[-63.4367,-30.4065],[-63.4365,-30.4084],[-63.4485,-30.4087],[-63.448,-30.4152],[-63.4586,-30.4157],[-63.4598,-30.4132],[-63.4669,-30.4135],[-63.4666,-30.4175],[-63.4614,-30.4313],[-63.468,-30.4312],[-63.4705,-30.4341],[-63.4746,-30.4342],[-63.475,-30.4406],[-63.4986,-30.4403],[-63.4986,-30.4427],[-63.5042,-30.4425],[-63.5044,-30.4452],[-63.5147,-30.4462],[-63.515,-30.4586],[-63.5053,-30.4588],[-63.5065,-30.4668],[-63.4991,-30.4665],[-63.4991,-30.461],[-63.4869,-30.461],[-63.4872,-30.4706],[-63.4813,-30.4693],[-63.4817,-30.461],[-63.4784,-30.4565],[-63.4631,-30.4556],[-63.4567,-30.46],[-63.447,-30.459],[-63.4479,-30.4494],[-63.4445,-30.4474],[-63.4448,-30.4412],[-63.4498,-30.4357],[-63.433,-30.4364],[-63.4392,-30.4409],[-63.439,-30.4451],[-63.4328,-30.4451],[-63.4273,-30.4532],[-63.4183,-30.452],[-63.4185,-30.4386],[-63.4016,-30.4383],[-63.4028,-30.447],[-63.4059,-30.4479],[-63.4067,-30.4516],[-63.4009,-30.4576],[-63.4062,-30.4635],[-63.3979,-30.4633],[-63.3944,-30.4581],[-63.3942,-30.4545],[-63.4019,-30.4539],[-63.4013,-30.4502],[-63.3934,-30.4501],[-63.3902,-30.4431],[-63.395,-30.4358],[-63.3943,-30.4303],[-63.3903,-30.4134],[-63.3942,-30.4109],[-63.3955,-30.4043],[-63.3939,-30.3973]]],[[[-63.615,-30.3922],[-63.6267,-30.3923],[-63.6268,-30.3956],[-63.6228,-30.3965],[-63.6121,-30.3959],[-63.615,-30.3922]]],[[[-63.8967,-30.3923],[-63.9,-30.3905],[-63.9048,-30.3945],[-63.9082,-30.395],[-63.9078,-30.3993],[-63.9056,-30.4013],[-63.8978,-30.4026],[-63.8964,-30.3972],[-63.8967,-30.3923]]],[[[-63.9294,-30.392],[-63.9343,-30.3946],[-63.9427,-30.3943],[-63.9471,-30.3968],[-63.9469,-30.4001],[-63.9374,-30.4011],[-63.9372,-30.3966],[-63.9293,-30.3966],[-63.9294,-30.392]]],[[[-63.8591,-30.3903],[-63.8664,-30.3902],[-63.8662,-30.3949],[-63.8568,-30.3952],[-63.8591,-30.3903]]],[[[-63.6516,-30.3913],[-63.6559,-30.3913],[-63.6546,-30.3957],[-63.6594,-30.3975],[-63.6578,-30.4031],[-63.6514,-30.4015],[-63.6463,-30.3936],[-63.6516,-30.3913]]],[[[-64.3581,-30.389],[-64.3577,-30.3847],[-64.3654,-30.3829],[-64.3597,-30.3909],[-64.3581,-30.389]]],[[[-63.6361,-30.3877],[-63.6433,-30.3881],[-63.643,-30.3916],[-63.6366,-30.3916],[-63.6361,-30.3877]]],[[[-64.4074,-30.3799],[-64.415,-30.3794],[-64.4177,-30.3836],[-64.4137,-30.3871],[-64.408,-30.3876],[-64.4074,-30.3799]]],[[[-63.5752,-30.3988],[-63.5763,-30.3986],[-63.5759,-30.3831],[-63.5845,-30.3805],[-63.5845,-30.3856],[-63.5912,-30.3856],[-63.5979,-30.3885],[-63.5968,-30.3932],[-63.599,-30.3943],[-63.5993,-30.4006],[-63.5846,-30.4009],[-63.5752,-30.3988]]],[[[-63.9133,-30.3843],[-63.9169,-30.3818],[-63.9212,-30.3843],[-63.9208,-30.3877],[-63.9152,-30.3872],[-63.9133,-30.3843]]],[[[-63.5644,-30.3866],[-63.5586,-30.3862],[-63.5588,-30.3804],[-63.5663,-30.3806],[-63.5644,-30.3866]]],[[[-63.5294,-30.3805],[-63.5372,-30.3805],[-63.5361,-30.3849],[-63.5294,-30.3828],[-63.5294,-30.3805]]],[[[-64.3524,-30.3742],[-64.3589,-30.3738],[-64.3631,-30.3748],[-64.3631,-30.3777],[-64.3555,-30.3792],[-64.3524,-30.3742]]],[[[-63.6516,-30.3885],[-63.6502,-30.3823],[-63.6438,-30.3823],[-63.6435,-30.3784],[-63.6542,-30.3792],[-63.6542,-30.3885],[-63.6516,-30.3885]]],[[[-63.6585,-30.392],[-63.6576,-30.3771],[-63.6681,-30.378],[-63.6679,-30.3963],[-63.6591,-30.3964],[-63.6585,-30.392]]],[[[-64.3524,-30.3742],[-64.3419,-30.3741],[-64.3473,-30.3794],[-64.3486,-30.3829],[-64.3473,-30.3879],[-64.3542,-30.3883],[-64.3479,-30.3924],[-64.3424,-30.392],[-64.3363,-30.3861],[-64.3316,-30.384],[-64.3329,-30.3802],[-64.3309,-30.3728],[-64.3289,-30.3702],[-64.3438,-30.37],[-64.3524,-30.3742]]],[[[-63.8209,-30.3734],[-63.8225,-30.3809],[-63.8306,-30.3814],[-63.8459,-30.3806],[-63.8459,-30.3763],[-63.8536,-30.3767],[-63.8578,-30.3846],[-63.8541,-30.3916],[-63.8521,-30.3926],[-63.8193,-30.3932],[-63.8196,-30.3972],[-63.802,-30.3981],[-63.8022,-30.3852],[-63.801,-30.3782],[-63.8079,-30.3801],[-63.8095,-30.3881],[-63.8361,-30.3881],[-63.8424,-30.3864],[-63.8391,-30.384],[-63.8327,-30.3858],[-63.8258,-30.3858],[-63.8234,-30.3839],[-63.8148,-30.3822],[-63.8159,-30.3798],[-63.8109,-30.3782],[-63.8109,-30.3761],[-63.8188,-30.3767],[-63.8209,-30.3734]]],[[[-63.9292,-30.3761],[-63.9304,-30.3722],[-63.9388,-30.3735],[-63.9377,-30.3778],[-63.9292,-30.3761]]],[[[-63.7943,-30.3712],[-63.797,-30.3711],[-63.7973,-30.3807],[-63.7904,-30.3805],[-63.7943,-30.3712]]],[[[-63.6005,-30.3758],[-63.6052,-30.3716],[-63.6165,-30.3727],[-63.6162,-30.3792],[-63.6122,-30.3806],[-63.6123,-30.3848],[-63.6024,-30.3846],[-63.6011,-30.3867],[-63.5957,-30.3862],[-63.596,-30.3835],[-63.6008,-30.382],[-63.6005,-30.3758]]],[[[-63.5721,-30.3722],[-63.593,-30.3723],[-63.5943,-30.3772],[-63.5796,-30.3773],[-63.5761,-30.3754],[-63.5727,-30.3775],[-63.5721,-30.3722]]],[[[-63.5136,-30.3731],[-63.5179,-30.371],[-63.5174,-30.3773],[-63.5139,-30.3775],[-63.5136,-30.3731]]],[[[-63.5427,-30.3737],[-63.5473,-30.3735],[-63.5472,-30.3693],[-63.5518,-30.3698],[-63.5532,-30.3751],[-63.5489,-30.3827],[-63.542,-30.3846],[-63.5427,-30.3737]]],[[[-63.8929,-30.3698],[-63.895,-30.3674],[-63.8996,-30.3676],[-63.8997,-30.3735],[-63.8975,-30.3745],[-63.8971,-30.3822],[-63.8947,-30.3818],[-63.8943,-30.3768],[-63.8883,-30.3775],[-63.8842,-30.3802],[-63.8842,-30.3834],[-63.8786,-30.3829],[-63.8784,-30.3786],[-63.875,-30.3767],[-63.8787,-30.3738],[-63.885,-30.3744],[-63.8933,-30.3723],[-63.8929,-30.3698]]],[[[-63.5043,-30.3746],[-63.5025,-30.3746],[-63.5025,-30.3659],[-63.5093,-30.3662],[-63.5092,-30.385],[-63.5082,-30.391],[-63.5022,-30.3897],[-63.4777,-30.3899],[-63.4773,-30.3923],[-63.5001,-30.3922],[-63.4999,-30.3967],[-63.5081,-30.3969],[-63.5079,-30.4026],[-63.506,-30.4083],[-63.4808,-30.4079],[-63.4816,-30.4127],[-63.4662,-30.4128],[-63.4625,-30.4069],[-63.4578,-30.4061],[-63.4564,-30.3994],[-63.4531,-30.3974],[-63.4475,-30.3971],[-63.4456,-30.4021],[-63.44,-30.4038],[-63.4328,-30.404],[-63.4311,-30.3988],[-63.4404,-30.3959],[-63.4343,-30.3945],[-63.4347,-30.3901],[-63.4498,-30.3902],[-63.4548,-30.3912],[-63.4554,-30.3966],[-63.4694,-30.3967],[-63.4705,-30.391],[-63.4666,-30.391],[-63.4666,-30.3861],[-63.46,-30.381],[-63.46,-30.3729],[-63.4749,-30.373],[-63.4778,-30.3749],[-63.4774,-30.3787],[-63.4811,-30.3794],[-63.4813,-30.3743],[-63.4849,-30.3735],[-63.4852,-30.3857],[-63.4898,-30.3855],[-63.4958,-30.3877],[-63.4966,-30.3832],[-63.5022,-30.3836],[-63.5024,-30.3786],[-63.5043,-30.3746]]],[[[-63.4599,-30.3647],[-63.4733,-30.3645],[-63.4735,-30.3663],[-63.4598,-30.3665],[-63.4599,-30.3647]]],[[[-63.418,-30.372],[-63.418,-30.3665],[-63.4216,-30.365],[-63.4215,-30.3722],[-63.418,-30.372]]],[[[-63.3965,-30.3639],[-63.3979,-30.3689],[-63.3973,-30.3765],[-63.3909,-30.3773],[-63.3925,-30.3728],[-63.3869,-30.3721],[-63.3859,-30.3674],[-63.3965,-30.3661],[-63.3965,-30.3639]]],[[[-63.4325,-30.3653],[-63.4549,-30.365],[-63.4516,-30.3672],[-63.4476,-30.3672],[-63.4453,-30.3723],[-63.4457,-30.3773],[-63.4403,-30.3767],[-63.4401,-30.3721],[-63.4323,-30.372],[-63.4325,-30.3653]]],[[[-63.3884,-30.3582],[-63.4,-30.358],[-63.4011,-30.36],[-63.3884,-30.3607],[-63.3884,-30.3582]]],[[[-63.9131,-30.361],[-63.9163,-30.356],[-63.9217,-30.3548],[-63.9253,-30.3567],[-63.9253,-30.3601],[-63.9201,-30.3611],[-63.9209,-30.3649],[-63.9144,-30.3651],[-63.9131,-30.361]]],[[[-63.8961,-30.3573],[-63.8976,-30.3536],[-63.9024,-30.3537],[-63.9035,-30.3576],[-63.8997,-30.3603],[-63.8961,-30.3573]]],[[[-63.5333,-30.3552],[-63.5389,-30.355],[-63.5424,-30.3589],[-63.5475,-30.358],[-63.5832,-30.3573],[-63.5798,-30.3618],[-63.5819,-30.3641],[-63.5881,-30.3643],[-63.5878,-30.367],[-63.5569,-30.3665],[-63.5502,-30.367],[-63.5491,-30.3642],[-63.543,-30.37],[-63.5336,-30.3712],[-63.5408,-30.3645],[-63.536,-30.364],[-63.5342,-30.3696],[-63.5264,-30.3694],[-63.5232,-30.3662],[-63.5232,-30.3615],[-63.5328,-30.3624],[-63.5333,-30.3552]]],[[[-63.8069,-30.3606],[-63.8074,-30.3558],[-63.8027,-30.3496],[-63.8099,-30.3501],[-63.8113,-30.356],[-63.8141,-30.3596],[-63.8113,-30.3615],[-63.8069,-30.3606]]],[[[-63.5022,-30.3488],[-63.5061,-30.3488],[-63.5103,-30.3509],[-63.5121,-30.3544],[-63.5073,-30.3558],[-63.5024,-30.3523],[-63.5022,-30.3488]]],[[[-63.8682,-30.3468],[-63.867,-30.3425],[-63.8714,-30.3415],[-63.8718,-30.3475],[-63.8682,-30.3468]]],[[[-63.4055,-30.3538],[-63.4053,-30.3422],[-63.4132,-30.3422],[-63.4129,-30.3541],[-63.4055,-30.3538]]],[[[-63.5132,-30.3412],[-63.5255,-30.3418],[-63.5237,-30.3594],[-63.5192,-30.3615],[-63.5188,-30.3495],[-63.5199,-30.3467],[-63.5137,-30.3467],[-63.5108,-30.3437],[-63.5132,-30.3412]]],[[[-63.8593,-30.3431],[-63.8582,-30.3388],[-63.8626,-30.3392],[-63.8629,-30.343],[-63.8593,-30.3431]]],[[[-63.9117,-30.3408],[-63.9152,-30.338],[-63.921,-30.3418],[-63.9218,-30.3453],[-63.917,-30.3458],[-63.9157,-30.3424],[-63.9117,-30.3408]]],[[[-63.3827,-30.3396],[-63.3869,-30.3379],[-63.3923,-30.3379],[-63.3906,-30.3424],[-63.3769,-30.3423],[-63.3769,-30.3388],[-63.3827,-30.3396]]],[[[-63.9561,-30.3371],[-63.9507,-30.3368],[-63.9525,-30.3325],[-63.9574,-30.3326],[-63.9561,-30.3371]]],[[[-63.8823,-30.3279],[-63.8905,-30.3304],[-63.8979,-30.3305],[-63.8952,-30.3349],[-63.9018,-30.3351],[-63.9029,-30.3388],[-63.8946,-30.3378],[-63.8904,-30.3336],[-63.8825,-30.3332],[-63.8823,-30.3279]]],[[[-63.8245,-30.3329],[-63.8221,-30.3323],[-63.822,-30.3265],[-63.8271,-30.3277],[-63.8273,-30.3303],[-63.8338,-30.3356],[-63.8275,-30.336],[-63.8331,-30.3417],[-63.8328,-30.3436],[-63.8262,-30.3444],[-63.8228,-30.3422],[-63.8245,-30.3329]]],[[[-63.4735,-30.3267],[-63.488,-30.3262],[-63.4876,-30.3312],[-63.494,-30.3322],[-63.4944,-30.3401],[-63.4879,-30.3396],[-63.4879,-30.3485],[-63.4862,-30.3493],[-63.4864,-30.3549],[-63.4893,-30.3564],[-63.4891,-30.3597],[-63.4864,-30.3616],[-63.4814,-30.3614],[-63.4769,-30.3589],[-63.4717,-30.3596],[-63.4584,-30.3595],[-63.4587,-30.358],[-63.4729,-30.3583],[-63.4746,-30.3552],[-63.4676,-30.3546],[-63.4684,-30.3469],[-63.455,-30.3479],[-63.4546,-30.3442],[-63.442,-30.3421],[-63.4359,-30.3421],[-63.4305,-30.3443],[-63.4275,-30.3398],[-63.4065,-30.3399],[-63.4064,-30.3375],[-63.4426,-30.3374],[-63.4497,-30.3352],[-63.4569,-30.3305],[-63.4685,-30.3308],[-63.4735,-30.3267]]],[[[-63.4491,-30.3312],[-63.4443,-30.3307],[-63.4443,-30.3258],[-63.452,-30.3246],[-63.4521,-30.332],[-63.4491,-30.3312]]],[[[-63.5451,-30.3272],[-63.543,-30.3232],[-63.5555,-30.3227],[-63.5526,-30.3271],[-63.5451,-30.3272]]],[[[-63.4874,-30.3239],[-63.488,-30.3221],[-63.4954,-30.3223],[-63.4949,-30.3243],[-63.4874,-30.3239]]],[[[-63.8559,-30.3192],[-63.8594,-30.3195],[-63.8582,-30.3242],[-63.8514,-30.3238],[-63.8501,-30.3266],[-63.8506,-30.334],[-63.8482,-30.3381],[-63.8419,-30.3407],[-63.8424,-30.3447],[-63.8365,-30.3429],[-63.8373,-30.3243],[-63.8451,-30.3243],[-63.8509,-30.3195],[-63.8559,-30.3192]]],[[[-63.8625,-30.3185],[-63.8681,-30.322],[-63.8719,-30.3225],[-63.8723,-30.3265],[-63.8665,-30.324],[-63.8628,-30.3237],[-63.8625,-30.3185]]],[[[-63.3956,-30.3235],[-63.3928,-30.3201],[-63.4058,-30.3203],[-63.4058,-30.3231],[-63.3956,-30.3235]]],[[[-63.3801,-30.3235],[-63.3791,-30.3202],[-63.388,-30.32],[-63.3876,-30.3235],[-63.3927,-30.3255],[-63.3967,-30.325],[-63.405,-30.326],[-63.4089,-30.3249],[-63.4126,-30.3278],[-63.419,-30.3276],[-63.4219,-30.3236],[-63.4304,-30.324],[-63.4315,-30.3212],[-63.4375,-30.3213],[-63.4373,-30.326],[-63.435,-30.3284],[-63.437,-30.3329],[-63.4285,-30.3313],[-63.3995,-30.3307],[-63.3956,-30.3295],[-63.3929,-30.3312],[-63.3927,-30.3354],[-63.3798,-30.3356],[-63.3745,-30.3376],[-63.3724,-30.3333],[-63.377,-30.3237],[-63.3801,-30.3235]]],[[[-63.9078,-30.3164],[-63.9145,-30.3143],[-63.9174,-30.3191],[-63.9078,-30.3164]]],[[[-63.504,-30.3164],[-63.5072,-30.3162],[-63.5077,-30.3208],[-63.5048,-30.3229],[-63.504,-30.3164]]],[[[-63.5574,-30.3234],[-63.5587,-30.3195],[-63.5536,-30.3183],[-63.5547,-30.3141],[-63.5777,-30.3147],[-63.5771,-30.3189],[-63.6001,-30.32],[-63.6001,-30.3234],[-63.5574,-30.3234]]],[[[-63.539,-30.3188],[-63.5379,-30.3131],[-63.5421,-30.313],[-63.5422,-30.3188],[-63.539,-30.3188]]],[[[-63.9467,-30.3106],[-63.9469,-30.3173],[-63.9432,-30.3153],[-63.9432,-30.3118],[-63.9467,-30.3106]]],[[[-63.606,-30.3123],[-63.608,-30.3182],[-63.6014,-30.3182],[-63.6016,-30.3128],[-63.606,-30.3123]]],[[[-63.9519,-30.3051],[-63.9602,-30.305],[-63.9604,-30.3076],[-63.9541,-30.3075],[-63.9519,-30.3051]]],[[[-63.8912,-30.3055],[-63.8964,-30.3056],[-63.9012,-30.3078],[-63.8999,-30.3121],[-63.9009,-30.3164],[-63.9049,-30.3182],[-63.9034,-30.3216],[-63.8827,-30.3213],[-63.8826,-30.3144],[-63.8794,-30.3149],[-63.8795,-30.31],[-63.8826,-30.3076],[-63.8909,-30.3076],[-63.8912,-30.3055]]],[[[-63.3829,-30.3069],[-63.3922,-30.3076],[-63.3918,-30.3099],[-63.3982,-30.3102],[-63.4032,-30.3119],[-63.4031,-30.3146],[-63.3803,-30.3145],[-63.3802,-30.3093],[-63.3829,-30.3069]]],[[[-63.7606,-30.3174],[-63.7527,-30.317],[-63.7477,-30.3137],[-63.7473,-30.3039],[-63.7545,-30.3043],[-63.7551,-30.3124],[-63.765,-30.3136],[-63.7634,-30.3174],[-63.7606,-30.3174]]],[[[-63.4131,-30.3042],[-63.4177,-30.3065],[-63.4243,-30.3044],[-63.4329,-30.3051],[-63.4332,-30.3081],[-63.485,-30.3079],[-63.4871,-30.3107],[-63.478,-30.31],[-63.4284,-30.3107],[-63.4262,-30.3081],[-63.4188,-30.3082],[-63.4188,-30.3116],[-63.4142,-30.3121],[-63.4139,-30.3079],[-63.4073,-30.308],[-63.4075,-30.3047],[-63.4131,-30.3042]]],[[[-63.3974,-30.3059],[-63.3968,-30.3015],[-63.4054,-30.3017],[-63.4051,-30.3059],[-63.3974,-30.3059]]],[[[-63.6266,-30.3062],[-63.6227,-30.3012],[-63.6285,-30.3005],[-63.6321,-30.3026],[-63.6442,-30.3032],[-63.6456,-30.3071],[-63.6442,-30.3126],[-63.6299,-30.3138],[-63.6319,-30.3164],[-63.6314,-30.3212],[-63.6264,-30.3212],[-63.6261,-30.3072],[-63.6266,-30.3062]]],[[[-63.3849,-30.3029],[-63.3922,-30.301],[-63.3905,-30.3052],[-63.3849,-30.3029]]],[[[-63.5135,-30.3106],[-63.5135,-30.3002],[-63.5242,-30.3004],[-63.5226,-30.3059],[-63.5229,-30.3117],[-63.5325,-30.3126],[-63.531,-30.3212],[-63.5179,-30.3201],[-63.5133,-30.3203],[-63.5135,-30.3106]]],[[[-63.4299,-30.2977],[-63.4334,-30.3009],[-63.4289,-30.3023],[-63.4171,-30.3021],[-63.4184,-30.2987],[-63.4294,-30.2989],[-63.4299,-30.2977]]],[[[-65.254,-30.2784],[-65.2667,-30.2804],[-65.2662,-30.2843],[-65.2633,-30.2869],[-65.257,-30.2872],[-65.257,-30.2841],[-65.2594,-30.2794],[-65.254,-30.2784]]],[[[-63.8595,-30.295],[-63.8674,-30.2951],[-63.8672,-30.3118],[-63.8611,-30.3165],[-63.8558,-30.3159],[-63.8559,-30.3103],[-63.8615,-30.3097],[-63.8611,-30.3033],[-63.8543,-30.3023],[-63.8544,-30.2975],[-63.8591,-30.2981],[-63.8595,-30.295]]],[[[-63.8053,-30.2978],[-63.8051,-30.2954],[-63.8162,-30.2954],[-63.8133,-30.2978],[-63.8053,-30.2978]]],[[[-65.254,-30.2784],[-65.2535,-30.2862],[-65.2471,-30.2846],[-65.2432,-30.2884],[-65.2386,-30.287],[-65.2331,-30.2874],[-65.2351,-30.2819],[-65.2499,-30.2778],[-65.254,-30.2784]]],[[[-62.2021,-30.596],[-62.1993,-30.5843],[-62.1994,-30.5751],[-62.2036,-30.5679],[-62.2043,-30.5531],[-62.2056,-30.5408],[-62.2057,-30.529],[-62.2022,-30.5192],[-62.1952,-30.5141],[-62.1881,-30.5063],[-62.1976,-30.5038],[-62.1935,-30.4956],[-62.1901,-30.4823],[-62.1801,-30.4694],[-62.1767,-30.4596],[-62.1774,-30.4494],[-62.1745,-30.4427],[-62.1722,-30.4345],[-62.1693,-30.4283],[-62.1652,-30.4155],[-62.1647,-30.4022],[-62.1701,-30.3991],[-62.1672,-30.3935],[-62.1655,-30.3848],[-62.1697,-30.3756],[-62.1762,-30.371],[-62.1728,-30.3566],[-62.1695,-30.333],[-62.1625,-30.3236],[-62.1732,-30.2919],[-62.1786,-30.2935],[-62.1801,-30.3137],[-62.1779,-30.3261],[-62.1827,-30.3624],[-62.1803,-30.3814],[-62.1825,-30.4093],[-62.1861,-30.419],[-62.1886,-30.4441],[-62.1968,-30.463],[-62.1979,-30.471],[-62.2053,-30.4883],[-62.2099,-30.506],[-62.214,-30.5297],[-62.2115,-30.5579],[-62.2109,-30.5751],[-62.2021,-30.596]]],[[[-63.7434,-30.2979],[-63.742,-30.2908],[-63.7467,-30.2905],[-63.7465,-30.2982],[-63.7434,-30.2979]]],[[[-63.3749,-30.2902],[-63.3788,-30.2881],[-63.38,-30.2918],[-63.3783,-30.2962],[-63.373,-30.2964],[-63.3749,-30.2902]]],[[[-63.6545,-30.2846],[-63.6587,-30.2869],[-63.6584,-30.2929],[-63.6628,-30.2931],[-63.6629,-30.2998],[-63.6678,-30.2988],[-63.675,-30.2993],[-63.6753,-30.3062],[-63.669,-30.3065],[-63.669,-30.3124],[-63.6575,-30.3134],[-63.6497,-30.3116],[-63.6499,-30.2901],[-63.6507,-30.2865],[-63.6545,-30.2846]]],[[[-63.8298,-30.284],[-63.8406,-30.2831],[-63.8491,-30.2849],[-63.8617,-30.2848],[-63.861,-30.2864],[-63.8533,-30.2876],[-63.8533,-30.2898],[-63.8451,-30.2908],[-63.8413,-30.2863],[-63.841,-30.2951],[-63.8343,-30.2877],[-63.8306,-30.2876],[-63.8298,-30.284]]],[[[-63.6867,-30.2837],[-63.6903,-30.2861],[-63.6938,-30.286],[-63.6953,-30.2973],[-63.7022,-30.2975],[-63.7028,-30.3027],[-63.6986,-30.3032],[-63.6984,-30.308],[-63.688,-30.3083],[-63.6871,-30.3006],[-63.6733,-30.2978],[-63.6736,-30.2952],[-63.6675,-30.295],[-63.6686,-30.2905],[-63.6829,-30.2904],[-63.6853,-30.2892],[-63.6867,-30.2837]]],[[[-65.1571,-30.2605],[-65.1596,-30.2657],[-65.1577,-30.2679],[-65.1432,-30.2677],[-65.14,-30.2642],[-65.1471,-30.263],[-65.1477,-30.261],[-65.1571,-30.2605]]],[[[-63.7216,-30.2845],[-63.7152,-30.2773],[-63.7163,-30.2754],[-63.7265,-30.2754],[-63.7287,-30.2777],[-63.7342,-30.2777],[-63.734,-30.2844],[-63.7293,-30.2851],[-63.7274,-30.2887],[-63.7368,-30.2918],[-63.7374,-30.2985],[-63.7355,-30.3032],[-63.7237,-30.3033],[-63.7244,-30.2885],[-63.7211,-30.2871],[-63.7145,-30.2871],[-63.7139,-30.2843],[-63.7216,-30.2845]]],[[[-63.2991,-30.2752],[-63.3019,-30.2725],[-63.3134,-30.2737],[-63.3112,-30.2784],[-63.3064,-30.283],[-63.3031,-30.282],[-63.2991,-30.2752]]],[[[-63.4637,-30.2737],[-63.4677,-30.2719],[-63.4744,-30.2721],[-63.4744,-30.2799],[-63.487,-30.2804],[-63.4867,-30.2843],[-63.491,-30.2845],[-63.4985,-30.2824],[-63.5046,-30.2847],[-63.5052,-30.2909],[-63.4964,-30.2914],[-63.4964,-30.2961],[-63.491,-30.2959],[-63.491,-30.291],[-63.4336,-30.2917],[-63.4336,-30.2942],[-63.4806,-30.2938],[-63.4806,-30.2959],[-63.4254,-30.2963],[-63.4304,-30.2942],[-63.4304,-30.2917],[-63.4157,-30.2913],[-63.4128,-30.2892],[-63.4029,-30.2885],[-63.404,-30.2862],[-63.4021,-30.2788],[-63.4309,-30.2775],[-63.4352,-30.2785],[-63.4571,-30.2781],[-63.4637,-30.2802],[-63.4637,-30.2737]]],[[[-63.8938,-30.2668],[-63.8969,-30.2712],[-63.8927,-30.2715],[-63.8898,-30.2686],[-63.8938,-30.2668]]],[[[-63.6758,-30.2618],[-63.6841,-30.2644],[-63.6841,-30.2739],[-63.6778,-30.2759],[-63.6775,-30.2701],[-63.6794,-30.2658],[-63.6758,-30.2618]]],[[[-63.664,-30.2647],[-63.6626,-30.2597],[-63.6684,-30.2599],[-63.6681,-30.2649],[-63.664,-30.2647]]],[[[-63.5368,-30.2616],[-63.5357,-30.2572],[-63.5365,-30.2521],[-63.5445,-30.2516],[-63.5451,-30.2621],[-63.5541,-30.2613],[-63.5573,-30.2634],[-63.5683,-30.2633],[-63.5683,-30.261],[-63.5853,-30.2619],[-63.5849,-30.2693],[-63.5929,-30.2693],[-63.5934,-30.2734],[-63.591,-30.2748],[-63.5755,-30.274],[-63.5734,-30.2652],[-63.5699,-30.2645],[-63.5715,-30.2742],[-63.5416,-30.2741],[-63.5427,-30.2628],[-63.5368,-30.2616]]],[[[-63.5605,-30.2502],[-63.5658,-30.2476],[-63.5661,-30.259],[-63.5613,-30.259],[-63.5576,-30.2611],[-63.5581,-30.2537],[-63.5605,-30.2502]]],[[[-63.861,-30.253],[-63.8612,-30.2416],[-63.8641,-30.2418],[-63.8637,-30.262],[-63.8594,-30.2609],[-63.861,-30.253]]],[[[-63.8333,-30.2512],[-63.8316,-30.2511],[-63.8315,-30.242],[-63.8355,-30.2417],[-63.838,-30.2508],[-63.8386,-30.2598],[-63.8329,-30.26],[-63.8333,-30.2512]]],[[[-63.6833,-30.2388],[-63.688,-30.2381],[-63.6924,-30.2395],[-63.6941,-30.2376],[-63.7015,-30.2383],[-63.7029,-30.2452],[-63.7024,-30.2502],[-63.7115,-30.2506],[-63.7099,-30.2568],[-63.7129,-30.2573],[-63.7135,-30.2621],[-63.7116,-30.2709],[-63.7097,-30.2709],[-63.7108,-30.2783],[-63.7092,-30.2831],[-63.6966,-30.2827],[-63.6888,-30.2775],[-63.6891,-30.2729],[-63.6985,-30.2786],[-63.7004,-30.2777],[-63.6995,-30.2722],[-63.697,-30.2719],[-63.6966,-30.2519],[-63.6958,-30.251],[-63.6854,-30.251],[-63.682,-30.246],[-63.6837,-30.2448],[-63.6833,-30.2388]]],[[[-63.855,-30.2334],[-63.8648,-30.2327],[-63.8673,-30.2369],[-63.8778,-30.237],[-63.8777,-30.2406],[-63.8646,-30.2412],[-63.8636,-30.239],[-63.8553,-30.2394],[-63.855,-30.2334]]],[[[-63.6995,-30.2357],[-63.7014,-30.2306],[-63.7089,-30.2313],[-63.7086,-30.2366],[-63.702,-30.2368],[-63.6995,-30.2357]]],[[[-63.8455,-30.2281],[-63.8495,-30.2278],[-63.8537,-30.2255],[-63.854,-30.2319],[-63.8462,-30.2322],[-63.8455,-30.2281]]],[[[-63.3832,-30.2279],[-63.3871,-30.2304],[-63.3917,-30.2292],[-63.396,-30.2307],[-63.405,-30.232],[-63.4049,-30.2369],[-63.4124,-30.2376],[-63.4155,-30.2367],[-63.4277,-30.237],[-63.4277,-30.2388],[-63.4369,-30.2392],[-63.4374,-30.2455],[-63.4316,-30.2506],[-63.4231,-30.2506],[-63.4241,-30.2689],[-63.4232,-30.2699],[-63.4139,-30.2699],[-63.4135,-30.2736],[-63.4004,-30.2778],[-63.3998,-30.2735],[-63.3934,-30.2738],[-63.3871,-30.2794],[-63.3818,-30.2761],[-63.3799,-30.2667],[-63.3909,-30.2661],[-63.3909,-30.2599],[-63.387,-30.2599],[-63.383,-30.2631],[-63.3787,-30.2626],[-63.3754,-30.2496],[-63.3777,-30.2442],[-63.3782,-30.2363],[-63.3821,-30.2356],[-63.3832,-30.2279]]],[[[-63.5416,-30.2326],[-63.5391,-30.2307],[-63.533,-30.2305],[-63.5278,-30.2284],[-63.5275,-30.2258],[-63.5503,-30.2257],[-63.5495,-30.2336],[-63.5421,-30.2343],[-63.5416,-30.2326]]],[[[-63.8322,-30.2234],[-63.8355,-30.2254],[-63.8383,-30.23],[-63.8368,-30.2322],[-63.832,-30.2318],[-63.8312,-30.2254],[-63.8322,-30.2234]]],[[[-63.5795,-30.2332],[-63.5822,-30.2318],[-63.5819,-30.2244],[-63.586,-30.2246],[-63.5861,-30.2332],[-63.5795,-30.2332]]],[[[-63.4408,-30.234],[-63.4373,-30.2331],[-63.4371,-30.2249],[-63.4424,-30.2254],[-63.453,-30.2297],[-63.4532,-30.2318],[-63.4756,-30.232],[-63.4765,-30.2364],[-63.4706,-30.2364],[-63.4697,-30.2341],[-63.4639,-30.2342],[-63.4642,-30.2392],[-63.4767,-30.2391],[-63.4799,-30.2364],[-63.4902,-30.2365],[-63.4894,-30.2404],[-63.4851,-30.2407],[-63.4844,-30.2432],[-63.4884,-30.2451],[-63.4919,-30.2411],[-63.4908,-30.2334],[-63.4924,-30.2309],[-63.4988,-30.2309],[-63.5031,-30.227],[-63.5088,-30.2282],[-63.5141,-30.2271],[-63.5165,-30.2283],[-63.5166,-30.2361],[-63.5116,-30.2345],[-63.5054,-30.2346],[-63.5028,-30.2381],[-63.5024,-30.2437],[-63.5056,-30.246],[-63.5141,-30.2448],[-63.5137,-30.24],[-63.5196,-30.2381],[-63.5207,-30.2347],[-63.5281,-30.234],[-63.5289,-30.2382],[-63.5344,-30.2384],[-63.5349,-30.2472],[-63.5336,-30.2484],[-63.533,-30.259],[-63.5238,-30.2629],[-63.5169,-30.2602],[-63.5125,-30.2596],[-63.5012,-30.2602],[-63.5025,-30.2641],[-63.5057,-30.2651],[-63.5186,-30.2648],[-63.5191,-30.2702],[-63.5161,-30.2725],[-63.5041,-30.2726],[-63.5028,-30.2659],[-63.4987,-30.2729],[-63.4915,-30.2728],[-63.4858,-30.2713],[-63.4701,-30.2711],[-63.4705,-30.2515],[-63.4667,-30.2484],[-63.4616,-30.2483],[-63.4607,-30.242],[-63.4479,-30.2399],[-63.4429,-30.2403],[-63.4408,-30.234]]],[[[-63.5048,-30.2227],[-63.5165,-30.2228],[-63.5152,-30.225],[-63.505,-30.2251],[-63.5048,-30.2227]]],[[[-63.6395,-30.2185],[-63.6464,-30.2183],[-63.6519,-30.2218],[-63.6332,-30.2219],[-63.6395,-30.2185]]],[[[-63.4115,-30.2148],[-63.4146,-30.2179],[-63.4357,-30.2184],[-63.4367,-30.2207],[-63.4262,-30.2207],[-63.4282,-30.2249],[-63.4265,-30.2268],[-63.433,-30.2308],[-63.4356,-30.2345],[-63.4253,-30.2348],[-63.4201,-30.2328],[-63.4195,-30.2211],[-63.4154,-30.2209],[-63.412,-30.2235],[-63.4115,-30.2148]]],[[[-63.5948,-30.2155],[-63.5948,-30.2131],[-63.6101,-30.2128],[-63.6102,-30.2154],[-63.5948,-30.2155]]],[[[-63.5712,-30.2206],[-63.5714,-30.2089],[-63.5769,-30.2089],[-63.5772,-30.2206],[-63.5712,-30.2206]]],[[[-63.3822,-30.209],[-63.4026,-30.2089],[-63.4036,-30.2124],[-63.4013,-30.2155],[-63.399,-30.222],[-63.3915,-30.2205],[-63.3913,-30.214],[-63.3857,-30.213],[-63.3824,-30.2184],[-63.3886,-30.2202],[-63.3871,-30.2252],[-63.3813,-30.2236],[-63.3801,-30.2133],[-63.3822,-30.209]]],[[[-63.7191,-30.2079],[-63.7197,-30.2062],[-63.7315,-30.2064],[-63.7359,-30.213],[-63.7332,-30.214],[-63.7368,-30.2195],[-63.7211,-30.2198],[-63.7189,-30.215],[-63.7191,-30.2079]]],[[[-63.6106,-30.2046],[-63.6169,-30.2048],[-63.6147,-30.2089],[-63.6111,-30.2096],[-63.6106,-30.2046]]],[[[-63.5381,-30.2062],[-63.545,-30.2035],[-63.5453,-30.2066],[-63.5381,-30.2062]]],[[[-63.8338,-30.1934],[-63.838,-30.195],[-63.8378,-30.2028],[-63.8339,-30.1982],[-63.8338,-30.1934]]],[[[-63.3618,-30.207],[-63.3587,-30.2029],[-63.3587,-30.1933],[-63.3643,-30.1916],[-63.3663,-30.1997],[-63.3719,-30.2004],[-63.3722,-30.207],[-63.3618,-30.207]]],[[[-64.1582,-30.1956],[-64.1495,-30.184],[-64.158,-30.1843],[-64.1597,-30.1956],[-64.1582,-30.1956]]],[[[-63.869,-30.1868],[-63.8673,-30.184],[-63.877,-30.1842],[-63.8807,-30.1872],[-63.8782,-30.191],[-63.8695,-30.1917],[-63.869,-30.1868]]],[[[-63.3696,-30.1892],[-63.3705,-30.184],[-63.3752,-30.1852],[-63.3696,-30.1892]]],[[[-63.8082,-30.1798],[-63.8177,-30.1796],[-63.8189,-30.1867],[-63.8178,-30.1912],[-63.8117,-30.1911],[-63.8115,-30.1869],[-63.8088,-30.1857],[-63.8082,-30.1798]]],[[[-63.5764,-30.179],[-63.5893,-30.1792],[-63.5916,-30.1828],[-63.5916,-30.1876],[-63.577,-30.1881],[-63.5764,-30.179]]],[[[-63.7215,-30.1772],[-63.7267,-30.1771],[-63.7274,-30.1848],[-63.7264,-30.1888],[-63.7214,-30.1878],[-63.7215,-30.1772]]],[[[-63.6688,-30.1809],[-63.6681,-30.174],[-63.682,-30.1739],[-63.6823,-30.1877],[-63.6689,-30.1892],[-63.6688,-30.1809]]],[[[-64.1312,-30.1699],[-64.1354,-30.1696],[-64.1371,-30.1798],[-64.1355,-30.1817],[-64.1219,-30.1817],[-64.1237,-30.1798],[-64.1284,-30.1799],[-64.1276,-30.1761],[-64.1315,-30.1761],[-64.1312,-30.1699]]],[[[-63.3511,-30.1795],[-63.3508,-30.1731],[-63.3533,-30.1731],[-63.3544,-30.1797],[-63.3511,-30.1795]]],[[[-63.7916,-30.1708],[-63.7941,-30.1708],[-63.7943,-30.1791],[-63.788,-30.18],[-63.7875,-30.1845],[-63.7914,-30.1845],[-63.7898,-30.189],[-63.7848,-30.1892],[-63.7845,-30.1821],[-63.7826,-30.1801],[-63.7835,-30.1729],[-63.791,-30.1734],[-63.7916,-30.1708]]],[[[-63.6238,-30.1728],[-63.623,-30.1691],[-63.6277,-30.1684],[-63.6265,-30.1729],[-63.6238,-30.1728]]],[[[-63.6307,-30.1712],[-63.6384,-30.1707],[-63.6383,-30.1729],[-63.6308,-30.1737],[-63.6307,-30.1712]]],[[[-63.3334,-30.1758],[-63.3404,-30.169],[-63.3398,-30.18],[-63.3477,-30.1797],[-63.3522,-30.1875],[-63.3472,-30.1956],[-63.3525,-30.1946],[-63.3503,-30.2004],[-63.3511,-30.2021],[-63.3464,-30.2056],[-63.3424,-30.2056],[-63.3407,-30.2007],[-63.3317,-30.1995],[-63.3194,-30.1947],[-63.3154,-30.192],[-63.3115,-30.1971],[-63.3034,-30.1981],[-63.3045,-30.1947],[-63.3092,-30.1896],[-63.3146,-30.1881],[-63.3177,-30.1851],[-63.3255,-30.1859],[-63.3286,-30.1841],[-63.3334,-30.1758]]],[[[-63.4333,-30.1711],[-63.4846,-30.17],[-63.4874,-30.1724],[-63.4923,-30.1726],[-63.4921,-30.1831],[-63.4899,-30.1867],[-63.5089,-30.1864],[-63.5152,-30.188],[-63.5158,-30.193],[-63.5048,-30.193],[-63.501,-30.1983],[-63.4933,-30.1969],[-63.4936,-30.201],[-63.4889,-30.2019],[-63.4928,-30.2084],[-63.4929,-30.2227],[-63.4948,-30.2253],[-63.4904,-30.2299],[-63.4734,-30.2304],[-63.4709,-30.2297],[-63.4714,-30.2135],[-63.473,-30.212],[-63.4862,-30.2115],[-63.4868,-30.2091],[-63.4653,-30.2092],[-63.4612,-30.2078],[-63.4639,-30.2047],[-63.4628,-30.2006],[-63.4568,-30.2004],[-63.4554,-30.2021],[-63.4466,-30.2023],[-63.4464,-30.2088],[-63.4552,-30.208],[-63.4648,-30.2121],[-63.4654,-30.2226],[-63.4494,-30.2226],[-63.4453,-30.2198],[-63.4445,-30.2116],[-63.4351,-30.2172],[-63.4321,-30.2172],[-63.4315,-30.2074],[-63.4219,-30.2055],[-63.4211,-30.2019],[-63.4076,-30.202],[-63.4067,-30.1932],[-63.4023,-30.1924],[-63.4004,-30.1879],[-63.402,-30.1839],[-63.391,-30.1841],[-63.3853,-30.1815],[-63.3836,-30.1777],[-63.388,-30.177],[-63.4152,-30.1774],[-63.4174,-30.1829],[-63.4089,-30.1826],[-63.4086,-30.1857],[-63.4193,-30.1862],[-63.418,-30.1905],[-63.4205,-30.1917],[-63.4238,-30.1995],[-63.4287,-30.2005],[-63.4284,-30.1869],[-63.4383,-30.1876],[-63.4381,-30.1938],[-63.4403,-30.195],[-63.4499,-30.1952],[-63.4521,-30.2002],[-63.4548,-30.1956],[-63.4636,-30.1949],[-63.4642,-30.1932],[-63.454,-30.1928],[-63.454,-30.188],[-63.4485,-30.1878],[-63.4474,-30.1847],[-63.4517,-30.1811],[-63.4619,-30.1818],[-63.4641,-30.181],[-63.4624,-30.1748],[-63.4514,-30.1739],[-63.4495,-30.182],[-63.4237,-30.1816],[-63.4223,-30.1771],[-63.4319,-30.1766],[-63.4319,-30.1797],[-63.4394,-30.1771],[-63.4481,-30.1765],[-63.4484,-30.1739],[-63.4404,-30.1737],[-63.4374,-30.1759],[-63.4333,-30.1711]]],[[[-63.534,-30.1635],[-63.5423,-30.1637],[-63.5423,-30.1653],[-63.5343,-30.1656],[-63.534,-30.1635]]],[[[-63.3583,-30.1726],[-63.3538,-30.1699],[-63.3572,-30.1677],[-63.358,-30.1633],[-63.3614,-30.1633],[-63.3642,-30.1679],[-63.3651,-30.1728],[-63.3583,-30.1726]]],[[[-63.572,-30.1659],[-63.5728,-30.1614],[-63.578,-30.1609],[-63.5786,-30.1692],[-63.5723,-30.1709],[-63.572,-30.1659]]],[[[-63.7142,-30.1573],[-63.7129,-30.1553],[-63.7237,-30.1552],[-63.724,-30.1577],[-63.7149,-30.159],[-63.7142,-30.1573]]],[[[-63.8572,-30.1535],[-63.8598,-30.1534],[-63.8637,-30.157],[-63.8622,-30.1611],[-63.8593,-30.1609],[-63.8572,-30.1535]]],[[[-63.7026,-30.1556],[-63.7072,-30.1567],[-63.7083,-30.1598],[-63.7079,-30.1678],[-63.7034,-30.168],[-63.7026,-30.1556]]],[[[-64.3241,-30.1661],[-64.3233,-30.1625],[-64.3176,-30.1588],[-64.3181,-30.1547],[-64.3216,-30.153],[-64.3229,-30.1496],[-64.3293,-30.1465],[-64.3304,-30.1508],[-64.3263,-30.1542],[-64.3263,-30.1567],[-64.3376,-30.1572],[-64.3361,-30.1606],[-64.3316,-30.1649],[-64.3241,-30.1661]]],[[[-63.5568,-30.1574],[-63.5513,-30.1522],[-63.5614,-30.1507],[-63.5612,-30.1567],[-63.5568,-30.1574]]],[[[-63.5252,-30.1547],[-63.523,-30.1516],[-63.5271,-30.1494],[-63.5301,-30.1515],[-63.5345,-30.1515],[-63.5373,-30.1537],[-63.5474,-30.1541],[-63.5483,-30.1567],[-63.5304,-30.1585],[-63.5299,-30.1654],[-63.52,-30.1661],[-63.5217,-30.1738],[-63.5215,-30.1778],[-63.5152,-30.1781],[-63.4979,-30.1772],[-63.4964,-30.1712],[-63.4918,-30.1691],[-63.4956,-30.166],[-63.4966,-30.1557],[-63.5247,-30.1559],[-63.5252,-30.1547]]],[[[-63.4889,-30.1515],[-63.4936,-30.1503],[-63.4939,-30.1567],[-63.4928,-30.1627],[-63.489,-30.1615],[-63.4889,-30.1515]]],[[[-64.8301,-30.1472],[-64.8282,-30.1453],[-64.8385,-30.1417],[-64.8438,-30.1368],[-64.8451,-30.1482],[-64.8358,-30.1487],[-64.8356,-30.1517],[-64.8306,-30.1555],[-64.8301,-30.1472]]],[[[-64.1298,-30.1475],[-64.1317,-30.1429],[-64.1445,-30.1431],[-64.1418,-30.1478],[-64.1298,-30.1475]]],[[[-63.6766,-30.1406],[-63.6741,-30.1462],[-63.6698,-30.1459],[-63.67,-30.1419],[-63.6766,-30.1406]]],[[[-64.3158,-30.1331],[-64.3219,-30.1355],[-64.3197,-30.1418],[-64.3136,-30.1443],[-64.3065,-30.1396],[-64.3158,-30.1331]]],[[[-63.5532,-30.1433],[-63.5548,-30.1374],[-63.5581,-30.1369],[-63.5595,-30.144],[-63.5584,-30.1462],[-63.5523,-30.1464],[-63.5532,-30.1433]]],[[[-63.8837,-30.1381],[-63.8778,-30.1352],[-63.8772,-30.132],[-63.8849,-30.1317],[-63.8837,-30.1381]]],[[[-63.533,-30.1336],[-63.5395,-30.1319],[-63.5396,-30.1415],[-63.5354,-30.1427],[-63.5357,-30.1464],[-63.5308,-30.1467],[-63.53,-30.1428],[-63.5253,-30.142],[-63.5237,-30.1443],[-63.508,-30.145],[-63.5068,-30.1377],[-63.5135,-30.1333],[-63.5232,-30.1344],[-63.533,-30.1336]]],[[[-63.6735,-30.126],[-63.6774,-30.1258],[-63.6789,-30.1301],[-63.6726,-30.1343],[-63.6705,-30.1325],[-63.671,-30.1279],[-63.6735,-30.126]]],[[[-63.3365,-30.1268],[-63.3394,-30.1352],[-63.3383,-30.1394],[-63.3337,-30.1375],[-63.3313,-30.1343],[-63.3311,-30.1279],[-63.3365,-30.1268]]],[[[-63.6291,-30.166],[-63.629,-30.1639],[-63.6335,-30.1601],[-63.6332,-30.1467],[-63.6383,-30.1444],[-63.638,-30.1247],[-63.6484,-30.1237],[-63.6497,-30.1266],[-63.6504,-30.1413],[-63.6471,-30.144],[-63.6477,-30.154],[-63.6453,-30.1556],[-63.6442,-30.165],[-63.6502,-30.1669],[-63.65,-30.1728],[-63.6484,-30.174],[-63.641,-30.1736],[-63.6437,-30.1697],[-63.6381,-30.167],[-63.6291,-30.166]]],[[[-63.6552,-30.1247],[-63.6617,-30.1235],[-63.6644,-30.1262],[-63.6646,-30.1348],[-63.6549,-30.1339],[-63.6552,-30.1247]]],[[[-63.8105,-30.1226],[-63.8226,-30.1223],[-63.8231,-30.1253],[-63.8138,-30.1276],[-63.8105,-30.1226]]],[[[-63.5708,-30.1237],[-63.5776,-30.1238],[-63.58,-30.1354],[-63.5698,-30.1358],[-63.5698,-30.1248],[-63.5708,-30.1237]]],[[[-63.7751,-30.1228],[-63.7817,-30.1239],[-63.7804,-30.1302],[-63.7816,-30.1322],[-63.77,-30.1347],[-63.7699,-30.1249],[-63.7751,-30.1228]]],[[[-64.3486,-30.1166],[-64.3605,-30.1182],[-64.3715,-30.1183],[-64.3685,-30.1221],[-64.3695,-30.1248],[-64.366,-30.1311],[-64.3541,-30.1414],[-64.3487,-30.1431],[-64.3402,-30.1356],[-64.3294,-30.1284],[-64.3351,-30.1229],[-64.3364,-30.1256],[-64.3426,-30.1253],[-64.3544,-30.1263],[-64.3456,-30.1219],[-64.3486,-30.1166]]],[[[-63.5805,-30.1221],[-63.5849,-30.1221],[-63.5864,-30.1259],[-63.5803,-30.1283],[-63.5805,-30.1221]]],[[[-64.3486,-30.1166],[-64.3428,-30.1199],[-64.339,-30.1167],[-64.3478,-30.1123],[-64.3486,-30.1166]]],[[[-63.7223,-30.1162],[-63.7267,-30.1161],[-63.7265,-30.1204],[-63.7228,-30.1212],[-63.7223,-30.1162]]],[[[-63.4805,-30.1136],[-63.4891,-30.1142],[-63.4901,-30.1176],[-63.4852,-30.1178],[-63.4869,-30.1215],[-63.4904,-30.1186],[-63.4955,-30.1166],[-63.5069,-30.1161],[-63.5117,-30.1151],[-63.512,-30.1294],[-63.5047,-30.1283],[-63.4933,-30.1298],[-63.4888,-30.1287],[-63.4866,-30.1339],[-63.4929,-30.1352],[-63.5044,-30.1343],[-63.5047,-30.1382],[-63.4997,-30.1392],[-63.501,-30.1444],[-63.4949,-30.1449],[-63.4881,-30.1435],[-63.4797,-30.144],[-63.4775,-30.1414],[-63.4802,-30.129],[-63.4748,-30.1287],[-63.4747,-30.1221],[-63.4616,-30.1207],[-63.4618,-30.1148],[-63.476,-30.1148],[-63.4805,-30.1136]]],[[[-63.7154,-30.1118],[-63.7186,-30.1116],[-63.7181,-30.1177],[-63.7156,-30.1178],[-63.7154,-30.1118]]],[[[-63.6788,-30.1117],[-63.7014,-30.1116],[-63.704,-30.1158],[-63.692,-30.1163],[-63.692,-30.1209],[-63.6791,-30.1198],[-63.6788,-30.1117]]],[[[-63.7488,-30.1185],[-63.7495,-30.1113],[-63.7653,-30.1113],[-63.7658,-30.1161],[-63.7571,-30.1165],[-63.7568,-30.1185],[-63.7488,-30.1185]]],[[[-63.525,-30.1107],[-63.5293,-30.1115],[-63.5293,-30.1146],[-63.534,-30.115],[-63.5342,-30.1175],[-63.529,-30.1185],[-63.529,-30.1219],[-63.5228,-30.1235],[-63.519,-30.1174],[-63.5243,-30.1164],[-63.525,-30.1107]]],[[[-64.1304,-30.1093],[-64.1376,-30.1089],[-64.1333,-30.1139],[-64.1327,-30.1204],[-64.1453,-30.1195],[-64.1447,-30.1226],[-64.1402,-30.1228],[-64.14,-30.1267],[-64.1367,-30.1267],[-64.1364,-30.1225],[-64.1323,-30.1228],[-64.1308,-30.1264],[-64.1268,-30.1258],[-64.1287,-30.1193],[-64.1307,-30.1196],[-64.1304,-30.1093]]],[[[-63.3627,-30.1108],[-63.3707,-30.1107],[-63.3737,-30.1131],[-63.3864,-30.1108],[-63.387,-30.1164],[-63.3891,-30.12],[-63.3832,-30.1202],[-63.3784,-30.127],[-63.3786,-30.1321],[-63.3733,-30.1337],[-63.372,-30.1292],[-63.3634,-30.1288],[-63.3624,-30.125],[-63.3627,-30.1108]]],[[[-63.4435,-30.1084],[-63.4552,-30.1083],[-63.456,-30.1139],[-63.448,-30.1118],[-63.4465,-30.1175],[-63.4497,-30.1179],[-63.4501,-30.1274],[-63.4579,-30.129],[-63.4582,-30.134],[-63.4625,-30.1374],[-63.4701,-30.1385],[-63.4752,-30.1382],[-63.4764,-30.1518],[-63.4633,-30.1512],[-63.464,-30.1486],[-63.4569,-30.1495],[-63.4549,-30.1485],[-63.4446,-30.1485],[-63.4315,-30.1448],[-63.4277,-30.1448],[-63.4298,-30.1588],[-63.4177,-30.1575],[-63.4169,-30.1605],[-63.4124,-30.1608],[-63.4092,-30.152],[-63.4038,-30.1509],[-63.396,-30.1536],[-63.3941,-30.1579],[-63.4021,-30.1581],[-63.404,-30.1613],[-63.3868,-30.1611],[-63.3865,-30.1677],[-63.3749,-30.1707],[-63.3717,-30.1647],[-63.361,-30.1618],[-63.3551,-30.1617],[-63.3479,-30.163],[-63.3419,-30.1604],[-63.3413,-30.1407],[-63.3528,-30.1333],[-63.3523,-30.1545],[-63.3775,-30.1553],[-63.3803,-30.1575],[-63.383,-30.1544],[-63.3842,-30.1499],[-63.387,-30.1486],[-63.3887,-30.1429],[-63.3999,-30.1422],[-63.4039,-30.1396],[-63.4044,-30.1355],[-63.4004,-30.1342],[-63.3947,-30.1349],[-63.3892,-30.1336],[-63.3876,-30.1226],[-63.3981,-30.1223],[-63.3998,-30.1117],[-63.4038,-30.1119],[-63.4038,-30.1153],[-63.4078,-30.1153],[-63.4079,-30.1342],[-63.4092,-30.1459],[-63.4144,-30.1413],[-63.4131,-30.137],[-63.4178,-30.1333],[-63.4218,-30.1342],[-63.4246,-30.1372],[-63.4273,-30.1333],[-63.4408,-30.1328],[-63.441,-30.1243],[-63.443,-30.1241],[-63.4435,-30.1084]]],[[[-64.1033,-30.1024],[-64.1086,-30.1044],[-64.1201,-30.1043],[-64.1169,-30.1067],[-64.1043,-30.1068],[-64.1033,-30.1024]]],[[[-64.1212,-30.0998],[-64.1356,-30.0997],[-64.1356,-30.1021],[-64.1269,-30.101],[-64.1228,-30.1037],[-64.1212,-30.0998]]],[[[-63.3307,-30.107],[-63.3325,-30.104],[-63.3402,-30.1052],[-63.3419,-30.108],[-63.3389,-30.1107],[-63.3323,-30.1099],[-63.3307,-30.107]]],[[[-63.6552,-30.1017],[-63.6646,-30.1016],[-63.6646,-30.113],[-63.6609,-30.1138],[-63.658,-30.1173],[-63.6549,-30.1177],[-63.6547,-30.1107],[-63.6495,-30.1099],[-63.65,-30.1049],[-63.6552,-30.1048],[-63.6552,-30.1017]]],[[[-63.4743,-30.112],[-63.4683,-30.1119],[-63.4702,-30.1083],[-63.4702,-30.1014],[-63.476,-30.1014],[-63.476,-30.1089],[-63.4743,-30.112]]],[[[-63.4927,-30.1079],[-63.4935,-30.1013],[-63.5003,-30.1015],[-63.5039,-30.1032],[-63.4999,-30.1073],[-63.4927,-30.1079]]],[[[-63.4816,-30.1009],[-63.4879,-30.1017],[-63.488,-30.1093],[-63.4814,-30.1079],[-63.4816,-30.1009]]],[[[-65.0978,-30.1192],[-65.095,-30.1168],[-65.0947,-30.1013],[-65.0968,-30.1008],[-65.1036,-30.0874],[-65.1079,-30.0845],[-65.1102,-30.0902],[-65.1109,-30.1218],[-65.1141,-30.1217],[-65.1157,-30.1184],[-65.1206,-30.1216],[-65.1212,-30.1244],[-65.1153,-30.1278],[-65.1039,-30.128],[-65.0978,-30.1192]]],[[[-63.3638,-30.0924],[-63.3676,-30.0924],[-63.3678,-30.0971],[-63.364,-30.0971],[-63.3638,-30.0924]]],[[[-63.7696,-30.0883],[-63.779,-30.0893],[-63.7789,-30.0932],[-63.7735,-30.093],[-63.7735,-30.0971],[-63.7697,-30.0981],[-63.7696,-30.0883]]],[[[-64.1315,-30.0855],[-64.135,-30.0886],[-64.1394,-30.0882],[-64.14,-30.0954],[-64.132,-30.0948],[-64.1314,-30.0929],[-64.1224,-30.0922],[-64.1189,-30.093],[-64.1174,-30.0977],[-64.1129,-30.1019],[-64.1096,-30.102],[-64.1084,-30.0954],[-64.1054,-30.0929],[-64.1146,-30.0922],[-64.1179,-30.0889],[-64.1262,-30.0874],[-64.1315,-30.0855]]],[[[-63.4524,-30.1013],[-63.4541,-30.0971],[-63.4509,-30.0945],[-63.4512,-30.0877],[-63.4563,-30.088],[-63.4563,-30.0917],[-63.463,-30.0945],[-63.4629,-30.1015],[-63.4589,-30.1031],[-63.4524,-30.1013]]],[[[-63.3442,-30.0916],[-63.339,-30.0916],[-63.3392,-30.086],[-63.3501,-30.0863],[-63.3531,-30.0886],[-63.3533,-30.0926],[-63.3588,-30.0915],[-63.359,-30.0973],[-63.3403,-30.0969],[-63.3442,-30.0916]]],[[[-63.5419,-30.0848],[-63.5517,-30.0855],[-63.5517,-30.09],[-63.5406,-30.091],[-63.5362,-30.0945],[-63.5303,-30.0946],[-63.53,-30.0908],[-63.5337,-30.0872],[-63.5403,-30.087],[-63.5419,-30.0848]]],[[[-63.7902,-30.0831],[-63.8038,-30.0801],[-63.8074,-30.0827],[-63.8074,-30.0863],[-63.7974,-30.0861],[-63.7973,-30.088],[-63.7893,-30.089],[-63.7902,-30.0831]]],[[[-63.3581,-30.0823],[-63.3573,-30.0782],[-63.377,-30.0794],[-63.3825,-30.0827],[-63.3902,-30.0831],[-63.3932,-30.0874],[-63.4132,-30.0876],[-63.4144,-30.0921],[-63.4356,-30.0923],[-63.4359,-30.0966],[-63.4441,-30.0968],[-63.4464,-30.1016],[-63.4382,-30.1014],[-63.4362,-30.1126],[-63.4272,-30.1125],[-63.427,-30.1057],[-63.4324,-30.1057],[-63.4322,-30.1005],[-63.4304,-30.0966],[-63.3935,-30.0974],[-63.3915,-30.0931],[-63.385,-30.0913],[-63.385,-30.0974],[-63.3825,-30.0974],[-63.3818,-30.0924],[-63.383,-30.0901],[-63.381,-30.0862],[-63.3763,-30.0877],[-63.3601,-30.0875],[-63.3581,-30.0823]]],[[[-63.8065,-30.0815],[-63.8053,-30.075],[-63.8145,-30.0744],[-63.8147,-30.0767],[-63.8083,-30.0771],[-63.8065,-30.0815]]],[[[-63.4642,-30.0749],[-63.469,-30.076],[-63.469,-30.0793],[-63.4774,-30.0798],[-63.4775,-30.0875],[-63.4941,-30.0879],[-63.4937,-30.0921],[-63.4857,-30.0921],[-63.4873,-30.0958],[-63.4828,-30.096],[-63.4824,-30.0921],[-63.4731,-30.0924],[-63.4733,-30.0881],[-63.4691,-30.0855],[-63.4655,-30.0851],[-63.464,-30.0811],[-63.4642,-30.0749]]],[[[-63.3393,-30.0694],[-63.344,-30.0697],[-63.3482,-30.0722],[-63.3533,-30.0788],[-63.3527,-30.0807],[-63.3399,-30.081],[-63.3388,-30.0742],[-63.3393,-30.0694]]],[[[-64.2344,-30.0938],[-64.2292,-30.0938],[-64.2289,-30.0902],[-64.225,-30.0896],[-64.2229,-30.0922],[-64.2172,-30.0954],[-64.2053,-30.095],[-64.2091,-30.0897],[-64.205,-30.0871],[-64.2052,-30.0847],[-64.2123,-30.0828],[-64.2082,-30.0804],[-64.2002,-30.0802],[-64.2005,-30.0779],[-64.2059,-30.074],[-64.2161,-30.0734],[-64.2138,-30.0708],[-64.2023,-30.0714],[-64.2026,-30.0688],[-64.2168,-30.0686],[-64.2186,-30.0755],[-64.2246,-30.0755],[-64.2257,-30.0786],[-64.2337,-30.078],[-64.2339,-30.0756],[-64.2383,-30.0725],[-64.2401,-30.0687],[-64.2376,-30.063],[-64.2532,-30.0621],[-64.2503,-30.0652],[-64.2506,-30.0698],[-64.2632,-30.0689],[-64.2608,-30.0713],[-64.2517,-30.0714],[-64.2517,-30.0738],[-64.2452,-30.0741],[-64.2427,-30.0713],[-64.2381,-30.077],[-64.2387,-30.0825],[-64.2329,-30.083],[-64.2312,-30.08],[-64.2235,-30.0793],[-64.2241,-30.0822],[-64.2321,-30.0847],[-64.2373,-30.0849],[-64.2401,-30.0827],[-64.2439,-30.0856],[-64.2513,-30.085],[-64.2516,-30.0824],[-64.2584,-30.0819],[-64.2585,-30.0847],[-64.2637,-30.0847],[-64.2648,-30.0892],[-64.2712,-30.0898],[-64.2715,-30.096],[-64.2701,-30.097],[-64.2608,-30.0971],[-64.2526,-30.0981],[-64.2492,-30.0934],[-64.2541,-30.0864],[-64.2467,-30.0875],[-64.2473,-30.0922],[-64.2443,-30.0942],[-64.2386,-30.0952],[-64.2344,-30.0938]],[[-64.2344,-30.0938],[-64.235,-30.0921],[-64.2418,-30.092],[-64.2423,-30.0892],[-64.2349,-30.0892],[-64.2344,-30.0938]]],[[[-63.6013,-30.0765],[-63.6021,-30.0669],[-63.6048,-30.0704],[-63.6048,-30.0758],[-63.6013,-30.0765]]],[[[-64.1716,-30.0702],[-64.1669,-30.0662],[-64.1682,-30.061],[-64.1715,-30.0609],[-64.1712,-30.0652],[-64.187,-30.0723],[-64.1925,-30.0729],[-64.1949,-30.0715],[-64.1985,-30.075],[-64.1939,-30.0789],[-64.1873,-30.0785],[-64.1885,-30.0823],[-64.188,-30.0878],[-64.194,-30.0879],[-64.1943,-30.0903],[-64.1886,-30.092],[-64.1801,-30.0921],[-64.179,-30.0938],[-64.179,-30.0964],[-64.1777,-30.1007],[-64.1722,-30.0974],[-64.1724,-30.0922],[-64.1685,-30.092],[-64.1649,-30.0872],[-64.1682,-30.0846],[-64.1673,-30.0767],[-64.1714,-30.08],[-64.1727,-30.076],[-64.1653,-30.0751],[-64.1653,-30.0724],[-64.1716,-30.0702]]],[[[-63.4968,-30.0567],[-63.505,-30.0555],[-63.5054,-30.0586],[-63.509,-30.0613],[-63.5145,-30.0611],[-63.5128,-30.0651],[-63.502,-30.0717],[-63.4998,-30.0834],[-63.4938,-30.0833],[-63.4934,-30.0802],[-63.4892,-30.08],[-63.4911,-30.0727],[-63.494,-30.0727],[-63.498,-30.068],[-63.4968,-30.0567]]],[[[-63.7586,-30.0544],[-63.7667,-30.0537],[-63.7706,-30.0519],[-63.7732,-30.0562],[-63.781,-30.052],[-63.7878,-30.0517],[-63.7892,-30.0561],[-63.7966,-30.0563],[-63.7981,-30.062],[-63.7985,-30.0725],[-63.7922,-30.0725],[-63.7901,-30.0765],[-63.7837,-30.0758],[-63.7852,-30.0718],[-63.7854,-30.0633],[-63.7877,-30.0586],[-63.7724,-30.0589],[-63.7724,-30.0764],[-63.7716,-30.0816],[-63.7645,-30.0818],[-63.7588,-30.0805],[-63.759,-30.0723],[-63.7575,-30.0687],[-63.7585,-30.0659],[-63.7586,-30.0544]]],[[[-63.3437,-30.056],[-63.3443,-30.0515],[-63.3491,-30.0528],[-63.3491,-30.0562],[-63.3437,-30.056]]],[[[-63.6796,-30.0544],[-63.6781,-30.0481],[-63.6906,-30.0477],[-63.6907,-30.0458],[-63.7019,-30.0455],[-63.7049,-30.0441],[-63.7048,-30.0564],[-63.6993,-30.0582],[-63.6923,-30.0582],[-63.6875,-30.0604],[-63.6811,-30.06],[-63.6796,-30.0544]]],[[[-63.6558,-30.0492],[-63.6547,-30.044],[-63.6599,-30.0446],[-63.6612,-30.0515],[-63.6558,-30.0492]]],[[[-64.6337,-30.0348],[-64.6392,-30.0311],[-64.6399,-30.0358],[-64.6337,-30.0348]]],[[[-64.1486,-30.0363],[-64.1526,-30.0368],[-64.153,-30.0448],[-64.151,-30.0471],[-64.1497,-30.0537],[-64.1548,-30.0541],[-64.1551,-30.0595],[-64.1498,-30.0596],[-64.148,-30.0579],[-64.1393,-30.0589],[-64.1393,-30.0562],[-64.1446,-30.0557],[-64.146,-30.0498],[-64.1395,-30.0499],[-64.131,-30.0465],[-64.131,-30.0418],[-64.1431,-30.0422],[-64.1473,-30.0432],[-64.1486,-30.0363]]],[[[-64.1312,-30.0399],[-64.1314,-30.0352],[-64.1436,-30.0354],[-64.1312,-30.0399]]],[[[-63.506,-30.0372],[-63.5153,-30.0397],[-63.5151,-30.0459],[-63.5129,-30.047],[-63.5125,-30.0537],[-63.5098,-30.054],[-63.5098,-30.0453],[-63.5078,-30.044],[-63.4969,-30.0421],[-63.497,-30.0503],[-63.4943,-30.0532],[-63.4826,-30.0537],[-63.4811,-30.0516],[-63.4819,-30.0431],[-63.4894,-30.0429],[-63.4914,-30.044],[-63.4899,-30.0486],[-63.4943,-30.0484],[-63.4945,-30.0407],[-63.4989,-30.0392],[-63.5058,-30.0392],[-63.506,-30.0372]]],[[[-63.5147,-30.0361],[-63.515,-30.0301],[-63.5174,-30.0301],[-63.5175,-30.0367],[-63.5147,-30.0361]]],[[[-64.088,-30.0262],[-64.0911,-30.0222],[-64.0939,-30.0243],[-64.0992,-30.0247],[-64.0987,-30.0287],[-64.0917,-30.0334],[-64.0883,-30.0382],[-64.0859,-30.0377],[-64.0826,-30.0291],[-64.0889,-30.0293],[-64.088,-30.0262]]],[[[-63.4347,-30.0258],[-63.4487,-30.0267],[-63.4537,-30.0293],[-63.4526,-30.0369],[-63.4551,-30.038],[-63.4548,-30.0428],[-63.4588,-30.0501],[-63.4599,-30.06],[-63.4427,-30.0601],[-63.4428,-30.064],[-63.4365,-30.0641],[-63.436,-30.0707],[-63.4285,-30.0721],[-63.4258,-30.0601],[-63.4329,-30.0601],[-63.4342,-30.0558],[-63.4454,-30.0554],[-63.4456,-30.0533],[-63.4381,-30.0533],[-63.4398,-30.0409],[-63.4452,-30.0407],[-63.4451,-30.0348],[-63.4237,-30.035],[-63.4233,-30.029],[-63.4253,-30.0271],[-63.4335,-30.0271],[-63.4347,-30.0258]]],[[[-63.7524,-30.0345],[-63.7507,-30.0336],[-63.751,-30.027],[-63.7491,-30.0224],[-63.7577,-30.0222],[-63.7577,-30.0246],[-63.7624,-30.027],[-63.7615,-30.0338],[-63.7524,-30.0345]]],[[[-64.1443,-30.0241],[-64.1442,-30.0182],[-64.1487,-30.0182],[-64.1479,-30.0248],[-64.1443,-30.0241]]],[[[-63.3793,-30.0387],[-63.3702,-30.0372],[-63.3724,-30.0352],[-63.3714,-30.0257],[-63.3691,-30.0214],[-63.3739,-30.0217],[-63.3772,-30.0258],[-63.3834,-30.0275],[-63.3847,-30.0373],[-63.384,-30.042],[-63.3949,-30.0416],[-63.4045,-30.04],[-63.4072,-30.0413],[-63.4088,-30.0483],[-63.414,-30.049],[-63.414,-30.0605],[-63.3914,-30.0606],[-63.3913,-30.0533],[-63.3899,-30.0496],[-63.3838,-30.0496],[-63.3851,-30.0528],[-63.3842,-30.0581],[-63.3753,-30.0563],[-63.3714,-30.0532],[-63.3603,-30.0535],[-63.3589,-30.0527],[-63.3583,-30.0448],[-63.3276,-30.0446],[-63.3246,-30.0409],[-63.3191,-30.0423],[-63.3184,-30.0513],[-63.3266,-30.0516],[-63.3284,-30.0561],[-63.3361,-30.0559],[-63.3352,-30.0601],[-63.319,-30.0603],[-63.3173,-30.0539],[-63.3122,-30.0547],[-63.3123,-30.0592],[-63.31,-30.0605],[-63.3059,-30.0568],[-63.3009,-30.0543],[-63.31,-30.0457],[-63.3085,-30.0419],[-63.3041,-30.0386],[-63.3026,-30.027],[-63.3108,-30.0273],[-63.3151,-30.0265],[-63.3253,-30.033],[-63.3246,-30.0387],[-63.3339,-30.0374],[-63.3364,-30.0423],[-63.3407,-30.0419],[-63.3415,-30.0384],[-63.3483,-30.0373],[-63.3485,-30.0397],[-63.3606,-30.04],[-63.3653,-30.042],[-63.3719,-30.0411],[-63.3779,-30.042],[-63.3793,-30.0387]]],[[[-63.3971,-30.0238],[-63.3969,-30.0213],[-63.4035,-30.021],[-63.4044,-30.0261],[-63.3978,-30.0269],[-63.3971,-30.0238]]],[[[-64.0641,-30.0214],[-64.0681,-30.0191],[-64.0726,-30.022],[-64.0807,-30.022],[-64.0802,-30.0264],[-64.0816,-30.0295],[-64.0814,-30.0345],[-64.0843,-30.0408],[-64.0894,-30.0451],[-64.075,-30.0454],[-64.0786,-30.0414],[-64.0782,-30.0384],[-64.0722,-30.0376],[-64.0667,-30.0313],[-64.0669,-30.0261],[-64.071,-30.0228],[-64.0641,-30.0214]]],[[[-63.7737,-30.0199],[-63.7783,-30.0175],[-63.7765,-30.0254],[-63.7722,-30.0284],[-63.7722,-30.0312],[-63.767,-30.0313],[-63.7639,-30.0259],[-63.7654,-30.0224],[-63.7728,-30.0217],[-63.7737,-30.0199]]],[[[-63.5361,-30.0284],[-63.5323,-30.0239],[-63.5342,-30.0218],[-63.5461,-30.0196],[-63.5548,-30.0189],[-63.5548,-30.0241],[-63.5595,-30.0278],[-63.5663,-30.0269],[-63.5671,-30.0339],[-63.5614,-30.0349],[-63.5612,-30.0378],[-63.5566,-30.0401],[-63.5585,-30.0458],[-63.5623,-30.0432],[-63.5655,-30.0439],[-63.5802,-30.0424],[-63.58,-30.0587],[-63.576,-30.0615],[-63.5659,-30.0632],[-63.5646,-30.075],[-63.5687,-30.0776],[-63.578,-30.0778],[-63.5833,-30.0676],[-63.5874,-30.0693],[-63.5855,-30.0724],[-63.5907,-30.0768],[-63.591,-30.0804],[-63.5848,-30.0809],[-63.5823,-30.0785],[-63.5761,-30.0797],[-63.5698,-30.0838],[-63.5625,-30.084],[-63.5612,-30.0829],[-63.5492,-30.0829],[-63.541,-30.0806],[-63.5323,-30.0757],[-63.5304,-30.0766],[-63.5158,-30.0741],[-63.5106,-30.079],[-63.515,-30.0807],[-63.5174,-30.0845],[-63.5237,-30.0842],[-63.5256,-30.087],[-63.5147,-30.0871],[-63.5058,-30.0852],[-63.5057,-30.0765],[-63.5084,-30.0713],[-63.5163,-30.0708],[-63.5269,-30.0688],[-63.529,-30.0662],[-63.5388,-30.061],[-63.5417,-30.0558],[-63.5482,-30.0569],[-63.5507,-30.052],[-63.5422,-30.0496],[-63.5306,-30.0572],[-63.5263,-30.0573],[-63.5254,-30.0514],[-63.5298,-30.0513],[-63.5305,-30.0459],[-63.5267,-30.0462],[-63.5273,-30.0417],[-63.521,-30.0415],[-63.5205,-30.0386],[-63.5234,-30.0355],[-63.5272,-30.0353],[-63.5297,-30.041],[-63.534,-30.0405],[-63.531,-30.0365],[-63.5348,-30.0336],[-63.5361,-30.0284]]],[[[-63.746,-30.0176],[-63.7458,-30.0131],[-63.7495,-30.0131],[-63.7494,-30.0169],[-63.746,-30.0176]]],[[[-63.3707,-30.0172],[-63.3673,-30.0135],[-63.3739,-30.0134],[-63.3707,-30.0172]]],[[[-63.4174,-30.0206],[-63.416,-30.0156],[-63.4174,-30.0136],[-63.4269,-30.015],[-63.426,-30.0215],[-63.4174,-30.0206]]],[[[-63.349,-30.023],[-63.348,-30.014],[-63.3557,-30.0126],[-63.3584,-30.0152],[-63.359,-30.0254],[-63.3559,-30.0239],[-63.3518,-30.0247],[-63.349,-30.023]]],[[[-64.2995,-30.0103],[-64.3033,-30.0068],[-64.3126,-30.0061],[-64.3169,-30.0107],[-64.3104,-30.0107],[-64.31,-30.0154],[-64.3153,-30.0142],[-64.3177,-30.0166],[-64.3083,-30.0183],[-64.303,-30.018],[-64.2952,-30.0216],[-64.2903,-30.0224],[-64.2874,-30.0248],[-64.283,-30.0225],[-64.2892,-30.0198],[-64.2969,-30.0188],[-64.2994,-30.0166],[-64.2995,-30.0103]]],[[[-63.4555,-30.0197],[-63.4517,-30.0178],[-63.4517,-30.0118],[-63.4583,-30.0128],[-63.4584,-30.0178],[-63.4555,-30.0197]]],[[[-64.1174,-30.0135],[-64.1137,-30.0104],[-64.1069,-30.0099],[-64.1038,-30.0061],[-64.1108,-30.006],[-64.1162,-30.0106],[-64.1272,-30.0105],[-64.1214,-30.0152],[-64.1205,-30.0179],[-64.1152,-30.0199],[-64.1143,-30.0155],[-64.1174,-30.0135]]],[[[-63.7456,-30.0106],[-63.7455,-30.0062],[-63.7713,-30.0062],[-63.7669,-30.0106],[-63.7456,-30.0106]]],[[[-64.1781,-30.0027],[-64.1877,-30.0043],[-64.1888,-30.0075],[-64.1827,-30.0125],[-64.1892,-30.0122],[-64.182,-30.0233],[-64.1792,-30.0233],[-64.1743,-30.0162],[-64.1642,-30.0168],[-64.1641,-30.0139],[-64.174,-30.0138],[-64.179,-30.0105],[-64.1781,-30.0027]]],[[[-64.5952,-29.998],[-64.6132,-29.9983],[-64.6173,-30.0026],[-64.6127,-30.0093],[-64.6023,-30.0091],[-64.5926,-30.0098],[-64.5952,-29.998]]],[[[-64.6392,-30.0273],[-64.6383,-30.0244],[-64.6334,-30.0203],[-64.6308,-30.0151],[-64.6328,-30.006],[-64.633,-29.994],[-64.6431,-29.9971],[-64.6481,-29.9979],[-64.6488,-30.0034],[-64.648,-30.0097],[-64.6495,-30.0258],[-64.6439,-30.0289],[-64.6392,-30.0273]]],[[[-63.5906,-30.0046],[-63.5987,-30.004],[-63.606,-30.0024],[-63.6182,-30.0044],[-63.6274,-30.003],[-63.6277,-30.0051],[-63.615,-30.0061],[-63.5976,-30.0097],[-63.5917,-30.0097],[-63.5906,-30.0046]]],[[[-64.2592,-29.9967],[-64.2627,-29.9985],[-64.2675,-29.9981],[-64.2704,-30.0053],[-64.2644,-30.0052],[-64.264,-29.9999],[-64.2596,-30.0002],[-64.2592,-29.9967]]],[[[-64.1298,-29.9931],[-64.1332,-29.9932],[-64.1334,-29.9973],[-64.1291,-29.9972],[-64.1298,-29.9931]]],[[[-64.1515,-29.9907],[-64.1523,-29.9885],[-64.1579,-29.9884],[-64.1597,-29.9926],[-64.1595,-30.0012],[-64.1539,-30.0022],[-64.1515,-29.9907]]],[[[-64.2311,-29.9877],[-64.2361,-29.9874],[-64.236,-29.9933],[-64.2411,-29.9909],[-64.2484,-29.9962],[-64.2454,-29.9981],[-64.247,-30.003],[-64.2435,-30.0112],[-64.2335,-30.0131],[-64.2331,-30.0159],[-64.2242,-30.0166],[-64.2185,-30.0181],[-64.2153,-30.0213],[-64.227,-30.0212],[-64.2308,-30.0189],[-64.2404,-30.0188],[-64.2405,-30.0166],[-64.2586,-30.0161],[-64.2603,-30.0136],[-64.2652,-30.014],[-64.2652,-30.0178],[-64.259,-30.0183],[-64.2434,-30.0273],[-64.2522,-30.0274],[-64.2522,-30.0298],[-64.2577,-30.0297],[-64.2608,-30.0264],[-64.2603,-30.0205],[-64.2695,-30.0211],[-64.2689,-30.0252],[-64.2653,-30.0278],[-64.2749,-30.0285],[-64.2752,-30.0316],[-64.2671,-30.0337],[-64.2659,-30.0389],[-64.2623,-30.0389],[-64.2622,-30.0341],[-64.2571,-30.0342],[-64.255,-30.0364],[-64.2487,-30.037],[-64.2427,-30.0391],[-64.2369,-30.0455],[-64.2345,-30.0427],[-64.2311,-30.0461],[-64.2315,-30.0548],[-64.2266,-30.0554],[-64.2265,-30.0515],[-64.2216,-30.0493],[-64.2197,-30.0527],[-64.2106,-30.0533],[-64.2099,-30.0507],[-64.2046,-30.0509],[-64.2039,-30.0452],[-64.2087,-30.0385],[-64.2111,-30.0396],[-64.2177,-30.0384],[-64.2178,-30.036],[-64.2223,-30.0351],[-64.2233,-30.0325],[-64.2288,-30.0326],[-64.2284,-30.0272],[-64.2296,-30.0228],[-64.2247,-30.0228],[-64.2184,-30.029],[-64.2149,-30.0353],[-64.2104,-30.0335],[-64.2015,-30.0345],[-64.1996,-30.0368],[-64.1907,-30.037],[-64.1908,-30.0346],[-64.1962,-30.0349],[-64.1929,-30.0281],[-64.1935,-30.0252],[-64.2033,-30.0134],[-64.2033,-30.0097],[-64.2113,-30.0084],[-64.2118,-30.0117],[-64.2171,-30.012],[-64.2171,-30.0094],[-64.2228,-30.007],[-64.2266,-30.0016],[-64.2195,-30.0016],[-64.2162,-30.003],[-64.213,-30.0072],[-64.2058,-30.0073],[-64.2094,-30.0023],[-64.2099,-29.996],[-64.214,-29.9985],[-64.2199,-29.9979],[-64.2224,-29.9887],[-64.2311,-29.9897],[-64.2311,-29.9877]],[[-64.2332,-29.9936],[-64.2293,-29.9967],[-64.234,-29.9989],[-64.2332,-29.9936]],[[-64.2245,-30.0097],[-64.2199,-30.0098],[-64.2178,-30.014],[-64.2244,-30.014],[-64.2245,-30.0097]]],[[[-64.2722,-29.984],[-64.2773,-29.9838],[-64.2776,-29.988],[-64.2707,-29.9888],[-64.2722,-29.984]]],[[[-64.1124,-29.9863],[-64.115,-29.9895],[-64.1093,-29.9897],[-64.1096,-29.9921],[-64.1012,-29.9918],[-64.1015,-29.9877],[-64.112,-29.9877],[-64.1124,-29.9863]]],[[[-64.1539,-29.9782],[-64.1632,-29.9783],[-64.1604,-29.9813],[-64.1604,-29.9847],[-64.1508,-29.9838],[-64.1539,-29.9782]]],[[[-64.172,-29.978],[-64.1767,-29.98],[-64.1821,-29.9803],[-64.1826,-29.9842],[-64.1888,-29.9843],[-64.1894,-29.9815],[-64.2091,-29.9822],[-64.2057,-29.9897],[-64.2006,-29.9909],[-64.1999,-29.9955],[-64.195,-29.9991],[-64.1878,-29.9996],[-64.1881,-29.9904],[-64.1842,-29.987],[-64.1731,-29.9871],[-64.1697,-29.9812],[-64.172,-29.978]]],[[[-64.1417,-29.976],[-64.1453,-29.976],[-64.1486,-29.979],[-64.1487,-29.9894],[-64.1436,-29.9989],[-64.1397,-30.0005],[-64.1396,-29.9949],[-64.1357,-29.9897],[-64.1294,-29.9897],[-64.1309,-29.9827],[-64.1283,-29.9782],[-64.1416,-29.9782],[-64.1417,-29.976]]],[[[-64.2459,-29.9795],[-64.2464,-29.9772],[-64.2542,-29.9749],[-64.2542,-29.977],[-64.2459,-29.9795]]],[[[-63.9977,-29.9792],[-64.0094,-29.9794],[-64.0151,-29.9837],[-64.0154,-29.9869],[-64.0194,-29.9901],[-64.015,-29.9918],[-64.0156,-29.9956],[-64.019,-29.9977],[-64.0252,-29.9976],[-64.0256,-30.0028],[-64.0327,-30.0044],[-64.0328,-30.0155],[-64.0273,-30.0158],[-64.0245,-30.0135],[-64.0192,-30.0137],[-64.0178,-30.0192],[-64.0265,-30.0247],[-64.0319,-30.0247],[-64.0215,-30.0314],[-64.0179,-30.0315],[-64.0151,-30.0272],[-64.0112,-30.0261],[-64.0114,-30.0362],[-63.9982,-30.036],[-63.9982,-30.0294],[-63.9952,-30.0263],[-63.9955,-30.0209],[-63.9992,-30.0206],[-63.9992,-30.016],[-64.0112,-30.0155],[-64.0113,-30.0098],[-64.0129,-30.0067],[-64.0119,-30.0019],[-64.0036,-30.0021],[-64.0048,-29.9941],[-64.0082,-29.9941],[-64.0057,-29.9888],[-64.0057,-29.9847],[-64.0022,-29.9847],[-64.0016,-29.9813],[-63.9977,-29.9815],[-63.9977,-29.9792]]],[[[-63.7482,-29.9866],[-63.7419,-29.9827],[-63.7405,-29.9791],[-63.7467,-29.9765],[-63.753,-29.9817],[-63.7554,-29.9871],[-63.7596,-29.9877],[-63.7634,-29.9905],[-63.7645,-29.9945],[-63.7616,-30.0005],[-63.7507,-29.9978],[-63.7482,-29.9866]]],[[[-64.9342,-30.0055],[-64.9357,-29.997],[-64.9399,-29.9884],[-64.9424,-29.9771],[-64.9487,-29.9694],[-64.9491,-29.9614],[-64.9643,-29.9607],[-64.9638,-29.9645],[-64.9677,-29.9677],[-64.9684,-29.9795],[-64.9675,-29.988],[-64.9677,-29.9975],[-64.9645,-29.9989],[-64.9646,-30.0032],[-64.9694,-30.0026],[-64.9679,-30.0093],[-64.9653,-30.0117],[-64.9731,-30.0224],[-64.9732,-30.029],[-64.9776,-30.0332],[-64.9799,-30.0379],[-64.9801,-30.0487],[-64.9744,-30.0587],[-64.9706,-30.0626],[-64.9718,-30.0663],[-64.9659,-30.0726],[-64.9569,-30.084],[-64.9507,-30.0959],[-64.9486,-30.103],[-64.9488,-30.1111],[-64.9473,-30.1205],[-64.9384,-30.1339],[-64.9374,-30.1396],[-64.9276,-30.1407],[-64.9232,-30.1346],[-64.9219,-30.1242],[-64.9217,-30.1152],[-64.907,-30.115],[-64.9069,-30.1103],[-64.9125,-30.0889],[-64.9118,-30.0781],[-64.9072,-30.0678],[-64.9164,-30.0643],[-64.9185,-30.0615],[-64.9166,-30.0497],[-64.9149,-30.0455],[-64.9169,-30.036],[-64.9211,-30.0269],[-64.9352,-30.0263],[-64.9345,-30.0211],[-64.9322,-30.0145],[-64.9342,-30.0055]]],[[[-63.6256,-29.9724],[-63.6315,-29.972],[-63.6332,-29.9795],[-63.6427,-29.9798],[-63.6426,-29.9841],[-63.628,-29.984],[-63.6256,-29.9724]]],[[[-64.1689,-29.9649],[-64.174,-29.9651],[-64.1727,-29.9756],[-64.1698,-29.9766],[-64.1638,-29.9745],[-64.1649,-29.9692],[-64.1694,-29.9697],[-64.1689,-29.9649]]],[[[-64.104,-29.9669],[-64.1119,-29.9645],[-64.1119,-29.9681],[-64.104,-29.9669]]],[[[-64.8997,-29.9881],[-64.8946,-29.9749],[-64.8918,-29.9707],[-64.8917,-29.9655],[-64.8889,-29.9594],[-64.892,-29.9551],[-64.8948,-29.9593],[-64.896,-29.965],[-64.9015,-29.9673],[-64.9054,-29.971],[-64.9055,-29.9757],[-64.9078,-29.9846],[-64.9025,-29.9904],[-64.8997,-29.9881]]],[[[-64.249,-29.9667],[-64.2545,-29.9652],[-64.2546,-29.9621],[-64.2595,-29.962],[-64.2606,-29.9656],[-64.2699,-29.9635],[-64.2817,-29.963],[-64.2816,-29.9676],[-64.2742,-29.9672],[-64.2705,-29.9658],[-64.2671,-29.9679],[-64.2588,-29.9691],[-64.2536,-29.9715],[-64.2507,-29.9705],[-64.2433,-29.9752],[-64.2389,-29.983],[-64.233,-29.9867],[-64.2219,-29.9865],[-64.2164,-29.9893],[-64.2133,-29.993],[-64.2084,-29.9936],[-64.2165,-29.9813],[-64.2227,-29.9805],[-64.222,-29.9778],[-64.2262,-29.9762],[-64.2263,-29.9709],[-64.2313,-29.9627],[-64.2363,-29.9636],[-64.2459,-29.9634],[-64.249,-29.9667]],[[-64.249,-29.9667],[-64.2343,-29.9663],[-64.2346,-29.9676],[-64.2439,-29.9685],[-64.249,-29.9667]]],[[[-64.343,-29.993],[-64.3409,-29.9879],[-64.3315,-29.982],[-64.3295,-29.978],[-64.3259,-29.9747],[-64.3212,-29.9733],[-64.3193,-29.97],[-64.3249,-29.9672],[-64.3354,-29.967],[-64.3376,-29.9656],[-64.3383,-29.9588],[-64.3416,-29.9597],[-64.3411,-29.9648],[-64.3456,-29.9719],[-64.3465,-29.9814],[-64.351,-29.9871],[-64.3525,-29.9933],[-64.3495,-29.9995],[-64.347,-29.9953],[-64.343,-29.993]]],[[[-64.1567,-29.962],[-64.1555,-29.9597],[-64.1647,-29.9597],[-64.1619,-29.9642],[-64.1567,-29.962]]],[[[-64.3043,-29.9559],[-64.3068,-29.9584],[-64.3021,-29.9609],[-64.3014,-29.9635],[-64.2907,-29.9684],[-64.2889,-29.971],[-64.2828,-29.9611],[-64.3043,-29.9559]]],[[[-64.1095,-29.9553],[-64.1081,-29.9529],[-64.1167,-29.953],[-64.1178,-29.9603],[-64.1141,-29.9622],[-64.1038,-29.9611],[-64.1039,-29.9575],[-64.1096,-29.9576],[-64.1095,-29.9553]]],[[[-64.1956,-29.9513],[-64.204,-29.9515],[-64.209,-29.9566],[-64.1998,-29.956],[-64.2,-29.9597],[-64.1952,-29.9606],[-64.1943,-29.9549],[-64.1956,-29.9513]]],[[[-63.6068,-29.9563],[-63.6097,-29.9547],[-63.6161,-29.9588],[-63.611,-29.9596],[-63.6068,-29.9563]]],[[[-64.0977,-29.9532],[-64.0986,-29.9499],[-64.1037,-29.951],[-64.1041,-29.9533],[-64.0977,-29.9532]]],[[[-63.6014,-29.9497],[-63.603,-29.9521],[-63.5954,-29.9533],[-63.5959,-29.9509],[-63.6014,-29.9497]]],[[[-64.0869,-29.9443],[-64.087,-29.9489],[-64.096,-29.9488],[-64.0961,-29.952],[-64.0907,-29.9522],[-64.0908,-29.9556],[-64.0827,-29.9567],[-64.0752,-29.9627],[-64.0752,-29.9651],[-64.0686,-29.9652],[-64.0659,-29.9672],[-64.0613,-29.9646],[-64.054,-29.9583],[-64.0699,-29.9594],[-64.0701,-29.956],[-64.0764,-29.9568],[-64.0752,-29.9534],[-64.0713,-29.9534],[-64.0725,-29.9488],[-64.0818,-29.9489],[-64.0816,-29.9443],[-64.0869,-29.9443]]],[[[-64.0581,-29.9444],[-64.0644,-29.9444],[-64.0642,-29.9468],[-64.0581,-29.9478],[-64.0581,-29.9444]]],[[[-64.2809,-29.9438],[-64.2809,-29.9407],[-64.2846,-29.9398],[-64.2838,-29.9476],[-64.2758,-29.9484],[-64.266,-29.9467],[-64.2668,-29.9448],[-64.2742,-29.944],[-64.2779,-29.9458],[-64.2809,-29.9438]]],[[[-64.2485,-29.9398],[-64.255,-29.942],[-64.2615,-29.9458],[-64.2491,-29.9463],[-64.249,-29.9541],[-64.2397,-29.9545],[-64.241,-29.949],[-64.2449,-29.9486],[-64.2486,-29.9427],[-64.2485,-29.9398]]],[[[-63.3962,-29.9458],[-63.397,-29.9439],[-63.4069,-29.9443],[-63.406,-29.9482],[-63.402,-29.9458],[-63.3962,-29.9458]]],[[[-64.0869,-29.9443],[-64.0868,-29.942],[-64.0803,-29.9419],[-64.0806,-29.9398],[-64.0895,-29.9395],[-64.0907,-29.942],[-64.0986,-29.9433],[-64.1,-29.9396],[-64.1054,-29.942],[-64.1039,-29.9475],[-64.0985,-29.9465],[-64.0947,-29.9442],[-64.0869,-29.9443]]],[[[-64.2974,-29.9356],[-64.3012,-29.9376],[-64.3012,-29.9401],[-64.3063,-29.9402],[-64.3062,-29.9442],[-64.2988,-29.9448],[-64.2949,-29.9503],[-64.288,-29.9493],[-64.2871,-29.9446],[-64.2891,-29.9417],[-64.2974,-29.9356]]],[[[-63.6371,-29.9446],[-63.6371,-29.9425],[-63.6462,-29.9414],[-63.6456,-29.9474],[-63.6463,-29.9537],[-63.6529,-29.9498],[-63.6558,-29.9499],[-63.6616,-29.9536],[-63.6656,-29.9504],[-63.6673,-29.958],[-63.6662,-29.9608],[-63.6602,-29.961],[-63.6528,-29.9649],[-63.6449,-29.9663],[-63.6451,-29.9594],[-63.6372,-29.959],[-63.636,-29.961],[-63.629,-29.9587],[-63.6307,-29.9553],[-63.6306,-29.9468],[-63.6319,-29.9428],[-63.6371,-29.9446]]],[[[-64.2136,-29.935],[-64.2181,-29.9353],[-64.2191,-29.9387],[-64.2237,-29.9359],[-64.2325,-29.9357],[-64.2339,-29.944],[-64.2252,-29.944],[-64.2254,-29.9479],[-64.2289,-29.9484],[-64.2292,-29.9525],[-64.2259,-29.9569],[-64.2224,-29.957],[-64.2227,-29.9614],[-64.2204,-29.964],[-64.2153,-29.9648],[-64.2171,-29.9689],[-64.206,-29.968],[-64.2015,-29.9706],[-64.1999,-29.9774],[-64.1938,-29.9774],[-64.1922,-29.9747],[-64.1925,-29.9681],[-64.2019,-29.968],[-64.2005,-29.9638],[-64.2147,-29.9637],[-64.2192,-29.9624],[-64.2177,-29.9523],[-64.2136,-29.9545],[-64.2136,-29.9496],[-64.2158,-29.9452],[-64.2094,-29.9456],[-64.2113,-29.9413],[-64.2051,-29.9417],[-64.2045,-29.9453],[-64.1989,-29.9451],[-64.1986,-29.9412],[-64.2035,-29.941],[-64.2037,-29.9381],[-64.2126,-29.9389],[-64.2136,-29.935]]],[[[-64.6532,-29.9254],[-64.6534,-29.9223],[-64.6588,-29.9224],[-64.657,-29.9266],[-64.6532,-29.9254]]],[[[-63.9977,-29.9815],[-64.0015,-29.9882],[-63.9914,-29.9886],[-63.986,-29.988],[-63.9868,-29.9815],[-63.9821,-29.9815],[-63.9771,-29.9773],[-63.9752,-29.9727],[-63.9711,-29.9736],[-63.9692,-29.9703],[-63.9569,-29.9707],[-63.9583,-29.966],[-63.9584,-29.9586],[-63.9608,-29.9565],[-63.9594,-29.9473],[-63.9564,-29.9452],[-63.9489,-29.9443],[-63.9502,-29.9499],[-63.9482,-29.9624],[-63.9434,-29.9626],[-63.9438,-29.9565],[-63.9381,-29.9578],[-63.9366,-29.9542],[-63.9382,-29.9486],[-63.9354,-29.9474],[-63.9338,-29.9427],[-63.9306,-29.9428],[-63.93,-29.9361],[-63.9315,-29.9298],[-63.9379,-29.9292],[-63.9402,-29.9331],[-63.9489,-29.9341],[-63.9489,-29.9382],[-63.9589,-29.9385],[-63.9623,-29.9398],[-63.9648,-29.952],[-63.9735,-29.951],[-63.9777,-29.9546],[-63.9762,-29.96],[-63.9816,-29.9599],[-63.9804,-29.9631],[-63.982,-29.9705],[-63.9869,-29.9705],[-63.9873,-29.979],[-63.9977,-29.9792],[-63.9977,-29.9815]]],[[[-63.9501,-29.9249],[-63.955,-29.9246],[-63.9554,-29.9301],[-63.95,-29.9293],[-63.9501,-29.9249]]],[[[-63.432,-29.9345],[-63.4312,-29.9251],[-63.4342,-29.9258],[-63.4338,-29.9342],[-63.432,-29.9345]]],[[[-64.2,-29.9181],[-64.2128,-29.919],[-64.2132,-29.9226],[-64.2195,-29.9224],[-64.2192,-29.9247],[-64.2103,-29.9224],[-64.2051,-29.9226],[-64.2,-29.9181]]],[[[-63.9573,-29.9181],[-63.9651,-29.9181],[-63.9667,-29.9218],[-63.9717,-29.9196],[-63.9778,-29.9202],[-63.9821,-29.9243],[-63.9821,-29.9287],[-63.9743,-29.9283],[-63.9758,-29.9314],[-63.9658,-29.9315],[-63.9657,-29.9266],[-63.9738,-29.9264],[-63.9745,-29.9233],[-63.9551,-29.9221],[-63.9573,-29.9181]]],[[[-63.9402,-29.9176],[-63.9499,-29.9177],[-63.9499,-29.9203],[-63.9407,-29.9201],[-63.9402,-29.9176]]],[[[-63.5825,-29.9243],[-63.5833,-29.9212],[-63.5909,-29.9191],[-63.5912,-29.9245],[-63.5847,-29.9283],[-63.5825,-29.9243]]],[[[-63.5665,-29.9272],[-63.5646,-29.9178],[-63.567,-29.9178],[-63.5692,-29.9262],[-63.5665,-29.9272]]],[[[-63.6762,-29.9223],[-63.715,-29.9194],[-63.7202,-29.9141],[-63.721,-29.9257],[-63.7235,-29.9272],[-63.7242,-29.9395],[-63.7295,-29.9412],[-63.7351,-29.9561],[-63.7354,-29.9674],[-63.7239,-29.9641],[-63.7138,-29.9642],[-63.7093,-29.9626],[-63.7042,-29.9628],[-63.696,-29.9571],[-63.6922,-29.9514],[-63.6907,-29.9455],[-63.6869,-29.9396],[-63.6873,-29.9364],[-63.6999,-29.9285],[-63.713,-29.9272],[-63.7131,-29.9227],[-63.6981,-29.9232],[-63.6868,-29.9265],[-63.6769,-29.927],[-63.6724,-29.925],[-63.6762,-29.9223]]],[[[-63.5554,-29.9202],[-63.5551,-29.9166],[-63.561,-29.9138],[-63.5621,-29.9192],[-63.5581,-29.9244],[-63.5554,-29.9202]]],[[[-64.3799,-29.9076],[-64.3794,-29.9142],[-64.3764,-29.9206],[-64.355,-29.9212],[-64.3482,-29.9201],[-64.3488,-29.9142],[-64.3799,-29.9076]]],[[[-63.9905,-29.9047],[-63.9932,-29.9047],[-63.9923,-29.9102],[-63.9885,-29.9102],[-63.9869,-29.9054],[-63.9905,-29.9047]]],[[[-63.9645,-29.9082],[-63.9637,-29.9038],[-63.9675,-29.9038],[-63.9683,-29.9082],[-63.9645,-29.9082]]],[[[-64.1758,-29.8999],[-64.1797,-29.9023],[-64.1785,-29.9102],[-64.185,-29.9102],[-64.1865,-29.9158],[-64.1759,-29.916],[-64.1706,-29.9148],[-64.172,-29.9046],[-64.1757,-29.9045],[-64.1758,-29.8999]]],[[[-63.4694,-29.9118],[-63.4713,-29.9099],[-63.4734,-29.9035],[-63.4761,-29.9046],[-63.477,-29.9108],[-63.48,-29.919],[-63.4814,-29.9282],[-63.4784,-29.9294],[-63.4643,-29.9321],[-63.46,-29.9323],[-63.4564,-29.9236],[-63.455,-29.9151],[-63.4561,-29.9132],[-63.4626,-29.9132],[-63.4694,-29.9118]]],[[[-64.6506,-29.8927],[-64.6532,-29.8901],[-64.6592,-29.8906],[-64.6608,-29.896],[-64.6635,-29.8994],[-64.6687,-29.9017],[-64.6704,-29.9096],[-64.6676,-29.913],[-64.6585,-29.913],[-64.6595,-29.9063],[-64.6556,-29.9077],[-64.6559,-29.9108],[-64.6503,-29.9108],[-64.6505,-29.9041],[-64.6609,-29.9036],[-64.6608,-29.8968],[-64.6486,-29.8952],[-64.6506,-29.8927]]],[[[-64.0771,-29.8939],[-64.0813,-29.8938],[-64.084,-29.8997],[-64.0902,-29.8998],[-64.0903,-29.9039],[-64.0878,-29.9121],[-64.0905,-29.9166],[-64.0906,-29.9258],[-64.096,-29.9248],[-64.0984,-29.9283],[-64.0986,-29.935],[-64.1,-29.9393],[-64.0907,-29.9393],[-64.0866,-29.9302],[-64.0826,-29.9283],[-64.0867,-29.9223],[-64.0841,-29.9188],[-64.0839,-29.9099],[-64.0815,-29.9053],[-64.076,-29.9041],[-64.0774,-29.9008],[-64.0771,-29.8939]]],[[[-64.1758,-29.8999],[-64.1705,-29.8999],[-64.1666,-29.8978],[-64.1613,-29.9002],[-64.1599,-29.9044],[-64.1547,-29.9036],[-64.1562,-29.9],[-64.1507,-29.9001],[-64.152,-29.8955],[-64.1626,-29.8954],[-64.1639,-29.8909],[-64.1678,-29.8922],[-64.168,-29.8976],[-64.1758,-29.8999]]],[[[-64.0927,-29.8903],[-64.0956,-29.8904],[-64.0956,-29.8948],[-64.0916,-29.894],[-64.0927,-29.8903]]],[[[-64.1465,-29.8886],[-64.1531,-29.889],[-64.1532,-29.8931],[-64.1449,-29.8933],[-64.1465,-29.8886]]],[[[-64.6633,-29.88],[-64.67,-29.8813],[-64.6697,-29.8841],[-64.663,-29.8844],[-64.6633,-29.88]]],[[[-64.3202,-29.8826],[-64.3293,-29.8826],[-64.3294,-29.8847],[-64.3203,-29.8849],[-64.3202,-29.8826]]],[[[-64.0111,-29.885],[-64.0113,-29.8831],[-64.0181,-29.883],[-64.0187,-29.8854],[-64.0111,-29.885]]],[[[-64.1638,-29.8817],[-64.1676,-29.8817],[-64.169,-29.8886],[-64.1651,-29.8886],[-64.1598,-29.8864],[-64.1598,-29.884],[-64.1638,-29.8817]]],[[[-64.2887,-29.8737],[-64.295,-29.8736],[-64.295,-29.8759],[-64.3082,-29.8758],[-64.3031,-29.8804],[-64.3045,-29.8828],[-64.3044,-29.8897],[-64.2989,-29.8895],[-64.2938,-29.884],[-64.2885,-29.8842],[-64.2887,-29.8737]]],[[[-64.1481,-29.8751],[-64.1519,-29.874],[-64.1526,-29.8791],[-64.1496,-29.8791],[-64.1481,-29.8751]]],[[[-63.4974,-29.8843],[-63.495,-29.8784],[-63.4982,-29.8767],[-63.5136,-29.875],[-63.5193,-29.8733],[-63.5196,-29.8766],[-63.5269,-29.8766],[-63.5242,-29.8811],[-63.5275,-29.8841],[-63.5356,-29.881],[-63.5419,-29.8834],[-63.5397,-29.8872],[-63.5416,-29.8919],[-63.5414,-29.8971],[-63.5376,-29.8961],[-63.5344,-29.8983],[-63.5344,-29.9014],[-63.5409,-29.9039],[-63.5452,-29.9041],[-63.5468,-29.9004],[-63.5438,-29.8952],[-63.5493,-29.8954],[-63.5485,-29.8996],[-63.5517,-29.9053],[-63.5529,-29.9157],[-63.5385,-29.9172],[-63.5356,-29.9214],[-63.5364,-29.9252],[-63.5285,-29.9264],[-63.5299,-29.9205],[-63.5223,-29.9196],[-63.5204,-29.9172],[-63.5166,-29.9184],[-63.5155,-29.922],[-63.5123,-29.9239],[-63.5123,-29.93],[-63.5142,-29.9366],[-63.5124,-29.9402],[-63.5164,-29.9437],[-63.5186,-29.9517],[-63.5127,-29.9539],[-63.5083,-29.9475],[-63.5096,-29.9385],[-63.5056,-29.939],[-63.5055,-29.935],[-63.5028,-29.9249],[-63.4968,-29.9246],[-63.4952,-29.9171],[-63.4973,-29.9112],[-63.5024,-29.9112],[-63.5032,-29.9086],[-63.5016,-29.8994],[-63.4967,-29.8989],[-63.4959,-29.8937],[-63.4923,-29.8928],[-63.4893,-29.8883],[-63.4893,-29.8836],[-63.4974,-29.8843]]],[[[-64.3407,-29.8663],[-64.3449,-29.8665],[-64.353,-29.871],[-64.3531,-29.8765],[-64.3462,-29.8731],[-64.341,-29.8732],[-64.3407,-29.8663]]],[[[-64.1571,-29.8664],[-64.1603,-29.8701],[-64.1513,-29.8707],[-64.1571,-29.8664]]],[[[-63.5415,-29.8692],[-63.5469,-29.8671],[-63.5553,-29.8673],[-63.5562,-29.8696],[-63.5451,-29.8701],[-63.5415,-29.8692]]],[[[-64.1505,-29.861],[-64.1531,-29.858],[-64.1579,-29.8611],[-64.153,-29.8655],[-64.1477,-29.8664],[-64.1505,-29.861]]],[[[-64.0529,-29.8616],[-64.0571,-29.8595],[-64.0573,-29.8551],[-64.0609,-29.8552],[-64.0633,-29.8596],[-64.0598,-29.869],[-64.0685,-29.8732],[-64.0755,-29.8726],[-64.08,-29.867],[-64.0888,-29.8677],[-64.0906,-29.8722],[-64.0806,-29.8718],[-64.084,-29.8754],[-64.0885,-29.8742],[-64.0885,-29.881],[-64.0821,-29.8823],[-64.081,-29.8777],[-64.0768,-29.8764],[-64.072,-29.879],[-64.0772,-29.8826],[-64.0771,-29.8908],[-64.0731,-29.8914],[-64.0727,-29.8846],[-64.0691,-29.8844],[-64.0652,-29.8802],[-64.0609,-29.8778],[-64.0554,-29.8777],[-64.0534,-29.8706],[-64.0541,-29.8665],[-64.0529,-29.8616]]],[[[-64.3289,-29.8504],[-64.3329,-29.855],[-64.3382,-29.856],[-64.3369,-29.8607],[-64.3344,-29.863],[-64.3316,-29.8595],[-64.3226,-29.8595],[-64.3266,-29.855],[-64.3237,-29.8505],[-64.3289,-29.8504]]],[[[-64.009,-29.8564],[-64.0033,-29.8565],[-64.0034,-29.8509],[-64.0088,-29.8511],[-64.009,-29.8564]]],[[[-64.1122,-29.849],[-64.1136,-29.8444],[-64.1188,-29.8455],[-64.1186,-29.85],[-64.1122,-29.849]]],[[[-64.3104,-29.8414],[-64.3156,-29.8414],[-64.3222,-29.8481],[-64.3184,-29.8483],[-64.3195,-29.8527],[-64.3118,-29.8527],[-64.3117,-29.8472],[-64.308,-29.8459],[-64.3104,-29.8414]]],[[[-64.1014,-29.8306],[-64.1093,-29.8343],[-64.108,-29.8387],[-64.1002,-29.8388],[-64.0988,-29.8332],[-64.1014,-29.8306]]],[[[-64.0083,-29.8305],[-64.0179,-29.8304],[-64.0186,-29.8362],[-64.0104,-29.835],[-64.0083,-29.8305]]],[[[-63.471,-29.8397],[-63.471,-29.8333],[-63.474,-29.8337],[-63.4773,-29.8387],[-63.471,-29.8397]]],[[[-63.483,-29.8339],[-63.4797,-29.834],[-63.475,-29.8285],[-63.4867,-29.8285],[-63.487,-29.8342],[-63.4849,-29.8392],[-63.48,-29.8387],[-63.4783,-29.8363],[-63.483,-29.8339]]],[[[-63.9845,-29.8301],[-63.9829,-29.8289],[-63.9843,-29.8237],[-63.9872,-29.8237],[-63.9888,-29.8285],[-63.9845,-29.8301]]],[[[-64.0465,-29.8249],[-64.0461,-29.8217],[-64.0513,-29.8218],[-64.0515,-29.825],[-64.0465,-29.8249]]],[[[-64.0895,-29.824],[-64.0896,-29.8193],[-64.0933,-29.8194],[-64.0935,-29.8411],[-64.0911,-29.8502],[-64.0846,-29.8503],[-64.0846,-29.8468],[-64.087,-29.8422],[-64.0827,-29.8388],[-64.0751,-29.8389],[-64.0751,-29.8367],[-64.0843,-29.8366],[-64.0856,-29.8342],[-64.0658,-29.8343],[-64.0699,-29.8321],[-64.0764,-29.8321],[-64.0844,-29.8276],[-64.0883,-29.8275],[-64.0895,-29.824]]],[[[-63.3547,-29.8225],[-63.3601,-29.8221],[-63.363,-29.8246],[-63.3611,-29.8299],[-63.3571,-29.8305],[-63.3525,-29.8292],[-63.3477,-29.8237],[-63.3547,-29.8225]]],[[[-63.9986,-29.8163],[-64.005,-29.8143],[-64.0048,-29.8246],[-64.0011,-29.8246],[-63.9983,-29.8213],[-63.9986,-29.8163]]],[[[-63.3709,-29.8225],[-63.3687,-29.8208],[-63.37,-29.8141],[-63.3752,-29.8145],[-63.3763,-29.8192],[-63.3709,-29.8225]]],[[[-63.3816,-29.8122],[-63.4134,-29.8133],[-63.4377,-29.8132],[-63.4442,-29.8141],[-63.444,-29.8355],[-63.4367,-29.8353],[-63.4358,-29.8303],[-63.429,-29.8273],[-63.426,-29.8327],[-63.4299,-29.8353],[-63.4214,-29.8377],[-63.3912,-29.8388],[-63.391,-29.8473],[-63.3773,-29.8488],[-63.3774,-29.8616],[-63.3897,-29.8618],[-63.3889,-29.8701],[-63.387,-29.8742],[-63.3834,-29.8763],[-63.3819,-29.8872],[-63.3928,-29.8874],[-63.3914,-29.8976],[-63.4288,-29.8975],[-63.4252,-29.9002],[-63.4256,-29.9341],[-63.4218,-29.9341],[-63.4215,-29.918],[-63.3822,-29.9188],[-63.3823,-29.9345],[-63.3891,-29.9356],[-63.3927,-29.9378],[-63.4022,-29.9356],[-63.4088,-29.9372],[-63.4055,-29.9406],[-63.3938,-29.9411],[-63.3927,-29.9451],[-63.3963,-29.9484],[-63.3941,-29.9518],[-63.39,-29.9539],[-63.3897,-29.9489],[-63.3862,-29.948],[-63.3695,-29.949],[-63.3712,-29.9554],[-63.3712,-29.9656],[-63.374,-29.9734],[-63.3743,-29.981],[-63.3765,-29.987],[-63.3774,-29.9984],[-63.3842,-29.999],[-63.3856,-30.0024],[-63.3861,-30.0093],[-63.3875,-30.0107],[-63.4036,-30.0106],[-63.4047,-30.0116],[-63.414,-30.0118],[-63.414,-30.0139],[-63.3965,-30.0147],[-63.3954,-30.0185],[-63.3826,-30.0159],[-63.3788,-30.014],[-63.3788,-30.01],[-63.376,-29.9993],[-63.34,-29.9994],[-63.3383,-29.9878],[-63.3405,-29.9871],[-63.3621,-29.9872],[-63.3648,-29.9863],[-63.3634,-29.9782],[-63.3571,-29.9782],[-63.3569,-29.9832],[-63.3476,-29.9851],[-63.3391,-29.9792],[-63.3391,-29.9764],[-63.3323,-29.9759],[-63.3396,-29.9681],[-63.3462,-29.9699],[-63.347,-29.9726],[-63.3582,-29.9723],[-63.3612,-29.9701],[-63.3636,-29.9611],[-63.3608,-29.9547],[-63.3608,-29.9481],[-63.3322,-29.9481],[-63.3297,-29.9455],[-63.3425,-29.945],[-63.3475,-29.9457],[-63.3693,-29.9459],[-63.3712,-29.945],[-63.3709,-29.9374],[-63.3281,-29.9377],[-63.3273,-29.9415],[-63.3205,-29.9448],[-63.3265,-29.9486],[-63.3298,-29.9522],[-63.3298,-29.9555],[-63.3246,-29.9579],[-63.3148,-29.9648],[-63.3072,-29.9651],[-63.3072,-29.961],[-63.3039,-29.9572],[-63.2987,-29.9537],[-63.3,-29.9515],[-63.3052,-29.9506],[-63.3093,-29.9465],[-63.3093,-29.9437],[-63.3046,-29.9435],[-63.3041,-29.9356],[-63.379,-29.935],[-63.3786,-29.8982],[-63.3685,-29.8979],[-63.3664,-29.8958],[-63.3655,-29.8842],[-63.3391,-29.8845],[-63.341,-29.8814],[-63.3453,-29.8826],[-63.3445,-29.8766],[-63.3472,-29.8719],[-63.3412,-29.8719],[-63.341,-29.8781],[-63.3282,-29.8793],[-63.3303,-29.8755],[-63.33,-29.8707],[-63.3355,-29.8695],[-63.3357,-29.8669],[-63.3458,-29.8655],[-63.3463,-29.8595],[-63.3654,-29.8585],[-63.3667,-29.8495],[-63.3741,-29.8493],[-63.3771,-29.8476],[-63.3784,-29.8364],[-63.3822,-29.8345],[-63.3912,-29.8347],[-63.3914,-29.8295],[-63.3849,-29.8252],[-63.3803,-29.8255],[-63.3794,-29.8177],[-63.3816,-29.8122]]],[[[-63.8318,-29.81],[-63.8371,-29.8124],[-63.8373,-29.8182],[-63.8307,-29.8181],[-63.8318,-29.81]]],[[[-64.0434,-29.8117],[-64.0435,-29.8048],[-64.0496,-29.8049],[-64.0484,-29.8117],[-64.0434,-29.8117]]],[[[-63.3118,-29.8076],[-63.3124,-29.8039],[-63.3196,-29.8049],[-63.3513,-29.8048],[-63.3531,-29.8086],[-63.3496,-29.8111],[-63.3468,-29.8098],[-63.3212,-29.8089],[-63.3129,-29.81],[-63.3118,-29.8076]]],[[[-63.4804,-29.8031],[-63.4882,-29.8031],[-63.4921,-29.8114],[-63.4921,-29.814],[-63.4815,-29.8147],[-63.4804,-29.8031]]],[[[-64.0259,-29.7982],[-64.0297,-29.7969],[-64.0312,-29.7937],[-64.0392,-29.7933],[-64.0392,-29.7957],[-64.0514,-29.7956],[-64.0518,-29.7996],[-64.0419,-29.8001],[-64.041,-29.8024],[-64.0364,-29.8032],[-64.0373,-29.8095],[-64.042,-29.8098],[-64.042,-29.814],[-64.0347,-29.8139],[-64.0289,-29.8164],[-64.029,-29.8185],[-64.0365,-29.8183],[-64.0386,-29.8153],[-64.0422,-29.8152],[-64.0426,-29.8204],[-64.0312,-29.8209],[-64.0315,-29.8244],[-64.0171,-29.8251],[-64.0096,-29.824],[-64.0113,-29.8161],[-64.0177,-29.8116],[-64.0205,-29.8121],[-64.02,-29.8212],[-64.0235,-29.8189],[-64.0239,-29.8114],[-64.0274,-29.8108],[-64.0304,-29.8129],[-64.033,-29.8096],[-64.0336,-29.8044],[-64.0292,-29.8031],[-64.0258,-29.8061],[-64.0233,-29.8048],[-64.019,-29.8074],[-64.0149,-29.807],[-64.0138,-29.8032],[-64.0237,-29.8025],[-64.0259,-29.7982]]],[[[-64.0255,-30.423],[-64.0155,-30.4241],[-64.0178,-30.4209],[-64.0183,-30.4142],[-64.0134,-30.4193],[-64.0132,-30.4222],[-64.007,-30.422],[-64.0074,-30.4165],[-64.0032,-30.4156],[-63.9992,-30.4117],[-63.9989,-30.4005],[-63.9947,-30.4005],[-63.994,-30.4083],[-63.9877,-30.4083],[-63.9877,-30.4036],[-63.9826,-30.3967],[-63.9743,-30.3953],[-63.9731,-30.3975],[-63.9726,-30.4054],[-63.9796,-30.4075],[-63.9795,-30.4123],[-63.9695,-30.413],[-63.9676,-30.4095],[-63.9611,-30.4065],[-63.9608,-30.4027],[-63.9565,-30.3959],[-63.9664,-30.3959],[-63.9683,-30.3924],[-63.9764,-30.3917],[-63.974,-30.3875],[-63.9692,-30.3827],[-63.9649,-30.3851],[-63.9609,-30.3817],[-63.9523,-30.3789],[-63.9501,-30.3764],[-63.9506,-30.3679],[-63.9523,-30.361],[-63.9586,-30.3623],[-63.9606,-30.3578],[-63.9606,-30.3525],[-63.9635,-30.3479],[-63.9605,-30.3415],[-63.959,-30.3306],[-63.9537,-30.3263],[-63.9473,-30.3298],[-63.942,-30.3234],[-63.9509,-30.3185],[-63.9629,-30.3216],[-63.9662,-30.3255],[-63.9694,-30.3269],[-63.9733,-30.3222],[-63.9695,-30.3144],[-63.9642,-30.311],[-63.9628,-30.3078],[-63.9713,-30.3008],[-63.9725,-30.2959],[-63.9709,-30.2918],[-63.9645,-30.2879],[-63.957,-30.2866],[-63.935,-30.2872],[-63.9264,-30.2861],[-63.9162,-30.2696],[-63.9135,-30.2698],[-63.9102,-30.2583],[-63.9099,-30.2534],[-63.9176,-30.249],[-63.925,-30.2492],[-63.925,-30.2466],[-63.9164,-30.2409],[-63.9131,-30.2474],[-63.907,-30.2495],[-63.9003,-30.248],[-63.8992,-30.2443],[-63.8998,-30.2339],[-63.8983,-30.2262],[-63.8946,-30.2217],[-63.8897,-30.2181],[-63.8964,-30.2177],[-63.8939,-30.2077],[-63.8911,-30.2002],[-63.8935,-30.1989],[-63.9035,-30.1979],[-63.907,-30.2014],[-63.907,-30.2067],[-63.9121,-30.2068],[-63.9127,-30.2027],[-63.922,-30.1974],[-63.9216,-30.195],[-63.9128,-30.1905],[-63.9107,-30.1918],[-63.9054,-30.1909],[-63.9016,-30.1937],[-63.9009,-30.198],[-63.891,-30.1991],[-63.8882,-30.2005],[-63.8878,-30.206],[-63.8829,-30.2061],[-63.8832,-30.2112],[-63.8818,-30.2158],[-63.8774,-30.2148],[-63.871,-30.2001],[-63.8716,-30.1977],[-63.8814,-30.191],[-63.8897,-30.1904],[-63.8924,-30.1872],[-63.8922,-30.1839],[-63.8995,-30.1823],[-63.8998,-30.1791],[-63.8966,-30.1739],[-63.8941,-30.1754],[-63.89,-30.1823],[-63.8851,-30.1822],[-63.8795,-30.1772],[-63.8813,-30.174],[-63.8791,-30.1697],[-63.8741,-30.1682],[-63.8727,-30.1643],[-63.8732,-30.157],[-63.8808,-30.1559],[-63.8781,-30.1478],[-63.8926,-30.1471],[-63.8927,-30.1398],[-63.8948,-30.1358],[-63.8983,-30.1339],[-63.8942,-30.1299],[-63.8878,-30.1274],[-63.8855,-30.1305],[-63.8807,-30.1306],[-63.8778,-30.1289],[-63.8745,-30.1156],[-63.8701,-30.1149],[-63.8632,-30.118],[-63.8582,-30.1235],[-63.8497,-30.1228],[-63.847,-30.1181],[-63.8464,-30.1138],[-63.8499,-30.109],[-63.8467,-30.1019],[-63.8491,-30.0945],[-63.8462,-30.0882],[-63.8352,-30.0891],[-63.8311,-30.0766],[-63.8308,-30.0733],[-63.838,-30.0699],[-63.8401,-30.0634],[-63.8352,-30.0575],[-63.8373,-30.0525],[-63.8137,-30.0563],[-63.8113,-30.0521],[-63.8132,-30.046],[-63.8108,-30.0439],[-63.8124,-30.0369],[-63.808,-30.0313],[-63.8057,-30.0334],[-63.8012,-30.0292],[-63.7938,-30.0327],[-63.7873,-30.0197],[-63.7809,-30.0085],[-63.7773,-30.0041],[-63.7734,-29.9959],[-63.8031,-29.9885],[-63.8015,-29.9851],[-63.7969,-29.983],[-63.7895,-29.9813],[-63.776,-29.9682],[-63.777,-29.9645],[-63.782,-29.9625],[-63.7889,-29.9648],[-63.7993,-29.9648],[-63.8038,-29.9552],[-63.8061,-29.9524],[-63.8056,-29.9481],[-63.7988,-29.9533],[-63.786,-29.9498],[-63.7796,-29.9474],[-63.7746,-29.9443],[-63.7596,-29.939],[-63.756,-29.9371],[-63.7599,-29.9292],[-63.7614,-29.923],[-63.7603,-29.9147],[-63.7626,-29.9103],[-63.7621,-29.9078],[-63.754,-29.9032],[-63.7554,-29.8935],[-63.7521,-29.8912],[-63.7466,-29.8843],[-63.744,-29.8778],[-63.7414,-29.8762],[-63.7389,-29.8706],[-63.7356,-29.8669],[-63.729,-29.863],[-63.7298,-29.8575],[-63.7371,-29.8496],[-63.7397,-29.8359],[-63.7373,-29.8315],[-63.7367,-29.803],[-63.738,-29.7947],[-63.7521,-29.7954],[-63.7754,-29.8087],[-63.7772,-29.8155],[-63.7755,-29.8214],[-63.776,-29.8289],[-63.7747,-29.8365],[-63.7874,-29.836],[-63.7998,-29.8502],[-63.8029,-29.8466],[-63.7961,-29.8403],[-63.7946,-29.834],[-63.8092,-29.8367],[-63.8121,-29.8545],[-63.8215,-29.8502],[-63.8285,-29.858],[-63.8281,-29.8656],[-63.8313,-29.8706],[-63.83,-29.8778],[-63.8405,-29.8765],[-63.8468,-29.8737],[-63.857,-29.8763],[-63.8614,-29.8799],[-63.8669,-29.8799],[-63.8606,-29.8875],[-63.8572,-29.8942],[-63.8625,-29.9005],[-63.8667,-29.8973],[-63.8739,-29.9048],[-63.8694,-29.9091],[-63.8731,-29.9136],[-63.8745,-29.9211],[-63.88,-29.9282],[-63.8882,-29.9254],[-63.8983,-29.9368],[-63.898,-29.9475],[-63.8916,-29.9515],[-63.8857,-29.9567],[-63.8767,-29.9619],[-63.8799,-29.9678],[-63.8782,-29.9769],[-63.8732,-29.9837],[-63.8624,-29.9941],[-63.8552,-29.9975],[-63.8561,-30.0005],[-63.8638,-30.0013],[-63.8662,-30.0083],[-63.8534,-30.0096],[-63.8498,-30.0128],[-63.8529,-30.0263],[-63.8583,-30.0235],[-63.8591,-30.0157],[-63.8617,-30.0151],[-63.8656,-30.0193],[-63.8708,-30.0186],[-63.8695,-30.0144],[-63.8771,-30.0139],[-63.883,-30.0161],[-63.8858,-30.0128],[-63.891,-30.012],[-63.8937,-30.0051],[-63.9006,-30],[-63.9015,-30.0029],[-63.8975,-30.0053],[-63.8958,-30.0103],[-63.8977,-30.0122],[-63.9025,-30.0081],[-63.9058,-30.0081],[-63.9088,-30.0051],[-63.916,-30.0029],[-63.9212,-30.0047],[-63.9351,-30.0021],[-63.9345,-29.9979],[-63.9399,-29.9983],[-63.9519,-29.9884],[-63.9543,-29.9895],[-63.9549,-29.9971],[-63.9565,-30.0014],[-63.9601,-30.0037],[-63.9575,-30.0071],[-63.9602,-30.0094],[-63.963,-30.0126],[-63.9625,-30.0247],[-63.9597,-30.0295],[-63.9634,-30.031],[-63.9687,-30.0305],[-63.9628,-30.0382],[-63.9654,-30.0426],[-63.9722,-30.0466],[-63.9719,-30.0523],[-63.9788,-30.0559],[-63.9759,-30.0581],[-63.9703,-30.055],[-63.9683,-30.0581],[-63.9689,-30.0614],[-63.9763,-30.0671],[-63.9801,-30.0675],[-63.9838,-30.0627],[-63.9883,-30.0485],[-63.9915,-30.0455],[-63.9999,-30.0464],[-64.003,-30.0447],[-64.0019,-30.0414],[-64.0091,-30.041],[-64.0125,-30.0433],[-64.0171,-30.0434],[-64.0185,-30.0465],[-64.0143,-30.0489],[-64.0141,-30.0521],[-64.0081,-30.0566],[-64.0136,-30.0581],[-64.0258,-30.0582],[-64.0274,-30.051],[-64.021,-30.0508],[-64.0189,-30.047],[-64.0207,-30.0432],[-64.0161,-30.0371],[-64.0178,-30.0348],[-64.0219,-30.0365],[-64.0288,-30.0364],[-64.0329,-30.0385],[-64.0347,-30.0419],[-64.0399,-30.0444],[-64.0426,-30.0473],[-64.0548,-30.0483],[-64.0581,-30.0521],[-64.0627,-30.0499],[-64.0639,-30.0474],[-64.0754,-30.05],[-64.0808,-30.0585],[-64.0844,-30.0604],[-64.0843,-30.0641],[-64.0925,-30.0659],[-64.095,-30.0687],[-64.0925,-30.0732],[-64.0848,-30.0712],[-64.0794,-30.0767],[-64.0792,-30.0802],[-64.082,-30.084],[-64.0851,-30.0804],[-64.0896,-30.0807],[-64.0905,-30.0834],[-64.0901,-30.0923],[-64.0963,-30.0969],[-64.0981,-30.1003],[-64.0958,-30.1039],[-64.1012,-30.1098],[-64.1053,-30.112],[-64.1053,-30.1167],[-64.1168,-30.1264],[-64.1176,-30.1292],[-64.1246,-30.1343],[-64.1236,-30.1369],[-64.1183,-30.1359],[-64.1161,-30.1383],[-64.1103,-30.1333],[-64.1058,-30.1381],[-64.1095,-30.1419],[-64.1177,-30.1445],[-64.1198,-30.1478],[-64.1274,-30.1481],[-64.1264,-30.1556],[-64.1309,-30.1595],[-64.1307,-30.1629],[-64.1266,-30.1664],[-64.1216,-30.1642],[-64.1162,-30.1643],[-64.1168,-30.168],[-64.1107,-30.1727],[-64.1121,-30.1748],[-64.118,-30.1724],[-64.1197,-30.1752],[-64.115,-30.1775],[-64.1093,-30.1759],[-64.1123,-30.1822],[-64.1111,-30.1867],[-64.1073,-30.188],[-64.1044,-30.1932],[-64.1045,-30.196],[-64.0981,-30.1967],[-64.0911,-30.1961],[-64.0887,-30.1912],[-64.0822,-30.1918],[-64.0811,-30.1942],[-64.0829,-30.1985],[-64.0877,-30.1972],[-64.0952,-30.2043],[-64.0976,-30.2011],[-64.108,-30.2006],[-64.1114,-30.1994],[-64.1143,-30.2038],[-64.1071,-30.2066],[-64.1112,-30.2124],[-64.1188,-30.2083],[-64.1163,-30.2024],[-64.1218,-30.1991],[-64.1248,-30.1958],[-64.1313,-30.2024],[-64.1237,-30.2028],[-64.1215,-30.208],[-64.1242,-30.2119],[-64.1321,-30.2111],[-64.1381,-30.2138],[-64.1317,-30.2213],[-64.1391,-30.2222],[-64.141,-30.2198],[-64.1448,-30.2196],[-64.1446,-30.2142],[-64.1488,-30.2127],[-64.1548,-30.2188],[-64.1467,-30.2176],[-64.1443,-30.223],[-64.1449,-30.2275],[-64.1486,-30.2297],[-64.1476,-30.2322],[-64.153,-30.2367],[-64.1605,-30.2388],[-64.1593,-30.2413],[-64.1531,-30.2391],[-64.1492,-30.2425],[-64.1515,-30.2464],[-64.1555,-30.2481],[-64.1606,-30.2468],[-64.1647,-30.2436],[-64.1691,-30.2472],[-64.1688,-30.2545],[-64.1735,-30.2645],[-64.18,-30.2726],[-64.1812,-30.2774],[-64.1785,-30.2804],[-64.1789,-30.2859],[-64.1836,-30.2935],[-64.1845,-30.2985],[-64.1791,-30.3065],[-64.1724,-30.3081],[-64.1677,-30.2998],[-64.1624,-30.3042],[-64.1701,-30.3073],[-64.1682,-30.3104],[-64.1598,-30.311],[-64.164,-30.3156],[-64.1687,-30.3188],[-64.172,-30.3243],[-64.1802,-30.332],[-64.1851,-30.3327],[-64.19,-30.3369],[-64.1876,-30.3391],[-64.178,-30.3369],[-64.1737,-30.3395],[-64.1793,-30.3439],[-64.1858,-30.3446],[-64.1871,-30.3468],[-64.1934,-30.3448],[-64.1972,-30.3476],[-64.1899,-30.3552],[-64.1928,-30.3561],[-64.1986,-30.351],[-64.2017,-30.3537],[-64.2003,-30.3571],[-64.2017,-30.3608],[-64.2076,-30.3575],[-64.2104,-30.3614],[-64.2118,-30.3664],[-64.2102,-30.3688],[-64.2095,-30.3772],[-64.2145,-30.3811],[-64.2152,-30.3868],[-64.2201,-30.3983],[-64.2172,-30.4056],[-64.2164,-30.4217],[-64.2147,-30.4238],[-64.2035,-30.4246],[-64.2085,-30.428],[-64.2088,-30.4305],[-64.1974,-30.4336],[-64.1937,-30.4292],[-64.1904,-30.429],[-64.1848,-30.4323],[-64.1772,-30.43],[-64.1724,-30.4295],[-64.1724,-30.4238],[-64.1636,-30.4241],[-64.1588,-30.4263],[-64.1536,-30.4246],[-64.1513,-30.4203],[-64.1553,-30.4198],[-64.1573,-30.4158],[-64.1435,-30.4145],[-64.1497,-30.408],[-64.1434,-30.4093],[-64.138,-30.4092],[-64.1355,-30.4027],[-64.1397,-30.4016],[-64.1403,-30.3976],[-64.1316,-30.4032],[-64.1305,-30.3998],[-64.1304,-30.3882],[-64.1152,-30.3877],[-64.1149,-30.3995],[-64.114,-30.404],[-64.1158,-30.406],[-64.1111,-30.4138],[-64.0986,-30.4221],[-64.0936,-30.4237],[-64.0801,-30.4247],[-64.0731,-30.4233],[-64.0704,-30.4178],[-64.0649,-30.4153],[-64.0618,-30.4203],[-64.0612,-30.4243],[-64.0756,-30.4274],[-64.0934,-30.4276],[-64.0935,-30.4298],[-64.1026,-30.4299],[-64.1053,-30.4287],[-64.1039,-30.4239],[-64.1135,-30.4161],[-64.1192,-30.4062],[-64.1215,-30.404],[-64.1265,-30.4065],[-64.1372,-30.4183],[-64.1477,-30.4277],[-64.1527,-30.4313],[-64.165,-30.4326],[-64.1669,-30.4342],[-64.168,-30.4399],[-64.1714,-30.444],[-64.1743,-30.4446],[-64.174,-30.4518],[-64.1705,-30.4543],[-64.1634,-30.4539],[-64.1491,-30.4628],[-64.1466,-30.4594],[-64.1401,-30.4593],[-64.1388,-30.4549],[-64.132,-30.4548],[-64.1347,-30.4502],[-64.1319,-30.4433],[-64.1254,-30.4434],[-64.1255,-30.4479],[-64.1281,-30.4502],[-64.1122,-30.4504],[-64.1084,-30.4494],[-64.1083,-30.4459],[-64.1017,-30.4435],[-64.1018,-30.455],[-64.1096,-30.455],[-64.1137,-30.4572],[-64.1175,-30.4526],[-64.1267,-30.4525],[-64.1268,-30.4549],[-64.1217,-30.4561],[-64.1189,-30.4616],[-64.1138,-30.4619],[-64.1006,-30.4735],[-64.0863,-30.4743],[-64.0746,-30.4851],[-64.0698,-30.4882],[-64.0638,-30.4902],[-64.0547,-30.4892],[-64.0399,-30.492],[-64.0314,-30.4917],[-64.025,-30.4957],[-64.0132,-30.4962],[-64.0054,-30.4892],[-64.0052,-30.4849],[-64.0072,-30.4784],[-64.0136,-30.4764],[-64.0171,-30.4735],[-64.0201,-30.4811],[-64.0227,-30.4842],[-64.027,-30.482],[-64.0255,-30.4744],[-64.027,-30.4728],[-64.0158,-30.4684],[-64.0145,-30.4613],[-64.0163,-30.4589],[-64.0158,-30.4532],[-64.0123,-30.4491],[-64.0043,-30.4471],[-64.0053,-30.442],[-64.0058,-30.4291],[-64.0104,-30.4283],[-64.0142,-30.4313],[-64.0252,-30.4311],[-64.0255,-30.423]],[[-63.7998,-29.8502],[-63.7986,-29.8568],[-63.8048,-29.865],[-63.809,-29.8624],[-63.8076,-29.8565],[-63.8039,-29.8545],[-63.7998,-29.8502]],[[-63.8625,-29.9005],[-63.8571,-29.9069],[-63.8621,-29.9069],[-63.8625,-29.9005]],[[-64.0825,-30.3859],[-64.0804,-30.3875],[-64.0842,-30.3915],[-64.086,-30.3961],[-64.0925,-30.3945],[-64.086,-30.3896],[-64.0857,-30.3842],[-64.0834,-30.3817],[-64.0771,-30.3787],[-64.0782,-30.3753],[-64.072,-30.3716],[-64.0707,-30.3746],[-64.0753,-30.3761],[-64.0738,-30.3803],[-64.0755,-30.3856],[-64.0789,-30.3837],[-64.0825,-30.3859]],[[-64.0436,-30.3804],[-64.0407,-30.3869],[-64.0448,-30.3878],[-64.0494,-30.3852],[-64.0477,-30.3804],[-64.0436,-30.3804]],[[-64.0135,-30.3625],[-64.0117,-30.3644],[-64.0136,-30.3704],[-64.017,-30.3692],[-64.0238,-30.3634],[-64.0251,-30.3608],[-64.0154,-30.3609],[-64.0148,-30.3541],[-64.0103,-30.3552],[-64.0138,-30.3587],[-64.0135,-30.3625]],[[-63.9906,-30.3271],[-63.9977,-30.3315],[-63.996,-30.3377],[-64.0013,-30.3438],[-64.0009,-30.3482],[-64.0064,-30.3493],[-64.0079,-30.341],[-64.0173,-30.3339],[-64.0142,-30.3308],[-64.0071,-30.3324],[-63.9997,-30.3297],[-64,-30.3274],[-63.9934,-30.3258],[-63.9906,-30.3271]],[[-64.0518,-30.317],[-64.0512,-30.3095],[-64.0469,-30.3043],[-64.0445,-30.3065],[-64.049,-30.3115],[-64.0408,-30.314],[-64.0336,-30.3132],[-64.0256,-30.3102],[-64.0236,-30.3081],[-64.0167,-30.3068],[-64.0171,-30.3128],[-64.0194,-30.3149],[-64.0303,-30.3156],[-64.0343,-30.3146],[-64.0449,-30.3156],[-64.0457,-30.3195],[-64.0518,-30.317]],[[-64.0576,-30.3077],[-64.0579,-30.3019],[-64.0534,-30.3031],[-64.0576,-30.3077]],[[-64.0059,-30.2863],[-64.0099,-30.2891],[-64.0112,-30.2853],[-64.0087,-30.2828],[-64.0088,-30.2737],[-64.0015,-30.2779],[-64.0068,-30.2805],[-64.0059,-30.2863]],[[-64.1351,-30.2751],[-64.1345,-30.2713],[-64.1397,-30.2685],[-64.1376,-30.264],[-64.1431,-30.2599],[-64.139,-30.2515],[-64.1349,-30.2507],[-64.1355,-30.2551],[-64.1267,-30.2583],[-64.1288,-30.2636],[-64.1252,-30.2638],[-64.1199,-30.2614],[-64.1117,-30.2613],[-64.1142,-30.2576],[-64.1108,-30.2526],[-64.1073,-30.252],[-64.105,-30.2568],[-64.1057,-30.2648],[-64.112,-30.2645],[-64.1143,-30.2682],[-64.1195,-30.2674],[-64.1213,-30.2702],[-64.1267,-30.2715],[-64.1277,-30.2737],[-64.1351,-30.2751]],[[-64.0379,-30.2583],[-64.0417,-30.2517],[-64.0376,-30.2479],[-64.0321,-30.2503],[-64.0396,-30.252],[-64.0379,-30.2583]],[[-64.002,-30.2452],[-64.0037,-30.242],[-64.0077,-30.2426],[-64.012,-30.2397],[-64.014,-30.2426],[-64.0184,-30.2431],[-64.025,-30.241],[-64.025,-30.2369],[-64.0217,-30.2329],[-64.027,-30.2298],[-64.0319,-30.2304],[-64.0316,-30.2271],[-64.0286,-30.2222],[-64.0237,-30.2186],[-64.0154,-30.2175],[-64.0194,-30.2133],[-64.0171,-30.2103],[-64.0095,-30.2083],[-64.0092,-30.2056],[-64.0043,-30.2051],[-64.0041,-30.2105],[-64.0066,-30.2109],[-64.0099,-30.2166],[-64.0009,-30.2228],[-64,-30.2309],[-63.992,-30.2317],[-63.9965,-30.2423],[-64.002,-30.2452]],[[-64.069,-30.2282],[-64.0704,-30.2236],[-64.0803,-30.2239],[-64.0874,-30.2203],[-64.0843,-30.2177],[-64.0774,-30.217],[-64.0709,-30.2184],[-64.0683,-30.2166],[-64.0647,-30.2186],[-64.0639,-30.2239],[-64.069,-30.2282]],[[-64.0959,-30.2263],[-64.1026,-30.2257],[-64.1033,-30.2226],[-64.1077,-30.2194],[-64.1067,-30.2122],[-64.1029,-30.2099],[-64.0921,-30.2102],[-64.0935,-30.2144],[-64.0924,-30.2182],[-64.097,-30.2219],[-64.0959,-30.2263]],[[-63.9953,-30.2035],[-63.9998,-30.1953],[-63.9973,-30.1898],[-63.991,-30.195],[-63.9953,-30.2035]],[[-63.9442,-30.2463],[-63.946,-30.2312],[-63.9398,-30.2293],[-63.9375,-30.227],[-63.9374,-30.2176],[-63.9338,-30.2161],[-63.9336,-30.2098],[-63.926,-30.215],[-63.9357,-30.2212],[-63.9344,-30.2272],[-63.9352,-30.2312],[-63.9307,-30.2317],[-63.9353,-30.2369],[-63.9377,-30.2415],[-63.9423,-30.2423],[-63.9442,-30.2463]],[[-63.9993,-30.2516],[-63.9982,-30.2564],[-63.9939,-30.2554],[-63.9893,-30.2576],[-63.9863,-30.2544],[-63.9735,-30.2577],[-63.9749,-30.262],[-63.9776,-30.2629],[-63.9816,-30.259],[-63.9887,-30.261],[-64.004,-30.2609],[-64.0056,-30.2594],[-63.9993,-30.2516]],[[-63.9463,-30.2539],[-63.9404,-30.2535],[-63.941,-30.2595],[-63.9453,-30.2593],[-63.947,-30.268],[-63.9526,-30.2678],[-63.954,-30.2602],[-63.9514,-30.2575],[-63.9461,-30.2568],[-63.9463,-30.2539]],[[-63.9937,-30.1781],[-63.993,-30.1824],[-63.9955,-30.1847],[-64.006,-30.1854],[-64.0079,-30.1828],[-64.0066,-30.1751],[-64.0102,-30.1707],[-64.0165,-30.1665],[-64.0272,-30.1638],[-64.0342,-30.1641],[-64.0387,-30.1627],[-64.0406,-30.1578],[-64.0387,-30.153],[-64.0306,-30.1594],[-64.02,-30.1608],[-64.0223,-30.1559],[-64.026,-30.1547],[-64.0231,-30.1506],[-64.0303,-30.1521],[-64.0295,-30.144],[-64.0235,-30.1475],[-64.0138,-30.1481],[-64.0158,-30.1541],[-64.0133,-30.1564],[-64.0048,-30.1609],[-64.0091,-30.1639],[-64.005,-30.1678],[-64.0046,-30.1727],[-64.0001,-30.1744],[-64.0015,-30.1789],[-63.9937,-30.1781]],[[-64.0333,-30.1385],[-64.0456,-30.1394],[-64.0464,-30.1361],[-64.0506,-30.1331],[-64.0383,-30.1323],[-64.0422,-30.1267],[-64.0465,-30.1238],[-64.0455,-30.1182],[-64.0489,-30.1186],[-64.0565,-30.1141],[-64.0578,-30.1097],[-64.0556,-30.1059],[-64.0647,-30.1045],[-64.0673,-30.1004],[-64.0604,-30.0902],[-64.052,-30.0861],[-64.0488,-30.0864],[-64.0459,-30.0929],[-64.0376,-30.0952],[-64.0358,-30.1008],[-64.0404,-30.1005],[-64.042,-30.107],[-64.0466,-30.1105],[-64.0441,-30.1185],[-64.0341,-30.1196],[-64.0297,-30.1217],[-64.0248,-30.1221],[-64.0187,-30.1303],[-64.0106,-30.1316],[-64.0071,-30.131],[-64.0031,-30.1358],[-64.0067,-30.1386],[-64.01,-30.1369],[-64.0158,-30.1374],[-64.0193,-30.1348],[-64.0263,-30.1348],[-64.0278,-30.1371],[-64.0333,-30.1385]],[[-64.0314,-30.0896],[-64.0289,-30.0862],[-64.0287,-30.0824],[-64.0325,-30.0819],[-64.0391,-30.072],[-64.0477,-30.0753],[-64.0448,-30.0778],[-64.047,-30.0817],[-64.0545,-30.0836],[-64.0573,-30.0792],[-64.0549,-30.0765],[-64.0556,-30.0723],[-64.0435,-30.0636],[-64.0417,-30.0653],[-64.0333,-30.0653],[-64.0354,-30.0703],[-64.0334,-30.0754],[-64.0264,-30.0758],[-64.0241,-30.0805],[-64.0285,-30.0825],[-64.0241,-30.0879],[-64.0314,-30.0896]],[[-63.8073,-29.8751],[-63.8047,-29.8804],[-63.8073,-29.8846],[-63.8051,-29.8902],[-63.7947,-29.8986],[-63.7897,-29.8998],[-63.7861,-29.905],[-63.7938,-29.9053],[-63.7995,-29.9037],[-63.8061,-29.9037],[-63.8097,-29.9017],[-63.8193,-29.904],[-63.8202,-29.8996],[-63.8179,-29.8949],[-63.8124,-29.8925],[-63.8101,-29.8886],[-63.8132,-29.8771],[-63.8086,-29.87],[-63.8073,-29.8751]],[[-64.0736,-30.427],[-64.0644,-30.4256],[-64.0539,-30.4256],[-64.0537,-30.4279],[-64.0656,-30.428],[-64.0659,-30.4358],[-64.0725,-30.4369],[-64.0723,-30.4393],[-64.066,-30.4393],[-64.0658,-30.4416],[-64.0778,-30.4415],[-64.0803,-30.4391],[-64.0777,-30.4358],[-64.0736,-30.427]],[[-64.0604,-30.4292],[-64.0566,-30.4303],[-64.0565,-30.4345],[-64.0604,-30.4335],[-64.0604,-30.4292]],[[-64.0725,-30.4416],[-64.0699,-30.446],[-64.066,-30.4461],[-64.0647,-30.4506],[-64.0725,-30.4483],[-64.0725,-30.4416]],[[-64.0804,-30.4447],[-64.083,-30.4461],[-64.0831,-30.4504],[-64.0883,-30.4506],[-64.0923,-30.4437],[-64.0883,-30.4414],[-64.0833,-30.4414],[-64.0804,-30.4447]],[[-64.0936,-30.4345],[-64.0935,-30.43],[-64.0883,-30.43],[-64.0884,-30.4333],[-64.0936,-30.4345]],[[-64.0462,-30.4555],[-64.0448,-30.4601],[-64.0489,-30.46],[-64.0462,-30.4555]],[[-64.0649,-30.461],[-64.0714,-30.4622],[-64.0714,-30.4552],[-64.0663,-30.4553],[-64.0649,-30.461]]],[[[-64.1235,-29.7939],[-64.1337,-29.7928],[-64.1323,-29.7983],[-64.1222,-29.7971],[-64.1235,-29.7939]]],[[[-63.4656,-29.7993],[-63.4675,-29.7951],[-63.4708,-29.806],[-63.4736,-29.8086],[-63.4731,-29.8143],[-63.4592,-29.8146],[-63.4627,-29.8115],[-63.4621,-29.8034],[-63.4667,-29.8036],[-63.4656,-29.7993]]],[[[-63.5557,-29.8003],[-63.5572,-29.7916],[-63.5634,-29.7915],[-63.5651,-29.7982],[-63.56,-29.7984],[-63.5557,-29.8003]]],[[[-63.9815,-29.7889],[-63.9806,-29.7871],[-63.9959,-29.7868],[-63.9958,-29.7914],[-63.9892,-29.7914],[-63.9895,-29.7949],[-63.9842,-29.7949],[-63.9815,-29.7934],[-63.9815,-29.7889]]],[[[-63.8727,-29.7876],[-63.8819,-29.7877],[-63.879,-29.7925],[-63.8727,-29.7923],[-63.8727,-29.7876]]],[[[-63.437,-29.7907],[-63.434,-29.7876],[-63.452,-29.7878],[-63.4509,-29.7906],[-63.437,-29.7907]]],[[[-64.0395,-29.7869],[-64.0438,-29.7801],[-64.0461,-29.7837],[-64.0395,-29.7869]]],[[[-63.5284,-29.7875],[-63.5284,-29.7835],[-63.5262,-29.7794],[-63.5265,-29.7757],[-63.5487,-29.7758],[-63.5486,-29.7884],[-63.5402,-29.7895],[-63.5398,-29.7916],[-63.5336,-29.7917],[-63.5336,-29.7891],[-63.5284,-29.7875]]],[[[-63.3082,-29.7799],[-63.3007,-29.7756],[-63.3171,-29.7749],[-63.3206,-29.7761],[-63.3287,-29.7751],[-63.334,-29.7762],[-63.3508,-29.7762],[-63.3484,-29.7834],[-63.3229,-29.7843],[-63.3078,-29.7839],[-63.3082,-29.7799]]],[[[-64.0152,-29.7723],[-64.0178,-29.7745],[-64.0132,-29.7776],[-64.013,-29.782],[-64.0212,-29.7824],[-64.0251,-29.7848],[-64.0246,-29.7877],[-64.0187,-29.7877],[-64.015,-29.7903],[-64.0151,-29.793],[-64.0077,-29.8044],[-64.0044,-29.8027],[-64.0061,-29.7854],[-64.0089,-29.7817],[-64.0065,-29.7743],[-64.0124,-29.7744],[-64.0152,-29.7723]]],[[[-64.1244,-29.7674],[-64.1334,-29.7674],[-64.1348,-29.7719],[-64.1333,-29.7788],[-64.131,-29.7834],[-64.1351,-29.788],[-64.1283,-29.7881],[-64.1285,-29.7915],[-64.1246,-29.7916],[-64.1244,-29.7789],[-64.1219,-29.7791],[-64.1205,-29.787],[-64.1181,-29.794],[-64.1139,-29.7906],[-64.11,-29.7906],[-64.1089,-29.802],[-64.1023,-29.8009],[-64.1024,-29.8066],[-64.1077,-29.81],[-64.1091,-29.8135],[-64.0959,-29.8146],[-64.0906,-29.8102],[-64.0855,-29.81],[-64.0856,-29.8045],[-64.0906,-29.8046],[-64.0905,-29.801],[-64.0943,-29.7976],[-64.1064,-29.7974],[-64.1062,-29.7918],[-64.109,-29.7883],[-64.1165,-29.7883],[-64.1165,-29.7834],[-64.1112,-29.7835],[-64.1113,-29.7802],[-64.1139,-29.7767],[-64.1233,-29.7766],[-64.1244,-29.7674]]],[[[-63.3405,-29.7715],[-63.3512,-29.7701],[-63.3508,-29.772],[-63.3405,-29.7715]]],[[[-63.3942,-29.7652],[-63.4097,-29.763],[-63.4095,-29.7748],[-63.4043,-29.7732],[-63.3934,-29.7728],[-63.3942,-29.7652]]],[[[-63.9051,-29.7588],[-63.913,-29.7598],[-63.9132,-29.7646],[-63.9076,-29.7648],[-63.9051,-29.7588]]],[[[-64.4,-29.7487],[-64.4098,-29.7486],[-64.4105,-29.7542],[-64.4051,-29.7623],[-64.3936,-29.7613],[-64.3974,-29.7581],[-64.3973,-29.75],[-64.4,-29.7487]]],[[[-64.0379,-29.7518],[-64.0417,-29.7519],[-64.0388,-29.7566],[-64.0349,-29.7603],[-64.0349,-29.7635],[-64.0297,-29.7637],[-64.031,-29.7565],[-64.0379,-29.7518]]],[[[-63.9719,-29.7516],[-63.9783,-29.7526],[-63.9799,-29.7572],[-63.9707,-29.7572],[-63.9654,-29.7527],[-63.9719,-29.7516]]],[[[-64.0717,-29.7449],[-64.0809,-29.7449],[-64.0848,-29.7473],[-64.0838,-29.7517],[-64.0784,-29.7538],[-64.078,-29.7585],[-64.0757,-29.76],[-64.0759,-29.7652],[-64.0733,-29.769],[-64.068,-29.7679],[-64.0678,-29.7519],[-64.0717,-29.7449]]],[[[-63.4766,-29.7479],[-63.5107,-29.7478],[-63.5115,-29.7706],[-63.5152,-29.7717],[-63.5123,-29.7755],[-63.5053,-29.7755],[-63.505,-29.7785],[-63.5099,-29.7782],[-63.5099,-29.782],[-63.5051,-29.7829],[-63.5048,-29.7859],[-63.4978,-29.7857],[-63.4995,-29.7897],[-63.4976,-29.7912],[-63.485,-29.7916],[-63.4838,-29.7891],[-63.4835,-29.7807],[-63.4806,-29.7783],[-63.4748,-29.7784],[-63.4738,-29.7801],[-63.4653,-29.779],[-63.4639,-29.7809],[-63.4535,-29.781],[-63.4525,-29.7833],[-63.4295,-29.7832],[-63.4293,-29.7884],[-63.4237,-29.7887],[-63.4184,-29.7923],[-63.4196,-29.7974],[-63.4182,-29.8026],[-63.392,-29.8023],[-63.392,-29.7934],[-63.39,-29.7903],[-63.3784,-29.7901],[-63.3784,-29.7808],[-63.3982,-29.7816],[-63.3983,-29.7898],[-63.4051,-29.7902],[-63.4065,-29.7993],[-63.4165,-29.7991],[-63.4155,-29.791],[-63.4208,-29.7889],[-63.4208,-29.7834],[-63.4113,-29.7834],[-63.4089,-29.7807],[-63.4365,-29.7806],[-63.436,-29.7766],[-63.4282,-29.7751],[-63.4212,-29.7707],[-63.4176,-29.7701],[-63.4134,-29.765],[-63.4154,-29.7621],[-63.458,-29.7579],[-63.4585,-29.7668],[-63.4646,-29.771],[-63.4735,-29.7705],[-63.4755,-29.7695],[-63.4766,-29.7479]]],[[[-64.397,-29.7465],[-64.3942,-29.7398],[-64.4006,-29.7409],[-64.401,-29.7466],[-64.397,-29.7465]]],[[[-64.1202,-29.7443],[-64.1201,-29.7422],[-64.1347,-29.7421],[-64.1347,-29.7444],[-64.1202,-29.7443]]],[[[-63.9954,-29.7396],[-63.9956,-29.7343],[-63.9981,-29.7342],[-63.9979,-29.7397],[-63.9954,-29.7396]]],[[[-64.0059,-29.7342],[-64.0111,-29.7341],[-64.0111,-29.7399],[-64.0033,-29.74],[-64.0031,-29.7366],[-64.0059,-29.7342]]],[[[-64.0607,-29.7265],[-64.0596,-29.7346],[-64.0558,-29.7348],[-64.0544,-29.7382],[-64.0501,-29.7381],[-64.0476,-29.7358],[-64.048,-29.7317],[-64.0521,-29.7315],[-64.0522,-29.727],[-64.0607,-29.7265]]],[[[-63.46,-29.7262],[-63.4762,-29.727],[-63.4746,-29.7405],[-63.4608,-29.7408],[-63.46,-29.7262]]],[[[-63.5324,-29.7268],[-63.5416,-29.7251],[-63.5445,-29.7287],[-63.5419,-29.732],[-63.531,-29.7336],[-63.5223,-29.7361],[-63.521,-29.7294],[-63.5227,-29.7279],[-63.5324,-29.7268]]],[[[-64.0083,-29.7181],[-64.0148,-29.7191],[-64.0147,-29.7224],[-64.0086,-29.7249],[-64.0045,-29.7294],[-64.0045,-29.7318],[-63.9914,-29.7331],[-63.9914,-29.7285],[-63.9967,-29.7248],[-64.0072,-29.7261],[-64.007,-29.7191],[-64.0083,-29.7181]]],[[[-63.9126,-29.7209],[-63.9139,-29.7186],[-63.922,-29.7187],[-63.9216,-29.7208],[-63.9126,-29.7209]]],[[[-64.1449,-29.7192],[-64.1489,-29.719],[-64.1486,-29.7158],[-64.154,-29.7148],[-64.1554,-29.7169],[-64.1552,-29.7259],[-64.1474,-29.7237],[-64.1449,-29.7192]]],[[[-64.1409,-29.7158],[-64.1475,-29.7158],[-64.1421,-29.7205],[-64.1433,-29.7237],[-64.1332,-29.7227],[-64.1331,-29.7182],[-64.1409,-29.7158]]],[[[-64.0226,-29.718],[-64.0187,-29.7169],[-64.0188,-29.7134],[-64.0254,-29.7134],[-64.0226,-29.718]]],[[[-64.0145,-29.6928],[-64.0185,-29.6929],[-64.0159,-29.6997],[-64.0121,-29.6997],[-64.0145,-29.6928]]],[[[-63.5231,-29.6996],[-63.5229,-29.695],[-63.5263,-29.6953],[-63.5267,-29.6997],[-63.5231,-29.6996]]],[[[-63.9962,-29.6907],[-64.0015,-29.6907],[-64.0014,-29.6942],[-63.9961,-29.6952],[-63.9962,-29.6907]]],[[[-64.1114,-29.6727],[-64.1154,-29.6726],[-64.1155,-29.6759],[-64.1116,-29.676],[-64.1114,-29.6727]]],[[[-63.9134,-29.6798],[-63.9134,-29.6706],[-63.9213,-29.6718],[-63.9213,-29.6798],[-63.9134,-29.6798]]],[[[-63.9581,-29.6681],[-63.9606,-29.668],[-63.9606,-29.6749],[-63.9659,-29.676],[-63.966,-29.6795],[-63.9711,-29.6795],[-63.971,-29.6841],[-63.9685,-29.6863],[-63.9635,-29.6863],[-63.9633,-29.6828],[-63.958,-29.6794],[-63.954,-29.6703],[-63.9581,-29.6681]]],[[[-63.4853,-29.726],[-63.4804,-29.7254],[-63.4672,-29.67],[-63.4754,-29.6714],[-63.4919,-29.7009],[-63.4839,-29.7052],[-63.4903,-29.7111],[-63.4968,-29.7187],[-63.4961,-29.7241],[-63.4942,-29.7266],[-63.4853,-29.726]]],[[[-63.874,-29.6665],[-63.8779,-29.6675],[-63.8779,-29.6709],[-63.8831,-29.6697],[-63.8845,-29.6753],[-63.8742,-29.6752],[-63.874,-29.6729],[-63.869,-29.671],[-63.874,-29.6665]]],[[[-63.9277,-29.6625],[-63.933,-29.6636],[-63.9396,-29.6636],[-63.937,-29.6704],[-63.9291,-29.6705],[-63.9277,-29.6694],[-63.9277,-29.6625]]],[[[-64.4064,-29.6571],[-64.4221,-29.657],[-64.4209,-29.6616],[-64.4183,-29.6639],[-64.413,-29.664],[-64.4117,-29.6605],[-64.4064,-29.6595],[-64.4064,-29.6571]]],[[[-63.9999,-29.6585],[-64.0036,-29.6584],[-64.0051,-29.6643],[-63.996,-29.6642],[-63.996,-29.6609],[-63.9999,-29.6585]]],[[[-63.8923,-29.6628],[-63.891,-29.6593],[-63.8949,-29.6581],[-63.8962,-29.6662],[-63.8923,-29.6662],[-63.8923,-29.6628]]],[[[-63.5803,-29.6592],[-63.5874,-29.6577],[-63.591,-29.6592],[-63.5963,-29.6585],[-63.6044,-29.6609],[-63.6035,-29.6631],[-63.6075,-29.6657],[-63.6125,-29.6621],[-63.6194,-29.6621],[-63.6244,-29.6608],[-63.6254,-29.6644],[-63.6364,-29.664],[-63.6364,-29.6676],[-63.6419,-29.6655],[-63.6607,-29.6667],[-63.6603,-29.6691],[-63.6649,-29.6778],[-63.6732,-29.6786],[-63.6686,-29.6846],[-63.6723,-29.6894],[-63.6723,-29.6934],[-63.6769,-29.6926],[-63.6774,-29.6894],[-63.6806,-29.6878],[-63.6847,-29.6934],[-63.6925,-29.6937],[-63.6925,-29.6857],[-63.6994,-29.6873],[-63.6989,-29.6921],[-63.6948,-29.6981],[-63.6889,-29.6977],[-63.6848,-29.6994],[-63.6848,-29.7074],[-63.6889,-29.7074],[-63.6899,-29.7146],[-63.6945,-29.7189],[-63.7037,-29.7209],[-63.7028,-29.7233],[-63.6923,-29.7222],[-63.6909,-29.7242],[-63.6919,-29.7342],[-63.6873,-29.7342],[-63.6872,-29.727],[-63.6808,-29.7218],[-63.6799,-29.725],[-63.6813,-29.7314],[-63.6772,-29.7302],[-63.678,-29.7222],[-63.6748,-29.7218],[-63.6694,-29.7295],[-63.669,-29.7423],[-63.6731,-29.7451],[-63.6772,-29.7411],[-63.6735,-29.7363],[-63.6781,-29.7342],[-63.6813,-29.737],[-63.6823,-29.7442],[-63.692,-29.747],[-63.6966,-29.7474],[-63.6979,-29.7405],[-63.7006,-29.7405],[-63.7021,-29.7477],[-63.7099,-29.7469],[-63.7099,-29.7517],[-63.7127,-29.7537],[-63.7154,-29.7513],[-63.7163,-29.7469],[-63.7241,-29.7516],[-63.7251,-29.7564],[-63.7287,-29.7564],[-63.7311,-29.766],[-63.7256,-29.766],[-63.7238,-29.7688],[-63.7201,-29.7689],[-63.7192,-29.7729],[-63.7243,-29.7796],[-63.7298,-29.7796],[-63.7312,-29.7828],[-63.7248,-29.7873],[-63.7211,-29.7841],[-63.7183,-29.7761],[-63.7128,-29.7765],[-63.7161,-29.7881],[-63.7221,-29.7885],[-63.7281,-29.7908],[-63.7286,-29.8037],[-63.731,-29.8108],[-63.7315,-29.8205],[-63.7293,-29.8257],[-63.7307,-29.8313],[-63.7298,-29.8357],[-63.7303,-29.8453],[-63.7225,-29.8393],[-63.7198,-29.8465],[-63.7253,-29.8497],[-63.7198,-29.8578],[-63.7033,-29.8578],[-63.6991,-29.8531],[-63.7,-29.8503],[-63.6912,-29.8411],[-63.6862,-29.8411],[-63.6853,-29.8467],[-63.6936,-29.8535],[-63.6941,-29.8567],[-63.6996,-29.8607],[-63.7024,-29.8643],[-63.7025,-29.8703],[-63.7094,-29.8786],[-63.7095,-29.8919],[-63.7049,-29.8907],[-63.7119,-29.9018],[-63.7092,-29.9123],[-63.7065,-29.9143],[-63.7003,-29.9147],[-63.6946,-29.9136],[-63.6861,-29.9134],[-63.6785,-29.9147],[-63.6748,-29.9119],[-63.6746,-29.9054],[-63.6858,-29.9075],[-63.6931,-29.9044],[-63.6916,-29.8988],[-63.6861,-29.8984],[-63.6849,-29.8944],[-63.6815,-29.8931],[-63.6747,-29.893],[-63.6719,-29.8888],[-63.6723,-29.886],[-63.6626,-29.8809],[-63.6598,-29.8757],[-63.6469,-29.8758],[-63.6469,-29.8726],[-63.6574,-29.8697],[-63.6592,-29.8649],[-63.662,-29.8641],[-63.6592,-29.8505],[-63.6609,-29.8344],[-63.6632,-29.8336],[-63.6692,-29.8364],[-63.6692,-29.84],[-63.6733,-29.842],[-63.6774,-29.8364],[-63.682,-29.8351],[-63.682,-29.8315],[-63.6778,-29.8267],[-63.6741,-29.8204],[-63.67,-29.8172],[-63.6639,-29.8092],[-63.6593,-29.8072],[-63.6593,-29.7988],[-63.6574,-29.7944],[-63.6479,-29.7944],[-63.6481,-29.7967],[-63.6441,-29.8005],[-63.6507,-29.8097],[-63.6467,-29.8115],[-63.6384,-29.8076],[-63.6376,-29.8128],[-63.6424,-29.813],[-63.6412,-29.82],[-63.6434,-29.8233],[-63.6422,-29.8322],[-63.637,-29.8348],[-63.6322,-29.8349],[-63.6321,-29.8429],[-63.623,-29.8475],[-63.6085,-29.8474],[-63.6075,-29.8462],[-63.6072,-29.8357],[-63.6046,-29.8374],[-63.5948,-29.8372],[-63.591,-29.8306],[-63.5914,-29.8201],[-63.5883,-29.8159],[-63.5869,-29.8099],[-63.5807,-29.81],[-63.5806,-29.8123],[-63.5716,-29.8158],[-63.5625,-29.8152],[-63.5609,-29.8079],[-63.5728,-29.8075],[-63.5733,-29.8011],[-63.5716,-29.7973],[-63.5841,-29.797],[-63.585,-29.7915],[-63.5878,-29.7918],[-63.5896,-29.7961],[-63.5848,-29.7975],[-63.5845,-29.8029],[-63.5863,-29.8066],[-63.5913,-29.8056],[-63.5968,-29.8006],[-63.5966,-29.7951],[-63.5886,-29.7916],[-63.5872,-29.7881],[-63.5804,-29.7847],[-63.5807,-29.7797],[-63.5858,-29.7799],[-63.586,-29.7726],[-63.5831,-29.7673],[-63.5883,-29.7661],[-63.5897,-29.7624],[-63.5985,-29.7616],[-63.5961,-29.7557],[-63.5962,-29.7527],[-63.6019,-29.7547],[-63.6144,-29.7547],[-63.6145,-29.7457],[-63.6101,-29.7461],[-63.6068,-29.7497],[-63.6008,-29.7502],[-63.5967,-29.7486],[-63.5936,-29.7528],[-63.5897,-29.7502],[-63.5888,-29.7404],[-63.5833,-29.7391],[-63.5831,-29.7343],[-63.5805,-29.7313],[-63.5806,-29.7271],[-63.5787,-29.7229],[-63.5676,-29.7233],[-63.5675,-29.7264],[-63.5641,-29.7275],[-63.5511,-29.7277],[-63.5514,-29.7231],[-63.5439,-29.7247],[-63.541,-29.7193],[-63.5408,-29.7141],[-63.5386,-29.7109],[-63.5387,-29.7007],[-63.5372,-29.6947],[-63.5354,-29.6935],[-63.5293,-29.6949],[-63.5289,-29.6922],[-63.5232,-29.6885],[-63.5221,-29.6822],[-63.5238,-29.6797],[-63.5325,-29.6796],[-63.5324,-29.6839],[-63.5354,-29.684],[-63.5356,-29.6794],[-63.5398,-29.6795],[-63.5419,-29.6749],[-63.5482,-29.6728],[-63.5516,-29.6639],[-63.5569,-29.6627],[-63.5638,-29.6626],[-63.57,-29.6642],[-63.5728,-29.6614],[-63.5803,-29.6592]]],[[[-64.0955,-29.6532],[-64.1073,-29.6531],[-64.1073,-29.6555],[-64.0995,-29.6554],[-64.0955,-29.6532]]],[[[-64.1093,-29.6438],[-64.1165,-29.6473],[-64.1165,-29.6553],[-64.1126,-29.6554],[-64.1125,-29.6486],[-64.1035,-29.6486],[-64.1093,-29.6438]]],[[[-64.4272,-29.6363],[-64.4415,-29.6362],[-64.4416,-29.6408],[-64.4364,-29.6431],[-64.4404,-29.6453],[-64.4404,-29.6486],[-64.4365,-29.6499],[-64.4351,-29.6466],[-64.4285,-29.6443],[-64.4272,-29.6363]]],[[[-64.0808,-29.6258],[-64.0861,-29.6258],[-64.0847,-29.6304],[-64.0808,-29.6293],[-64.0808,-29.6258]]],[[[-64.044,-29.6204],[-64.0494,-29.6215],[-64.0506,-29.6237],[-64.0584,-29.6237],[-64.065,-29.6215],[-64.0663,-29.6351],[-64.0677,-29.6386],[-64.0612,-29.6386],[-64.0573,-29.6364],[-64.0575,-29.6421],[-64.0495,-29.6444],[-64.0389,-29.6445],[-64.0389,-29.6422],[-64.0351,-29.6389],[-64.0362,-29.6308],[-64.0337,-29.6262],[-64.0376,-29.6262],[-64.0376,-29.6308],[-64.0417,-29.633],[-64.0415,-29.6366],[-64.0495,-29.6365],[-64.0466,-29.6249],[-64.044,-29.6204]]],[[[-64.4032,-29.6148],[-64.4085,-29.6159],[-64.4084,-29.6182],[-64.4006,-29.6183],[-64.4032,-29.6148]]],[[[-64.3639,-29.6152],[-64.3692,-29.6162],[-64.3676,-29.6229],[-64.3616,-29.6241],[-64.3588,-29.6186],[-64.3639,-29.6152]]],[[[-64.0283,-29.6193],[-64.0321,-29.617],[-64.0349,-29.6216],[-64.0311,-29.6239],[-64.0283,-29.6193]]],[[[-64.4031,-29.6068],[-64.4071,-29.6067],[-64.4071,-29.6112],[-64.4031,-29.6113],[-64.4031,-29.6068]]],[[[-63.9966,-29.6135],[-63.9987,-29.6082],[-64.0047,-29.6067],[-64.0047,-29.6119],[-64.0013,-29.6153],[-63.9966,-29.6135]]],[[[-64.4003,-29.5999],[-64.3846,-29.6001],[-64.3819,-29.5979],[-64.4043,-29.5975],[-64.407,-29.601],[-64.4031,-29.6023],[-64.4003,-29.5999]]],[[[-64.0714,-29.6019],[-64.0661,-29.6008],[-64.0647,-29.5962],[-64.0701,-29.5961],[-64.0728,-29.6008],[-64.0766,-29.6008],[-64.0766,-29.6053],[-64.0727,-29.6054],[-64.0714,-29.6019]]],[[[-64.3727,-29.591],[-64.3793,-29.591],[-64.3793,-29.5978],[-64.3728,-29.598],[-64.3727,-29.591]]],[[[-64.3923,-29.5806],[-64.3896,-29.5771],[-64.3988,-29.5771],[-64.3923,-29.5806]]],[[[-64.2521,-29.5739],[-64.2546,-29.5762],[-64.2598,-29.5774],[-64.2598,-29.5796],[-64.2533,-29.5808],[-64.2532,-29.5783],[-64.2467,-29.5787],[-64.2466,-29.5809],[-64.2532,-29.5808],[-64.2534,-29.5853],[-64.2442,-29.5854],[-64.2456,-29.5923],[-64.2535,-29.5924],[-64.2538,-29.608],[-64.2551,-29.6105],[-64.2524,-29.6151],[-64.2645,-29.6151],[-64.2668,-29.622],[-64.2643,-29.6288],[-64.254,-29.6287],[-64.2537,-29.6221],[-64.25,-29.6199],[-64.221,-29.6201],[-64.2209,-29.6223],[-64.2107,-29.6224],[-64.2106,-29.6282],[-64.2132,-29.6327],[-64.2132,-29.6385],[-64.2055,-29.6385],[-64.2042,-29.6408],[-64.1975,-29.6408],[-64.1906,-29.6432],[-64.1828,-29.6431],[-64.1805,-29.6417],[-64.1786,-29.6364],[-64.174,-29.6365],[-64.1704,-29.6386],[-64.17,-29.6251],[-64.174,-29.6251],[-64.174,-29.6285],[-64.1819,-29.6274],[-64.1818,-29.6251],[-64.1869,-29.6227],[-64.191,-29.6187],[-64.2169,-29.6178],[-64.2432,-29.6176],[-64.2386,-29.6007],[-64.2333,-29.5842],[-64.2391,-29.5842],[-64.2429,-29.582],[-64.2456,-29.5762],[-64.252,-29.5762],[-64.2521,-29.5739]]],[[[-64.2769,-29.5772],[-64.2768,-29.5726],[-64.2807,-29.5725],[-64.2833,-29.576],[-64.2834,-29.5794],[-64.2769,-29.5794],[-64.2769,-29.5772]]],[[[-64.0514,-29.5676],[-64.0502,-29.5666],[-64.0776,-29.5664],[-64.0777,-29.5684],[-64.0645,-29.5688],[-64.0594,-29.5711],[-64.0659,-29.5778],[-64.0712,-29.5777],[-64.0712,-29.5824],[-64.0646,-29.5799],[-64.062,-29.5754],[-64.0552,-29.5756],[-64.0461,-29.5734],[-64.0422,-29.5712],[-64.0423,-29.5688],[-64.0514,-29.5676]]],[[[-64.003,-29.5646],[-64.0094,-29.5692],[-64.0054,-29.5703],[-64.0069,-29.5772],[-64.0029,-29.5783],[-63.9939,-29.5783],[-63.994,-29.576],[-64.0016,-29.576],[-64.003,-29.5646]]],[[[-63.995,-29.5645],[-63.9989,-29.568],[-63.9857,-29.5681],[-63.9884,-29.5647],[-63.995,-29.5645]]],[[[-64.0966,-29.6235],[-64.0926,-29.6246],[-64.09,-29.6211],[-64.082,-29.6224],[-64.0728,-29.6224],[-64.0661,-29.6214],[-64.0677,-29.6156],[-64.0728,-29.6076],[-64.0807,-29.6087],[-64.0871,-29.6086],[-64.087,-29.6005],[-64.0845,-29.6006],[-64.0845,-29.5948],[-64.0871,-29.5925],[-64.087,-29.5868],[-64.0778,-29.5869],[-64.0779,-29.5892],[-64.0606,-29.5892],[-64.0623,-29.587],[-64.0753,-29.5871],[-64.0752,-29.5822],[-64.0726,-29.58],[-64.0881,-29.58],[-64.0895,-29.5778],[-64.0956,-29.58],[-64.0903,-29.5866],[-64.0952,-29.5891],[-64.1014,-29.5888],[-64.1027,-29.5829],[-64.1094,-29.582],[-64.1105,-29.5786],[-64.1089,-29.5717],[-64.1131,-29.5728],[-64.1248,-29.5704],[-64.1326,-29.5704],[-64.1406,-29.568],[-64.148,-29.5679],[-64.1478,-29.5624],[-64.1509,-29.5589],[-64.1548,-29.5589],[-64.1549,-29.5635],[-64.1631,-29.5645],[-64.1771,-29.5643],[-64.1824,-29.5677],[-64.1826,-29.574],[-64.1803,-29.5738],[-64.1799,-29.588],[-64.1741,-29.5886],[-64.1741,-29.6053],[-64.1773,-29.6085],[-64.1869,-29.6145],[-64.1872,-29.6179],[-64.1843,-29.6203],[-64.1805,-29.6204],[-64.1751,-29.6181],[-64.1738,-29.6204],[-64.166,-29.6205],[-64.1542,-29.6195],[-64.1579,-29.6252],[-64.1581,-29.632],[-64.1679,-29.6319],[-64.1622,-29.6364],[-64.1618,-29.6388],[-64.1556,-29.6388],[-64.153,-29.6433],[-64.157,-29.6435],[-64.1608,-29.6412],[-64.1624,-29.6515],[-64.1609,-29.6574],[-64.1743,-29.6571],[-64.1744,-29.6618],[-64.1703,-29.6617],[-64.1715,-29.6676],[-64.1679,-29.6685],[-64.1679,-29.6732],[-64.1811,-29.6731],[-64.1904,-29.6718],[-64.1903,-29.6695],[-64.1942,-29.6674],[-64.1942,-29.665],[-64.1995,-29.6604],[-64.2047,-29.6604],[-64.2072,-29.6546],[-64.2123,-29.6533],[-64.2109,-29.6465],[-64.2147,-29.6442],[-64.2199,-29.6442],[-64.2201,-29.6511],[-64.2241,-29.6509],[-64.2254,-29.6464],[-64.2252,-29.6383],[-64.2435,-29.6381],[-64.2435,-29.637],[-64.2685,-29.6369],[-64.2763,-29.6356],[-64.2763,-29.6378],[-64.2856,-29.6378],[-64.2882,-29.632],[-64.2881,-29.6287],[-64.2907,-29.6263],[-64.2985,-29.6262],[-64.2984,-29.6216],[-64.2958,-29.6193],[-64.2998,-29.6168],[-64.2998,-29.6126],[-64.3048,-29.6125],[-64.3048,-29.6192],[-64.3089,-29.6192],[-64.3102,-29.6237],[-64.3128,-29.6248],[-64.3141,-29.6317],[-64.3169,-29.6328],[-64.3196,-29.6374],[-64.3313,-29.636],[-64.343,-29.6338],[-64.3432,-29.6324],[-64.3562,-29.6325],[-64.3674,-29.6319],[-64.3682,-29.6415],[-64.3787,-29.6434],[-64.38,-29.6506],[-64.3857,-29.6512],[-64.3846,-29.6592],[-64.3893,-29.6598],[-64.3901,-29.6663],[-64.3973,-29.6664],[-64.3974,-29.6685],[-64.4038,-29.6682],[-64.4039,-29.6663],[-64.4158,-29.6661],[-64.4175,-29.6707],[-64.4234,-29.6703],[-64.4237,-29.6753],[-64.4188,-29.6754],[-64.4185,-29.6822],[-64.423,-29.6805],[-64.4306,-29.6818],[-64.4339,-29.6783],[-64.4345,-29.6864],[-64.4318,-29.6888],[-64.4257,-29.6889],[-64.4248,-29.686],[-64.4182,-29.686],[-64.4128,-29.6874],[-64.4111,-29.693],[-64.4071,-29.6934],[-64.4056,-29.6964],[-64.4007,-29.6964],[-64.3998,-29.6988],[-64.395,-29.6982],[-64.3924,-29.6932],[-64.3852,-29.6925],[-64.386,-29.6966],[-64.3539,-29.7009],[-64.3579,-29.7068],[-64.3611,-29.7146],[-64.3778,-29.7123],[-64.3788,-29.7302],[-64.3813,-29.7351],[-64.3901,-29.7349],[-64.3908,-29.7581],[-64.3923,-29.7628],[-64.3956,-29.7667],[-64.4033,-29.7667],[-64.4033,-29.7641],[-64.4086,-29.7645],[-64.4091,-29.7792],[-64.4163,-29.7784],[-64.4176,-29.7795],[-64.4179,-29.7965],[-64.4107,-29.7966],[-64.4107,-29.8164],[-64.4243,-29.8174],[-64.4317,-29.8149],[-64.4492,-29.8147],[-64.4498,-29.8204],[-64.4472,-29.8228],[-64.4431,-29.8228],[-64.4404,-29.8258],[-64.4445,-29.8329],[-64.4491,-29.8349],[-64.45,-29.8398],[-64.4448,-29.8435],[-64.4409,-29.8433],[-64.4364,-29.8346],[-64.4328,-29.833],[-64.4325,-29.8276],[-64.427,-29.8264],[-64.4247,-29.8241],[-64.4196,-29.824],[-64.4196,-29.8449],[-64.4184,-29.8448],[-64.4182,-29.8599],[-64.4209,-29.8596],[-64.427,-29.8551],[-64.4266,-29.8503],[-64.4325,-29.8517],[-64.4341,-29.8495],[-64.4393,-29.8517],[-64.4419,-29.8549],[-64.4422,-29.8594],[-64.4381,-29.8629],[-64.4289,-29.8687],[-64.4342,-29.8698],[-64.4358,-29.8676],[-64.4423,-29.8699],[-64.4423,-29.8732],[-64.4343,-29.8732],[-64.4346,-29.8929],[-64.4163,-29.8938],[-64.4084,-29.8951],[-64.4061,-29.843],[-64.4037,-29.8403],[-64.402,-29.8338],[-64.3945,-29.8335],[-64.3942,-29.8291],[-64.3826,-29.8292],[-64.3838,-29.8338],[-64.3814,-29.8361],[-64.376,-29.8361],[-64.372,-29.8341],[-64.3707,-29.8385],[-64.3629,-29.8384],[-64.3616,-29.8406],[-64.3539,-29.8423],[-64.3542,-29.8477],[-64.3474,-29.8497],[-64.3362,-29.8362],[-64.3402,-29.832],[-64.3404,-29.8294],[-64.3356,-29.8286],[-64.3342,-29.8389],[-64.3264,-29.839],[-64.3318,-29.8436],[-64.3379,-29.8524],[-64.3421,-29.8527],[-64.3466,-29.8573],[-64.3489,-29.8572],[-64.3515,-29.8524],[-64.3552,-29.8524],[-64.3559,-29.8581],[-64.3612,-29.8545],[-64.3703,-29.8535],[-64.3752,-29.8623],[-64.3803,-29.8749],[-64.3873,-29.8736],[-64.3945,-29.8686],[-64.3884,-29.8582],[-64.3841,-29.8563],[-64.3816,-29.8518],[-64.3816,-29.8486],[-64.3893,-29.8497],[-64.3894,-29.8552],[-64.3944,-29.8554],[-64.3945,-29.8578],[-64.3998,-29.8612],[-64.4016,-29.8657],[-64.4071,-29.8659],[-64.4084,-29.8951],[-64.4013,-29.8974],[-64.3806,-29.8991],[-64.3807,-29.9016],[-64.3754,-29.9018],[-64.349,-29.9085],[-64.3439,-29.9089],[-64.344,-29.8879],[-64.3531,-29.8845],[-64.3531,-29.8684],[-64.3527,-29.8638],[-64.3484,-29.8603],[-64.3426,-29.8591],[-64.3367,-29.8521],[-64.329,-29.8501],[-64.3283,-29.847],[-64.3237,-29.8438],[-64.3196,-29.8431],[-64.3164,-29.8399],[-64.3079,-29.8412],[-64.3081,-29.8528],[-64.3159,-29.8528],[-64.3211,-29.855],[-64.3226,-29.8619],[-64.3251,-29.8619],[-64.3304,-29.8675],[-64.3344,-29.8675],[-64.3345,-29.8732],[-64.3321,-29.8779],[-64.3214,-29.8779],[-64.3174,-29.8757],[-64.3121,-29.8735],[-64.312,-29.8712],[-64.3186,-29.87],[-64.3305,-29.8699],[-64.3265,-29.8654],[-64.3213,-29.8641],[-64.321,-29.862],[-64.3133,-29.8552],[-64.3119,-29.8574],[-64.3173,-29.8643],[-64.3107,-29.8654],[-64.3107,-29.8711],[-64.3067,-29.8735],[-64.3017,-29.8712],[-64.2923,-29.8704],[-64.2908,-29.8714],[-64.2817,-29.8715],[-64.28,-29.8671],[-64.2716,-29.8671],[-64.2703,-29.8645],[-64.2659,-29.8646],[-64.2629,-29.8627],[-64.257,-29.8628],[-64.2566,-29.8601],[-64.25,-29.8603],[-64.2506,-29.8558],[-64.2496,-29.85],[-64.2512,-29.8442],[-64.2487,-29.8418],[-64.2434,-29.842],[-64.2396,-29.8444],[-64.2384,-29.8501],[-64.2343,-29.8502],[-64.2317,-29.8537],[-64.2313,-29.8578],[-64.2254,-29.8559],[-64.2223,-29.8513],[-64.2146,-29.8514],[-64.2138,-29.8539],[-64.2209,-29.8539],[-64.2213,-29.858],[-64.2315,-29.858],[-64.2307,-29.8618],[-64.2255,-29.8642],[-64.2305,-29.8663],[-64.2267,-29.8696],[-64.227,-29.874],[-64.2244,-29.8745],[-64.2241,-29.881],[-64.2256,-29.8834],[-64.2241,-29.8879],[-64.2189,-29.8905],[-64.2179,-29.8974],[-64.2153,-29.8993],[-64.2101,-29.8995],[-64.2112,-29.9041],[-64.21,-29.9121],[-64.2138,-29.9143],[-64.209,-29.9168],[-64.1957,-29.9148],[-64.1983,-29.9124],[-64.1945,-29.909],[-64.205,-29.9089],[-64.2036,-29.9041],[-64.1982,-29.9063],[-64.1891,-29.9055],[-64.1906,-29.8928],[-64.1865,-29.8881],[-64.1863,-29.8835],[-64.1808,-29.8815],[-64.1725,-29.8815],[-64.1687,-29.8828],[-64.165,-29.8792],[-64.1648,-29.8749],[-64.1698,-29.8746],[-64.1713,-29.8801],[-64.1817,-29.8805],[-64.1805,-29.8746],[-64.1767,-29.8782],[-64.173,-29.8781],[-64.1729,-29.8745],[-64.1672,-29.8709],[-64.1675,-29.8612],[-64.1658,-29.8554],[-64.1567,-29.8543],[-64.1493,-29.8542],[-64.1449,-29.852],[-64.1386,-29.852],[-64.1415,-29.8454],[-64.1489,-29.8475],[-64.1567,-29.8428],[-64.1553,-29.8383],[-64.15,-29.8326],[-64.1433,-29.8327],[-64.1433,-29.827],[-64.1408,-29.8269],[-64.1406,-29.8212],[-64.1341,-29.8222],[-64.1353,-29.8294],[-64.1315,-29.8338],[-64.1237,-29.8339],[-64.1236,-29.8296],[-64.1208,-29.8212],[-64.1262,-29.8133],[-64.1197,-29.8088],[-64.1206,-29.8007],[-64.1272,-29.8018],[-64.1274,-29.7996],[-64.1336,-29.7996],[-64.1354,-29.8019],[-64.1418,-29.8019],[-64.1416,-29.8052],[-64.1365,-29.8064],[-64.1459,-29.8109],[-64.1485,-29.8096],[-64.1483,-29.7994],[-64.1589,-29.8039],[-64.1575,-29.7947],[-64.1535,-29.7948],[-64.1495,-29.7925],[-64.1456,-29.7926],[-64.1456,-29.7891],[-64.1495,-29.7856],[-64.1493,-29.7812],[-64.1428,-29.7846],[-64.1402,-29.7812],[-64.1402,-29.7719],[-64.1348,-29.7696],[-64.1349,-29.7627],[-64.1308,-29.7617],[-64.1306,-29.7662],[-64.1266,-29.7674],[-64.1205,-29.7665],[-64.1205,-29.7721],[-64.1191,-29.7744],[-64.1139,-29.7699],[-64.1086,-29.7698],[-64.1085,-29.7653],[-64.1032,-29.7676],[-64.098,-29.7677],[-64.0968,-29.7654],[-64.0994,-29.762],[-64.1071,-29.7619],[-64.1111,-29.7631],[-64.1124,-29.7597],[-64.1181,-29.7572],[-64.1175,-29.7536],[-64.1122,-29.7538],[-64.1085,-29.7561],[-64.1034,-29.7527],[-64.0982,-29.7527],[-64.0979,-29.7595],[-64.0929,-29.7609],[-64.0926,-29.7548],[-64.0902,-29.7541],[-64.0902,-29.7447],[-64.0925,-29.7413],[-64.0924,-29.7356],[-64.0979,-29.7356],[-64.0968,-29.7301],[-64.1007,-29.731],[-64.1137,-29.7308],[-64.1149,-29.7341],[-64.1201,-29.7356],[-64.1171,-29.7458],[-64.1201,-29.7506],[-64.1258,-29.7516],[-64.1281,-29.7569],[-64.1334,-29.756],[-64.1411,-29.7526],[-64.1451,-29.7526],[-64.1465,-29.7491],[-64.1505,-29.7489],[-64.1517,-29.7422],[-64.1541,-29.7375],[-64.1514,-29.734],[-64.1489,-29.7261],[-64.1543,-29.7275],[-64.1581,-29.726],[-64.1606,-29.7214],[-64.1618,-29.7111],[-64.1671,-29.711],[-64.1669,-29.7076],[-64.1605,-29.7076],[-64.1552,-29.7146],[-64.1526,-29.7132],[-64.1526,-29.7044],[-64.1498,-29.7044],[-64.1469,-29.7097],[-64.1393,-29.7098],[-64.1394,-29.7066],[-64.1247,-29.7081],[-64.1255,-29.6989],[-64.1252,-29.694],[-64.1105,-29.6943],[-64.1117,-29.7011],[-64.1024,-29.7013],[-64.0972,-29.699],[-64.0946,-29.6944],[-64.0986,-29.6944],[-64.1001,-29.6968],[-64.1054,-29.692],[-64.1141,-29.6895],[-64.1102,-29.685],[-64.1128,-29.6827],[-64.1127,-29.6794],[-64.117,-29.6793],[-64.1196,-29.677],[-64.1193,-29.6723],[-64.1113,-29.6714],[-64.1112,-29.6691],[-64.1196,-29.6691],[-64.1207,-29.6645],[-64.1127,-29.6647],[-64.1088,-29.6667],[-64.1088,-29.6739],[-64.101,-29.6749],[-64.0982,-29.6716],[-64.0917,-29.6715],[-64.0917,-29.6692],[-64.0996,-29.668],[-64.0982,-29.66],[-64.1126,-29.66],[-64.1166,-29.6553],[-64.1207,-29.6553],[-64.1271,-29.6484],[-64.1245,-29.646],[-64.1178,-29.646],[-64.1176,-29.6438],[-64.1096,-29.6438],[-64.1097,-29.6393],[-64.1045,-29.6417],[-64.0926,-29.6418],[-64.0901,-29.6441],[-64.0915,-29.6521],[-64.0824,-29.652],[-64.0825,-29.6487],[-64.0876,-29.6442],[-64.09,-29.635],[-64.0862,-29.635],[-64.086,-29.6394],[-64.081,-29.6395],[-64.0796,-29.636],[-64.0848,-29.635],[-64.0862,-29.6327],[-64.0914,-29.6325],[-64.0914,-29.628],[-64.0965,-29.6257],[-64.0966,-29.6235]],[[-64.1043,-29.6165],[-64.1057,-29.6119],[-64.1003,-29.6118],[-64.1004,-29.6166],[-64.1043,-29.6165]],[[-64.1185,-29.5957],[-64.1053,-29.5959],[-64.0987,-29.5972],[-64.0988,-29.6049],[-64.1042,-29.6073],[-64.1044,-29.6097],[-64.1161,-29.6096],[-64.1218,-29.6081],[-64.1172,-29.6081],[-64.1173,-29.6003],[-64.1185,-29.5957]],[[-64.1322,-29.6643],[-64.1272,-29.6645],[-64.1275,-29.6748],[-64.1287,-29.6757],[-64.129,-29.6883],[-64.1333,-29.6868],[-64.1338,-29.6804],[-64.1364,-29.6804],[-64.1395,-29.6861],[-64.1431,-29.686],[-64.1485,-29.6826],[-64.1471,-29.6746],[-64.1417,-29.6711],[-64.1416,-29.6666],[-64.1378,-29.6668],[-64.1378,-29.6735],[-64.1339,-29.6735],[-64.1338,-29.6667],[-64.1322,-29.6643]],[[-64.2243,-29.6957],[-64.2281,-29.6956],[-64.2284,-29.699],[-64.2376,-29.6975],[-64.2376,-29.6932],[-64.2311,-29.6908],[-64.2259,-29.692],[-64.2243,-29.6957]],[[-64.1686,-29.7213],[-64.1736,-29.7212],[-64.1738,-29.7281],[-64.1777,-29.7328],[-64.1817,-29.7292],[-64.1868,-29.728],[-64.187,-29.7314],[-64.183,-29.7315],[-64.1793,-29.7339],[-64.1805,-29.7373],[-64.191,-29.7372],[-64.1936,-29.7394],[-64.1975,-29.736],[-64.2002,-29.7371],[-64.2121,-29.7369],[-64.2119,-29.7323],[-64.2068,-29.7313],[-64.2053,-29.7348],[-64.2014,-29.7347],[-64.2013,-29.7291],[-64.1934,-29.7291],[-64.1881,-29.7258],[-64.1801,-29.7258],[-64.1816,-29.7224],[-64.1855,-29.7234],[-64.1986,-29.7234],[-64.2013,-29.7222],[-64.2106,-29.721],[-64.2103,-29.7164],[-64.2052,-29.7165],[-64.1985,-29.7211],[-64.1965,-29.7164],[-64.192,-29.7164],[-64.1855,-29.7143],[-64.1854,-29.7062],[-64.1828,-29.7041],[-64.184,-29.7003],[-64.1786,-29.7004],[-64.176,-29.696],[-64.1707,-29.696],[-64.168,-29.6979],[-64.168,-29.7016],[-64.1734,-29.703],[-64.1761,-29.7099],[-64.1759,-29.7143],[-64.1687,-29.7147],[-64.1686,-29.7166],[-64.1789,-29.7167],[-64.1828,-29.7212],[-64.1686,-29.7213]],[[-64.162,-29.742],[-64.1581,-29.742],[-64.1581,-29.7488],[-64.1635,-29.7477],[-64.162,-29.742]],[[-64.1914,-29.7681],[-64.1873,-29.7693],[-64.1875,-29.7762],[-64.1862,-29.7785],[-64.1864,-29.7842],[-64.1915,-29.7888],[-64.1942,-29.7818],[-64.1928,-29.7715],[-64.1954,-29.7681],[-64.2019,-29.7691],[-64.2057,-29.7644],[-64.2211,-29.7644],[-64.2187,-29.7621],[-64.2083,-29.761],[-64.2084,-29.7577],[-64.2135,-29.7575],[-64.216,-29.7552],[-64.2268,-29.7517],[-64.2253,-29.7483],[-64.2199,-29.7483],[-64.2174,-29.753],[-64.2107,-29.7564],[-64.2057,-29.7565],[-64.2014,-29.7589],[-64.1937,-29.7612],[-64.1861,-29.7623],[-64.1676,-29.7625],[-64.1676,-29.7659],[-64.1598,-29.7672],[-64.1742,-29.7671],[-64.1742,-29.7649],[-64.1794,-29.7636],[-64.1872,-29.7635],[-64.1874,-29.7681],[-64.1914,-29.7681]],[[-64.177,-29.7751],[-64.1743,-29.7785],[-64.1638,-29.7786],[-64.164,-29.7913],[-64.1666,-29.7866],[-64.1731,-29.7854],[-64.1757,-29.7832],[-64.1703,-29.7809],[-64.173,-29.7785],[-64.1757,-29.7808],[-64.177,-29.7751]],[[-64.1875,-29.799],[-64.1851,-29.8001],[-64.1865,-29.8047],[-64.1915,-29.8026],[-64.1875,-29.799]],[[-64.1759,-29.8026],[-64.1667,-29.804],[-64.1721,-29.8063],[-64.1759,-29.8026]],[[-64.3374,-29.809],[-64.3367,-29.8116],[-64.3423,-29.812],[-64.3441,-29.808],[-64.3569,-29.8088],[-64.3573,-29.8157],[-64.3732,-29.8157],[-64.3732,-29.8191],[-64.3797,-29.8201],[-64.3797,-29.8153],[-64.3757,-29.8149],[-64.3748,-29.8107],[-64.3686,-29.804],[-64.3664,-29.7985],[-64.3733,-29.7982],[-64.3761,-29.8028],[-64.3811,-29.8037],[-64.3854,-29.8001],[-64.3861,-29.795],[-64.3807,-29.7883],[-64.3787,-29.7825],[-64.3758,-29.7821],[-64.3759,-29.7711],[-64.3706,-29.7763],[-64.3616,-29.7769],[-64.3611,-29.7852],[-64.3614,-29.8064],[-64.3396,-29.8069],[-64.3374,-29.809]],[[-64.1748,-29.8129],[-64.1708,-29.8117],[-64.1655,-29.8143],[-64.1655,-29.8211],[-64.1644,-29.8233],[-64.1696,-29.8245],[-64.1696,-29.8266],[-64.179,-29.8266],[-64.1774,-29.8242],[-64.1672,-29.8233],[-64.1698,-29.8199],[-64.1748,-29.8198],[-64.1748,-29.8129]],[[-64.1825,-29.8253],[-64.1802,-29.8266],[-64.1803,-29.8312],[-64.1737,-29.8335],[-64.1593,-29.8335],[-64.1632,-29.836],[-64.1633,-29.8406],[-64.1697,-29.8405],[-64.1685,-29.8451],[-64.1607,-29.8463],[-64.1608,-29.8485],[-64.1659,-29.8494],[-64.1659,-29.8459],[-64.171,-29.8461],[-64.1726,-29.8428],[-64.1777,-29.8424],[-64.1764,-29.8381],[-64.18,-29.8369],[-64.1802,-29.8335],[-64.1869,-29.8323],[-64.1825,-29.8253]],[[-64.3607,-29.8262],[-64.3644,-29.8259],[-64.3641,-29.819],[-64.3603,-29.8191],[-64.3607,-29.8262]],[[-64.1854,-29.8183],[-64.1841,-29.815],[-64.1787,-29.815],[-64.1799,-29.8186],[-64.1854,-29.8183]],[[-64.3153,-29.8164],[-64.3209,-29.8171],[-64.3208,-29.8123],[-64.3158,-29.8123],[-64.3153,-29.8164]],[[-64.2007,-29.7817],[-64.2048,-29.7851],[-64.21,-29.785],[-64.2126,-29.7826],[-64.2124,-29.7794],[-64.2046,-29.7784],[-64.2007,-29.7817]],[[-64.2479,-29.7573],[-64.2514,-29.7542],[-64.2513,-29.7467],[-64.2473,-29.7467],[-64.2479,-29.7573]],[[-64.2797,-29.6956],[-64.2839,-29.6984],[-64.2769,-29.7044],[-64.2689,-29.7096],[-64.2672,-29.7134],[-64.26,-29.7137],[-64.26,-29.716],[-64.2484,-29.7163],[-64.2471,-29.7174],[-64.2472,-29.7274],[-64.2453,-29.7278],[-64.2456,-29.7341],[-64.2566,-29.7344],[-64.2591,-29.7297],[-64.2675,-29.7296],[-64.2675,-29.7317],[-64.275,-29.7315],[-64.2751,-29.7295],[-64.2864,-29.7294],[-64.2919,-29.7282],[-64.2933,-29.7223],[-64.2965,-29.7176],[-64.3073,-29.7175],[-64.3072,-29.7152],[-64.3129,-29.7153],[-64.3128,-29.6967],[-64.3139,-29.6899],[-64.2797,-29.6956]],[[-64.3479,-29.6932],[-64.349,-29.6966],[-64.3649,-29.6942],[-64.3728,-29.6942],[-64.3783,-29.6931],[-64.3779,-29.6825],[-64.3763,-29.6781],[-64.3568,-29.6782],[-64.3477,-29.6794],[-64.3423,-29.6771],[-64.336,-29.6773],[-64.3359,-29.683],[-64.345,-29.684],[-64.3478,-29.6898],[-64.3479,-29.6932]],[[-64.3794,-29.678],[-64.3856,-29.6757],[-64.3856,-29.6713],[-64.3804,-29.6735],[-64.3794,-29.678]],[[-64.1549,-29.6975],[-64.1511,-29.6975],[-64.1512,-29.7033],[-64.1552,-29.7032],[-64.1549,-29.6975]],[[-64.2228,-29.6661],[-64.2324,-29.6659],[-64.2267,-29.6613],[-64.2216,-29.6588],[-64.2134,-29.659],[-64.2134,-29.6614],[-64.2216,-29.6624],[-64.2228,-29.6661]],[[-64.3107,-29.6536],[-64.3145,-29.6513],[-64.3199,-29.6512],[-64.3198,-29.6465],[-64.3026,-29.6468],[-64.3041,-29.6537],[-64.3107,-29.6536]],[[-64.3014,-29.6411],[-64.3,-29.6445],[-64.2922,-29.6446],[-64.2922,-29.6468],[-64.3015,-29.6468],[-64.3014,-29.6411]],[[-64.1886,-29.8655],[-64.1846,-29.8655],[-64.19,-29.8735],[-64.1951,-29.8733],[-64.195,-29.8677],[-64.1894,-29.8675],[-64.1886,-29.8655]]],[[[-64.2269,-29.5592],[-64.2266,-29.5557],[-64.2334,-29.5556],[-64.2334,-29.5591],[-64.2269,-29.5592]]],[[[-63.9935,-29.5566],[-63.9974,-29.558],[-64.0039,-29.5578],[-64.004,-29.5634],[-63.9975,-29.5645],[-63.9935,-29.5566]]],[[[-65.6675,-31.7438],[-65.6987,-31.7431],[-65.6677,-31.7437],[-65.6691,-31.7387],[-65.6736,-31.7327],[-65.6735,-31.7304],[-65.6776,-31.7282],[-65.6784,-31.725],[-65.6817,-31.7235],[-65.678,-31.7186],[-65.675,-31.7168],[-65.6757,-31.7108],[-65.6785,-31.7049],[-65.6869,-31.7069],[-65.6927,-31.71],[-65.6929,-31.7173],[-65.6952,-31.7223],[-65.6999,-31.7233],[-65.7058,-31.7217],[-65.7067,-31.7153],[-65.7149,-31.7113],[-65.7178,-31.7083],[-65.7305,-31.699],[-65.7344,-31.7062],[-65.739,-31.7079],[-65.7447,-31.7054],[-65.7532,-31.7062],[-65.7567,-31.71],[-65.7685,-31.7108],[-65.7694,-31.7141],[-65.7674,-31.7142],[-65.7583,-31.7118],[-65.761,-31.7169],[-65.758,-31.7214],[-65.7621,-31.7257],[-65.7588,-31.7287],[-65.7619,-31.7304],[-65.77,-31.7242],[-65.7701,-31.7381],[-65.7702,-31.7431],[-65.713,-31.7431],[-65.7149,-31.7361],[-65.718,-31.7327],[-65.7138,-31.7278],[-65.7135,-31.7252],[-65.7183,-31.7238],[-65.7226,-31.7196],[-65.7208,-31.716],[-65.7164,-31.7162],[-65.716,-31.7209],[-65.7099,-31.7182],[-65.7092,-31.7215],[-65.7118,-31.7233],[-65.7115,-31.7282],[-65.7146,-31.7309],[-65.7097,-31.7405],[-65.7098,-31.7431],[-65.7095,-31.7609],[-65.7163,-31.7719],[-65.7114,-31.7855],[-65.7012,-31.7974],[-65.6809,-31.7974],[-65.6848,-31.8142],[-65.6875,-31.8161],[-65.6913,-31.8141],[-65.7,-31.8129],[-65.7031,-31.8161],[-65.7159,-31.8217],[-65.7215,-31.8186],[-65.729,-31.8169],[-65.722,-31.8139],[-65.7187,-31.8155],[-65.7123,-31.8156],[-65.7138,-31.8064],[-65.7097,-31.8075],[-65.7028,-31.8057],[-65.7061,-31.7992],[-65.7128,-31.7958],[-65.7201,-31.7969],[-65.7265,-31.7955],[-65.752,-31.7946],[-65.753,-31.8037],[-65.7601,-31.8035],[-65.7593,-31.7959],[-65.7641,-31.7914],[-65.7694,-31.7916],[-65.7698,-31.8296],[-65.7698,-31.8644],[-65.7603,-31.8653],[-65.759,-31.876],[-65.7492,-31.8811],[-65.7409,-31.8823],[-65.7396,-31.876],[-65.7367,-31.8761],[-65.7378,-31.87],[-65.7407,-31.8628],[-65.747,-31.8561],[-65.7453,-31.8529],[-65.7359,-31.8544],[-65.7206,-31.8538],[-65.71,-31.8563],[-65.7173,-31.8625],[-65.7152,-31.8653],[-65.7188,-31.8688],[-65.7197,-31.8743],[-65.7225,-31.8794],[-65.7257,-31.8823],[-65.7258,-31.8882],[-65.7242,-31.8917],[-65.6444,-31.8971],[-65.6493,-31.8891],[-65.6583,-31.8866],[-65.6586,-31.8817],[-65.6611,-31.8768],[-65.6598,-31.8716],[-65.6563,-31.8678],[-65.6525,-31.8676],[-65.657,-31.8782],[-65.6543,-31.8802],[-65.6496,-31.8776],[-65.6448,-31.8811],[-65.6414,-31.8796],[-65.6294,-31.8879],[-65.6274,-31.8983],[-65.6013,-31.9103],[-65.5434,-31.9366],[-65.5415,-31.9319],[-65.5357,-31.9298],[-65.5329,-31.9256],[-65.5388,-31.9167],[-65.5422,-31.9147],[-65.5428,-31.9111],[-65.5388,-31.9027],[-65.5405,-31.8978],[-65.5392,-31.89],[-65.546,-31.8889],[-65.5456,-31.8867],[-65.5314,-31.885],[-65.5322,-31.899],[-65.5152,-31.8991],[-65.5103,-31.9049],[-65.5281,-31.9042],[-65.5368,-31.9135],[-65.535,-31.9174],[-65.5263,-31.9212],[-65.5222,-31.9206],[-65.5175,-31.9334],[-65.5243,-31.9337],[-65.5237,-31.9378],[-65.5174,-31.9399],[-65.5163,-31.9438],[-65.5249,-31.9449],[-65.4789,-31.9659],[-65.4766,-31.9586],[-65.4772,-31.9511],[-65.4882,-31.9499],[-65.4893,-31.946],[-65.488,-31.9408],[-65.492,-31.9349],[-65.4995,-31.9315],[-65.5147,-31.9295],[-65.5132,-31.9271],[-65.5066,-31.9251],[-65.4956,-31.9276],[-65.486,-31.9284],[-65.4801,-31.9318],[-65.4728,-31.9307],[-65.4718,-31.9279],[-65.4662,-31.9208],[-65.4623,-31.9218],[-65.4592,-31.9196],[-65.4579,-31.9141],[-65.46,-31.9059],[-65.4664,-31.9054],[-65.4682,-31.9005],[-65.4717,-31.9037],[-65.4778,-31.9042],[-65.477,-31.9013],[-65.4821,-31.8934],[-65.4744,-31.8907],[-65.4793,-31.888],[-65.4847,-31.8882],[-65.4853,-31.8846],[-65.48,-31.8837],[-65.4811,-31.871],[-65.4894,-31.8679],[-65.4901,-31.865],[-65.4873,-31.8589],[-65.4781,-31.8584],[-65.4792,-31.8542],[-65.4844,-31.8485],[-65.4773,-31.8455],[-65.4684,-31.8495],[-65.4638,-31.8476],[-65.4631,-31.8366],[-65.4756,-31.8364],[-65.4787,-31.8338],[-65.4751,-31.8286],[-65.4772,-31.8249],[-65.4771,-31.8204],[-65.4638,-31.821],[-65.4618,-31.8163],[-65.4619,-31.8067],[-65.4572,-31.8037],[-65.4597,-31.7963],[-65.4576,-31.7946],[-65.4572,-31.7863],[-65.4511,-31.7864],[-65.4511,-31.8077],[-65.4469,-31.8078],[-65.4458,-31.7997],[-65.4397,-31.7991],[-65.4395,-31.7946],[-65.4315,-31.7966],[-65.4317,-31.7909],[-65.4241,-31.7892],[-65.4232,-31.7827],[-65.4194,-31.7747],[-65.4143,-31.7745],[-65.4124,-31.7647],[-65.3797,-31.7658],[-65.3785,-31.7612],[-65.3864,-31.7552],[-65.3873,-31.7457],[-65.3891,-31.7418],[-65.3782,-31.7404],[-65.377,-31.7463],[-65.3749,-31.7493],[-65.3764,-31.7522],[-65.3749,-31.7581],[-65.3774,-31.7659],[-65.3787,-31.77],[-65.3649,-31.7706],[-65.364,-31.7815],[-65.3797,-31.7818],[-65.3787,-31.7941],[-65.3815,-31.8092],[-65.3792,-31.8172],[-65.3818,-31.836],[-65.3791,-31.8409],[-65.3795,-31.8448],[-65.3747,-31.844],[-65.3704,-31.8465],[-65.3706,-31.8531],[-65.3587,-31.8586],[-65.3564,-31.8555],[-65.3562,-31.8474],[-65.352,-31.8448],[-65.3479,-31.8444],[-65.3449,-31.8473],[-65.346,-31.8511],[-65.3451,-31.8561],[-65.3481,-31.8585],[-65.3532,-31.8587],[-65.3572,-31.8616],[-65.3561,-31.8743],[-65.3638,-31.8738],[-65.371,-31.8699],[-65.3714,-31.8849],[-65.3759,-31.8879],[-65.3793,-31.8929],[-65.3798,-31.8994],[-65.374,-31.9007],[-65.3671,-31.9006],[-65.3626,-31.9034],[-65.3625,-31.9075],[-65.358,-31.9117],[-65.3535,-31.914],[-65.357,-31.9177],[-65.3623,-31.9155],[-65.3621,-31.9216],[-65.3567,-31.9232],[-65.3445,-31.9181],[-65.339,-31.9195],[-65.3353,-31.9177],[-65.3397,-31.9045],[-65.3396,-31.9011],[-65.3345,-31.8999],[-65.3335,-31.9049],[-65.3292,-31.9089],[-65.3276,-31.9163],[-65.3243,-31.9154],[-65.3186,-31.9083],[-65.3215,-31.9048],[-65.321,-31.9014],[-65.3312,-31.9006],[-65.3322,-31.894],[-65.3349,-31.8871],[-65.335,-31.8775],[-65.3378,-31.8733],[-65.3349,-31.8715],[-65.3293,-31.8756],[-65.3285,-31.8788],[-65.3243,-31.8808],[-65.3215,-31.8905],[-65.3234,-31.8967],[-65.3187,-31.8965],[-65.3172,-31.894],[-65.3162,-31.8865],[-65.3099,-31.8832],[-65.2964,-31.8835],[-65.2923,-31.8842],[-65.2903,-31.8882],[-65.2856,-31.8901],[-65.28,-31.9006],[-65.2713,-31.9014],[-65.2696,-31.8989],[-65.2699,-31.8899],[-65.2791,-31.8925],[-65.2811,-31.8859],[-65.2781,-31.8767],[-65.2778,-31.8682],[-65.2849,-31.8628],[-65.2913,-31.86],[-65.3069,-31.8549],[-65.306,-31.8443],[-65.3042,-31.8418],[-65.3051,-31.8368],[-65.302,-31.8303],[-65.3074,-31.8271],[-65.3106,-31.8221],[-65.3073,-31.8193],[-65.3022,-31.8186],[-65.3004,-31.821],[-65.2883,-31.8231],[-65.2922,-31.8299],[-65.3017,-31.8346],[-65.2955,-31.8387],[-65.2921,-31.8436],[-65.2815,-31.8424],[-65.2783,-31.8464],[-65.2796,-31.8541],[-65.2709,-31.8571],[-65.2684,-31.8601],[-65.2673,-31.8447],[-65.2793,-31.8432],[-65.2866,-31.8393],[-65.2786,-31.8349],[-65.2727,-31.8415],[-65.2676,-31.8419],[-65.258,-31.8359],[-65.2503,-31.8428],[-65.2472,-31.8501],[-65.2476,-31.8574],[-65.2595,-31.8658],[-65.2635,-31.8726],[-65.2619,-31.8764],[-65.2571,-31.8819],[-65.2526,-31.8846],[-65.2468,-31.8834],[-65.235,-31.8756],[-65.2309,-31.8697],[-65.2217,-31.8688],[-65.213,-31.8736],[-65.2066,-31.874],[-65.1981,-31.8773],[-65.1874,-31.8972],[-65.1825,-31.9007],[-65.1802,-31.9049],[-65.1751,-31.9081],[-65.1689,-31.9067],[-65.1626,-31.9066],[-65.1561,-31.918],[-65.1484,-31.919],[-65.1427,-31.9188],[-65.1347,-31.9166],[-65.1291,-31.9179],[-65.127,-31.9255],[-65.1307,-31.9281],[-65.1327,-31.9322],[-65.1334,-31.9384],[-65.127,-31.9422],[-65.1242,-31.9469],[-65.1057,-31.9519],[-65.0847,-31.952],[-65.079,-31.949],[-65.078,-31.9412],[-65.0651,-31.932],[-65.0605,-31.9261],[-65.0583,-31.9179],[-65.0442,-31.9171],[-65.031,-31.9158],[-65.0253,-31.9142],[-65.0178,-31.9091],[-65.013,-31.9083],[-65.0069,-31.9049],[-64.9978,-31.9034],[-64.997,-31.8918],[-64.9915,-31.891],[-64.9925,-31.8774],[-64.9885,-31.8766],[-64.9873,-31.8733],[-64.9985,-31.8668],[-65.004,-31.8558],[-65.008,-31.8615],[-65.0152,-31.8661],[-65.0175,-31.8699],[-65.0239,-31.8742],[-65.0275,-31.872],[-65.0306,-31.8673],[-65.0389,-31.867],[-65.0457,-31.8581],[-65.0462,-31.8546],[-65.0407,-31.8547],[-65.0359,-31.8475],[-65.0416,-31.8355],[-65.044,-31.8201],[-65.0505,-31.801],[-65.059,-31.7853],[-65.0401,-31.7839],[-65.0267,-31.788],[-65.024,-31.7793],[-65.0238,-31.7711],[-65.025,-31.7672],[-65.0314,-31.7649],[-65.0351,-31.7616],[-65.0319,-31.7589],[-65.0219,-31.7443],[-65.0179,-31.7334],[-65.012,-31.7297],[-65.0022,-31.7183],[-64.9961,-31.7031],[-64.9884,-31.701],[-64.978,-31.6957],[-64.981,-31.6847],[-64.9763,-31.6733],[-64.9754,-31.6624],[-64.968,-31.6477],[-64.9581,-31.6439],[-64.9537,-31.6632],[-64.9604,-31.6768],[-64.958,-31.6878],[-64.9639,-31.6957],[-64.9622,-31.7042],[-64.9678,-31.714],[-64.9647,-31.7304],[-64.943,-31.7378],[-64.9357,-31.7397],[-64.9337,-31.7484],[-64.9223,-31.7578],[-64.9112,-31.761],[-64.9111,-31.7546],[-64.9085,-31.7503],[-64.9126,-31.746],[-64.9124,-31.7381],[-64.9182,-31.7358],[-64.918,-31.723],[-64.9229,-31.7207],[-64.9228,-31.7143],[-64.9076,-31.7074],[-64.9126,-31.7044],[-64.9116,-31.6959],[-64.9248,-31.6885],[-64.9229,-31.6785],[-64.9236,-31.6735],[-64.9234,-31.6628],[-64.9284,-31.6627],[-64.9333,-31.6555],[-64.924,-31.6484],[-64.9238,-31.6384],[-64.9321,-31.6383],[-64.9362,-31.6354],[-64.9402,-31.6253],[-64.9444,-31.6252],[-64.9471,-31.6345],[-64.9472,-31.6402],[-64.9563,-31.6344],[-64.9612,-31.63],[-64.9704,-31.6298],[-64.9652,-31.6185],[-64.9601,-31.615],[-64.9558,-31.6086],[-64.965,-31.6092],[-64.9741,-31.6055],[-64.9612,-31.5892],[-64.9601,-31.5742],[-64.9605,-31.5577],[-64.9554,-31.5492],[-64.961,-31.5412],[-64.9641,-31.529],[-64.9682,-31.5332],[-64.977,-31.5439],[-64.9878,-31.5423],[-64.9911,-31.5379],[-64.9867,-31.5301],[-64.9908,-31.5243],[-64.9914,-31.5164],[-65.003,-31.5105],[-64.9979,-31.5049],[-64.9877,-31.5],[-64.9919,-31.4978],[-64.99,-31.4886],[-64.9958,-31.4842],[-64.9931,-31.4749],[-64.9921,-31.4678],[-65.0062,-31.4668],[-65.0112,-31.4646],[-64.9977,-31.4591],[-65.001,-31.4547],[-65.0016,-31.4461],[-65.0048,-31.4404],[-64.9974,-31.4419],[-64.995,-31.4463],[-64.9875,-31.4485],[-64.9874,-31.4442],[-64.9923,-31.4399],[-64.9871,-31.4285],[-64.9869,-31.4228],[-64.9811,-31.4214],[-64.9818,-31.4171],[-64.9883,-31.4063],[-64.9766,-31.4051],[-64.9755,-31.3929],[-64.972,-31.3879],[-64.9593,-31.3795],[-64.9643,-31.3752],[-64.9641,-31.3659],[-64.9581,-31.3624],[-64.9597,-31.3566],[-64.9646,-31.3523],[-64.9587,-31.3473],[-64.9602,-31.3409],[-64.9543,-31.3381],[-64.945,-31.3296],[-64.9357,-31.3262],[-64.9422,-31.319],[-64.9346,-31.3112],[-64.9344,-31.3048],[-64.9408,-31.2941],[-64.9491,-31.2874],[-64.9481,-31.2795],[-64.9338,-31.2733],[-64.9328,-31.2654],[-64.9375,-31.2517],[-64.9442,-31.2573],[-64.9549,-31.2357],[-64.9546,-31.2237],[-64.9676,-31.1782],[-64.9669,-31.1472],[-64.9553,-31.1294],[-64.9492,-31.095],[-64.9326,-31.0952],[-64.9247,-31.1168],[-64.9251,-31.1359],[-64.9145,-31.1599],[-64.9006,-31.1577],[-64.892,-31.1459],[-64.8889,-31.1269],[-64.882,-31.127],[-64.8826,-31.1161],[-64.8799,-31.1023],[-64.882,-31.0972],[-64.8827,-31.091],[-64.8752,-31.0811],[-64.8754,-31.0892],[-64.8779,-31.0927],[-64.8781,-31.0987],[-64.8759,-31.0995],[-64.8712,-31.0934],[-64.8704,-31.0895],[-64.8663,-31.0871],[-64.863,-31.083],[-64.8486,-31.0833],[-64.8472,-31.0867],[-64.842,-31.08],[-64.8451,-31.0717],[-64.8423,-31.066],[-64.8349,-31.0684],[-64.8298,-31.0646],[-64.8247,-31.0729],[-64.8194,-31.0748],[-64.8149,-31.0737],[-64.8252,-31.0588],[-64.8228,-31.0444],[-64.8135,-31.0411],[-64.8118,-31.0388],[-64.8065,-31.0378],[-64.8006,-31.0313],[-64.8109,-31.0261],[-64.8158,-31.0218],[-64.8178,-31.0174],[-64.826,-31.013],[-64.8267,-31.0075],[-64.8306,-31.0043],[-64.8255,-31.0022],[-64.8145,-31.0069],[-64.8109,-31.0039],[-64.8114,-30.9991],[-64.8083,-30.9945],[-64.8052,-30.9935],[-64.8084,-30.9891],[-64.8025,-30.9842],[-64.8051,-30.9782],[-64.8087,-30.9746],[-64.8058,-30.9703],[-64.8023,-30.9696],[-64.7998,-30.9764],[-64.8001,-30.9792],[-64.7952,-30.9927],[-64.791,-30.9903],[-64.7921,-30.9746],[-64.8033,-30.9675],[-64.8038,-30.9656],[-64.797,-30.9512],[-64.8045,-30.9434],[-64.8099,-30.9428],[-64.813,-30.9385],[-64.8092,-30.9356],[-64.8083,-30.928],[-64.8053,-30.9252],[-64.8109,-30.9238],[-64.8139,-30.9213],[-64.8147,-30.9148],[-64.8173,-30.9113],[-64.8175,-30.9052],[-64.8063,-30.9051],[-64.8094,-30.9022],[-64.8056,-30.8998],[-64.8036,-30.9034],[-64.8045,-30.9082],[-64.8024,-30.9121],[-64.7928,-30.9125],[-64.7929,-30.9095],[-64.7998,-30.9089],[-64.8008,-30.9011],[-64.7992,-30.8984],[-64.793,-30.9017],[-64.7912,-30.9044],[-64.7861,-30.9065],[-64.7854,-30.916],[-64.7818,-30.9156],[-64.7818,-30.909],[-64.7892,-30.9014],[-64.7867,-30.8985],[-64.781,-30.903],[-64.7802,-30.8953],[-64.7844,-30.8894],[-64.7876,-30.8905],[-64.7907,-30.8861],[-64.7877,-30.8834],[-64.782,-30.8876],[-64.7785,-30.8917],[-64.7728,-30.8898],[-64.7726,-30.8942],[-64.767,-30.8942],[-64.7675,-30.8907],[-64.7675,-30.8879],[-64.763,-30.8822],[-64.758,-30.8796],[-64.7539,-30.8745],[-64.7541,-30.8712],[-64.7655,-30.8698],[-64.7675,-30.8636],[-64.7655,-30.8596],[-64.7615,-30.8623],[-64.7577,-30.8609],[-64.7689,-30.8547],[-64.7724,-30.8495],[-64.7661,-30.851],[-64.7618,-30.8505],[-64.7617,-30.8481],[-64.7618,-30.8417],[-64.7591,-30.8385],[-64.758,-30.8329],[-64.753,-30.8337],[-64.7554,-30.8421],[-64.7538,-30.8443],[-64.7538,-30.8542],[-64.7473,-30.8523],[-64.7482,-30.8443],[-64.7438,-30.8415],[-64.7455,-30.8493],[-64.7448,-30.8553],[-64.7411,-30.8564],[-64.738,-30.8491],[-64.7399,-30.8457],[-64.7338,-30.8416],[-64.7331,-30.8482],[-64.737,-30.8524],[-64.7328,-30.854],[-64.7298,-30.846],[-64.727,-30.8496],[-64.7273,-30.8532],[-64.7248,-30.8571],[-64.73,-30.861],[-64.7385,-30.857],[-64.7396,-30.8639],[-64.7352,-30.8665],[-64.7328,-30.8624],[-64.7274,-30.8643],[-64.7256,-30.8677],[-64.7246,-30.8758],[-64.7176,-30.8765],[-64.7165,-30.8702],[-64.7113,-30.8673],[-64.7164,-30.8643],[-64.7172,-30.8585],[-64.7104,-30.8636],[-64.7107,-30.8701],[-64.7149,-30.8741],[-64.7096,-30.8781],[-64.7165,-30.8802],[-64.7191,-30.8782],[-64.7228,-30.8794],[-64.7204,-30.883],[-64.7198,-30.8873],[-64.7125,-30.893],[-64.7158,-30.8948],[-64.7191,-30.8934],[-64.7241,-30.8974],[-64.7345,-30.8928],[-64.7342,-30.8977],[-64.7383,-30.8977],[-64.739,-30.8938],[-64.7426,-30.8881],[-64.7462,-30.8871],[-64.7489,-30.8795],[-64.7532,-30.8863],[-64.7603,-30.8828],[-64.7592,-30.8898],[-64.7654,-30.8921],[-64.7585,-30.8975],[-64.7627,-30.9061],[-64.7604,-30.912],[-64.7633,-30.9133],[-64.7637,-30.9174],[-64.7683,-30.9197],[-64.7666,-30.9219],[-64.7617,-30.9189],[-64.755,-30.9198],[-64.7473,-30.9185],[-64.746,-30.9131],[-64.7402,-30.9146],[-64.7346,-30.9096],[-64.7304,-30.9153],[-64.7236,-30.9157],[-64.7254,-30.9199],[-64.7287,-30.9205],[-64.7307,-30.9253],[-64.7362,-30.9251],[-64.7345,-30.9217],[-64.7285,-30.9186],[-64.7297,-30.9168],[-64.7356,-30.917],[-64.7387,-30.9194],[-64.7431,-30.9166],[-64.7501,-30.9227],[-64.755,-30.9298],[-64.7561,-30.9232],[-64.7604,-30.9214],[-64.7635,-30.925],[-64.7775,-30.9232],[-64.7759,-30.9303],[-64.7817,-30.9306],[-64.7846,-30.9262],[-64.7857,-30.9218],[-64.7915,-30.9207],[-64.7939,-30.9238],[-64.7896,-30.9285],[-64.7908,-30.9357],[-64.7951,-30.9297],[-64.7973,-30.9339],[-64.793,-30.9399],[-64.7924,-30.9428],[-64.7886,-30.9462],[-64.7885,-30.9513],[-64.7857,-30.9542],[-64.7842,-30.9621],[-64.7843,-30.9682],[-64.7827,-30.9709],[-64.7777,-30.9743],[-64.7799,-30.9782],[-64.783,-30.9742],[-64.7882,-30.9753],[-64.7886,-30.9808],[-64.781,-30.9806],[-64.7817,-30.9912],[-64.7851,-30.9923],[-64.7837,-30.9966],[-64.7774,-30.9952],[-64.7768,-30.989],[-64.7626,-30.9909],[-64.7558,-30.9868],[-64.7608,-30.9802],[-64.7594,-30.9644],[-64.7615,-30.9618],[-64.7649,-30.9625],[-64.7648,-30.9666],[-64.7692,-30.9667],[-64.7709,-30.9625],[-64.7783,-30.965],[-64.7801,-30.9556],[-64.7731,-30.9611],[-64.7702,-30.9558],[-64.7734,-30.9506],[-64.7797,-30.9495],[-64.7799,-30.9409],[-64.7817,-30.9371],[-64.7722,-30.9361],[-64.7623,-30.9397],[-64.762,-30.9339],[-64.7592,-30.9344],[-64.7543,-30.939],[-64.753,-30.9438],[-64.7566,-30.9474],[-64.762,-30.9437],[-64.7621,-30.9498],[-64.756,-30.9514],[-64.7563,-30.9559],[-64.7512,-30.9584],[-64.748,-30.9537],[-64.7481,-30.944],[-64.7444,-30.935],[-64.7442,-30.9292],[-64.7418,-30.9287],[-64.7426,-30.9405],[-64.7454,-30.9435],[-64.7453,-30.9487],[-64.7401,-30.9494],[-64.7409,-30.9455],[-64.7383,-30.9418],[-64.7367,-30.9355],[-64.7331,-30.934],[-64.7243,-30.9352],[-64.7192,-30.9345],[-64.7016,-30.9374],[-64.7066,-30.9273],[-64.7022,-30.9246],[-64.6962,-30.9319],[-64.6909,-30.9344],[-64.6901,-30.9416],[-64.6879,-30.9452],[-64.6849,-30.9425],[-64.6797,-30.943],[-64.6793,-30.9481],[-64.6755,-30.9522],[-64.6784,-30.9571],[-64.6778,-30.9642],[-64.6748,-30.9646],[-64.6745,-30.9579],[-64.6727,-30.9531],[-64.6691,-30.9538],[-64.6663,-30.9576],[-64.6635,-30.9544],[-64.657,-30.9425],[-64.6552,-30.9309],[-64.658,-30.9292],[-64.6609,-30.9321],[-64.6637,-30.9309],[-64.6708,-30.9319],[-64.6719,-30.9342],[-64.6665,-30.9361],[-64.6679,-30.9408],[-64.6618,-30.9423],[-64.6648,-30.9467],[-64.671,-30.951],[-64.6752,-30.9476],[-64.6787,-30.9382],[-64.6747,-30.9344],[-64.6803,-30.9277],[-64.6748,-30.9214],[-64.6738,-30.9183],[-64.6649,-30.9143],[-64.6584,-30.9142],[-64.6565,-30.9104],[-64.6518,-30.9103],[-64.6595,-30.9012],[-64.6584,-30.8998],[-64.6519,-30.9031],[-64.6482,-30.9005],[-64.646,-30.894],[-64.6515,-30.8906],[-64.6509,-30.8837],[-64.649,-30.8766],[-64.6516,-30.8673],[-64.651,-30.8623],[-64.6531,-30.8549],[-64.6592,-30.8502],[-64.6635,-30.8503],[-64.6704,-30.8476],[-64.6756,-30.8475],[-64.679,-30.8443],[-64.6799,-30.8402],[-64.6788,-30.8321],[-64.6723,-30.8215],[-64.6713,-30.8172],[-64.6761,-30.8147],[-64.6803,-30.8162],[-64.6811,-30.8206],[-64.6928,-30.8225],[-64.6956,-30.8252],[-64.6931,-30.8328],[-64.689,-30.8348],[-64.6868,-30.8436],[-64.6792,-30.8468],[-64.6777,-30.8555],[-64.6698,-30.8575],[-64.6712,-30.8626],[-64.6776,-30.8688],[-64.6795,-30.8743],[-64.6904,-30.881],[-64.6904,-30.8755],[-64.6859,-30.8772],[-64.6859,-30.8726],[-64.6832,-30.869],[-64.6859,-30.867],[-64.6872,-30.8612],[-64.6965,-30.8606],[-64.7017,-30.8572],[-64.6959,-30.8497],[-64.7002,-30.8498],[-64.7016,-30.8466],[-64.7015,-30.8404],[-64.7066,-30.8399],[-64.7111,-30.8367],[-64.7104,-30.8318],[-64.7078,-30.8315],[-64.7076,-30.8267],[-64.6996,-30.8316],[-64.7,-30.824],[-64.6977,-30.8223],[-64.6977,-30.8194],[-64.7053,-30.815],[-64.7019,-30.8114],[-64.7083,-30.8015],[-64.7066,-30.7966],[-64.7031,-30.7933],[-64.6989,-30.7833],[-64.7113,-30.7808],[-64.7153,-30.7831],[-64.7136,-30.7874],[-64.7073,-30.7886],[-64.7144,-30.7923],[-64.7195,-30.7877],[-64.725,-30.7889],[-64.7322,-30.7809],[-64.7375,-30.7768],[-64.7399,-30.7793],[-64.733,-30.7916],[-64.7396,-30.7921],[-64.7392,-30.7854],[-64.7444,-30.7794],[-64.7478,-30.7839],[-64.761,-30.7703],[-64.7684,-30.7718],[-64.7695,-30.7663],[-64.7638,-30.7601],[-64.7681,-30.7583],[-64.7781,-30.7642],[-64.773,-30.7703],[-64.7726,-30.7797],[-64.7825,-30.7785],[-64.7846,-30.7846],[-64.7863,-30.7866],[-64.7798,-30.7865],[-64.7751,-30.7895],[-64.7834,-30.7906],[-64.7888,-30.7957],[-64.7887,-30.7901],[-64.7871,-30.7876],[-64.7905,-30.7916],[-64.7929,-30.7946],[-64.7943,-30.8033],[-64.8035,-30.8016],[-64.8033,-30.819],[-64.8108,-30.8224],[-64.813,-30.8169],[-64.8089,-30.8105],[-64.8104,-30.802],[-64.8097,-30.7941],[-64.815,-30.8],[-64.822,-30.8039],[-64.824,-30.8187],[-64.823,-30.8287],[-64.825,-30.8436],[-64.8307,-30.8395],[-64.8394,-30.8121],[-64.8524,-30.8029],[-64.868,-30.7896],[-64.8628,-30.7884],[-64.8583,-30.7856],[-64.8537,-30.777],[-64.8541,-30.7681],[-64.8643,-30.7696],[-64.874,-30.777],[-64.8807,-30.7777],[-64.8841,-30.7726],[-64.8489,-30.7558],[-64.83,-30.7487],[-64.8213,-30.7439],[-64.8213,-30.739],[-64.8235,-30.7305],[-64.827,-30.7303],[-64.8312,-30.7349],[-64.8461,-30.7345],[-64.8551,-30.7327],[-64.8562,-30.7295],[-64.8643,-30.7302],[-64.8731,-30.7287],[-64.8755,-30.7314],[-64.8812,-30.733],[-64.8861,-30.7266],[-64.8725,-30.7206],[-64.8716,-30.7157],[-64.8772,-30.7074],[-64.8817,-30.7069],[-64.8939,-30.7109],[-64.9006,-30.7151],[-64.9015,-30.7114],[-64.8936,-30.7067],[-64.891,-30.7074],[-64.8847,-30.7052],[-64.8756,-30.7007],[-64.8724,-30.6979],[-64.8721,-30.6925],[-64.858,-30.6857],[-64.8643,-30.6791],[-64.8688,-30.6772],[-64.8729,-30.6814],[-64.8723,-30.6859],[-64.8755,-30.6859],[-64.88,-30.6948],[-64.8873,-30.7025],[-64.891,-30.6982],[-64.8912,-30.693],[-64.8945,-30.6922],[-64.8978,-30.6952],[-64.8982,-30.6989],[-64.8956,-30.7008],[-64.9007,-30.7054],[-64.9052,-30.707],[-64.9131,-30.7124],[-64.9159,-30.706],[-64.9224,-30.7098],[-64.917,-30.7156],[-64.9214,-30.7193],[-64.9261,-30.7174],[-64.9233,-30.7146],[-64.9249,-30.7077],[-64.916,-30.7008],[-64.9075,-30.7031],[-64.9029,-30.7005],[-64.9064,-30.6979],[-64.9032,-30.6948],[-64.9021,-30.6906],[-64.9048,-30.6877],[-64.9026,-30.6845],[-64.8989,-30.6878],[-64.8934,-30.6864],[-64.8846,-30.686],[-64.8842,-30.6763],[-64.8959,-30.6725],[-64.9003,-30.67],[-64.9043,-30.668],[-64.9201,-30.6686],[-64.9203,-30.6658],[-64.9282,-30.6652],[-64.932,-30.6675],[-64.9321,-30.6582],[-64.9359,-30.6584],[-64.9386,-30.6539],[-64.9438,-30.6537],[-64.9466,-30.6514],[-64.9479,-30.6466],[-64.9518,-30.6498],[-64.956,-30.651],[-64.9599,-30.6488],[-64.9596,-30.6443],[-64.9648,-30.6464],[-64.9664,-30.6512],[-64.9716,-30.6508],[-64.9714,-30.6453],[-64.9653,-30.644],[-64.9594,-30.6396],[-64.9607,-30.6353],[-64.957,-30.6353],[-64.9566,-30.6259],[-64.9605,-30.6257],[-64.9659,-30.6163],[-64.9749,-30.6165],[-64.9774,-30.619],[-64.9816,-30.6164],[-64.9727,-30.6142],[-64.9715,-30.6059],[-64.9811,-30.6039],[-64.9909,-30.6108],[-65.0128,-30.6112],[-65.0131,-30.629],[-65.0218,-30.6315],[-65.0231,-30.6363],[-65.0125,-30.6413],[-65.0013,-30.6388],[-64.995,-30.6434],[-64.9969,-30.6511],[-65.0013,-30.6585],[-65.0069,-30.6588],[-65.007,-30.6454],[-65.0186,-30.6441],[-65.035,-30.6366],[-65.0336,-30.6439],[-65.0342,-30.6513],[-65.026,-30.6514],[-65.0266,-30.6588],[-65.0652,-30.6586],[-65.0717,-30.6604],[-65.0745,-30.6582],[-65.0755,-30.638],[-65.0753,-30.6295],[-65.0633,-30.6286],[-65.0623,-30.6004],[-65.0837,-30.6001],[-65.0842,-30.6049],[-65.1146,-30.6048],[-65.1173,-30.6274],[-65.1734,-30.6272],[-65.1789,-30.6423],[-65.1826,-30.6541],[-65.1845,-30.6637],[-65.1813,-30.6708],[-65.1871,-30.68],[-65.1881,-30.6747],[-65.1941,-30.6713],[-65.196,-30.6791],[-65.1922,-30.6814],[-65.1929,-30.6917],[-65.2118,-30.6936],[-65.2208,-30.6927],[-65.2158,-30.6976],[-65.2016,-30.6971],[-65.1943,-30.695],[-65.188,-30.7022],[-65.1823,-30.696],[-65.1837,-30.689],[-65.1753,-30.6894],[-65.1772,-30.6987],[-65.1817,-30.7071],[-65.1811,-30.7201],[-65.1721,-30.721],[-65.1515,-30.7191],[-65.1493,-30.7362],[-65.1499,-30.7666],[-65.1684,-30.7655],[-65.1715,-30.7711],[-65.1588,-30.7853],[-65.1499,-30.7885],[-65.1142,-30.8054],[-65.1098,-30.8035],[-65.099,-30.8035],[-65.0958,-30.8071],[-65.095,-30.8111],[-65.0922,-30.8133],[-65.0803,-30.813],[-65.0879,-30.8048],[-65.0801,-30.8042],[-65.0803,-30.8021],[-65.0863,-30.8018],[-65.0884,-30.7969],[-65.0878,-30.7921],[-65.09,-30.7913],[-65.0889,-30.786],[-65.078,-30.7859],[-65.076,-30.7829],[-65.0775,-30.7794],[-65.0826,-30.7787],[-65.0917,-30.7795],[-65.0916,-30.7649],[-65.0879,-30.7632],[-65.0842,-30.7639],[-65.0841,-30.7699],[-65.0825,-30.7734],[-65.0785,-30.7724],[-65.066,-30.7743],[-65.0678,-30.7682],[-65.0639,-30.7668],[-65.0619,-30.7637],[-65.0578,-30.7632],[-65.0598,-30.7695],[-65.0577,-30.7791],[-65.0576,-30.7879],[-65.0496,-30.7962],[-65.0498,-30.7981],[-65.0443,-30.8019],[-65.0433,-30.8059],[-65.04,-30.8061],[-65.0405,-30.8166],[-65.0353,-30.8204],[-65.026,-30.8204],[-65.0199,-30.8285],[-65.0183,-30.834],[-65.0102,-30.8422],[-65.0039,-30.8436],[-64.994,-30.8445],[-64.9864,-30.847],[-64.9824,-30.8523],[-64.9825,-30.8553],[-64.9747,-30.8588],[-64.9748,-30.8622],[-64.9723,-30.8654],[-64.9662,-30.8657],[-64.9643,-30.8627],[-64.9608,-30.8659],[-64.9532,-30.8675],[-64.9527,-30.8633],[-64.9488,-30.8613],[-64.9489,-30.8671],[-64.9441,-30.8709],[-64.9513,-30.8711],[-64.9547,-30.8745],[-64.9602,-30.8701],[-64.9687,-30.8697],[-64.9715,-30.8675],[-64.9775,-30.8666],[-64.987,-30.862],[-64.9957,-30.8671],[-65.0053,-30.8684],[-65.0068,-30.8655],[-65.0111,-30.8648],[-65.0152,-30.8623],[-65.0185,-30.8645],[-65.0235,-30.8644],[-65.0275,-30.8692],[-65.0338,-30.8691],[-65.0365,-30.8743],[-65.043,-30.8759],[-65.0394,-30.8666],[-65.0346,-30.867],[-65.0338,-30.8628],[-65.0204,-30.862],[-65.0232,-30.8547],[-65.0325,-30.8515],[-65.035,-30.8549],[-65.0422,-30.8559],[-65.0435,-30.848],[-65.059,-30.8397],[-65.0588,-30.8294],[-65.0614,-30.8243],[-65.0613,-30.8215],[-65.0555,-30.8216],[-65.0557,-30.8178],[-65.0689,-30.8088],[-65.0727,-30.8045],[-65.0768,-30.8043],[-65.076,-30.8145],[-65.073,-30.8155],[-65.0725,-30.8225],[-65.0768,-30.8226],[-65.0835,-30.8206],[-65.086,-30.825],[-65.0986,-30.8192],[-65.1024,-30.8209],[-65.1067,-30.8202],[-65.1068,-30.8273],[-65.1106,-30.8288],[-65.1183,-30.8255],[-65.1156,-30.8229],[-65.1156,-30.8115],[-65.1627,-30.7892],[-65.1651,-30.7914],[-65.1801,-30.7943],[-65.1829,-30.7964],[-65.1833,-30.8135],[-65.182,-30.817],[-65.1899,-30.817],[-65.1913,-30.8158],[-65.191,-30.8054],[-65.1989,-30.8054],[-65.2002,-30.8007],[-65.2042,-30.8006],[-65.2041,-30.7939],[-65.192,-30.7895],[-65.1895,-30.794],[-65.1855,-30.794],[-65.1842,-30.7908],[-65.1867,-30.785],[-65.1946,-30.7848],[-65.1986,-30.787],[-65.2066,-30.7869],[-65.2054,-30.796],[-65.2134,-30.7959],[-65.2176,-30.7982],[-65.216,-30.7914],[-65.2108,-30.7902],[-65.2091,-30.7788],[-65.205,-30.7755],[-65.2114,-30.7697],[-65.2155,-30.7655],[-65.2281,-30.7547],[-65.2297,-30.7573],[-65.236,-30.7578],[-65.2423,-30.7492],[-65.2511,-30.7439],[-65.264,-30.7442],[-65.2633,-30.741],[-65.2714,-30.739],[-65.2723,-30.7365],[-65.2598,-30.7253],[-65.2682,-30.7171],[-65.2811,-30.7092],[-65.2801,-30.7057],[-65.2753,-30.7047],[-65.2702,-30.699],[-65.2681,-30.7061],[-65.2651,-30.7119],[-65.2542,-30.7151],[-65.2509,-30.7203],[-65.2538,-30.723],[-65.2456,-30.7245],[-65.2476,-30.7296],[-65.2455,-30.734],[-65.2462,-30.738],[-65.2444,-30.7411],[-65.2384,-30.7382],[-65.2382,-30.7319],[-65.2336,-30.7336],[-65.2272,-30.7424],[-65.221,-30.7488],[-65.2078,-30.7604],[-65.2118,-30.7511],[-65.2118,-30.7415],[-65.2084,-30.7304],[-65.2215,-30.7224],[-65.2244,-30.7171],[-65.2235,-30.7073],[-65.2202,-30.7042],[-65.2197,-30.6961],[-65.229,-30.6937],[-65.2335,-30.6833],[-65.2272,-30.6741],[-65.2286,-30.66],[-65.2306,-30.6536],[-65.2345,-30.6539],[-65.2385,-30.6428],[-65.2369,-30.6377],[-65.2423,-30.6371],[-65.2441,-30.6256],[-65.2292,-30.6281],[-65.2321,-30.624],[-65.2309,-30.5891],[-65.209,-30.5888],[-65.2108,-30.5554],[-65.1765,-30.5552],[-65.1776,-30.5856],[-65.1742,-30.586],[-65.1735,-30.5734],[-65.1658,-30.5733],[-65.1671,-30.5816],[-65.1633,-30.5797],[-65.1591,-30.5805],[-65.1579,-30.5732],[-65.1015,-30.5731],[-65.0844,-30.5734],[-65.0835,-30.5697],[-65.1137,-30.5663],[-65.1154,-30.561],[-65.1132,-30.5562],[-65.1067,-30.5556],[-65.0989,-30.5494],[-65.0882,-30.5522],[-65.0823,-30.5556],[-65.0755,-30.5572],[-65.0762,-30.5524],[-65.0658,-30.5437],[-65.0607,-30.5478],[-65.0517,-30.5461],[-65.0435,-30.5429],[-65.0309,-30.5353],[-65.0279,-30.5372],[-65.0315,-30.5438],[-65.026,-30.5476],[-65.0212,-30.5447],[-65.0148,-30.5426],[-65.0089,-30.5509],[-65.0001,-30.5569],[-64.9993,-30.5625],[-64.9916,-30.5634],[-64.9892,-30.5704],[-64.979,-30.5724],[-64.9723,-30.5833],[-64.9776,-30.5891],[-64.9755,-30.5929],[-64.9691,-30.5915],[-64.9626,-30.6091],[-64.9603,-30.6126],[-64.9456,-30.6225],[-64.939,-30.6173],[-64.934,-30.6205],[-64.9293,-30.6209],[-64.9281,-30.6241],[-64.9193,-30.6301],[-64.9172,-30.6338],[-64.9173,-30.6391],[-64.9197,-30.6427],[-64.9145,-30.6437],[-64.9111,-30.6415],[-64.9056,-30.642],[-64.8966,-30.6488],[-64.8991,-30.6564],[-64.894,-30.6578],[-64.8914,-30.6623],[-64.8885,-30.6623],[-64.8869,-30.6568],[-64.8819,-30.6571],[-64.8777,-30.6594],[-64.878,-30.6617],[-64.8699,-30.6636],[-64.8701,-30.6572],[-64.882,-30.6532],[-64.8817,-30.6477],[-64.886,-30.6455],[-64.8861,-30.6505],[-64.8927,-30.6469],[-64.8934,-30.637],[-64.897,-30.6322],[-64.9057,-30.6333],[-64.8945,-30.6274],[-64.9098,-30.6172],[-64.9142,-30.6191],[-64.914,-30.6065],[-64.9192,-30.6052],[-64.9225,-30.6113],[-64.9273,-30.6127],[-64.9376,-30.6123],[-64.9335,-30.6037],[-64.9294,-30.6039],[-64.9268,-30.601],[-64.9305,-30.594],[-64.9393,-30.5912],[-64.9339,-30.5855],[-64.9377,-30.5805],[-64.951,-30.5815],[-64.9506,-30.5866],[-64.9556,-30.5901],[-64.958,-30.5804],[-64.9656,-30.5809],[-64.9677,-30.5726],[-64.9729,-30.5723],[-64.9595,-30.5618],[-64.9754,-30.5421],[-64.9916,-30.556],[-64.9941,-30.5506],[-64.987,-30.545],[-64.9982,-30.5333],[-64.9928,-30.5269],[-64.9896,-30.5196],[-65.0088,-30.4952],[-65.0131,-30.5005],[-65.0211,-30.5054],[-65.0253,-30.5035],[-65.027,-30.4921],[-65.0168,-30.4849],[-65.0299,-30.4683],[-65.0263,-30.46],[-65.0335,-30.4467],[-65.0226,-30.4469],[-65.0169,-30.4386],[-65.0353,-30.4301],[-65.045,-30.431],[-65.0449,-30.4257],[-65.0022,-30.4257],[-65.003,-30.4329],[-65.0086,-30.437],[-65.0067,-30.443],[-65.0006,-30.4472],[-65.0109,-30.4501],[-65.0105,-30.462],[-65.0009,-30.4622],[-65.0005,-30.4777],[-64.9771,-30.4792],[-64.9801,-30.4768],[-64.9747,-30.4602],[-64.9692,-30.4614],[-64.9654,-30.4776],[-64.9594,-30.4192],[-64.9318,-30.4191],[-64.9143,-30.436],[-64.8978,-30.438],[-64.8967,-30.419],[-64.8858,-30.4221],[-64.8623,-30.4177],[-64.8643,-30.409],[-64.8652,-30.3878],[-64.8642,-30.3697],[-64.8695,-30.3661],[-64.8694,-30.3637],[-64.8776,-30.3634],[-64.877,-30.3452],[-64.8663,-30.3456],[-64.8655,-30.3589],[-64.8575,-30.3583],[-64.8386,-30.3585],[-64.8371,-30.3566],[-64.8207,-30.3622],[-64.8111,-30.3677],[-64.8114,-30.3844],[-64.7964,-30.3876],[-64.7888,-30.3859],[-64.7869,-30.3955],[-64.8044,-30.3975],[-64.8038,-30.4161],[-64.7969,-30.4192],[-64.7987,-30.4377],[-64.7878,-30.4456],[-64.7768,-30.4469],[-64.7743,-30.4613],[-64.7887,-30.4551],[-64.7936,-30.4545],[-64.7929,-30.4616],[-64.7827,-30.4689],[-64.7856,-30.4754],[-64.7932,-30.4789],[-64.8084,-30.4829],[-64.8051,-30.4865],[-64.7921,-30.4914],[-64.7832,-30.4981],[-64.7822,-30.5154],[-64.7953,-30.5182],[-64.7989,-30.5216],[-64.7967,-30.525],[-64.7923,-30.5245],[-64.7885,-30.5294],[-64.7897,-30.532],[-64.8,-30.5368],[-64.7998,-30.5419],[-64.7966,-30.546],[-64.8016,-30.5518],[-64.8027,-30.5561],[-64.7837,-30.5596],[-64.7797,-30.5703],[-64.7806,-30.5805],[-64.7951,-30.5803],[-64.7954,-30.5994],[-64.8271,-30.5989],[-64.8317,-30.6004],[-64.8396,-30.601],[-64.8415,-30.6052],[-64.8366,-30.6061],[-64.8403,-30.6133],[-64.8483,-30.6162],[-64.8508,-30.6078],[-64.8551,-30.605],[-64.8585,-30.597],[-64.8618,-30.595],[-64.8657,-30.5991],[-64.9006,-30.5998],[-64.8915,-30.6125],[-64.8848,-30.6065],[-64.8755,-30.6044],[-64.8791,-30.61],[-64.8806,-30.6177],[-64.8829,-30.6218],[-64.8705,-30.6209],[-64.876,-30.63],[-64.8428,-30.6304],[-64.8421,-30.6389],[-64.8479,-30.6437],[-64.849,-30.6506],[-64.8198,-30.6742],[-64.8116,-30.6734],[-64.8099,-30.6703],[-64.8093,-30.6638],[-64.8064,-30.6624],[-64.8067,-30.6748],[-64.8015,-30.6763],[-64.7999,-30.6799],[-64.8046,-30.6819],[-64.8044,-30.6853],[-64.7997,-30.6917],[-64.794,-30.6963],[-64.8001,-30.701],[-64.8069,-30.6938],[-64.8465,-30.6615],[-64.8546,-30.6664],[-64.8558,-30.6744],[-64.8516,-30.677],[-64.8522,-30.6813],[-64.8439,-30.6878],[-64.8433,-30.6986],[-64.8399,-30.6932],[-64.8348,-30.7002],[-64.828,-30.7052],[-64.8197,-30.7084],[-64.814,-30.7073],[-64.8062,-30.7078],[-64.7984,-30.7112],[-64.7933,-30.7176],[-64.7903,-30.7195],[-64.7899,-30.7244],[-64.781,-30.7299],[-64.7726,-30.7241],[-64.7384,-30.7122],[-64.7355,-30.7101],[-64.7043,-30.7022],[-64.7039,-30.7017],[-64.6992,-30.7018],[-64.6721,-30.6936],[-64.6599,-30.6925],[-64.6598,-30.6965],[-64.6736,-30.6998],[-64.6736,-30.711],[-64.6724,-30.713],[-64.6808,-30.7207],[-64.6816,-30.7252],[-64.6755,-30.7308],[-64.665,-30.7237],[-64.6755,-30.7308],[-64.6705,-30.7338],[-64.6593,-30.7372],[-64.6576,-30.7455],[-64.6535,-30.7418],[-64.6449,-30.7422],[-64.6375,-30.7642],[-64.6352,-30.7744],[-64.6331,-30.78],[-64.6337,-30.7834],[-64.639,-30.787],[-64.6548,-30.7859],[-64.6576,-30.7848],[-64.662,-30.7792],[-64.6684,-30.7746],[-64.6726,-30.7703],[-64.6659,-30.776],[-64.6624,-30.7758],[-64.6512,-30.7704],[-64.6506,-30.7642],[-64.648,-30.7624],[-64.6471,-30.7567],[-64.6531,-30.7558],[-64.6545,-30.7535],[-64.6529,-30.7476],[-64.6589,-30.7498],[-64.6617,-30.7444],[-64.6701,-30.7359],[-64.6774,-30.7356],[-64.6781,-30.7489],[-64.6833,-30.7456],[-64.6936,-30.7454],[-64.6955,-30.7485],[-64.6966,-30.7581],[-64.695,-30.763],[-64.6886,-30.7633],[-64.6866,-30.7689],[-64.6827,-30.7749],[-64.6688,-30.7898],[-64.6685,-30.7964],[-64.6709,-30.7991],[-64.6669,-30.802],[-64.6629,-30.8014],[-64.6508,-30.8063],[-64.6484,-30.8098],[-64.6515,-30.8174],[-64.6624,-30.8259],[-64.6639,-30.8409],[-64.6552,-30.8431],[-64.6431,-30.8569],[-64.6374,-30.8706],[-64.6393,-30.8806],[-64.6344,-30.8939],[-64.6401,-30.9007],[-64.6394,-30.9062],[-64.6411,-30.9103],[-64.6391,-30.9141],[-64.6419,-30.9262],[-64.6394,-30.9263],[-64.6385,-30.9389],[-64.6435,-30.9392],[-64.6448,-30.9503],[-64.6393,-30.9511],[-64.636,-30.954],[-64.6373,-30.968],[-64.6285,-30.9708],[-64.6386,-30.9738],[-64.6385,-30.9697],[-64.6418,-30.9673],[-64.6403,-30.9642],[-64.6475,-30.9639],[-64.6466,-30.9572],[-64.6517,-30.9568],[-64.6533,-30.9626],[-64.6517,-30.9681],[-64.6465,-30.973],[-64.6475,-30.9794],[-64.6506,-30.9803],[-64.658,-30.9676],[-64.6599,-30.9732],[-64.6564,-30.9761],[-64.6572,-30.979],[-64.6644,-30.9815],[-64.6685,-30.9937],[-64.665,-30.9959],[-64.67,-30.9994],[-64.675,-30.9981],[-64.6761,-31.001],[-64.6728,-31.0029],[-64.6656,-31.0028],[-64.6631,-30.9975],[-64.659,-31.0057],[-64.654,-31.0048],[-64.6506,-30.9996],[-64.6486,-31.008],[-64.6398,-31.0138],[-64.6376,-31.0182],[-64.6378,-31.026],[-64.6401,-31.0293],[-64.6449,-31.0328],[-64.6452,-31.0362],[-64.6429,-31.0431],[-64.6431,-31.0472],[-64.6462,-31.05],[-64.6353,-31.0597],[-64.633,-31.0631],[-64.633,-31.0676],[-64.6308,-31.0695],[-64.6216,-31.084],[-64.6282,-31.0798],[-64.6292,-31.0768],[-64.636,-31.0715],[-64.638,-31.062],[-64.6427,-31.0585],[-64.6426,-31.0663],[-64.6437,-31.0679],[-64.655,-31.0566],[-64.6516,-31.0648],[-64.6546,-31.0655],[-64.658,-31.0616],[-64.6604,-31.0636],[-64.6571,-31.071],[-64.6521,-31.0738],[-64.6505,-31.077],[-64.6466,-31.0789],[-64.6448,-31.0828],[-64.644,-31.0889],[-64.6481,-31.0922],[-64.6524,-31.0912],[-64.6615,-31.0812],[-64.6713,-31.0786],[-64.6724,-31.0953],[-64.6693,-31.099],[-64.6581,-31.1019],[-64.6492,-31.1009],[-64.6464,-31.1037],[-64.651,-31.1066],[-64.654,-31.1063],[-64.6659,-31.1023],[-64.6702,-31.105],[-64.67,-31.1098],[-64.6721,-31.1143],[-64.6724,-31.1265],[-64.676,-31.131],[-64.6769,-31.1409],[-64.6808,-31.1456],[-64.6782,-31.1491],[-64.6709,-31.1451],[-64.6663,-31.1415],[-64.6672,-31.132],[-64.6632,-31.1305],[-64.6655,-31.1273],[-64.6583,-31.1239],[-64.6528,-31.123],[-64.6506,-31.1281],[-64.6525,-31.1324],[-64.65,-31.1396],[-64.6458,-31.1417],[-64.6465,-31.1358],[-64.6439,-31.1248],[-64.6437,-31.1154],[-64.6435,-31.1089],[-64.6339,-31.1194],[-64.6333,-31.1144],[-64.6357,-31.1116],[-64.6332,-31.1083],[-64.6261,-31.1138],[-64.6249,-31.1069],[-64.6227,-31.1005],[-64.6186,-31.0935],[-64.6142,-31.0894],[-64.6168,-31.0822],[-64.613,-31.0808],[-64.6066,-31.0828],[-64.5996,-31.0869],[-64.5992,-31.0948],[-64.5946,-31.1209],[-64.5971,-31.1275],[-64.5926,-31.1278],[-64.5903,-31.1166],[-64.5916,-31.1104],[-64.5896,-31.106],[-64.5909,-31.1043],[-64.5931,-31.0963],[-64.5893,-31.0885],[-64.5896,-31.0848],[-64.5829,-31.0837],[-64.5869,-31.0792],[-64.5854,-31.0756],[-64.5893,-31.0746],[-64.5886,-31.0693],[-64.5924,-31.065],[-64.5936,-31.0497],[-64.5883,-31.0476],[-64.5871,-31.0436],[-64.5796,-31.0411],[-64.5812,-31.0375],[-64.5872,-31.0341],[-64.5888,-31.0281],[-64.5859,-31.0227],[-64.5817,-31.0339],[-64.5786,-31.0301],[-64.5738,-31.0285],[-64.5798,-31.0241],[-64.5784,-31.0177],[-64.5819,-31.0167],[-64.5832,-31.0107],[-64.5768,-31.0069],[-64.5712,-31.0054],[-64.5712,-31.0018],[-64.5753,-30.9972],[-64.5866,-30.9952],[-64.5871,-30.9906],[-64.5815,-30.9907],[-64.5716,-30.9951],[-64.5655,-30.9969],[-64.5608,-30.9915],[-64.5541,-30.9886],[-64.559,-30.986],[-64.5508,-30.977],[-64.5494,-30.9737],[-64.5537,-30.9686],[-64.5584,-30.9662],[-64.5608,-30.9611],[-64.5636,-30.9592],[-64.5632,-30.952],[-64.5672,-30.9479],[-64.5595,-30.9459],[-64.557,-30.95],[-64.5573,-30.9569],[-64.5547,-30.959],[-64.5497,-30.9596],[-64.55,-30.9622],[-64.5549,-30.9639],[-64.5512,-30.9672],[-64.5491,-30.9718],[-64.5433,-30.974],[-64.5412,-30.9807],[-64.5427,-30.986],[-64.5397,-30.9891],[-64.5341,-30.9891],[-64.5288,-30.9856],[-64.5326,-30.9817],[-64.5349,-30.9862],[-64.5385,-30.9826],[-64.5395,-30.9766],[-64.538,-30.969],[-64.5415,-30.9661],[-64.542,-30.9611],[-64.5441,-30.9561],[-64.5474,-30.9541],[-64.5482,-30.9493],[-64.5528,-30.9474],[-64.5524,-30.9442],[-64.5443,-30.9492],[-64.5423,-30.9541],[-64.5315,-30.9612],[-64.5276,-30.9598],[-64.5247,-30.9527],[-64.526,-30.9477],[-64.5335,-30.95],[-64.5348,-30.9469],[-64.5248,-30.9413],[-64.5233,-30.9379],[-64.5274,-30.9291],[-64.5361,-30.9249],[-64.5398,-30.927],[-64.5417,-30.9367],[-64.535,-30.9397],[-64.5345,-30.9423],[-64.5403,-30.9428],[-64.5449,-30.9375],[-64.5437,-30.9298],[-64.5481,-30.9276],[-64.5556,-30.928],[-64.556,-30.9201],[-64.5606,-30.9139],[-64.5582,-30.9053],[-64.562,-30.8972],[-64.5681,-30.8992],[-64.5744,-30.8932],[-64.5716,-30.8899],[-64.5713,-30.8861],[-64.563,-30.8883],[-64.5547,-30.8859],[-64.5596,-30.8819],[-64.5663,-30.8836],[-64.5752,-30.8728],[-64.576,-30.8685],[-64.5586,-30.8687],[-64.556,-30.8662],[-64.5675,-30.8571],[-64.5674,-30.8525],[-64.5694,-30.846],[-64.5672,-30.8371],[-64.569,-30.8245],[-64.5656,-30.8171],[-64.5655,-30.8117],[-64.5604,-30.8057],[-64.5521,-30.8025],[-64.5462,-30.7976],[-64.54,-30.7959],[-64.5344,-30.7834],[-64.5354,-30.7778],[-64.5351,-30.7699],[-64.5425,-30.7614],[-64.5456,-30.7548],[-64.5526,-30.75],[-64.5518,-30.7448],[-64.5542,-30.7404],[-64.5522,-30.7392],[-64.5389,-30.7393],[-64.5332,-30.7405],[-64.5336,-30.7363],[-64.5385,-30.7317],[-64.5481,-30.7256],[-64.5428,-30.7243],[-64.5419,-30.7212],[-64.5483,-30.7187],[-64.5482,-30.7161],[-64.5421,-30.7142],[-64.5352,-30.7141],[-64.5313,-30.7096],[-64.5323,-30.7065],[-64.5251,-30.7035],[-64.5206,-30.7002],[-64.5199,-30.6918],[-64.5254,-30.6882],[-64.5248,-30.6837],[-64.5184,-30.684],[-64.5144,-30.6883],[-64.5027,-30.6956],[-64.4982,-30.694],[-64.4973,-30.6914],[-64.4964,-30.6878],[-64.4986,-30.6854],[-64.4961,-30.6828],[-64.4989,-30.6766],[-64.497,-30.6724],[-64.4897,-30.6689],[-64.4822,-30.6682],[-64.4821,-30.663],[-64.4963,-30.6628],[-64.4974,-30.6605],[-64.4962,-30.655],[-64.497,-30.6488],[-64.4934,-30.6495],[-64.4918,-30.6457],[-64.4963,-30.6436],[-64.498,-30.6396],[-64.4855,-30.6447],[-64.4782,-30.6435],[-64.4779,-30.6409],[-64.4848,-30.639],[-64.4862,-30.6346],[-64.4796,-30.6359],[-64.476,-30.6399],[-64.4731,-30.6454],[-64.4792,-30.65],[-64.475,-30.6527],[-64.4696,-30.6527],[-64.4631,-30.6574],[-64.4591,-30.6554],[-64.4605,-30.6481],[-64.4622,-30.6421],[-64.4679,-30.6395],[-64.4698,-30.6318],[-64.4653,-30.6291],[-64.4655,-30.6218],[-64.4681,-30.6166],[-64.4609,-30.6144],[-64.4587,-30.6101],[-64.4524,-30.6086],[-64.453,-30.6049],[-64.4438,-30.5986],[-64.4431,-30.5939],[-64.4473,-30.5939],[-64.4439,-30.5845],[-64.4432,-30.5793],[-64.4522,-30.5769],[-64.453,-30.5711],[-64.456,-30.568],[-64.4529,-30.5654],[-64.4494,-30.5694],[-64.4497,-30.5722],[-64.4456,-30.5759],[-64.44,-30.5759],[-64.4375,-30.5712],[-64.434,-30.5685],[-64.4357,-30.5643],[-64.4315,-30.561],[-64.4335,-30.5544],[-64.4266,-30.5539],[-64.4325,-30.5511],[-64.4392,-30.5466],[-64.4445,-30.5456],[-64.4516,-30.5416],[-64.4512,-30.5373],[-64.448,-30.5323],[-64.4508,-30.5271],[-64.4424,-30.5251],[-64.4402,-30.523],[-64.441,-30.5192],[-64.4372,-30.5036],[-64.4379,-30.4997],[-64.4417,-30.493],[-64.4393,-30.4904],[-64.4402,-30.4834],[-64.4437,-30.4781],[-64.4421,-30.4618],[-64.4486,-30.4566],[-64.4489,-30.4511],[-64.451,-30.4438],[-64.4469,-30.4422],[-64.4462,-30.4388],[-64.4403,-30.4351],[-64.4332,-30.4366],[-64.4337,-30.4475],[-64.4263,-30.4517],[-64.4153,-30.4513],[-64.4118,-30.4477],[-64.4061,-30.4455],[-64.3981,-30.4449],[-64.3961,-30.4427],[-64.3896,-30.4414],[-64.3913,-30.4469],[-64.3891,-30.4551],[-64.3837,-30.4537],[-64.3771,-30.4498],[-64.3762,-30.4414],[-64.3764,-30.4341],[-64.4026,-30.4427],[-64.402,-30.4169],[-64.4079,-30.4142],[-64.4278,-30.4074],[-64.429,-30.3958],[-64.4288,-30.3828],[-64.4296,-30.3758],[-64.4322,-30.3704],[-64.4295,-30.3662],[-64.4255,-30.3674],[-64.4256,-30.3732],[-64.422,-30.3755],[-64.4039,-30.3769],[-64.4034,-30.3732],[-64.3963,-30.375],[-64.3982,-30.3643],[-64.4054,-30.3611],[-64.4038,-30.358],[-64.4,-30.3584],[-64.4004,-30.3515],[-64.3939,-30.3541],[-64.3912,-30.3452],[-64.3865,-30.3446],[-64.377,-30.3453],[-64.3738,-30.3426],[-64.3721,-30.3316],[-64.3828,-30.3304],[-64.3821,-30.3277],[-64.3836,-30.3219],[-64.3763,-30.3212],[-64.3682,-30.324],[-64.36,-30.3252],[-64.3552,-30.3225],[-64.3553,-30.3186],[-64.3649,-30.3158],[-64.3797,-30.3162],[-64.3781,-30.31],[-64.3705,-30.3114],[-64.3711,-30.3056],[-64.3801,-30.297],[-64.3858,-30.297],[-64.3819,-30.2881],[-64.3784,-30.2875],[-64.3849,-30.2795],[-64.3795,-30.2795],[-64.374,-30.2676],[-64.3832,-30.2672],[-64.3832,-30.2713],[-64.3861,-30.2743],[-64.3886,-30.2709],[-64.3961,-30.2698],[-64.398,-30.2678],[-64.396,-30.2621],[-64.3937,-30.2602],[-64.3881,-30.2619],[-64.3833,-30.2571],[-64.3783,-30.2552],[-64.3756,-30.2522],[-64.3775,-30.2475],[-64.3751,-30.2455],[-64.3784,-30.2417],[-64.3845,-30.2466],[-64.3866,-30.243],[-64.3843,-30.2392],[-64.3796,-30.2401],[-64.3718,-30.237],[-64.3748,-30.2338],[-64.3788,-30.2228],[-64.3759,-30.2201],[-64.3664,-30.2197],[-64.3592,-30.2211],[-64.3568,-30.231],[-64.3527,-30.2341],[-64.3509,-30.2407],[-64.3479,-30.247],[-64.344,-30.2443],[-64.3412,-30.2471],[-64.3482,-30.2505],[-64.3416,-30.2534],[-64.3401,-30.2591],[-64.3437,-30.2637],[-64.3435,-30.2722],[-64.3413,-30.2766],[-64.3375,-30.272],[-64.3322,-30.2748],[-64.3277,-30.2756],[-64.3284,-30.2792],[-64.3319,-30.2803],[-64.3448,-30.2804],[-64.3424,-30.2846],[-64.3428,-30.2903],[-64.3488,-30.2897],[-64.351,-30.293],[-64.3442,-30.2993],[-64.3398,-30.3002],[-64.3395,-30.3054],[-64.3358,-30.3107],[-64.3354,-30.3154],[-64.3298,-30.3137],[-64.3277,-30.3181],[-64.3243,-30.3212],[-64.3309,-30.3219],[-64.3373,-30.326],[-64.3316,-30.3307],[-64.3267,-30.3376],[-64.3312,-30.343],[-64.3356,-30.3463],[-64.3318,-30.3386],[-64.3329,-30.3336],[-64.3376,-30.329],[-64.3496,-30.3275],[-64.3579,-30.3375],[-64.3516,-30.3387],[-64.3545,-30.3417],[-64.3536,-30.3444],[-64.3476,-30.3437],[-64.3461,-30.3472],[-64.3527,-30.3491],[-64.3528,-30.3467],[-64.3596,-30.3457],[-64.3594,-30.3501],[-64.3626,-30.3536],[-64.3683,-30.3539],[-64.3725,-30.3618],[-64.3754,-30.3636],[-64.3388,-30.3634],[-64.3386,-30.3611],[-64.3319,-30.3612],[-64.3291,-30.358],[-64.3212,-30.3563],[-64.3199,-30.3499],[-64.3145,-30.3519],[-64.303,-30.3527],[-64.3052,-30.3595],[-64.3029,-30.3612],[-64.2873,-30.3617],[-64.2868,-30.3637],[-64.2776,-30.3673],[-64.2706,-30.3655],[-64.269,-30.3686],[-64.2724,-30.3715],[-64.2721,-30.3765],[-64.2793,-30.3784],[-64.2816,-30.3849],[-64.2856,-30.3822],[-64.2933,-30.382],[-64.2958,-30.3844],[-64.3001,-30.3849],[-64.3033,-30.3899],[-64.3076,-30.3934],[-64.3114,-30.3944],[-64.3131,-30.4032],[-64.309,-30.4153],[-64.302,-30.4168],[-64.2989,-30.4187],[-64.2987,-30.4229],[-64.306,-30.4242],[-64.3164,-30.4297],[-64.3174,-30.4373],[-64.3138,-30.439],[-64.3153,-30.4426],[-64.3046,-30.443],[-64.293,-30.4441],[-64.2849,-30.4531],[-64.2776,-30.4534],[-64.2727,-30.4506],[-64.2752,-30.4476],[-64.2757,-30.4436],[-64.2716,-30.438],[-64.2743,-30.4358],[-64.269,-30.4304],[-64.2616,-30.4268],[-64.2676,-30.422],[-64.2605,-30.4166],[-64.2557,-30.4162],[-64.2511,-30.4088],[-64.2483,-30.4021],[-64.2432,-30.3976],[-64.2398,-30.3898],[-64.2334,-30.3805],[-64.2314,-30.3762],[-64.2355,-30.3696],[-64.2284,-30.3631],[-64.2266,-30.3599],[-64.2182,-30.351],[-64.2202,-30.3466],[-64.2161,-30.3405],[-64.2163,-30.3331],[-64.2179,-30.3261],[-64.2171,-30.3214],[-64.2072,-30.3101],[-64.2021,-30.3065],[-64.2124,-30.3064],[-64.2169,-30.3042],[-64.2207,-30.3067],[-64.2173,-30.3139],[-64.2211,-30.3185],[-64.2219,-30.3226],[-64.2263,-30.3291],[-64.2276,-30.3363],[-64.2271,-30.3395],[-64.2317,-30.3404],[-64.2311,-30.336],[-64.2386,-30.3333],[-64.2398,-30.3303],[-64.2383,-30.3259],[-64.2325,-30.3247],[-64.227,-30.325],[-64.2242,-30.3232],[-64.2274,-30.3182],[-64.2274,-30.3109],[-64.2252,-30.3086],[-64.2269,-30.3017],[-64.2247,-30.2946],[-64.2223,-30.2911],[-64.2215,-30.2865],[-64.2247,-30.2821],[-64.2339,-30.2809],[-64.2356,-30.2849],[-64.2445,-30.2844],[-64.2436,-30.28],[-64.238,-30.279],[-64.2382,-30.274],[-64.2296,-30.2682],[-64.2286,-30.2647],[-64.2342,-30.2633],[-64.2295,-30.2599],[-64.2254,-30.2595],[-64.2235,-30.2549],[-64.2251,-30.2503],[-64.2338,-30.2481],[-64.2257,-30.2426],[-64.2245,-30.24],[-64.22,-30.2388],[-64.2151,-30.2352],[-64.2099,-30.2343],[-64.2102,-30.232],[-64.2068,-30.2286],[-64.2025,-30.2282],[-64.1965,-30.2231],[-64.1917,-30.2227],[-64.1941,-30.2189],[-64.1894,-30.2173],[-64.1884,-30.2097],[-64.19,-30.205],[-64.1858,-30.2025],[-64.1854,-30.1973],[-64.1775,-30.1913],[-64.1816,-30.181],[-64.1815,-30.1776],[-64.1776,-30.1759],[-64.1732,-30.1648],[-64.1743,-30.1613],[-64.1636,-30.154],[-64.1657,-30.1513],[-64.1733,-30.152],[-64.1737,-30.1499],[-64.168,-30.1489],[-64.1688,-30.1455],[-64.1722,-30.1426],[-64.1736,-30.1387],[-64.17,-30.1362],[-64.1716,-30.1327],[-64.1755,-30.1313],[-64.1733,-30.1274],[-64.1797,-30.1267],[-64.1794,-30.1246],[-64.172,-30.1233],[-64.1704,-30.1168],[-64.1708,-30.1128],[-64.1676,-30.108],[-64.1711,-30.103],[-64.1784,-30.1034],[-64.1792,-30.0953],[-64.1873,-30.0932],[-64.1917,-30.0926],[-64.1959,-30.0901],[-64.2018,-30.0944],[-64.2054,-30.0953],[-64.217,-30.0956],[-64.2363,-30.1005],[-64.2623,-30.0989],[-64.2647,-30.0976],[-64.2698,-30.0972],[-64.2769,-30.096],[-64.2833,-30.0968],[-64.2828,-30.1004],[-64.2845,-30.1038],[-64.2735,-30.1045],[-64.2771,-30.1114],[-64.277,-30.1169],[-64.2751,-30.1187],[-64.2763,-30.1231],[-64.272,-30.1259],[-64.2738,-30.1313],[-64.2695,-30.1322],[-64.2632,-30.1262],[-64.2594,-30.1252],[-64.2529,-30.1268],[-64.2529,-30.1299],[-64.2575,-30.131],[-64.2586,-30.1364],[-64.2634,-30.1423],[-64.2703,-30.1384],[-64.2769,-30.1376],[-64.2821,-30.1343],[-64.2842,-30.1368],[-64.2814,-30.1414],[-64.2744,-30.147],[-64.2855,-30.1526],[-64.2884,-30.157],[-64.2887,-30.1637],[-64.2932,-30.1641],[-64.2989,-30.158],[-64.3027,-30.1609],[-64.3045,-30.1652],[-64.2963,-30.1719],[-64.2943,-30.1767],[-64.2883,-30.1792],[-64.2934,-30.1812],[-64.2937,-30.1848],[-64.2963,-30.1897],[-64.2815,-30.19],[-64.273,-30.1891],[-64.2671,-30.1964],[-64.2715,-30.1984],[-64.2699,-30.2045],[-64.2765,-30.2075],[-64.2834,-30.2086],[-64.2955,-30.2086],[-64.291,-30.2206],[-64.2843,-30.2305],[-64.28,-30.2343],[-64.2863,-30.2396],[-64.2959,-30.2433],[-64.2967,-30.2455],[-64.2934,-30.252],[-64.2942,-30.2538],[-64.3027,-30.2531],[-64.3126,-30.2465],[-64.3118,-30.2394],[-64.3102,-30.2367],[-64.3183,-30.228],[-64.3177,-30.2239],[-64.3226,-30.2188],[-64.3232,-30.21],[-64.3181,-30.2098],[-64.3167,-30.2058],[-64.3204,-30.2026],[-64.3176,-30.1969],[-64.3205,-30.1945],[-64.3129,-30.1889],[-64.3166,-30.1862],[-64.3151,-30.182],[-64.3076,-30.1785],[-64.3089,-30.1747],[-64.3194,-30.1757],[-64.3223,-30.1828],[-64.325,-30.1926],[-64.33,-30.1975],[-64.3302,-30.214],[-64.3315,-30.2184],[-64.3403,-30.2183],[-64.3476,-30.2145],[-64.3518,-30.2092],[-64.3596,-30.2079],[-64.3624,-30.2041],[-64.3575,-30.2025],[-64.3528,-30.1974],[-64.3427,-30.1926],[-64.3478,-30.191],[-64.3563,-30.1907],[-64.3592,-30.1972],[-64.367,-30.2002],[-64.3708,-30.2006],[-64.3753,-30.2046],[-64.3812,-30.2052],[-64.3817,-30.2092],[-64.3761,-30.2077],[-64.3829,-30.2163],[-64.3847,-30.221],[-64.3904,-30.2216],[-64.3952,-30.2164],[-64.3905,-30.2118],[-64.3929,-30.2066],[-64.3904,-30.2011],[-64.3788,-30.2025],[-64.3747,-30.2012],[-64.3761,-30.1952],[-64.3864,-30.1958],[-64.3858,-30.1904],[-64.3883,-30.1863],[-64.3737,-30.1863],[-64.3701,-30.1834],[-64.3637,-30.1875],[-64.3591,-30.1851],[-64.3572,-30.1802],[-64.3633,-30.1741],[-64.3674,-30.1754],[-64.381,-30.1764],[-64.387,-30.1797],[-64.3893,-30.1762],[-64.3841,-30.1735],[-64.3806,-30.1664],[-64.3813,-30.1626],[-64.3929,-30.1499],[-64.4076,-30.1469],[-64.4147,-30.1466],[-64.42,-30.1424],[-64.4192,-30.1365],[-64.4216,-30.1326],[-64.4206,-30.1274],[-64.423,-30.1241],[-64.4275,-30.1268],[-64.4298,-30.1232],[-64.4385,-30.122],[-64.4396,-30.118],[-64.4474,-30.113],[-64.4551,-30.1163],[-64.4536,-30.119],[-64.4479,-30.1175],[-64.4467,-30.1206],[-64.4461,-30.1306],[-64.4433,-30.1349],[-64.4328,-30.1404],[-64.4386,-30.1448],[-64.4271,-30.1471],[-64.4264,-30.1509],[-64.431,-30.1549],[-64.4304,-30.1667],[-64.432,-30.1678],[-64.4386,-30.1666],[-64.4364,-30.1731],[-64.4414,-30.1764],[-64.436,-30.1818],[-64.4423,-30.1853],[-64.4396,-30.1941],[-64.4391,-30.1985],[-64.4428,-30.2025],[-64.4479,-30.2047],[-64.4566,-30.2187],[-64.4506,-30.2201],[-64.4427,-30.22],[-64.4396,-30.2241],[-64.4362,-30.2261],[-64.4356,-30.2302],[-64.4325,-30.2343],[-64.4342,-30.2431],[-64.4302,-30.2445],[-64.4282,-30.2598],[-64.4193,-30.2591],[-64.4104,-30.2554],[-64.4045,-30.256],[-64.4016,-30.2579],[-64.4121,-30.2603],[-64.4108,-30.2668],[-64.4258,-30.2667],[-64.4302,-30.2713],[-64.4334,-30.2713],[-64.4385,-30.2781],[-64.443,-30.278],[-64.4442,-30.2725],[-64.4409,-30.266],[-64.4425,-30.2605],[-64.4381,-30.2507],[-64.4402,-30.2464],[-64.438,-30.2411],[-64.4409,-30.2363],[-64.4416,-30.2296],[-64.4466,-30.223],[-64.4485,-30.2273],[-64.4542,-30.2283],[-64.4552,-30.2236],[-64.4602,-30.2291],[-64.4669,-30.2306],[-64.4694,-30.2345],[-64.4629,-30.2408],[-64.4579,-30.2403],[-64.4453,-30.2418],[-64.451,-30.2473],[-64.4548,-30.2483],[-64.4496,-30.2582],[-64.444,-30.2651],[-64.4453,-30.269],[-64.4535,-30.2639],[-64.4618,-30.2515],[-64.4661,-30.2463],[-64.4698,-30.2388],[-64.4741,-30.2322],[-64.4795,-30.2291],[-64.469,-30.2232],[-64.4665,-30.2194],[-64.4669,-30.215],[-64.4736,-30.215],[-64.4775,-30.2226],[-64.4808,-30.2143],[-64.4886,-30.2066],[-64.4872,-30.2],[-64.4802,-30.1965],[-64.473,-30.1979],[-64.4706,-30.1883],[-64.4656,-30.1824],[-64.4534,-30.1761],[-64.4505,-30.171],[-64.45,-30.1594],[-64.4452,-30.1599],[-64.4458,-30.136],[-64.4486,-30.1268],[-64.4537,-30.1236],[-64.4592,-30.116],[-64.4561,-30.1096],[-64.4624,-30.1061],[-64.4647,-30.1028],[-64.462,-30.101],[-64.4592,-30.0957],[-64.4468,-30.0905],[-64.4435,-30.0941],[-64.4389,-30.0941],[-64.4387,-30.1011],[-64.4479,-30.0983],[-64.4478,-30.1056],[-64.4411,-30.1088],[-64.4337,-30.1091],[-64.4101,-30.1112],[-64.4007,-30.1126],[-64.3837,-30.1128],[-64.3794,-30.1153],[-64.3712,-30.1156],[-64.3681,-30.1118],[-64.3684,-30.1018],[-64.3699,-30.0947],[-64.3637,-30.0956],[-64.36,-30.105],[-64.3557,-30.1084],[-64.3448,-30.0975],[-64.3513,-30.0857],[-64.3426,-30.0937],[-64.3379,-30.0913],[-64.3428,-30.0889],[-64.3361,-30.0818],[-64.3259,-30.0798],[-64.3255,-30.0681],[-64.3214,-30.0705],[-64.3129,-30.0711],[-64.3009,-30.0767],[-64.3015,-30.0824],[-64.2903,-30.0818],[-64.2907,-30.0918],[-64.2918,-30.0958],[-64.285,-30.0959],[-64.2841,-30.0935],[-64.2775,-30.0957],[-64.2761,-30.0917],[-64.2863,-30.0916],[-64.2873,-30.0837],[-64.2823,-30.0821],[-64.2813,-30.0866],[-64.2708,-30.0867],[-64.2661,-30.0827],[-64.2665,-30.0706],[-64.2736,-30.0705],[-64.2736,-30.0664],[-64.27,-30.0638],[-64.2804,-30.0602],[-64.2773,-30.058],[-64.2732,-30.0581],[-64.2693,-30.0555],[-64.2661,-30.0603],[-64.2615,-30.0632],[-64.259,-30.0597],[-64.2557,-30.0602],[-64.2554,-30.0559],[-64.2589,-30.0546],[-64.2602,-30.0501],[-64.2665,-30.0493],[-64.2682,-30.0529],[-64.2836,-30.052],[-64.2882,-30.0498],[-64.2919,-30.0567],[-64.3028,-30.0566],[-64.2994,-30.0456],[-64.3032,-30.0466],[-64.3153,-30.0462],[-64.3178,-30.0505],[-64.3219,-30.0502],[-64.3225,-30.0473],[-64.3183,-30.0455],[-64.3232,-30.0418],[-64.3289,-30.0403],[-64.3297,-30.0358],[-64.342,-30.0357],[-64.3478,-30.0339],[-64.3604,-30.034],[-64.3683,-30.0284],[-64.3693,-30.0387],[-64.3745,-30.042],[-64.3658,-30.0425],[-64.3655,-30.0454],[-64.3705,-30.0494],[-64.3744,-30.0501],[-64.3822,-30.0433],[-64.3874,-30.044],[-64.3896,-30.0418],[-64.3863,-30.0392],[-64.3858,-30.0254],[-64.3748,-30.026],[-64.3705,-30.0237],[-64.3652,-30.023],[-64.3583,-30.0171],[-64.3659,-30.012],[-64.367,-30.0077],[-64.3707,-30.0034],[-64.3754,-30.0059],[-64.3762,-30.0009],[-64.3714,-29.9976],[-64.3682,-29.9996],[-64.3629,-29.9977],[-64.3595,-29.987],[-64.3595,-29.983],[-64.3615,-29.9793],[-64.3607,-29.971],[-64.3578,-29.9641],[-64.3542,-29.9596],[-64.353,-29.9553],[-64.3588,-29.9553],[-64.3659,-29.9566],[-64.3747,-29.9558],[-64.3811,-29.9608],[-64.3748,-29.9649],[-64.3716,-29.9687],[-64.3672,-29.9695],[-64.3674,-29.9793],[-64.3746,-29.9857],[-64.3773,-29.9844],[-64.3782,-29.9796],[-64.3815,-29.9737],[-64.3875,-29.9688],[-64.3886,-29.9726],[-64.3803,-29.9808],[-64.3893,-29.9812],[-64.3945,-29.9823],[-64.3998,-29.9873],[-64.4084,-29.992],[-64.4144,-29.9941],[-64.4148,-29.9817],[-64.4189,-29.9809],[-64.4182,-29.9721],[-64.4234,-29.9665],[-64.4165,-29.961],[-64.4147,-29.9554],[-64.4146,-29.9468],[-64.4126,-29.9404],[-64.4088,-29.9421],[-64.4111,-29.9504],[-64.4042,-29.95],[-64.386,-29.9362],[-64.3043,-29.9559],[-64.3858,-29.936],[-64.3815,-29.934],[-64.3811,-29.919],[-64.391,-29.9181],[-64.3905,-29.9051],[-64.4,-29.9058],[-64.3999,-29.9098],[-64.4074,-29.9094],[-64.4073,-29.916],[-64.4169,-29.9153],[-64.4219,-29.9222],[-64.4268,-29.9223],[-64.4304,-29.9254],[-64.4351,-29.9261],[-64.4366,-29.9315],[-64.4359,-29.9437],[-64.4384,-29.9616],[-64.4537,-29.9614],[-64.458,-29.9721],[-64.4598,-29.9857],[-64.4559,-29.997],[-64.4598,-29.9998],[-64.4606,-30.0033],[-64.4659,-30.0054],[-64.4727,-30.0066],[-64.478,-30.0103],[-64.4901,-30.0099],[-64.4912,-29.9913],[-64.4892,-29.9857],[-64.5324,-29.9844],[-64.5392,-29.9803],[-64.5395,-29.9612],[-64.5502,-29.9613],[-64.5506,-29.9544],[-64.5446,-29.9547],[-64.5371,-29.9633],[-64.5275,-29.9625],[-64.5285,-29.957],[-64.5197,-29.9566],[-64.5145,-29.96],[-64.5006,-29.9599],[-64.5021,-29.9547],[-64.5106,-29.9548],[-64.5144,-29.9533],[-64.5069,-29.9442],[-64.5096,-29.9419],[-64.5081,-29.9336],[-64.4889,-29.9333],[-64.4835,-29.9353],[-64.4833,-29.9406],[-64.4885,-29.9429],[-64.4872,-29.9479],[-64.4896,-29.961],[-64.4895,-29.9732],[-64.4865,-29.9732],[-64.4791,-29.9529],[-64.4747,-29.9536],[-64.4714,-29.9428],[-64.4706,-29.9326],[-64.4666,-29.9209],[-64.463,-29.9207],[-64.4593,-29.8938],[-64.4722,-29.8939],[-64.4734,-29.8848],[-64.4677,-29.8859],[-64.4537,-29.8853],[-64.4514,-29.8767],[-64.4475,-29.8754],[-64.4474,-29.87],[-64.4529,-29.8698],[-64.4551,-29.8652],[-64.4537,-29.8561],[-64.4538,-29.8493],[-64.4574,-29.8492],[-64.4619,-29.8568],[-64.4696,-29.8568],[-64.4699,-29.8521],[-64.4745,-29.8487],[-64.475,-29.8424],[-64.4775,-29.8419],[-64.4774,-29.8354],[-64.4758,-29.8337],[-64.4681,-29.8349],[-64.4679,-29.8227],[-64.465,-29.8193],[-64.4652,-29.8147],[-64.4614,-29.8191],[-64.4533,-29.8194],[-64.4519,-29.8139],[-64.4597,-29.812],[-64.464,-29.8125],[-64.461,-29.8064],[-64.4612,-29.8028],[-64.4669,-29.8027],[-64.4668,-29.7956],[-64.4731,-29.788],[-64.4728,-29.7705],[-64.4917,-29.7701],[-64.4915,-29.7605],[-64.4775,-29.7573],[-64.4767,-29.7539],[-64.4681,-29.7539],[-64.4562,-29.7485],[-64.4478,-29.7483],[-64.4249,-29.7493],[-64.414,-29.7463],[-64.4063,-29.743],[-64.4036,-29.7394],[-64.3946,-29.7309],[-64.393,-29.7122],[-64.3936,-29.7088],[-64.4116,-29.705],[-64.4188,-29.7051],[-64.4286,-29.7023],[-64.4279,-29.6932],[-64.429,-29.6912],[-64.4357,-29.6899],[-64.4387,-29.6984],[-64.4358,-29.7004],[-64.4386,-29.7049],[-64.4426,-29.7072],[-64.4452,-29.7038],[-64.4504,-29.7048],[-64.4514,-29.6976],[-64.4584,-29.6988],[-64.4555,-29.7019],[-64.4557,-29.705],[-64.4714,-29.7058],[-64.4719,-29.7117],[-64.4835,-29.7105],[-64.4886,-29.7158],[-64.498,-29.7157],[-64.5015,-29.7187],[-64.5139,-29.7233],[-64.5153,-29.7257],[-64.5071,-29.7257],[-64.5062,-29.7301],[-64.5085,-29.7329],[-64.514,-29.733],[-64.5167,-29.7364],[-64.5144,-29.7453],[-64.5159,-29.7572],[-64.5184,-29.7606],[-64.5189,-29.7646],[-64.5217,-29.7661],[-64.5221,-29.7694],[-64.5154,-29.7707],[-64.5154,-29.768],[-64.5066,-29.7681],[-64.5057,-29.777],[-64.5102,-29.7748],[-64.5173,-29.7787],[-64.5187,-29.7747],[-64.5302,-29.7742],[-64.5321,-29.7785],[-64.5359,-29.7751],[-64.5407,-29.768],[-64.5452,-29.7658],[-64.5395,-29.7579],[-64.5394,-29.7527],[-64.5429,-29.745],[-64.5474,-29.7468],[-64.5472,-29.7494],[-64.57,-29.7492],[-64.5699,-29.7472],[-64.5781,-29.7469],[-64.5808,-29.7501],[-64.5858,-29.7501],[-64.5859,-29.7426],[-64.5784,-29.7409],[-64.577,-29.7452],[-64.5717,-29.7453],[-64.5649,-29.7404],[-64.5644,-29.7217],[-64.5677,-29.7217],[-64.5686,-29.7152],[-64.5725,-29.7136],[-64.5722,-29.708],[-64.575,-29.7011],[-64.5778,-29.7001],[-64.5733,-29.6931],[-64.575,-29.685],[-64.5769,-29.6805],[-64.5772,-29.6748],[-64.5801,-29.6713],[-64.5853,-29.6687],[-64.585,-29.6609],[-64.5887,-29.6608],[-64.5876,-29.6563],[-64.5798,-29.6575],[-64.5797,-29.6506],[-64.5847,-29.6506],[-64.5858,-29.6474],[-64.591,-29.6422],[-64.5912,-29.6367],[-64.6057,-29.6365],[-64.6054,-29.632],[-64.6095,-29.6322],[-64.617,-29.627],[-64.6095,-29.6228],[-64.6089,-29.6151],[-64.6025,-29.6091],[-64.6066,-29.608],[-64.6072,-29.6045],[-64.6153,-29.6032],[-64.6157,-29.5884],[-64.6126,-29.5816],[-64.6125,-29.5769],[-64.6167,-29.5768],[-64.6162,-29.5722],[-64.6263,-29.5677],[-64.6201,-29.5653],[-64.62,-29.5583],[-64.6293,-29.5584],[-64.6344,-29.554],[-64.6344,-29.5515],[-64.6397,-29.5502],[-64.6395,-29.5476],[-64.8255,-29.5736],[-64.831,-29.5965],[-64.8458,-29.5958],[-64.8536,-29.5962],[-64.8572,-29.5987],[-64.8574,-29.6091],[-64.8551,-29.6165],[-64.8485,-29.6155],[-64.8487,-29.6228],[-64.8523,-29.6264],[-64.8549,-29.6347],[-64.855,-29.6414],[-64.8478,-29.6394],[-64.8476,-29.6311],[-64.8428,-29.627],[-64.8406,-29.6359],[-64.8402,-29.6499],[-64.8456,-29.6499],[-64.8463,-29.654],[-64.841,-29.6608],[-64.8377,-29.6713],[-64.8465,-29.6675],[-64.85,-29.6623],[-64.8548,-29.6627],[-64.8551,-29.6508],[-64.8575,-29.6507],[-64.8589,-29.6627],[-64.8579,-29.6684],[-64.8646,-29.6766],[-64.8659,-29.687],[-64.8626,-29.7006],[-64.8533,-29.7111],[-64.8491,-29.7112],[-64.8356,-29.7207],[-64.8315,-29.7275],[-64.828,-29.7312],[-64.8246,-29.738],[-64.8205,-29.7417],[-64.8146,-29.7444],[-64.8064,-29.7539],[-64.792,-29.7509],[-64.7813,-29.7506],[-64.7732,-29.7532],[-64.7676,-29.7562],[-64.7652,-29.7594],[-64.7613,-29.7605],[-64.7602,-29.7639],[-64.7526,-29.7679],[-64.7547,-29.7695],[-64.7501,-29.7799],[-64.745,-29.7871],[-64.7356,-29.7878],[-64.729,-29.7867],[-64.7271,-29.7915],[-64.7276,-29.7956],[-64.723,-29.7949],[-64.7175,-29.791],[-64.7146,-29.791],[-64.7081,-29.7981],[-64.7036,-29.8041],[-64.7001,-29.8109],[-64.6932,-29.8183],[-64.6701,-29.8392],[-64.6718,-29.8445],[-64.6695,-29.8501],[-64.666,-29.8625],[-64.6664,-29.8644],[-64.6624,-29.8709],[-64.6631,-29.8767],[-64.6587,-29.8778],[-64.6525,-29.8812],[-64.6321,-29.8814],[-64.6391,-29.8857],[-64.6357,-29.8896],[-64.6258,-29.8842],[-64.6233,-29.881],[-64.6126,-29.8814],[-64.6127,-29.886],[-64.6165,-29.8885],[-64.6165,-29.8928],[-64.6216,-29.8933],[-64.623,-29.904],[-64.6283,-29.9039],[-64.6294,-29.9097],[-64.6269,-29.9135],[-64.6307,-29.9143],[-64.6417,-29.9103],[-64.6487,-29.9179],[-64.6402,-29.918],[-64.6352,-29.9211],[-64.6306,-29.9275],[-64.6444,-29.9273],[-64.657,-29.9266],[-64.6665,-29.9297],[-64.6653,-29.9358],[-64.662,-29.9416],[-64.6627,-29.9459],[-64.6612,-29.9528],[-64.6622,-29.9575],[-64.6617,-29.9643],[-64.6599,-29.969],[-64.6633,-29.9813],[-64.6627,-29.9868],[-64.6587,-29.9909],[-64.6445,-29.9875],[-64.6369,-29.9838],[-64.6304,-29.9915],[-64.6309,-29.9809],[-64.6151,-29.9778],[-64.6091,-29.9759],[-64.6097,-29.957],[-64.6028,-29.9585],[-64.5889,-29.9534],[-64.5893,-29.9773],[-64.5899,-29.9956],[-64.5878,-30.0022],[-64.5804,-30.0116],[-64.5832,-30.0135],[-64.5707,-30.0386],[-64.555,-30.0363],[-64.5577,-30.0324],[-64.5552,-30.0294],[-64.5482,-30.0262],[-64.5445,-30.0285],[-64.5474,-30.0328],[-64.544,-30.0383],[-64.5469,-30.0432],[-64.5579,-30.0431],[-64.562,-30.0444],[-64.5687,-30.0498],[-64.5728,-30.0514],[-64.5765,-30.042],[-64.5802,-30.0406],[-64.5856,-30.0433],[-64.597,-30.0451],[-64.6001,-30.0464],[-64.5997,-30.0557],[-64.6046,-30.0537],[-64.611,-30.0534],[-64.6127,-30.0496],[-64.6203,-30.0467],[-64.6287,-30.0384],[-64.6337,-30.0348],[-64.6387,-30.0394],[-64.6413,-30.0443],[-64.6445,-30.047],[-64.6468,-30.0516],[-64.6497,-30.0537],[-64.6521,-30.069],[-64.6601,-30.0958],[-64.6673,-30.1119],[-64.6716,-30.1233],[-64.6846,-30.124],[-64.6806,-30.1149],[-64.6841,-30.113],[-64.6817,-30.108],[-64.6836,-30.1062],[-64.6784,-30.0958],[-64.6802,-30.089],[-64.6777,-30.0846],[-64.6719,-30.0836],[-64.6668,-30.0794],[-64.6702,-30.0759],[-64.6717,-30.0688],[-64.6744,-30.0644],[-64.6685,-30.056],[-64.6639,-30.0541],[-64.6535,-30.0381],[-64.6475,-30.0341],[-64.6481,-30.0313],[-64.6525,-30.031],[-64.66,-30.0333],[-64.6624,-30.041],[-64.6681,-30.0469],[-64.6761,-30.0507],[-64.679,-30.0569],[-64.6785,-30.0632],[-64.6866,-30.0618],[-64.6902,-30.0708],[-64.691,-30.0773],[-64.6954,-30.0862],[-64.7014,-30.0905],[-64.6999,-30.0944],[-64.7025,-30.1005],[-64.7009,-30.1052],[-64.7067,-30.1075],[-64.7064,-30.1106],[-64.7111,-30.1104],[-64.7141,-30.1148],[-64.7118,-30.1255],[-64.7222,-30.1244],[-64.742,-30.1325],[-64.7441,-30.1344],[-64.7428,-30.141],[-64.7323,-30.1411],[-64.7236,-30.142],[-64.7244,-30.146],[-64.7271,-30.1446],[-64.7348,-30.1446],[-64.7366,-30.1521],[-64.7392,-30.1523],[-64.7415,-30.1479],[-64.739,-30.1436],[-64.754,-30.1434],[-64.7549,-30.1449],[-64.7645,-30.1419],[-64.7723,-30.1414],[-64.7747,-30.1476],[-64.7804,-30.1474],[-64.7852,-30.1424],[-64.7871,-30.1357],[-64.7906,-30.136],[-64.7923,-30.1406],[-64.7955,-30.1413],[-64.7987,-30.1376],[-64.8086,-30.1347],[-64.8085,-30.1396],[-64.8134,-30.1424],[-64.8137,-30.1461],[-64.8219,-30.1443],[-64.8242,-30.1544],[-64.815,-30.1544],[-64.8103,-30.1583],[-64.8105,-30.1708],[-64.8116,-30.1712],[-64.8122,-30.1859],[-64.8145,-30.1951],[-64.8089,-30.2001],[-64.8125,-30.2018],[-64.8232,-30.2018],[-64.8201,-30.208],[-64.818,-30.2168],[-64.8024,-30.2172],[-64.8021,-30.2155],[-64.7892,-30.2158],[-64.7784,-30.2152],[-64.7786,-30.2106],[-64.7843,-30.2093],[-64.7939,-30.2059],[-64.8002,-30.2011],[-64.7987,-30.1862],[-64.8068,-30.186],[-64.8024,-30.1801],[-64.7987,-30.1803],[-64.7955,-30.1827],[-64.7953,-30.1862],[-64.7909,-30.1849],[-64.7911,-30.1819],[-64.7638,-30.1821],[-64.7467,-30.167],[-64.7416,-30.1639],[-64.7394,-30.1686],[-64.7328,-30.1705],[-64.7284,-30.1757],[-64.7346,-30.1814],[-64.738,-30.1858],[-64.745,-30.1906],[-64.7452,-30.1944],[-64.7477,-30.1978],[-64.749,-30.2031],[-64.7496,-30.2217],[-64.7615,-30.2231],[-64.7636,-30.2255],[-64.7692,-30.2254],[-64.772,-30.2274],[-64.78,-30.2277],[-64.7952,-30.232],[-64.8056,-30.2376],[-64.8143,-30.2406],[-64.821,-30.2401],[-64.8325,-30.238],[-64.847,-30.234],[-64.8529,-30.2335],[-64.8539,-30.2227],[-64.8514,-30.2182],[-64.8505,-30.2124],[-64.8424,-30.2112],[-64.8422,-30.198],[-64.8482,-30.1888],[-64.8494,-30.1791],[-64.8295,-30.1785],[-64.8302,-30.1674],[-64.8389,-30.1673],[-64.8396,-30.1746],[-64.8475,-30.1751],[-64.8467,-30.1661],[-64.8521,-30.1624],[-64.8603,-30.1627],[-64.8599,-30.1574],[-64.8628,-30.1504],[-64.8677,-30.148],[-64.8737,-30.1524],[-64.8764,-30.1622],[-64.8736,-30.1643],[-64.8736,-30.169],[-64.8764,-30.1694],[-64.8764,-30.1744],[-64.8699,-30.1752],[-64.8697,-30.177],[-64.8616,-30.1784],[-64.8528,-30.1875],[-64.8752,-30.1871],[-64.8786,-30.1823],[-64.8822,-30.185],[-64.8877,-30.1848],[-64.8876,-30.1786],[-64.892,-30.1785],[-64.8916,-30.1742],[-64.8939,-30.1715],[-64.8944,-30.1608],[-64.9014,-30.1584],[-64.9086,-30.1614],[-64.915,-30.1619],[-64.9152,-30.1573],[-64.9261,-30.1571],[-64.9279,-30.1589],[-64.9511,-30.16],[-64.9517,-30.1675],[-64.9572,-30.1698],[-64.9577,-30.175],[-64.9617,-30.175],[-64.97,-30.1787],[-64.9686,-30.174],[-64.9737,-30.1736],[-64.9815,-30.1699],[-64.9862,-30.1746],[-64.9884,-30.1793],[-64.9891,-30.1901],[-64.9919,-30.1908],[-64.9922,-30.198],[-64.9942,-30.1982],[-64.9937,-30.2191],[-64.9948,-30.2231],[-65.0009,-30.227],[-65.0017,-30.2332],[-65.0059,-30.233],[-65.0083,-30.239],[-65.0111,-30.2389],[-65.0128,-30.2329],[-65.009,-30.2202],[-65.0045,-30.2182],[-65.0072,-30.2122],[-65.01,-30.21],[-65.0176,-30.2115],[-65.0183,-30.216],[-65.0259,-30.2159],[-65.0271,-30.2134],[-65.021,-30.2114],[-65.0192,-30.2085],[-65.0239,-30.206],[-65.0237,-30.2003],[-65.0329,-30.201],[-65.034,-30.196],[-65.0384,-30.1977],[-65.0493,-30.1987],[-65.0568,-30.2019],[-65.0496,-30.2033],[-65.05,-30.2068],[-65.0437,-30.2074],[-65.0405,-30.2031],[-65.0347,-30.2038],[-65.0352,-30.2088],[-65.0376,-30.2123],[-65.0418,-30.2146],[-65.055,-30.2147],[-65.0597,-30.2163],[-65.0693,-30.2089],[-65.0827,-30.2099],[-65.0899,-30.2145],[-65.0891,-30.218],[-65.0845,-30.2186],[-65.0857,-30.2243],[-65.0905,-30.2266],[-65.0912,-30.2366],[-65.1035,-30.2362],[-65.1045,-30.2435],[-65.1089,-30.2438],[-65.1095,-30.2394],[-65.1144,-30.2343],[-65.1226,-30.2335],[-65.1206,-30.2376],[-65.1166,-30.2376],[-65.1179,-30.2425],[-65.1215,-30.2428],[-65.1209,-30.2514],[-65.1242,-30.2501],[-65.125,-30.2464],[-65.134,-30.2475],[-65.1327,-30.2565],[-65.1292,-30.2595],[-65.1268,-30.2648],[-65.1237,-30.2609],[-65.1131,-30.2612],[-65.1147,-30.2508],[-65.1083,-30.2516],[-65.1084,-30.2562],[-65.1066,-30.2602],[-65.1097,-30.2611],[-65.1078,-30.2696],[-65.104,-30.2693],[-65.1018,-30.2646],[-65.0985,-30.2656],[-65.0951,-30.2731],[-65.0952,-30.2766],[-65.1039,-30.2821],[-65.1205,-30.2953],[-65.1235,-30.2954],[-65.1224,-30.2836],[-65.1289,-30.2835],[-65.1317,-30.2787],[-65.1357,-30.2754],[-65.137,-30.2808],[-65.1346,-30.2863],[-65.1392,-30.2863],[-65.1396,-30.2753],[-65.1469,-30.2705],[-65.157,-30.2713],[-65.1557,-30.2793],[-65.1456,-30.2792],[-65.1439,-30.2875],[-65.1533,-30.287],[-65.1559,-30.2905],[-65.1605,-30.2901],[-65.1608,-30.2845],[-65.1597,-30.2785],[-65.1625,-30.2753],[-65.1657,-30.276],[-65.1687,-30.2796],[-65.174,-30.2796],[-65.1772,-30.2834],[-65.181,-30.2748],[-65.1898,-30.2738],[-65.19,-30.2668],[-65.1986,-30.2683],[-65.1967,-30.2751],[-65.1967,-30.2822],[-65.2017,-30.2821],[-65.2031,-30.2856],[-65.2107,-30.282],[-65.2087,-30.2867],[-65.2118,-30.2925],[-65.2157,-30.2895],[-65.2175,-30.2841],[-65.2223,-30.2845],[-65.22,-30.2902],[-65.2199,-30.2955],[-65.217,-30.2972],[-65.2115,-30.3049],[-65.2042,-30.3094],[-65.208,-30.3112],[-65.2194,-30.3121],[-65.2299,-30.3054],[-65.2337,-30.3051],[-65.2381,-30.2997],[-65.2339,-30.2943],[-65.2394,-30.2922],[-65.2409,-30.2962],[-65.2406,-30.3039],[-65.2385,-30.3105],[-65.2435,-30.3117],[-65.2459,-30.3067],[-65.2483,-30.2979],[-65.246,-30.2927],[-65.2512,-30.2908],[-65.2561,-30.2925],[-65.2554,-30.2991],[-65.2651,-30.2987],[-65.2701,-30.3006],[-65.2688,-30.305],[-65.2708,-30.3065],[-65.2694,-30.3125],[-65.2613,-30.315],[-65.2536,-30.3191],[-65.2544,-30.3264],[-65.2525,-30.3266],[-65.2514,-30.3143],[-65.2426,-30.3166],[-65.2384,-30.3167],[-65.239,-30.3238],[-65.2352,-30.3246],[-65.2347,-30.3302],[-65.2251,-30.3337],[-65.2252,-30.3378],[-65.2498,-30.3384],[-65.2567,-30.3287],[-65.2583,-30.3249],[-65.2622,-30.3203],[-65.2705,-30.3165],[-65.273,-30.3177],[-65.2747,-30.3224],[-65.2793,-30.3244],[-65.2814,-30.3218],[-65.281,-30.3161],[-65.2879,-30.3145],[-65.287,-30.32],[-65.2939,-30.3203],[-65.2951,-30.3248],[-65.2916,-30.3274],[-65.294,-30.3317],[-65.2982,-30.3332],[-65.2983,-30.3375],[-65.305,-30.3458],[-65.3023,-30.3469],[-65.2954,-30.3459],[-65.2919,-30.3416],[-65.2876,-30.3452],[-65.2831,-30.3445],[-65.2766,-30.341],[-65.2711,-30.3434],[-65.2723,-30.3471],[-65.2709,-30.3504],[-65.2744,-30.3533],[-65.2753,-30.3589],[-65.2797,-30.36],[-65.2784,-30.3659],[-65.2736,-30.3682],[-65.2658,-30.3667],[-65.2596,-30.3708],[-65.261,-30.376],[-65.2635,-30.3776],[-65.2649,-30.3842],[-65.269,-30.3861],[-65.2686,-30.389],[-65.2737,-30.3889],[-65.2747,-30.3964],[-65.2613,-30.3972],[-65.2607,-30.393],[-65.2508,-30.3924],[-65.2535,-30.3968],[-65.2476,-30.3963],[-65.243,-30.3913],[-65.2441,-30.3738],[-65.2342,-30.374],[-65.235,-30.3896],[-65.2324,-30.3926],[-65.2309,-30.4004],[-65.2342,-30.4016],[-65.2415,-30.3973],[-65.2465,-30.4044],[-65.2467,-30.4151],[-65.2492,-30.42],[-65.253,-30.422],[-65.2601,-30.4198],[-65.2588,-30.4258],[-65.2497,-30.4271],[-65.2523,-30.4299],[-65.2631,-30.4296],[-65.2642,-30.4339],[-65.2607,-30.4373],[-65.2639,-30.441],[-65.2645,-30.4483],[-65.27,-30.4491],[-65.2733,-30.4527],[-65.2808,-30.452],[-65.2797,-30.448],[-65.2832,-30.4471],[-65.2861,-30.455],[-65.2909,-30.4597],[-65.2901,-30.4632],[-65.2827,-30.4689],[-65.279,-30.4646],[-65.2802,-30.4607],[-65.2759,-30.459],[-65.2699,-30.4606],[-65.2705,-30.4682],[-65.2745,-30.4716],[-65.2802,-30.4792],[-65.2854,-30.4791],[-65.2914,-30.481],[-65.2922,-30.4767],[-65.2961,-30.476],[-65.2982,-30.4724],[-65.3069,-30.4707],[-65.3126,-30.4797],[-65.3158,-30.4764],[-65.3096,-30.4679],[-65.3101,-30.4597],[-65.326,-30.46],[-65.3261,-30.457],[-65.323,-30.455],[-65.3151,-30.4548],[-65.3144,-30.4572],[-65.306,-30.4582],[-65.3073,-30.4436],[-65.3171,-30.4412],[-65.3214,-30.4364],[-65.3228,-30.4422],[-65.3259,-30.4456],[-65.324,-30.4476],[-65.3184,-30.4477],[-65.3187,-30.4516],[-65.3325,-30.4571],[-65.3353,-30.4544],[-65.3436,-30.4566],[-65.3467,-30.4543],[-65.3448,-30.4472],[-65.3543,-30.4493],[-65.3598,-30.4481],[-65.3603,-30.4506],[-65.3574,-30.4556],[-65.3636,-30.4584],[-65.3663,-30.4491],[-65.3721,-30.4513],[-65.3715,-30.4552],[-65.3785,-30.4558],[-65.3824,-30.4444],[-65.3868,-30.4421],[-65.3869,-30.4387],[-65.3896,-30.4359],[-65.3925,-30.4369],[-65.3921,-30.4433],[-65.4012,-30.4393],[-65.4035,-30.4369],[-65.4016,-30.4315],[-65.4053,-30.4279],[-65.4029,-30.4245],[-65.4037,-30.4212],[-65.4192,-30.4185],[-65.4216,-30.4171],[-65.4221,-30.4252],[-65.4169,-30.426],[-65.4141,-30.4289],[-65.4144,-30.4319],[-65.4114,-30.4368],[-65.4118,-30.4406],[-65.4067,-30.443],[-65.4023,-30.4505],[-65.4029,-30.4542],[-65.3963,-30.4563],[-65.3976,-30.4639],[-65.3954,-30.4677],[-65.3964,-30.4752],[-65.3875,-30.4828],[-65.3818,-30.484],[-65.3826,-30.4869],[-65.3888,-30.4863],[-65.3924,-30.4824],[-65.4026,-30.4798],[-65.3995,-30.484],[-65.4002,-30.488],[-65.3974,-30.4907],[-65.3936,-30.4944],[-65.3862,-30.4953],[-65.3829,-30.511],[-65.3819,-30.5224],[-65.3956,-30.5261],[-65.3969,-30.5129],[-65.4005,-30.5107],[-65.404,-30.4954],[-65.4099,-30.492],[-65.4172,-30.4865],[-65.4104,-30.4795],[-65.4132,-30.4763],[-65.4174,-30.4783],[-65.4178,-30.4831],[-65.4224,-30.4818],[-65.4227,-30.4765],[-65.4334,-30.4791],[-65.4369,-30.4538],[-65.4343,-30.4478],[-65.4334,-30.4425],[-65.4373,-30.4367],[-65.4411,-30.4391],[-65.4409,-30.4455],[-65.4439,-30.4522],[-65.4435,-30.4618],[-65.4396,-30.4641],[-65.4394,-30.4779],[-65.4445,-30.4789],[-65.4494,-30.477],[-65.4473,-30.4698],[-65.4526,-30.4716],[-65.4517,-30.4823],[-65.4558,-30.484],[-65.4554,-30.4874],[-65.4608,-30.49],[-65.4662,-30.4902],[-65.4652,-30.4839],[-65.4658,-30.4767],[-65.4707,-30.4731],[-65.4697,-30.4667],[-65.4743,-30.4695],[-65.478,-30.4694],[-65.4834,-30.4714],[-65.4824,-30.4757],[-65.4774,-30.4783],[-65.4803,-30.4807],[-65.4795,-30.4846],[-65.4747,-30.4862],[-65.4777,-30.4911],[-65.4768,-30.4955],[-65.486,-30.4956],[-65.4866,-30.4859],[-65.4969,-30.4854],[-65.4955,-30.4898],[-65.5004,-30.4939],[-65.4971,-30.5036],[-65.4795,-30.5149],[-65.4875,-30.5215],[-65.4915,-30.5175],[-65.4906,-30.5133],[-65.4934,-30.5093],[-65.5019,-30.5049],[-65.5118,-30.5057],[-65.5212,-30.5038],[-65.5221,-30.5091],[-65.5187,-30.5161],[-65.5118,-30.5225],[-65.5073,-30.5321],[-65.5113,-30.536],[-65.5163,-30.5359],[-65.5195,-30.533],[-65.5198,-30.5284],[-65.523,-30.5258],[-65.5264,-30.5168],[-65.531,-30.5182],[-65.5324,-30.5238],[-65.527,-30.5328],[-65.528,-30.546],[-65.5239,-30.5461],[-65.5253,-30.55],[-65.5226,-30.554],[-65.5283,-30.5549],[-65.5285,-30.5627],[-65.5246,-30.5677],[-65.5188,-30.5707],[-65.5118,-30.5705],[-65.5044,-30.5714],[-65.5008,-30.5773],[-65.4939,-30.5797],[-65.4978,-30.5857],[-65.4988,-30.5918],[-65.5049,-30.5895],[-65.5068,-30.5838],[-65.5022,-30.5821],[-65.5087,-30.5759],[-65.5152,-30.5765],[-65.5302,-30.5655],[-65.5378,-30.5721],[-65.5442,-30.5677],[-65.5484,-30.5694],[-65.5434,-30.5745],[-65.5433,-30.5806],[-65.5392,-30.5845],[-65.5419,-30.5902],[-65.5403,-30.5917],[-65.5305,-30.5929],[-65.5273,-30.596],[-65.5328,-30.6032],[-65.5428,-30.6062],[-65.5458,-30.6136],[-65.5416,-30.6163],[-65.5428,-30.6233],[-65.5403,-30.6247],[-65.5413,-30.6308],[-65.5435,-30.6354],[-65.5408,-30.6366],[-65.5408,-30.6429],[-65.5365,-30.6446],[-65.5291,-30.6517],[-65.5033,-30.6604],[-65.4911,-30.6606],[-65.48,-30.6651],[-65.4728,-30.672],[-65.4621,-30.6722],[-65.4613,-30.6638],[-65.4322,-30.6696],[-65.436,-30.6832],[-65.4363,-30.7015],[-65.4616,-30.7007],[-65.4644,-30.6961],[-65.4698,-30.6953],[-65.4696,-30.7008],[-65.48,-30.7004],[-65.4881,-30.7073],[-65.4874,-30.714],[-65.4913,-30.714],[-65.4936,-30.7175],[-65.4863,-30.7177],[-65.4862,-30.722],[-65.4832,-30.7221],[-65.4824,-30.7314],[-65.4851,-30.7371],[-65.4837,-30.7405],[-65.4867,-30.7442],[-65.487,-30.7474],[-65.4805,-30.7488],[-65.4803,-30.7506],[-65.4896,-30.7515],[-65.4936,-30.7541],[-65.4932,-30.7566],[-65.4885,-30.7589],[-65.4861,-30.7683],[-65.4875,-30.7769],[-65.4819,-30.7775],[-65.4825,-30.7838],[-65.4892,-30.7886],[-65.484,-30.7936],[-65.4851,-30.8034],[-65.48,-30.8051],[-65.479,-30.8104],[-65.475,-30.8105],[-65.4686,-30.8142],[-65.4699,-30.8199],[-65.4664,-30.8255],[-65.4741,-30.8245],[-65.4748,-30.8299],[-65.4794,-30.8278],[-65.4844,-30.8297],[-65.4758,-30.8347],[-65.4729,-30.8303],[-65.4666,-30.8303],[-65.461,-30.835],[-65.4534,-30.8351],[-65.4544,-30.8419],[-65.4493,-30.8433],[-65.446,-30.8467],[-65.4399,-30.8504],[-65.4376,-30.8558],[-65.4392,-30.8605],[-65.4342,-30.8687],[-65.4366,-30.8707],[-65.4377,-30.8785],[-65.4373,-30.8902],[-65.4336,-30.8934],[-65.4412,-30.8961],[-65.4432,-30.8999],[-65.4416,-30.9075],[-65.4364,-30.9123],[-65.4377,-30.9163],[-65.4386,-30.9313],[-65.4421,-30.9351],[-65.4467,-30.937],[-65.453,-30.9343],[-65.4516,-30.9299],[-65.4539,-30.9262],[-65.4584,-30.9265],[-65.4583,-30.9326],[-65.4663,-30.9371],[-65.4721,-30.9387],[-65.4728,-30.942],[-65.4705,-30.9468],[-65.4642,-30.9459],[-65.4643,-30.9375],[-65.4612,-30.937],[-65.4574,-30.9407],[-65.4585,-30.9448],[-65.4635,-30.9481],[-65.4736,-30.9495],[-65.4698,-30.956],[-65.474,-30.9649],[-65.4777,-30.9652],[-65.4753,-30.9732],[-65.4778,-30.9745],[-65.4768,-30.98],[-65.4782,-30.983],[-65.4739,-30.9858],[-65.4729,-30.9811],[-65.4682,-30.981],[-65.4679,-30.9848],[-65.4729,-30.9894],[-65.477,-30.9892],[-65.4797,-30.9833],[-65.4835,-30.9835],[-65.4826,-30.9892],[-65.4876,-30.9914],[-65.4878,-30.9855],[-65.493,-30.9855],[-65.493,-30.982],[-65.5035,-30.9817],[-65.5078,-30.9885],[-65.5141,-30.9883],[-65.5135,-30.9668],[-65.5057,-30.9668],[-65.5001,-30.9657],[-65.4938,-30.9674],[-65.4964,-30.9762],[-65.4819,-30.9765],[-65.4793,-30.9721],[-65.4818,-30.9683],[-65.4872,-30.9718],[-65.4881,-30.9637],[-65.4936,-30.9636],[-65.4919,-30.9581],[-65.492,-30.9499],[-65.4983,-30.9476],[-65.5038,-30.9514],[-65.5091,-30.952],[-65.5081,-30.9563],[-65.5136,-30.9553],[-65.5137,-30.9585],[-65.5186,-30.9599],[-65.5187,-30.9621],[-65.5246,-30.9665],[-65.5266,-30.9563],[-65.5293,-30.956],[-65.5319,-30.9515],[-65.5291,-30.9469],[-65.5319,-30.9447],[-65.537,-30.9469],[-65.5452,-30.9477],[-65.5479,-30.9513],[-65.5533,-30.9523],[-65.5631,-30.9512],[-65.5627,-30.9554],[-65.5662,-30.9554],[-65.5657,-30.9498],[-65.5558,-30.9508],[-65.5545,-30.9456],[-65.5609,-30.9451],[-65.5607,-30.9383],[-65.5647,-30.9383],[-65.5648,-30.9337],[-65.5685,-30.9267],[-65.5657,-30.9267],[-65.5659,-30.92],[-65.5697,-30.9223],[-65.5685,-30.9289],[-65.5698,-30.9324],[-65.5706,-30.9416],[-65.5728,-30.9439],[-65.5746,-30.9541],[-65.5773,-30.9551],[-65.5822,-30.9535],[-65.5796,-30.9482],[-65.5822,-30.9436],[-65.5792,-30.9345],[-65.5793,-30.9278],[-65.5816,-30.9252],[-65.5818,-30.9207],[-65.5839,-30.9185],[-65.5824,-30.9138],[-65.5861,-30.9081],[-65.5848,-30.9047],[-65.585,-30.8954],[-65.59,-30.8942],[-65.5914,-30.8907],[-65.5832,-30.8907],[-65.586,-30.8875],[-65.5857,-30.8829],[-65.5802,-30.8809],[-65.5793,-30.8771],[-65.5885,-30.8771],[-65.5908,-30.8781],[-65.5945,-30.8746],[-65.5908,-30.8715],[-65.5908,-30.869],[-65.5811,-30.8612],[-65.5814,-30.857],[-65.5757,-30.856],[-65.5732,-30.8494],[-65.5774,-30.8487],[-65.5757,-30.8544],[-65.5822,-30.8553],[-65.5845,-30.8506],[-65.5818,-30.8442],[-65.5795,-30.8419],[-65.5686,-30.8419],[-65.5678,-30.8397],[-65.5766,-30.8399],[-65.579,-30.8347],[-65.579,-30.8233],[-65.5743,-30.8108],[-65.5718,-30.8087],[-65.5652,-30.8079],[-65.5652,-30.8052],[-65.5758,-30.8039],[-65.5808,-30.7947],[-65.5792,-30.7916],[-65.5754,-30.7914],[-65.5741,-30.7984],[-65.5624,-30.7986],[-65.5662,-30.7952],[-65.5671,-30.7913],[-65.5659,-30.7871],[-65.5595,-30.7882],[-65.5592,-30.7849],[-65.5675,-30.78],[-65.568,-30.7756],[-65.5707,-30.7732],[-65.5786,-30.7751],[-65.5742,-30.7618],[-65.5612,-30.7599],[-65.5583,-30.7529],[-65.5597,-30.7424],[-65.5673,-30.7431],[-65.5697,-30.7407],[-65.5699,-30.734],[-65.5713,-30.731],[-65.5766,-30.731],[-65.5798,-30.7355],[-65.5796,-30.7456],[-65.5812,-30.7559],[-65.5853,-30.7579],[-65.5876,-30.7533],[-65.5874,-30.7467],[-65.5846,-30.7409],[-65.5862,-30.7352],[-65.5923,-30.7348],[-65.5908,-30.7317],[-65.5789,-30.732],[-65.5776,-30.7275],[-65.5788,-30.7126],[-65.5774,-30.7091],[-65.5824,-30.7085],[-65.5821,-30.6973],[-65.5832,-30.6962],[-65.5794,-30.6904],[-65.5844,-30.6883],[-65.587,-30.6791],[-65.585,-30.6606],[-65.5904,-30.6607],[-65.5941,-30.6577],[-65.5989,-30.6568],[-65.6451,-30.7605],[-65.6706,-30.8179],[-65.7005,-30.8853],[-65.739,-30.9707],[-65.754,-31.0052],[-65.7712,-31.0425],[-65.769,-31.2616],[-65.4664,-31.2641],[-65.5263,-31.2638],[-65.4716,-31.3961],[-65.4704,-31.3991],[-65.4653,-31.4001],[-65.4586,-31.3975],[-65.4559,-31.401],[-65.452,-31.4015],[-65.4439,-31.3997],[-65.4416,-31.4018],[-65.435,-31.4022],[-65.431,-31.4059],[-65.437,-31.4109],[-65.4472,-31.4173],[-65.4415,-31.4264],[-65.4391,-31.4214],[-65.4359,-31.4182],[-65.4315,-31.4175],[-65.4394,-31.4279],[-65.4388,-31.4321],[-65.444,-31.4375],[-65.4472,-31.4339],[-65.4421,-31.4323],[-65.4427,-31.4287],[-65.4493,-31.4218],[-65.4525,-31.4214],[-65.4535,-31.4257],[-65.4582,-31.4285],[-65.4394,-31.4736],[-65.4448,-31.5056],[-65.438,-31.5257],[-65.4177,-31.5391],[-65.3994,-31.5492],[-65.3947,-31.5596],[-65.3717,-31.5598],[-65.3132,-31.6711],[-65.2949,-31.6702],[-65.2859,-31.6858],[-65.2684,-31.6949],[-65.2615,-31.7064],[-65.2809,-31.706],[-65.2908,-31.7153],[-65.3089,-31.7197],[-65.32,-31.7219],[-65.3308,-31.7366],[-65.34,-31.7271],[-65.3479,-31.7237],[-65.3555,-31.7236],[-65.3649,-31.7211],[-65.3715,-31.7249],[-65.378,-31.7248],[-65.3822,-31.727],[-65.3902,-31.7258],[-65.3899,-31.7167],[-65.3818,-31.7185],[-65.3755,-31.7167],[-65.366,-31.7183],[-65.3594,-31.7141],[-65.3665,-31.7068],[-65.3629,-31.6987],[-65.3724,-31.6992],[-65.4069,-31.6982],[-65.405,-31.7259],[-65.3994,-31.7286],[-65.399,-31.724],[-65.3947,-31.7228],[-65.3937,-31.7313],[-65.3949,-31.7452],[-65.4036,-31.7438],[-65.4,-31.7377],[-65.4009,-31.7342],[-65.4147,-31.7332],[-65.4193,-31.7347],[-65.4248,-31.7408],[-65.4297,-31.7391],[-65.4303,-31.7335],[-65.4344,-31.7308],[-65.4301,-31.7267],[-65.4276,-31.7186],[-65.4233,-31.7142],[-65.426,-31.7004],[-65.4324,-31.6958],[-65.4337,-31.687],[-65.437,-31.6824],[-65.45,-31.6886],[-65.4513,-31.6928],[-65.4507,-31.6996],[-65.4547,-31.7077],[-65.4519,-31.7152],[-65.4513,-31.7227],[-65.4519,-31.7305],[-65.4596,-31.7339],[-65.4599,-31.7151],[-65.4613,-31.7105],[-65.4682,-31.7026],[-65.4787,-31.6949],[-65.4828,-31.7028],[-65.4856,-31.711],[-65.4908,-31.7213],[-65.4959,-31.7261],[-65.4972,-31.7323],[-65.5066,-31.7294],[-65.5074,-31.7177],[-65.4926,-31.7162],[-65.4976,-31.7053],[-65.4921,-31.6964],[-65.4979,-31.6801],[-65.4976,-31.6684],[-65.491,-31.6568],[-65.4919,-31.6496],[-65.481,-31.6363],[-65.4796,-31.6229],[-65.4743,-31.623],[-65.4678,-31.615],[-65.459,-31.6017],[-65.4651,-31.5908],[-65.4585,-31.5792],[-65.4665,-31.5655],[-65.4682,-31.5518],[-65.4501,-31.5407],[-65.4687,-31.5286],[-65.4847,-31.5391],[-65.4852,-31.5562],[-65.4876,-31.5669],[-65.4879,-31.5794],[-65.4879,-31.5813],[-65.4914,-31.5963],[-65.4938,-31.6055],[-65.4952,-31.619],[-65.5135,-31.633],[-65.5306,-31.6444],[-65.5513,-31.6296],[-65.5809,-31.621],[-65.578,-31.6174],[-65.5852,-31.6168],[-65.5817,-31.6115],[-65.5842,-31.6065],[-65.5762,-31.6005],[-65.5772,-31.5975],[-65.5827,-31.5929],[-65.5777,-31.592],[-65.5803,-31.5874],[-65.5773,-31.5857],[-65.5715,-31.5921],[-65.5726,-31.5957],[-65.5713,-31.601],[-65.5657,-31.6043],[-65.5621,-31.6046],[-65.5584,-31.6009],[-65.5608,-31.5987],[-65.5667,-31.5992],[-65.5663,-31.5925],[-65.5636,-31.5915],[-65.5617,-31.5871],[-65.5707,-31.5769],[-65.5677,-31.5742],[-65.5597,-31.5753],[-65.5529,-31.5744],[-65.5492,-31.5723],[-65.5504,-31.5693],[-65.544,-31.5685],[-65.5408,-31.5632],[-65.542,-31.5607],[-65.5479,-31.5573],[-65.5549,-31.5605],[-65.5551,-31.5652],[-65.5578,-31.5667],[-65.5624,-31.5615],[-65.5566,-31.5565],[-65.554,-31.5517],[-65.5499,-31.5566],[-65.5398,-31.5557],[-65.5411,-31.5513],[-65.5376,-31.5498],[-65.5383,-31.5476],[-65.5406,-31.5434],[-65.5503,-31.5426],[-65.5514,-31.5444],[-65.559,-31.5418],[-65.5704,-31.5433],[-65.5744,-31.5386],[-65.5788,-31.5367],[-65.5783,-31.543],[-65.5747,-31.5434],[-65.5735,-31.5515],[-65.5788,-31.5488],[-65.5884,-31.5457],[-65.5892,-31.5414],[-65.5847,-31.5348],[-65.5846,-31.5324],[-65.5925,-31.5293],[-65.5913,-31.5253],[-65.5966,-31.5229],[-65.5968,-31.5191],[-65.5908,-31.5149],[-65.5904,-31.5201],[-65.588,-31.524],[-65.5823,-31.5186],[-65.577,-31.5216],[-65.5756,-31.518],[-65.5799,-31.5173],[-65.5803,-31.5126],[-65.592,-31.4982],[-65.5931,-31.4912],[-65.6022,-31.4861],[-65.6082,-31.4866],[-65.6121,-31.495],[-65.6142,-31.4955],[-65.6191,-31.492],[-65.6209,-31.486],[-65.6205,-31.4811],[-65.617,-31.4764],[-65.6141,-31.4748],[-65.6078,-31.4803],[-65.6054,-31.4791],[-65.6054,-31.4738],[-65.6118,-31.4687],[-65.6138,-31.4642],[-65.6131,-31.4576],[-65.6111,-31.4534],[-65.6148,-31.4504],[-65.6121,-31.4474],[-65.6117,-31.4404],[-65.6142,-31.4375],[-65.6212,-31.4396],[-65.6213,-31.4423],[-65.6164,-31.4442],[-65.6208,-31.4499],[-65.619,-31.453],[-65.6278,-31.4537],[-65.6294,-31.4597],[-65.6243,-31.4592],[-65.6242,-31.4635],[-65.6311,-31.4604],[-65.6324,-31.4679],[-65.6245,-31.4708],[-65.6241,-31.4749],[-65.6375,-31.4782],[-65.6421,-31.478],[-65.6418,-31.4819],[-65.6371,-31.484],[-65.6307,-31.4842],[-65.6292,-31.4859],[-65.6233,-31.4846],[-65.6209,-31.4902],[-65.6261,-31.4908],[-65.6318,-31.4875],[-65.6342,-31.4916],[-65.6288,-31.4939],[-65.6311,-31.4981],[-65.6372,-31.4967],[-65.6379,-31.5008],[-65.6433,-31.5063],[-65.6477,-31.5059],[-65.6476,-31.5021],[-65.6451,-31.4988],[-65.6501,-31.4962],[-65.6516,-31.5001],[-65.656,-31.5027],[-65.6574,-31.5058],[-65.6556,-31.5098],[-65.6619,-31.5094],[-65.6605,-31.5031],[-65.6636,-31.5015],[-65.6621,-31.4978],[-65.6659,-31.4965],[-65.6661,-31.4938],[-65.6617,-31.4905],[-65.6576,-31.4841],[-65.6547,-31.4835],[-65.6541,-31.4795],[-65.6471,-31.4753],[-65.6413,-31.4742],[-65.6374,-31.4707],[-65.6392,-31.4624],[-65.6438,-31.4598],[-65.6435,-31.4563],[-65.643,-31.4552],[-65.6455,-31.454],[-65.6465,-31.4545],[-65.6482,-31.4554],[-65.6513,-31.4574],[-65.6551,-31.4539],[-65.662,-31.4502],[-65.6642,-31.454],[-65.6662,-31.4597],[-65.6628,-31.4706],[-65.6688,-31.4745],[-65.6721,-31.4742],[-65.6749,-31.4678],[-65.681,-31.461],[-65.6831,-31.4586],[-65.7001,-31.4681],[-65.7128,-31.4697],[-65.7235,-31.4775],[-65.7243,-31.4694],[-65.7312,-31.454],[-65.7356,-31.4718],[-65.7392,-31.4717],[-65.7409,-31.4715],[-65.7416,-31.4712],[-65.7419,-31.4704],[-65.7409,-31.4698],[-65.7397,-31.4675],[-65.7443,-31.4651],[-65.7445,-31.4603],[-65.7518,-31.4591],[-65.7565,-31.4559],[-65.7589,-31.4619],[-65.7619,-31.4596],[-65.7602,-31.4559],[-65.7617,-31.4523],[-65.7646,-31.4516],[-65.7585,-31.4479],[-65.7622,-31.4457],[-65.7628,-31.4423],[-65.7702,-31.4421],[-65.7702,-31.489],[-65.7621,-31.4893],[-65.7609,-31.4928],[-65.7641,-31.4965],[-65.7639,-31.4996],[-65.7572,-31.4998],[-65.7593,-31.5025],[-65.7579,-31.5058],[-65.7634,-31.5071],[-65.7633,-31.5078],[-65.7529,-31.5088],[-65.7486,-31.5084],[-65.7483,-31.5124],[-65.7397,-31.5208],[-65.7317,-31.519],[-65.739,-31.5149],[-65.7427,-31.5078],[-65.7415,-31.5029],[-65.739,-31.4997],[-65.7412,-31.4967],[-65.7388,-31.4952],[-65.7392,-31.4987],[-65.7315,-31.5071],[-65.7316,-31.5189],[-65.7205,-31.519],[-65.713,-31.5147],[-65.7139,-31.5083],[-65.7056,-31.5043],[-65.7044,-31.5066],[-65.6929,-31.5079],[-65.679,-31.5044],[-65.6802,-31.5089],[-65.684,-31.5104],[-65.6862,-31.5178],[-65.6927,-31.5204],[-65.687,-31.5258],[-65.6858,-31.5297],[-65.6826,-31.5316],[-65.6832,-31.5373],[-65.6805,-31.5406],[-65.6734,-31.5394],[-65.6669,-31.5457],[-65.6609,-31.5482],[-65.6611,-31.5519],[-65.6551,-31.554],[-65.6515,-31.55],[-65.6456,-31.5534],[-65.6509,-31.558],[-65.6485,-31.5617],[-65.6485,-31.5674],[-65.6448,-31.5772],[-65.6485,-31.5804],[-65.6449,-31.5834],[-65.6444,-31.5884],[-65.6483,-31.5884],[-65.651,-31.5951],[-65.6504,-31.5981],[-65.6406,-31.6038],[-65.6368,-31.6007],[-65.633,-31.6045],[-65.629,-31.6047],[-65.6264,-31.5939],[-65.6214,-31.5885],[-65.6223,-31.5825],[-65.6223,-31.5803],[-65.6153,-31.575],[-65.6204,-31.5712],[-65.6253,-31.5638],[-65.6205,-31.5593],[-65.6065,-31.5517],[-65.6088,-31.5599],[-65.6011,-31.5605],[-65.601,-31.5633],[-65.604,-31.5665],[-65.6014,-31.5727],[-65.5974,-31.5765],[-65.599,-31.5793],[-65.6074,-31.5822],[-65.6085,-31.5864],[-65.6039,-31.5885],[-65.6065,-31.5928],[-65.612,-31.5941],[-65.6136,-31.5975],[-65.6039,-31.6033],[-65.5976,-31.6088],[-65.5985,-31.6146],[-65.5972,-31.6176],[-65.5901,-31.622],[-65.6029,-31.6318],[-65.621,-31.6407],[-65.6211,-31.6604],[-65.6302,-31.6693],[-65.6296,-31.6827],[-65.6337,-31.679],[-65.6358,-31.6839],[-65.6419,-31.6875],[-65.6372,-31.696],[-65.6489,-31.6959],[-65.6528,-31.6971],[-65.661,-31.7048],[-65.6556,-31.7104],[-65.6504,-31.7161],[-65.6583,-31.7161],[-65.6649,-31.7277],[-65.6653,-31.7325],[-65.6687,-31.7365],[-65.6675,-31.7438]],[[-65.2114,-30.7697],[-65.209,-30.7742],[-65.2089,-30.7776],[-65.2143,-30.7776],[-65.2169,-30.7753],[-65.2168,-30.7719],[-65.2114,-30.7697]],[[-64.7039,-30.7017],[-64.7088,-30.702],[-64.7093,-30.698],[-64.6996,-30.6986],[-64.6991,-30.7014],[-64.7039,-30.7017]],[[-64.6726,-30.7703],[-64.6814,-30.7609],[-64.6749,-30.7521],[-64.6698,-30.7559],[-64.6681,-30.7603],[-64.6696,-30.7654],[-64.6726,-30.7703]],[[-64.6168,-31.0822],[-64.62,-31.0815],[-64.622,-31.0727],[-64.6265,-31.0624],[-64.6258,-31.0543],[-64.6232,-31.0455],[-64.6187,-31.0463],[-64.6158,-31.0491],[-64.615,-31.0554],[-64.6074,-31.0636],[-64.6069,-31.0667],[-64.5982,-31.0709],[-64.5976,-31.074],[-64.6007,-31.0761],[-64.6042,-31.0713],[-64.6088,-31.0674],[-64.6162,-31.0648],[-64.6155,-31.0707],[-64.6173,-31.0767],[-64.6168,-31.0822]],[[-64.5744,-30.8932],[-64.5822,-30.8931],[-64.5842,-30.8877],[-64.5932,-30.8779],[-64.5972,-30.8714],[-64.6103,-30.8638],[-64.6078,-30.8595],[-64.5981,-30.8645],[-64.5744,-30.8932]],[[-64.497,-30.6724],[-64.4987,-30.6708],[-64.5073,-30.6714],[-64.51,-30.6697],[-64.5171,-30.6699],[-64.5146,-30.6641],[-64.5087,-30.6574],[-64.5072,-30.6606],[-64.5024,-30.6619],[-64.5015,-30.6689],[-64.4983,-30.6699],[-64.497,-30.6724]],[[-64.3748,-30.2338],[-64.3805,-30.2368],[-64.3821,-30.2329],[-64.3748,-30.2338]],[[-64.3356,-30.3463],[-64.3392,-30.3492],[-64.3396,-30.3566],[-64.3468,-30.356],[-64.3419,-30.3454],[-64.3356,-30.3463]],[[-64.3864,-30.1958],[-64.3955,-30.1999],[-64.3939,-30.1961],[-64.3864,-30.1958]],[[-64.7244,-30.146],[-64.7168,-30.1487],[-64.7165,-30.1576],[-64.7242,-30.1578],[-64.7255,-30.1553],[-64.7333,-30.1549],[-64.7309,-30.1502],[-64.7244,-30.146]],[[-65.3308,-31.7366],[-65.3226,-31.7564],[-65.3419,-31.7447],[-65.3395,-31.7517],[-65.341,-31.7575],[-65.3379,-31.7601],[-65.3387,-31.7638],[-65.3442,-31.7631],[-65.3516,-31.7661],[-65.3506,-31.7574],[-65.3515,-31.7492],[-65.3503,-31.744],[-65.3553,-31.7414],[-65.3626,-31.74],[-65.3676,-31.735],[-65.3686,-31.7298],[-65.3674,-31.726],[-65.362,-31.7247],[-65.3544,-31.7262],[-65.3507,-31.7305],[-65.3526,-31.7402],[-65.3308,-31.7366]],[[-65.677,-31.4969],[-65.6744,-31.4807],[-65.6712,-31.4823],[-65.6653,-31.4879],[-65.6677,-31.4887],[-65.6703,-31.4949],[-65.6751,-31.4948],[-65.677,-31.4969]],[[-65.0009,-30.933],[-65.0007,-30.933],[-64.9969,-30.9325],[-64.9904,-30.9387],[-64.9971,-30.9438],[-65.0018,-30.9427],[-64.9987,-30.9385],[-65.0018,-30.9331],[-65.0009,-30.933]],[[-65.6304,-31.718],[-65.6308,-31.7239],[-65.6233,-31.7285],[-65.6231,-31.7201],[-65.6262,-31.7182],[-65.6238,-31.7145],[-65.6204,-31.713],[-65.6154,-31.7171],[-65.6209,-31.726],[-65.6216,-31.7308],[-65.6263,-31.73],[-65.6293,-31.734],[-65.6294,-31.7387],[-65.632,-31.7442],[-65.6456,-31.744],[-65.6428,-31.7364],[-65.6453,-31.7326],[-65.6414,-31.7316],[-65.6415,-31.7285],[-65.6444,-31.7205],[-65.6427,-31.7168],[-65.6367,-31.7201],[-65.6363,-31.7263],[-65.6342,-31.7262],[-65.6318,-31.7179],[-65.6304,-31.718]],[[-65.7367,-31.4763],[-65.738,-31.4877],[-65.7411,-31.4878],[-65.7419,-31.4886],[-65.743,-31.4887],[-65.7436,-31.488],[-65.7445,-31.4854],[-65.7448,-31.4854],[-65.7421,-31.4807],[-65.7511,-31.4802],[-65.7506,-31.4768],[-65.7462,-31.4768],[-65.7416,-31.4797],[-65.7362,-31.4744],[-65.7367,-31.4763]],[[-65.1167,-30.9415],[-65.1203,-30.9414],[-65.1156,-30.9315],[-65.116,-30.9269],[-65.123,-30.9253],[-65.1307,-30.9298],[-65.1306,-30.9244],[-65.1283,-30.9198],[-65.1246,-30.9164],[-65.1215,-30.9165],[-65.1205,-30.9104],[-65.1276,-30.911],[-65.1297,-30.9048],[-65.1252,-30.9007],[-65.1248,-30.8956],[-65.1194,-30.8952],[-65.1187,-30.8956],[-65.1124,-30.9006],[-65.1069,-30.9068],[-65.0993,-30.9079],[-65.0858,-30.9069],[-65.0842,-30.9104],[-65.0789,-30.9115],[-65.0792,-30.915],[-65.073,-30.9174],[-65.0689,-30.9218],[-65.0557,-30.9221],[-65.0559,-30.9311],[-65.0581,-30.9314],[-65.0582,-30.9246],[-65.0712,-30.9241],[-65.0766,-30.9218],[-65.0767,-30.9264],[-65.0926,-30.9206],[-65.0932,-30.9288],[-65.0956,-30.9326],[-65.0943,-30.9361],[-65.0958,-30.9403],[-65.1006,-30.9391],[-65.1086,-30.9405],[-65.1167,-30.9415]],[[-65.3346,-30.6875],[-65.3279,-30.6908],[-65.3223,-30.6989],[-65.3175,-30.7044],[-65.3172,-30.7101],[-65.3196,-30.7151],[-65.322,-30.725],[-65.3222,-30.7338],[-65.33,-30.741],[-65.3361,-30.7336],[-65.345,-30.7276],[-65.3437,-30.7016],[-65.3466,-30.6873],[-65.3346,-30.6875]],[[-65.0646,-30.9505],[-65.0596,-30.9511],[-65.0516,-30.9409],[-65.0467,-30.9423],[-65.0408,-30.9412],[-65.0388,-30.9381],[-65.0376,-30.9366],[-65.0305,-30.9322],[-65.0272,-30.9288],[-65.0293,-30.9313],[-65.0312,-30.9329],[-65.0273,-30.9421],[-65.0375,-30.9383],[-65.0407,-30.9411],[-65.0408,-30.9412],[-65.0475,-30.9493],[-65.0603,-30.9607],[-65.061,-30.9654],[-65.0571,-30.9655],[-65.0576,-30.9725],[-65.0607,-30.9754],[-65.0651,-30.9749],[-65.0655,-30.9813],[-65.0617,-30.9835],[-65.0601,-30.9874],[-65.0651,-30.9897],[-65.0696,-30.9901],[-65.0672,-30.9975],[-65.0635,-31.0019],[-65.0654,-31.004],[-65.0697,-31.0016],[-65.0735,-31.0055],[-65.0732,-31.0082],[-65.077,-31.0122],[-65.0899,-31.0096],[-65.0938,-31.0094],[-65.0889,-31.0001],[-65.0829,-30.9901],[-65.0743,-30.9795],[-65.0709,-30.9717],[-65.0657,-30.9647],[-65.0646,-30.9505]],[[-65.0938,-31.0094],[-65.0923,-31.0153],[-65.0927,-31.0217],[-65.0883,-31.0232],[-65.082,-31.0271],[-65.0784,-31.0255],[-65.0785,-31.0174],[-65.0744,-31.0201],[-65.0712,-31.027],[-65.0667,-31.0243],[-65.0576,-31.0265],[-65.0513,-31.0302],[-65.0467,-31.0344],[-65.0476,-31.0401],[-65.0505,-31.0392],[-65.0971,-31.0349],[-65.0938,-31.0094]],[[-64.4102,-30.0015],[-64.4079,-29.9982],[-64.4028,-29.9964],[-64.3993,-29.9928],[-64.3851,-29.9929],[-64.3829,-29.9961],[-64.383,-30.0025],[-64.3888,-30.0046],[-64.397,-30.0045],[-64.4063,-30.0011],[-64.4102,-30.0015]],[[-64.4808,-30.3619],[-64.4849,-30.3611],[-64.4843,-30.3545],[-64.4788,-30.3521],[-64.4807,-30.3557],[-64.4808,-30.3619]],[[-64.4788,-30.3521],[-64.4825,-30.3471],[-64.4875,-30.3465],[-64.4858,-30.3395],[-64.4878,-30.3321],[-64.496,-30.3322],[-64.4925,-30.3376],[-64.5013,-30.348],[-64.5187,-30.3481],[-64.5353,-30.3488],[-64.5307,-30.3561],[-64.5546,-30.3565],[-64.5536,-30.3479],[-64.5445,-30.3487],[-64.5462,-30.3461],[-64.5956,-30.345],[-64.5966,-30.3042],[-64.5991,-30.3056],[-64.6057,-30.3048],[-64.6096,-30.3074],[-64.6152,-30.308],[-64.6148,-30.303],[-64.6278,-30.3021],[-64.627,-30.2851],[-64.6333,-30.284],[-64.6314,-30.2702],[-64.633,-30.2655],[-64.6305,-30.2639],[-64.6217,-30.2647],[-64.6107,-30.267],[-64.5991,-30.2686],[-64.5988,-30.2878],[-64.5969,-30.289],[-64.5958,-30.2734],[-64.582,-30.2727],[-64.5735,-30.279],[-64.5685,-30.2791],[-64.5666,-30.2966],[-64.5686,-30.3007],[-64.569,-30.3069],[-64.5718,-30.3114],[-64.5259,-30.3122],[-64.5103,-30.304],[-64.5017,-30.3029],[-64.4967,-30.3071],[-64.4993,-30.3094],[-64.4944,-30.315],[-64.4894,-30.3136],[-64.4862,-30.304],[-64.4807,-30.3043],[-64.48,-30.3168],[-64.4815,-30.3225],[-64.4787,-30.3245],[-64.4832,-30.331],[-64.4725,-30.3322],[-64.4703,-30.3363],[-64.4742,-30.3437],[-64.4695,-30.3467],[-64.4681,-30.3536],[-64.4759,-30.3505],[-64.4788,-30.3521]],[[-64.2727,-30.3336],[-64.2754,-30.3405],[-64.2819,-30.3378],[-64.2907,-30.3374],[-64.2938,-30.3357],[-64.2919,-30.33],[-64.3083,-30.3293],[-64.3099,-30.3317],[-64.3146,-30.3298],[-64.3266,-30.3302],[-64.3202,-30.3184],[-64.3216,-30.3135],[-64.3181,-30.309],[-64.3171,-30.3037],[-64.3081,-30.2959],[-64.2948,-30.2927],[-64.2904,-30.2939],[-64.2943,-30.2974],[-64.2943,-30.3009],[-64.2882,-30.306],[-64.2922,-30.3078],[-64.2913,-30.3116],[-64.2917,-30.3215],[-64.2873,-30.3229],[-64.2868,-30.3295],[-64.2744,-30.3294],[-64.2727,-30.3336]],[[-64.2873,-30.3229],[-64.287,-30.3188],[-64.2838,-30.318],[-64.2839,-30.3243],[-64.2873,-30.3229]],[[-64.5901,-30.5192],[-64.5826,-30.5216],[-64.5861,-30.5261],[-64.5794,-30.5349],[-64.5858,-30.5349],[-64.5968,-30.5369],[-64.5968,-30.5314],[-64.5873,-30.5303],[-64.5927,-30.5243],[-64.5974,-30.5225],[-64.5968,-30.5197],[-64.5901,-30.5192]],[[-64.6434,-30.5818],[-64.6406,-30.5862],[-64.6394,-30.5946],[-64.6395,-30.6017],[-64.6453,-30.6014],[-64.6498,-30.5942],[-64.6615,-30.5943],[-64.6637,-30.5952],[-64.6616,-30.6019],[-64.679,-30.6014],[-64.684,-30.604],[-64.6936,-30.6017],[-64.7,-30.6031],[-64.6996,-30.5995],[-64.6842,-30.6002],[-64.6787,-30.5991],[-64.6601,-30.5776],[-64.6516,-30.5815],[-64.6434,-30.5818]],[[-64.7001,-30.882],[-64.7068,-30.8755],[-64.7044,-30.871],[-64.7007,-30.8747],[-64.7001,-30.882]],[[-65.2164,-31.1234],[-65.2129,-31.1297],[-65.2184,-31.1315],[-65.2177,-31.1379],[-65.219,-31.141],[-65.223,-31.1424],[-65.2207,-31.1289],[-65.2228,-31.1236],[-65.2193,-31.1209],[-65.2164,-31.1234]],[[-65.2164,-31.1234],[-65.2121,-31.1176],[-65.2075,-31.1209],[-65.2078,-31.1262],[-65.204,-31.1274],[-65.2051,-31.1342],[-65.2039,-31.1365],[-65.1973,-31.1404],[-65.1946,-31.1372],[-65.1936,-31.1238],[-65.1906,-31.1199],[-65.1916,-31.116],[-65.1905,-31.1116],[-65.1988,-31.1071],[-65.217,-31.1084],[-65.2192,-31.1124],[-65.2262,-31.1165],[-65.2337,-31.1172],[-65.2374,-31.1149],[-65.2393,-31.1102],[-65.2315,-31.1009],[-65.2296,-31.0931],[-65.2409,-31.0877],[-65.2391,-31.0821],[-65.2267,-31.0767],[-65.2219,-31.0521],[-65.2354,-31.0415],[-65.2275,-31.0249],[-65.2278,-31.0117],[-65.2233,-31.0057],[-65.2265,-30.9923],[-65.209,-30.9866],[-65.2134,-31.0261],[-65.2097,-31.0553],[-65.2084,-31.0748],[-65.1907,-31.0945],[-65.1831,-31.1036],[-65.1799,-31.1164],[-65.1663,-31.1308],[-65.1752,-31.1404],[-65.1825,-31.1444],[-65.1818,-31.1522],[-65.1799,-31.1592],[-65.1816,-31.1626],[-65.1801,-31.1737],[-65.1818,-31.1835],[-65.1877,-31.1831],[-65.1931,-31.1894],[-65.1921,-31.1994],[-65.1976,-31.2008],[-65.1969,-31.2032],[-65.2026,-31.2065],[-65.2061,-31.203],[-65.2101,-31.2033],[-65.2162,-31.2086],[-65.2185,-31.2053],[-65.224,-31.2071],[-65.2237,-31.2115],[-65.2338,-31.2158],[-65.2381,-31.2146],[-65.2353,-31.2115],[-65.2358,-31.2089],[-65.2325,-31.2035],[-65.2249,-31.2008],[-65.2247,-31.1985],[-65.2206,-31.1941],[-65.2185,-31.1894],[-65.219,-31.1852],[-65.2112,-31.1783],[-65.2088,-31.1782],[-65.2028,-31.1725],[-65.2007,-31.165],[-65.1928,-31.1596],[-65.1884,-31.1588],[-65.1821,-31.1604],[-65.1838,-31.1509],[-65.1881,-31.1513],[-65.1934,-31.1556],[-65.1958,-31.1543],[-65.1997,-31.143],[-65.2051,-31.1421],[-65.2055,-31.1381],[-65.208,-31.135],[-65.2072,-31.1298],[-65.2118,-31.1264],[-65.2122,-31.1221],[-65.2164,-31.1234]],[[-65.0965,-31.1865],[-65.1014,-31.1855],[-65.1078,-31.1798],[-65.1103,-31.1749],[-65.1096,-31.1676],[-65.1024,-31.1699],[-65.0964,-31.1659],[-65.0946,-31.1608],[-65.0891,-31.1626],[-65.0987,-31.1712],[-65.099,-31.1748],[-65.0971,-31.1793],[-65.1007,-31.1814],[-65.0994,-31.1852],[-65.0965,-31.1865]],[[-65.0912,-31.1861],[-65.0906,-31.1892],[-65.0834,-31.1934],[-65.0854,-31.2013],[-65.0819,-31.2065],[-65.0877,-31.2053],[-65.0886,-31.1992],[-65.0868,-31.1971],[-65.088,-31.1915],[-65.0921,-31.19],[-65.0912,-31.1861]],[[-65.351,-31.2485],[-65.3705,-31.2395],[-65.37,-31.2375],[-65.3636,-31.2374],[-65.364,-31.2418],[-65.3582,-31.2419],[-65.3557,-31.2447],[-65.3515,-31.2459],[-65.351,-31.2485]],[[-65.1085,-31.7363],[-65.1107,-31.7319],[-65.1261,-31.7158],[-65.1422,-31.6931],[-65.1897,-31.6544],[-65.2302,-31.6099],[-65.247,-31.5857],[-65.2703,-31.5536],[-65.2924,-31.5105],[-65.2993,-31.4975],[-65.3056,-31.4749],[-65.3077,-31.4465],[-65.2989,-31.4278],[-65.2998,-31.4064],[-65.2813,-31.3843],[-65.2412,-31.3779],[-65.193,-31.3787],[-65.1666,-31.3709],[-65.1376,-31.3679],[-65.1098,-31.3577],[-65.107,-31.3673],[-65.0964,-31.3738],[-65.0963,-31.4104],[-65.1097,-31.413],[-65.1098,-31.4159],[-65.1336,-31.4152],[-65.1351,-31.4305],[-65.1267,-31.4423],[-65.1272,-31.4485],[-65.1188,-31.448],[-65.1095,-31.4402],[-65.1109,-31.4862],[-65.1011,-31.5016],[-65.1012,-31.5104],[-65.0927,-31.5193],[-65.0927,-31.5281],[-65.0858,-31.5342],[-65.0795,-31.5409],[-65.0739,-31.5512],[-65.0653,-31.5481],[-65.0451,-31.5485],[-65.0392,-31.5537],[-65.0394,-31.5606],[-65.0436,-31.5692],[-65.0477,-31.5743],[-65.0509,-31.5812],[-65.0652,-31.5878],[-65.0695,-31.6016],[-65.0832,-31.5978],[-65.083,-31.6076],[-65.0774,-31.6186],[-65.0693,-31.6291],[-65.0643,-31.6309],[-65.0421,-31.64],[-65.0491,-31.65],[-65.0483,-31.6607],[-65.0569,-31.6673],[-65.0563,-31.677],[-65.063,-31.6889],[-65.0683,-31.7043],[-65.068,-31.7112],[-65.0795,-31.7138],[-65.0899,-31.7191],[-65.1035,-31.7243],[-65.1085,-31.7363]],[[-65.5491,-31.8622],[-65.5436,-31.8638],[-65.5412,-31.8666],[-65.5436,-31.8721],[-65.5438,-31.8763],[-65.5492,-31.8788],[-65.5492,-31.8749],[-65.5565,-31.8669],[-65.564,-31.8655],[-65.571,-31.8626],[-65.5703,-31.858],[-65.5632,-31.8584],[-65.5581,-31.8565],[-65.5572,-31.8516],[-65.5699,-31.8436],[-65.5721,-31.8403],[-65.5701,-31.8358],[-65.5773,-31.8343],[-65.5834,-31.8362],[-65.5989,-31.8306],[-65.588,-31.8247],[-65.5841,-31.8218],[-65.5838,-31.8111],[-65.5846,-31.7971],[-65.5776,-31.7918],[-65.567,-31.7942],[-65.5667,-31.7972],[-65.5514,-31.7936],[-65.5439,-31.7986],[-65.5399,-31.8052],[-65.5376,-31.8115],[-65.5314,-31.8138],[-65.5319,-31.8174],[-65.5428,-31.8129],[-65.5433,-31.8181],[-65.5484,-31.8226],[-65.5529,-31.8192],[-65.5567,-31.8191],[-65.5549,-31.8244],[-65.5577,-31.8282],[-65.5635,-31.831],[-65.5517,-31.8313],[-65.5456,-31.832],[-65.5409,-31.8365],[-65.5417,-31.8445],[-65.532,-31.8464],[-65.5322,-31.855],[-65.527,-31.8587],[-65.5239,-31.8683],[-65.5315,-31.8681],[-65.5322,-31.875],[-65.5391,-31.872],[-65.5392,-31.8658],[-65.5367,-31.8628],[-65.5491,-31.8592],[-65.5491,-31.8622]],[[-65.5989,-31.8306],[-65.6152,-31.8284],[-65.6173,-31.8244],[-65.6168,-31.8192],[-65.6148,-31.8147],[-65.6142,-31.8092],[-65.6122,-31.8044],[-65.6082,-31.81],[-65.6106,-31.8135],[-65.6061,-31.8175],[-65.6009,-31.8242],[-65.5989,-31.8306]],[[-65.6122,-31.8044],[-65.6246,-31.7973],[-65.621,-31.7912],[-65.6231,-31.7872],[-65.6234,-31.7824],[-65.6267,-31.7781],[-65.6305,-31.7793],[-65.6316,-31.7906],[-65.629,-31.7943],[-65.63,-31.802],[-65.6282,-31.805],[-65.6299,-31.8118],[-65.6305,-31.8193],[-65.6409,-31.808],[-65.6436,-31.8102],[-65.6507,-31.8065],[-65.6505,-31.8133],[-65.6582,-31.8138],[-65.6643,-31.816],[-65.6727,-31.8155],[-65.6724,-31.8064],[-65.6726,-31.8002],[-65.6765,-31.797],[-65.6582,-31.7953],[-65.6529,-31.802],[-65.6464,-31.7968],[-65.6441,-31.7896],[-65.6387,-31.7825],[-65.6363,-31.7745],[-65.6242,-31.7616],[-65.6181,-31.7632],[-65.6116,-31.757],[-65.6111,-31.7415],[-65.6055,-31.744],[-65.5967,-31.7374],[-65.5941,-31.7375],[-65.5958,-31.7352],[-65.596,-31.7299],[-65.6043,-31.7257],[-65.5983,-31.724],[-65.5906,-31.7199],[-65.5822,-31.7198],[-65.5644,-31.7256],[-65.5529,-31.7285],[-65.5412,-31.7242],[-65.5205,-31.7333],[-65.5164,-31.7409],[-65.5208,-31.7464],[-65.5254,-31.7486],[-65.5302,-31.7553],[-65.512,-31.7594],[-65.5028,-31.7572],[-65.5019,-31.7637],[-65.507,-31.7701],[-65.5307,-31.7738],[-65.5362,-31.7682],[-65.5368,-31.7617],[-65.5451,-31.7576],[-65.5486,-31.7627],[-65.5541,-31.7678],[-65.5581,-31.7736],[-65.5639,-31.7777],[-65.5756,-31.7729],[-65.579,-31.7865],[-65.5871,-31.7909],[-65.5958,-31.7897],[-65.5934,-31.7846],[-65.594,-31.7781],[-65.5884,-31.771],[-65.5921,-31.7661],[-65.6038,-31.7763],[-65.607,-31.7833],[-65.6135,-31.7835],[-65.6122,-31.8044]],[[-65.6305,-31.8193],[-65.6267,-31.8203],[-65.6247,-31.8275],[-65.6274,-31.8317],[-65.6269,-31.8408],[-65.6244,-31.8444],[-65.6208,-31.8542],[-65.627,-31.8554],[-65.6296,-31.8544],[-65.6299,-31.8495],[-65.6353,-31.8419],[-65.6363,-31.8347],[-65.6389,-31.8321],[-65.6346,-31.8302],[-65.6342,-31.8273],[-65.6418,-31.8265],[-65.643,-31.8301],[-65.6518,-31.8302],[-65.6641,-31.8342],[-65.6695,-31.8386],[-65.6701,-31.8314],[-65.6692,-31.8266],[-65.6665,-31.8224],[-65.6641,-31.8231],[-65.6539,-31.8204],[-65.6496,-31.8215],[-65.6407,-31.8197],[-65.6359,-31.8208],[-65.6303,-31.8248],[-65.6305,-31.8193]],[[-65.5412,-31.7242],[-65.5429,-31.7098],[-65.5396,-31.7027],[-65.5308,-31.6875],[-65.5278,-31.708],[-65.5221,-31.7174],[-65.5412,-31.7242]],[[-64.6488,-29.5627],[-64.6567,-29.5626],[-64.6566,-29.5581],[-64.6476,-29.5592],[-64.6488,-29.5627]],[[-64.662,-29.5763],[-64.6646,-29.5673],[-64.653,-29.566],[-64.6541,-29.5729],[-64.6569,-29.5763],[-64.662,-29.5763]],[[-64.7177,-29.5964],[-64.7251,-29.5938],[-64.7253,-29.5914],[-64.7186,-29.5904],[-64.7005,-29.5909],[-64.7004,-29.5884],[-64.7044,-29.5861],[-64.7043,-29.5828],[-64.708,-29.5782],[-64.6992,-29.5782],[-64.6936,-29.583],[-64.6939,-29.5849],[-64.6886,-29.5909],[-64.6925,-29.5942],[-64.6915,-29.5966],[-64.7016,-29.5963],[-64.7028,-29.5942],[-64.7146,-29.594],[-64.7177,-29.5964]],[[-64.6742,-29.5864],[-64.6754,-29.583],[-64.674,-29.5785],[-64.6701,-29.5785],[-64.6689,-29.5843],[-64.6742,-29.5864]],[[-64.6507,-29.5993],[-64.6534,-29.5959],[-64.6664,-29.5958],[-64.6638,-29.5923],[-64.6507,-29.5948],[-64.6507,-29.5993]],[[-64.659,-29.6222],[-64.6642,-29.6208],[-64.6642,-29.6176],[-64.659,-29.6176],[-64.659,-29.6222]],[[-64.739,-29.6915],[-64.7444,-29.689],[-64.7468,-29.6848],[-64.7719,-29.6848],[-64.7715,-29.6876],[-64.7803,-29.6896],[-64.8014,-29.6625],[-64.7922,-29.6627],[-64.787,-29.6641],[-64.7821,-29.6757],[-64.7785,-29.6743],[-64.7669,-29.6734],[-64.7668,-29.6661],[-64.7433,-29.6643],[-64.7408,-29.6818],[-64.739,-29.6915]],[[-64.4546,-29.7255],[-64.4546,-29.722],[-64.4571,-29.7161],[-64.4545,-29.714],[-64.4716,-29.7138],[-64.4713,-29.7059],[-64.462,-29.707],[-64.4636,-29.7115],[-64.4597,-29.7127],[-64.4531,-29.7129],[-64.4533,-29.722],[-64.4546,-29.7255]],[[-64.4458,-29.7438],[-64.4484,-29.7426],[-64.4469,-29.7369],[-64.4442,-29.7323],[-64.4402,-29.7325],[-64.4414,-29.7208],[-64.436,-29.721],[-64.4363,-29.737],[-64.4271,-29.7371],[-64.427,-29.7394],[-64.4363,-29.7393],[-64.4363,-29.7416],[-64.426,-29.7415],[-64.4271,-29.744],[-64.4458,-29.7438]],[[-64.6403,-29.7703],[-64.6821,-29.7691],[-64.6822,-29.7521],[-64.675,-29.7522],[-64.6732,-29.7344],[-64.6405,-29.7349],[-64.6403,-29.7703]],[[-64.6545,-29.8505],[-64.6601,-29.8496],[-64.6622,-29.8411],[-64.656,-29.8283],[-64.6569,-29.8222],[-64.6539,-29.8165],[-64.6499,-29.8026],[-64.6496,-29.7979],[-64.6404,-29.7923],[-64.6466,-29.8063],[-64.6432,-29.8112],[-64.6446,-29.8134],[-64.6446,-29.8188],[-64.647,-29.8219],[-64.6454,-29.8298],[-64.6514,-29.8338],[-64.6538,-29.8381],[-64.6519,-29.848],[-64.6545,-29.8505]],[[-64.5835,-29.9375],[-64.5847,-29.9275],[-64.5891,-29.9267],[-64.5903,-29.9338],[-64.5977,-29.9342],[-64.5963,-29.9128],[-64.5894,-29.9121],[-64.5901,-29.9231],[-64.5844,-29.9234],[-64.5837,-29.9132],[-64.556,-29.9137],[-64.5556,-29.9199],[-64.5528,-29.9376],[-64.5835,-29.9375]],[[-64.4464,-30.0059],[-64.4479,-29.9951],[-64.4409,-29.9694],[-64.4311,-29.9695],[-64.4301,-29.9762],[-64.4334,-29.9769],[-64.4389,-29.9823],[-64.441,-29.9902],[-64.4329,-29.9982],[-64.4329,-30.0001],[-64.4422,-30],[-64.4423,-30.0043],[-64.4464,-30.0059]],[[-64.4311,-30.0652],[-64.4335,-30.0647],[-64.433,-30.0587],[-64.4374,-30.0497],[-64.4366,-30.0466],[-64.4333,-30.0452],[-64.4325,-30.0398],[-64.4358,-30.0373],[-64.4364,-30.0334],[-64.4295,-30.0347],[-64.4309,-30.0278],[-64.4264,-30.0264],[-64.4244,-30.0233],[-64.4296,-30.0209],[-64.4102,-30.0208],[-64.4094,-30.024],[-64.4122,-30.0263],[-64.4128,-30.0301],[-64.4098,-30.0328],[-64.4115,-30.0359],[-64.417,-30.0365],[-64.4176,-30.0441],[-64.419,-30.0477],[-64.4175,-30.0554],[-64.429,-30.056],[-64.4302,-30.0629],[-64.4151,-30.0625],[-64.4163,-30.0644],[-64.4311,-30.0652]],[[-64.6214,-30.0735],[-64.632,-30.0726],[-64.6437,-30.0703],[-64.6425,-30.0648],[-64.6467,-30.0623],[-64.6418,-30.0533],[-64.6286,-30.0529],[-64.622,-30.0541],[-64.6157,-30.0575],[-64.6089,-30.0641],[-64.6159,-30.0633],[-64.619,-30.0651],[-64.6214,-30.0735]],[[-64.284,-30.0666],[-64.2898,-30.0663],[-64.2911,-30.0634],[-64.2881,-30.061],[-64.284,-30.0666]],[[-64.553,-30.1905],[-64.5725,-30.1897],[-64.5917,-30.1854],[-64.6046,-30.1841],[-64.6043,-30.1816],[-64.5935,-30.1823],[-64.5882,-30.1838],[-64.5888,-30.1743],[-64.5931,-30.1744],[-64.5931,-30.1711],[-64.588,-30.1712],[-64.5883,-30.1668],[-64.6005,-30.1658],[-64.6102,-30.1641],[-64.6071,-30.147],[-64.6027,-30.1469],[-64.6019,-30.14],[-64.6038,-30.1376],[-64.6136,-30.1372],[-64.6217,-30.1349],[-64.6127,-30.1169],[-64.6164,-30.115],[-64.6169,-30.1081],[-64.61,-30.1096],[-64.6021,-30.1091],[-64.5986,-30.1061],[-64.5947,-30.0807],[-64.5834,-30.0811],[-64.5821,-30.0831],[-64.5717,-30.0785],[-64.5743,-30.0621],[-64.5651,-30.0635],[-64.5652,-30.0687],[-64.5564,-30.0883],[-64.5634,-30.0909],[-64.5709,-30.0911],[-64.5747,-30.087],[-64.5788,-30.0885],[-64.5671,-30.106],[-64.5594,-30.1206],[-64.5519,-30.1218],[-64.5529,-30.125],[-64.557,-30.1264],[-64.5531,-30.1306],[-64.5432,-30.1284],[-64.5372,-30.1282],[-64.536,-30.1246],[-64.5396,-30.1205],[-64.5332,-30.1154],[-64.5225,-30.1161],[-64.5218,-30.1125],[-64.5133,-30.114],[-64.5133,-30.1099],[-64.5088,-30.1086],[-64.5086,-30.1124],[-64.5162,-30.1178],[-64.5205,-30.1279],[-64.5255,-30.1278],[-64.5316,-30.1316],[-64.5311,-30.1404],[-64.5277,-30.1489],[-64.5295,-30.1584],[-64.5336,-30.162],[-64.528,-30.1642],[-64.5284,-30.1689],[-64.5253,-30.1719],[-64.5222,-30.1777],[-64.5301,-30.1809],[-64.5314,-30.1847],[-64.5447,-30.1848],[-64.5432,-30.1762],[-64.5502,-30.1755],[-64.5522,-30.1787],[-64.553,-30.1905]],[[-64.5852,-30.0786],[-64.5972,-30.0779],[-64.5964,-30.0747],[-64.5983,-30.0686],[-64.5941,-30.0646],[-64.5907,-30.0679],[-64.5886,-30.0737],[-64.5852,-30.0786]],[[-64.3974,-30.0917],[-64.4118,-30.0842],[-64.4166,-30.0872],[-64.425,-30.0802],[-64.4297,-30.0842],[-64.4339,-30.0727],[-64.3846,-30.0766],[-64.3864,-30.0904],[-64.3974,-30.0917]],[[-64.2842,-30.078],[-64.2778,-30.0755],[-64.269,-30.0753],[-64.2688,-30.0777],[-64.2842,-30.078]],[[-64.6655,-30.133],[-64.6663,-30.1223],[-64.6632,-30.1138],[-64.6581,-30.1065],[-64.656,-30.0991],[-64.6335,-30.1038],[-64.6272,-30.1022],[-64.6292,-30.0996],[-64.6388,-30.0985],[-64.6548,-30.095],[-64.6534,-30.0903],[-64.6499,-30.0863],[-64.6488,-30.0743],[-64.633,-30.0759],[-64.6023,-30.0809],[-64.6036,-30.1053],[-64.6061,-30.1063],[-64.619,-30.1026],[-64.6234,-30.102],[-64.6352,-30.1323],[-64.6497,-30.1321],[-64.6655,-30.133]],[[-64.6928,-30.2268],[-64.6999,-30.2243],[-64.713,-30.2241],[-64.7235,-30.2214],[-64.7156,-30.2026],[-64.7072,-30.1889],[-64.6934,-30.1896],[-64.6885,-30.1921],[-64.6765,-30.193],[-64.6661,-30.1726],[-64.6499,-30.1804],[-64.6498,-30.1847],[-64.6533,-30.1899],[-64.6555,-30.1982],[-64.6665,-30.1967],[-64.6761,-30.1947],[-64.6773,-30.2019],[-64.6805,-30.2061],[-64.6817,-30.212],[-64.6823,-30.2212],[-64.6847,-30.2262],[-64.6928,-30.2268]],[[-64.526,-30.2652],[-64.5359,-30.2648],[-64.5289,-30.2589],[-64.5283,-30.2566],[-64.5366,-30.2561],[-64.5332,-30.2472],[-64.5227,-30.246],[-64.5092,-30.2327],[-64.5038,-30.2265],[-64.506,-30.2128],[-64.5116,-30.2111],[-64.5114,-30.2076],[-64.5137,-30.2024],[-64.512,-30.1961],[-64.5163,-30.1901],[-64.5162,-30.1882],[-64.5099,-30.1878],[-64.502,-30.1987],[-64.497,-30.21],[-64.4875,-30.2255],[-64.4942,-30.2276],[-64.4987,-30.2319],[-64.501,-30.2371],[-64.5125,-30.2475],[-64.5133,-30.2504],[-64.5193,-30.258],[-64.526,-30.2652]],[[-64.6449,-30.2543],[-64.6467,-30.2582],[-64.6506,-30.2576],[-64.6622,-30.2589],[-64.6606,-30.2462],[-64.6565,-30.228],[-64.6509,-30.2243],[-64.6453,-30.2035],[-64.6364,-30.188],[-64.5938,-30.1998],[-64.5903,-30.2025],[-64.5836,-30.2033],[-64.5674,-30.2099],[-64.5533,-30.2099],[-64.5426,-30.2136],[-64.5432,-30.2186],[-64.5489,-30.2236],[-64.5524,-30.219],[-64.5577,-30.2252],[-64.5705,-30.226],[-64.5705,-30.2315],[-64.5632,-30.2369],[-64.5727,-30.2452],[-64.5831,-30.2383],[-64.6033,-30.2549],[-64.6047,-30.2577],[-64.6009,-30.2621],[-64.5988,-30.2667],[-64.6117,-30.2646],[-64.6199,-30.2607],[-64.6218,-30.2561],[-64.6168,-30.253],[-64.6178,-30.2487],[-64.6281,-30.2501],[-64.6298,-30.2533],[-64.641,-30.2569],[-64.6449,-30.2543]],[[-64.8763,-30.2905],[-64.8762,-30.2755],[-64.8939,-30.2747],[-64.8924,-30.2725],[-64.892,-30.2605],[-64.9048,-30.2608],[-64.9048,-30.27],[-64.9063,-30.2716],[-64.9142,-30.272],[-64.9188,-30.2745],[-64.9255,-30.2733],[-64.926,-30.2694],[-64.9326,-30.2683],[-64.9326,-30.2665],[-64.9263,-30.263],[-64.9282,-30.2511],[-64.9335,-30.2487],[-64.9392,-30.2406],[-64.9407,-30.2399],[-64.941,-30.2312],[-64.959,-30.2293],[-64.9575,-30.2277],[-64.9566,-30.221],[-64.9613,-30.2178],[-64.9691,-30.2177],[-64.9693,-30.2193],[-64.9767,-30.2199],[-64.9811,-30.2232],[-64.987,-30.2222],[-64.9905,-30.2185],[-64.9897,-30.2125],[-64.9818,-30.2126],[-64.9763,-30.2107],[-64.9766,-30.2057],[-64.9582,-30.2069],[-64.9596,-30.2147],[-64.9535,-30.2146],[-64.9525,-30.1879],[-64.9505,-30.1899],[-64.9497,-30.201],[-64.9301,-30.2072],[-64.9257,-30.2074],[-64.9259,-30.2185],[-64.9282,-30.2252],[-64.9261,-30.2259],[-64.9207,-30.2211],[-64.9174,-30.2211],[-64.9178,-30.2356],[-64.9171,-30.2371],[-64.9077,-30.2397],[-64.9103,-30.2444],[-64.9143,-30.2465],[-64.9147,-30.2494],[-64.9198,-30.2485],[-64.9199,-30.2539],[-64.9218,-30.2557],[-64.9215,-30.2616],[-64.9098,-30.2603],[-64.9047,-30.2573],[-64.9084,-30.2551],[-64.9069,-30.245],[-64.9006,-30.2426],[-64.9005,-30.2465],[-64.9033,-30.2534],[-64.8997,-30.2539],[-64.8972,-30.2505],[-64.8939,-30.2528],[-64.8951,-30.2574],[-64.8846,-30.2579],[-64.8848,-30.2606],[-64.8767,-30.2608],[-64.8768,-30.2673],[-64.8739,-30.27],[-64.8745,-30.2747],[-64.8636,-30.2744],[-64.8641,-30.2905],[-64.8763,-30.2905]],[[-64.4031,-30.2461],[-64.4112,-30.2436],[-64.414,-30.24],[-64.4187,-30.2372],[-64.4243,-30.2319],[-64.4318,-30.2264],[-64.4349,-30.2222],[-64.4348,-30.2181],[-64.4319,-30.2091],[-64.4296,-30.2061],[-64.4239,-30.2062],[-64.4243,-30.2114],[-64.4304,-30.219],[-64.4252,-30.2273],[-64.4205,-30.2276],[-64.4187,-30.2231],[-64.4203,-30.2197],[-64.4187,-30.2136],[-64.4146,-30.2123],[-64.4089,-30.2151],[-64.4087,-30.222],[-64.4012,-30.2253],[-64.3965,-30.2251],[-64.3953,-30.2295],[-64.3985,-30.233],[-64.3986,-30.2413],[-64.4031,-30.2461]],[[-64.9011,-30.2383],[-64.9047,-30.2376],[-64.909,-30.2283],[-64.9093,-30.2216],[-64.9122,-30.2161],[-64.9038,-30.2102],[-64.9039,-30.2282],[-64.901,-30.2305],[-64.9011,-30.2383]],[[-64.5662,-30.2716],[-64.5968,-30.267],[-64.5755,-30.2463],[-64.5587,-30.2511],[-64.5662,-30.2716]],[[-65.0646,-30.2528],[-65.0715,-30.2491],[-65.0713,-30.242],[-65.069,-30.2413],[-65.0655,-30.2446],[-65.062,-30.2452],[-65.0623,-30.2525],[-65.0646,-30.2528]],[[-64.6867,-30.2795],[-64.6894,-30.2771],[-64.6896,-30.2714],[-64.6829,-30.2656],[-64.6828,-30.2609],[-64.662,-30.2613],[-64.6618,-30.2633],[-64.6725,-30.2633],[-64.6739,-30.2701],[-64.6831,-30.2783],[-64.6867,-30.2795]],[[-64.6594,-30.289],[-64.6619,-30.2888],[-64.6619,-30.2799],[-64.6684,-30.2784],[-64.6647,-30.2729],[-64.6513,-30.2613],[-64.6356,-30.2617],[-64.6356,-30.2774],[-64.6406,-30.2777],[-64.6454,-30.2829],[-64.6506,-30.2843],[-64.6517,-30.2863],[-64.659,-30.2866],[-64.6594,-30.289]],[[-64.6986,-30.2679],[-64.6999,-30.2632],[-64.6909,-30.2645],[-64.6922,-30.2679],[-64.6986,-30.2679]],[[-64.7783,-30.2854],[-64.789,-30.2765],[-64.7892,-30.2723],[-64.7838,-30.2726],[-64.7811,-30.2687],[-64.7582,-30.269],[-64.7566,-30.276],[-64.7673,-30.2835],[-64.7783,-30.2854]],[[-64.6717,-30.3002],[-64.6756,-30.2977],[-64.6805,-30.2888],[-64.6809,-30.2839],[-64.6777,-30.2818],[-64.6701,-30.2829],[-64.6702,-30.2908],[-64.665,-30.291],[-64.6637,-30.2958],[-64.6714,-30.2956],[-64.6717,-30.3002]],[[-64.7731,-30.3166],[-64.8199,-30.3147],[-64.8174,-30.308],[-64.7977,-30.2976],[-64.7912,-30.3021],[-64.7731,-30.3166]],[[-65.173,-30.3221],[-65.1795,-30.322],[-65.1893,-30.3171],[-65.1933,-30.3173],[-65.1937,-30.3089],[-65.1901,-30.3095],[-65.1856,-30.3136],[-65.1779,-30.3168],[-65.1793,-30.3109],[-65.1766,-30.3046],[-65.1734,-30.3032],[-65.1729,-30.2968],[-65.1663,-30.2931],[-65.1613,-30.2985],[-65.166,-30.3],[-65.1659,-30.3039],[-65.172,-30.3041],[-65.1741,-30.3057],[-65.1744,-30.3114],[-65.1731,-30.315],[-65.173,-30.3221]],[[-65.1234,-30.3199],[-65.128,-30.3109],[-65.1304,-30.3125],[-65.1282,-30.3194],[-65.1336,-30.3182],[-65.1339,-30.3111],[-65.1328,-30.3091],[-65.1358,-30.3058],[-65.1395,-30.3078],[-65.1465,-30.3015],[-65.1431,-30.299],[-65.1415,-30.2952],[-65.1319,-30.2939],[-65.1324,-30.2995],[-65.1249,-30.31],[-65.1215,-30.3108],[-65.1191,-30.3143],[-65.1188,-30.3198],[-65.1234,-30.3199]],[[-65.0086,-30.3666],[-65.0986,-30.3578],[-65.1,-30.321],[-65.0833,-30.3209],[-65.0764,-30.3192],[-65.0653,-30.3201],[-65.047,-30.3204],[-65.046,-30.3269],[-65.0553,-30.3268],[-65.0764,-30.3251],[-65.0838,-30.324],[-65.0998,-30.3236],[-65.0997,-30.3261],[-65.0905,-30.3263],[-65.0898,-30.3283],[-65.0728,-30.3282],[-65.0473,-30.3293],[-65.0469,-30.3311],[-65.0191,-30.3319],[-65.0147,-30.3313],[-65.0092,-30.3339],[-65.009,-30.3433],[-65.0276,-30.343],[-65.0222,-30.3456],[-65.009,-30.3456],[-65.0086,-30.3666]],[[-64.6968,-30.3368],[-64.7063,-30.3367],[-64.7053,-30.3329],[-64.6965,-30.3335],[-64.6968,-30.3368]],[[-65.1969,-30.3385],[-65.1965,-30.3309],[-65.1938,-30.3326],[-65.1865,-30.333],[-65.1905,-30.3362],[-65.1969,-30.3385]],[[-64.9247,-30.3486],[-64.9325,-30.3482],[-64.9402,-30.3463],[-64.938,-30.3374],[-64.9242,-30.3379],[-64.9247,-30.3486]],[[-65.2195,-30.372],[-65.2211,-30.3702],[-65.2191,-30.3644],[-65.2205,-30.3405],[-65.2076,-30.3376],[-65.2025,-30.3381],[-65.2005,-30.3423],[-65.2019,-30.3446],[-65.2084,-30.3432],[-65.2122,-30.3474],[-65.2121,-30.3501],[-65.2058,-30.3509],[-65.2052,-30.3537],[-65.1989,-30.3536],[-65.1978,-30.3596],[-65.2019,-30.3581],[-65.2049,-30.3601],[-65.205,-30.3641],[-65.2111,-30.3665],[-65.2174,-30.3717],[-65.2195,-30.372]],[[-64.8776,-30.3934],[-64.8813,-30.3933],[-64.8881,-30.3842],[-64.9096,-30.3829],[-64.9094,-30.3701],[-64.9326,-30.3706],[-64.9323,-30.3573],[-64.9185,-30.3572],[-64.9164,-30.3455],[-64.8917,-30.3459],[-64.8918,-30.3685],[-64.8827,-30.3683],[-64.8839,-30.3827],[-64.8784,-30.3874],[-64.8776,-30.3934]],[[-64.6287,-30.4184],[-64.6312,-30.4166],[-64.6242,-30.4124],[-64.6252,-30.4076],[-64.6289,-30.4012],[-64.6251,-30.3965],[-64.6206,-30.4033],[-64.6163,-30.4021],[-64.6165,-30.3933],[-64.6203,-30.3828],[-64.6263,-30.3828],[-64.628,-30.3793],[-64.6311,-30.3775],[-64.6327,-30.369],[-64.6227,-30.3694],[-64.6232,-30.3661],[-64.6169,-30.3667],[-64.6169,-30.3702],[-64.6135,-30.3725],[-64.6159,-30.3769],[-64.6018,-30.3783],[-64.6038,-30.3918],[-64.5956,-30.4016],[-64.5907,-30.4026],[-64.5905,-30.4049],[-64.5994,-30.4055],[-64.5986,-30.409],[-64.6044,-30.4094],[-64.6118,-30.4056],[-64.6169,-30.4058],[-64.6185,-30.4147],[-64.6226,-30.4149],[-64.6287,-30.4184]],[[-64.4687,-30.3777],[-64.4824,-30.3718],[-64.4788,-30.3691],[-64.4655,-30.3739],[-64.4687,-30.3777]],[[-65.1699,-30.3972],[-65.1635,-30.3959],[-65.1629,-30.3891],[-65.1636,-30.3802],[-65.1606,-30.38],[-65.1612,-30.3732],[-65.1643,-30.3729],[-65.1637,-30.3642],[-65.1604,-30.3627],[-65.1531,-30.363],[-65.1548,-30.3709],[-65.1537,-30.3798],[-65.1486,-30.3879],[-65.1502,-30.3894],[-65.1504,-30.403],[-65.1518,-30.4095],[-65.157,-30.4097],[-65.1593,-30.4062],[-65.1639,-30.4073],[-65.164,-30.4163],[-65.1627,-30.4177],[-65.1546,-30.4167],[-65.1532,-30.4203],[-65.1535,-30.4281],[-65.1558,-30.4284],[-65.1562,-30.4374],[-65.1912,-30.4365],[-65.2052,-30.4365],[-65.205,-30.4262],[-65.2036,-30.4185],[-65.2004,-30.4176],[-65.1894,-30.4173],[-65.1875,-30.4139],[-65.1825,-30.4142],[-65.1823,-30.4091],[-65.1887,-30.408],[-65.1903,-30.4102],[-65.2008,-30.4087],[-65.1989,-30.4052],[-65.1994,-30.4],[-65.2018,-30.3999],[-65.2017,-30.3826],[-65.193,-30.383],[-65.187,-30.3806],[-65.1845,-30.3844],[-65.1859,-30.3884],[-65.1933,-30.3886],[-65.1926,-30.393],[-65.1768,-30.3936],[-65.1701,-30.3934],[-65.1699,-30.3972]],[[-64.4648,-30.4431],[-64.4699,-30.4416],[-64.4758,-30.4348],[-64.4842,-30.4276],[-64.4872,-30.4241],[-64.4943,-30.4237],[-64.4973,-30.4213],[-64.4948,-30.4167],[-64.4912,-30.4188],[-64.4828,-30.4154],[-64.4829,-30.411],[-64.4903,-30.4077],[-64.491,-30.4007],[-64.4903,-30.3944],[-64.4841,-30.395],[-64.4857,-30.3844],[-64.4756,-30.3879],[-64.471,-30.3861],[-64.4631,-30.3866],[-64.4592,-30.389],[-64.4511,-30.3891],[-64.4521,-30.3983],[-64.4428,-30.3992],[-64.4429,-30.4065],[-64.4465,-30.4076],[-64.4472,-30.4226],[-64.4578,-30.4229],[-64.4657,-30.417],[-64.4751,-30.4177],[-64.4738,-30.4215],[-64.4681,-30.427],[-64.4713,-30.4335],[-64.466,-30.4374],[-64.4648,-30.4431]],[[-65.171,-30.39],[-65.1788,-30.3898],[-65.1789,-30.3769],[-65.1716,-30.3777],[-65.171,-30.39]],[[-64.7541,-30.409],[-64.7673,-30.4076],[-64.7663,-30.3869],[-64.7565,-30.3836],[-64.7566,-30.3913],[-64.7478,-30.3924],[-64.7473,-30.3986],[-64.7525,-30.3988],[-64.7538,-30.3948],[-64.7644,-30.3929],[-64.7637,-30.4007],[-64.754,-30.407],[-64.7541,-30.409]],[[-64.9915,-30.4178],[-64.9924,-30.4129],[-65.0074,-30.4113],[-65.0112,-30.4126],[-65.0284,-30.4129],[-65.0286,-30.4053],[-65.016,-30.4046],[-65.0162,-30.3853],[-65.0025,-30.385],[-64.9805,-30.3826],[-64.9799,-30.4177],[-64.9915,-30.4178]],[[-65.0424,-30.4072],[-65.0535,-30.4067],[-65.0535,-30.4003],[-65.0601,-30.4004],[-65.066,-30.4043],[-65.0692,-30.4049],[-65.0691,-30.4001],[-65.075,-30.4016],[-65.0809,-30.4017],[-65.0819,-30.4037],[-65.0961,-30.4036],[-65.0956,-30.3953],[-65.0914,-30.3953],[-65.0909,-30.3859],[-65.075,-30.3861],[-65.0727,-30.3919],[-65.0674,-30.392],[-65.0621,-30.396],[-65.0576,-30.3956],[-65.0568,-30.3934],[-65.0427,-30.3938],[-65.0382,-30.3934],[-65.0386,-30.4001],[-65.0366,-30.4063],[-65.0424,-30.4072]],[[-64.7318,-30.4163],[-64.7513,-30.416],[-64.7511,-30.4056],[-64.7339,-30.4065],[-64.7318,-30.4163]],[[-64.5942,-30.4213],[-64.5993,-30.4145],[-64.5903,-30.4091],[-64.5907,-30.4191],[-64.5942,-30.4213]],[[-65.124,-30.4242],[-65.1315,-30.4238],[-65.1309,-30.4206],[-65.1239,-30.4191],[-65.124,-30.4242]],[[-64.5781,-30.4327],[-64.5785,-30.4361],[-64.5842,-30.4352],[-64.582,-30.4277],[-64.5769,-30.4296],[-64.5781,-30.4327]],[[-65.0711,-30.4819],[-65.0791,-30.4817],[-65.0793,-30.4785],[-65.0721,-30.4791],[-65.0715,-30.4752],[-65.0796,-30.4654],[-65.0874,-30.4687],[-65.094,-30.4674],[-65.0968,-30.4729],[-65.1051,-30.4647],[-65.0966,-30.4622],[-65.0926,-30.4647],[-65.0897,-30.4636],[-65.0935,-30.4575],[-65.0878,-30.4523],[-65.0864,-30.4487],[-65.0913,-30.4431],[-65.0971,-30.4429],[-65.0998,-30.4475],[-65.1013,-30.4554],[-65.1052,-30.4576],[-65.1067,-30.4609],[-65.1196,-30.4606],[-65.1196,-30.4587],[-65.125,-30.4562],[-65.1382,-30.4558],[-65.1381,-30.4328],[-65.1354,-30.4332],[-65.1353,-30.441],[-65.1271,-30.4412],[-65.1259,-30.4391],[-65.1259,-30.432],[-65.1242,-30.4264],[-65.1197,-30.4264],[-65.1164,-30.4231],[-65.1131,-30.4235],[-65.1112,-30.431],[-65.1023,-30.4315],[-65.096,-30.4383],[-65.0908,-30.4377],[-65.0914,-30.4336],[-65.0791,-30.4382],[-65.08,-30.4467],[-65.0784,-30.4495],[-65.0728,-30.4473],[-65.064,-30.4477],[-65.0644,-30.4504],[-65.0706,-30.4558],[-65.0699,-30.4587],[-65.0659,-30.4594],[-65.0499,-30.4483],[-65.0474,-30.4534],[-65.0618,-30.4668],[-65.0621,-30.4709],[-65.0565,-30.4706],[-65.0536,-30.472],[-65.0545,-30.4771],[-65.0599,-30.4807],[-65.0617,-30.4774],[-65.0711,-30.4819]],[[-64.6221,-30.4548],[-64.6295,-30.453],[-64.6347,-30.4507],[-64.6346,-30.4462],[-64.625,-30.4433],[-64.626,-30.4493],[-64.622,-30.4513],[-64.6221,-30.4548]],[[-64.5434,-30.4676],[-64.5475,-30.4664],[-64.5485,-30.4575],[-64.5537,-30.4552],[-64.5527,-30.4507],[-64.5563,-30.4503],[-64.5539,-30.446],[-64.5511,-30.4504],[-64.5473,-30.4506],[-64.5436,-30.453],[-64.5434,-30.4676]],[[-65.2113,-30.4641],[-65.2262,-30.4635],[-65.2257,-30.453],[-65.2061,-30.4538],[-65.2061,-30.4524],[-65.1818,-30.4542],[-65.1791,-30.4557],[-65.1797,-30.4596],[-65.1838,-30.4628],[-65.1934,-30.4641],[-65.1938,-30.4628],[-65.2113,-30.4628],[-65.2113,-30.4641]],[[-65.1628,-30.5666],[-65.1616,-30.561],[-65.1702,-30.5608],[-65.1749,-30.5584],[-65.1743,-30.5405],[-65.1759,-30.5334],[-65.1664,-30.5331],[-65.1689,-30.5291],[-65.1753,-30.529],[-65.1739,-30.5242],[-65.1674,-30.5242],[-65.1671,-30.5219],[-65.1754,-30.5217],[-65.1749,-30.5194],[-65.1849,-30.5193],[-65.187,-30.5155],[-65.1951,-30.5158],[-65.1955,-30.5247],[-65.1933,-30.5261],[-65.1931,-30.5306],[-65.19,-30.532],[-65.1904,-30.5373],[-65.2062,-30.537],[-65.2065,-30.5305],[-65.2084,-30.529],[-65.2089,-30.5237],[-65.2034,-30.5146],[-65.2085,-30.5116],[-65.2083,-30.5078],[-65.1988,-30.5076],[-65.1973,-30.505],[-65.1972,-30.4975],[-65.1925,-30.4963],[-65.192,-30.4931],[-65.176,-30.4919],[-65.1763,-30.4817],[-65.1696,-30.4828],[-65.168,-30.4854],[-65.1627,-30.4842],[-65.16,-30.4794],[-65.1598,-30.4568],[-65.1585,-30.4588],[-65.1517,-30.4601],[-65.1488,-30.4635],[-65.1438,-30.4637],[-65.1426,-30.4579],[-65.1356,-30.4595],[-65.1356,-30.4631],[-65.1318,-30.465],[-65.1293,-30.4719],[-65.1388,-30.4719],[-65.1386,-30.4739],[-65.1281,-30.4743],[-65.1245,-30.4723],[-65.1245,-30.4809],[-65.1283,-30.4797],[-65.1348,-30.48],[-65.136,-30.4833],[-65.1256,-30.4836],[-65.1244,-30.487],[-65.1244,-30.502],[-65.1396,-30.502],[-65.1397,-30.5061],[-65.1261,-30.5053],[-65.1235,-30.509],[-65.1287,-30.5098],[-65.1326,-30.5131],[-65.1267,-30.5175],[-65.1262,-30.5201],[-65.1367,-30.5207],[-65.1433,-30.5222],[-65.1514,-30.5311],[-65.1549,-30.5267],[-65.1584,-30.5296],[-65.1555,-30.5357],[-65.1426,-30.5356],[-65.1429,-30.5411],[-65.1506,-30.5403],[-65.158,-30.5474],[-65.1584,-30.5645],[-65.1628,-30.5666]],[[-65.3251,-30.4774],[-65.3324,-30.4753],[-65.3317,-30.4618],[-65.3267,-30.4618],[-65.3251,-30.4774]],[[-64.7216,-30.5181],[-64.7281,-30.5132],[-64.7334,-30.5141],[-64.7333,-30.5077],[-64.7487,-30.5065],[-64.7536,-30.5041],[-64.7553,-30.4907],[-64.7743,-30.489],[-64.7706,-30.4847],[-64.7716,-30.4797],[-64.7623,-30.4784],[-64.7066,-30.4777],[-64.7031,-30.4799],[-64.6915,-30.4801],[-64.6902,-30.4837],[-64.6866,-30.4835],[-64.6832,-30.479],[-64.6785,-30.4793],[-64.6842,-30.4902],[-64.6882,-30.4959],[-64.6955,-30.4924],[-64.6927,-30.5024],[-64.6989,-30.5115],[-64.7021,-30.5193],[-64.7055,-30.524],[-64.7089,-30.5311],[-64.724,-30.53],[-64.7236,-30.5197],[-64.7216,-30.5181]],[[-64.4899,-30.5574],[-64.4969,-30.5562],[-64.4971,-30.5515],[-64.5034,-30.5472],[-64.5024,-30.5261],[-64.508,-30.5271],[-64.5072,-30.5221],[-64.5025,-30.5168],[-64.501,-30.4924],[-64.5053,-30.486],[-64.5003,-30.4817],[-64.4954,-30.4832],[-64.4946,-30.4875],[-64.4963,-30.4922],[-64.4918,-30.4929],[-64.4931,-30.4972],[-64.4964,-30.5008],[-64.4966,-30.5076],[-64.4991,-30.5125],[-64.4985,-30.5279],[-64.4961,-30.5333],[-64.4959,-30.5448],[-64.493,-30.5473],[-64.4899,-30.5574]],[[-65.3449,-30.496],[-65.3449,-30.4801],[-65.3373,-30.4801],[-65.3374,-30.4819],[-65.3256,-30.4828],[-65.325,-30.4962],[-65.3449,-30.496]],[[-65.0535,-30.5008],[-65.0587,-30.4985],[-65.0606,-30.4867],[-65.0651,-30.4866],[-65.069,-30.4845],[-65.0664,-30.4819],[-65.0585,-30.4821],[-65.0558,-30.4834],[-65.049,-30.4836],[-65.0452,-30.4873],[-65.0504,-30.4892],[-65.0559,-30.4893],[-65.0546,-30.4938],[-65.0496,-30.494],[-65.0492,-30.4971],[-65.0535,-30.5008]],[[-65.3638,-30.5114],[-65.375,-30.5104],[-65.3744,-30.4979],[-65.3704,-30.4954],[-65.3745,-30.4898],[-65.3689,-30.488],[-65.3661,-30.4846],[-65.3618,-30.493],[-65.3636,-30.4952],[-65.3629,-30.4994],[-65.3644,-30.5025],[-65.3638,-30.5114]],[[-65.2743,-30.5048],[-65.2766,-30.5048],[-65.277,-30.4966],[-65.2975,-30.4964],[-65.2934,-30.4944],[-65.2795,-30.4945],[-65.2797,-30.4888],[-65.283,-30.4884],[-65.2829,-30.4834],[-65.279,-30.4838],[-65.2737,-30.4879],[-65.2673,-30.4969],[-65.2743,-30.5048]],[[-65.429,-30.4975],[-65.435,-30.4972],[-65.4408,-30.4951],[-65.4373,-30.4865],[-65.4347,-30.4831],[-65.4271,-30.4836],[-65.4273,-30.4886],[-65.4221,-30.4899],[-65.429,-30.4975]],[[-65.4595,-30.5085],[-65.4626,-30.5052],[-65.4614,-30.5011],[-65.4647,-30.4935],[-65.4593,-30.4939],[-65.4566,-30.4956],[-65.4546,-30.5004],[-65.4461,-30.501],[-65.446,-30.5055],[-65.459,-30.5048],[-65.4595,-30.5085]],[[-65.0769,-30.5123],[-65.0759,-30.5097],[-65.077,-30.5049],[-65.0736,-30.5049],[-65.0735,-30.5094],[-65.0769,-30.5123]],[[-64.611,-30.545],[-64.6319,-30.5443],[-64.6377,-30.5411],[-64.6412,-30.5349],[-64.6423,-30.522],[-64.6371,-30.5235],[-64.6355,-30.5172],[-64.6383,-30.513],[-64.6342,-30.5123],[-64.632,-30.5142],[-64.6324,-30.5192],[-64.6296,-30.5209],[-64.6286,-30.5267],[-64.6196,-30.5316],[-64.6167,-30.5247],[-64.6143,-30.5285],[-64.6086,-30.531],[-64.6055,-30.5303],[-64.6037,-30.5375],[-64.6055,-30.5446],[-64.611,-30.545]],[[-65.3154,-30.524],[-65.3012,-30.5233],[-65.3012,-30.5298],[-65.2962,-30.5321],[-65.296,-30.5136],[-65.2917,-30.5115],[-65.2888,-30.5136],[-65.2828,-30.5129],[-65.2802,-30.5099],[-65.2799,-30.5059],[-65.2751,-30.5066],[-65.2756,-30.5508],[-65.2781,-30.5523],[-65.2782,-30.5652],[-65.2838,-30.5653],[-65.2845,-30.5681],[-65.2786,-30.5749],[-65.2788,-30.5811],[-65.2877,-30.5814],[-65.2959,-30.583],[-65.2964,-30.6039],[-65.3173,-30.6035],[-65.3374,-30.6038],[-65.3371,-30.6059],[-65.3529,-30.6052],[-65.353,-30.5841],[-65.3365,-30.5841],[-65.3349,-30.5659],[-65.3346,-30.5456],[-65.3376,-30.5466],[-65.3666,-30.546],[-65.3663,-30.5275],[-65.3605,-30.5274],[-65.3595,-30.5242],[-65.3458,-30.5248],[-65.3446,-30.523],[-65.3388,-30.5236],[-65.3382,-30.5144],[-65.3325,-30.5145],[-65.3312,-30.5165],[-65.3312,-30.5236],[-65.3154,-30.524]],[[-65.0421,-30.5379],[-65.0563,-30.5359],[-65.065,-30.5306],[-65.0653,-30.5272],[-65.0603,-30.5245],[-65.0656,-30.5208],[-65.0657,-30.519],[-65.0553,-30.5192],[-65.054,-30.5168],[-65.0488,-30.5168],[-65.0468,-30.5195],[-65.0341,-30.5192],[-65.0368,-30.5284],[-65.0394,-30.5329],[-65.0424,-30.5331],[-65.0421,-30.5379]],[[-65.4365,-30.5345],[-65.4406,-30.5328],[-65.4397,-30.5284],[-65.4341,-30.5235],[-65.4344,-30.5188],[-65.4315,-30.5175],[-65.4243,-30.5175],[-65.4253,-30.5254],[-65.4319,-30.5254],[-65.4362,-30.5277],[-65.4365,-30.5345]],[[-64.7312,-30.5595],[-64.7427,-30.5579],[-64.7498,-30.5477],[-64.7587,-30.5422],[-64.7589,-30.5348],[-64.75,-30.5323],[-64.7409,-30.5322],[-64.7283,-30.5364],[-64.724,-30.5403],[-64.7138,-30.5421],[-64.7161,-30.5482],[-64.7198,-30.5525],[-64.7235,-30.5593],[-64.7312,-30.5595]],[[-64.5928,-30.5457],[-64.5994,-30.5457],[-64.5977,-30.5388],[-64.593,-30.5388],[-64.5928,-30.5457]],[[-65.3557,-30.6811],[-65.3609,-30.6781],[-65.3701,-30.6704],[-65.3715,-30.6581],[-65.3658,-30.6569],[-65.371,-30.6523],[-65.3754,-30.6457],[-65.3812,-30.6434],[-65.3874,-30.6433],[-65.3957,-30.6455],[-65.3978,-30.649],[-65.4007,-30.6491],[-65.4046,-30.6418],[-65.4055,-30.6312],[-65.4083,-30.6282],[-65.4119,-30.6274],[-65.4156,-30.6233],[-65.4076,-30.6245],[-65.3923,-30.6244],[-65.3895,-30.627],[-65.3828,-30.6245],[-65.3867,-30.6219],[-65.3877,-30.618],[-65.3914,-30.6132],[-65.3924,-30.6065],[-65.3951,-30.6052],[-65.3962,-30.6006],[-65.3951,-30.582],[-65.398,-30.5817],[-65.3981,-30.5912],[-65.4004,-30.5975],[-65.4199,-30.5975],[-65.4209,-30.5988],[-65.4286,-30.5985],[-65.4293,-30.5933],[-65.4325,-30.5912],[-65.4391,-30.5985],[-65.4446,-30.5999],[-65.4509,-30.5999],[-65.4601,-30.6014],[-65.4608,-30.614],[-65.4501,-30.6142],[-65.4506,-30.6244],[-65.4734,-30.6241],[-65.473,-30.6137],[-65.4687,-30.6141],[-65.4634,-30.6119],[-65.463,-30.6073],[-65.4665,-30.6052],[-65.4722,-30.6055],[-65.4724,-30.597],[-65.464,-30.597],[-65.463,-30.5917],[-65.4605,-30.5885],[-65.4594,-30.5738],[-65.4342,-30.5739],[-65.4344,-30.59],[-65.4147,-30.5912],[-65.4151,-30.5835],[-65.4219,-30.5839],[-65.42,-30.5784],[-65.42,-30.5682],[-65.4319,-30.5676],[-65.4319,-30.5654],[-65.4077,-30.5659],[-65.3972,-30.5649],[-65.3971,-30.5503],[-65.3901,-30.5501],[-65.3894,-30.5466],[-65.3798,-30.5468],[-65.3796,-30.5411],[-65.3746,-30.5414],[-65.3738,-30.5335],[-65.3699,-30.5327],[-65.3697,-30.5455],[-65.3776,-30.5457],[-65.3787,-30.5589],[-65.3696,-30.5589],[-65.3698,-30.5667],[-65.3792,-30.5675],[-65.3801,-30.5594],[-65.3892,-30.559],[-65.3899,-30.5655],[-65.3887,-30.5704],[-65.3796,-30.5709],[-65.3816,-30.5739],[-65.3873,-30.5765],[-65.389,-30.5997],[-65.3818,-30.5982],[-65.3742,-30.598],[-65.3744,-30.6035],[-65.3691,-30.6031],[-65.3691,-30.6078],[-65.3756,-30.6077],[-65.3719,-30.6133],[-65.3624,-30.6134],[-65.3611,-30.6064],[-65.3417,-30.6071],[-65.344,-30.6374],[-65.3377,-30.6419],[-65.3367,-30.6487],[-65.3408,-30.6502],[-65.3507,-30.657],[-65.351,-30.66],[-65.3471,-30.667],[-65.351,-30.6704],[-65.3557,-30.6811]],[[-64.5958,-30.5579],[-64.5979,-30.5526],[-64.587,-30.5463],[-64.5836,-30.5523],[-64.5927,-30.5574],[-64.5958,-30.5579]],[[-65.4752,-30.5485],[-65.476,-30.542],[-65.4688,-30.5416],[-65.4688,-30.5461],[-65.473,-30.5461],[-65.4752,-30.5485]],[[-64.5966,-30.5925],[-64.6005,-30.5905],[-64.6017,-30.5843],[-64.6048,-30.5802],[-64.6085,-30.5785],[-64.6126,-30.5716],[-64.6173,-30.5728],[-64.621,-30.5709],[-64.6204,-30.5654],[-64.6168,-30.5643],[-64.6087,-30.5699],[-64.6063,-30.5756],[-64.5961,-30.5789],[-64.5888,-30.5871],[-64.5982,-30.5855],[-64.5966,-30.5925]],[[-64.779,-30.5984],[-64.7823,-30.5951],[-64.7805,-30.5934],[-64.7788,-30.5868],[-64.7764,-30.5852],[-64.7767,-30.5782],[-64.7624,-30.5801],[-64.7621,-30.576],[-64.7535,-30.5759],[-64.7544,-30.5787],[-64.7473,-30.5796],[-64.736,-30.5797],[-64.7402,-30.5844],[-64.7402,-30.5875],[-64.7465,-30.5984],[-64.779,-30.5984]],[[-64.5501,-30.6208],[-64.563,-30.6173],[-64.5614,-30.6134],[-64.5538,-30.6113],[-64.5565,-30.6089],[-64.5578,-30.6075],[-64.5722,-30.6018],[-64.5691,-30.598],[-64.5658,-30.597],[-64.5613,-30.6033],[-64.5565,-30.6089],[-64.5485,-30.616],[-64.5501,-30.6208]],[[-64.9497,-30.6123],[-64.9521,-30.6123],[-64.9537,-30.6067],[-64.9455,-30.6011],[-64.9522,-30.6008],[-64.9547,-30.5974],[-64.9547,-30.5938],[-64.9483,-30.5916],[-64.9453,-30.5943],[-64.9456,-30.5987],[-64.9427,-30.5998],[-64.9417,-30.6077],[-64.9482,-30.6079],[-64.9497,-30.6123]],[[-64.7369,-30.6308],[-64.7426,-30.6288],[-64.7417,-30.6231],[-64.7375,-30.6222],[-64.7366,-30.616],[-64.7228,-30.6164],[-64.7211,-30.6143],[-64.7279,-30.6099],[-64.7272,-30.6072],[-64.7292,-30.6032],[-64.7256,-30.6013],[-64.7156,-30.6005],[-64.7157,-30.6034],[-64.7248,-30.6042],[-64.7246,-30.6066],[-64.716,-30.6067],[-64.7105,-30.6091],[-64.7142,-30.6122],[-64.7188,-30.6212],[-64.7241,-30.6257],[-64.7334,-30.6241],[-64.7374,-30.6276],[-64.7369,-30.6308]],[[-64.5705,-30.6135],[-64.579,-30.6111],[-64.577,-30.608],[-64.5657,-30.6091],[-64.5652,-30.6134],[-64.5705,-30.6135]],[[-64.6265,-30.6132],[-64.633,-30.6132],[-64.6328,-30.6075],[-64.6269,-30.6088],[-64.6265,-30.6132]],[[-64.6975,-30.62],[-64.7034,-30.6182],[-64.7049,-30.6161],[-64.6935,-30.6156],[-64.6927,-30.6136],[-64.7031,-30.6132],[-64.7031,-30.6102],[-64.6897,-30.6107],[-64.6909,-30.6157],[-64.6945,-30.6199],[-64.6975,-30.62]],[[-64.4884,-30.6252],[-64.4989,-30.6251],[-64.5055,-30.6202],[-64.5075,-30.6225],[-64.5132,-30.6225],[-64.5152,-30.6245],[-64.5205,-30.6221],[-64.5124,-30.6193],[-64.508,-30.6198],[-64.5047,-30.6178],[-64.4952,-30.6183],[-64.4953,-30.623],[-64.4883,-30.6231],[-64.4884,-30.6252]],[[-64.656,-30.6186],[-64.6559,-30.6162],[-64.6494,-30.6164],[-64.6493,-30.6186],[-64.656,-30.6186]],[[-64.6423,-30.6281],[-64.6474,-30.628],[-64.646,-30.6208],[-64.6415,-30.621],[-64.6403,-30.6177],[-64.6336,-30.6167],[-64.6335,-30.6192],[-64.6386,-30.6198],[-64.6406,-30.6271],[-64.6423,-30.6281]],[[-65.3238,-30.6408],[-65.3253,-30.6114],[-65.319,-30.6112],[-65.3155,-30.6097],[-65.3068,-30.6139],[-65.3095,-30.619],[-65.3132,-30.6198],[-65.314,-30.6265],[-65.3087,-30.6275],[-65.307,-30.6329],[-65.3092,-30.6348],[-65.3174,-30.6363],[-65.3238,-30.6408]],[[-64.966,-30.628],[-64.987,-30.6277],[-64.9818,-30.6233],[-64.9756,-30.6234],[-64.9751,-30.6254],[-64.9672,-30.6258],[-64.966,-30.628]],[[-64.7301,-30.6511],[-64.7365,-30.6494],[-64.737,-30.643],[-64.7315,-30.643],[-64.7312,-30.6314],[-64.7117,-30.6322],[-64.7103,-30.6352],[-64.7107,-30.6403],[-64.7209,-30.6397],[-64.7258,-30.6443],[-64.7266,-30.6511],[-64.7301,-30.6511]],[[-64.6176,-30.6443],[-64.6268,-30.6429],[-64.6306,-30.6394],[-64.6257,-30.6374],[-64.6257,-30.6419],[-64.6176,-30.6443]],[[-64.5064,-30.6474],[-64.5067,-30.6434],[-64.5103,-30.643],[-64.5089,-30.639],[-64.5042,-30.6394],[-64.4984,-30.6433],[-64.5016,-30.6472],[-64.5064,-30.6474]],[[-65.0933,-30.6542],[-65.0966,-30.6494],[-65.1047,-30.6479],[-65.1059,-30.6359],[-65.1017,-30.6412],[-65.0944,-30.6437],[-65.0911,-30.6514],[-65.0933,-30.6542]],[[-64.7875,-30.6697],[-64.7971,-30.6645],[-64.8048,-30.6623],[-64.8033,-30.658],[-64.7947,-30.6526],[-64.7804,-30.6562],[-64.7807,-30.6602],[-64.7853,-30.668],[-64.7875,-30.6697]],[[-65.2575,-30.6802],[-65.2624,-30.6764],[-65.2637,-30.6719],[-65.2589,-30.6676],[-65.2518,-30.6651],[-65.2511,-30.6627],[-65.2558,-30.659],[-65.2612,-30.6647],[-65.2651,-30.6627],[-65.2636,-30.6592],[-65.2679,-30.6521],[-65.2713,-30.6518],[-65.2708,-30.6471],[-65.2649,-30.6475],[-65.2644,-30.653],[-65.2619,-30.6535],[-65.2614,-30.6465],[-65.2583,-30.6465],[-65.2562,-30.6507],[-65.2479,-30.6603],[-65.2486,-30.6638],[-65.2479,-30.6731],[-65.2495,-30.6752],[-65.2575,-30.6802]],[[-64.9892,-30.6632],[-64.9912,-30.6622],[-64.9941,-30.6564],[-64.9858,-30.6524],[-64.9832,-30.6547],[-64.9854,-30.6629],[-64.9892,-30.6632]],[[-64.9596,-30.6691],[-64.9648,-30.6622],[-64.9562,-30.6551],[-64.9522,-30.6544],[-64.9475,-30.6585],[-64.9596,-30.6691]],[[-65.4181,-30.6698],[-65.4165,-30.6494],[-65.4137,-30.6469],[-65.4102,-30.6469],[-65.4107,-30.6697],[-65.4181,-30.6698]],[[-65.3067,-30.6867],[-65.3116,-30.6842],[-65.3081,-30.6821],[-65.3103,-30.6757],[-65.3161,-30.6746],[-65.3131,-30.6684],[-65.3166,-30.667],[-65.3178,-30.6536],[-65.3084,-30.6541],[-65.3067,-30.6495],[-65.3039,-30.6506],[-65.3019,-30.6575],[-65.2998,-30.6602],[-65.3062,-30.6688],[-65.3046,-30.6775],[-65.2989,-30.6776],[-65.3067,-30.6867]],[[-64.9544,-30.6729],[-64.9565,-30.6709],[-64.9537,-30.6677],[-64.9441,-30.6651],[-64.9544,-30.6729]],[[-64.9694,-30.6783],[-64.9734,-30.6761],[-64.9775,-30.6758],[-64.98,-30.6717],[-64.979,-30.6695],[-64.9736,-30.6677],[-64.9705,-30.6648],[-64.9659,-30.6649],[-64.9627,-30.6694],[-64.9625,-30.6735],[-64.9694,-30.6783]],[[-65.2691,-30.6792],[-65.2848,-30.667],[-65.2825,-30.6741],[-65.2848,-30.6781],[-65.2894,-30.6762],[-65.2941,-30.6598],[-65.2809,-30.6622],[-65.2761,-30.6707],[-65.2681,-30.6763],[-65.2691,-30.6792]],[[-64.9678,-30.6859],[-64.9717,-30.6832],[-64.9597,-30.6719],[-64.9563,-30.675],[-64.9678,-30.6859]],[[-64.9393,-30.6813],[-64.9403,-30.6757],[-64.9338,-30.6744],[-64.9312,-30.6801],[-64.9387,-30.6791],[-64.9393,-30.6813]],[[-65.1368,-30.6831],[-65.1414,-30.6783],[-65.1472,-30.6809],[-65.148,-30.6786],[-65.1445,-30.6751],[-65.133,-30.6772],[-65.1368,-30.6831]],[[-64.982,-30.6873],[-64.9871,-30.6841],[-64.9802,-30.6784],[-64.9764,-30.6782],[-64.9761,-30.6828],[-64.982,-30.6873]],[[-64.9984,-30.7273],[-65.0152,-30.7271],[-65.017,-30.702],[-65.0209,-30.6961],[-65.03,-30.6897],[-65.0305,-30.6817],[-64.9997,-30.6817],[-64.9984,-30.7273]],[[-65.0312,-30.8144],[-65.0371,-30.8112],[-65.0341,-30.8063],[-65.0336,-30.7949],[-65.0349,-30.7896],[-65.0373,-30.7874],[-65.044,-30.7874],[-65.0474,-30.786],[-65.0507,-30.7789],[-65.0428,-30.7789],[-65.0437,-30.7736],[-65.0491,-30.7735],[-65.0495,-30.7669],[-65.0546,-30.7662],[-65.0543,-30.7634],[-65.0482,-30.7629],[-65.0491,-30.7571],[-65.0528,-30.7571],[-65.0546,-30.7525],[-65.058,-30.7525],[-65.0622,-30.7492],[-65.0653,-30.7516],[-65.0687,-30.7381],[-65.0669,-30.7359],[-65.0688,-30.7304],[-65.068,-30.7259],[-65.07,-30.7208],[-65.0878,-30.7196],[-65.0874,-30.714],[-65.0844,-30.7124],[-65.0797,-30.7147],[-65.0817,-30.7025],[-65.0808,-30.696],[-65.0775,-30.6949],[-65.0783,-30.6893],[-65.0819,-30.6879],[-65.0798,-30.6816],[-65.0733,-30.6909],[-65.0655,-30.691],[-65.0636,-30.7002],[-65.0617,-30.7026],[-65.0624,-30.7062],[-65.0665,-30.7067],[-65.0723,-30.7043],[-65.0699,-30.7121],[-65.0698,-30.7166],[-65.0609,-30.7189],[-65.0584,-30.733],[-65.0557,-30.7389],[-65.0555,-30.7507],[-65.0513,-30.7497],[-65.0444,-30.7535],[-65.0436,-30.7487],[-65.0392,-30.748],[-65.037,-30.745],[-65.0336,-30.7451],[-65.0297,-30.7396],[-65.0246,-30.7395],[-65.0237,-30.7454],[-65.0265,-30.7452],[-65.0313,-30.7496],[-65.0317,-30.7593],[-65.0334,-30.7622],[-65.0313,-30.7661],[-65.038,-30.7671],[-65.0419,-30.7731],[-65.0385,-30.774],[-65.0371,-30.7773],[-65.0391,-30.7838],[-65.0337,-30.7862],[-65.0322,-30.7825],[-65.032,-30.7758],[-65.0283,-30.779],[-65.0224,-30.7889],[-65.0179,-30.7908],[-65.0193,-30.794],[-65.0178,-30.8012],[-65.0218,-30.8032],[-65.0235,-30.808],[-65.0276,-30.8141],[-65.0312,-30.8144]],[[-64.9909,-30.7058],[-64.9883,-30.7011],[-64.9884,-30.6955],[-64.9727,-30.6845],[-64.97,-30.6873],[-64.9714,-30.6896],[-64.9784,-30.6943],[-64.9909,-30.7058]],[[-64.9453,-30.7018],[-64.951,-30.7015],[-64.9565,-30.6971],[-64.9567,-30.6924],[-64.9528,-30.6898],[-64.9431,-30.6916],[-64.9409,-30.6936],[-64.9453,-30.7018]],[[-64.5809,-30.7124],[-64.5809,-30.707],[-64.5849,-30.7041],[-64.581,-30.6955],[-64.5765,-30.6952],[-64.5659,-30.7043],[-64.5721,-30.7089],[-64.5809,-30.7124]],[[-64.7394,-30.7046],[-64.7459,-30.7044],[-64.7462,-30.6998],[-64.7433,-30.6965],[-64.7393,-30.7005],[-64.7394,-30.7046]],[[-65.2486,-30.7062],[-65.2495,-30.7042],[-65.2457,-30.7003],[-65.2501,-30.6956],[-65.2528,-30.6974],[-65.2588,-30.6963],[-65.2549,-30.6906],[-65.2508,-30.6907],[-65.2449,-30.6943],[-65.2438,-30.6865],[-65.2398,-30.6925],[-65.24,-30.6988],[-65.2486,-30.7062]],[[-65.2916,-30.7003],[-65.2975,-30.6958],[-65.2951,-30.6886],[-65.2901,-30.6895],[-65.2858,-30.6931],[-65.2881,-30.6976],[-65.2916,-30.7003]],[[-65.3286,-31.2351],[-65.3273,-31.2387],[-65.3334,-31.2407],[-65.3256,-31.2446],[-65.3322,-31.2452],[-65.3349,-31.2484],[-65.3448,-31.2471],[-65.3451,-31.2446],[-65.3502,-31.2445],[-65.3503,-31.2377],[-65.3466,-31.239],[-65.3419,-31.2376],[-65.3466,-31.233],[-65.3477,-31.2287],[-65.3389,-31.222],[-65.3457,-31.1993],[-65.3636,-31.199],[-65.3768,-31.1885],[-65.382,-31.1686],[-65.3899,-31.1476],[-65.3991,-31.1264],[-65.3987,-31.111],[-65.3939,-31.0934],[-65.3931,-31.0654],[-65.3896,-31.0457],[-65.3743,-31.0293],[-65.3678,-31.0088],[-65.3799,-31.011],[-65.3783,-31.0144],[-65.3792,-31.0183],[-65.3844,-31.0149],[-65.39,-31.0149],[-65.3958,-31.0106],[-65.3949,-31.0011],[-65.3924,-30.9989],[-65.3871,-30.9993],[-65.3846,-30.9975],[-65.3817,-30.9914],[-65.3857,-30.9902],[-65.3903,-30.9836],[-65.3893,-30.9751],[-65.3864,-30.9716],[-65.3817,-30.9782],[-65.3802,-30.9844],[-65.3765,-30.9824],[-65.3713,-30.9843],[-65.3694,-30.9881],[-65.3694,-30.9928],[-65.3633,-30.9957],[-65.3596,-31.0009],[-65.3629,-31.0063],[-65.3595,-31.0076],[-65.3565,-31.0154],[-65.3579,-31.0221],[-65.3546,-31.0281],[-65.352,-31.0303],[-65.3503,-31.035],[-65.354,-31.0382],[-65.3591,-31.0358],[-65.3593,-31.0335],[-65.3642,-31.0299],[-65.3691,-31.0227],[-65.362,-31.0214],[-65.365,-31.0086],[-65.3687,-31.0117],[-65.3743,-31.0293],[-65.3896,-31.0457],[-65.3931,-31.0654],[-65.3939,-31.0934],[-65.3986,-31.1106],[-65.3991,-31.1264],[-65.3898,-31.1476],[-65.3867,-31.1558],[-65.3746,-31.1532],[-65.3691,-31.1484],[-65.3805,-31.1448],[-65.3804,-31.1392],[-65.3744,-31.1307],[-65.3757,-31.1099],[-65.3842,-31.1065],[-65.3793,-31.098],[-65.3793,-31.0785],[-65.3863,-31.0753],[-65.388,-31.0725],[-65.3881,-31.0639],[-65.3793,-31.053],[-65.365,-31.0563],[-65.3638,-31.052],[-65.3719,-31.0445],[-65.3627,-31.048],[-65.348,-31.0477],[-65.3373,-31.0491],[-65.3268,-31.0579],[-65.3255,-31.0635],[-65.3277,-31.0675],[-65.3328,-31.0714],[-65.3248,-31.0792],[-65.319,-31.0778],[-65.3231,-31.0842],[-65.3289,-31.0881],[-65.3213,-31.0975],[-65.3153,-31.1016],[-65.3187,-31.1074],[-65.3149,-31.1145],[-65.3075,-31.1202],[-65.2992,-31.1315],[-65.2973,-31.1426],[-65.291,-31.1485],[-65.2904,-31.1538],[-65.2957,-31.1683],[-65.292,-31.169],[-65.2885,-31.1665],[-65.2861,-31.1739],[-65.2826,-31.1776],[-65.2864,-31.1786],[-65.2958,-31.1786],[-65.2954,-31.1839],[-65.3027,-31.1869],[-65.3069,-31.1796],[-65.3154,-31.1802],[-65.3219,-31.1834],[-65.3333,-31.1789],[-65.3501,-31.1783],[-65.3489,-31.1857],[-65.339,-31.1905],[-65.3456,-31.1993],[-65.3412,-31.2142],[-65.3331,-31.2042],[-65.3279,-31.2079],[-65.3288,-31.215],[-65.3226,-31.2179],[-65.3179,-31.2252],[-65.3194,-31.2283],[-65.3286,-31.2351]],[[-65.4163,-30.7018],[-65.428,-30.7004],[-65.427,-30.6954],[-65.4167,-30.6954],[-65.4163,-30.7018]],[[-64.9372,-30.7203],[-64.9372,-30.7169],[-64.94,-30.7149],[-64.9346,-30.7121],[-64.9342,-30.718],[-64.9372,-30.7203]],[[-65.4705,-30.7159],[-65.4747,-30.7138],[-65.4701,-30.711],[-65.4698,-30.7041],[-65.467,-30.7055],[-65.4705,-30.7159]],[[-65.4627,-30.7159],[-65.4648,-30.7158],[-65.4657,-30.7092],[-65.4632,-30.7068],[-65.4578,-30.707],[-65.4627,-30.7159]],[[-65.2795,-30.7334],[-65.2872,-30.7267],[-65.2856,-30.7145],[-65.2764,-30.7212],[-65.2757,-30.7332],[-65.2795,-30.7334]],[[-65.0122,-30.7523],[-65.0175,-30.7499],[-65.0161,-30.7438],[-65.0157,-30.7315],[-65.013,-30.7315],[-65.0135,-30.7474],[-65.0122,-30.7523]],[[-64.9222,-30.7509],[-64.925,-30.7482],[-64.9324,-30.748],[-64.9323,-30.7454],[-64.9268,-30.7438],[-64.9186,-30.7384],[-64.9064,-30.7339],[-64.9026,-30.7423],[-64.9222,-30.7509]],[[-65.6172,-30.7368],[-65.6192,-30.7363],[-65.6187,-30.7324],[-65.6163,-30.7324],[-65.6162,-30.7278],[-65.6214,-30.7264],[-65.6213,-30.7241],[-65.6159,-30.7243],[-65.6159,-30.7265],[-65.6121,-30.7334],[-65.617,-30.7346],[-65.6172,-30.7368]],[[-64.9406,-30.7541],[-64.9586,-30.7538],[-64.9583,-30.7505],[-64.9405,-30.7395],[-64.9421,-30.7463],[-64.9406,-30.7541]],[[-65.109,-30.768],[-65.1095,-30.7621],[-65.1083,-30.7566],[-65.1055,-30.7566],[-65.1053,-30.7469],[-65.1026,-30.7441],[-65.1033,-30.7563],[-65.1018,-30.7572],[-65.101,-30.7677],[-65.109,-30.768]],[[-65.5983,-30.7474],[-65.5991,-30.7428],[-65.5903,-30.743],[-65.5983,-30.7474]],[[-64.901,-30.7599],[-64.9036,-30.7595],[-64.9024,-30.7526],[-64.8983,-30.7527],[-64.8983,-30.7573],[-64.901,-30.7599]],[[-64.9659,-30.7625],[-64.968,-30.7601],[-64.9662,-30.7525],[-64.9634,-30.7572],[-64.9659,-30.7625]],[[-65.2624,-30.7747],[-65.2722,-30.7706],[-65.2867,-30.7688],[-65.2892,-30.7656],[-65.2797,-30.7573],[-65.2776,-30.7598],[-65.2777,-30.7636],[-65.2742,-30.7644],[-65.2716,-30.7599],[-65.2653,-30.7613],[-65.264,-30.7581],[-65.2599,-30.756],[-65.2582,-30.7634],[-65.2613,-30.7633],[-65.2624,-30.7747]],[[-65.602,-30.7567],[-65.5997,-30.7509],[-65.5955,-30.7534],[-65.602,-30.7567]],[[-64.913,-30.781],[-64.9164,-30.78],[-64.9215,-30.7752],[-64.9314,-30.7705],[-64.9311,-30.7661],[-64.927,-30.7666],[-64.9267,-30.7698],[-64.9184,-30.7705],[-64.9116,-30.775],[-64.913,-30.781]],[[-64.9023,-30.7769],[-64.9042,-30.7688],[-64.8985,-30.7688],[-64.8988,-30.7767],[-64.9023,-30.7769]],[[-65.1325,-30.77],[-65.1339,-30.7675],[-65.1229,-30.7678],[-65.1231,-30.7698],[-65.1325,-30.77]],[[-65.4372,-30.7702],[-65.4354,-30.7657],[-65.4315,-30.7684],[-65.4372,-30.7702]],[[-64.941,-30.7842],[-64.9438,-30.782],[-64.9487,-30.7816],[-64.9492,-30.7775],[-64.9412,-30.7734],[-64.9393,-30.7795],[-64.941,-30.7842]],[[-65.1328,-30.783],[-65.1345,-30.7783],[-65.1246,-30.7768],[-65.124,-30.7824],[-65.1328,-30.783]],[[-64.899,-30.8079],[-64.8989,-30.7953],[-64.8974,-30.7907],[-64.8985,-30.7827],[-64.8947,-30.7812],[-64.8918,-30.7865],[-64.882,-30.7926],[-64.8825,-30.7963],[-64.891,-30.8029],[-64.8963,-30.803],[-64.8942,-30.8076],[-64.899,-30.8079]],[[-64.9531,-30.8091],[-64.9531,-30.8065],[-64.9761,-30.8067],[-64.9772,-30.7888],[-64.973,-30.7858],[-64.9727,-30.7811],[-64.9684,-30.7807],[-64.9685,-30.7863],[-64.964,-30.7888],[-64.9642,-30.7992],[-64.9507,-30.7987],[-64.9502,-30.7923],[-64.9448,-30.7917],[-64.9451,-30.798],[-64.9435,-30.8035],[-64.9391,-30.8036],[-64.9365,-30.8002],[-64.9334,-30.8006],[-64.9331,-30.805],[-64.9446,-30.8053],[-64.9446,-30.8072],[-64.9338,-30.807],[-64.9334,-30.8093],[-64.9531,-30.8091]],[[-64.7707,-30.8108],[-64.7764,-30.8078],[-64.772,-30.8003],[-64.7673,-30.8007],[-64.7688,-30.7968],[-64.7687,-30.7868],[-64.7635,-30.787],[-64.7653,-30.7977],[-64.7614,-30.8002],[-64.7602,-30.8042],[-64.7635,-30.806],[-64.7693,-30.8049],[-64.7707,-30.8108]],[[-65.4215,-30.7877],[-65.4292,-30.7862],[-65.4305,-30.7804],[-65.4238,-30.7807],[-65.4215,-30.7827],[-65.4215,-30.7877]],[[-65.2186,-30.7925],[-65.2199,-30.7868],[-65.2145,-30.7833],[-65.2186,-30.7925]],[[-65.5882,-30.7867],[-65.591,-30.7831],[-65.5862,-30.7802],[-65.5809,-30.7812],[-65.5818,-30.7842],[-65.5882,-30.7867]],[[-65.4246,-30.8308],[-65.4282,-30.8274],[-65.4303,-30.823],[-65.4276,-30.8192],[-65.4274,-30.8146],[-65.4383,-30.8144],[-65.4409,-30.8102],[-65.4357,-30.8058],[-65.4326,-30.8014],[-65.4231,-30.8009],[-65.4229,-30.7991],[-65.418,-30.7948],[-65.419,-30.788],[-65.4136,-30.7877],[-65.4126,-30.7848],[-65.4058,-30.7845],[-65.4084,-30.7892],[-65.4085,-30.7964],[-65.4143,-30.8006],[-65.4157,-30.8147],[-65.422,-30.8173],[-65.4198,-30.8218],[-65.4186,-30.8286],[-65.4246,-30.8308]],[[-64.9158,-30.812],[-64.9146,-30.809],[-64.9219,-30.8047],[-64.9082,-30.7931],[-64.9067,-30.7992],[-64.9124,-30.8034],[-64.9125,-30.8115],[-64.9158,-30.812]],[[-65.1685,-30.8035],[-65.1724,-30.8034],[-65.1722,-30.7967],[-65.1685,-30.7989],[-65.1685,-30.8035]],[[-65.3958,-30.7982],[-65.4015,-30.7973],[-65.403,-30.795],[-65.3941,-30.795],[-65.3958,-30.7982]],[[-64.7376,-30.8214],[-64.7437,-30.8213],[-64.7454,-30.8181],[-64.7429,-30.8157],[-64.7425,-30.811],[-64.7478,-30.8108],[-64.749,-30.8077],[-64.74,-30.8079],[-64.7402,-30.8167],[-64.7376,-30.8214]],[[-65.179,-30.8536],[-65.1897,-30.84],[-65.1932,-30.838],[-65.1906,-30.8341],[-65.1906,-30.8307],[-65.1865,-30.8308],[-65.1836,-30.8263],[-65.1757,-30.8252],[-65.1758,-30.8297],[-65.1699,-30.8286],[-65.1682,-30.8219],[-65.1729,-30.8217],[-65.1727,-30.8126],[-65.178,-30.8102],[-65.1791,-30.808],[-65.179,-30.801],[-65.175,-30.8012],[-65.1752,-30.8056],[-65.17,-30.806],[-65.1699,-30.8127],[-65.1661,-30.8172],[-65.1683,-30.8223],[-65.1702,-30.8303],[-65.169,-30.838],[-65.1733,-30.8379],[-65.1813,-30.8352],[-65.1838,-30.8387],[-65.1839,-30.8422],[-65.1814,-30.8444],[-65.1732,-30.846],[-65.179,-30.8536]],[[-65.2084,-30.8087],[-65.2071,-30.803],[-65.2017,-30.8053],[-65.2084,-30.8087]],[[-64.7925,-30.8654],[-64.7944,-30.8632],[-64.7907,-30.8529],[-64.7975,-30.8513],[-64.8043,-30.8484],[-64.8068,-30.8442],[-64.8063,-30.8361],[-64.8,-30.8369],[-64.7956,-30.8358],[-64.7946,-30.831],[-64.7908,-30.8323],[-64.7889,-30.8359],[-64.7758,-30.8115],[-64.7741,-30.8139],[-64.7694,-30.8139],[-64.7718,-30.8196],[-64.772,-30.8311],[-64.7785,-30.8393],[-64.7761,-30.8427],[-64.7789,-30.8453],[-64.7889,-30.8495],[-64.7837,-30.8545],[-64.7874,-30.8566],[-64.7925,-30.8654]],[[-64.9435,-30.8164],[-64.9432,-30.8119],[-64.9396,-30.8125],[-64.9393,-30.8163],[-64.9435,-30.8164]],[[-65.3739,-30.8793],[-65.374,-30.8758],[-65.3766,-30.8705],[-65.3758,-30.861],[-65.3792,-30.8587],[-65.3836,-30.8626],[-65.392,-30.8724],[-65.3903,-30.8652],[-65.3941,-30.8601],[-65.3914,-30.8523],[-65.3858,-30.8478],[-65.3853,-30.8395],[-65.3812,-30.834],[-65.3864,-30.8286],[-65.3788,-30.8256],[-65.3781,-30.8143],[-65.3767,-30.8047],[-65.364,-30.8132],[-65.3641,-30.8187],[-65.3615,-30.8274],[-65.3637,-30.8442],[-65.3626,-30.8545],[-65.3622,-30.8674],[-65.3707,-30.8683],[-65.3714,-30.8735],[-65.3739,-30.8793]],[[-65.0141,-30.8218],[-65.0175,-30.8218],[-65.0176,-30.8163],[-65.0142,-30.8168],[-65.0141,-30.8218]],[[-65.4582,-30.8256],[-65.4595,-30.8232],[-65.4656,-30.8231],[-65.4668,-30.8206],[-65.4597,-30.819],[-65.4565,-30.8151],[-65.4485,-30.8101],[-65.4459,-30.8125],[-65.446,-30.817],[-65.4513,-30.8204],[-65.4524,-30.8232],[-65.4582,-30.8256]],[[-64.9788,-30.8337],[-64.9856,-30.8319],[-64.9816,-30.8284],[-64.9764,-30.8288],[-64.9788,-30.8337]],[[-65.5931,-30.8339],[-65.5956,-30.8337],[-65.5977,-30.8278],[-65.5948,-30.8251],[-65.5947,-30.8211],[-65.5866,-30.8267],[-65.5931,-30.8339]],[[-65.4373,-30.8457],[-65.4413,-30.8444],[-65.4374,-30.8366],[-65.4322,-30.8343],[-65.4295,-30.8391],[-65.4308,-30.8423],[-65.4361,-30.8423],[-65.4373,-30.8457]],[[-65.196,-30.8478],[-65.2013,-30.8476],[-65.2014,-30.8443],[-65.2053,-30.8418],[-65.2051,-30.8384],[-65.1932,-30.8385],[-65.1932,-30.8466],[-65.196,-30.8478]],[[-65.6034,-30.8663],[-65.6022,-30.8635],[-65.6066,-30.8595],[-65.6119,-30.8583],[-65.6168,-30.8602],[-65.6214,-30.8569],[-65.6244,-30.8522],[-65.6202,-30.8522],[-65.6172,-30.8479],[-65.622,-30.847],[-65.6245,-30.8445],[-65.6218,-30.8424],[-65.6216,-30.8364],[-65.6155,-30.8365],[-65.6133,-30.8406],[-65.6228,-30.844],[-65.6221,-30.8452],[-65.6098,-30.8461],[-65.6084,-30.8492],[-65.601,-30.8559],[-65.6023,-30.8592],[-65.5981,-30.8626],[-65.5966,-30.8661],[-65.6034,-30.8663]],[[-65.0883,-30.8735],[-65.0877,-30.866],[-65.0909,-30.8637],[-65.0968,-30.8634],[-65.097,-30.8533],[-65.094,-30.853],[-65.0936,-30.8463],[-65.089,-30.8463],[-65.0856,-30.8501],[-65.0863,-30.8582],[-65.0832,-30.8582],[-65.0768,-30.8641],[-65.0836,-30.8642],[-65.085,-30.8726],[-65.0883,-30.8735]],[[-65.4062,-30.8709],[-65.4086,-30.8657],[-65.4048,-30.8655],[-65.4062,-30.8709]],[[-65.6372,-30.8716],[-65.6416,-30.8678],[-65.6368,-30.8665],[-65.6372,-30.8716]],[[-65.0241,-30.8854],[-65.023,-30.8829],[-65.0266,-30.8801],[-65.0263,-30.876],[-65.0198,-30.8759],[-65.0204,-30.885],[-65.0241,-30.8854]],[[-65.6852,-30.8943],[-65.6869,-30.8923],[-65.6942,-30.8909],[-65.6966,-30.8883],[-65.6931,-30.8824],[-65.6915,-30.8763],[-65.6876,-30.8747],[-65.6838,-30.8753],[-65.684,-30.8821],[-65.6777,-30.8832],[-65.6719,-30.8878],[-65.6672,-30.8859],[-65.6662,-30.8884],[-65.6722,-30.8895],[-65.6763,-30.888],[-65.6852,-30.8943]],[[-65.6093,-30.9008],[-65.6112,-30.8972],[-65.6088,-30.8885],[-65.61,-30.8849],[-65.6053,-30.8842],[-65.6014,-30.894],[-65.6066,-30.8975],[-65.6093,-30.9008]],[[-65.5886,-30.8868],[-65.5913,-30.882],[-65.5881,-30.878],[-65.586,-30.8818],[-65.5886,-30.8868]],[[-65.4042,-30.8864],[-65.404,-30.8842],[-65.3957,-30.8843],[-65.3963,-30.8863],[-65.4042,-30.8864]],[[-65.3782,-30.8909],[-65.3842,-30.8847],[-65.3781,-30.8855],[-65.3782,-30.8909]],[[-65.6704,-30.8835],[-65.6679,-30.879],[-65.6644,-30.8824],[-65.6704,-30.8835]],[[-65.6797,-30.9083],[-65.6766,-30.9017],[-65.6715,-30.8953],[-65.6687,-30.8961],[-65.6605,-30.8927],[-65.6572,-30.8884],[-65.6549,-30.8936],[-65.6621,-30.8944],[-65.662,-30.8976],[-65.6693,-30.8982],[-65.6689,-30.9039],[-65.6754,-30.9041],[-65.6797,-30.9083]],[[-65.3634,-30.9061],[-65.3682,-30.9052],[-65.3682,-30.9007],[-65.3631,-30.8942],[-65.3634,-30.9061]],[[-64.9938,-30.9049],[-64.9904,-30.8981],[-64.9857,-30.8982],[-64.9859,-30.9025],[-64.9913,-30.9028],[-64.9938,-30.9049]],[[-65.3838,-30.9029],[-65.3865,-30.8994],[-65.3849,-30.8958],[-65.3797,-30.8936],[-65.3817,-30.9025],[-65.3838,-30.9029]],[[-65.1759,-30.924],[-65.1816,-30.9236],[-65.1837,-30.9048],[-65.1778,-30.8997],[-65.1719,-30.9044],[-65.1688,-30.9118],[-65.1612,-30.9212],[-65.1702,-30.9238],[-65.1759,-30.924]],[[-65.0477,-30.9245],[-65.0543,-30.9236],[-65.0542,-30.9211],[-65.0583,-30.9174],[-65.0581,-30.9129],[-65.0527,-30.9132],[-65.0529,-30.9175],[-65.0462,-30.9176],[-65.0477,-30.9245]],[[-65.4169,-30.9262],[-65.4221,-30.926],[-65.4246,-30.9193],[-65.4273,-30.9191],[-65.4272,-30.9112],[-65.4231,-30.9066],[-65.4165,-30.9081],[-65.4169,-30.9262]],[[-65.3861,-30.9139],[-65.3891,-30.9103],[-65.3823,-30.9097],[-65.3861,-30.9139]],[[-64.5704,-30.9364],[-64.5762,-30.9361],[-64.5779,-30.922],[-64.5732,-30.9223],[-64.5722,-30.9312],[-64.5704,-30.9364]],[[-64.6352,-30.9402],[-64.6335,-30.9342],[-64.636,-30.922],[-64.6305,-30.9223],[-64.6288,-30.924],[-64.6303,-30.9304],[-64.6289,-30.9391],[-64.6352,-30.9402]],[[-65.3602,-30.9214],[-65.3633,-30.9212],[-65.3634,-30.9133],[-65.3583,-30.9142],[-65.3602,-30.9214]],[[-65.6948,-30.958],[-65.6937,-30.9511],[-65.6938,-30.9451],[-65.6886,-30.946],[-65.688,-30.9428],[-65.6929,-30.9401],[-65.6907,-30.9379],[-65.6922,-30.9335],[-65.6961,-30.933],[-65.6957,-30.9287],[-65.6925,-30.9281],[-65.6891,-30.9312],[-65.6836,-30.9274],[-65.6849,-30.9247],[-65.6827,-30.9183],[-65.6786,-30.914],[-65.6713,-30.9123],[-65.6702,-30.9188],[-65.6744,-30.9224],[-65.6745,-30.9254],[-65.6787,-30.9276],[-65.6752,-30.9339],[-65.6751,-30.939],[-65.6793,-30.9431],[-65.6806,-30.9495],[-65.6776,-30.9508],[-65.6778,-30.9552],[-65.6826,-30.9521],[-65.6845,-30.9546],[-65.6894,-30.9542],[-65.6948,-30.958]],[[-65.0235,-30.928],[-65.0151,-30.9272],[-65.0163,-30.9313],[-65.0196,-30.9305],[-65.0235,-30.928]],[[-64.6032,-30.9644],[-64.6065,-30.9625],[-64.6084,-30.9547],[-64.6136,-30.9526],[-64.6134,-30.9483],[-64.6181,-30.943],[-64.6233,-30.9408],[-64.6238,-30.9336],[-64.6212,-30.9342],[-64.6192,-30.9404],[-64.6131,-30.9407],[-64.613,-30.9361],[-64.6089,-30.9367],[-64.6073,-30.9443],[-64.6041,-30.951],[-64.6032,-30.9644]],[[-65.3828,-30.9325],[-65.3851,-30.9279],[-65.3889,-30.9271],[-65.3879,-30.9235],[-65.3846,-30.9235],[-65.3827,-30.9272],[-65.3828,-30.9325]],[[-65.3735,-30.938],[-65.3744,-30.9281],[-65.3721,-30.9282],[-65.3705,-30.9329],[-65.3708,-30.9376],[-65.3735,-30.938]],[[-65.4021,-30.9339],[-65.4008,-30.9287],[-65.396,-30.9302],[-65.4021,-30.9339]],[[-65.3948,-30.937],[-65.3933,-30.9307],[-65.3896,-30.9326],[-65.3906,-30.937],[-65.3948,-30.937]],[[-65.7152,-30.9457],[-65.7177,-30.9452],[-65.7163,-30.9394],[-65.7097,-30.9451],[-65.7152,-30.9457]],[[-65.61,-30.974],[-65.6097,-30.9681],[-65.6116,-30.9641],[-65.6101,-30.9608],[-65.6064,-30.9589],[-65.606,-30.9559],[-65.6021,-30.9537],[-65.6019,-30.9489],[-65.5993,-30.9468],[-65.5891,-30.947],[-65.5859,-30.9507],[-65.5862,-30.9536],[-65.5939,-30.9518],[-65.5986,-30.954],[-65.601,-30.9599],[-65.5952,-30.962],[-65.5947,-30.9676],[-65.5962,-30.972],[-65.6017,-30.9737],[-65.6039,-30.969],[-65.6074,-30.9739],[-65.61,-30.974]],[[-65.6366,-30.9595],[-65.638,-30.9538],[-65.6339,-30.9445],[-65.6325,-30.9491],[-65.633,-30.9558],[-65.6366,-30.9595]],[[-65.1224,-31.0276],[-65.1306,-31.0253],[-65.1362,-31.0215],[-65.1383,-31.0175],[-65.1324,-31.0089],[-65.1345,-31.0011],[-65.1421,-30.9973],[-65.1455,-30.9874],[-65.1543,-30.9826],[-65.1576,-30.9769],[-65.161,-30.9776],[-65.1628,-30.9921],[-65.1687,-31.0003],[-65.1772,-30.9974],[-65.1825,-30.997],[-65.1805,-30.9901],[-65.1741,-30.9866],[-65.181,-30.9785],[-65.1745,-30.9755],[-65.1713,-30.9728],[-65.171,-30.9682],[-65.1789,-30.9619],[-65.177,-30.9567],[-65.1701,-30.955],[-65.1628,-30.9619],[-65.1577,-30.9737],[-65.1528,-30.9784],[-65.1379,-30.9863],[-65.132,-30.9904],[-65.1279,-30.9871],[-65.1259,-30.9921],[-65.1283,-31.0031],[-65.1277,-31.0071],[-65.1218,-31.0162],[-65.1234,-31.0238],[-65.1224,-31.0276]],[[-65.5551,-30.9636],[-65.5509,-30.9589],[-65.546,-30.9505],[-65.5424,-30.9514],[-65.5429,-30.9558],[-65.5476,-30.9597],[-65.5551,-30.9636]],[[-65.5919,-30.9594],[-65.5984,-30.9587],[-65.5982,-30.955],[-65.5932,-30.9548],[-65.5919,-30.9594]],[[-65.5477,-31.0141],[-65.5506,-31.0096],[-65.5585,-31.0044],[-65.5518,-30.999],[-65.5572,-30.9972],[-65.5567,-30.9933],[-65.5533,-30.9866],[-65.559,-30.9864],[-65.562,-30.9898],[-65.5618,-30.9941],[-65.5599,-30.9983],[-65.5676,-31.0044],[-65.5704,-31.0023],[-65.5793,-31.0097],[-65.5838,-31.0086],[-65.5834,-31.0006],[-65.5888,-30.9983],[-65.5878,-30.9918],[-65.5915,-30.9905],[-65.592,-30.9865],[-65.5994,-30.9863],[-65.5938,-30.9812],[-65.5987,-30.9784],[-65.5965,-30.9729],[-65.591,-30.9709],[-65.5901,-30.962],[-65.5814,-30.9608],[-65.5798,-30.9654],[-65.5683,-30.9643],[-65.5661,-30.9615],[-65.5613,-30.9643],[-65.5518,-30.9651],[-65.5519,-30.9707],[-65.546,-30.9755],[-65.5499,-30.9806],[-65.5545,-30.9833],[-65.5522,-30.9861],[-65.5487,-30.9864],[-65.5476,-30.9902],[-65.5437,-30.9907],[-65.5382,-30.9937],[-65.5385,-30.9978],[-65.5427,-30.9984],[-65.5423,-31.0022],[-65.5387,-31.0048],[-65.5477,-31.0141]],[[-65.664,-30.9613],[-65.662,-30.9547],[-65.6578,-30.9569],[-65.664,-30.9613]],[[-65.645,-30.974],[-65.6393,-30.9631],[-65.6447,-30.9614],[-65.6439,-30.9589],[-65.6376,-30.9618],[-65.6333,-30.9605],[-65.6331,-30.9574],[-65.6262,-30.957],[-65.6278,-30.9635],[-65.6215,-30.9644],[-65.6213,-30.9668],[-65.6298,-30.9657],[-65.6311,-30.9689],[-65.6411,-30.972],[-65.645,-30.974]],[[-65.6885,-30.9727],[-65.6914,-30.9619],[-65.6874,-30.9596],[-65.6823,-30.9697],[-65.6885,-30.9727]],[[-65.7193,-30.9642],[-65.7124,-30.9617],[-65.7104,-30.9642],[-65.7193,-30.9642]],[[-65.4721,-30.9805],[-65.4753,-30.9786],[-65.469,-30.9749],[-65.469,-30.967],[-65.4669,-30.9667],[-65.4682,-30.9782],[-65.4721,-30.9805]],[[-65.5307,-30.9961],[-65.5349,-30.9958],[-65.5335,-30.9916],[-65.5383,-30.9902],[-65.5431,-30.9821],[-65.5421,-30.9749],[-65.5379,-30.9728],[-65.5367,-30.9687],[-65.5328,-30.9679],[-65.5324,-30.975],[-65.5279,-30.9752],[-65.5258,-30.9795],[-65.526,-30.9882],[-65.5316,-30.9928],[-65.5307,-30.9961]],[[-65.3667,-30.9833],[-65.3665,-30.9777],[-65.3623,-30.9798],[-65.3667,-30.9833]],[[-65.6683,-30.9795],[-65.6747,-30.9767],[-65.6798,-30.9765],[-65.6767,-30.9718],[-65.6708,-30.9724],[-65.6683,-30.9795]],[[-65.4015,-30.9941],[-65.4027,-30.9895],[-65.4093,-30.9916],[-65.4115,-30.987],[-65.4053,-30.9841],[-65.4051,-30.9872],[-65.4011,-30.9872],[-65.3992,-30.9931],[-65.4015,-30.9941]],[[-65.6271,-30.9936],[-65.6318,-30.9928],[-65.6204,-30.9829],[-65.6178,-30.9859],[-65.6191,-30.9892],[-65.6271,-30.9936]],[[-65.596,-31.0158],[-65.6,-31.012],[-65.5993,-31.0082],[-65.6021,-31.0072],[-65.5971,-31.0005],[-65.5959,-30.9948],[-65.6043,-30.9962],[-65.6049,-31.0005],[-65.6099,-31.0014],[-65.613,-30.9996],[-65.6186,-31.0007],[-65.6186,-30.9979],[-65.6128,-30.9981],[-65.6101,-30.9932],[-65.6062,-30.9936],[-65.6054,-30.99],[-65.6001,-30.9892],[-65.5924,-30.993],[-65.5925,-31.0035],[-65.5945,-31.0075],[-65.5945,-31.0145],[-65.596,-31.0158]],[[-65.5146,-31.0035],[-65.5159,-31.003],[-65.514,-30.9935],[-65.5039,-30.992],[-65.5092,-31.0034],[-65.5146,-31.0035]],[[-64.5937,-31.0244],[-64.6001,-31.0074],[-64.5951,-31.0077],[-64.5932,-31.0125],[-64.5936,-31.017],[-64.592,-31.0216],[-64.5937,-31.0244]],[[-65.3982,-31.0144],[-65.4017,-31.0113],[-65.4049,-31.0111],[-65.4106,-31.0062],[-65.4082,-31.0032],[-65.4019,-31.0034],[-65.4,-31],[-65.3971,-31.0004],[-65.3964,-31.0061],[-65.4066,-31.0054],[-65.4044,-31.0098],[-65.3981,-31.0091],[-65.3982,-31.0144]],[[-65.5308,-31.0056],[-65.5353,-31.0016],[-65.5352,-30.9977],[-65.5291,-30.9976],[-65.5308,-31.0056]],[[-65.7221,-31.0046],[-65.7187,-30.9946],[-65.7136,-30.9968],[-65.7165,-31.0007],[-65.7221,-31.0046]],[[-65.6281,-31.0295],[-65.632,-31.026],[-65.6379,-31.025],[-65.6406,-31.0288],[-65.6444,-31.0255],[-65.6531,-31.0247],[-65.6538,-31.0219],[-65.6491,-31.0212],[-65.6505,-31.0123],[-65.6488,-31.0084],[-65.6427,-31.0032],[-65.6449,-30.9984],[-65.6375,-30.9968],[-65.6367,-31.0025],[-65.6336,-31.0034],[-65.6335,-31.0094],[-65.6285,-31.0109],[-65.6278,-31.015],[-65.6241,-31.0153],[-65.6229,-31.0193],[-65.6162,-31.0188],[-65.6122,-31.0153],[-65.6126,-31.0255],[-65.6218,-31.0261],[-65.6281,-31.0295]],[[-65.7085,-31.0082],[-65.7098,-31.0019],[-65.7022,-30.9978],[-65.6981,-30.9979],[-65.7009,-31.0034],[-65.7046,-31.0046],[-65.7085,-31.0082]],[[-65.5392,-31.0731],[-65.5407,-31.0716],[-65.54,-31.0633],[-65.543,-31.0623],[-65.5448,-31.0578],[-65.5447,-31.0507],[-65.5462,-31.044],[-65.5421,-31.0417],[-65.5435,-31.0334],[-65.5404,-31.0275],[-65.5374,-31.0256],[-65.5391,-31.0188],[-65.5352,-31.0164],[-65.5375,-31.0132],[-65.5415,-31.0131],[-65.5415,-31.0094],[-65.5337,-31.0099],[-65.5302,-31.015],[-65.5254,-31.0119],[-65.5232,-31.0054],[-65.5162,-31.0055],[-65.5163,-31.0147],[-65.5203,-31.015],[-65.5203,-31.0221],[-65.5247,-31.0249],[-65.5246,-31.0286],[-65.5269,-31.0329],[-65.525,-31.0351],[-65.5166,-31.0352],[-65.5126,-31.0364],[-65.5101,-31.0401],[-65.517,-31.0444],[-65.5198,-31.0509],[-65.5164,-31.0527],[-65.5164,-31.0572],[-65.5125,-31.0586],[-65.5139,-31.0642],[-65.5123,-31.0718],[-65.5157,-31.0717],[-65.5178,-31.0685],[-65.5353,-31.0694],[-65.5392,-31.0731]],[[-65.3977,-31.0455],[-65.4033,-31.0427],[-65.4079,-31.0423],[-65.408,-31.0385],[-65.4043,-31.0373],[-65.4009,-31.0262],[-65.3964,-31.0262],[-65.3961,-31.0229],[-65.3992,-31.018],[-65.4043,-31.0171],[-65.4039,-31.0206],[-65.4092,-31.0207],[-65.4111,-31.0166],[-65.4035,-31.0118],[-65.3989,-31.017],[-65.3962,-31.018],[-65.393,-31.0246],[-65.3939,-31.0275],[-65.4003,-31.0294],[-65.4005,-31.037],[-65.3916,-31.032],[-65.3911,-31.0373],[-65.3926,-31.04],[-65.4001,-31.0398],[-65.3946,-31.0446],[-65.3977,-31.0455]],[[-65.5519,-31.023],[-65.5562,-31.017],[-65.5557,-31.0134],[-65.5516,-31.0144],[-65.5519,-31.023]],[[-65.4108,-31.035],[-65.4144,-31.034],[-65.4148,-31.023],[-65.407,-31.0292],[-65.4065,-31.0336],[-65.4108,-31.035]],[[-65.2541,-31.1119],[-65.2609,-31.11],[-65.2614,-31.1063],[-65.27,-31.0976],[-65.2773,-31.0961],[-65.2825,-31.0938],[-65.2855,-31.0888],[-65.298,-31.0836],[-65.305,-31.0699],[-65.3104,-31.0554],[-65.3145,-31.0494],[-65.3191,-31.0462],[-65.3169,-31.0394],[-65.3102,-31.0388],[-65.2975,-31.0411],[-65.2951,-31.0493],[-65.2888,-31.0503],[-65.2834,-31.0455],[-65.2838,-31.0382],[-65.2824,-31.0229],[-65.2717,-31.0348],[-65.2761,-31.0456],[-65.2763,-31.0528],[-65.2807,-31.0627],[-65.28,-31.0771],[-65.2775,-31.0808],[-65.2614,-31.0896],[-65.2582,-31.0865],[-65.2529,-31.0839],[-65.2486,-31.0799],[-65.2421,-31.0922],[-65.239,-31.0954],[-65.2397,-31.1013],[-65.2419,-31.108],[-65.2445,-31.1017],[-65.2522,-31.0979],[-65.2549,-31.1006],[-65.2541,-31.1119]],[[-65.5097,-31.0363],[-65.5098,-31.0264],[-65.5062,-31.0266],[-65.5051,-31.0329],[-65.5097,-31.0363]],[[-65.6043,-31.0427],[-65.6056,-31.0356],[-65.6025,-31.0334],[-65.6026,-31.0306],[-65.5986,-31.029],[-65.5984,-31.038],[-65.6043,-31.0427]],[[-65.492,-31.0517],[-65.4997,-31.0437],[-65.4942,-31.0442],[-65.4937,-31.0417],[-65.4869,-31.0427],[-65.4891,-31.0466],[-65.4893,-31.0509],[-65.492,-31.0517]],[[-65.7576,-31.1973],[-65.7607,-31.1953],[-65.7577,-31.1883],[-65.7485,-31.1886],[-65.7484,-31.1834],[-65.7514,-31.1761],[-65.7557,-31.1766],[-65.76,-31.1796],[-65.7636,-31.1783],[-65.7651,-31.173],[-65.7648,-31.1495],[-65.7595,-31.1475],[-65.7641,-31.1436],[-65.7655,-31.1383],[-65.7652,-31.1139],[-65.7625,-31.1141],[-65.7559,-31.1105],[-65.7568,-31.1048],[-65.7529,-31.1038],[-65.7492,-31.0983],[-65.7566,-31.0978],[-65.7605,-31.1006],[-65.7606,-31.1036],[-65.7647,-31.1049],[-65.7646,-31.0934],[-65.7655,-31.0887],[-65.7614,-31.0881],[-65.7579,-31.0854],[-65.7547,-31.0889],[-65.7587,-31.0909],[-65.7595,-31.0968],[-65.7554,-31.0968],[-65.7514,-31.0945],[-65.7511,-31.0908],[-65.7432,-31.0924],[-65.7404,-31.0905],[-65.7408,-31.0863],[-65.7328,-31.0885],[-65.7314,-31.0827],[-65.7259,-31.0842],[-65.7271,-31.0781],[-65.7328,-31.078],[-65.7358,-31.0812],[-65.7411,-31.0768],[-65.723,-31.0767],[-65.7187,-31.0728],[-65.7175,-31.0696],[-65.709,-31.0727],[-65.7053,-31.0727],[-65.7046,-31.0768],[-65.7001,-31.0774],[-65.701,-31.0632],[-65.7044,-31.0656],[-65.7131,-31.064],[-65.719,-31.0663],[-65.719,-31.0689],[-65.7248,-31.0712],[-65.7272,-31.0678],[-65.7268,-31.0621],[-65.7318,-31.0616],[-65.7329,-31.0587],[-65.7245,-31.058],[-65.7238,-31.0625],[-65.7185,-31.0614],[-65.7155,-31.0629],[-65.7084,-31.0589],[-65.708,-31.0556],[-65.7038,-31.0475],[-65.7,-31.0452],[-65.6908,-31.0484],[-65.6853,-31.0439],[-65.6886,-31.0401],[-65.6807,-31.0343],[-65.6779,-31.0385],[-65.6717,-31.0395],[-65.6669,-31.0466],[-65.648,-31.047],[-65.6454,-31.0549],[-65.6479,-31.0609],[-65.6443,-31.0645],[-65.6396,-31.058],[-65.6326,-31.0565],[-65.6309,-31.0619],[-65.6326,-31.0697],[-65.6428,-31.0703],[-65.6443,-31.0777],[-65.6425,-31.0838],[-65.6464,-31.0857],[-65.6483,-31.0895],[-65.6328,-31.0943],[-65.6306,-31.0979],[-65.6271,-31.0997],[-65.6234,-31.0967],[-65.6193,-31.0957],[-65.6184,-31.0904],[-65.6154,-31.0905],[-65.6161,-31.0984],[-65.6208,-31.099],[-65.6241,-31.1064],[-65.618,-31.1064],[-65.6117,-31.1106],[-65.6015,-31.1093],[-65.6023,-31.1054],[-65.5965,-31.1016],[-65.5903,-31.1005],[-65.5901,-31.1045],[-65.5815,-31.1072],[-65.5812,-31.1042],[-65.5698,-31.1055],[-65.5654,-31.1037],[-65.5681,-31.0985],[-65.5764,-31.1023],[-65.5798,-31.1003],[-65.5785,-31.0935],[-65.5775,-31.0779],[-65.5729,-31.0787],[-65.5726,-31.0733],[-65.5698,-31.0705],[-65.5695,-31.0645],[-65.5715,-31.0596],[-65.5675,-31.0594],[-65.5627,-31.0533],[-65.5644,-31.0477],[-65.5506,-31.0478],[-65.5487,-31.0579],[-65.5466,-31.0609],[-65.5471,-31.0664],[-65.5456,-31.0682],[-65.5496,-31.0723],[-65.5503,-31.0816],[-65.5526,-31.0855],[-65.557,-31.0881],[-65.5528,-31.0939],[-65.5487,-31.0906],[-65.5423,-31.088],[-65.5384,-31.0898],[-65.5393,-31.093],[-65.5353,-31.0986],[-65.5406,-31.0979],[-65.5419,-31.1042],[-65.552,-31.1027],[-65.5555,-31.1066],[-65.5637,-31.1072],[-65.5761,-31.1171],[-65.5687,-31.1226],[-65.5714,-31.1277],[-65.5679,-31.1297],[-65.5665,-31.1369],[-65.5733,-31.1378],[-65.5767,-31.1455],[-65.5809,-31.1414],[-65.5856,-31.1411],[-65.5841,-31.1359],[-65.5876,-31.1358],[-65.5962,-31.1381],[-65.594,-31.1457],[-65.591,-31.1493],[-65.5978,-31.1498],[-65.6021,-31.1474],[-65.6075,-31.15],[-65.6085,-31.1577],[-65.6058,-31.1621],[-65.6028,-31.161],[-65.6027,-31.1573],[-65.5967,-31.1573],[-65.5934,-31.1656],[-65.5969,-31.166],[-65.6047,-31.1701],[-65.6087,-31.1749],[-65.6096,-31.1798],[-65.6146,-31.1773],[-65.6116,-31.1734],[-65.61,-31.1669],[-65.6064,-31.1644],[-65.6141,-31.1603],[-65.6154,-31.1653],[-65.6195,-31.1617],[-65.6235,-31.1668],[-65.6245,-31.1733],[-65.6295,-31.1761],[-65.6309,-31.1708],[-65.6255,-31.1636],[-65.6335,-31.1617],[-65.6294,-31.1585],[-65.6291,-31.1553],[-65.634,-31.1513],[-65.6415,-31.1509],[-65.641,-31.145],[-65.6346,-31.1358],[-65.6253,-31.1363],[-65.6255,-31.133],[-65.6284,-31.1289],[-65.633,-31.1317],[-65.6458,-31.1378],[-65.6468,-31.1418],[-65.6519,-31.1417],[-65.6544,-31.1462],[-65.6586,-31.1424],[-65.6554,-31.1358],[-65.6493,-31.136],[-65.6488,-31.1242],[-65.6458,-31.119],[-65.6452,-31.111],[-65.6421,-31.1129],[-65.6381,-31.111],[-65.6426,-31.1074],[-65.6562,-31.1029],[-65.6589,-31.1061],[-65.6637,-31.103],[-65.6653,-31.1052],[-65.67,-31.1046],[-65.6693,-31.1087],[-65.6757,-31.1123],[-65.6773,-31.1157],[-65.6813,-31.1187],[-65.6824,-31.1229],[-65.68,-31.1294],[-65.6657,-31.1285],[-65.6605,-31.1267],[-65.6577,-31.1314],[-65.6621,-31.14],[-65.6724,-31.1408],[-65.6769,-31.1433],[-65.6713,-31.1458],[-65.6658,-31.1456],[-65.6576,-31.1438],[-65.6556,-31.1464],[-65.6546,-31.1539],[-65.6567,-31.1551],[-65.6587,-31.1643],[-65.6613,-31.1662],[-65.6662,-31.1661],[-65.6679,-31.1635],[-65.6652,-31.1594],[-65.6648,-31.1492],[-65.6728,-31.1489],[-65.6788,-31.1467],[-65.6837,-31.15],[-65.6891,-31.1477],[-65.6913,-31.1497],[-65.6923,-31.1546],[-65.6908,-31.1656],[-65.6921,-31.1725],[-65.6976,-31.1726],[-65.7027,-31.1749],[-65.7053,-31.1722],[-65.7054,-31.1689],[-65.7145,-31.1677],[-65.7186,-31.1709],[-65.7124,-31.1769],[-65.7166,-31.1821],[-65.7124,-31.1823],[-65.7089,-31.1883],[-65.7127,-31.1897],[-65.718,-31.1938],[-65.7195,-31.1895],[-65.7245,-31.1926],[-65.73,-31.1927],[-65.7407,-31.1956],[-65.7417,-31.1922],[-65.7475,-31.1943],[-65.7514,-31.1943],[-65.7576,-31.1973]],[[-65.4093,-31.0614],[-65.4121,-31.0567],[-65.4127,-31.0528],[-65.4202,-31.0484],[-65.4131,-31.0422],[-65.4124,-31.0468],[-65.4071,-31.0439],[-65.4055,-31.0482],[-65.3982,-31.0474],[-65.3983,-31.0507],[-65.4043,-31.0536],[-65.4093,-31.0614]],[[-65.6576,-31.0445],[-65.6612,-31.0392],[-65.6566,-31.0395],[-65.6576,-31.0445]],[[-65.4269,-31.0564],[-65.4303,-31.0551],[-65.4294,-31.0507],[-65.4349,-31.0518],[-65.4332,-31.046],[-65.429,-31.0444],[-65.424,-31.0463],[-65.4245,-31.0518],[-65.4277,-31.0521],[-65.4269,-31.0564]],[[-65.5805,-31.0638],[-65.5852,-31.0618],[-65.5853,-31.0592],[-65.5794,-31.0539],[-65.5709,-31.0526],[-65.5727,-31.057],[-65.5775,-31.0594],[-65.5826,-31.0594],[-65.5805,-31.0638]],[[-65.6192,-31.0607],[-65.6197,-31.0571],[-65.6168,-31.054],[-65.6121,-31.053],[-65.6118,-31.0562],[-65.6167,-31.0562],[-65.6192,-31.0607]],[[-65.7414,-31.0687],[-65.7438,-31.0606],[-65.7381,-31.0619],[-65.738,-31.0659],[-65.7414,-31.0687]],[[-65.4993,-31.0784],[-65.4996,-31.0713],[-65.4951,-31.0725],[-65.4958,-31.0781],[-65.4993,-31.0784]],[[-65.4227,-31.09],[-65.4231,-31.0829],[-65.4207,-31.0829],[-65.4199,-31.0882],[-65.4227,-31.09]],[[-65.5253,-31.0913],[-65.5302,-31.0902],[-65.5301,-31.0808],[-65.5326,-31.081],[-65.5323,-31.0746],[-65.5291,-31.0761],[-65.5257,-31.0802],[-65.5253,-31.0913]],[[-65.6061,-31.0807],[-65.6071,-31.0747],[-65.6014,-31.0747],[-65.6013,-31.0774],[-65.6061,-31.0807]],[[-65.5835,-31.0981],[-65.5838,-31.095],[-65.5911,-31.0937],[-65.5898,-31.0889],[-65.5833,-31.0815],[-65.5817,-31.0858],[-65.5821,-31.0927],[-65.5795,-31.098],[-65.5835,-31.0981]],[[-65.4029,-31.1015],[-65.4043,-31.0958],[-65.4065,-31.096],[-65.4077,-31.086],[-65.4037,-31.0858],[-65.4041,-31.0905],[-65.3977,-31.0948],[-65.401,-31.0972],[-65.4029,-31.1015]],[[-65.7606,-31.0828],[-65.7612,-31.0763],[-65.7584,-31.0761],[-65.7576,-31.0821],[-65.7606,-31.0828]],[[-65.6018,-31.0892],[-65.6046,-31.0888],[-65.6064,-31.0842],[-65.6036,-31.082],[-65.6018,-31.0892]],[[-65.4884,-31.0982],[-65.4904,-31.0939],[-65.4848,-31.0921],[-65.4884,-31.0982]],[[-65.5243,-31.1827],[-65.5261,-31.1802],[-65.5269,-31.1729],[-65.521,-31.1713],[-65.5188,-31.1682],[-65.5198,-31.1616],[-65.5194,-31.1473],[-65.5214,-31.1423],[-65.5292,-31.1435],[-65.5288,-31.1393],[-65.5331,-31.1371],[-65.536,-31.1397],[-65.5449,-31.1385],[-65.5448,-31.1355],[-65.5394,-31.1366],[-65.5376,-31.1349],[-65.5365,-31.1291],[-65.5308,-31.1289],[-65.5322,-31.1245],[-65.5303,-31.1221],[-65.526,-31.1238],[-65.5255,-31.1165],[-65.5333,-31.1182],[-65.5334,-31.124],[-65.5409,-31.1255],[-65.5418,-31.1174],[-65.5388,-31.1176],[-65.539,-31.111],[-65.5437,-31.1098],[-65.541,-31.1044],[-65.5356,-31.103],[-65.5359,-31.1076],[-65.5322,-31.1078],[-65.5307,-31.1045],[-65.5307,-31.0974],[-65.5295,-31.0957],[-65.5205,-31.0941],[-65.5212,-31.0977],[-65.5183,-31.0992],[-65.5117,-31.0986],[-65.51,-31.1038],[-65.5003,-31.1091],[-65.4986,-31.1044],[-65.4907,-31.1023],[-65.4878,-31.1054],[-65.4824,-31.1066],[-65.485,-31.1097],[-65.4915,-31.1103],[-65.4883,-31.1158],[-65.4884,-31.1197],[-65.493,-31.1226],[-65.4951,-31.1285],[-65.4892,-31.1293],[-65.4911,-31.1341],[-65.4851,-31.1347],[-65.4823,-31.1326],[-65.4815,-31.1385],[-65.4743,-31.1391],[-65.4745,-31.1409],[-65.4827,-31.1397],[-65.4837,-31.1358],[-65.4942,-31.1365],[-65.4993,-31.1384],[-65.502,-31.1366],[-65.4996,-31.1311],[-65.5099,-31.1298],[-65.5129,-31.1271],[-65.5198,-31.1295],[-65.5149,-31.1379],[-65.5051,-31.1386],[-65.5122,-31.1423],[-65.5154,-31.1467],[-65.5133,-31.151],[-65.5157,-31.156],[-65.5098,-31.1555],[-65.5081,-31.1592],[-65.5093,-31.1632],[-65.5062,-31.1678],[-65.5071,-31.1711],[-65.5114,-31.1756],[-65.5109,-31.1678],[-65.514,-31.1648],[-65.5143,-31.1743],[-65.5193,-31.1751],[-65.5198,-31.1773],[-65.5245,-31.1786],[-65.5243,-31.1827]],[[-65.4181,-31.1196],[-65.4258,-31.1194],[-65.4295,-31.1172],[-65.4298,-31.1112],[-65.4269,-31.1029],[-65.4266,-31.0957],[-65.4204,-31.0933],[-65.4138,-31.1001],[-65.4133,-31.0946],[-65.4109,-31.0946],[-65.4106,-31.1058],[-65.4072,-31.109],[-65.4151,-31.1093],[-65.4175,-31.112],[-65.4167,-31.1172],[-65.4181,-31.1196]],[[-65.6083,-31.1015],[-65.6126,-31.0993],[-65.6079,-31.092],[-65.6083,-31.1015]],[[-65.4078,-31.1271],[-65.4118,-31.1269],[-65.4142,-31.1232],[-65.414,-31.1196],[-65.4111,-31.1121],[-65.4085,-31.1111],[-65.4088,-31.1199],[-65.4073,-31.1222],[-65.4078,-31.1271]],[[-65.4371,-31.1236],[-65.4376,-31.1171],[-65.4327,-31.1172],[-65.4341,-31.1216],[-65.4371,-31.1236]],[[-65.6662,-31.1266],[-65.6736,-31.1253],[-65.672,-31.1216],[-65.6675,-31.1212],[-65.6649,-31.1169],[-65.6591,-31.1172],[-65.6574,-31.115],[-65.6492,-31.1156],[-65.6489,-31.1184],[-65.6565,-31.1185],[-65.6582,-31.1206],[-65.6636,-31.1207],[-65.6662,-31.1266]],[[-65.6706,-31.1196],[-65.6737,-31.1189],[-65.674,-31.1149],[-65.67,-31.1154],[-65.6706,-31.1196]],[[-65.4177,-31.1369],[-65.4211,-31.1365],[-65.4246,-31.1334],[-65.4246,-31.1285],[-65.4198,-31.1314],[-65.4177,-31.1369]],[[-65.4163,-31.1435],[-65.4185,-31.1411],[-65.4145,-31.1381],[-65.4093,-31.139],[-65.4163,-31.1435]],[[-65.0566,-31.1781],[-65.0607,-31.1747],[-65.0683,-31.1745],[-65.08,-31.169],[-65.0834,-31.1663],[-65.0882,-31.1566],[-65.0862,-31.1544],[-65.0918,-31.149],[-65.0827,-31.1498],[-65.0823,-31.1565],[-65.0864,-31.1566],[-65.0814,-31.1666],[-65.0676,-31.1731],[-65.0621,-31.171],[-65.0566,-31.1781]],[[-65.4126,-31.1554],[-65.415,-31.1551],[-65.4111,-31.1469],[-65.4072,-31.1453],[-65.3995,-31.1451],[-65.4001,-31.149],[-65.3979,-31.1534],[-65.4058,-31.1533],[-65.408,-31.1522],[-65.4126,-31.1554]],[[-65.5681,-31.1636],[-65.5653,-31.1534],[-65.563,-31.1551],[-65.5643,-31.1599],[-65.5681,-31.1636]],[[-65.5782,-31.16],[-65.5837,-31.1598],[-65.5828,-31.1544],[-65.5789,-31.1529],[-65.5772,-31.1574],[-65.5782,-31.16]],[[-65.5436,-31.1589],[-65.5427,-31.154],[-65.5374,-31.1542],[-65.5383,-31.1576],[-65.5436,-31.1589]],[[-65.5573,-31.1711],[-65.5589,-31.1674],[-65.5569,-31.1669],[-65.5561,-31.1629],[-65.5587,-31.158],[-65.5506,-31.1585],[-65.5511,-31.1626],[-65.5536,-31.1668],[-65.5573,-31.1676],[-65.5573,-31.1711]],[[-65.5853,-31.1727],[-65.5859,-31.169],[-65.5909,-31.1652],[-65.5879,-31.1628],[-65.5823,-31.1613],[-65.5797,-31.1645],[-65.5834,-31.1665],[-65.5853,-31.1727]],[[-65.6813,-31.1671],[-65.6815,-31.1624],[-65.6782,-31.16],[-65.6726,-31.1615],[-65.6729,-31.164],[-65.6789,-31.1641],[-65.6813,-31.1671]],[[-65.5365,-31.1758],[-65.5374,-31.1722],[-65.543,-31.1666],[-65.5425,-31.1631],[-65.5375,-31.1632],[-65.5385,-31.1664],[-65.5303,-31.1678],[-65.5365,-31.1758]],[[-65.5659,-31.1729],[-65.5774,-31.1668],[-65.5769,-31.1629],[-65.5723,-31.1649],[-65.5659,-31.1729]],[[-65.6602,-31.1732],[-65.6601,-31.1703],[-65.6564,-31.1659],[-65.6541,-31.1683],[-65.6602,-31.1732]],[[-65.6777,-31.1775],[-65.6837,-31.1773],[-65.684,-31.1684],[-65.6761,-31.1678],[-65.6748,-31.1704],[-65.6802,-31.1717],[-65.6804,-31.1763],[-65.6777,-31.1775]],[[-65.1724,-31.2578],[-65.1702,-31.2546],[-65.1702,-31.2479],[-65.1727,-31.2485],[-65.173,-31.2535],[-65.178,-31.2576],[-65.1864,-31.2529],[-65.188,-31.2484],[-65.1823,-31.2459],[-65.1747,-31.2458],[-65.1746,-31.2438],[-65.1816,-31.2412],[-65.1871,-31.2411],[-65.1901,-31.2384],[-65.198,-31.2348],[-65.1992,-31.232],[-65.1963,-31.2263],[-65.1932,-31.2251],[-65.1921,-31.2193],[-65.1949,-31.2177],[-65.1913,-31.2115],[-65.1869,-31.2112],[-65.1726,-31.2033],[-65.1635,-31.203],[-65.1627,-31.2],[-65.1654,-31.1913],[-65.1729,-31.1921],[-65.1725,-31.1815],[-65.1663,-31.1789],[-65.1655,-31.1855],[-65.1629,-31.1896],[-65.1624,-31.1935],[-65.158,-31.1993],[-65.1511,-31.1984],[-65.147,-31.2014],[-65.143,-31.2008],[-65.1435,-31.2086],[-65.1365,-31.215],[-65.136,-31.219],[-65.1409,-31.22],[-65.1516,-31.2203],[-65.1526,-31.2178],[-65.1478,-31.2146],[-65.1493,-31.2089],[-65.1471,-31.2042],[-65.1505,-31.2029],[-65.1558,-31.2053],[-65.1638,-31.2047],[-65.1704,-31.2082],[-65.1773,-31.2183],[-65.1694,-31.2196],[-65.1613,-31.2158],[-65.1639,-31.2259],[-65.162,-31.2325],[-65.162,-31.2407],[-65.1645,-31.2452],[-65.1638,-31.2478],[-65.1564,-31.2494],[-65.1551,-31.2528],[-65.1634,-31.253],[-65.1724,-31.2578]],[[-65.5433,-31.1803],[-65.5483,-31.176],[-65.5485,-31.172],[-65.5413,-31.1733],[-65.5383,-31.1795],[-65.5433,-31.1803]],[[-65.5725,-31.1786],[-65.5736,-31.1739],[-65.5656,-31.1741],[-65.5671,-31.1774],[-65.5725,-31.1786]],[[-65.6549,-31.1836],[-65.6585,-31.1835],[-65.6578,-31.1753],[-65.6518,-31.1759],[-65.6532,-31.1831],[-65.6549,-31.1836]],[[-65.4003,-31.1841],[-65.4047,-31.1807],[-65.4009,-31.1775],[-65.3966,-31.1801],[-65.4003,-31.1841]],[[-65.4218,-31.1943],[-65.4234,-31.1914],[-65.4234,-31.1857],[-65.4181,-31.1841],[-65.4195,-31.1887],[-65.4185,-31.192],[-65.4218,-31.1943]],[[-65.6376,-31.1902],[-65.6395,-31.1864],[-65.631,-31.1818],[-65.6318,-31.1877],[-65.6376,-31.1902]],[[-65.5599,-31.2619],[-65.5643,-31.259],[-65.5663,-31.2541],[-65.564,-31.2508],[-65.5649,-31.2449],[-65.561,-31.2362],[-65.5632,-31.2325],[-65.5633,-31.2255],[-65.5503,-31.2276],[-65.5482,-31.2295],[-65.5325,-31.2267],[-65.5377,-31.2233],[-65.5425,-31.2226],[-65.5429,-31.2263],[-65.5462,-31.2277],[-65.5486,-31.2218],[-65.5578,-31.2222],[-65.5589,-31.2157],[-65.5619,-31.2156],[-65.5622,-31.2112],[-65.5652,-31.2073],[-65.5625,-31.2056],[-65.565,-31.2003],[-65.5657,-31.1951],[-65.5702,-31.1891],[-65.5573,-31.1879],[-65.56,-31.1943],[-65.5548,-31.1938],[-65.5543,-31.197],[-65.5499,-31.2019],[-65.5493,-31.2108],[-65.5436,-31.2109],[-65.5411,-31.2143],[-65.5359,-31.2144],[-65.5361,-31.2112],[-65.5255,-31.2117],[-65.5206,-31.216],[-65.5123,-31.2174],[-65.5164,-31.2222],[-65.5185,-31.2202],[-65.5267,-31.2199],[-65.5292,-31.2185],[-65.5335,-31.2207],[-65.5274,-31.2253],[-65.5256,-31.2283],[-65.5262,-31.233],[-65.5313,-31.2332],[-65.5338,-31.2368],[-65.5329,-31.2396],[-65.5262,-31.2396],[-65.5213,-31.2361],[-65.521,-31.2299],[-65.517,-31.2322],[-65.5119,-31.2326],[-65.5022,-31.2316],[-65.5,-31.2293],[-65.4947,-31.2277],[-65.4938,-31.2231],[-65.4874,-31.2296],[-65.4924,-31.2296],[-65.495,-31.234],[-65.5004,-31.2392],[-65.5048,-31.2373],[-65.5108,-31.2402],[-65.5012,-31.2412],[-65.4956,-31.2463],[-65.5015,-31.2466],[-65.5007,-31.2517],[-65.4925,-31.2521],[-65.4908,-31.2561],[-65.4759,-31.2562],[-65.4777,-31.2481],[-65.4724,-31.2468],[-65.4678,-31.2399],[-65.46,-31.2434],[-65.462,-31.2463],[-65.4616,-31.2509],[-65.4685,-31.2536],[-65.4728,-31.2519],[-65.4731,-31.2562],[-65.4658,-31.2592],[-65.466,-31.2626],[-65.492,-31.2624],[-65.4928,-31.2582],[-65.4954,-31.2577],[-65.4975,-31.263],[-65.5599,-31.2619]],[[-65.6554,-31.1987],[-65.6583,-31.1986],[-65.6623,-31.194],[-65.6569,-31.1934],[-65.6538,-31.1876],[-65.6502,-31.1912],[-65.6538,-31.1934],[-65.6554,-31.1987]],[[-65.6445,-31.2174],[-65.6466,-31.2149],[-65.6464,-31.2094],[-65.6543,-31.2158],[-65.6586,-31.2165],[-65.6692,-31.2156],[-65.6654,-31.2008],[-65.6592,-31.1997],[-65.6628,-31.2054],[-65.6591,-31.2059],[-65.6512,-31.21],[-65.6491,-31.2063],[-65.6493,-31.2029],[-65.6445,-31.1969],[-65.6414,-31.1955],[-65.6449,-31.1919],[-65.6447,-31.1873],[-65.6391,-31.1905],[-65.6377,-31.1934],[-65.6334,-31.1907],[-65.6276,-31.1908],[-65.63,-31.1944],[-65.6338,-31.1941],[-65.6373,-31.1965],[-65.6264,-31.2026],[-65.6256,-31.206],[-65.6339,-31.2072],[-65.6373,-31.2127],[-65.6362,-31.2163],[-65.6431,-31.2161],[-65.6445,-31.2174]],[[-65.2879,-31.2041],[-65.2906,-31.2027],[-65.2897,-31.1987],[-65.2908,-31.1947],[-65.2851,-31.1936],[-65.2879,-31.2041]],[[-65.7018,-31.1952],[-65.7033,-31.192],[-65.699,-31.1897],[-65.6983,-31.1941],[-65.7018,-31.1952]],[[-65.7015,-31.2137],[-65.7074,-31.211],[-65.7093,-31.2078],[-65.7127,-31.2088],[-65.7163,-31.2055],[-65.7196,-31.2099],[-65.7224,-31.2053],[-65.7182,-31.2028],[-65.7114,-31.2012],[-65.7089,-31.2036],[-65.704,-31.2023],[-65.7053,-31.2083],[-65.7019,-31.2084],[-65.6977,-31.2027],[-65.6877,-31.1981],[-65.6864,-31.2035],[-65.6896,-31.2092],[-65.6957,-31.2099],[-65.7015,-31.2137]],[[-65.3753,-31.203],[-65.3786,-31.2028],[-65.3785,-31.1983],[-65.3747,-31.1971],[-65.3753,-31.203]],[[-65.4902,-31.1998],[-65.4956,-31.1952],[-65.49,-31.195],[-65.4902,-31.1998]],[[-65.265,-31.2182],[-65.2691,-31.2151],[-65.2757,-31.2073],[-65.2714,-31.205],[-65.2569,-31.2029],[-65.2546,-31.2039],[-65.2551,-31.2112],[-65.2594,-31.2157],[-65.2606,-31.2199],[-65.265,-31.2182]],[[-65.3526,-31.2205],[-65.3526,-31.2172],[-65.3601,-31.2171],[-65.365,-31.2142],[-65.3629,-31.2099],[-65.3585,-31.2055],[-65.3542,-31.2032],[-65.3498,-31.2059],[-65.3519,-31.2081],[-65.35,-31.2124],[-65.3502,-31.2205],[-65.3526,-31.2205]],[[-65.5935,-31.208],[-65.5917,-31.205],[-65.5931,-31.2007],[-65.5911,-31.1988],[-65.5864,-31.1988],[-65.5885,-31.2056],[-65.5935,-31.208]],[[-65.7555,-31.2612],[-65.7589,-31.2574],[-65.7581,-31.2496],[-65.7612,-31.248],[-65.7651,-31.249],[-65.7647,-31.2363],[-65.7583,-31.2323],[-65.7574,-31.2273],[-65.75,-31.225],[-65.7423,-31.2254],[-65.7391,-31.222],[-65.7388,-31.2175],[-65.7325,-31.2185],[-65.7307,-31.2155],[-65.7332,-31.2117],[-65.7344,-31.2059],[-65.7278,-31.2012],[-65.7242,-31.2099],[-65.7183,-31.2109],[-65.7149,-31.2078],[-65.7119,-31.2118],[-65.7118,-31.2179],[-65.7054,-31.2203],[-65.7059,-31.2372],[-65.7156,-31.2363],[-65.7257,-31.2304],[-65.7254,-31.2222],[-65.7303,-31.221],[-65.7293,-31.226],[-65.7313,-31.2332],[-65.7371,-31.2374],[-65.7401,-31.2334],[-65.7447,-31.2332],[-65.7445,-31.23],[-65.7525,-31.2287],[-65.7528,-31.2327],[-65.7474,-31.2322],[-65.7474,-31.2355],[-65.7535,-31.2363],[-65.7512,-31.2431],[-65.7455,-31.2435],[-65.744,-31.2458],[-65.7344,-31.2414],[-65.7299,-31.2348],[-65.7262,-31.235],[-65.7229,-31.2385],[-65.7266,-31.2416],[-65.7222,-31.2474],[-65.7254,-31.2527],[-65.7254,-31.2567],[-65.7291,-31.2566],[-65.733,-31.2599],[-65.7393,-31.2608],[-65.7538,-31.2606],[-65.7555,-31.2612]],[[-65.6325,-31.2233],[-65.6359,-31.2231],[-65.6353,-31.2185],[-65.6304,-31.2147],[-65.6294,-31.2112],[-65.6226,-31.2115],[-65.6217,-31.2097],[-65.6148,-31.2065],[-65.6138,-31.2031],[-65.6083,-31.2052],[-65.6102,-31.2119],[-65.6054,-31.216],[-65.6056,-31.2187],[-65.6095,-31.2198],[-65.6111,-31.217],[-65.6157,-31.2172],[-65.6224,-31.221],[-65.6251,-31.2162],[-65.6294,-31.2175],[-65.6325,-31.2233]],[[-65.7466,-31.2061],[-65.7534,-31.2034],[-65.751,-31.1992],[-65.7475,-31.1995],[-65.7431,-31.2036],[-65.7466,-31.2061]],[[-65.3689,-31.2327],[-65.3715,-31.2304],[-65.3772,-31.2302],[-65.3768,-31.2264],[-65.379,-31.2247],[-65.3761,-31.2214],[-65.3735,-31.2253],[-65.3689,-31.226],[-65.369,-31.2205],[-65.373,-31.2206],[-65.376,-31.2163],[-65.3753,-31.2123],[-65.3704,-31.2122],[-65.3673,-31.2162],[-65.363,-31.2173],[-65.3643,-31.2245],[-65.3588,-31.2252],[-65.3556,-31.2302],[-65.3623,-31.2307],[-65.3689,-31.2327]],[[-65.7465,-31.2188],[-65.7486,-31.2149],[-65.7473,-31.2105],[-65.7401,-31.2068],[-65.7409,-31.2127],[-65.7451,-31.2134],[-65.7441,-31.2177],[-65.7465,-31.2188]],[[-65.6837,-31.215],[-65.6792,-31.2107],[-65.6779,-31.2149],[-65.6837,-31.215]],[[-65.6643,-31.2617],[-65.6652,-31.2568],[-65.6743,-31.2588],[-65.6793,-31.2611],[-65.6823,-31.2609],[-65.684,-31.2567],[-65.6815,-31.2555],[-65.681,-31.2497],[-65.6901,-31.2429],[-65.6882,-31.2374],[-65.6911,-31.2338],[-65.6886,-31.2279],[-65.6834,-31.2284],[-65.6796,-31.2265],[-65.6773,-31.2335],[-65.679,-31.2377],[-65.6751,-31.2413],[-65.6745,-31.2448],[-65.6791,-31.2501],[-65.6761,-31.2526],[-65.6659,-31.2523],[-65.6621,-31.2478],[-65.6572,-31.2454],[-65.6459,-31.2442],[-65.6466,-31.2468],[-65.654,-31.2469],[-65.6513,-31.2504],[-65.6572,-31.2569],[-65.6624,-31.2561],[-65.6643,-31.2617]],[[-65.6563,-31.2387],[-65.657,-31.2363],[-65.6509,-31.233],[-65.6523,-31.238],[-65.6563,-31.2387]],[[-65.6235,-31.2434],[-65.6245,-31.2385],[-65.6292,-31.238],[-65.6288,-31.2344],[-65.6254,-31.2338],[-65.6235,-31.2381],[-65.6235,-31.2434]],[[-65.5743,-31.2426],[-65.5791,-31.2412],[-65.5831,-31.2381],[-65.5806,-31.2357],[-65.5743,-31.2426]],[[-65.699,-31.2533],[-65.7,-31.2506],[-65.7047,-31.2485],[-65.7048,-31.2375],[-65.6982,-31.2379],[-65.7024,-31.2421],[-65.7011,-31.2492],[-65.6975,-31.2519],[-65.699,-31.2533]],[[-65.3285,-31.2669],[-65.3418,-31.2665],[-65.3418,-31.2596],[-65.3463,-31.2596],[-65.3504,-31.2579],[-65.3516,-31.2523],[-65.3451,-31.2531],[-65.3382,-31.2512],[-65.3358,-31.2526],[-65.3303,-31.2511],[-65.33,-31.247],[-65.3265,-31.2477],[-65.3228,-31.2451],[-65.3161,-31.2457],[-65.3156,-31.2493],[-65.3204,-31.2513],[-65.3244,-31.2577],[-65.3267,-31.259],[-65.3262,-31.2634],[-65.3285,-31.2669]],[[-65.3536,-31.2577],[-65.3612,-31.255],[-65.3611,-31.249],[-65.355,-31.2491],[-65.3536,-31.2577]],[[-65.3868,-31.2618],[-65.3907,-31.2588],[-65.3914,-31.2543],[-65.3854,-31.2565],[-65.3759,-31.2518],[-65.3761,-31.2614],[-65.3842,-31.2601],[-65.3868,-31.2618]],[[-65.307,-31.2668],[-65.3055,-31.2636],[-65.3081,-31.2589],[-65.3123,-31.2585],[-65.3148,-31.2607],[-65.3187,-31.2589],[-65.316,-31.2557],[-65.3094,-31.2551],[-65.3093,-31.2503],[-65.3046,-31.2513],[-65.3002,-31.2501],[-65.2939,-31.2524],[-65.286,-31.2592],[-65.2854,-31.2652],[-65.2984,-31.2593],[-65.3,-31.2537],[-65.3053,-31.2535],[-65.306,-31.2571],[-65.3011,-31.2595],[-65.2988,-31.2629],[-65.3022,-31.2667],[-65.307,-31.2668]],[[-65.7609,-31.2606],[-65.7672,-31.2585],[-65.7663,-31.2525],[-65.7612,-31.2552],[-65.7609,-31.2606]],[[-65.5992,-31.2626],[-65.5962,-31.2581],[-65.5908,-31.2583],[-65.5894,-31.2562],[-65.5838,-31.256],[-65.5828,-31.2625],[-65.5992,-31.2626]],[[-65.6901,-31.2615],[-65.694,-31.2607],[-65.6932,-31.2529],[-65.6864,-31.2578],[-65.686,-31.261],[-65.6901,-31.2615]],[[-65.6331,-31.7077],[-65.6392,-31.7035],[-65.6309,-31.7029],[-65.6288,-31.7055],[-65.6331,-31.7077]],[[-65.6264,-31.7142],[-65.6271,-31.708],[-65.6222,-31.711],[-65.6264,-31.7142]],[[-65.6106,-31.7352],[-65.6145,-31.7304],[-65.6116,-31.7217],[-65.6122,-31.7163],[-65.6048,-31.7172],[-65.6081,-31.7211],[-65.6077,-31.7279],[-65.6052,-31.7312],[-65.6076,-31.7347],[-65.6106,-31.7352]],[[-65.3258,-31.7719],[-65.3279,-31.769],[-65.3289,-31.764],[-65.3215,-31.7631],[-65.3181,-31.7672],[-65.3228,-31.7685],[-65.3258,-31.7719]],[[-65.6854,-31.771],[-65.6856,-31.7569],[-65.6705,-31.7565],[-65.6712,-31.7625],[-65.6698,-31.7711],[-65.6854,-31.771]],[[-65.3469,-31.8778],[-65.3551,-31.8748],[-65.3507,-31.8658],[-65.3485,-31.8669],[-65.3508,-31.8732],[-65.3468,-31.8739],[-65.3469,-31.8778]],[[-65.484,-31.9048],[-65.4934,-31.9026],[-65.4979,-31.8987],[-65.507,-31.8985],[-65.5128,-31.8993],[-65.5121,-31.8886],[-65.509,-31.8864],[-65.5033,-31.8859],[-65.498,-31.8873],[-65.4933,-31.8856],[-65.4896,-31.8887],[-65.4875,-31.8963],[-65.4849,-31.8986],[-65.484,-31.9048]],[[-65.5492,-31.9227],[-65.5555,-31.9157],[-65.5607,-31.912],[-65.5653,-31.911],[-65.5606,-31.9072],[-65.5502,-31.9038],[-65.5461,-31.9094],[-65.5468,-31.9178],[-65.5458,-31.9218],[-65.5492,-31.9227]]],[[[-64.3736,-29.5498],[-64.3787,-29.5497],[-64.3788,-29.5532],[-64.3735,-29.5521],[-64.3736,-29.5498]]],[[[-64.0498,-29.548],[-64.0525,-29.5517],[-64.0434,-29.5527],[-64.0498,-29.548]]],[[[-64.0788,-29.5491],[-64.0801,-29.5467],[-64.092,-29.5477],[-64.0947,-29.5488],[-64.0986,-29.5544],[-64.1002,-29.5602],[-64.0998,-29.5707],[-64.0934,-29.5696],[-64.0893,-29.5672],[-64.0905,-29.5581],[-64.0867,-29.5582],[-64.0865,-29.5547],[-64.0905,-29.5501],[-64.0788,-29.5491]]],[[[-64.1455,-29.5496],[-64.1454,-29.5451],[-64.1494,-29.5452],[-64.1495,-29.5496],[-64.1455,-29.5496]]],[[[-64.2214,-29.5432],[-64.2282,-29.5451],[-64.2287,-29.5489],[-64.2215,-29.5488],[-64.2214,-29.5432]]],[[[-64.1062,-29.5443],[-64.1154,-29.5454],[-64.1164,-29.5476],[-64.1285,-29.5477],[-64.1286,-29.5589],[-64.1309,-29.5624],[-64.1274,-29.5647],[-64.1221,-29.5648],[-64.1248,-29.5589],[-64.1074,-29.5591],[-64.1063,-29.5638],[-64.1022,-29.5638],[-64.1021,-29.5559],[-64.1062,-29.5534],[-64.1009,-29.5511],[-64.1009,-29.5464],[-64.1062,-29.5443]]],[[[-64.1495,-29.5382],[-64.1493,-29.5427],[-64.1455,-29.5428],[-64.1442,-29.5383],[-64.1495,-29.5382]]],[[[-64.1245,-29.5383],[-64.1246,-29.536],[-64.1335,-29.536],[-64.1335,-29.5383],[-64.1245,-29.5383]]],[[[-64.0535,-29.5369],[-64.0694,-29.5364],[-64.0655,-29.5391],[-64.0657,-29.5434],[-64.0499,-29.5435],[-64.0497,-29.546],[-64.0406,-29.5458],[-64.0407,-29.5402],[-64.0535,-29.5369]]],[[[-64.093,-29.5316],[-64.1022,-29.5317],[-64.1033,-29.5386],[-64.0982,-29.5386],[-64.0995,-29.5477],[-64.0944,-29.5456],[-64.089,-29.5456],[-64.0891,-29.5387],[-64.0929,-29.5363],[-64.093,-29.5316]]],[[[-64.2359,-29.5304],[-64.2383,-29.5305],[-64.2397,-29.5375],[-64.2331,-29.5407],[-64.2303,-29.5351],[-64.2358,-29.535],[-64.2359,-29.5304]]],[[[-64.1229,-29.5313],[-64.1229,-29.5271],[-64.127,-29.5268],[-64.1309,-29.5315],[-64.1229,-29.5313]]],[[[-64.3102,-29.5207],[-64.3167,-29.5207],[-64.3181,-29.5252],[-64.3102,-29.5253],[-64.3102,-29.5207]]],[[[-64.3521,-29.5203],[-64.3614,-29.5201],[-64.3627,-29.5247],[-64.3588,-29.5282],[-64.3509,-29.5283],[-64.3521,-29.5203]]],[[[-64.2028,-29.5194],[-64.2026,-29.5124],[-64.2066,-29.5149],[-64.2068,-29.5194],[-64.2028,-29.5194]]],[[[-64.1923,-29.5182],[-64.1908,-29.5123],[-64.1987,-29.5111],[-64.1989,-29.5217],[-64.1951,-29.5242],[-64.1951,-29.5298],[-64.1976,-29.5355],[-64.1898,-29.5378],[-64.1781,-29.5379],[-64.1779,-29.5402],[-64.1717,-29.5402],[-64.1702,-29.529],[-64.1753,-29.5227],[-64.1751,-29.5149],[-64.1881,-29.513],[-64.1883,-29.5182],[-64.1923,-29.5182]]],[[[-64.3819,-29.5842],[-64.3818,-29.5887],[-64.3754,-29.5887],[-64.3688,-29.5911],[-64.3702,-29.5957],[-64.3689,-29.6003],[-64.3768,-29.6002],[-64.3715,-29.6049],[-64.3704,-29.6082],[-64.3624,-29.606],[-64.3609,-29.6027],[-64.352,-29.6028],[-64.3521,-29.6049],[-64.3206,-29.6052],[-64.3206,-29.6066],[-64.3088,-29.6066],[-64.3049,-29.61],[-64.293,-29.61],[-64.2931,-29.6134],[-64.2866,-29.6136],[-64.2839,-29.6103],[-64.2721,-29.6103],[-64.2733,-29.6083],[-64.2824,-29.6081],[-64.2824,-29.6034],[-64.3047,-29.6032],[-64.3064,-29.6005],[-64.3064,-29.5918],[-64.3296,-29.5916],[-64.3294,-29.5859],[-64.3318,-29.5801],[-64.328,-29.572],[-64.3226,-29.5664],[-64.3212,-29.5617],[-64.316,-29.5594],[-64.3119,-29.5526],[-64.295,-29.5528],[-64.2976,-29.555],[-64.2976,-29.5597],[-64.2872,-29.561],[-64.2809,-29.5644],[-64.2755,-29.5643],[-64.2755,-29.5725],[-64.269,-29.5749],[-64.2623,-29.5737],[-64.2532,-29.5739],[-64.2583,-29.567],[-64.257,-29.5624],[-64.2478,-29.5625],[-64.2441,-29.5669],[-64.2388,-29.5694],[-64.2347,-29.5671],[-64.2295,-29.5671],[-64.2297,-29.5626],[-64.2363,-29.5627],[-64.2373,-29.5649],[-64.2427,-29.5649],[-64.2465,-29.5602],[-64.2374,-29.5603],[-64.2373,-29.5557],[-64.2398,-29.5534],[-64.2478,-29.5534],[-64.2516,-29.5499],[-64.2505,-29.5442],[-64.254,-29.5415],[-64.2476,-29.5396],[-64.2449,-29.5337],[-64.2449,-29.5303],[-64.2424,-29.5279],[-64.2369,-29.5258],[-64.2342,-29.5213],[-64.2253,-29.5308],[-64.224,-29.5342],[-64.22,-29.534],[-64.2184,-29.5216],[-64.224,-29.5215],[-64.2305,-29.5168],[-64.2343,-29.5168],[-64.2327,-29.5121],[-64.2266,-29.5124],[-64.2213,-29.5146],[-64.2213,-29.5099],[-64.2235,-29.5071],[-64.2749,-29.4988],[-64.3091,-29.5036],[-64.3354,-29.5068],[-64.3376,-29.51],[-64.3428,-29.5113],[-64.343,-29.5272],[-64.3339,-29.5273],[-64.33,-29.5227],[-64.3326,-29.5202],[-64.3324,-29.5169],[-64.3234,-29.5158],[-64.3231,-29.5136],[-64.3102,-29.5135],[-64.3087,-29.5086],[-64.3041,-29.5094],[-64.3019,-29.5119],[-64.3049,-29.523],[-64.3029,-29.5277],[-64.3129,-29.5276],[-64.3156,-29.5284],[-64.3183,-29.5342],[-64.3116,-29.5358],[-64.3117,-29.5414],[-64.3264,-29.541],[-64.3262,-29.5385],[-64.3419,-29.5386],[-64.3423,-29.5362],[-64.3573,-29.5361],[-64.3602,-29.5384],[-64.3602,-29.5421],[-64.3661,-29.5423],[-64.3668,-29.5396],[-64.3708,-29.5384],[-64.3707,-29.5337],[-64.3746,-29.5338],[-64.3757,-29.5409],[-64.3691,-29.5521],[-64.3657,-29.5544],[-64.3658,-29.5596],[-64.3709,-29.5592],[-64.3709,-29.564],[-64.3791,-29.5634],[-64.3803,-29.5759],[-64.3738,-29.5771],[-64.3644,-29.577],[-64.3621,-29.5797],[-64.355,-29.58],[-64.3571,-29.5842],[-64.3632,-29.5824],[-64.37,-29.582],[-64.37,-29.5796],[-64.3778,-29.5796],[-64.3856,-29.5807],[-64.3857,-29.584],[-64.3819,-29.5842]],[[-64.3819,-29.5842],[-64.3791,-29.583],[-64.3702,-29.583],[-64.3702,-29.5852],[-64.3819,-29.5842]],[[-64.3423,-29.573],[-64.3449,-29.5765],[-64.3489,-29.5765],[-64.3502,-29.5707],[-64.341,-29.5708],[-64.3423,-29.573]],[[-64.3607,-29.5763],[-64.3647,-29.5763],[-64.3646,-29.5728],[-64.3607,-29.5729],[-64.3607,-29.5763]],[[-64.3513,-29.5489],[-64.3512,-29.5444],[-64.3472,-29.5432],[-64.346,-29.5477],[-64.3513,-29.5489]],[[-64.338,-29.541],[-64.334,-29.5411],[-64.334,-29.5456],[-64.3432,-29.5456],[-64.3432,-29.5432],[-64.338,-29.541]],[[-64.2803,-29.5393],[-64.2738,-29.5393],[-64.2738,-29.5428],[-64.279,-29.5427],[-64.2803,-29.5393]],[[-64.2656,-29.5166],[-64.2669,-29.512],[-64.2616,-29.512],[-64.2617,-29.5166],[-64.2656,-29.5166]]],[[[-65.5491,-31.8592],[-65.5497,-31.8491],[-65.5511,-31.8429],[-65.5518,-31.8361],[-65.5573,-31.8337],[-65.559,-31.8334],[-65.563,-31.8418],[-65.5566,-31.8429],[-65.5572,-31.8523],[-65.5517,-31.859],[-65.5491,-31.8592]]],[[[-65.3412,-31.2142],[-65.3363,-31.2195],[-65.3347,-31.212],[-65.3412,-31.2142]]],[[[-65.265,-31.2182],[-65.261,-31.2149],[-65.2639,-31.2083],[-65.2667,-31.2104],[-65.265,-31.2182]]],[[[-65.3646,-31.1682],[-65.3579,-31.16],[-65.3678,-31.1524],[-65.3737,-31.1618],[-65.3819,-31.1686],[-65.3803,-31.1742],[-65.3646,-31.1682]]],[[[-65.2244,-31.11],[-65.2213,-31.1082],[-65.2203,-31.1035],[-65.216,-31.1016],[-65.2228,-31.0955],[-65.2274,-31.0938],[-65.2322,-31.1079],[-65.2292,-31.111],[-65.2244,-31.11]]],[[[-65.6716,-31.0574],[-65.6712,-31.0505],[-65.6798,-31.0507],[-65.6795,-31.0546],[-65.6824,-31.0554],[-65.6822,-31.0595],[-65.6768,-31.0618],[-65.6771,-31.0685],[-65.6729,-31.0667],[-65.6624,-31.068],[-65.6601,-31.0654],[-65.6598,-31.0599],[-65.6637,-31.0598],[-65.6729,-31.0619],[-65.6716,-31.0574]]],[[[-64.6162,-31.0648],[-64.6151,-31.0621],[-64.618,-31.0539],[-64.6213,-31.0556],[-64.6207,-31.0627],[-64.6162,-31.0648]]],[[[-65.0842,-30.9104],[-65.0933,-30.9101],[-65.0942,-30.917],[-65.0889,-30.9171],[-65.09,-30.9135],[-65.0834,-30.9125],[-65.0842,-30.9104]]],[[[-65.0359,-30.7623],[-65.036,-30.7575],[-65.0443,-30.7577],[-65.0424,-30.7638],[-65.0384,-30.7643],[-65.0359,-30.7623]]],[[[-65.3146,-30.5493],[-65.3078,-30.5494],[-65.3081,-30.5439],[-65.3025,-30.5433],[-65.3019,-30.5407],[-65.308,-30.53],[-65.319,-30.5308],[-65.3193,-30.5661],[-65.3073,-30.5675],[-65.3068,-30.5721],[-65.3015,-30.5745],[-65.2947,-30.5733],[-65.2875,-30.5732],[-65.2933,-30.5653],[-65.2935,-30.5612],[-65.2909,-30.5603],[-65.2871,-30.5649],[-65.2862,-30.5507],[-65.2888,-30.5473],[-65.2919,-30.5474],[-65.2943,-30.5426],[-65.3001,-30.543],[-65.2978,-30.5506],[-65.3044,-30.5507],[-65.3076,-30.556],[-65.3073,-30.5588],[-65.315,-30.5589],[-65.3146,-30.5493]]],[[[-65.0524,-30.5231],[-65.058,-30.5245],[-65.0522,-30.5306],[-65.0499,-30.5255],[-65.0524,-30.5231]]],[[[-64.7216,-30.5181],[-64.7139,-30.5189],[-64.7098,-30.5182],[-64.7108,-30.5139],[-64.719,-30.5094],[-64.7224,-30.5133],[-64.7216,-30.5181]]],[[[-65.1421,-30.5016],[-65.1711,-30.5013],[-65.1758,-30.5021],[-65.1764,-30.5125],[-65.1691,-30.5124],[-65.166,-30.5102],[-65.1581,-30.5135],[-65.1624,-30.5168],[-65.161,-30.5195],[-65.1541,-30.5196],[-65.1559,-30.5108],[-65.1484,-30.5104],[-65.1436,-30.5074],[-65.1421,-30.5016]]],[[[-65.1367,-30.4958],[-65.1403,-30.4957],[-65.1403,-30.5006],[-65.1366,-30.5005],[-65.1367,-30.4958]]],[[[-64.6982,-30.5017],[-64.7022,-30.499],[-64.7069,-30.4992],[-64.7078,-30.502],[-64.6979,-30.5041],[-64.6982,-30.5017]]],[[[-65.1523,-30.4902],[-65.1549,-30.4946],[-65.1419,-30.4946],[-65.1414,-30.4903],[-65.1523,-30.4902]]],[[[-65.1523,-30.4902],[-65.1527,-30.4878],[-65.16,-30.4877],[-65.1602,-30.4897],[-65.1523,-30.4902]]],[[[-64.721,-30.498],[-64.7273,-30.4965],[-64.7389,-30.4885],[-64.7328,-30.4984],[-64.724,-30.4999],[-64.721,-30.498]]],[[[-64.7142,-30.4893],[-64.7138,-30.4848],[-64.7185,-30.4838],[-64.7178,-30.4897],[-64.7142,-30.4893]]],[[[-64.6929,-30.4862],[-64.6929,-30.4834],[-64.6992,-30.4831],[-64.7014,-30.4849],[-64.6977,-30.4895],[-64.6905,-30.4903],[-64.6929,-30.4862]]],[[[-65.1561,-30.4774],[-65.1518,-30.4715],[-65.1521,-30.4672],[-65.1598,-30.467],[-65.1599,-30.4758],[-65.1561,-30.4774]]],[[[-65.1164,-30.4391],[-65.1195,-30.4398],[-65.1194,-30.4447],[-65.1167,-30.4452],[-65.1164,-30.4391]]],[[[-65.1805,-30.4001],[-65.1832,-30.4002],[-65.1822,-30.4072],[-65.1757,-30.4072],[-65.1766,-30.4027],[-65.1805,-30.4001]]],[[[-65.0282,-30.3612],[-65.0283,-30.3591],[-65.0504,-30.3588],[-65.0465,-30.3611],[-65.0282,-30.3612]]],[[[-65.0834,-30.3558],[-65.0834,-30.3539],[-65.0987,-30.3532],[-65.0987,-30.3557],[-65.0856,-30.3581],[-65.0634,-30.3585],[-65.0557,-30.36],[-65.0577,-30.3541],[-65.0622,-30.3564],[-65.0834,-30.3558]]],[[[-65.0104,-30.3561],[-65.0108,-30.3548],[-65.0255,-30.3545],[-65.0256,-30.3523],[-65.054,-30.3514],[-65.054,-30.3536],[-65.0267,-30.3549],[-65.0265,-30.3558],[-65.0104,-30.3561]]],[[[-65.0619,-30.3486],[-65.0661,-30.346],[-65.0674,-30.3494],[-65.0803,-30.3488],[-65.0802,-30.3469],[-65.099,-30.3454],[-65.0988,-30.351],[-65.0936,-30.3492],[-65.087,-30.3502],[-65.0617,-30.3519],[-65.0556,-30.3529],[-65.0555,-30.3496],[-65.0619,-30.3486]]],[[[-65.082,-30.3367],[-65.0995,-30.3337],[-65.0993,-30.3381],[-65.0946,-30.3376],[-65.0854,-30.3396],[-65.0697,-30.3401],[-65.0696,-30.3422],[-65.06,-30.3427],[-65.0354,-30.343],[-65.0358,-30.341],[-65.082,-30.3367]]],[[[-64.2727,-30.3336],[-64.2748,-30.3314],[-64.2802,-30.3342],[-64.2744,-30.336],[-64.2727,-30.3336]]],[[[-64.6449,-30.2543],[-64.6389,-30.2515],[-64.6385,-30.2419],[-64.6431,-30.2412],[-64.6439,-30.252],[-64.6449,-30.2543]]],[[[-64.5916,-30.1394],[-64.5966,-30.1393],[-64.5992,-30.1431],[-64.5989,-30.1461],[-64.5911,-30.1481],[-64.5807,-30.1488],[-64.5514,-30.1522],[-64.5482,-30.1508],[-64.5455,-30.1444],[-64.5557,-30.1428],[-64.5648,-30.143],[-64.5714,-30.1412],[-64.5916,-30.1394]]],[[[-64.1914,-29.7681],[-64.1939,-29.7669],[-64.1926,-29.7623],[-64.2031,-29.7623],[-64.1992,-29.7668],[-64.1914,-29.7681]]],[[[-64.2695,-29.7249],[-64.2813,-29.7248],[-64.2841,-29.7271],[-64.2696,-29.7274],[-64.2695,-29.7249]]],[[[-65.7308,-31.6253],[-65.7335,-31.6228],[-65.7416,-31.6283],[-65.7346,-31.6286],[-65.7343,-31.6314],[-65.7415,-31.6331],[-65.7431,-31.6384],[-65.7397,-31.6392],[-65.7387,-31.6437],[-65.7309,-31.6491],[-65.7323,-31.6531],[-65.7224,-31.6527],[-65.7216,-31.6491],[-65.7294,-31.6482],[-65.7327,-31.6434],[-65.7335,-31.6392],[-65.7311,-31.6365],[-65.7214,-31.6368],[-65.7207,-31.6326],[-65.7248,-31.6313],[-65.724,-31.6266],[-65.7308,-31.6253]]],[[[-65.721,-31.6589],[-65.7217,-31.6562],[-65.7259,-31.6556],[-65.7334,-31.6596],[-65.7447,-31.6571],[-65.748,-31.6589],[-65.7436,-31.6677],[-65.7487,-31.6696],[-65.7454,-31.674],[-65.7391,-31.674],[-65.7354,-31.6758],[-65.7436,-31.6786],[-65.7415,-31.6807],[-65.7363,-31.6778],[-65.7324,-31.6785],[-65.7294,-31.6888],[-65.7269,-31.6911],[-65.719,-31.6922],[-65.718,-31.6887],[-65.7212,-31.6865],[-65.7205,-31.6786],[-65.7224,-31.6707],[-65.7201,-31.6696],[-65.7202,-31.6644],[-65.7178,-31.6607],[-65.721,-31.6589]]]]},"properties":{"cat_cons_original":"I","categoria":"rojo"}},
{"type":"Feature","geometry":{"type":"MultiPolygon","coordinates":[[[[-64.831,-32.8821],[-64.8307,-32.8872],[-64.8262,-32.8842],[-64.8228,-32.8859],[-64.8124,-32.8876],[-64.8124,-32.8827],[-64.8125,-32.8875],[-64.8227,-32.8857],[-64.8262,-32.884],[-64.8307,-32.8871],[-64.831,-32.8821]]],[[[-64.802,-32.8527],[-64.7942,-32.8534],[-64.7863,-32.8472],[-64.7821,-32.8467],[-64.777,-32.8432],[-64.7823,-32.8467],[-64.7864,-32.8471],[-64.7941,-32.8533],[-64.802,-32.8527]]],[[[-64.777,-32.8432],[-64.7738,-32.8409],[-64.7686,-32.8417],[-64.7626,-32.8443],[-64.7608,-32.8395],[-64.7659,-32.8342],[-64.7641,-32.8289],[-64.7675,-32.8214],[-64.773,-32.818],[-64.7634,-32.8138],[-64.7621,-32.8115],[-64.7652,-32.8064],[-64.7725,-32.8032],[-64.7776,-32.804],[-64.7726,-32.8033],[-64.7654,-32.8065],[-64.7624,-32.8116],[-64.7636,-32.8137],[-64.7734,-32.8178],[-64.7676,-32.8216],[-64.7642,-32.8288],[-64.7661,-32.8341],[-64.7641,-32.8372],[-64.7609,-32.8395],[-64.7626,-32.8441],[-64.7685,-32.8416],[-64.7739,-32.8408],[-64.777,-32.8432]]],[[[-64.6116,-32.7687],[-64.6114,-32.7733],[-64.6175,-32.7706],[-64.6213,-32.7695],[-64.6239,-32.7694],[-64.6273,-32.7683],[-64.6294,-32.7666],[-64.6274,-32.7684],[-64.6242,-32.7695],[-64.6183,-32.7704],[-64.6116,-32.7733],[-64.6097,-32.7728],[-64.6097,-32.7714],[-64.6116,-32.7687]]],[[[-64.6604,-32.7585],[-64.6577,-32.7646],[-64.65,-32.7664],[-64.6477,-32.7645],[-64.6407,-32.7665],[-64.6341,-32.7635],[-64.631,-32.764],[-64.6342,-32.7634],[-64.6406,-32.7662],[-64.6478,-32.7644],[-64.6501,-32.7663],[-64.6577,-32.7645],[-64.6604,-32.7585]]],[[[-64.6296,-32.7579],[-64.6293,-32.7581],[-64.6296,-32.7578],[-64.6297,-32.7578],[-64.6296,-32.7579]]],[[[-64.6391,-32.7499],[-64.6396,-32.7526],[-64.6358,-32.7541],[-64.6316,-32.7549],[-64.6338,-32.7572],[-64.6316,-32.7562],[-64.6315,-32.7547],[-64.6394,-32.7524],[-64.6391,-32.7499]]],[[[-64.6621,-32.7407],[-64.6577,-32.7434],[-64.6559,-32.7406],[-64.6506,-32.743],[-64.6499,-32.7469],[-64.6505,-32.7429],[-64.656,-32.7404],[-64.6579,-32.7433],[-64.6621,-32.7407]]],[[[-64.7039,-32.7325],[-64.6996,-32.7359],[-64.6929,-32.7377],[-64.6889,-32.7369],[-64.6892,-32.7432],[-64.6871,-32.7443],[-64.6859,-32.7468],[-64.6855,-32.7504],[-64.683,-32.7535],[-64.6714,-32.7583],[-64.6677,-32.7559],[-64.663,-32.7552],[-64.66,-32.7577],[-64.6628,-32.755],[-64.6681,-32.7558],[-64.6714,-32.7582],[-64.683,-32.7533],[-64.6857,-32.7468],[-64.687,-32.7443],[-64.6889,-32.7431],[-64.6889,-32.7369],[-64.6927,-32.7375],[-64.6997,-32.7358],[-64.7039,-32.7325]]],[[[-64.6819,-32.7097],[-64.679,-32.7116],[-64.6776,-32.7165],[-64.6789,-32.7115],[-64.6819,-32.7097]]],[[[-64.2829,-32.6554],[-64.2813,-32.6513],[-64.2744,-32.6519],[-64.2676,-32.6509],[-64.2745,-32.6518],[-64.2814,-32.6512],[-64.2829,-32.6554]]],[[[-64.2843,-32.6541],[-64.283,-32.6499],[-64.2865,-32.6493],[-64.2835,-32.6498],[-64.2843,-32.6541]]],[[[-64.2676,-32.6509],[-64.2657,-32.6458],[-64.2616,-32.6459],[-64.26,-32.6417],[-64.2617,-32.6458],[-64.2658,-32.6457],[-64.2676,-32.6509]]],[[[-64.26,-32.6417],[-64.2547,-32.6421],[-64.2538,-32.6381],[-64.2561,-32.6274],[-64.2539,-32.638],[-64.2548,-32.642],[-64.26,-32.6417]]],[[[-64.3051,-32.6176],[-64.3083,-32.6281],[-64.3058,-32.6243],[-64.3051,-32.6176]]],[[[-64.3234,-32.6192],[-64.3192,-32.6184],[-64.3166,-32.6144],[-64.3061,-32.6143],[-64.3167,-32.6143],[-64.3193,-32.6183],[-64.3234,-32.6192]]],[[[-64.2593,-32.609],[-64.2622,-32.6041],[-64.2633,-32.5967],[-64.2623,-32.604],[-64.2593,-32.609]]],[[[-64.2446,-32.5878],[-64.2417,-32.5885],[-64.2401,-32.5876],[-64.2357,-32.5831],[-64.2338,-32.5795],[-64.2358,-32.583],[-64.2418,-32.5884],[-64.2446,-32.5878]]],[[[-64.2589,-32.5746],[-64.2592,-32.5776],[-64.2647,-32.5794],[-64.2676,-32.5882],[-64.2646,-32.5795],[-64.2591,-32.5777],[-64.2589,-32.5746]]],[[[-64.2604,-32.5619],[-64.2644,-32.5621],[-64.2665,-32.5728],[-64.2642,-32.5622],[-64.2604,-32.5619]]],[[[-64.2604,-32.5619],[-64.2558,-32.5631],[-64.2544,-32.5599],[-64.2559,-32.563],[-64.2604,-32.5619]]],[[[-64.6419,-32.5491],[-64.6384,-32.5463],[-64.6386,-32.5415],[-64.6342,-32.5415],[-64.6283,-32.5383],[-64.633,-32.5365],[-64.6417,-32.5405],[-64.6429,-32.5441],[-64.6419,-32.5491]]],[[[-64.2476,-32.5376],[-64.2478,-32.5404],[-64.2557,-32.5412],[-64.2547,-32.5499],[-64.2519,-32.5528],[-64.2478,-32.5531],[-64.2476,-32.5376]]],[[[-64.3306,-32.5319],[-64.3332,-32.5367],[-64.3272,-32.5368],[-64.3267,-32.5328],[-64.3306,-32.5319]]],[[[-64.2365,-32.5327],[-64.2365,-32.5312],[-64.2299,-32.5242],[-64.2347,-32.5255],[-64.2336,-32.5199],[-64.2363,-32.5199],[-64.2367,-32.5246],[-64.2399,-32.5267],[-64.2405,-32.5347],[-64.2365,-32.5327]]],[[[-64.5686,-32.5056],[-64.567,-32.5104],[-64.5756,-32.5174],[-64.576,-32.5197],[-64.5754,-32.5175],[-64.5669,-32.5105],[-64.5686,-32.5056]]],[[[-64.6427,-32.5119],[-64.6395,-32.511],[-64.6396,-32.5062],[-64.6447,-32.5045],[-64.6469,-32.5057],[-64.6427,-32.5119]]],[[[-64.8719,-33.0443],[-64.8736,-33.0405],[-64.8714,-33.0371],[-64.8707,-33.0281],[-64.8724,-33.0246],[-64.864,-33.0235],[-64.8621,-33.0184],[-64.8567,-33.0199],[-64.8516,-33.0197],[-64.8577,-33.0138],[-64.8629,-33.0135],[-64.8649,-33.0104],[-64.8562,-33.0103],[-64.8469,-33.0114],[-64.8393,-33.0073],[-64.8414,-33.0028],[-64.8418,-32.995],[-64.8379,-32.992],[-64.8331,-32.9919],[-64.8222,-32.9823],[-64.8283,-32.9848],[-64.8339,-32.9916],[-64.8386,-32.9892],[-64.8403,-32.9862],[-64.8409,-32.9739],[-64.8367,-32.9643],[-64.8361,-32.9533],[-64.8374,-32.9514],[-64.8377,-32.9447],[-64.8301,-32.9442],[-64.8295,-32.938],[-64.824,-32.9369],[-64.8217,-32.9294],[-64.8185,-32.9273],[-64.8118,-32.929],[-64.8095,-32.9278],[-64.8046,-32.9204],[-64.7961,-32.9144],[-64.7972,-32.9121],[-64.8082,-32.9095],[-64.8146,-32.9059],[-64.8175,-32.9106],[-64.8247,-32.9092],[-64.8308,-32.9092],[-64.8381,-32.9013],[-64.8366,-32.8903],[-64.8342,-32.8889],[-64.8312,-32.882],[-64.8343,-32.8889],[-64.8367,-32.8902],[-64.8392,-32.8971],[-64.846,-32.8922],[-64.8486,-32.8947],[-64.8451,-32.8986],[-64.8491,-32.8996],[-64.851,-32.8951],[-64.8543,-32.8916],[-64.8646,-32.8935],[-64.8739,-32.8932],[-64.875,-32.8972],[-64.871,-32.9043],[-64.8756,-32.9049],[-64.876,-32.9005],[-64.8798,-32.9012],[-64.8816,-32.9058],[-64.8865,-32.9077],[-64.8876,-32.9119],[-64.8957,-32.9115],[-64.8984,-32.9133],[-64.9007,-32.9201],[-64.9046,-32.9206],[-64.9084,-32.9187],[-64.9116,-32.9139],[-64.914,-32.9139],[-64.919,-32.9148],[-64.93,-32.9135],[-64.9335,-32.9088],[-64.9356,-32.9117],[-64.9409,-32.9094],[-64.9428,-32.9126],[-64.9525,-32.9124],[-64.9526,-32.9092],[-64.9586,-32.9084],[-64.967,-32.904],[-64.9613,-32.903],[-64.9586,-32.9053],[-64.9497,-32.9067],[-64.9528,-32.8993],[-64.9442,-32.8969],[-64.9442,-32.8933],[-64.9384,-32.8913],[-64.9397,-32.8873],[-64.9348,-32.8858],[-64.9312,-32.8885],[-64.926,-32.896],[-64.9249,-32.8907],[-64.9223,-32.8879],[-64.919,-32.8924],[-64.9144,-32.8947],[-64.9125,-32.8901],[-64.9195,-32.8869],[-64.909,-32.8865],[-64.9072,-32.8879],[-64.9073,-32.8903],[-64.9025,-32.8882],[-64.9023,-32.8858],[-64.9089,-32.884],[-64.9099,-32.8793],[-64.901,-32.8775],[-64.8893,-32.8845],[-64.8861,-32.8779],[-64.8794,-32.875],[-64.8752,-32.8766],[-64.8742,-32.8723],[-64.8846,-32.8708],[-64.8814,-32.8664],[-64.8844,-32.8615],[-64.8895,-32.8586],[-64.8836,-32.8543],[-64.8799,-32.8576],[-64.8758,-32.8661],[-64.8712,-32.8675],[-64.8724,-32.8577],[-64.8701,-32.8564],[-64.8662,-32.8594],[-64.8635,-32.8635],[-64.8569,-32.8638],[-64.8475,-32.8602],[-64.8414,-32.861],[-64.8394,-32.8591],[-64.8346,-32.8591],[-64.835,-32.8533],[-64.8322,-32.8518],[-64.8232,-32.8528],[-64.8207,-32.8544],[-64.8107,-32.8548],[-64.8116,-32.8583],[-64.8166,-32.8637],[-64.8151,-32.866],[-64.8098,-32.8705],[-64.808,-32.8756],[-64.8097,-32.8793],[-64.8079,-32.8756],[-64.8098,-32.8704],[-64.8134,-32.8672],[-64.8106,-32.8547],[-64.8041,-32.854],[-64.814,-32.8529],[-64.8132,-32.8507],[-64.8068,-32.8508],[-64.8058,-32.8473],[-64.8099,-32.8412],[-64.8148,-32.8385],[-64.8154,-32.8363],[-64.8202,-32.8336],[-64.8258,-32.8344],[-64.8251,-32.8303],[-64.8212,-32.8297],[-64.8184,-32.827],[-64.8244,-32.8251],[-64.831,-32.8319],[-64.8334,-32.8279],[-64.8392,-32.829],[-64.8386,-32.8236],[-64.836,-32.8181],[-64.8382,-32.8166],[-64.8409,-32.8166],[-64.8423,-32.8206],[-64.8457,-32.821],[-64.8427,-32.8144],[-64.8465,-32.8097],[-64.8498,-32.8079],[-64.8453,-32.8041],[-64.8407,-32.8027],[-64.8443,-32.7974],[-64.8548,-32.8003],[-64.8531,-32.808],[-64.8654,-32.8053],[-64.8674,-32.8003],[-64.8793,-32.8005],[-64.8831,-32.8005],[-64.885,-32.7962],[-64.8814,-32.7948],[-64.8796,-32.798],[-64.8712,-32.7982],[-64.8636,-32.7947],[-64.8619,-32.7872],[-64.8586,-32.7888],[-64.8472,-32.7861],[-64.8515,-32.7831],[-64.8486,-32.7796],[-64.8425,-32.7788],[-64.8427,-32.786],[-64.8385,-32.7878],[-64.8336,-32.7851],[-64.8303,-32.7809],[-64.8249,-32.7782],[-64.8225,-32.7809],[-64.819,-32.7794],[-64.8148,-32.782],[-64.8083,-32.78],[-64.8046,-32.7857],[-64.8002,-32.7856],[-64.7982,-32.7878],[-64.7888,-32.7917],[-64.7886,-32.7952],[-64.7924,-32.7977],[-64.7784,-32.8039],[-64.7783,-32.8036],[-64.785,-32.8007],[-64.7877,-32.7938],[-64.7862,-32.7896],[-64.7873,-32.7862],[-64.792,-32.7878],[-64.7927,-32.7806],[-64.7882,-32.7802],[-64.7857,-32.7836],[-64.7749,-32.7822],[-64.7698,-32.7883],[-64.7649,-32.7865],[-64.7594,-32.7867],[-64.7541,-32.7854],[-64.7504,-32.7894],[-64.7526,-32.7928],[-64.7577,-32.7923],[-64.7632,-32.7955],[-64.765,-32.8007],[-64.7775,-32.8015],[-64.765,-32.8008],[-64.7631,-32.7955],[-64.7578,-32.7925],[-64.7526,-32.7929],[-64.7502,-32.7893],[-64.7552,-32.784],[-64.7571,-32.7783],[-64.7484,-32.7693],[-64.7471,-32.7586],[-64.7386,-32.757],[-64.7364,-32.7551],[-64.735,-32.7423],[-64.7393,-32.7383],[-64.7457,-32.7394],[-64.7395,-32.7384],[-64.7351,-32.7424],[-64.7366,-32.755],[-64.7473,-32.7586],[-64.7486,-32.7694],[-64.7573,-32.7781],[-64.7552,-32.7843],[-64.7604,-32.7864],[-64.7626,-32.7849],[-64.7706,-32.786],[-64.7736,-32.7816],[-64.7835,-32.7817],[-64.789,-32.7782],[-64.799,-32.7784],[-64.7969,-32.782],[-64.8059,-32.781],[-64.8083,-32.7777],[-64.8184,-32.7783],[-64.8248,-32.7742],[-64.8235,-32.7704],[-64.8179,-32.7708],[-64.8152,-32.773],[-64.8106,-32.7712],[-64.8166,-32.7676],[-64.8197,-32.7554],[-64.8163,-32.7512],[-64.8106,-32.7464],[-64.8081,-32.749],[-64.8116,-32.7528],[-64.8058,-32.7561],[-64.8039,-32.7519],[-64.8071,-32.7494],[-64.8073,-32.7447],[-64.8103,-32.7394],[-64.8046,-32.74],[-64.8031,-32.7434],[-64.7961,-32.7438],[-64.789,-32.7489],[-64.7875,-32.7518],[-64.7837,-32.7519],[-64.783,-32.7479],[-64.776,-32.7522],[-64.7758,-32.7472],[-64.7899,-32.7453],[-64.7888,-32.7375],[-64.791,-32.7281],[-64.7819,-32.7313],[-64.7806,-32.7418],[-64.7778,-32.7427],[-64.7787,-32.7351],[-64.7807,-32.7314],[-64.7762,-32.723],[-64.7658,-32.7249],[-64.7599,-32.7191],[-64.7539,-32.721],[-64.7605,-32.726],[-64.7548,-32.7345],[-64.7489,-32.735],[-64.7493,-32.7371],[-64.7494,-32.7414],[-64.7474,-32.742],[-64.7459,-32.7396],[-64.7493,-32.7414],[-64.7491,-32.7369],[-64.748,-32.7337],[-64.7481,-32.7296],[-64.7526,-32.7286],[-64.7543,-32.726],[-64.7524,-32.7213],[-64.7466,-32.7211],[-64.7448,-32.7282],[-64.7417,-32.7322],[-64.7391,-32.7334],[-64.7416,-32.7321],[-64.7451,-32.7217],[-64.7477,-32.718],[-64.7548,-32.715],[-64.7591,-32.7171],[-64.763,-32.714],[-64.7584,-32.71],[-64.7527,-32.7089],[-64.7536,-32.7039],[-64.761,-32.7002],[-64.7615,-32.7037],[-64.7714,-32.7058],[-64.7745,-32.7102],[-64.7782,-32.7077],[-64.784,-32.707],[-64.784,-32.7002],[-64.7816,-32.6973],[-64.7754,-32.6962],[-64.7823,-32.6914],[-64.7769,-32.6852],[-64.781,-32.6828],[-64.7813,-32.6795],[-64.789,-32.6749],[-64.7843,-32.6711],[-64.7869,-32.6664],[-64.7757,-32.6648],[-64.7668,-32.666],[-64.7619,-32.6644],[-64.7588,-32.6661],[-64.7588,-32.6733],[-64.7563,-32.6769],[-64.7505,-32.6783],[-64.7532,-32.6714],[-64.7538,-32.6645],[-64.7515,-32.6633],[-64.739,-32.6622],[-64.7401,-32.6581],[-64.748,-32.658],[-64.7476,-32.6559],[-64.7428,-32.6531],[-64.7414,-32.6506],[-64.7356,-32.6483],[-64.7353,-32.6453],[-64.7407,-32.6435],[-64.7388,-32.6375],[-64.7336,-32.6359],[-64.7226,-32.6362],[-64.7176,-32.6335],[-64.7175,-32.6392],[-64.7147,-32.641],[-64.7132,-32.6456],[-64.7088,-32.6439],[-64.7063,-32.646],[-64.7018,-32.646],[-64.7021,-32.6518],[-64.7,-32.6554],[-64.7046,-32.6567],[-64.7087,-32.6602],[-64.7101,-32.6617],[-64.7102,-32.6641],[-64.7168,-32.6673],[-64.713,-32.6701],[-64.7119,-32.6745],[-64.7115,-32.6761],[-64.7097,-32.6776],[-64.7084,-32.6801],[-64.7069,-32.6815],[-64.7084,-32.6873],[-64.7097,-32.6879],[-64.7102,-32.6902],[-64.7172,-32.6871],[-64.7233,-32.6898],[-64.7265,-32.6851],[-64.7332,-32.6837],[-64.7389,-32.6889],[-64.7356,-32.6926],[-64.7311,-32.6926],[-64.7259,-32.695],[-64.7251,-32.6996],[-64.729,-32.703],[-64.7262,-32.7079],[-64.7275,-32.7124],[-64.7192,-32.7192],[-64.7202,-32.7225],[-64.7322,-32.7221],[-64.7362,-32.726],[-64.7305,-32.732],[-64.7335,-32.7405],[-64.7381,-32.7373],[-64.7332,-32.7408],[-64.731,-32.7352],[-64.7227,-32.7321],[-64.7213,-32.7258],[-64.7157,-32.7265],[-64.7169,-32.7188],[-64.7184,-32.7167],[-64.7171,-32.7103],[-64.7196,-32.7071],[-64.7204,-32.7002],[-64.719,-32.6986],[-64.7065,-32.6982],[-64.7052,-32.6969],[-64.7078,-32.6917],[-64.7099,-32.6903],[-64.7096,-32.6879],[-64.703,-32.686],[-64.6963,-32.6855],[-64.6937,-32.6868],[-64.6945,-32.6857],[-64.7007,-32.6847],[-64.7054,-32.6823],[-64.7082,-32.6802],[-64.7095,-32.6776],[-64.7065,-32.6757],[-64.6928,-32.6727],[-64.6939,-32.6685],[-64.71,-32.6643],[-64.7101,-32.6619],[-64.7088,-32.6603],[-64.7055,-32.6596],[-64.6905,-32.6599],[-64.6868,-32.6612],[-64.6806,-32.6661],[-64.6739,-32.6643],[-64.6698,-32.6663],[-64.6668,-32.6618],[-64.6599,-32.6595],[-64.6542,-32.6603],[-64.6516,-32.6556],[-64.6404,-32.6532],[-64.6367,-32.6507],[-64.6305,-32.6505],[-64.6267,-32.649],[-64.6371,-32.6506],[-64.6402,-32.6528],[-64.6519,-32.6553],[-64.6545,-32.66],[-64.6591,-32.6591],[-64.6669,-32.6614],[-64.67,-32.6658],[-64.6734,-32.6641],[-64.6764,-32.6641],[-64.6806,-32.6657],[-64.6863,-32.6611],[-64.6906,-32.6593],[-64.695,-32.6591],[-64.6971,-32.6569],[-64.7004,-32.6445],[-64.7078,-32.6419],[-64.7096,-32.6396],[-64.7045,-32.6356],[-64.7065,-32.6333],[-64.7136,-32.6297],[-64.7117,-32.626],[-64.713,-32.6228],[-64.717,-32.6209],[-64.7224,-32.6221],[-64.7224,-32.6155],[-64.7246,-32.6109],[-64.7202,-32.6076],[-64.709,-32.6085],[-64.6926,-32.6117],[-64.6747,-32.6176],[-64.6698,-32.6179],[-64.6526,-32.6224],[-64.6499,-32.6223],[-64.6488,-32.6268],[-64.6455,-32.6281],[-64.6367,-32.6264],[-64.6261,-32.6343],[-64.6253,-32.6375],[-64.6257,-32.6347],[-64.6285,-32.6321],[-64.6368,-32.6261],[-64.6342,-32.6224],[-64.6241,-32.622],[-64.6239,-32.6145],[-64.6136,-32.6143],[-64.611,-32.6102],[-64.6024,-32.6091],[-64.5963,-32.6036],[-64.5955,-32.6011],[-64.5974,-32.5988],[-64.5964,-32.5945],[-64.59,-32.5916],[-64.5877,-32.5842],[-64.5886,-32.578],[-64.5858,-32.5698],[-64.5907,-32.5672],[-64.5944,-32.5696],[-64.6037,-32.5682],[-64.6067,-32.5642],[-64.6121,-32.5618],[-64.6156,-32.5574],[-64.6191,-32.5552],[-64.6194,-32.5501],[-64.6101,-32.549],[-64.6015,-32.5492],[-64.5955,-32.5434],[-64.5933,-32.5385],[-64.5958,-32.533],[-64.5911,-32.5254],[-64.5851,-32.5226],[-64.5912,-32.5253],[-64.594,-32.5293],[-64.5999,-32.5266],[-64.6033,-32.5211],[-64.5999,-32.5187],[-64.5988,-32.5096],[-64.6045,-32.5086],[-64.6141,-32.5089],[-64.615,-32.5107],[-64.6223,-32.5107],[-64.6262,-32.5123],[-64.6239,-32.5156],[-64.6125,-32.517],[-64.6126,-32.5206],[-64.6083,-32.5265],[-64.6075,-32.5296],[-64.6088,-32.5353],[-64.6142,-32.5362],[-64.617,-32.5323],[-64.6249,-32.53],[-64.6252,-32.5268],[-64.6336,-32.5259],[-64.6326,-32.5308],[-64.6267,-32.5303],[-64.6264,-32.5342],[-64.62,-32.533],[-64.6192,-32.5383],[-64.6268,-32.5425],[-64.6278,-32.5454],[-64.6258,-32.551],[-64.6219,-32.5507],[-64.6192,-32.5554],[-64.6163,-32.5582],[-64.6278,-32.5637],[-64.6259,-32.5676],[-64.63,-32.5745],[-64.6282,-32.5788],[-64.6336,-32.5785],[-64.6355,-32.5752],[-64.6416,-32.574],[-64.6413,-32.5797],[-64.6484,-32.5803],[-64.6525,-32.5734],[-64.6485,-32.5693],[-64.6449,-32.5707],[-64.6414,-32.5619],[-64.6427,-32.5573],[-64.6419,-32.5525],[-64.6473,-32.5527],[-64.6511,-32.5506],[-64.6553,-32.545],[-64.6577,-32.5445],[-64.6608,-32.5401],[-64.6603,-32.535],[-64.6662,-32.5351],[-64.6711,-32.5331],[-64.6768,-32.5372],[-64.6773,-32.5329],[-64.6725,-32.5297],[-64.6705,-32.5207],[-64.6669,-32.5177],[-64.6745,-32.5104],[-64.6829,-32.5091],[-64.6844,-32.512],[-64.6808,-32.5148],[-64.6762,-32.514],[-64.6719,-32.5162],[-64.6736,-32.5205],[-64.6743,-32.527],[-64.677,-32.5278],[-64.6824,-32.5212],[-64.6899,-32.5202],[-64.6916,-32.514],[-64.6896,-32.507],[-64.6949,-32.5063],[-64.7016,-32.5034],[-64.7055,-32.4998],[-64.7068,-32.5022],[-64.7026,-32.5068],[-64.7021,-32.5099],[-64.694,-32.5133],[-64.7016,-32.5198],[-64.6987,-32.5235],[-64.7113,-32.5226],[-64.7097,-32.5123],[-64.715,-32.5093],[-64.7209,-32.5106],[-64.717,-32.5137],[-64.7134,-32.5195],[-64.7139,-32.5231],[-64.7242,-32.5222],[-64.728,-32.5271],[-64.731,-32.5245],[-64.7428,-32.5212],[-64.744,-32.5267],[-64.744,-32.5291],[-64.7361,-32.5326],[-64.7466,-32.5338],[-64.7498,-32.5318],[-64.7464,-32.521],[-64.7461,-32.5166],[-64.7535,-32.5133],[-64.7567,-32.513],[-64.7582,-32.5089],[-64.7648,-32.5082],[-64.7679,-32.5113],[-64.7725,-32.5129],[-64.7674,-32.5226],[-64.7623,-32.5254],[-64.7677,-32.5302],[-64.7647,-32.5319],[-64.7631,-32.5403],[-64.7603,-32.5419],[-64.7512,-32.539],[-64.7452,-32.5452],[-64.7402,-32.5446],[-64.7403,-32.5479],[-64.7455,-32.5472],[-64.7497,-32.5441],[-64.7561,-32.5448],[-64.7561,-32.5475],[-64.7654,-32.5463],[-64.7666,-32.5386],[-64.7713,-32.5385],[-64.7762,-32.5371],[-64.7735,-32.534],[-64.7756,-32.5312],[-64.7721,-32.5251],[-64.7813,-32.5263],[-64.7811,-32.5214],[-64.7844,-32.5177],[-64.7852,-32.507],[-64.7898,-32.5047],[-64.7919,-32.4998],[-64.801,-32.5044],[-64.8034,-32.5],[-64.7982,-32.4994],[-64.796,-32.4961],[-64.8033,-32.4954],[-64.8041,-32.503],[-64.8075,-32.5091],[-64.8093,-32.5207],[-64.815,-32.526],[-64.8192,-32.5348],[-64.8274,-32.5408],[-64.8316,-32.5496],[-64.8317,-32.5524],[-64.813,-32.5559],[-64.8021,-32.5588],[-64.7861,-32.5613],[-64.7887,-32.5728],[-64.7913,-32.5786],[-64.8049,-32.5756],[-64.8351,-32.5694],[-64.8298,-32.5769],[-64.8226,-32.5791],[-64.8226,-32.5831],[-64.8284,-32.5899],[-64.8253,-32.594],[-64.7995,-32.5944],[-64.806,-32.5977],[-64.8135,-32.6085],[-64.8249,-32.6138],[-64.8283,-32.6253],[-64.8325,-32.6307],[-64.8405,-32.6319],[-64.8403,-32.6345],[-64.8234,-32.6375],[-64.8018,-32.6384],[-64.7977,-32.6438],[-64.7835,-32.6471],[-64.7707,-32.6486],[-64.7678,-32.653],[-64.7721,-32.6565],[-64.7771,-32.6644],[-64.7874,-32.6625],[-64.7887,-32.6676],[-64.8002,-32.6646],[-64.8063,-32.6637],[-64.8047,-32.6586],[-64.807,-32.6547],[-64.8125,-32.6559],[-64.815,-32.6595],[-64.8232,-32.6591],[-64.821,-32.654],[-64.8271,-32.6539],[-64.8277,-32.6565],[-64.8341,-32.6556],[-64.8382,-32.6515],[-64.8477,-32.6536],[-64.8547,-32.6535],[-64.8492,-32.6632],[-64.8479,-32.6748],[-64.8593,-32.6807],[-64.877,-32.6805],[-64.8739,-32.6887],[-64.8716,-32.6908],[-64.886,-32.6998],[-64.8861,-32.7024],[-64.8662,-32.7145],[-64.8633,-32.7277],[-64.8775,-32.7367],[-64.8853,-32.743],[-64.8829,-32.7412],[-64.8744,-32.7442],[-64.8703,-32.7476],[-64.8654,-32.7443],[-64.8534,-32.7456],[-64.8535,-32.7515],[-64.8553,-32.7553],[-64.8552,-32.7627],[-64.8497,-32.7646],[-64.8555,-32.7709],[-64.8588,-32.7698],[-64.8617,-32.7631],[-64.866,-32.762],[-64.8642,-32.7586],[-64.8669,-32.7566],[-64.8817,-32.7565],[-64.8784,-32.7492],[-64.8814,-32.7465],[-64.8893,-32.7503],[-64.8919,-32.7465],[-64.8861,-32.7437],[-64.8932,-32.7469],[-64.8935,-32.7574],[-64.8968,-32.7692],[-64.8941,-32.7876],[-64.8943,-32.7968],[-64.8898,-32.8034],[-64.8852,-32.8074],[-64.9008,-32.8111],[-64.8949,-32.8162],[-64.897,-32.8139],[-64.8957,-32.8107],[-64.8923,-32.8104],[-64.8904,-32.816],[-64.8866,-32.8212],[-64.8833,-32.8218],[-64.8776,-32.8293],[-64.8748,-32.8257],[-64.866,-32.8269],[-64.8658,-32.832],[-64.8748,-32.8321],[-64.8806,-32.8376],[-64.8868,-32.8342],[-64.8849,-32.827],[-64.8922,-32.8227],[-64.901,-32.8287],[-64.8989,-32.8233],[-64.9044,-32.832],[-64.9261,-32.8317],[-64.9387,-32.8407],[-64.942,-32.8498],[-64.9467,-32.8511],[-64.95,-32.8602],[-64.9506,-32.8838],[-64.9711,-32.8979],[-64.9822,-32.9095],[-64.987,-32.9112],[-64.9873,-32.9181],[-64.9889,-32.9274],[-64.9898,-32.9389],[-64.9962,-32.9452],[-65.0026,-32.9478],[-65.0109,-32.9566],[-65.0137,-32.9618],[-65.0146,-32.9684],[-65.017,-32.9763],[-65.0223,-32.977],[-65.024,-32.9803],[-65.0216,-32.9832],[-65.0243,-32.9894],[-65.0204,-33.0022],[-65.0207,-33.0078],[-65.0119,-33.0153],[-65.0119,-33.0218],[-65.0133,-33.0246],[-65.0121,-33.0284],[-65.0167,-33.0344],[-65.0224,-33.0353],[-65.0263,-33.0394],[-65.0298,-33.05],[-65.0306,-33.0556],[-65.0343,-33.0646],[-65.0314,-33.0721],[-65.0421,-33.0815],[-65.0485,-33.0917],[-65.0488,-33.0954],[-65.0538,-33.0982],[-65.0551,-33.1031],[-65.0526,-33.1056],[-65.0511,-33.1116],[-65.053,-33.1147],[-65.0437,-33.1274],[-65.0403,-33.1333],[-65.0594,-33.1333],[-65.0603,-33.1373],[-65.0664,-33.1375],[-65.0727,-33.1426],[-65.0775,-33.1425],[-65.082,-33.1476],[-65.0683,-33.1569],[-65.059,-33.1565],[-65.0594,-33.1586],[-65.0546,-33.1652],[-65.0545,-33.1686],[-65.0588,-33.1745],[-65.0583,-33.1777],[-65.0611,-33.1824],[-65.0594,-33.1844],[-65.065,-33.1884],[-65.0623,-33.1911],[-65.0634,-33.1946],[-65.0707,-33.1937],[-65.0841,-33.1903],[-65.0859,-33.1873],[-65.0919,-33.184],[-65.0944,-33.1866],[-65.0842,-33.1998],[-65.0819,-33.2089],[-65.0773,-33.2091],[-65.065,-33.2134],[-65.0545,-33.2143],[-65.0488,-33.213],[-65.0439,-33.2103],[-65.0383,-33.2043],[-65.0382,-33.1981],[-65.0327,-33.1991],[-65.0297,-33.1979],[-65.0277,-33.1918],[-65.0222,-33.189],[-65.0203,-33.1808],[-65.0168,-33.18],[-65.0104,-33.1812],[-65.0098,-33.1858],[-65.007,-33.1858],[-64.9982,-33.1819],[-64.9939,-33.1676],[-64.9901,-33.166],[-64.9821,-33.1694],[-64.9817,-33.1642],[-64.9772,-33.1659],[-64.9689,-33.1715],[-64.9593,-33.1678],[-64.958,-33.1595],[-64.9633,-33.1552],[-64.962,-33.152],[-64.9559,-33.153],[-64.9458,-33.1569],[-64.9452,-33.1624],[-64.9419,-33.1625],[-64.9372,-33.1658],[-64.9342,-33.1635],[-64.9344,-33.1603],[-64.9386,-33.1544],[-64.9409,-33.1475],[-64.9366,-33.1441],[-64.9355,-33.1389],[-64.9315,-33.1378],[-64.9272,-33.1438],[-64.925,-33.1426],[-64.9262,-33.1353],[-64.9307,-33.131],[-64.9266,-33.1286],[-64.9147,-33.1246],[-64.9014,-33.1235],[-64.8985,-33.1147],[-64.8934,-33.1157],[-64.8881,-33.1128],[-64.881,-33.1112],[-64.8797,-33.1054],[-64.877,-33.1028],[-64.8771,-33.0953],[-64.8813,-33.093],[-64.8875,-33.0843],[-64.8852,-33.0756],[-64.8784,-33.0769],[-64.8761,-33.0727],[-64.8682,-33.0695],[-64.8638,-33.0693],[-64.8589,-33.0658],[-64.8519,-33.0681],[-64.8523,-33.0723],[-64.8486,-33.0744],[-64.8472,-33.0787],[-64.8437,-33.0828],[-64.8382,-33.0827],[-64.8373,-33.0801],[-64.8433,-33.0757],[-64.8395,-33.0723],[-64.8355,-33.0635],[-64.8399,-33.0588],[-64.8376,-33.0549],[-64.8328,-33.0546],[-64.8304,-33.0526],[-64.837,-33.0493],[-64.8449,-33.0532],[-64.8505,-33.0496],[-64.84,-33.046],[-64.8436,-33.0418],[-64.8423,-33.0375],[-64.8375,-33.0401],[-64.8333,-33.0367],[-64.8311,-33.0327],[-64.8232,-33.0364],[-64.8202,-33.039],[-64.8167,-33.0382],[-64.8139,-33.041],[-64.8085,-33.0386],[-64.8071,-33.0359],[-64.812,-33.031],[-64.8172,-33.0283],[-64.8218,-33.0295],[-64.8298,-33.0249],[-64.8294,-33.0143],[-64.8278,-33.0118],[-64.8119,-33.0017],[-64.817,-32.9954],[-64.8106,-32.9916],[-64.8095,-32.9869],[-64.8125,-32.9825],[-64.8166,-32.9813],[-64.8222,-32.9823],[-64.8151,-32.9821],[-64.812,-32.9907],[-64.818,-32.9925],[-64.8205,-32.995],[-64.8192,-32.9995],[-64.8296,-33.0094],[-64.8371,-33.0093],[-64.8371,-33.0122],[-64.8319,-33.0109],[-64.8325,-33.0151],[-64.8304,-33.0183],[-64.8322,-33.0246],[-64.8283,-33.028],[-64.8284,-33.0317],[-64.8327,-33.0317],[-64.8369,-33.0299],[-64.8455,-33.0386],[-64.8461,-33.0425],[-64.8462,-33.0449],[-64.8525,-33.0487],[-64.8573,-33.0476],[-64.8657,-33.048],[-64.8698,-33.0444],[-64.8719,-33.0443]],[[-64.7076,-32.5142],[-64.7066,-32.5152],[-64.7073,-32.5145],[-64.7076,-32.5142]],[[-64.7097,-32.569],[-64.7065,-32.5667],[-64.7054,-32.562],[-64.6995,-32.567],[-64.6929,-32.5635],[-64.6986,-32.5597],[-64.6924,-32.5587],[-64.6822,-32.5553],[-64.6755,-32.5585],[-64.678,-32.5609],[-64.6662,-32.5687],[-64.6631,-32.5692],[-64.66,-32.576],[-64.66,-32.586],[-64.664,-32.5902],[-64.669,-32.5917],[-64.6781,-32.5927],[-64.6788,-32.5877],[-64.6834,-32.5878],[-64.6913,-32.5938],[-64.6932,-32.5889],[-64.6964,-32.592],[-64.7003,-32.593],[-64.701,-32.5999],[-64.6991,-32.6033],[-64.6953,-32.6048],[-64.6958,-32.6085],[-64.7006,-32.6081],[-64.7041,-32.6044],[-64.7041,-32.5974],[-64.7088,-32.5978],[-64.7139,-32.5944],[-64.7162,-32.5969],[-64.7254,-32.5964],[-64.7284,-32.594],[-64.7237,-32.5901],[-64.7164,-32.5928],[-64.7109,-32.5899],[-64.7085,-32.5835],[-64.7154,-32.5799],[-64.7162,-32.5761],[-64.7205,-32.5781],[-64.7232,-32.5749],[-64.7228,-32.5692],[-64.7106,-32.5691],[-64.727,-32.5662],[-64.7274,-32.5728],[-64.7403,-32.5706],[-64.7412,-32.5626],[-64.7573,-32.5605],[-64.7572,-32.5529],[-64.7559,-32.5499],[-64.7082,-32.5583],[-64.7097,-32.569]],[[-64.8199,-32.926],[-64.8224,-32.9303],[-64.8285,-32.9303],[-64.828,-32.925],[-64.8331,-32.9246],[-64.835,-32.9189],[-64.8343,-32.9147],[-64.8284,-32.9146],[-64.8237,-32.9138],[-64.822,-32.9111],[-64.8167,-32.9111],[-64.815,-32.9076],[-64.811,-32.9104],[-64.8051,-32.9115],[-64.8026,-32.9141],[-64.8076,-32.9221],[-64.8089,-32.9262],[-64.8199,-32.926]],[[-64.967,-33.1344],[-64.9655,-33.1399],[-64.971,-33.139],[-64.9704,-33.1344],[-64.967,-33.1344]],[[-64.9839,-33.1218],[-64.9812,-33.1239],[-64.9846,-33.1267],[-64.9913,-33.128],[-64.9934,-33.123],[-64.9839,-33.1218]],[[-65.0211,-33.1259],[-65.0208,-33.1154],[-65.0091,-33.1157],[-65.0103,-33.1198],[-65.0047,-33.1206],[-65.004,-33.1268],[-64.9956,-33.1279],[-64.9919,-33.1319],[-64.9841,-33.1332],[-64.9835,-33.1389],[-64.9759,-33.1389],[-64.9741,-33.1408],[-64.9683,-33.1417],[-64.9642,-33.1441],[-64.9661,-33.1509],[-64.9657,-33.155],[-64.9704,-33.1551],[-64.9713,-33.1515],[-64.979,-33.1516],[-64.982,-33.1547],[-64.9883,-33.1553],[-64.9904,-33.1536],[-64.9951,-33.1561],[-64.9978,-33.1604],[-64.9978,-33.1659],[-65.007,-33.1669],[-65.0097,-33.1626],[-65.017,-33.1625],[-65.0205,-33.1609],[-65.0202,-33.157],[-65.0256,-33.1565],[-65.0251,-33.146],[-65.0207,-33.1416],[-65.0197,-33.1334],[-65.0159,-33.1268],[-65.0211,-33.1259]],[[-65.0211,-33.1259],[-65.0246,-33.1291],[-65.0249,-33.1338],[-65.031,-33.1337],[-65.0345,-33.1302],[-65.0316,-33.1152],[-65.0264,-33.1154],[-65.0263,-33.1184],[-65.0292,-33.1229],[-65.0231,-33.1224],[-65.0211,-33.1259]],[[-65.0244,-33.1104],[-65.0287,-33.1105],[-65.0286,-33.1038],[-65.0252,-33.1037],[-65.0244,-33.1104]],[[-64.9705,-33.1016],[-64.9703,-33.1046],[-64.9624,-33.1048],[-64.958,-33.1109],[-64.9546,-33.1118],[-64.9482,-33.1199],[-64.9483,-33.1256],[-64.9443,-33.126],[-64.9441,-33.1163],[-64.9384,-33.1164],[-64.9401,-33.1204],[-64.9393,-33.1265],[-64.9441,-33.1272],[-64.9437,-33.1299],[-64.9365,-33.1317],[-64.937,-33.1363],[-64.9431,-33.1364],[-64.9465,-33.1344],[-64.9478,-33.131],[-64.9529,-33.1253],[-64.9528,-33.1341],[-64.9464,-33.1394],[-64.9489,-33.1418],[-64.9557,-33.139],[-64.9622,-33.1282],[-64.9676,-33.1266],[-64.9696,-33.1222],[-64.9686,-33.1184],[-64.974,-33.1189],[-64.9771,-33.1158],[-64.9851,-33.1147],[-64.9848,-33.1117],[-64.98,-33.1114],[-64.9762,-33.1133],[-64.9745,-33.1095],[-64.967,-33.1095],[-64.9658,-33.1072],[-64.9735,-33.1067],[-64.9809,-33.1009],[-64.9752,-33.0979],[-64.9693,-33.0978],[-64.9705,-33.1016]],[[-64.9207,-33.0666],[-64.9166,-33.0691],[-64.907,-33.0691],[-64.9069,-33.0728],[-64.9034,-33.0793],[-64.9034,-33.0954],[-64.8985,-33.0967],[-64.901,-33.1011],[-64.9015,-33.1057],[-64.9068,-33.1056],[-64.9105,-33.1028],[-64.9102,-33.0966],[-64.9159,-33.0965],[-64.9159,-33.101],[-64.9209,-33.1022],[-64.9284,-33.1007],[-64.9293,-33.0934],[-64.9318,-33.0923],[-64.9312,-33.0848],[-64.9365,-33.0817],[-64.9364,-33.0791],[-64.9297,-33.0792],[-64.9302,-33.0736],[-64.9331,-33.0686],[-64.9297,-33.0665],[-64.9207,-33.0666]],[[-64.9451,-33.0636],[-64.9412,-33.0641],[-64.9385,-33.0671],[-64.9413,-33.0696],[-64.9494,-33.0691],[-64.9517,-33.0672],[-64.9512,-33.0604],[-64.9475,-33.0604],[-64.9451,-33.0636]],[[-65.0182,-33.0577],[-65.0158,-33.0641],[-65.01,-33.0657],[-65.0119,-33.0704],[-65.0243,-33.0704],[-65.0238,-33.0633],[-65.0256,-33.0571],[-65.0234,-33.0558],[-65.0182,-33.0577]],[[-64.9692,-33.0924],[-64.9694,-33.0921],[-64.9691,-33.0881],[-64.9642,-33.0875],[-64.967,-33.0833],[-64.9644,-33.0808],[-64.9671,-33.0773],[-64.974,-33.0768],[-64.9721,-33.0702],[-64.9759,-33.0701],[-64.977,-33.0746],[-64.9804,-33.0757],[-64.983,-33.0794],[-64.9835,-33.0835],[-64.9808,-33.0874],[-64.9807,-33.0928],[-64.9861,-33.0933],[-64.984,-33.0877],[-64.9882,-33.0881],[-64.9895,-33.0841],[-64.9942,-33.0839],[-64.9939,-33.0773],[-65.0063,-33.0733],[-65.0074,-33.0713],[-65.0042,-33.068],[-64.9965,-33.0693],[-64.9913,-33.068],[-64.9935,-33.0595],[-64.9979,-33.0618],[-65.0016,-33.0612],[-65.0011,-33.0565],[-64.991,-33.0544],[-64.9907,-33.0514],[-64.999,-33.0514],[-64.9989,-33.047],[-65.0026,-33.044],[-64.9994,-33.0404],[-65.0024,-33.0379],[-65.0009,-33.0338],[-64.9958,-33.038],[-64.9965,-33.0405],[-64.9865,-33.0404],[-64.9757,-33.0454],[-64.974,-33.0494],[-64.9753,-33.0539],[-64.9698,-33.0544],[-64.9718,-33.046],[-64.9693,-33.041],[-64.9542,-33.0409],[-64.9409,-33.048],[-64.9385,-33.055],[-64.925,-33.0552],[-64.9247,-33.0627],[-64.9373,-33.0635],[-64.9451,-33.0578],[-64.9604,-33.0603],[-64.9603,-33.0644],[-64.9567,-33.0651],[-64.9537,-33.0698],[-64.9547,-33.0796],[-64.9513,-33.0797],[-64.9522,-33.0845],[-64.9351,-33.0848],[-64.9347,-33.0915],[-64.9414,-33.0917],[-64.947,-33.0934],[-64.9442,-33.0987],[-64.9396,-33.1001],[-64.9389,-33.1026],[-64.9268,-33.1039],[-64.9285,-33.1064],[-64.9337,-33.1078],[-64.9386,-33.1048],[-64.9398,-33.1079],[-64.9341,-33.108],[-64.9371,-33.112],[-64.9439,-33.114],[-64.9485,-33.1131],[-64.9501,-33.1053],[-64.9409,-33.1042],[-64.9466,-33.1005],[-64.9537,-33.1072],[-64.9566,-33.1067],[-64.9562,-33.1025],[-64.95,-33.1016],[-64.9501,-33.0996],[-64.9599,-33.0989],[-64.9663,-33.0931],[-64.9692,-33.0924]],[[-64.9726,-33.0395],[-64.9754,-33.0397],[-64.9737,-33.0268],[-64.9699,-33.0293],[-64.9698,-33.0347],[-64.9726,-33.0395]],[[-65.0019,-33.0263],[-65.0056,-33.0262],[-65.0076,-33.0231],[-65.0009,-33.0223],[-65.0019,-33.0263]],[[-64.9085,-33.0192],[-64.9086,-33.0231],[-64.9114,-33.0277],[-64.9182,-33.0265],[-64.9208,-33.0309],[-64.9221,-33.0366],[-64.9168,-33.0396],[-64.9155,-33.0431],[-64.9107,-33.0481],[-64.9039,-33.0487],[-64.9013,-33.0446],[-64.9059,-33.0438],[-64.9094,-33.0394],[-64.9159,-33.0367],[-64.9126,-33.0346],[-64.8989,-33.0348],[-64.8971,-33.0383],[-64.8918,-33.034],[-64.8921,-33.0315],[-64.9005,-33.0314],[-64.9005,-33.0281],[-64.8929,-33.0281],[-64.8918,-33.0304],[-64.8721,-33.0307],[-64.8724,-33.0365],[-64.8774,-33.0373],[-64.8752,-33.0441],[-64.8882,-33.0427],[-64.8886,-33.0464],[-64.8863,-33.0507],[-64.8782,-33.051],[-64.8782,-33.0561],[-64.8761,-33.061],[-64.872,-33.0639],[-64.8798,-33.067],[-64.8803,-33.0714],[-64.8855,-33.0716],[-64.8852,-33.0603],[-64.8808,-33.0605],[-64.8815,-33.0548],[-64.8854,-33.0547],[-64.8878,-33.0634],[-64.896,-33.0631],[-64.8997,-33.0691],[-64.896,-33.0691],[-64.8977,-33.0762],[-64.9014,-33.0753],[-64.9065,-33.0668],[-64.9069,-33.0634],[-64.9113,-33.0645],[-64.9147,-33.0607],[-64.9204,-33.0598],[-64.9217,-33.0508],[-64.9256,-33.0506],[-64.9286,-33.0538],[-64.9333,-33.0529],[-64.9309,-33.0434],[-64.9319,-33.0385],[-64.9348,-33.0332],[-64.9387,-33.0331],[-64.9439,-33.0275],[-64.9427,-33.0192],[-64.948,-33.0191],[-64.9477,-33.0159],[-64.9339,-33.0158],[-64.9342,-33.0184],[-64.9304,-33.0209],[-64.9198,-33.0207],[-64.9153,-33.0163],[-64.9111,-33.0164],[-64.9085,-33.0192]],[[-65.0006,-33.0097],[-64.9904,-33.0122],[-64.9925,-33.0153],[-64.9968,-33.0148],[-65.0006,-33.0097]],[[-64.9533,-33.0066],[-64.9534,-33.0108],[-64.9475,-33.0109],[-64.948,-33.0158],[-64.96,-33.0065],[-64.9533,-33.0066]],[[-65.0134,-32.9989],[-65.0056,-33.0056],[-65.0043,-33.0083],[-65.0143,-33.0078],[-65.0175,-33.0067],[-65.0173,-32.9986],[-65.0134,-32.9989]],[[-64.92,-33.0033],[-64.9226,-33.0055],[-64.9287,-33.0031],[-64.9295,-33.0089],[-64.9264,-33.0122],[-64.9337,-33.0121],[-64.9394,-33.0101],[-64.9462,-33.0056],[-64.9477,-33.0001],[-64.9436,-33.0006],[-64.9395,-33.0047],[-64.9301,-33.0039],[-64.9296,-33],[-64.9225,-33.0013],[-64.92,-33.0033]],[[-64.9082,-32.999],[-64.908,-33.0003],[-64.8948,-33.0005],[-64.8939,-33.0038],[-64.8999,-33.0038],[-64.9014,-33.0118],[-64.9074,-33.0118],[-64.9172,-33.0101],[-64.9178,-33.0054],[-64.9106,-33.0026],[-64.9114,-33.0071],[-64.9071,-33.0083],[-64.9082,-32.999]],[[-64.8752,-32.9964],[-64.8796,-32.9987],[-64.8796,-33.0012],[-64.8836,-33.0032],[-64.8863,-33.0009],[-64.8857,-32.9962],[-64.8752,-32.9964]],[[-65.014,-32.9933],[-65.0064,-32.992],[-65.0079,-32.9953],[-65.014,-32.9933]],[[-64.915,-32.9921],[-64.9218,-32.9911],[-64.922,-32.9885],[-64.9151,-32.9887],[-64.915,-32.9921]],[[-64.9025,-32.9856],[-64.9071,-32.9894],[-64.9072,-32.9924],[-64.9007,-32.9991],[-64.908,-32.9986],[-64.9114,-32.9951],[-64.9128,-32.9862],[-64.9057,-32.9867],[-64.9025,-32.9856]],[[-65.0126,-32.9834],[-65.0109,-32.9875],[-65.0184,-32.9863],[-65.0167,-32.9822],[-65.0126,-32.9834]],[[-64.9993,-32.981],[-64.9955,-32.9847],[-64.9868,-32.9854],[-64.9869,-32.9908],[-64.9811,-32.988],[-64.9869,-32.9823],[-64.9867,-32.98],[-64.9745,-32.9812],[-64.9758,-32.9856],[-64.9742,-32.9881],[-64.9798,-32.9905],[-64.9799,-32.993],[-64.9881,-32.9925],[-64.9901,-32.989],[-64.9953,-32.9882],[-65.0016,-32.9819],[-65.005,-32.9814],[-65.007,-32.977],[-64.9992,-32.9771],[-64.9993,-32.981]],[[-64.9432,-32.9718],[-64.9414,-32.9767],[-64.9339,-32.9783],[-64.932,-32.9824],[-64.9251,-32.9848],[-64.9323,-32.9872],[-64.9352,-32.9837],[-64.935,-32.9953],[-64.9377,-32.9947],[-64.9374,-32.9897],[-64.9438,-32.988],[-64.9573,-32.9878],[-64.9602,-32.9858],[-64.9662,-32.9853],[-64.9651,-32.9801],[-64.9601,-32.981],[-64.9554,-32.9842],[-64.9469,-32.9837],[-64.9412,-32.9859],[-64.9411,-32.9821],[-64.9472,-32.9793],[-64.9564,-32.9791],[-64.9523,-32.9713],[-64.9432,-32.9718]],[[-64.9032,-32.9662],[-64.9019,-32.9701],[-64.8934,-32.971],[-64.8936,-32.9681],[-64.8883,-32.9684],[-64.8884,-32.9719],[-64.8913,-32.979],[-64.8905,-32.9827],[-64.8855,-32.9845],[-64.8848,-32.9737],[-64.8797,-32.9735],[-64.8799,-32.9824],[-64.8837,-32.9851],[-64.8853,-32.9885],[-64.8888,-32.9892],[-64.8878,-32.996],[-64.8944,-32.9953],[-64.8952,-32.9878],[-64.8897,-32.9879],[-64.8889,-32.9848],[-64.8992,-32.9835],[-64.8946,-32.9809],[-64.8986,-32.9771],[-64.9054,-32.9753],[-64.9067,-32.972],[-64.9108,-32.9679],[-64.9111,-32.9621],[-64.9056,-32.9594],[-64.9057,-32.9647],[-64.9032,-32.9662]],[[-64.993,-32.9524],[-64.9862,-32.9533],[-64.9866,-32.9555],[-64.9784,-32.9583],[-64.9698,-32.9584],[-64.9671,-32.9628],[-64.9598,-32.9629],[-64.9587,-32.9663],[-64.9632,-32.9677],[-64.9624,-32.9722],[-64.9688,-32.9703],[-64.9695,-32.9636],[-64.9747,-32.9619],[-64.9832,-32.9575],[-64.9875,-32.9577],[-64.9862,-32.9614],[-64.9828,-32.9615],[-64.9828,-32.9718],[-64.9874,-32.9718],[-64.9888,-32.9685],[-64.9956,-32.9661],[-64.9945,-32.9637],[-64.9992,-32.9604],[-64.9994,-32.9575],[-64.9942,-32.9553],[-64.993,-32.9524]],[[-64.9889,-32.9453],[-64.9823,-32.951],[-64.9739,-32.9522],[-64.9717,-32.9453],[-64.9664,-32.9442],[-64.9642,-32.9489],[-64.9597,-32.9503],[-64.9606,-32.9534],[-64.9561,-32.956],[-64.956,-32.95],[-64.9482,-32.9507],[-64.9581,-32.9422],[-64.9583,-32.9387],[-64.9404,-32.9402],[-64.9375,-32.9443],[-64.9314,-32.9471],[-64.9317,-32.9403],[-64.9342,-32.9403],[-64.9385,-32.9361],[-64.9291,-32.9361],[-64.9288,-32.9415],[-64.9217,-32.9428],[-64.9229,-32.9386],[-64.927,-32.9386],[-64.9279,-32.9316],[-64.9361,-32.9305],[-64.935,-32.9276],[-64.9392,-32.9244],[-64.9473,-32.924],[-64.9444,-32.9197],[-64.9316,-32.9267],[-64.9284,-32.9246],[-64.924,-32.9271],[-64.9218,-32.9255],[-64.9245,-32.9198],[-64.9178,-32.9192],[-64.9174,-32.9222],[-64.9118,-32.9224],[-64.9102,-32.9201],[-64.9055,-32.9224],[-64.9002,-32.9227],[-64.8995,-32.9191],[-64.8931,-32.9196],[-64.8933,-32.9227],[-64.8907,-32.9259],[-64.8835,-32.9285],[-64.8838,-32.9331],[-64.8761,-32.9404],[-64.8751,-32.943],[-64.8657,-32.9468],[-64.8632,-32.9437],[-64.8718,-32.9408],[-64.8704,-32.932],[-64.8637,-32.9324],[-64.8636,-32.9367],[-64.8565,-32.9385],[-64.8564,-32.933],[-64.8487,-32.9343],[-64.8469,-32.944],[-64.8441,-32.9466],[-64.8464,-32.9505],[-64.8424,-32.9533],[-64.8397,-32.958],[-64.8503,-32.9599],[-64.8504,-32.9641],[-64.8543,-32.9689],[-64.8552,-32.9732],[-64.8701,-32.974],[-64.8733,-32.9722],[-64.8794,-32.9637],[-64.8793,-32.9593],[-64.8749,-32.9595],[-64.8741,-32.9525],[-64.8774,-32.9524],[-64.8803,-32.9584],[-64.8834,-32.9568],[-64.8806,-32.9522],[-64.8758,-32.9476],[-64.8809,-32.9465],[-64.8826,-32.9489],[-64.8886,-32.9523],[-64.8884,-32.9447],[-64.8988,-32.9441],[-64.9007,-32.9412],[-64.9063,-32.9421],[-64.9046,-32.9457],[-64.9088,-32.9519],[-64.9148,-32.952],[-64.9166,-32.9502],[-64.9225,-32.9501],[-64.9288,-32.9544],[-64.9287,-32.9606],[-64.9173,-32.9637],[-64.9135,-32.9665],[-64.9129,-32.97],[-64.9155,-32.9772],[-64.9197,-32.9763],[-64.9207,-32.9795],[-64.9287,-32.9817],[-64.929,-32.9774],[-64.9356,-32.977],[-64.9357,-32.9749],[-64.929,-32.9749],[-64.9277,-32.9728],[-64.9316,-32.966],[-64.9281,-32.9641],[-64.9306,-32.9604],[-64.9361,-32.9609],[-64.9403,-32.9568],[-64.9463,-32.9667],[-64.9536,-32.966],[-64.9647,-32.9599],[-64.969,-32.959],[-64.9696,-32.9559],[-64.9725,-32.9571],[-64.9751,-32.9559],[-64.9802,-32.9558],[-64.9832,-32.9512],[-64.9886,-32.9499],[-64.9889,-32.9453]],[[-64.969,-32.9305],[-64.9653,-32.9308],[-64.9623,-32.9346],[-64.9627,-32.9404],[-64.9679,-32.9402],[-64.9694,-32.9429],[-64.9755,-32.9421],[-64.9764,-32.9362],[-64.9679,-32.9397],[-64.9683,-32.9356],[-64.9847,-32.9349],[-64.9779,-32.9329],[-64.9807,-32.9285],[-64.9692,-32.9286],[-64.969,-32.9305]],[[-64.9514,-32.9244],[-64.9516,-32.9276],[-64.9464,-32.9297],[-64.9479,-32.9322],[-64.9607,-32.9319],[-64.961,-32.9265],[-64.9596,-32.9218],[-64.9524,-32.922],[-64.9514,-32.9244]],[[-64.9843,-32.9166],[-64.9757,-32.9169],[-64.9786,-32.9215],[-64.9833,-32.9213],[-64.9843,-32.9166]],[[-64.9384,-32.9146],[-64.9339,-32.9186],[-64.9414,-32.9184],[-64.9384,-32.9146]],[[-64.9674,-32.9104],[-64.962,-32.9129],[-64.9621,-32.9158],[-64.9667,-32.9174],[-64.969,-32.9131],[-64.9674,-32.9104]],[[-64.8615,-32.893],[-64.8595,-32.8954],[-64.8608,-32.8999],[-64.8584,-32.9014],[-64.8385,-32.9019],[-64.8369,-32.9057],[-64.8415,-32.9096],[-64.8356,-32.9103],[-64.8343,-32.9135],[-64.8356,-32.9169],[-64.8429,-32.9171],[-64.8337,-32.9239],[-64.8384,-32.9245],[-64.8465,-32.9229],[-64.8461,-32.9273],[-64.848,-32.9297],[-64.8535,-32.9312],[-64.8557,-32.9284],[-64.8614,-32.9285],[-64.8615,-32.9309],[-64.8722,-32.9309],[-64.8759,-32.932],[-64.8834,-32.9311],[-64.8833,-32.9273],[-64.887,-32.926],[-64.8869,-32.9231],[-64.8924,-32.9217],[-64.8914,-32.9162],[-64.8766,-32.9173],[-64.8735,-32.9149],[-64.8699,-32.915],[-64.8694,-32.9107],[-64.8645,-32.9099],[-64.8617,-32.9033],[-64.8659,-32.9024],[-64.8669,-32.8987],[-64.8746,-32.8973],[-64.8737,-32.8933],[-64.8645,-32.8938],[-64.8615,-32.893]],[[-64.942,-32.8632],[-64.937,-32.8636],[-64.9358,-32.8677],[-64.9316,-32.8683],[-64.9306,-32.8733],[-64.9405,-32.8747],[-64.9435,-32.8717],[-64.942,-32.8632]],[[-64.9048,-32.8543],[-64.9007,-32.8584],[-64.9017,-32.8645],[-64.9035,-32.8673],[-64.895,-32.8715],[-64.8951,-32.8741],[-64.8897,-32.8771],[-64.8928,-32.8791],[-64.8995,-32.8768],[-64.9058,-32.8709],[-64.9105,-32.8746],[-64.9214,-32.8727],[-64.9211,-32.87],[-64.9139,-32.8693],[-64.9137,-32.864],[-64.9084,-32.862],[-64.9079,-32.8568],[-64.9048,-32.8543]],[[-64.8918,-32.8466],[-64.8948,-32.8465],[-64.8985,-32.8419],[-64.8971,-32.8395],[-64.891,-32.8378],[-64.8882,-32.8398],[-64.8918,-32.8466]],[[-64.9143,-32.8457],[-64.9063,-32.8421],[-64.9022,-32.8426],[-64.9036,-32.8495],[-64.9121,-32.852],[-64.9154,-32.8481],[-64.9179,-32.8484],[-64.9221,-32.8536],[-64.9239,-32.8604],[-64.9188,-32.8657],[-64.9197,-32.8686],[-64.9262,-32.8679],[-64.9249,-32.8648],[-64.929,-32.8605],[-64.929,-32.8577],[-64.9317,-32.8518],[-64.9305,-32.8467],[-64.9245,-32.8448],[-64.9257,-32.8408],[-64.9249,-32.8354],[-64.9147,-32.8445],[-64.9143,-32.8457]],[[-64.8478,-32.8313],[-64.8284,-32.8333],[-64.8262,-32.8366],[-64.8205,-32.837],[-64.8148,-32.8393],[-64.8102,-32.843],[-64.8094,-32.8484],[-64.8158,-32.8475],[-64.8201,-32.8533],[-64.8254,-32.8495],[-64.8298,-32.8511],[-64.8363,-32.8501],[-64.8425,-32.8519],[-64.8447,-32.8564],[-64.8538,-32.858],[-64.8543,-32.8547],[-64.8634,-32.8585],[-64.867,-32.8561],[-64.8672,-32.853],[-64.8717,-32.8532],[-64.8728,-32.8556],[-64.8844,-32.8516],[-64.8825,-32.8461],[-64.8845,-32.8415],[-64.8766,-32.8408],[-64.8715,-32.8371],[-64.868,-32.8367],[-64.8618,-32.8394],[-64.8581,-32.8384],[-64.8563,-32.8354],[-64.8553,-32.8288],[-64.8497,-32.8277],[-64.8478,-32.8313]],[[-64.8727,-32.8131],[-64.8671,-32.8158],[-64.8648,-32.8137],[-64.8578,-32.8118],[-64.8553,-32.809],[-64.8497,-32.8089],[-64.8453,-32.8124],[-64.846,-32.8144],[-64.8515,-32.8147],[-64.8524,-32.818],[-64.8571,-32.8221],[-64.8585,-32.819],[-64.8632,-32.8198],[-64.8729,-32.8163],[-64.8749,-32.8205],[-64.8797,-32.8192],[-64.8797,-32.8069],[-64.8753,-32.8092],[-64.8727,-32.8131]],[[-64.842,-32.7587],[-64.8366,-32.7611],[-64.8326,-32.7697],[-64.8253,-32.7738],[-64.8259,-32.7768],[-64.8305,-32.7767],[-64.8362,-32.773],[-64.8381,-32.7697],[-64.8439,-32.766],[-64.8444,-32.7623],[-64.8508,-32.7618],[-64.8521,-32.76],[-64.8492,-32.7561],[-64.8437,-32.7541],[-64.842,-32.7587]],[[-64.8875,-32.7578],[-64.8814,-32.7582],[-64.8796,-32.7598],[-64.8711,-32.7601],[-64.8687,-32.7647],[-64.8636,-32.7645],[-64.8621,-32.7669],[-64.8685,-32.7686],[-64.874,-32.7642],[-64.8781,-32.7688],[-64.8733,-32.7713],[-64.8664,-32.7731],[-64.8666,-32.776],[-64.8594,-32.7762],[-64.858,-32.7724],[-64.8449,-32.7677],[-64.8385,-32.772],[-64.8449,-32.7751],[-64.8484,-32.7782],[-64.8585,-32.7839],[-64.8652,-32.7839],[-64.8652,-32.787],[-64.8722,-32.7892],[-64.8744,-32.7866],[-64.8782,-32.7865],[-64.8893,-32.79],[-64.893,-32.7875],[-64.888,-32.7855],[-64.888,-32.7825],[-64.8853,-32.7757],[-64.8941,-32.7757],[-64.8864,-32.7715],[-64.8901,-32.7695],[-64.8943,-32.7615],[-64.8931,-32.7573],[-64.8925,-32.7518],[-64.8896,-32.7518],[-64.8875,-32.7578]],[[-64.8715,-32.742],[-64.875,-32.7416],[-64.8755,-32.7357],[-64.8714,-32.7378],[-64.8715,-32.742]],[[-64.7918,-32.7419],[-64.7987,-32.7418],[-64.798,-32.739],[-64.8022,-32.7374],[-64.799,-32.7341],[-64.7906,-32.7367],[-64.7918,-32.7419]],[[-64.8549,-32.7259],[-64.8467,-32.7272],[-64.8345,-32.7267],[-64.8351,-32.7289],[-64.8423,-32.7297],[-64.8465,-32.7352],[-64.8468,-32.7396],[-64.8288,-32.7405],[-64.8278,-32.7433],[-64.8191,-32.7455],[-64.8173,-32.7495],[-64.8221,-32.7547],[-64.8299,-32.7581],[-64.8291,-32.7534],[-64.835,-32.7557],[-64.8349,-32.7508],[-64.8472,-32.7524],[-64.8515,-32.7497],[-64.847,-32.7461],[-64.8526,-32.7451],[-64.859,-32.7426],[-64.8575,-32.7397],[-64.8644,-32.7367],[-64.8692,-32.7366],[-64.8703,-32.7324],[-64.8645,-32.7285],[-64.8611,-32.7306],[-64.8604,-32.7351],[-64.853,-32.7316],[-64.8595,-32.7293],[-64.8587,-32.7254],[-64.8549,-32.7259]],[[-64.7942,-32.7225],[-64.7924,-32.7246],[-64.7934,-32.7318],[-64.8052,-32.7322],[-64.8033,-32.7267],[-64.7989,-32.7261],[-64.7985,-32.7224],[-64.7942,-32.7225]],[[-64.7818,-32.7112],[-64.7811,-32.7155],[-64.7746,-32.7107],[-64.7701,-32.7109],[-64.7636,-32.7171],[-64.7655,-32.7227],[-64.7706,-32.7204],[-64.7799,-32.7233],[-64.7789,-32.7281],[-64.7839,-32.7284],[-64.7838,-32.7226],[-64.7906,-32.7234],[-64.792,-32.7197],[-64.796,-32.716],[-64.8024,-32.7167],[-64.7929,-32.7067],[-64.7861,-32.7068],[-64.7818,-32.7112]],[[-64.7932,-32.7054],[-64.7991,-32.7053],[-64.8017,-32.7012],[-64.8015,-32.6952],[-64.7951,-32.6948],[-64.7901,-32.6962],[-64.7943,-32.7004],[-64.7916,-32.7029],[-64.7932,-32.7054]],[[-64.81,-32.696],[-64.8038,-32.6971],[-64.8043,-32.7029],[-64.8104,-32.7008],[-64.8136,-32.7015],[-64.8158,-32.6968],[-64.81,-32.696]],[[-64.8647,-32.6952],[-64.8629,-32.6976],[-64.8583,-32.6956],[-64.8562,-32.6912],[-64.8536,-32.6913],[-64.8523,-32.6958],[-64.8576,-32.6995],[-64.8559,-32.7017],[-64.8502,-32.7009],[-64.8422,-32.7087],[-64.8426,-32.7103],[-64.8336,-32.7106],[-64.8329,-32.7089],[-64.8378,-32.7029],[-64.8291,-32.7006],[-64.8244,-32.7071],[-64.8281,-32.7108],[-64.822,-32.7113],[-64.8174,-32.7101],[-64.8072,-32.7106],[-64.8036,-32.7191],[-64.8051,-32.7224],[-64.8086,-32.7218],[-64.8131,-32.7177],[-64.8182,-32.7178],[-64.8212,-32.7197],[-64.8233,-32.724],[-64.8282,-32.7212],[-64.8332,-32.72],[-64.8445,-32.713],[-64.8502,-32.714],[-64.8515,-32.7094],[-64.8625,-32.7077],[-64.8656,-32.7025],[-64.8694,-32.7016],[-64.8795,-32.6963],[-64.8742,-32.6929],[-64.8664,-32.6968],[-64.8676,-32.692],[-64.8604,-32.6908],[-64.8596,-32.6937],[-64.8647,-32.6952]],[[-64.7514,-32.6124],[-64.748,-32.6135],[-64.7501,-32.617],[-64.7468,-32.6209],[-64.7472,-32.6267],[-64.7433,-32.6265],[-64.7425,-32.6227],[-64.7461,-32.6193],[-64.7473,-32.6103],[-64.7423,-32.6087],[-64.741,-32.6136],[-64.7369,-32.6143],[-64.7287,-32.6179],[-64.7263,-32.6229],[-64.7147,-32.6235],[-64.7156,-32.6267],[-64.7235,-32.6259],[-64.7276,-32.6274],[-64.726,-32.6341],[-64.7316,-32.6343],[-64.7429,-32.6371],[-64.7448,-32.6335],[-64.7502,-32.6374],[-64.7446,-32.6396],[-64.7455,-32.6468],[-64.7512,-32.6475],[-64.7536,-32.6438],[-64.7592,-32.6424],[-64.7643,-32.644],[-64.7607,-32.6346],[-64.7646,-32.6288],[-64.7634,-32.6247],[-64.7698,-32.6229],[-64.768,-32.6189],[-64.7648,-32.6194],[-64.7615,-32.6155],[-64.7564,-32.616],[-64.7585,-32.6116],[-64.754,-32.6081],[-64.7514,-32.6124]],[[-64.6915,-32.596],[-64.6886,-32.596],[-64.6849,-32.6045],[-64.681,-32.6063],[-64.6807,-32.6102],[-64.6816,-32.6123],[-64.6833,-32.6126],[-64.6901,-32.6121],[-64.6903,-32.6078],[-64.6936,-32.6043],[-64.6928,-32.597],[-64.6915,-32.596]],[[-64.6274,-32.5875],[-64.6244,-32.5903],[-64.6192,-32.591],[-64.6138,-32.5891],[-64.6073,-32.592],[-64.6015,-32.5926],[-64.5972,-32.596],[-64.5975,-32.5987],[-64.5962,-32.6032],[-64.6006,-32.6071],[-64.6048,-32.6031],[-64.6085,-32.6054],[-64.6077,-32.6086],[-64.6112,-32.61],[-64.6136,-32.6142],[-64.624,-32.6145],[-64.6242,-32.6219],[-64.6341,-32.6221],[-64.6454,-32.628],[-64.646,-32.6237],[-64.6499,-32.6193],[-64.6536,-32.6186],[-64.6601,-32.6196],[-64.6659,-32.6188],[-64.6707,-32.6161],[-64.6712,-32.6142],[-64.6679,-32.6087],[-64.6655,-32.6071],[-64.6688,-32.6038],[-64.6691,-32.599],[-64.6664,-32.5981],[-64.66,-32.604],[-64.6578,-32.6037],[-64.6567,-32.5987],[-64.6641,-32.5976],[-64.6644,-32.5941],[-64.6609,-32.5931],[-64.656,-32.5956],[-64.6501,-32.5964],[-64.6462,-32.5935],[-64.6481,-32.5886],[-64.6417,-32.5888],[-64.6373,-32.5908],[-64.6347,-32.5969],[-64.6271,-32.5908],[-64.6274,-32.5875]],[[-64.6181,-32.5732],[-64.6099,-32.5745],[-64.6093,-32.5787],[-64.6068,-32.5809],[-64.596,-32.5788],[-64.592,-32.5788],[-64.5886,-32.5816],[-64.5937,-32.5852],[-64.5925,-32.5908],[-64.6021,-32.5908],[-64.6,-32.5866],[-64.612,-32.5859],[-64.6156,-32.5888],[-64.6191,-32.5874],[-64.6286,-32.5803],[-64.6273,-32.5783],[-64.6199,-32.5762],[-64.6181,-32.5732]],[[-64.7712,-32.5637],[-64.7682,-32.5678],[-64.7634,-32.5682],[-64.7582,-32.5735],[-64.7505,-32.5735],[-64.7473,-32.572],[-64.7481,-32.5689],[-64.7428,-32.5684],[-64.741,-32.5709],[-64.73,-32.5743],[-64.724,-32.574],[-64.7243,-32.5778],[-64.7301,-32.5789],[-64.731,-32.58],[-64.7286,-32.5838],[-64.7329,-32.5907],[-64.7386,-32.5872],[-64.7352,-32.5819],[-64.738,-32.5786],[-64.7412,-32.5805],[-64.7396,-32.5869],[-64.746,-32.5869],[-64.7463,-32.592],[-64.7426,-32.5929],[-64.7387,-32.5977],[-64.7424,-32.6021],[-64.7466,-32.6003],[-64.7477,-32.6044],[-64.7522,-32.6056],[-64.7588,-32.5978],[-64.7566,-32.5917],[-64.7539,-32.5891],[-64.7627,-32.5863],[-64.7613,-32.5819],[-64.7648,-32.5782],[-64.7688,-32.5811],[-64.7736,-32.5776],[-64.7749,-32.5727],[-64.7815,-32.5714],[-64.7757,-32.5665],[-64.7777,-32.5637],[-64.7829,-32.5653],[-64.7831,-32.5587],[-64.7788,-32.5591],[-64.7755,-32.5626],[-64.7712,-32.5637]],[[-64.6973,-32.5402],[-64.6907,-32.5426],[-64.6846,-32.5395],[-64.6772,-32.5425],[-64.6699,-32.5436],[-64.6694,-32.5506],[-64.6765,-32.5492],[-64.6762,-32.5548],[-64.6814,-32.5512],[-64.6843,-32.5536],[-64.6963,-32.5486],[-64.7047,-32.5488],[-64.7046,-32.545],[-64.7084,-32.5444],[-64.7062,-32.5335],[-64.7033,-32.5319],[-64.7001,-32.5332],[-64.7024,-32.5372],[-64.6973,-32.5402]],[[-64.7247,-32.5327],[-64.7214,-32.5346],[-64.7194,-32.5384],[-64.722,-32.5437],[-64.7311,-32.5411],[-64.7369,-32.5457],[-64.7405,-32.5427],[-64.7419,-32.5365],[-64.7356,-32.5334],[-64.7287,-32.5358],[-64.7247,-32.5327]],[[-64.6902,-32.5234],[-64.6954,-32.5327],[-64.704,-32.5314],[-64.7062,-32.5328],[-64.7074,-32.5347],[-64.7115,-32.533],[-64.7164,-32.5349],[-64.7165,-32.525],[-64.705,-32.5236],[-64.698,-32.5239],[-64.6945,-32.5203],[-64.6902,-32.5234]],[[-64.6532,-32.5555],[-64.646,-32.5574],[-64.6473,-32.563],[-64.6524,-32.5596],[-64.6532,-32.5555]],[[-64.6441,-32.5805],[-64.6404,-32.5828],[-64.633,-32.5831],[-64.6315,-32.588],[-64.6339,-32.5933],[-64.6372,-32.5899],[-64.6452,-32.5854],[-64.6441,-32.5805]],[[-64.6698,-32.6086],[-64.6699,-32.612],[-64.6713,-32.6139],[-64.671,-32.6157],[-64.6757,-32.6159],[-64.6808,-32.6124],[-64.6807,-32.6104],[-64.6807,-32.6083],[-64.6809,-32.6062],[-64.6845,-32.6007],[-64.6824,-32.5985],[-64.6751,-32.6],[-64.6727,-32.6019],[-64.6698,-32.6086]],[[-64.6547,-32.5954],[-64.6569,-32.5944],[-64.6542,-32.5867],[-64.6543,-32.5807],[-64.645,-32.5826],[-64.6454,-32.5853],[-64.6517,-32.5889],[-64.6547,-32.5954]],[[-64.7262,-32.5894],[-64.7247,-32.5866],[-64.7293,-32.582],[-64.7275,-32.5794],[-64.72,-32.5826],[-64.7215,-32.5893],[-64.7262,-32.5894]],[[-64.757,-32.514],[-64.7477,-32.516],[-64.7488,-32.5232],[-64.7522,-32.5342],[-64.7624,-32.5324],[-64.7606,-32.5251],[-64.761,-32.5212],[-64.757,-32.514]],[[-64.7598,-32.5171],[-64.7621,-32.5239],[-64.7665,-32.5208],[-64.7636,-32.5179],[-64.7648,-32.5146],[-64.7609,-32.5126],[-64.7598,-32.5171]],[[-64.9024,-33.0796],[-64.8992,-33.0797],[-64.8952,-33.0834],[-64.8952,-33.0855],[-64.9025,-33.0844],[-64.9024,-33.0796]],[[-64.8846,-33.0944],[-64.8805,-33.0954],[-64.8785,-33.0985],[-64.8829,-33.1002],[-64.8846,-33.0944]]],[[[-64.7233,-32.5101],[-64.7239,-32.5038],[-64.7282,-32.5035],[-64.7281,-32.4953],[-64.744,-32.4926],[-64.7485,-32.4982],[-64.7531,-32.4959],[-64.7572,-32.4996],[-64.7554,-32.5094],[-64.7448,-32.5125],[-64.7378,-32.5102],[-64.7349,-32.506],[-64.7292,-32.506],[-64.7308,-32.51],[-64.7287,-32.5135],[-64.7319,-32.5162],[-64.7316,-32.5194],[-64.7258,-32.5206],[-64.7282,-32.5165],[-64.7264,-32.5098],[-64.7233,-32.5101]]],[[[-64.6678,-32.5043],[-64.6536,-32.4992],[-64.6528,-32.4943],[-64.6597,-32.4939],[-64.6589,-32.4996],[-64.6655,-32.4991],[-64.6701,-32.501],[-64.6678,-32.5043]]],[[[-64.2458,-32.5354],[-64.2471,-32.5333],[-64.2451,-32.523],[-64.2413,-32.5166],[-64.2395,-32.5084],[-64.2325,-32.5038],[-64.236,-32.5006],[-64.2363,-32.4954],[-64.2412,-32.4954],[-64.2411,-32.499],[-64.2437,-32.5068],[-64.2427,-32.5123],[-64.2439,-32.5175],[-64.2495,-32.5271],[-64.2527,-32.5287],[-64.2537,-32.5332],[-64.2458,-32.5354]]],[[[-64.7457,-32.4875],[-64.7467,-32.4912],[-64.7442,-32.4926],[-64.7457,-32.4875]]],[[[-64.7558,-32.4856],[-64.7525,-32.4876],[-64.7486,-32.4869],[-64.7558,-32.4856]]],[[[-64.7014,-32.4868],[-64.7072,-32.483],[-64.7083,-32.4888],[-64.7022,-32.4902],[-64.7014,-32.4868]]],[[[-64.6099,-32.4891],[-64.6065,-32.4877],[-64.6065,-32.4834],[-64.613,-32.4835],[-64.618,-32.4822],[-64.6211,-32.4857],[-64.6286,-32.4847],[-64.6339,-32.4823],[-64.6347,-32.4855],[-64.6217,-32.4874],[-64.6188,-32.486],[-64.6099,-32.4891]]],[[[-64.699,-32.4796],[-64.7014,-32.4868],[-64.6933,-32.4875],[-64.6886,-32.4816],[-64.699,-32.4796]]],[[[-64.6725,-32.4822],[-64.6722,-32.4771],[-64.6768,-32.4769],[-64.677,-32.481],[-64.6725,-32.4822]]],[[[-64.302,-32.5204],[-64.3021,-32.5243],[-64.2989,-32.5239],[-64.2982,-32.5296],[-64.2919,-32.5282],[-64.2869,-32.5239],[-64.287,-32.5182],[-64.2947,-32.5173],[-64.303,-32.5145],[-64.3035,-32.5114],[-64.299,-32.507],[-64.2956,-32.4995],[-64.2997,-32.495],[-64.3114,-32.4948],[-64.3132,-32.4875],[-64.3169,-32.4839],[-64.3226,-32.4834],[-64.3277,-32.4943],[-64.3243,-32.4953],[-64.325,-32.5043],[-64.3292,-32.5087],[-64.3277,-32.5136],[-64.328,-32.518],[-64.3316,-32.5249],[-64.3262,-32.5257],[-64.3218,-32.5229],[-64.3229,-32.5209],[-64.3189,-32.5172],[-64.3135,-32.5187],[-64.3089,-32.5178],[-64.3012,-32.5182],[-64.302,-32.5204]]],[[[-64.697,-32.472],[-64.6985,-32.4776],[-64.6926,-32.4787],[-64.6877,-32.4747],[-64.6857,-32.4703],[-64.6896,-32.468],[-64.691,-32.4724],[-64.697,-32.472]]],[[[-64.5943,-32.4669],[-64.5941,-32.4701],[-64.5942,-32.4739],[-64.5859,-32.472],[-64.5886,-32.4802],[-64.5887,-32.4839],[-64.5822,-32.4834],[-64.5831,-32.4804],[-64.5749,-32.4803],[-64.5687,-32.4752],[-64.5708,-32.4701],[-64.5697,-32.4641],[-64.565,-32.4617],[-64.5551,-32.4629],[-64.5543,-32.4586],[-64.5595,-32.4617],[-64.5626,-32.4579],[-64.5721,-32.4578],[-64.5787,-32.4567],[-64.5875,-32.4658],[-64.5943,-32.4669]]],[[[-64.3213,-32.4757],[-64.32,-32.4672],[-64.3235,-32.4645],[-64.3272,-32.4591],[-64.3303,-32.459],[-64.3315,-32.4627],[-64.3374,-32.4596],[-64.3313,-32.4628],[-64.3314,-32.4668],[-64.3239,-32.4677],[-64.3255,-32.4742],[-64.3213,-32.4757]]],[[[-64.224,-32.4478],[-64.2287,-32.448],[-64.2296,-32.4544],[-64.2272,-32.4551],[-64.224,-32.4478]]],[[[-64.224,-32.4478],[-64.2229,-32.4448],[-64.2246,-32.4457],[-64.224,-32.4478]]],[[[-64.6395,-32.4564],[-64.6395,-32.4611],[-64.6341,-32.4612],[-64.6329,-32.4584],[-64.6251,-32.4591],[-64.6258,-32.4538],[-64.6349,-32.454],[-64.6403,-32.4496],[-64.645,-32.4515],[-64.6468,-32.4442],[-64.6436,-32.4396],[-64.6377,-32.4394],[-64.6338,-32.4355],[-64.6309,-32.4292],[-64.636,-32.4291],[-64.6396,-32.4314],[-64.6385,-32.4364],[-64.642,-32.4367],[-64.6474,-32.4313],[-64.6514,-32.4365],[-64.6507,-32.4428],[-64.6521,-32.4451],[-64.6608,-32.4436],[-64.6605,-32.4543],[-64.6493,-32.4565],[-64.6458,-32.4553],[-64.6395,-32.4564]]],[[[-64.2803,-32.43],[-64.2762,-32.4285],[-64.2761,-32.4252],[-64.2763,-32.4284],[-64.2803,-32.43]]],[[[-64.2822,-32.4311],[-64.2803,-32.43],[-64.2871,-32.4242],[-64.2887,-32.4299],[-64.2822,-32.4311]]],[[[-64.6433,-32.4247],[-64.637,-32.4212],[-64.6346,-32.4176],[-64.6332,-32.4109],[-64.6432,-32.4119],[-64.6433,-32.4156],[-64.6412,-32.4192],[-64.6485,-32.4194],[-64.6433,-32.4247]]],[[[-64.2598,-32.4274],[-64.2545,-32.4294],[-64.254,-32.4249],[-64.2424,-32.4247],[-64.2443,-32.4232],[-64.2424,-32.4175],[-64.2467,-32.417],[-64.2495,-32.4129],[-64.253,-32.4132],[-64.2534,-32.4212],[-64.2591,-32.4233],[-64.2598,-32.4274]]],[[[-64.3581,-32.4227],[-64.356,-32.423],[-64.3543,-32.4293],[-64.3493,-32.4307],[-64.3478,-32.4276],[-64.3523,-32.4229],[-64.3527,-32.4145],[-64.3542,-32.41],[-64.3591,-32.4162],[-64.3573,-32.418],[-64.3581,-32.4227]]],[[[-64.5245,-32.4166],[-64.5163,-32.4157],[-64.5141,-32.4087],[-64.5222,-32.4041],[-64.5245,-32.4166]]],[[[-64.5494,-32.3993],[-64.5567,-32.402],[-64.559,-32.4003],[-64.5638,-32.4055],[-64.5636,-32.4165],[-64.5581,-32.4182],[-64.5558,-32.4215],[-64.5625,-32.4241],[-64.5661,-32.427],[-64.5658,-32.4304],[-64.56,-32.4374],[-64.5624,-32.44],[-64.5706,-32.4376],[-64.5706,-32.4412],[-64.5632,-32.4423],[-64.5634,-32.4519],[-64.5627,-32.4559],[-64.5551,-32.454],[-64.554,-32.4507],[-64.5573,-32.4446],[-64.5549,-32.4417],[-64.5488,-32.4394],[-64.5345,-32.4376],[-64.5324,-32.4284],[-64.5355,-32.4273],[-64.548,-32.4276],[-64.5523,-32.4236],[-64.5486,-32.419],[-64.5458,-32.4209],[-64.5394,-32.4203],[-64.5324,-32.4174],[-64.5283,-32.4175],[-64.5245,-32.4166],[-64.5284,-32.4174],[-64.5291,-32.4106],[-64.5326,-32.4084],[-64.5349,-32.4036],[-64.5494,-32.3993]]],[[[-64.5138,-32.4065],[-64.5126,-32.4035],[-64.515,-32.3964],[-64.5195,-32.3975],[-64.5208,-32.4024],[-64.5127,-32.4034],[-64.5138,-32.4065]]],[[[-64.3418,-32.452],[-64.337,-32.4503],[-64.3318,-32.4546],[-64.3269,-32.4549],[-64.3277,-32.4502],[-64.3265,-32.4439],[-64.328,-32.4338],[-64.3253,-32.4298],[-64.3247,-32.4214],[-64.3276,-32.4215],[-64.3273,-32.4145],[-64.3223,-32.416],[-64.3213,-32.4245],[-64.3173,-32.4248],[-64.3211,-32.4104],[-64.3145,-32.4035],[-64.3064,-32.4067],[-64.3073,-32.4029],[-64.3183,-32.4007],[-64.3205,-32.4056],[-64.3247,-32.4085],[-64.3276,-32.4128],[-64.3332,-32.4179],[-64.3353,-32.4218],[-64.34,-32.4209],[-64.3428,-32.4293],[-64.3375,-32.4327],[-64.3397,-32.443],[-64.348,-32.437],[-64.3514,-32.4384],[-64.3418,-32.452]]],[[[-64.3499,-32.3921],[-64.3483,-32.3991],[-64.3442,-32.3988],[-64.3499,-32.3921]]],[[[-64.3011,-32.3898],[-64.2986,-32.3814],[-64.2998,-32.3802],[-64.2987,-32.3813],[-64.3011,-32.3898]]],[[[-64.6506,-32.3621],[-64.6517,-32.3633],[-64.651,-32.3657],[-64.6621,-32.3657],[-64.6542,-32.3694],[-64.6496,-32.3693],[-64.6506,-32.3621]]],[[[-64.4993,-32.3911],[-64.497,-32.3906],[-64.4967,-32.3848],[-64.4945,-32.3834],[-64.4963,-32.3805],[-64.4982,-32.3778],[-64.489,-32.374],[-64.4924,-32.367],[-64.496,-32.3642],[-64.5056,-32.3617],[-64.5066,-32.3708],[-64.5063,-32.3761],[-64.4983,-32.3777],[-64.4957,-32.3816],[-64.5005,-32.3825],[-64.5032,-32.3815],[-64.5057,-32.3897],[-64.4993,-32.3911]]],[[[-64.6561,-32.3552],[-64.6551,-32.3546],[-64.6552,-32.3546],[-64.6561,-32.3552]]],[[[-64.3525,-32.3813],[-64.3503,-32.3786],[-64.3463,-32.3789],[-64.3422,-32.3855],[-64.341,-32.39],[-64.3331,-32.3904],[-64.3297,-32.3934],[-64.3283,-32.3994],[-64.3346,-32.4083],[-64.3307,-32.4106],[-64.3235,-32.4034],[-64.3272,-32.3878],[-64.3316,-32.3842],[-64.3296,-32.3777],[-64.3336,-32.3741],[-64.3345,-32.371],[-64.3239,-32.3671],[-64.3203,-32.3686],[-64.3166,-32.3651],[-64.3161,-32.3576],[-64.3183,-32.3567],[-64.324,-32.3593],[-64.324,-32.3544],[-64.331,-32.3551],[-64.3335,-32.3608],[-64.3363,-32.3632],[-64.3441,-32.3673],[-64.3499,-32.3679],[-64.348,-32.3726],[-64.3533,-32.3763],[-64.3525,-32.3813]],[[-64.3385,-32.3842],[-64.3426,-32.3806],[-64.3456,-32.375],[-64.3412,-32.3726],[-64.3353,-32.3774],[-64.3344,-32.3821],[-64.3385,-32.3842]]],[[[-64.6797,-32.35],[-64.6798,-32.3504],[-64.6788,-32.3467],[-64.6797,-32.35]]],[[[-64.3477,-32.3467],[-64.353,-32.3485],[-64.3579,-32.3541],[-64.3636,-32.3575],[-64.3652,-32.3669],[-64.3582,-32.3684],[-64.3499,-32.3679],[-64.3498,-32.3645],[-64.3569,-32.3605],[-64.3564,-32.3559],[-64.3516,-32.351],[-64.3479,-32.3536],[-64.3477,-32.3467]]],[[[-64.3477,-32.3467],[-64.3401,-32.3484],[-64.3427,-32.344],[-64.3477,-32.3467]]],[[[-64.6166,-32.3424],[-64.618,-32.3377],[-64.6234,-32.3356],[-64.6273,-32.3421],[-64.6166,-32.3424]]],[[[-64.3076,-32.3428],[-64.3066,-32.3363],[-64.3026,-32.3297],[-64.3067,-32.3362],[-64.3076,-32.3428]]],[[[-64.6273,-32.3319],[-64.6337,-32.3298],[-64.6361,-32.3242],[-64.6491,-32.3214],[-64.6506,-32.3269],[-64.643,-32.3279],[-64.6438,-32.331],[-64.6387,-32.3334],[-64.6391,-32.3371],[-64.6423,-32.3385],[-64.6422,-32.3424],[-64.6357,-32.3375],[-64.6336,-32.3318],[-64.6273,-32.3319]]],[[[-64.3082,-32.3267],[-64.3108,-32.3236],[-64.3137,-32.3257],[-64.3211,-32.3342],[-64.328,-32.3296],[-64.3286,-32.3264],[-64.3331,-32.3243],[-64.3366,-32.332],[-64.3267,-32.3353],[-64.3181,-32.3354],[-64.3082,-32.3267]]],[[[-64.5181,-32.3363],[-64.5133,-32.3292],[-64.5134,-32.3257],[-64.5098,-32.3238],[-64.5111,-32.3203],[-64.5151,-32.3167],[-64.5215,-32.3156],[-64.5194,-32.3197],[-64.5226,-32.3233],[-64.5195,-32.325],[-64.5135,-32.3256],[-64.5192,-32.3296],[-64.5223,-32.3293],[-64.5258,-32.3318],[-64.5215,-32.3376],[-64.5181,-32.3363]]],[[[-64.3975,-32.3224],[-64.4015,-32.3147],[-64.4017,-32.3178],[-64.3975,-32.3224]]],[[[-64.5915,-32.3094],[-64.597,-32.3114],[-64.6009,-32.318],[-64.601,-32.3273],[-64.5967,-32.3234],[-64.5946,-32.3168],[-64.5914,-32.3135],[-64.5915,-32.3094]]],[[[-65.0379,-32.3174],[-65.0468,-32.2977],[-65.0507,-32.3004],[-65.0501,-32.3059],[-65.0517,-32.3082],[-65.0486,-32.3163],[-65.0417,-32.318],[-65.0379,-32.3174]]],[[[-64.3107,-32.3199],[-64.307,-32.3162],[-64.307,-32.3057],[-64.3071,-32.3161],[-64.3107,-32.3199]]],[[[-64.3185,-32.3035],[-64.3257,-32.3039],[-64.3274,-32.3098],[-64.3257,-32.3107],[-64.322,-32.3042],[-64.3185,-32.3035]]],[[[-64.3185,-32.3035],[-64.3143,-32.3083],[-64.3113,-32.3052],[-64.3118,-32.2999],[-64.3185,-32.3035]]],[[[-64.412,-32.2944],[-64.4135,-32.3005],[-64.4112,-32.3017],[-64.4056,-32.2998],[-64.4038,-32.2957],[-64.412,-32.2944]]],[[[-64.6379,-32.3044],[-64.6329,-32.3017],[-64.6356,-32.2964],[-64.6366,-32.2899],[-64.6406,-32.2923],[-64.6407,-32.2993],[-64.6379,-32.3044]]],[[[-65.2131,-32.2932],[-65.2086,-32.2905],[-65.2046,-32.2857],[-65.2057,-32.278],[-65.2189,-32.2806],[-65.2147,-32.2724],[-65.2192,-32.2802],[-65.2186,-32.286],[-65.2131,-32.2932]]],[[[-64.5915,-32.3094],[-64.5835,-32.3076],[-64.5789,-32.3103],[-64.573,-32.3054],[-64.574,-32.2995],[-64.5778,-32.2918],[-64.5769,-32.2835],[-64.581,-32.2848],[-64.587,-32.2828],[-64.5936,-32.2823],[-64.601,-32.2803],[-64.6014,-32.2836],[-64.5871,-32.2874],[-64.584,-32.2897],[-64.5845,-32.2944],[-64.578,-32.3037],[-64.5909,-32.3052],[-64.5915,-32.3094]]],[[[-65.0238,-32.277],[-65.027,-32.2748],[-65.0304,-32.2719],[-65.0356,-32.2743],[-65.041,-32.2752],[-65.0449,-32.2797],[-65.0319,-32.2812],[-65.0238,-32.277]]],[[[-64.5438,-32.2855],[-64.5487,-32.2776],[-64.5528,-32.2788],[-64.5507,-32.2832],[-64.5438,-32.2855]]],[[[-64.5438,-32.2855],[-64.5466,-32.2909],[-64.5517,-32.2918],[-64.5535,-32.2865],[-64.5627,-32.2886],[-64.5618,-32.294],[-64.5568,-32.2974],[-64.5596,-32.3006],[-64.5636,-32.3011],[-64.5711,-32.3094],[-64.5697,-32.3177],[-64.5775,-32.3176],[-64.5795,-32.3216],[-64.576,-32.3236],[-64.573,-32.3286],[-64.5687,-32.328],[-64.5658,-32.3191],[-64.5573,-32.3225],[-64.5533,-32.3209],[-64.5576,-32.3172],[-64.559,-32.3112],[-64.5582,-32.3066],[-64.5508,-32.309],[-64.5461,-32.3068],[-64.541,-32.3062],[-64.5325,-32.3116],[-64.5244,-32.3142],[-64.5261,-32.3022],[-64.5212,-32.2864],[-64.5207,-32.2814],[-64.5269,-32.279],[-64.529,-32.2796],[-64.5331,-32.2751],[-64.5367,-32.2761],[-64.5367,-32.2899],[-64.5434,-32.2876],[-64.5438,-32.2855]]],[[[-65.0267,-32.2682],[-65.0248,-32.2665],[-65.0233,-32.262],[-65.0213,-32.2595],[-65.0213,-32.2606],[-65.0224,-32.2614],[-65.0213,-32.2607],[-65.0214,-32.2578],[-65.0219,-32.2576],[-65.0311,-32.2607],[-65.0362,-32.2579],[-65.0373,-32.2642],[-65.0267,-32.2682]]],[[[-64.3186,-32.2808],[-64.3177,-32.2761],[-64.3137,-32.2732],[-64.3146,-32.2681],[-64.3144,-32.2628],[-64.3225,-32.2629],[-64.3309,-32.2688],[-64.3261,-32.2743],[-64.3178,-32.276],[-64.3186,-32.2808]]],[[[-64.5247,-32.272],[-64.5175,-32.271],[-64.5162,-32.2654],[-64.5105,-32.2623],[-64.5125,-32.2563],[-64.516,-32.2559],[-64.5164,-32.2526],[-64.5214,-32.2519],[-64.523,-32.2555],[-64.5246,-32.26],[-64.5326,-32.2629],[-64.531,-32.2676],[-64.5247,-32.272]]],[[[-65.0191,-32.2436],[-65.0191,-32.2448],[-65.0188,-32.244],[-65.0191,-32.2436]]],[[[-64.34,-32.2498],[-64.3437,-32.2461],[-64.3461,-32.2497],[-64.34,-32.2498]]],[[[-64.6471,-32.2404],[-64.6481,-32.2452],[-64.6441,-32.2475],[-64.637,-32.2491],[-64.6391,-32.2446],[-64.6471,-32.2404]]],[[[-64.8598,-32.2412],[-64.8574,-32.2413],[-64.856,-32.2374],[-64.861,-32.2372],[-64.8598,-32.2412]]],[[[-64.6298,-32.2526],[-64.6292,-32.2499],[-64.6323,-32.2422],[-64.6373,-32.2435],[-64.6328,-32.2472],[-64.6298,-32.2526]]],[[[-65.0206,-32.2322],[-65.0339,-32.2311],[-65.0333,-32.2418],[-65.0284,-32.2429],[-65.0279,-32.2386],[-65.0208,-32.24],[-65.0203,-32.2322],[-65.0206,-32.2321],[-65.0203,-32.2322],[-65.0206,-32.2322]]],[[[-64.6633,-32.2371],[-64.6589,-32.2368],[-64.6591,-32.2422],[-64.6542,-32.2427],[-64.6504,-32.2403],[-64.6535,-32.2362],[-64.6575,-32.2348],[-64.6633,-32.2371]]],[[[-64.3127,-32.2508],[-64.3139,-32.2466],[-64.3178,-32.2438],[-64.3179,-32.2394],[-64.3215,-32.2378],[-64.3269,-32.2396],[-64.3274,-32.2503],[-64.3127,-32.2508]]],[[[-64.6835,-32.2344],[-64.6831,-32.2311],[-64.6896,-32.2309],[-64.6898,-32.2273],[-64.696,-32.2295],[-64.6962,-32.2361],[-64.6884,-32.2398],[-64.6835,-32.2379],[-64.6835,-32.2344]]],[[[-65.2118,-32.2332],[-65.2014,-32.2322],[-65.2056,-32.2175],[-65.2207,-32.2188],[-65.2189,-32.223],[-65.2118,-32.2332]]],[[[-64.843,-32.2374],[-64.8399,-32.2419],[-64.8384,-32.2363],[-64.8404,-32.2318],[-64.8353,-32.2305],[-64.8353,-32.2244],[-64.8388,-32.2233],[-64.8397,-32.2276],[-64.8447,-32.2292],[-64.8452,-32.2321],[-64.843,-32.2374]]],[[[-64.8611,-32.2231],[-64.8612,-32.2283],[-64.86,-32.2255],[-64.8551,-32.2252],[-64.8556,-32.2181],[-64.8593,-32.2169],[-64.8581,-32.2228],[-64.8611,-32.2231]]],[[[-64.8408,-32.2122],[-64.8481,-32.2148],[-64.8458,-32.2174],[-64.8413,-32.2153],[-64.8408,-32.2122]]],[[[-64.8295,-32.2101],[-64.8268,-32.2127],[-64.8245,-32.223],[-64.82,-32.2269],[-64.8214,-32.2308],[-64.8159,-32.2303],[-64.8108,-32.2368],[-64.8086,-32.2319],[-64.8131,-32.2234],[-64.8142,-32.2168],[-64.8197,-32.2142],[-64.8209,-32.2173],[-64.8271,-32.2105],[-64.8295,-32.2101]]],[[[-64.6677,-32.2119],[-64.6721,-32.2166],[-64.6724,-32.2213],[-64.6772,-32.2208],[-64.6777,-32.231],[-64.6728,-32.2284],[-64.6671,-32.2236],[-64.6605,-32.2216],[-64.6637,-32.2154],[-64.6677,-32.2119]]],[[[-64.6466,-32.2108],[-64.6427,-32.2184],[-64.6438,-32.213],[-64.6466,-32.2108]]],[[[-64.6693,-32.2052],[-64.6719,-32.2092],[-64.6671,-32.2095],[-64.6693,-32.2052]]],[[[-64.6505,-32.2025],[-64.653,-32.2052],[-64.6522,-32.21],[-64.6528,-32.2051],[-64.6505,-32.2025]]],[[[-64.5769,-32.2002],[-64.5879,-32.2053],[-64.5904,-32.2081],[-64.5843,-32.21],[-64.5836,-32.2124],[-64.5778,-32.2183],[-64.5747,-32.2153],[-64.5779,-32.2125],[-64.5769,-32.2002]]],[[[-64.3341,-32.2047],[-64.3253,-32.1996],[-64.3215,-32.2],[-64.3135,-32.1986],[-64.311,-32.1995],[-64.3136,-32.1985],[-64.3216,-32.1999],[-64.3254,-32.1995],[-64.3341,-32.2047]]],[[[-64.4157,-32.2116],[-64.4085,-32.2119],[-64.3995,-32.2143],[-64.3911,-32.2262],[-64.392,-32.2317],[-64.3961,-32.238],[-64.3921,-32.2428],[-64.3806,-32.2461],[-64.3755,-32.2435],[-64.3732,-32.2467],[-64.3754,-32.2548],[-64.3814,-32.2541],[-64.3816,-32.2566],[-64.3736,-32.2592],[-64.3729,-32.2642],[-64.3789,-32.2626],[-64.3796,-32.2657],[-64.3797,-32.2723],[-64.3774,-32.2794],[-64.368,-32.2779],[-64.3643,-32.2823],[-64.3649,-32.2894],[-64.364,-32.2951],[-64.371,-32.2968],[-64.3724,-32.3014],[-64.3629,-32.2989],[-64.3609,-32.3028],[-64.361,-32.312],[-64.3723,-32.3148],[-64.3737,-32.3184],[-64.3624,-32.3179],[-64.3618,-32.3329],[-64.3652,-32.3341],[-64.3704,-32.3326],[-64.3753,-32.3328],[-64.3751,-32.3389],[-64.3687,-32.3397],[-64.3649,-32.3422],[-64.3598,-32.3418],[-64.3576,-32.3264],[-64.3592,-32.3211],[-64.3518,-32.3221],[-64.3516,-32.3198],[-64.3563,-32.3182],[-64.3586,-32.3133],[-64.3575,-32.3073],[-64.3515,-32.307],[-64.3525,-32.3155],[-64.3471,-32.3151],[-64.3443,-32.3099],[-64.3444,-32.3023],[-64.3477,-32.3],[-64.3549,-32.2977],[-64.3543,-32.2943],[-64.3489,-32.2907],[-64.3485,-32.2852],[-64.3553,-32.2834],[-64.3514,-32.2811],[-64.351,-32.2782],[-64.3605,-32.2798],[-64.3628,-32.2734],[-64.3667,-32.2695],[-64.3606,-32.2675],[-64.358,-32.2626],[-64.3607,-32.2559],[-64.3563,-32.2506],[-64.3581,-32.2441],[-64.3526,-32.2411],[-64.3428,-32.2431],[-64.3372,-32.2414],[-64.3363,-32.2389],[-64.3449,-32.2369],[-64.3345,-32.229],[-64.3312,-32.2229],[-64.3312,-32.2193],[-64.339,-32.2215],[-64.3396,-32.2254],[-64.3458,-32.2281],[-64.3487,-32.2237],[-64.3552,-32.2286],[-64.3557,-32.2235],[-64.3588,-32.2215],[-64.3593,-32.2164],[-64.3651,-32.2119],[-64.3668,-32.216],[-64.3613,-32.2224],[-64.3611,-32.229],[-64.3576,-32.2302],[-64.3579,-32.2338],[-64.3636,-32.2386],[-64.3661,-32.2385],[-64.3716,-32.2328],[-64.3766,-32.2291],[-64.3765,-32.2245],[-64.3744,-32.2209],[-64.3794,-32.2179],[-64.3816,-32.211],[-64.3898,-32.2109],[-64.394,-32.2088],[-64.3928,-32.2006],[-64.3968,-32.2011],[-64.3957,-32.1942],[-64.3879,-32.1941],[-64.3825,-32.191],[-64.3699,-32.19],[-64.3642,-32.1875],[-64.3708,-32.1811],[-64.3764,-32.1803],[-64.3824,-32.183],[-64.3846,-32.1898],[-64.3969,-32.189],[-64.401,-32.1915],[-64.4051,-32.1946],[-64.405,-32.1948],[-64.4046,-32.1961],[-64.4047,-32.201],[-64.4083,-32.2049],[-64.4205,-32.1993],[-64.419,-32.2062],[-64.4157,-32.2116]]],[[[-64.4631,-32.1791],[-64.4601,-32.183],[-64.4585,-32.1881],[-64.46,-32.1831],[-64.4631,-32.1791]]],[[[-64.4557,-32.1642],[-64.4598,-32.1641],[-64.4622,-32.1671],[-64.4597,-32.1641],[-64.4557,-32.1642]]],[[[-64.6721,-32.1782],[-64.67,-32.1736],[-64.6751,-32.172],[-64.6728,-32.1642],[-64.6686,-32.1644],[-64.6671,-32.16],[-64.6726,-32.1598],[-64.6748,-32.1639],[-64.6805,-32.1654],[-64.6821,-32.1711],[-64.6857,-32.1711],[-64.6889,-32.1717],[-64.6876,-32.1766],[-64.6849,-32.1781],[-64.6721,-32.1782]]],[[[-64.6825,-32.1619],[-64.6843,-32.1553],[-64.6882,-32.156],[-64.6873,-32.1601],[-64.6825,-32.1619]]],[[[-64.8077,-32.2145],[-64.8096,-32.2172],[-64.809,-32.221],[-64.8054,-32.2267],[-64.8026,-32.2341],[-64.7996,-32.2287],[-64.7994,-32.2162],[-64.8016,-32.2155],[-64.8029,-32.21],[-64.801,-32.2089],[-64.7918,-32.2103],[-64.7884,-32.2127],[-64.7852,-32.2114],[-64.7833,-32.2023],[-64.778,-32.2036],[-64.7782,-32.2076],[-64.7777,-32.2036],[-64.7744,-32.201],[-64.7681,-32.1999],[-64.7683,-32.197],[-64.7755,-32.1971],[-64.7783,-32.2007],[-64.7849,-32.1951],[-64.7884,-32.1949],[-64.7949,-32.19],[-64.7972,-32.1848],[-64.793,-32.1814],[-64.7917,-32.1823],[-64.791,-32.1821],[-64.7903,-32.1769],[-64.7952,-32.1787],[-64.7961,-32.1815],[-64.8035,-32.1813],[-64.8077,-32.1862],[-64.8002,-32.1878],[-64.8016,-32.1924],[-64.8071,-32.193],[-64.8193,-32.1905],[-64.8156,-32.187],[-64.819,-32.1835],[-64.8239,-32.1834],[-64.8255,-32.1813],[-64.8248,-32.1766],[-64.8195,-32.1773],[-64.8176,-32.1804],[-64.8144,-32.1803],[-64.8151,-32.1731],[-64.8088,-32.1697],[-64.7834,-32.1744],[-64.7768,-32.1716],[-64.7772,-32.1686],[-64.7814,-32.1687],[-64.7828,-32.1655],[-64.7854,-32.1606],[-64.7895,-32.1606],[-64.7932,-32.1578],[-64.7931,-32.1514],[-64.7953,-32.15],[-64.8011,-32.1492],[-64.8025,-32.144],[-64.8079,-32.1449],[-64.808,-32.1476],[-64.8414,-32.1411],[-64.8437,-32.1536],[-64.8414,-32.159],[-64.8351,-32.1632],[-64.8353,-32.1734],[-64.841,-32.1788],[-64.8347,-32.1837],[-64.8244,-32.1893],[-64.8205,-32.1982],[-64.815,-32.2017],[-64.8163,-32.2059],[-64.8122,-32.2067],[-64.8077,-32.2145]],[[-64.8196,-32.1694],[-64.8211,-32.1751],[-64.8249,-32.1758],[-64.8312,-32.1728],[-64.8313,-32.1695],[-64.828,-32.1662],[-64.8222,-32.1672],[-64.8196,-32.1694]]],[[[-65.2385,-32.1252],[-65.2383,-32.1328],[-65.2365,-32.1363],[-65.2382,-32.1315],[-65.2385,-32.1252]]],[[[-64.8175,-32.1389],[-64.8137,-32.1401],[-64.8104,-32.1357],[-64.8104,-32.1318],[-64.8185,-32.1304],[-64.8198,-32.1372],[-64.8175,-32.1389]]],[[[-64.3043,-32.1855],[-64.3008,-32.1829],[-64.296,-32.1817],[-64.2942,-32.174],[-64.2912,-32.1725],[-64.2844,-32.1729],[-64.2797,-32.1686],[-64.275,-32.1682],[-64.2645,-32.1648],[-64.2601,-32.1613],[-64.2635,-32.1586],[-64.2686,-32.148],[-64.2716,-32.146],[-64.278,-32.1462],[-64.2883,-32.1402],[-64.2924,-32.1404],[-64.2905,-32.148],[-64.297,-32.1481],[-64.3013,-32.1431],[-64.3065,-32.1442],[-64.3068,-32.1398],[-64.2998,-32.1399],[-64.3005,-32.1344],[-64.3026,-32.1323],[-64.3107,-32.133],[-64.3122,-32.1311],[-64.3174,-32.1324],[-64.3201,-32.139],[-64.325,-32.1456],[-64.3265,-32.1569],[-64.3228,-32.1554],[-64.3175,-32.1589],[-64.3199,-32.1618],[-64.3186,-32.1648],[-64.3216,-32.1693],[-64.3179,-32.1718],[-64.3174,-32.1757],[-64.319,-32.1878],[-64.3114,-32.1872],[-64.3043,-32.1855]]],[[[-64.8209,-32.1242],[-64.8183,-32.127],[-64.8117,-32.1284],[-64.8053,-32.1284],[-64.8055,-32.127],[-64.8209,-32.1242]]],[[[-64.8307,-32.1361],[-64.8267,-32.136],[-64.8279,-32.1315],[-64.8238,-32.127],[-64.8251,-32.1236],[-64.837,-32.1221],[-64.8402,-32.1314],[-64.8361,-32.1315],[-64.8357,-32.1255],[-64.8318,-32.1246],[-64.8319,-32.1289],[-64.8293,-32.1326],[-64.8307,-32.1361]]],[[[-64.5329,-32.2552],[-64.5321,-32.252],[-64.5287,-32.2511],[-64.5334,-32.2467],[-64.5285,-32.2454],[-64.5256,-32.2394],[-64.5276,-32.2339],[-64.5353,-32.2338],[-64.5361,-32.2295],[-64.5449,-32.2268],[-64.5459,-32.223],[-64.5433,-32.2167],[-64.5479,-32.2096],[-64.544,-32.2005],[-64.538,-32.1996],[-64.5409,-32.1937],[-64.5397,-32.179],[-64.543,-32.1759],[-64.5504,-32.1723],[-64.5498,-32.1644],[-64.5422,-32.1614],[-64.5405,-32.1524],[-64.5335,-32.1501],[-64.5326,-32.1454],[-64.538,-32.1383],[-64.5411,-32.1257],[-64.5389,-32.1245],[-64.543,-32.1183],[-64.5423,-32.1224],[-64.5462,-32.1246],[-64.5406,-32.1277],[-64.5453,-32.1293],[-64.543,-32.1373],[-64.5446,-32.1385],[-64.5516,-32.1364],[-64.5547,-32.1327],[-64.5693,-32.1316],[-64.5733,-32.1278],[-64.5807,-32.1287],[-64.5828,-32.1224],[-64.5855,-32.1223],[-64.5885,-32.1272],[-64.5927,-32.1301],[-64.5854,-32.1349],[-64.578,-32.1419],[-64.5798,-32.1332],[-64.574,-32.1334],[-64.5718,-32.1351],[-64.5683,-32.1422],[-64.5656,-32.1421],[-64.5648,-32.1362],[-64.5604,-32.1369],[-64.5604,-32.1415],[-64.5551,-32.1387],[-64.5474,-32.1385],[-64.5402,-32.1402],[-64.5412,-32.1432],[-64.5487,-32.1407],[-64.5533,-32.1413],[-64.5533,-32.145],[-64.5541,-32.1479],[-64.5605,-32.1502],[-64.571,-32.1497],[-64.571,-32.1455],[-64.5745,-32.1456],[-64.5714,-32.155],[-64.5795,-32.1552],[-64.5828,-32.1582],[-64.5785,-32.163],[-64.5817,-32.1663],[-64.5788,-32.1707],[-64.5853,-32.1726],[-64.5853,-32.1767],[-64.5777,-32.1798],[-64.5782,-32.1865],[-64.5763,-32.194],[-64.5684,-32.1965],[-64.5683,-32.2001],[-64.5626,-32.2001],[-64.5605,-32.2115],[-64.5624,-32.217],[-64.5579,-32.2248],[-64.5477,-32.2243],[-64.545,-32.2267],[-64.5519,-32.2313],[-64.5515,-32.2378],[-64.5469,-32.2382],[-64.5457,-32.2409],[-64.5479,-32.2524],[-64.5516,-32.2542],[-64.5488,-32.2584],[-64.5425,-32.2581],[-64.5359,-32.2602],[-64.5329,-32.2552]]],[[[-64.5479,-32.1152],[-64.5482,-32.1186],[-64.5531,-32.1198],[-64.5491,-32.1234],[-64.543,-32.1183],[-64.5479,-32.1152]]],[[[-65.2263,-32.1088],[-65.2215,-32.1052],[-65.2243,-32.1046],[-65.2375,-32.1059],[-65.2374,-32.1088],[-65.2349,-32.1107],[-65.2263,-32.1088]]],[[[-65.2181,-32.1059],[-65.2188,-32.1108],[-65.2144,-32.1143],[-65.2125,-32.1103],[-65.2062,-32.1108],[-65.2024,-32.1164],[-65.1963,-32.1136],[-65.1971,-32.1112],[-65.1942,-32.1055],[-65.1992,-32.1083],[-65.2025,-32.1044],[-65.2068,-32.1031],[-65.2118,-32.1081],[-65.2181,-32.1059]]],[[[-65.1829,-32.1128],[-65.1777,-32.1025],[-65.1811,-32.1044],[-65.1835,-32.1083],[-65.189,-32.1068],[-65.1916,-32.1113],[-65.1929,-32.1175],[-65.1829,-32.1128]]],[[[-64.4955,-32.1081],[-64.4982,-32.1063],[-64.5051,-32.106],[-64.5109,-32.1078],[-64.5109,-32.1079],[-64.5074,-32.1107],[-64.5004,-32.108],[-64.4955,-32.1081]]],[[[-64.4955,-32.1081],[-64.4881,-32.1096],[-64.486,-32.1126],[-64.481,-32.1103],[-64.4702,-32.1109],[-64.4741,-32.1057],[-64.4824,-32.1067],[-64.4864,-32.1048],[-64.492,-32.1052],[-64.4955,-32.1081]]],[[[-65.2125,-32.2017],[-65.2075,-32.2019],[-65.2065,-32.2051],[-65.1972,-32.2023],[-65.1936,-32.2089],[-65.1875,-32.2106],[-65.1857,-32.2162],[-65.187,-32.2214],[-65.1908,-32.2216],[-65.1923,-32.2172],[-65.1964,-32.214],[-65.197,-32.2055],[-65.2015,-32.2052],[-65.2006,-32.2136],[-65.2029,-32.2169],[-65.197,-32.2222],[-65.1937,-32.2316],[-65.195,-32.2365],[-65.1896,-32.2366],[-65.1877,-32.234],[-65.1879,-32.2282],[-65.1829,-32.2283],[-65.1788,-32.2319],[-65.1844,-32.239],[-65.1786,-32.2394],[-65.1745,-32.244],[-65.1781,-32.2511],[-65.1767,-32.2547],[-65.1751,-32.269],[-65.1836,-32.2702],[-65.1837,-32.2751],[-65.1749,-32.2755],[-65.1762,-32.2801],[-65.1804,-32.2826],[-65.1809,-32.2881],[-65.1833,-32.2926],[-65.1899,-32.2938],[-65.1896,-32.3],[-65.1931,-32.3025],[-65.1932,-32.3064],[-65.1886,-32.3062],[-65.1824,-32.3024],[-65.1772,-32.306],[-65.1761,-32.3096],[-65.1826,-32.3092],[-65.1892,-32.3127],[-65.1941,-32.311],[-65.198,-32.3128],[-65.2021,-32.3105],[-65.2097,-32.3102],[-65.2092,-32.323],[-65.2112,-32.3265],[-65.0486,-32.3163],[-65.0782,-32.3179],[-65.0827,-32.3119],[-65.0811,-32.2975],[-65.0739,-32.2951],[-65.074,-32.2753],[-65.0688,-32.2715],[-65.076,-32.27],[-65.08,-32.2736],[-65.0858,-32.2767],[-65.093,-32.2769],[-65.0913,-32.2857],[-65.0967,-32.2866],[-65.0984,-32.2918],[-65.0989,-32.3002],[-65.1072,-32.3098],[-65.116,-32.31],[-65.1229,-32.3089],[-65.1213,-32.3066],[-65.1082,-32.3027],[-65.1069,-32.3001],[-65.1138,-32.2983],[-65.1137,-32.2931],[-65.1088,-32.2862],[-65.1143,-32.286],[-65.1159,-32.2908],[-65.1255,-32.2897],[-65.1273,-32.2864],[-65.1364,-32.284],[-65.1363,-32.2798],[-65.1406,-32.2797],[-65.1408,-32.2758],[-65.1328,-32.2753],[-65.1302,-32.2736],[-65.1304,-32.2698],[-65.1204,-32.2696],[-65.1205,-32.2745],[-65.1114,-32.2763],[-65.101,-32.2735],[-65.1032,-32.2699],[-65.1093,-32.2688],[-65.1139,-32.2707],[-65.1166,-32.2684],[-65.11,-32.2635],[-65.1058,-32.2666],[-65.1027,-32.2637],[-65.0969,-32.2625],[-65.0902,-32.255],[-65.0826,-32.254],[-65.0806,-32.25],[-65.0859,-32.2497],[-65.0944,-32.2538],[-65.1055,-32.2536],[-65.1039,-32.2484],[-65.0958,-32.2486],[-65.095,-32.2444],[-65.0886,-32.2421],[-65.0862,-32.2448],[-65.0808,-32.2446],[-65.0741,-32.2369],[-65.0712,-32.2405],[-65.0429,-32.2433],[-65.0439,-32.2368],[-65.0423,-32.2316],[-65.0416,-32.2216],[-65.0405,-32.2205],[-65.0307,-32.2231],[-65.0358,-32.2218],[-65.0307,-32.2231],[-65.0299,-32.223],[-65.0258,-32.2227],[-65.0239,-32.223],[-65.0224,-32.2239],[-65.0187,-32.2254],[-65.0179,-32.2254],[-65.0101,-32.2262],[-65.0057,-32.2255],[-65.0061,-32.2252],[-65.0076,-32.2243],[-65.0113,-32.2218],[-65.0175,-32.2237],[-65.0195,-32.2228],[-65.0215,-32.2211],[-65.0221,-32.2187],[-65.0181,-32.2108],[-65.02,-32.2105],[-65.022,-32.2122],[-65.0209,-32.2108],[-65.022,-32.2123],[-65.0253,-32.2129],[-65.0391,-32.2051],[-65.0443,-32.2004],[-65.0446,-32.1954],[-65.042,-32.1942],[-65.0347,-32.1952],[-65.0262,-32.1985],[-65.0242,-32.1977],[-65.024,-32.1939],[-65.0351,-32.188],[-65.0353,-32.1878],[-65.035,-32.1795],[-65.0395,-32.1768],[-65.0381,-32.1715],[-65.0394,-32.1687],[-65.0429,-32.1632],[-65.043,-32.1623],[-65.0424,-32.1565],[-65.0383,-32.1564],[-65.0335,-32.1589],[-65.0324,-32.1587],[-65.0307,-32.1574],[-65.0342,-32.1504],[-65.0377,-32.1505],[-65.043,-32.1481],[-65.0439,-32.146],[-65.0409,-32.1399],[-65.041,-32.139],[-65.0418,-32.1376],[-65.0486,-32.1365],[-65.0516,-32.1349],[-65.0538,-32.1309],[-65.0531,-32.1276],[-65.0487,-32.1252],[-65.0525,-32.1228],[-65.0577,-32.1172],[-65.0463,-32.121],[-65.0449,-32.1278],[-65.0388,-32.1279],[-65.0385,-32.0993],[-65.0538,-32.0968],[-65.0591,-32.0974],[-65.0584,-32.11],[-65.0631,-32.1122],[-65.0705,-32.1139],[-65.0819,-32.1253],[-65.0763,-32.1286],[-65.0654,-32.1392],[-65.0659,-32.1428],[-65.0629,-32.1474],[-65.0623,-32.1532],[-65.0662,-32.1545],[-65.0764,-32.1527],[-65.0771,-32.1494],[-65.0706,-32.1479],[-65.0773,-32.1345],[-65.0818,-32.1347],[-65.0889,-32.1307],[-65.0916,-32.1357],[-65.078,-32.1362],[-65.0774,-32.1394],[-65.0837,-32.1401],[-65.0908,-32.1392],[-65.0959,-32.1363],[-65.1145,-32.1355],[-65.1365,-32.1352],[-65.1429,-32.1352],[-65.1681,-32.1349],[-65.1711,-32.1309],[-65.1749,-32.1318],[-65.1773,-32.135],[-65.1775,-32.1422],[-65.1813,-32.1444],[-65.1887,-32.1398],[-65.1923,-32.1413],[-65.1909,-32.1449],[-65.1868,-32.1489],[-65.1869,-32.1537],[-65.1934,-32.1543],[-65.1977,-32.1562],[-65.2053,-32.1554],[-65.2069,-32.1531],[-65.2121,-32.152],[-65.2175,-32.1542],[-65.2221,-32.1544],[-65.232,-32.1526],[-65.2335,-32.1559],[-65.2315,-32.1605],[-65.2278,-32.1629],[-65.2062,-32.1635],[-65.1734,-32.1631],[-65.1755,-32.1744],[-65.1802,-32.1773],[-65.1849,-32.1827],[-65.187,-32.1882],[-65.1905,-32.1917],[-65.1978,-32.1926],[-65.2073,-32.1921],[-65.2096,-32.1888],[-65.2144,-32.1864],[-65.2173,-32.1813],[-65.2131,-32.178],[-65.2121,-32.167],[-65.218,-32.1654],[-65.2245,-32.1674],[-65.2265,-32.1704],[-65.2247,-32.1785],[-65.2281,-32.1803],[-65.2296,-32.1875],[-65.2266,-32.1888],[-65.2271,-32.1925],[-65.232,-32.2008],[-65.2318,-32.2086],[-65.2259,-32.217],[-65.2143,-32.2111],[-65.2125,-32.2017]],[[-65.1144,-32.2574],[-65.1149,-32.2606],[-65.1211,-32.2647],[-65.1299,-32.2652],[-65.1337,-32.2615],[-65.1401,-32.2621],[-65.1407,-32.2547],[-65.13,-32.2545],[-65.1301,-32.2594],[-65.1259,-32.2575],[-65.1202,-32.2589],[-65.1185,-32.2544],[-65.1144,-32.2574]],[[-65.1259,-32.2403],[-65.1316,-32.2418],[-65.1358,-32.2414],[-65.1315,-32.2353],[-65.1269,-32.2354],[-65.1243,-32.2374],[-65.1259,-32.2403]],[[-65.0974,-32.2001],[-65.0986,-32.1935],[-65.1062,-32.185],[-65.108,-32.1801],[-65.095,-32.1781],[-65.0889,-32.1791],[-65.0828,-32.1783],[-65.083,-32.174],[-65.097,-32.1704],[-65.1021,-32.1718],[-65.1032,-32.1688],[-65.0913,-32.1697],[-65.0673,-32.1723],[-65.072,-32.1749],[-65.075,-32.1743],[-65.0772,-32.1861],[-65.0719,-32.1879],[-65.0704,-32.1908],[-65.0816,-32.1945],[-65.093,-32.1934],[-65.0974,-32.2001]],[[-65.0974,-32.2001],[-65.0967,-32.204],[-65.0927,-32.2116],[-65.0671,-32.211],[-65.0552,-32.2112],[-65.0572,-32.2157],[-65.0664,-32.2166],[-65.0674,-32.2256],[-65.0735,-32.2249],[-65.0699,-32.2204],[-65.0721,-32.217],[-65.069,-32.2146],[-65.0805,-32.2141],[-65.0851,-32.2146],[-65.089,-32.2175],[-65.0928,-32.2177],[-65.0934,-32.2259],[-65.0923,-32.2298],[-65.0973,-32.23],[-65.0981,-32.2215],[-65.1063,-32.2211],[-65.1096,-32.2301],[-65.1153,-32.2304],[-65.1144,-32.2257],[-65.1182,-32.2245],[-65.1274,-32.2253],[-65.1325,-32.2301],[-65.1482,-32.2311],[-65.1566,-32.2297],[-65.16,-32.2264],[-65.1657,-32.2259],[-65.1666,-32.2146],[-65.1636,-32.2175],[-65.1514,-32.2187],[-65.1387,-32.2189],[-65.137,-32.2245],[-65.1308,-32.2246],[-65.1307,-32.2181],[-65.117,-32.2193],[-65.1179,-32.2099],[-65.1167,-32.2064],[-65.1177,-32.2008],[-65.1081,-32.2009],[-65.0974,-32.2001]],[[-65.1564,-32.1907],[-65.1607,-32.1912],[-65.164,-32.188],[-65.1713,-32.1868],[-65.1745,-32.178],[-65.1565,-32.1777],[-65.1462,-32.1798],[-65.1421,-32.1831],[-65.1453,-32.187],[-65.1564,-32.1907]]],[[[-64.614,-32.11],[-64.6087,-32.1095],[-64.601,-32.1041],[-64.6004,-32.1014],[-64.5961,-32.0981],[-64.5983,-32.0946],[-64.6019,-32.0952],[-64.6062,-32.1023],[-64.6142,-32.1083],[-64.614,-32.11]]],[[[-64.553,-32.0869],[-64.5604,-32.0869],[-64.5568,-32.0904],[-64.5552,-32.0941],[-64.5516,-32.0949],[-64.55,-32.0987],[-64.5435,-32.1024],[-64.5445,-32.1079],[-64.5512,-32.1076],[-64.5509,-32.1026],[-64.558,-32.1023],[-64.5608,-32.0983],[-64.5579,-32.0941],[-64.5611,-32.0927],[-64.5641,-32.095],[-64.5642,-32.0986],[-64.5671,-32.1013],[-64.5666,-32.1064],[-64.563,-32.1094],[-64.5514,-32.1101],[-64.5507,-32.1134],[-64.5511,-32.1077],[-64.5345,-32.1089],[-64.5329,-32.1063],[-64.5362,-32.0965],[-64.551,-32.091],[-64.553,-32.0869]]],[[[-65.0003,-32.0857],[-64.9955,-32.0786],[-64.9959,-32.0747],[-65.0185,-32.0733],[-65.0217,-32.0781],[-65.0099,-32.0793],[-65.0065,-32.0823],[-65.0081,-32.0849],[-65.0003,-32.0857]]],[[[-64.5461,-32.0693],[-64.5414,-32.0763],[-64.54,-32.0849],[-64.5405,-32.0879],[-64.5464,-32.0868],[-64.5404,-32.088],[-64.5399,-32.085],[-64.5413,-32.0764],[-64.5461,-32.0693]]],[[[-64.5602,-32.0638],[-64.5684,-32.07],[-64.5644,-32.0717],[-64.5618,-32.0679],[-64.5577,-32.0698],[-64.5602,-32.0638]]],[[[-64.5636,-32.0554],[-64.5669,-32.0576],[-64.567,-32.0608],[-64.5618,-32.0611],[-64.5636,-32.0554]]],[[[-64.5778,-32.0474],[-64.5818,-32.0426],[-64.5847,-32.0413],[-64.587,-32.0456],[-64.5937,-32.0486],[-64.5925,-32.0532],[-64.5939,-32.0581],[-64.5867,-32.057],[-64.5812,-32.0578],[-64.5841,-32.0523],[-64.5797,-32.0502],[-64.5778,-32.0474]]],[[[-64.6057,-32.0906],[-64.6007,-32.0845],[-64.5988,-32.0798],[-64.6001,-32.0754],[-64.5898,-32.0753],[-64.5863,-32.073],[-64.5917,-32.0708],[-64.589,-32.0641],[-64.5896,-32.0602],[-64.5936,-32.0605],[-64.5968,-32.0604],[-64.6027,-32.0611],[-64.6022,-32.0566],[-64.5995,-32.0546],[-64.5994,-32.0506],[-64.6032,-32.0484],[-64.6179,-32.047],[-64.6199,-32.0476],[-64.6213,-32.0429],[-64.6257,-32.0408],[-64.6259,-32.0383],[-64.6289,-32.0378],[-64.6338,-32.0435],[-64.6361,-32.0501],[-64.6342,-32.0504],[-64.6343,-32.0569],[-64.6281,-32.0575],[-64.6237,-32.0568],[-64.6129,-32.057],[-64.6118,-32.0631],[-64.6087,-32.0662],[-64.6105,-32.0697],[-64.6106,-32.0759],[-64.6071,-32.0793],[-64.6072,-32.0842],[-64.6057,-32.0906]]],[[[-64.6951,-32.0274],[-64.696,-32.0273],[-64.6962,-32.0434],[-64.6951,-32.0274]]],[[[-64.5492,-32.0261],[-64.5506,-32.0329],[-64.5523,-32.0341],[-64.5505,-32.0343],[-64.5492,-32.0261]]],[[[-65.1789,-32.0905],[-65.1775,-32.0839],[-65.2072,-32.0841],[-65.208,-32.0818],[-65.205,-32.071],[-65.2098,-32.0695],[-65.213,-32.0779],[-65.2081,-32.0822],[-65.2234,-32.0822],[-65.2223,-32.0852],[-65.2288,-32.0847],[-65.2236,-32.0754],[-65.2236,-32.0663],[-65.2324,-32.0746],[-65.2318,-32.0824],[-65.2341,-32.085],[-65.2378,-32.0827],[-65.2448,-32.0845],[-65.2481,-32.0779],[-65.2464,-32.0717],[-65.241,-32.067],[-65.2513,-32.0671],[-65.2529,-32.0723],[-65.2575,-32.0742],[-65.2581,-32.0657],[-65.2542,-32.0641],[-65.251,-32.0567],[-65.2476,-32.0431],[-65.2465,-32.0301],[-65.2405,-32.0172],[-65.2439,-32.0152],[-65.2483,-32.0256],[-65.2509,-32.0369],[-65.2531,-32.0498],[-65.2564,-32.0602],[-65.266,-32.06],[-65.2604,-32.0354],[-65.255,-32.0342],[-65.2544,-32.0254],[-65.2586,-32.0231],[-65.2618,-32.0238],[-65.2671,-32.0281],[-65.268,-32.033],[-65.2674,-32.0392],[-65.2687,-32.046],[-65.2715,-32.0511],[-65.2831,-32.0568],[-65.2902,-32.0629],[-65.2862,-32.0644],[-65.277,-32.0716],[-65.2741,-32.0719],[-65.2666,-32.0768],[-65.2635,-32.0773],[-65.2541,-32.0888],[-65.2459,-32.0884],[-65.2433,-32.0924],[-65.232,-32.0912],[-65.2239,-32.0894],[-65.1789,-32.0905]]],[[[-65.2214,-32.0266],[-65.2393,-32.0134],[-65.2269,-32.023],[-65.2214,-32.0266]]],[[[-64.5242,-32.0241],[-64.5241,-32.0203],[-64.5292,-32.0171],[-64.5288,-32.023],[-64.5242,-32.0241]]],[[[-64.5584,-32.0101],[-64.5585,-32.0151],[-64.5712,-32.0151],[-64.5712,-32.0193],[-64.566,-32.018],[-64.5609,-32.0183],[-64.5608,-32.0214],[-64.5641,-32.0264],[-64.5585,-32.0276],[-64.5584,-32.0367],[-64.5598,-32.0375],[-64.5652,-32.0375],[-64.5685,-32.0348],[-64.5709,-32.0383],[-64.5777,-32.0384],[-64.5775,-32.0434],[-64.5703,-32.0432],[-64.5603,-32.0442],[-64.5631,-32.05],[-64.5636,-32.0554],[-64.563,-32.0501],[-64.5592,-32.0421],[-64.5575,-32.0377],[-64.5562,-32.0278],[-64.5557,-32.0057],[-64.5559,-32.0092],[-64.5634,-32.0058],[-64.5637,-32.0097],[-64.5584,-32.0101]]],[[[-65.2674,-32.008],[-65.2712,-32.0073],[-65.2869,-32.0202],[-65.301,-32.0247],[-65.2972,-32.0071],[-65.2971,-31.9938],[-65.3024,-31.9922],[-65.312,-31.9925],[-65.3122,-32.0003],[-65.3089,-32.0053],[-65.3068,-32.0121],[-65.3126,-32.0163],[-65.3113,-32.0238],[-65.3153,-32.0315],[-65.3212,-32.038],[-65.3162,-32.0401],[-65.3131,-32.0354],[-65.3004,-32.0308],[-65.287,-32.0304],[-65.2796,-32.0263],[-65.273,-32.0209],[-65.2721,-32.0137],[-65.2674,-32.008]]],[[[-64.5857,-32.0109],[-64.5786,-32.0119],[-64.5785,-32.0041],[-64.5812,-32.0036],[-64.5857,-32.0109]]],[[[-65.0071,-32.0015],[-65.0051,-31.9975],[-65.0118,-31.9967],[-65.0161,-31.9961],[-65.0206,-31.9926],[-65.0229,-31.9949],[-65.0191,-31.9972],[-65.0181,-32.0008],[-65.0237,-31.9998],[-65.027,-32.0015],[-65.0208,-32.005],[-65.0096,-32.0058],[-65.0071,-32.0015]]],[[[-64.5061,-32.0393],[-64.5072,-32.0358],[-64.5047,-32.0313],[-64.4998,-32.0304],[-64.4953,-32.0257],[-64.5021,-32.0215],[-64.5039,-32.0134],[-64.5125,-32.0102],[-64.5126,-32.007],[-64.518,-32.0027],[-64.5217,-32.005],[-64.5246,-32.0103],[-64.5244,-32.016],[-64.5184,-32.0244],[-64.5199,-32.0274],[-64.5253,-32.0331],[-64.5204,-32.0339],[-64.5149,-32.033],[-64.5159,-32.0275],[-64.5064,-32.0296],[-64.5098,-32.0332],[-64.5099,-32.0387],[-64.5061,-32.0393]]],[[[-64.6109,-31.9949],[-64.6076,-32.001],[-64.6072,-32.0081],[-64.5983,-32.0141],[-64.5985,-32.0097],[-64.6033,-32.0058],[-64.6065,-32.0054],[-64.6047,-31.9968],[-64.6076,-31.9956],[-64.6109,-31.9949]]],[[[-64.3888,-31.9968],[-64.3888,-31.9924],[-64.3867,-31.9892],[-64.3889,-31.9923],[-64.3888,-31.9968]]],[[[-64.5047,-31.9693],[-64.5036,-31.9766],[-64.5096,-31.9847],[-64.5096,-31.9873],[-64.5139,-31.9939],[-64.5155,-32.0003],[-64.508,-32.0088],[-64.4991,-32.0098],[-64.496,-32.0089],[-64.4965,-32.0048],[-64.4937,-32.0035],[-64.4906,-32.0061],[-64.4857,-32.0133],[-64.4853,-32.0064],[-64.4731,-32.0123],[-64.4733,-32.0079],[-64.4762,-31.998],[-64.4748,-31.9939],[-64.4784,-31.9924],[-64.4791,-31.9891],[-64.4845,-31.9897],[-64.4906,-31.988],[-64.4889,-31.9849],[-64.4852,-31.9833],[-64.4953,-31.9803],[-64.4977,-31.9769],[-64.4943,-31.9713],[-64.5047,-31.9693]]],[[[-64.4808,-31.9686],[-64.4688,-31.9718],[-64.4709,-31.9655],[-64.4801,-31.9654],[-64.4808,-31.9686]]],[[[-65.0176,-31.959],[-65.022,-31.9562],[-65.0281,-31.9581],[-65.0279,-31.9642],[-65.0292,-31.9672],[-65.0209,-31.9677],[-65.0145,-31.9606],[-65.0144,-31.9605],[-65.0136,-31.9583],[-65.0176,-31.959]]],[[[-64.564,-31.967],[-64.5649,-31.9618],[-64.5671,-31.959],[-64.565,-31.9617],[-64.564,-31.967]]],[[[-64.3757,-31.9497],[-64.3778,-31.9509],[-64.3784,-31.9563],[-64.3822,-31.9577],[-64.3863,-31.9535],[-64.3891,-31.9567],[-64.3866,-31.9614],[-64.3889,-31.9647],[-64.3821,-31.9578],[-64.3783,-31.9564],[-64.3777,-31.951],[-64.3757,-31.9497]]],[[[-64.3842,-31.9407],[-64.383,-31.9343],[-64.3793,-31.9316],[-64.3776,-31.9263],[-64.3794,-31.9315],[-64.3856,-31.93],[-64.3913,-31.9385],[-64.4008,-31.9375],[-64.4051,-31.941],[-64.4032,-31.9468],[-64.399,-31.9482],[-64.3962,-31.9442],[-64.3889,-31.9441],[-64.3842,-31.9407]]],[[[-65.5492,-31.9227],[-65.5458,-31.9218],[-65.5468,-31.9178],[-65.5461,-31.9094],[-65.5502,-31.9038],[-65.5606,-31.9072],[-65.5653,-31.911],[-65.5607,-31.912],[-65.5555,-31.9157],[-65.5492,-31.9227]]],[[[-65.5415,-31.9319],[-65.5434,-31.9366],[-65.5249,-31.9449],[-65.5163,-31.9438],[-65.5174,-31.9399],[-65.5237,-31.9378],[-65.5243,-31.9337],[-65.5175,-31.9334],[-65.5222,-31.9206],[-65.5263,-31.9212],[-65.535,-31.9174],[-65.5368,-31.9135],[-65.5281,-31.9042],[-65.5103,-31.9049],[-65.5152,-31.8991],[-65.5322,-31.899],[-65.5314,-31.885],[-65.5456,-31.8867],[-65.546,-31.8889],[-65.5392,-31.89],[-65.5405,-31.8978],[-65.5388,-31.9027],[-65.5428,-31.9111],[-65.5422,-31.9147],[-65.5388,-31.9167],[-65.5329,-31.9256],[-65.5357,-31.9298],[-65.5415,-31.9319]]],[[[-65.484,-31.9048],[-65.4849,-31.8986],[-65.4875,-31.8963],[-65.4896,-31.8887],[-65.4933,-31.8856],[-65.498,-31.8873],[-65.5033,-31.8859],[-65.509,-31.8864],[-65.5121,-31.8886],[-65.5128,-31.8993],[-65.507,-31.8985],[-65.4979,-31.8987],[-65.4934,-31.9026],[-65.484,-31.9048]]],[[[-64.3827,-31.9022],[-64.3885,-31.9042],[-64.389,-31.9092],[-64.3941,-31.9106],[-64.3889,-31.9093],[-64.3884,-31.9043],[-64.3827,-31.9022]]],[[[-64.3855,-31.8942],[-64.3835,-31.8906],[-64.3844,-31.8871],[-64.3836,-31.8905],[-64.3855,-31.8942]]],[[[-65.6274,-31.8983],[-65.6294,-31.8879],[-65.6414,-31.8796],[-65.6448,-31.8811],[-65.6496,-31.8776],[-65.6543,-31.8802],[-65.657,-31.8782],[-65.6525,-31.8676],[-65.6563,-31.8678],[-65.6598,-31.8716],[-65.6611,-31.8768],[-65.6586,-31.8817],[-65.6583,-31.8866],[-65.6493,-31.8891],[-65.6444,-31.8971],[-65.6274,-31.8983]]],[[[-65.5492,-31.8749],[-65.5492,-31.8788],[-65.5438,-31.8763],[-65.5436,-31.8721],[-65.5412,-31.8666],[-65.5436,-31.8638],[-65.5491,-31.8622],[-65.5492,-31.8749]]],[[[-64.7444,-31.8747],[-64.7487,-31.8755],[-64.7606,-31.8747],[-64.7595,-31.8785],[-64.7546,-31.8794],[-64.7519,-31.8779],[-64.7466,-31.8792],[-64.7444,-31.8747]]],[[[-65.7367,-31.8761],[-65.7257,-31.8765],[-65.7257,-31.8823],[-65.7225,-31.8794],[-65.7197,-31.8743],[-65.7188,-31.8688],[-65.7152,-31.8653],[-65.7173,-31.8625],[-65.71,-31.8563],[-65.7206,-31.8538],[-65.7359,-31.8544],[-65.7453,-31.8529],[-65.747,-31.8561],[-65.7407,-31.8628],[-65.7378,-31.87],[-65.7367,-31.8761]]],[[[-64.3996,-31.8637],[-64.4,-31.8567],[-64.4056,-31.8569],[-64.4106,-31.8606],[-64.4101,-31.8646],[-64.4062,-31.8647],[-64.4002,-31.8601],[-64.3996,-31.8637]]],[[[-64.3876,-31.8543],[-64.3876,-31.8562],[-64.385,-31.8549],[-64.3876,-31.8543]]],[[[-64.385,-31.8549],[-64.3849,-31.8548],[-64.3851,-31.8529],[-64.385,-31.8549]]],[[[-65.5635,-31.831],[-65.5456,-31.832],[-65.5517,-31.8313],[-65.5635,-31.831]]],[[[-64.4,-31.8567],[-64.3951,-31.8472],[-64.3913,-31.8448],[-64.3909,-31.839],[-64.3914,-31.8447],[-64.3952,-31.8471],[-64.3984,-31.8531],[-64.4042,-31.8444],[-64.4079,-31.8436],[-64.4117,-31.8457],[-64.4253,-31.8575],[-64.4271,-31.8601],[-64.4215,-31.8621],[-64.4133,-31.8558],[-64.4077,-31.8558],[-64.4067,-31.8477],[-64.4015,-31.8518],[-64.4,-31.8567]]],[[[-65.6305,-31.8193],[-65.6303,-31.8248],[-65.6359,-31.8208],[-65.6407,-31.8197],[-65.6496,-31.8215],[-65.6539,-31.8204],[-65.6641,-31.8231],[-65.6665,-31.8224],[-65.6692,-31.8266],[-65.6701,-31.8314],[-65.6695,-31.8386],[-65.6641,-31.8342],[-65.6518,-31.8302],[-65.643,-31.8301],[-65.6418,-31.8265],[-65.6342,-31.8273],[-65.6346,-31.8302],[-65.6389,-31.8321],[-65.6363,-31.8347],[-65.6353,-31.8419],[-65.6299,-31.8495],[-65.6296,-31.8544],[-65.627,-31.8554],[-65.6208,-31.8542],[-65.6244,-31.8444],[-65.6269,-31.8408],[-65.6274,-31.8317],[-65.6247,-31.8275],[-65.6267,-31.8203],[-65.6305,-31.8193]]],[[[-64.6073,-31.8319],[-64.6035,-31.8339],[-64.6026,-31.8318],[-64.6043,-31.8265],[-64.6082,-31.831],[-64.6073,-31.8319]]],[[[-64.3923,-31.8249],[-64.3953,-31.83],[-64.3992,-31.828],[-64.4037,-31.8296],[-64.4123,-31.8289],[-64.4121,-31.8319],[-64.3954,-31.8344],[-64.3951,-31.8301],[-64.3923,-31.8249]]],[[[-65.6122,-31.8044],[-65.6142,-31.8092],[-65.6148,-31.8147],[-65.6168,-31.8192],[-65.6173,-31.8244],[-65.6152,-31.8284],[-65.5989,-31.8306],[-65.6009,-31.8242],[-65.6061,-31.8175],[-65.6106,-31.8135],[-65.6082,-31.81],[-65.6122,-31.8044]]],[[[-64.6034,-31.8219],[-64.6071,-31.8203],[-64.61,-31.8245],[-64.6043,-31.8265],[-64.6034,-31.8219]]],[[[-64.5975,-31.8182],[-64.589,-31.8166],[-64.5903,-31.8133],[-64.5973,-31.8134],[-64.5975,-31.8182]]],[[[-64.5119,-31.8114],[-64.5109,-31.8158],[-64.5092,-31.8163],[-64.5054,-31.8138],[-64.5011,-31.8138],[-64.5055,-31.8137],[-64.5103,-31.8159],[-64.5119,-31.8114]]],[[[-64.6272,-31.8085],[-64.6213,-31.8146],[-64.6248,-31.8093],[-64.6272,-31.8085]]],[[[-65.5838,-31.8111],[-65.5841,-31.8218],[-65.588,-31.8247],[-65.5989,-31.8306],[-65.5834,-31.8362],[-65.5773,-31.8343],[-65.5701,-31.8358],[-65.5721,-31.8403],[-65.5699,-31.8436],[-65.5572,-31.8516],[-65.5581,-31.8565],[-65.5632,-31.8584],[-65.5517,-31.859],[-65.5572,-31.8523],[-65.5566,-31.8429],[-65.563,-31.8418],[-65.559,-31.8334],[-65.5573,-31.8337],[-65.5635,-31.831],[-65.5577,-31.8282],[-65.5549,-31.8244],[-65.5567,-31.8191],[-65.5529,-31.8192],[-65.5484,-31.8226],[-65.5433,-31.8181],[-65.5428,-31.8129],[-65.5319,-31.8174],[-65.5314,-31.8138],[-65.5376,-31.8115],[-65.5399,-31.8052],[-65.5439,-31.7986],[-65.5514,-31.7936],[-65.5667,-31.7972],[-65.567,-31.7942],[-65.5776,-31.7918],[-65.5846,-31.7971],[-65.5838,-31.8111]]],[[[-64.7222,-31.8051],[-64.7287,-31.8077],[-64.722,-31.8088],[-64.7222,-31.8051]]],[[[-64.7196,-31.8046],[-64.718,-31.8114],[-64.7156,-31.8125],[-64.7154,-31.804],[-64.7196,-31.8046]]],[[[-65.7698,-31.787],[-65.77,-31.8884],[-65.7242,-31.8916],[-65.7258,-31.8882],[-65.7419,-31.8869],[-65.7409,-31.8823],[-65.7492,-31.8811],[-65.759,-31.876],[-65.7603,-31.8653],[-65.7698,-31.8644],[-65.7698,-31.8296],[-65.7694,-31.7916],[-65.7641,-31.7914],[-65.7593,-31.7959],[-65.7578,-31.7815],[-65.7698,-31.787]]],[[[-64.5238,-31.8021],[-64.5223,-31.8056],[-64.5184,-31.8056],[-64.5238,-31.8021]]],[[[-64.6213,-31.8109],[-64.6182,-31.81],[-64.6107,-31.8106],[-64.6044,-31.8094],[-64.6093,-31.8032],[-64.6166,-31.8042],[-64.618,-31.8007],[-64.6232,-31.8015],[-64.6213,-31.8109]]],[[[-64.385,-31.8131],[-64.3841,-31.8076],[-64.3862,-31.8016],[-64.3842,-31.8075],[-64.385,-31.8131]]],[[[-64.7104,-31.8032],[-64.7077,-31.8045],[-64.7075,-31.7967],[-64.7104,-31.8032]]],[[[-64.4104,-31.8047],[-64.402,-31.8056],[-64.4079,-31.8043],[-64.4063,-31.7988],[-64.4113,-31.7995],[-64.4104,-31.8047]]],[[[-64.4031,-31.7954],[-64.4059,-31.7925],[-64.411,-31.7932],[-64.4031,-31.7954]]],[[[-64.4046,-31.7876],[-64.4025,-31.7864],[-64.4013,-31.7838],[-64.4019,-31.7804],[-64.4021,-31.7854],[-64.4046,-31.7876]]],[[[-64.7075,-31.7967],[-64.7023,-31.7964],[-64.7007,-31.8006],[-64.6964,-31.8042],[-64.6872,-31.8056],[-64.6878,-31.8025],[-64.6921,-31.8023],[-64.6939,-31.7981],[-64.6938,-31.7896],[-64.6889,-31.7898],[-64.6872,-31.7916],[-64.686,-31.7931],[-64.6865,-31.7868],[-64.6881,-31.7836],[-64.6947,-31.7809],[-64.6944,-31.7789],[-64.7027,-31.7789],[-64.717,-31.7744],[-64.7178,-31.7784],[-64.7023,-31.7834],[-64.696,-31.7903],[-64.6969,-31.7937],[-64.7064,-31.7936],[-64.7075,-31.7967]]],[[[-64.7232,-31.7718],[-64.7234,-31.7721],[-64.7235,-31.7725],[-64.7234,-31.7724],[-64.7232,-31.7718]]],[[[-65.7578,-31.7815],[-65.7542,-31.7826],[-65.7552,-31.7903],[-65.7517,-31.7913],[-65.752,-31.7946],[-65.7265,-31.7955],[-65.7201,-31.7969],[-65.7128,-31.7958],[-65.7061,-31.7992],[-65.7028,-31.8057],[-65.7097,-31.8075],[-65.7138,-31.8064],[-65.7123,-31.8156],[-65.7187,-31.8155],[-65.722,-31.8139],[-65.729,-31.8169],[-65.7215,-31.8186],[-65.7159,-31.8217],[-65.7031,-31.8161],[-65.7,-31.8129],[-65.6913,-31.8141],[-65.6875,-31.8161],[-65.6848,-31.8142],[-65.6809,-31.7974],[-65.7012,-31.7974],[-65.7114,-31.7855],[-65.7163,-31.7719],[-65.7095,-31.7609],[-65.7098,-31.7431],[-65.7472,-31.7433],[-65.7446,-31.7677],[-65.747,-31.7775],[-65.7578,-31.7815]]],[[[-64.6995,-31.7637],[-64.7013,-31.7621],[-64.7048,-31.7629],[-64.7107,-31.7585],[-64.7148,-31.7584],[-64.7155,-31.7596],[-64.7118,-31.7598],[-64.7092,-31.7634],[-64.7095,-31.7666],[-64.7177,-31.7656],[-64.7207,-31.7657],[-64.7203,-31.7697],[-64.7107,-31.7703],[-64.7069,-31.7718],[-64.7021,-31.7713],[-64.7013,-31.7762],[-64.6948,-31.7752],[-64.7003,-31.7688],[-64.7036,-31.7683],[-64.7047,-31.7643],[-64.6995,-31.7637]]],[[[-64.6585,-31.759],[-64.6554,-31.7599],[-64.6551,-31.7661],[-64.6503,-31.7637],[-64.6536,-31.7575],[-64.6589,-31.7564],[-64.6585,-31.759]]],[[[-64.6609,-31.7545],[-64.6615,-31.7556],[-64.661,-31.7559],[-64.661,-31.7555],[-64.6609,-31.7545]]],[[[-65.3797,-31.7658],[-65.3774,-31.7659],[-65.3749,-31.7581],[-65.3764,-31.7522],[-65.3749,-31.7493],[-65.377,-31.7463],[-65.3782,-31.7404],[-65.3891,-31.7418],[-65.3873,-31.7457],[-65.3864,-31.7552],[-65.3785,-31.7612],[-65.3797,-31.7658]]],[[[-64.6814,-31.736],[-64.6895,-31.738],[-64.6896,-31.7434],[-64.684,-31.7432],[-64.6841,-31.7373],[-64.6814,-31.736]]],[[[-65.5412,-31.7242],[-65.5529,-31.7285],[-65.5644,-31.7256],[-65.5822,-31.7198],[-65.5906,-31.7199],[-65.5983,-31.724],[-65.6043,-31.7257],[-65.596,-31.7299],[-65.5958,-31.7352],[-65.5941,-31.7375],[-65.5967,-31.7374],[-65.6055,-31.744],[-65.6111,-31.7415],[-65.6116,-31.757],[-65.6181,-31.7632],[-65.6242,-31.7616],[-65.6363,-31.7745],[-65.6387,-31.7825],[-65.6441,-31.7896],[-65.6464,-31.7968],[-65.6529,-31.802],[-65.6582,-31.7953],[-65.6765,-31.797],[-65.6726,-31.8002],[-65.6724,-31.8064],[-65.6727,-31.8155],[-65.6643,-31.816],[-65.6582,-31.8138],[-65.6505,-31.8133],[-65.6507,-31.8065],[-65.6436,-31.8102],[-65.6409,-31.808],[-65.6305,-31.8193],[-65.6299,-31.8118],[-65.6282,-31.805],[-65.63,-31.802],[-65.629,-31.7943],[-65.6316,-31.7906],[-65.6305,-31.7793],[-65.6267,-31.7781],[-65.6234,-31.7824],[-65.6231,-31.7872],[-65.621,-31.7912],[-65.6246,-31.7973],[-65.6122,-31.8044],[-65.6135,-31.7835],[-65.607,-31.7833],[-65.6038,-31.7763],[-65.5921,-31.7661],[-65.5884,-31.771],[-65.594,-31.7781],[-65.5934,-31.7846],[-65.5958,-31.7897],[-65.5871,-31.7909],[-65.579,-31.7865],[-65.5756,-31.7729],[-65.5639,-31.7777],[-65.5581,-31.7736],[-65.5541,-31.7678],[-65.5486,-31.7627],[-65.5451,-31.7576],[-65.5368,-31.7617],[-65.5362,-31.7682],[-65.5307,-31.7738],[-65.507,-31.7701],[-65.5019,-31.7637],[-65.5028,-31.7572],[-65.512,-31.7594],[-65.5302,-31.7553],[-65.5254,-31.7486],[-65.5208,-31.7464],[-65.5164,-31.7409],[-65.5205,-31.7333],[-65.5412,-31.7242]]],[[[-64.4242,-31.7502],[-64.4218,-31.7448],[-64.4182,-31.7411],[-64.4163,-31.7357],[-64.4183,-31.741],[-64.4215,-31.7435],[-64.4242,-31.7502]]],[[[-65.6106,-31.7352],[-65.6076,-31.7347],[-65.6052,-31.7312],[-65.6077,-31.7279],[-65.6081,-31.7211],[-65.6048,-31.7172],[-65.6122,-31.7163],[-65.6116,-31.7217],[-65.6145,-31.7304],[-65.6106,-31.7352]]],[[[-65.6318,-31.7179],[-65.6342,-31.7262],[-65.6363,-31.7263],[-65.6367,-31.7201],[-65.6427,-31.7168],[-65.6444,-31.7205],[-65.6415,-31.7285],[-65.6414,-31.7316],[-65.6453,-31.7326],[-65.6428,-31.7364],[-65.6456,-31.744],[-65.632,-31.7442],[-65.6294,-31.7387],[-65.6293,-31.734],[-65.6263,-31.73],[-65.6216,-31.7308],[-65.6209,-31.726],[-65.6154,-31.7171],[-65.6204,-31.713],[-65.6238,-31.7145],[-65.6262,-31.7182],[-65.6231,-31.7201],[-65.6233,-31.7285],[-65.6308,-31.7239],[-65.6304,-31.718],[-65.6318,-31.7179]]],[[[-65.6264,-31.7142],[-65.6222,-31.711],[-65.6271,-31.708],[-65.6264,-31.7142]]],[[[-65.6331,-31.7077],[-65.6288,-31.7055],[-65.6309,-31.7029],[-65.6392,-31.7035],[-65.6331,-31.7077]]],[[[-64.4389,-31.7234],[-64.4312,-31.7222],[-64.433,-31.7186],[-64.4313,-31.7221],[-64.4389,-31.7234]]],[[[-65.5412,-31.7242],[-65.5221,-31.7174],[-65.5278,-31.708],[-65.5308,-31.6875],[-65.5396,-31.7027],[-65.5429,-31.7098],[-65.5412,-31.7242]]],[[[-64.4483,-31.7015],[-64.4445,-31.7061],[-64.4429,-31.7104],[-64.4444,-31.7062],[-64.4483,-31.7015]]],[[[-64.4507,-31.6995],[-64.4513,-31.6962],[-64.4484,-31.6963],[-64.4446,-31.6955],[-64.443,-31.6932],[-64.4459,-31.6956],[-64.4485,-31.6962],[-64.4521,-31.6951],[-64.4507,-31.6995]]],[[[-64.443,-31.6932],[-64.4404,-31.6882],[-64.4467,-31.6828],[-64.4427,-31.6795],[-64.4383,-31.673],[-64.4415,-31.6671],[-64.4454,-31.6643],[-64.4442,-31.6712],[-64.4485,-31.6754],[-64.4484,-31.6809],[-64.4525,-31.6833],[-64.4558,-31.6928],[-64.4511,-31.6945],[-64.4466,-31.6911],[-64.443,-31.6932]]],[[[-64.9944,-31.8494],[-64.9928,-31.8486],[-64.9845,-31.8501],[-64.9795,-31.8478],[-64.9701,-31.8485],[-64.9675,-31.8556],[-64.962,-31.8585],[-64.9632,-31.8618],[-64.9688,-31.8659],[-64.964,-31.8731],[-64.9546,-31.8742],[-64.9551,-31.8694],[-64.9533,-31.8643],[-64.9553,-31.8553],[-64.9635,-31.8481],[-64.9693,-31.8376],[-64.9676,-31.8329],[-64.9636,-31.8273],[-64.957,-31.8307],[-64.9509,-31.8294],[-64.9536,-31.8251],[-64.9629,-31.8231],[-64.9689,-31.8183],[-64.9749,-31.8168],[-64.9827,-31.8195],[-64.9938,-31.8193],[-64.9915,-31.8161],[-64.9816,-31.8157],[-64.9788,-31.8139],[-64.9792,-31.8106],[-64.9857,-31.8044],[-64.9827,-31.7971],[-64.9784,-31.7935],[-64.9752,-31.7992],[-64.9668,-31.8021],[-64.963,-31.8002],[-64.9588,-31.801],[-64.9581,-31.7914],[-64.9566,-31.7878],[-64.9533,-31.7863],[-64.9477,-31.7864],[-64.9473,-31.7936],[-64.9521,-31.7959],[-64.9527,-31.8003],[-64.9429,-31.8049],[-64.9448,-31.8089],[-64.9435,-31.8117],[-64.9392,-31.8098],[-64.9302,-31.8079],[-64.9264,-31.8056],[-64.9268,-31.7995],[-64.9305,-31.7959],[-64.9337,-31.7958],[-64.9317,-31.789],[-64.9255,-31.7847],[-64.9245,-31.7823],[-64.9133,-31.7849],[-64.9025,-31.7858],[-64.8963,-31.7921],[-64.8954,-31.7886],[-64.892,-31.784],[-64.8906,-31.7792],[-64.8913,-31.7706],[-64.8988,-31.7705],[-64.904,-31.7754],[-64.9049,-31.7804],[-64.9099,-31.7789],[-64.9156,-31.7724],[-64.9163,-31.7652],[-64.9112,-31.761],[-64.9223,-31.7578],[-64.9337,-31.7484],[-64.9357,-31.7397],[-64.943,-31.7378],[-64.9647,-31.7304],[-64.9678,-31.714],[-64.9622,-31.7042],[-64.9639,-31.6957],[-64.958,-31.6878],[-64.9604,-31.6768],[-64.9537,-31.6632],[-64.9581,-31.6439],[-64.968,-31.6477],[-64.9754,-31.6624],[-64.9763,-31.6733],[-64.981,-31.6847],[-64.978,-31.6957],[-64.9884,-31.701],[-64.9961,-31.7031],[-65.0022,-31.7183],[-65.012,-31.7297],[-65.0179,-31.7334],[-65.0219,-31.7443],[-65.0319,-31.7589],[-65.0351,-31.7616],[-65.0314,-31.7649],[-65.025,-31.7672],[-65.0238,-31.7711],[-65.024,-31.7793],[-65.0267,-31.788],[-65.0401,-31.7839],[-65.059,-31.7853],[-65.0505,-31.801],[-65.044,-31.8201],[-65.0416,-31.8355],[-65.0359,-31.8475],[-65.0314,-31.8511],[-65.0238,-31.8512],[-65.0221,-31.8541],[-65.0228,-31.8599],[-65.0183,-31.8613],[-65.008,-31.8615],[-65.004,-31.8558],[-64.9944,-31.8494]]],[[[-64.4575,-31.6502],[-64.4633,-31.6544],[-64.4604,-31.661],[-64.4526,-31.6625],[-64.4516,-31.6607],[-64.4589,-31.6542],[-64.4575,-31.6502]]],[[[-64.4575,-31.6502],[-64.4544,-31.6425],[-64.4481,-31.6389],[-64.4396,-31.6441],[-64.4375,-31.6423],[-64.4364,-31.6381],[-64.4375,-31.6373],[-64.4372,-31.6411],[-64.4418,-31.6423],[-64.4482,-31.6388],[-64.4513,-31.6379],[-64.4572,-31.6424],[-64.4552,-31.6444],[-64.4575,-31.6502]]],[[[-64.4586,-31.5903],[-64.4579,-31.5924],[-64.46,-31.6011],[-64.4568,-31.6105],[-64.4567,-31.606],[-64.4599,-31.6012],[-64.4578,-31.5925],[-64.4586,-31.5903]]],[[[-64.4586,-31.5903],[-64.46,-31.5845],[-64.4607,-31.5824],[-64.458,-31.5813],[-64.453,-31.5831],[-64.4402,-31.5786],[-64.4377,-31.5756],[-64.4517,-31.574],[-64.4558,-31.5695],[-64.4551,-31.5651],[-64.4584,-31.5613],[-64.4638,-31.5624],[-64.4689,-31.5598],[-64.4687,-31.5632],[-64.4658,-31.5682],[-64.4728,-31.5678],[-64.4745,-31.5702],[-64.4722,-31.5796],[-64.4686,-31.5817],[-64.4658,-31.5804],[-64.4624,-31.5818],[-64.4601,-31.5844],[-64.4586,-31.5903]]],[[[-64.4688,-31.5542],[-64.4675,-31.5446],[-64.4696,-31.5511],[-64.4688,-31.5542]]],[[[-64.4659,-31.5418],[-64.4584,-31.5398],[-64.4578,-31.5382],[-64.461,-31.5375],[-64.4624,-31.5367],[-64.4675,-31.535],[-64.4687,-31.5327],[-64.4631,-31.5297],[-64.4688,-31.5326],[-64.4676,-31.5349],[-64.4658,-31.5379],[-64.4659,-31.5418]]],[[[-64.4664,-31.5207],[-64.468,-31.5239],[-64.4651,-31.5254],[-64.4664,-31.5207]]],[[[-65.7392,-31.4987],[-65.7389,-31.4997],[-65.7414,-31.503],[-65.7425,-31.5078],[-65.7389,-31.5148],[-65.7316,-31.5189],[-65.7315,-31.5071],[-65.7392,-31.4987]]],[[[-65.6578,-31.7098],[-65.6583,-31.7094],[-65.6601,-31.7079],[-65.6667,-31.708],[-65.6698,-31.7095],[-65.6711,-31.7077],[-65.6681,-31.7044],[-65.6677,-31.7035],[-65.6626,-31.7044],[-65.6624,-31.7045],[-65.6611,-31.7049],[-65.661,-31.7048],[-65.6528,-31.6971],[-65.6489,-31.6959],[-65.6372,-31.696],[-65.6419,-31.6875],[-65.6358,-31.6839],[-65.6337,-31.679],[-65.6296,-31.6827],[-65.6302,-31.6693],[-65.6211,-31.6604],[-65.621,-31.6407],[-65.6029,-31.6318],[-65.5901,-31.622],[-65.5972,-31.6176],[-65.5985,-31.6146],[-65.5976,-31.6088],[-65.6039,-31.6033],[-65.6136,-31.5975],[-65.612,-31.5941],[-65.6065,-31.5928],[-65.6039,-31.5885],[-65.6085,-31.5864],[-65.6074,-31.5822],[-65.599,-31.5793],[-65.5974,-31.5765],[-65.6014,-31.5727],[-65.604,-31.5665],[-65.601,-31.5633],[-65.6011,-31.5605],[-65.6088,-31.5599],[-65.6065,-31.5517],[-65.6205,-31.5593],[-65.6253,-31.5638],[-65.6204,-31.5712],[-65.6153,-31.575],[-65.6223,-31.5803],[-65.6213,-31.5804],[-65.6217,-31.5825],[-65.6223,-31.5825],[-65.6214,-31.5885],[-65.6264,-31.5939],[-65.629,-31.6047],[-65.633,-31.6045],[-65.6368,-31.6007],[-65.6406,-31.6038],[-65.6504,-31.5981],[-65.651,-31.5951],[-65.6483,-31.5884],[-65.6444,-31.5884],[-65.6449,-31.5834],[-65.6485,-31.5804],[-65.6448,-31.5772],[-65.6485,-31.5674],[-65.6485,-31.5617],[-65.6509,-31.558],[-65.6456,-31.5534],[-65.6515,-31.55],[-65.6551,-31.554],[-65.6611,-31.5519],[-65.6609,-31.5482],[-65.6669,-31.5457],[-65.6734,-31.5394],[-65.6805,-31.5406],[-65.6832,-31.5373],[-65.6826,-31.5316],[-65.6858,-31.5297],[-65.687,-31.5258],[-65.6927,-31.5204],[-65.6862,-31.5178],[-65.684,-31.5104],[-65.6802,-31.5089],[-65.679,-31.5044],[-65.6929,-31.5079],[-65.7044,-31.5066],[-65.7056,-31.5043],[-65.7139,-31.5083],[-65.713,-31.5147],[-65.7205,-31.519],[-65.7317,-31.519],[-65.7397,-31.521],[-65.7483,-31.5125],[-65.7487,-31.5085],[-65.7529,-31.5089],[-65.7633,-31.5078],[-65.7634,-31.5071],[-65.7603,-31.5054],[-65.7595,-31.5025],[-65.7574,-31.5],[-65.764,-31.4997],[-65.7642,-31.4966],[-65.7611,-31.4928],[-65.7621,-31.4895],[-65.7699,-31.4891],[-65.7701,-31.7381],[-65.77,-31.7242],[-65.7619,-31.7304],[-65.7588,-31.7287],[-65.7621,-31.7257],[-65.758,-31.7214],[-65.761,-31.7169],[-65.7583,-31.7118],[-65.7674,-31.7142],[-65.7694,-31.7141],[-65.7685,-31.7108],[-65.7567,-31.71],[-65.7532,-31.7062],[-65.7447,-31.7054],[-65.739,-31.7079],[-65.7344,-31.7062],[-65.7305,-31.699],[-65.7178,-31.7083],[-65.7149,-31.7113],[-65.7067,-31.7153],[-65.7058,-31.7217],[-65.6999,-31.7233],[-65.6952,-31.7223],[-65.6929,-31.7173],[-65.6927,-31.71],[-65.6869,-31.7069],[-65.6785,-31.7049],[-65.6757,-31.7108],[-65.675,-31.7168],[-65.678,-31.7186],[-65.6817,-31.7235],[-65.6784,-31.725],[-65.6776,-31.7282],[-65.6735,-31.7304],[-65.6736,-31.7327],[-65.6691,-31.7387],[-65.6677,-31.7437],[-65.6987,-31.7431],[-65.6675,-31.7438],[-65.6687,-31.7365],[-65.6653,-31.7325],[-65.6649,-31.7277],[-65.6583,-31.7161],[-65.6504,-31.7161],[-65.6556,-31.7104],[-65.656,-31.7103],[-65.6578,-31.7098]],[[-65.6759,-31.6464],[-65.6764,-31.6524],[-65.6817,-31.6523],[-65.6813,-31.6571],[-65.6757,-31.6587],[-65.6699,-31.6663],[-65.6655,-31.667],[-65.6706,-31.6721],[-65.6676,-31.6763],[-65.6561,-31.6776],[-65.6607,-31.6834],[-65.6657,-31.6866],[-65.6643,-31.6914],[-65.6661,-31.698],[-65.6737,-31.6988],[-65.6723,-31.695],[-65.6761,-31.6918],[-65.6785,-31.696],[-65.6852,-31.6994],[-65.687,-31.7018],[-65.6955,-31.6974],[-65.701,-31.6979],[-65.7042,-31.6927],[-65.6979,-31.6889],[-65.7029,-31.6838],[-65.6995,-31.6818],[-65.6968,-31.6749],[-65.6991,-31.6697],[-65.7037,-31.6693],[-65.7059,-31.6658],[-65.7023,-31.6636],[-65.7054,-31.6593],[-65.703,-31.6577],[-65.7011,-31.6523],[-65.7064,-31.6518],[-65.7072,-31.6483],[-65.7041,-31.6464],[-65.6941,-31.6463],[-65.681,-31.6472],[-65.6759,-31.6464]],[[-65.7563,-31.6527],[-65.7584,-31.6569],[-65.7654,-31.6529],[-65.7662,-31.6574],[-65.7634,-31.6592],[-65.7604,-31.6656],[-65.7542,-31.6658],[-65.7533,-31.669],[-65.7567,-31.6747],[-65.7608,-31.675],[-65.7697,-31.6721],[-65.7698,-31.6404],[-65.757,-31.6458],[-65.7563,-31.6527]],[[-65.7414,-31.5999],[-65.7388,-31.6036],[-65.7391,-31.6108],[-65.742,-31.614],[-65.7422,-31.6179],[-65.7351,-31.6194],[-65.7391,-31.6234],[-65.7449,-31.6246],[-65.7484,-31.6298],[-65.748,-31.6329],[-65.7524,-31.636],[-65.7486,-31.6386],[-65.7495,-31.6461],[-65.7531,-31.6417],[-65.7577,-31.6396],[-65.7596,-31.6325],[-65.7573,-31.627],[-65.7537,-31.6303],[-65.7491,-31.6275],[-65.7519,-31.6252],[-65.7538,-31.6204],[-65.7509,-31.6163],[-65.75,-31.6092],[-65.7526,-31.6068],[-65.7483,-31.5974],[-65.7409,-31.5976],[-65.7414,-31.5999]],[[-65.721,-31.6589],[-65.7178,-31.6607],[-65.7202,-31.6644],[-65.7201,-31.6696],[-65.7224,-31.6707],[-65.7205,-31.6786],[-65.7212,-31.6865],[-65.718,-31.6887],[-65.719,-31.6922],[-65.7269,-31.6911],[-65.7294,-31.6888],[-65.7324,-31.6785],[-65.7363,-31.6778],[-65.7415,-31.6807],[-65.7436,-31.6786],[-65.7354,-31.6758],[-65.7391,-31.674],[-65.7454,-31.674],[-65.7487,-31.6696],[-65.7436,-31.6677],[-65.748,-31.6589],[-65.7447,-31.6571],[-65.7334,-31.6596],[-65.7259,-31.6556],[-65.7217,-31.6562],[-65.721,-31.6589]],[[-65.7308,-31.6253],[-65.724,-31.6266],[-65.7248,-31.6313],[-65.7207,-31.6326],[-65.7214,-31.6368],[-65.7311,-31.6365],[-65.7335,-31.6392],[-65.7327,-31.6434],[-65.7294,-31.6482],[-65.7216,-31.6491],[-65.7224,-31.6527],[-65.7323,-31.6531],[-65.7309,-31.6491],[-65.7387,-31.6437],[-65.7397,-31.6392],[-65.7431,-31.6384],[-65.7415,-31.6331],[-65.7343,-31.6314],[-65.7346,-31.6286],[-65.7416,-31.6283],[-65.7335,-31.6228],[-65.7308,-31.6253]]],[[[-64.4644,-31.5186],[-64.4615,-31.5169],[-64.4534,-31.5165],[-64.4509,-31.5157],[-64.45,-31.5127],[-64.4501,-31.5093],[-64.4501,-31.5126],[-64.4519,-31.5156],[-64.4535,-31.5165],[-64.4616,-31.5168],[-64.4644,-31.5186]]],[[[-64.6808,-31.506],[-64.6833,-31.509],[-64.6805,-31.5067],[-64.6808,-31.506]]],[[[-64.4501,-31.5093],[-64.4493,-31.5032],[-64.4517,-31.5075],[-64.4501,-31.5093]]],[[[-65.677,-31.4969],[-65.6751,-31.4948],[-65.6703,-31.4949],[-65.6677,-31.4887],[-65.6653,-31.4879],[-65.6712,-31.4823],[-65.6744,-31.4807],[-65.677,-31.4969]]],[[[-65.7448,-31.4854],[-65.7445,-31.4854],[-65.7436,-31.4859],[-65.7434,-31.488],[-65.7429,-31.4885],[-65.7411,-31.4876],[-65.738,-31.4877],[-65.7367,-31.4763],[-65.7415,-31.4798],[-65.7457,-31.4771],[-65.7505,-31.477],[-65.7511,-31.4799],[-65.7419,-31.4806],[-65.7448,-31.4854]]],[[[-64.4525,-31.4838],[-64.4538,-31.4867],[-64.4569,-31.4867],[-64.4528,-31.4905],[-64.4597,-31.4909],[-64.4598,-31.4945],[-64.4539,-31.4957],[-64.4516,-31.4919],[-64.4533,-31.4891],[-64.4525,-31.4838]]],[[[-65.6642,-31.454],[-65.681,-31.461],[-65.6749,-31.4678],[-65.6721,-31.4742],[-65.6688,-31.4745],[-65.6628,-31.4706],[-65.6662,-31.4597],[-65.6642,-31.454]]],[[[-65.7356,-31.4718],[-65.7361,-31.4678],[-65.7355,-31.4359],[-65.7425,-31.436],[-65.7442,-31.4321],[-65.7501,-31.4318],[-65.7502,-31.4376],[-65.7399,-31.4374],[-65.7399,-31.4405],[-65.7423,-31.4411],[-65.7409,-31.4465],[-65.7388,-31.4479],[-65.74,-31.4511],[-65.7428,-31.4492],[-65.7446,-31.4499],[-65.7415,-31.453],[-65.7466,-31.4525],[-65.7478,-31.4516],[-65.7509,-31.4548],[-65.7548,-31.4545],[-65.7564,-31.4499],[-65.7541,-31.4421],[-65.7644,-31.4369],[-65.77,-31.436],[-65.77,-31.4421],[-65.7627,-31.4422],[-65.7621,-31.4456],[-65.7595,-31.4458],[-65.7584,-31.448],[-65.7618,-31.4522],[-65.76,-31.456],[-65.754,-31.4557],[-65.7521,-31.4588],[-65.7444,-31.4602],[-65.7442,-31.465],[-65.7395,-31.4674],[-65.7401,-31.4692],[-65.7417,-31.4705],[-65.7408,-31.4714],[-65.7356,-31.4718]]],[[[-64.3673,-31.457],[-64.3639,-31.4587],[-64.3547,-31.4582],[-64.3545,-31.4564],[-64.3653,-31.4506],[-64.3702,-31.4513],[-64.3723,-31.4537],[-64.3673,-31.457]]],[[[-64.7003,-31.4643],[-64.6936,-31.4647],[-64.6885,-31.4588],[-64.6887,-31.4521],[-64.696,-31.4439],[-64.7003,-31.4423],[-64.696,-31.4554],[-64.7003,-31.4643]]],[[[-64.6803,-31.4346],[-64.6849,-31.4346],[-64.6893,-31.4367],[-64.6885,-31.4421],[-64.6856,-31.443],[-64.6842,-31.4507],[-64.6817,-31.4511],[-64.6789,-31.4417],[-64.6803,-31.4346]]],[[[-65.7347,-31.4157],[-65.7385,-31.4156],[-65.7383,-31.4258],[-65.7346,-31.4282],[-65.7347,-31.4157]]],[[[-64.3794,-31.4336],[-64.3724,-31.4351],[-64.3721,-31.4298],[-64.3725,-31.435],[-64.3794,-31.4336]]],[[[-64.3577,-31.4138],[-64.3579,-31.4136],[-64.3603,-31.4164],[-64.3644,-31.4276],[-64.369,-31.4274],[-64.3642,-31.4277],[-64.3602,-31.4165],[-64.3577,-31.4138]]],[[[-64.3208,-31.3991],[-64.3172,-31.3961],[-64.3178,-31.3918],[-64.3203,-31.3902],[-64.3173,-31.396],[-64.3208,-31.3991]]],[[[-65.6605,-31.4059],[-65.6541,-31.4113],[-65.6537,-31.4116],[-65.6495,-31.4152],[-65.648,-31.4165],[-65.6446,-31.4193],[-65.6406,-31.4248],[-65.6415,-31.4267],[-65.6391,-31.4324],[-65.637,-31.4361],[-65.6332,-31.4379],[-65.6374,-31.4445],[-65.6391,-31.4438],[-65.6391,-31.4476],[-65.6307,-31.4535],[-65.6338,-31.4562],[-65.634,-31.4609],[-65.6391,-31.4596],[-65.6392,-31.4624],[-65.6374,-31.4707],[-65.6413,-31.4742],[-65.6471,-31.4753],[-65.6541,-31.4795],[-65.6547,-31.4835],[-65.6576,-31.4841],[-65.6617,-31.4905],[-65.6661,-31.4938],[-65.6659,-31.4965],[-65.6621,-31.4978],[-65.6636,-31.5015],[-65.6605,-31.5031],[-65.6619,-31.5094],[-65.6556,-31.5098],[-65.6574,-31.5058],[-65.656,-31.5027],[-65.6516,-31.5001],[-65.6501,-31.4962],[-65.6451,-31.4988],[-65.6476,-31.5021],[-65.6477,-31.5059],[-65.6433,-31.5063],[-65.6379,-31.5008],[-65.6372,-31.4967],[-65.6311,-31.4981],[-65.6288,-31.4939],[-65.6342,-31.4916],[-65.6318,-31.4875],[-65.6261,-31.4908],[-65.6209,-31.4902],[-65.6233,-31.4846],[-65.6292,-31.4859],[-65.6307,-31.4842],[-65.6371,-31.484],[-65.6418,-31.4819],[-65.6421,-31.478],[-65.6375,-31.4782],[-65.6241,-31.4749],[-65.6245,-31.4708],[-65.6324,-31.4679],[-65.6311,-31.4604],[-65.6242,-31.4635],[-65.6243,-31.4592],[-65.6294,-31.4597],[-65.6278,-31.4537],[-65.619,-31.453],[-65.6208,-31.4499],[-65.6164,-31.4442],[-65.6213,-31.4423],[-65.6212,-31.4396],[-65.6142,-31.4375],[-65.6117,-31.4404],[-65.6121,-31.4474],[-65.6148,-31.4504],[-65.6111,-31.4534],[-65.6131,-31.4576],[-65.6138,-31.4642],[-65.6118,-31.4687],[-65.6054,-31.4738],[-65.6054,-31.4791],[-65.6078,-31.4803],[-65.6141,-31.4748],[-65.617,-31.4764],[-65.6205,-31.4811],[-65.6209,-31.486],[-65.6191,-31.492],[-65.6142,-31.4955],[-65.6121,-31.495],[-65.6082,-31.4866],[-65.6022,-31.4861],[-65.5931,-31.4912],[-65.592,-31.4982],[-65.5803,-31.5126],[-65.5799,-31.5173],[-65.5756,-31.518],[-65.577,-31.5216],[-65.5823,-31.5186],[-65.588,-31.524],[-65.5904,-31.5201],[-65.5908,-31.5149],[-65.5968,-31.5191],[-65.5966,-31.5229],[-65.5913,-31.5253],[-65.5925,-31.5293],[-65.5846,-31.5324],[-65.5847,-31.5348],[-65.5892,-31.5414],[-65.5884,-31.5457],[-65.5788,-31.5488],[-65.5735,-31.5515],[-65.5747,-31.5434],[-65.5783,-31.543],[-65.5788,-31.5367],[-65.5744,-31.5386],[-65.5704,-31.5433],[-65.559,-31.5418],[-65.5514,-31.5444],[-65.5503,-31.5426],[-65.5406,-31.5434],[-65.5383,-31.5476],[-65.5376,-31.5416],[-65.5329,-31.5422],[-65.5299,-31.5463],[-65.5309,-31.556],[-65.5284,-31.5575],[-65.5262,-31.5636],[-65.5277,-31.5692],[-65.5238,-31.5725],[-65.522,-31.5798],[-65.5243,-31.5855],[-65.5288,-31.5869],[-65.5277,-31.5799],[-65.5339,-31.5799],[-65.537,-31.5828],[-65.5422,-31.5797],[-65.5375,-31.5609],[-65.5386,-31.5572],[-65.5376,-31.5498],[-65.5411,-31.5513],[-65.5398,-31.5557],[-65.5499,-31.5566],[-65.554,-31.5517],[-65.5566,-31.5565],[-65.5624,-31.5615],[-65.5578,-31.5667],[-65.5551,-31.5652],[-65.5549,-31.5605],[-65.5479,-31.5573],[-65.542,-31.5607],[-65.5408,-31.5632],[-65.544,-31.5685],[-65.5504,-31.5693],[-65.5492,-31.5723],[-65.5529,-31.5744],[-65.5597,-31.5753],[-65.5677,-31.5742],[-65.5707,-31.5769],[-65.5617,-31.5871],[-65.5636,-31.5915],[-65.5663,-31.5925],[-65.5667,-31.5992],[-65.5608,-31.5987],[-65.5584,-31.6009],[-65.5621,-31.6046],[-65.5657,-31.6043],[-65.5713,-31.601],[-65.5726,-31.5957],[-65.5715,-31.5921],[-65.5773,-31.5857],[-65.5803,-31.5874],[-65.5777,-31.592],[-65.5827,-31.5929],[-65.5772,-31.5975],[-65.5762,-31.6005],[-65.5842,-31.6065],[-65.5817,-31.6115],[-65.5852,-31.6168],[-65.578,-31.6174],[-65.5809,-31.621],[-65.5513,-31.6296],[-65.5306,-31.6444],[-65.5135,-31.633],[-65.4952,-31.619],[-65.4938,-31.6055],[-65.4914,-31.5963],[-65.4967,-31.5963],[-65.4977,-31.5847],[-65.5116,-31.5842],[-65.5111,-31.5785],[-65.5196,-31.5784],[-65.5194,-31.5621],[-65.5112,-31.5634],[-65.5112,-31.5607],[-65.5052,-31.5614],[-65.5017,-31.5589],[-65.497,-31.5597],[-65.4969,-31.5712],[-65.4951,-31.5711],[-65.494,-31.5789],[-65.4879,-31.5794],[-65.4876,-31.5669],[-65.4852,-31.5562],[-65.4847,-31.5391],[-65.4687,-31.5286],[-65.4501,-31.5407],[-65.3947,-31.5596],[-65.3994,-31.5492],[-65.4177,-31.5391],[-65.438,-31.5257],[-65.4448,-31.5056],[-65.4394,-31.4736],[-65.4582,-31.4285],[-65.4679,-31.4313],[-65.4764,-31.4311],[-65.4777,-31.434],[-65.4846,-31.4269],[-65.4974,-31.4237],[-65.5089,-31.4235],[-65.5101,-31.4211],[-65.5247,-31.4231],[-65.5348,-31.4094],[-65.5221,-31.4052],[-65.5298,-31.3799],[-65.5037,-31.3858],[-65.4934,-31.3896],[-65.4716,-31.3961],[-65.5263,-31.2638],[-65.616,-31.2636],[-65.6161,-31.2694],[-65.6197,-31.2723],[-65.6164,-31.2744],[-65.6204,-31.2771],[-65.6208,-31.2847],[-65.6242,-31.2875],[-65.629,-31.2948],[-65.6316,-31.2967],[-65.6318,-31.3006],[-65.6319,-31.3006],[-65.6378,-31.3007],[-65.6385,-31.3087],[-65.6425,-31.3095],[-65.641,-31.3123],[-65.6417,-31.3139],[-65.6476,-31.3161],[-65.6413,-31.3161],[-65.6415,-31.3199],[-65.6449,-31.3202],[-65.6487,-31.3248],[-65.65,-31.33],[-65.6413,-31.3301],[-65.6408,-31.3337],[-65.6496,-31.3336],[-65.6538,-31.3304],[-65.6566,-31.3264],[-65.6594,-31.3302],[-65.6643,-31.332],[-65.6669,-31.3318],[-65.6682,-31.3322],[-65.668,-31.3328],[-65.6686,-31.3335],[-65.6696,-31.3376],[-65.6756,-31.3395],[-65.6651,-31.344],[-65.6633,-31.3368],[-65.6576,-31.3373],[-65.6604,-31.3502],[-65.6675,-31.3488],[-65.6678,-31.3521],[-65.6571,-31.355],[-65.6568,-31.3518],[-65.6466,-31.3519],[-65.6477,-31.3577],[-65.6512,-31.3612],[-65.6521,-31.3643],[-65.6586,-31.3641],[-65.6588,-31.3758],[-65.6538,-31.3738],[-65.6505,-31.3704],[-65.6469,-31.371],[-65.6467,-31.3755],[-65.6556,-31.38],[-65.6613,-31.3799],[-65.6589,-31.3865],[-65.6543,-31.3848],[-65.6556,-31.3916],[-65.6479,-31.4007],[-65.6506,-31.4021],[-65.6568,-31.4022],[-65.6605,-31.4059]],[[-65.599,-31.3647],[-65.6036,-31.3638],[-65.6036,-31.3592],[-65.6,-31.3594],[-65.599,-31.3647]],[[-65.6171,-31.3674],[-65.608,-31.3671],[-65.6076,-31.3713],[-65.6206,-31.3744],[-65.625,-31.3765],[-65.6254,-31.3814],[-65.6329,-31.3826],[-65.6293,-31.3768],[-65.6303,-31.3709],[-65.6265,-31.3666],[-65.6302,-31.3623],[-65.6251,-31.3591],[-65.6334,-31.3543],[-65.627,-31.3526],[-65.6212,-31.3541],[-65.6176,-31.3617],[-65.622,-31.366],[-65.6171,-31.3674]],[[-65.5499,-31.3354],[-65.5457,-31.3361],[-65.5452,-31.3447],[-65.5372,-31.3447],[-65.5366,-31.3471],[-65.541,-31.3508],[-65.5461,-31.3501],[-65.5498,-31.346],[-65.5553,-31.3469],[-65.5574,-31.3533],[-65.5552,-31.3584],[-65.5605,-31.3716],[-65.559,-31.3745],[-65.5656,-31.3791],[-65.5709,-31.3772],[-65.5658,-31.3743],[-65.5646,-31.3699],[-65.5669,-31.367],[-65.5712,-31.3679],[-65.57,-31.3619],[-65.5789,-31.3616],[-65.5767,-31.354],[-65.5797,-31.3528],[-65.584,-31.3567],[-65.588,-31.355],[-65.5897,-31.3488],[-65.5929,-31.3452],[-65.5856,-31.343],[-65.5873,-31.3349],[-65.5818,-31.3338],[-65.5782,-31.342],[-65.5785,-31.3462],[-65.5748,-31.3503],[-65.5726,-31.3467],[-65.5677,-31.3462],[-65.5665,-31.3533],[-65.5616,-31.3513],[-65.5632,-31.3403],[-65.5546,-31.3368],[-65.5543,-31.3321],[-65.5523,-31.3277],[-65.5492,-31.3303],[-65.5499,-31.3354]]],[[[-64.3085,-31.2667],[-64.3091,-31.2664],[-64.3104,-31.2659],[-64.309,-31.2665],[-64.3085,-31.2667]]],[[[-64.3099,-31.2415],[-64.3068,-31.2444],[-64.3054,-31.254],[-64.3131,-31.2544],[-64.3156,-31.2562],[-64.3175,-31.2622],[-64.3155,-31.2563],[-64.313,-31.2545],[-64.3053,-31.2541],[-64.3067,-31.2444],[-64.3099,-31.2415]]],[[[-64.3245,-31.2255],[-64.3247,-31.2296],[-64.3296,-31.2338],[-64.3262,-31.2314],[-64.3246,-31.2297],[-64.324,-31.2279],[-64.3245,-31.2255]]],[[[-64.3161,-31.2111],[-64.3216,-31.2217],[-64.3247,-31.2233],[-64.3215,-31.2218],[-64.3161,-31.2111]]],[[[-64.3158,-31.2094],[-64.3147,-31.2038],[-64.3148,-31.1967],[-64.3165,-31.194],[-64.3149,-31.1966],[-64.3158,-31.2094]]],[[[-64.2353,-31.1779],[-64.2327,-31.1895],[-64.2302,-31.1908],[-64.2303,-31.1969],[-64.2343,-31.1972],[-64.2353,-31.1891],[-64.2386,-31.1854],[-64.2405,-31.1876],[-64.2405,-31.1948],[-64.2441,-31.1951],[-64.2397,-31.1983],[-64.2396,-31.1878],[-64.2372,-31.1888],[-64.237,-31.1974],[-64.2312,-31.2006],[-64.2267,-31.1973],[-64.2252,-31.1897],[-64.2278,-31.1867],[-64.2301,-31.1786],[-64.2353,-31.1779]]],[[[-64.2598,-31.1568],[-64.2507,-31.1556],[-64.2504,-31.149],[-64.2468,-31.1401],[-64.2505,-31.1489],[-64.2509,-31.1555],[-64.2598,-31.1568]]],[[[-64.7265,-31.1134],[-64.7203,-31.1179],[-64.7216,-31.1132],[-64.7265,-31.1134]]],[[[-64.2553,-31.1069],[-64.2535,-31.1144],[-64.2571,-31.1155],[-64.2534,-31.1145],[-64.2553,-31.1069]]],[[[-64.7407,-31.0951],[-64.7414,-31.1107],[-64.7314,-31.109],[-64.7264,-31.1098],[-64.7265,-31.1134],[-64.7242,-31.1113],[-64.727,-31.1037],[-64.733,-31.1006],[-64.7353,-31.0966],[-64.7407,-31.0951]]],[[[-64.2538,-31.0899],[-64.2586,-31.0902],[-64.2586,-31.0991],[-64.2539,-31.0988],[-64.252,-31.095],[-64.2538,-31.0899]]],[[[-64.7335,-31.084],[-64.7339,-31.091],[-64.7321,-31.0927],[-64.7267,-31.0907],[-64.7278,-31.087],[-64.7335,-31.084]]],[[[-64.3282,-31.0846],[-64.3345,-31.08],[-64.3394,-31.0832],[-64.3416,-31.0803],[-64.3473,-31.0802],[-64.3499,-31.0844],[-64.3514,-31.0907],[-64.346,-31.0915],[-64.3389,-31.0886],[-64.3347,-31.0852],[-64.3339,-31.0899],[-64.3282,-31.0846]]],[[[-64.2583,-31.0779],[-64.2549,-31.0815],[-64.2575,-31.0836],[-64.2538,-31.0899],[-64.2574,-31.0836],[-64.2548,-31.0816],[-64.2583,-31.0779]]],[[[-64.3533,-31.0824],[-64.351,-31.0779],[-64.3569,-31.0762],[-64.3581,-31.0785],[-64.3637,-31.08],[-64.3533,-31.0824]]],[[[-64.2241,-31.0701],[-64.2246,-31.0799],[-64.224,-31.085],[-64.2241,-31.0701]]],[[[-64.2597,-31.0758],[-64.2591,-31.0721],[-64.2619,-31.0665],[-64.265,-31.0699],[-64.2661,-31.0734],[-64.2597,-31.0758]]],[[[-64.2241,-31.0701],[-64.2249,-31.0577],[-64.2248,-31.0625],[-64.2318,-31.0621],[-64.2358,-31.0602],[-64.2321,-31.0551],[-64.2361,-31.055],[-64.2391,-31.058],[-64.2458,-31.0567],[-64.2534,-31.0593],[-64.254,-31.0629],[-64.2492,-31.0632],[-64.2463,-31.0612],[-64.2403,-31.0621],[-64.2348,-31.0645],[-64.232,-31.0687],[-64.2284,-31.0705],[-64.2241,-31.0701]]],[[[-64.6162,-31.0648],[-64.6088,-31.0674],[-64.6042,-31.0713],[-64.6007,-31.0761],[-64.5976,-31.074],[-64.5982,-31.0709],[-64.6069,-31.0667],[-64.6074,-31.0636],[-64.615,-31.0554],[-64.6158,-31.0491],[-64.6187,-31.0463],[-64.6232,-31.0455],[-64.6258,-31.0543],[-64.6265,-31.0624],[-64.622,-31.0727],[-64.62,-31.0815],[-64.6168,-31.0822],[-64.6173,-31.0767],[-64.6155,-31.0707],[-64.6162,-31.0648]],[[-64.6162,-31.0648],[-64.6207,-31.0627],[-64.6213,-31.0556],[-64.618,-31.0539],[-64.6151,-31.0621],[-64.6162,-31.0648]]],[[[-65.0971,-31.0349],[-65.0505,-31.0392],[-65.0476,-31.0401],[-65.0467,-31.0344],[-65.0513,-31.0302],[-65.0576,-31.0265],[-65.0667,-31.0243],[-65.0712,-31.027],[-65.0744,-31.0201],[-65.0785,-31.0174],[-65.0784,-31.0255],[-65.082,-31.0271],[-65.0883,-31.0232],[-65.0927,-31.0217],[-65.0923,-31.0153],[-65.0938,-31.0094],[-65.0971,-31.0349]]],[[[-65.0899,-31.0096],[-65.077,-31.0122],[-65.0732,-31.0082],[-65.0735,-31.0055],[-65.0697,-31.0016],[-65.0654,-31.004],[-65.0635,-31.0019],[-65.0672,-30.9975],[-65.0696,-30.9901],[-65.0651,-30.9897],[-65.0601,-30.9874],[-65.0617,-30.9835],[-65.0655,-30.9813],[-65.0651,-30.9749],[-65.0607,-30.9754],[-65.0576,-30.9725],[-65.0571,-30.9655],[-65.061,-30.9654],[-65.0603,-30.9607],[-65.0475,-30.9493],[-65.0408,-30.9412],[-65.0467,-30.9423],[-65.0516,-30.9409],[-65.0596,-30.9511],[-65.0646,-30.9505],[-65.0657,-30.9647],[-65.0709,-30.9717],[-65.0743,-30.9795],[-65.0829,-30.9901],[-65.0889,-31.0001],[-65.0938,-31.0094],[-65.0899,-31.0096]]],[[[-65.0312,-30.9329],[-65.0376,-30.9366],[-65.0388,-30.9381],[-65.0407,-30.9411],[-65.0375,-30.9383],[-65.0273,-30.9421],[-65.0312,-30.9329]]],[[[-64.2662,-30.9442],[-64.2704,-30.9432],[-64.2725,-30.9461],[-64.2768,-30.9457],[-64.274,-30.9565],[-64.2699,-30.959],[-64.2684,-30.9626],[-64.2676,-30.9753],[-64.274,-30.9765],[-64.2772,-30.9841],[-64.28,-30.9812],[-64.2848,-30.9818],[-64.2893,-30.9792],[-64.2953,-30.9791],[-64.2966,-30.9965],[-64.2918,-31.0011],[-64.2903,-30.995],[-64.2858,-30.9979],[-64.2779,-30.997],[-64.2737,-30.9874],[-64.2665,-30.9849],[-64.2653,-30.9788],[-64.2612,-30.9788],[-64.2609,-30.9862],[-64.2639,-30.9999],[-64.2597,-31.0032],[-64.2503,-30.9979],[-64.2454,-31.003],[-64.2368,-31.0047],[-64.2368,-30.9994],[-64.2352,-30.9963],[-64.228,-30.9959],[-64.2269,-30.9928],[-64.2189,-30.9911],[-64.2139,-30.9842],[-64.2076,-30.9822],[-64.2054,-30.98],[-64.2083,-30.9771],[-64.2219,-30.9839],[-64.2324,-30.9913],[-64.2361,-30.9919],[-64.2424,-30.9906],[-64.2442,-30.9866],[-64.239,-30.9868],[-64.2357,-30.982],[-64.2299,-30.9818],[-64.2212,-30.9773],[-64.2224,-30.974],[-64.2278,-30.975],[-64.2328,-30.9738],[-64.235,-30.9675],[-64.2415,-30.967],[-64.2393,-30.9707],[-64.242,-30.9774],[-64.2463,-30.977],[-64.2522,-30.9798],[-64.2554,-30.973],[-64.2537,-30.971],[-64.2517,-30.9704],[-64.246,-30.9696],[-64.2438,-30.9686],[-64.2422,-30.9645],[-64.2389,-30.9634],[-64.2373,-30.9552],[-64.2422,-30.9499],[-64.2465,-30.9474],[-64.2502,-30.949],[-64.2537,-30.9553],[-64.253,-30.9647],[-64.2573,-30.9627],[-64.2605,-30.9518],[-64.2607,-30.9467],[-64.2662,-30.9442]],[[-64.2369,-30.9993],[-64.2414,-30.9967],[-64.2405,-30.9933],[-64.2363,-30.9936],[-64.2369,-30.9993]],[[-64.2358,-30.9819],[-64.2378,-30.9762],[-64.2281,-30.9763],[-64.23,-30.9817],[-64.2358,-30.9819]],[[-64.2573,-30.9653],[-64.2515,-30.9689],[-64.2538,-30.9709],[-64.255,-30.9722],[-64.2593,-30.9722],[-64.2573,-30.9653]],[[-64.2716,-30.9483],[-64.2621,-30.9489],[-64.2618,-30.9547],[-64.2717,-30.955],[-64.2716,-30.9483]]],[[[-65.0009,-30.933],[-65.0018,-30.9331],[-64.9987,-30.9385],[-65.0018,-30.9427],[-64.9971,-30.9438],[-64.9904,-30.9387],[-64.9969,-30.9325],[-65.0007,-30.933],[-65.0009,-30.933]]],[[[-65.0293,-30.9313],[-65.0272,-30.9288],[-65.0312,-30.9329],[-65.0293,-30.9313]]],[[[-65.0235,-30.928],[-65.0196,-30.9305],[-65.0163,-30.9313],[-65.0151,-30.9272],[-65.0235,-30.928]]],[[[-65.1069,-30.9068],[-65.1124,-30.9006],[-65.1187,-30.8956],[-65.1194,-30.8952],[-65.1248,-30.8956],[-65.1252,-30.9007],[-65.1297,-30.9048],[-65.1276,-30.911],[-65.1205,-30.9104],[-65.1215,-30.9165],[-65.1246,-30.9164],[-65.1283,-30.9198],[-65.1306,-30.9244],[-65.1307,-30.9298],[-65.123,-30.9253],[-65.116,-30.9269],[-65.1156,-30.9315],[-65.1203,-30.9414],[-65.1167,-30.9415],[-65.1006,-30.9391],[-65.0958,-30.9403],[-65.0943,-30.9361],[-65.0956,-30.9326],[-65.0933,-30.9288],[-65.0931,-30.9185],[-65.0981,-30.9155],[-65.1021,-30.9125],[-65.1069,-30.9068]]],[[[-64.3826,-30.8821],[-64.3814,-30.8846],[-64.3615,-30.8848],[-64.3577,-30.8918],[-64.3543,-30.8857],[-64.3568,-30.8837],[-64.3808,-30.8844],[-64.3826,-30.8821]]],[[[-64.3371,-30.8864],[-64.3385,-30.881],[-64.3444,-30.8802],[-64.3523,-30.8811],[-64.3535,-30.8851],[-64.3476,-30.8888],[-64.3423,-30.8878],[-64.3375,-30.8914],[-64.3337,-30.8914],[-64.3277,-30.8939],[-64.3281,-30.8993],[-64.3241,-30.902],[-64.3244,-30.9072],[-64.3172,-30.9113],[-64.313,-30.9111],[-64.313,-30.9143],[-64.309,-30.9158],[-64.2912,-30.9276],[-64.2872,-30.9311],[-64.2887,-30.9356],[-64.2817,-30.9418],[-64.2828,-30.9365],[-64.2816,-30.9306],[-64.2794,-30.9306],[-64.2766,-30.9264],[-64.2717,-30.9242],[-64.2702,-30.9197],[-64.2712,-30.9155],[-64.2761,-30.9142],[-64.2784,-30.9167],[-64.2781,-30.9232],[-64.2797,-30.9296],[-64.2849,-30.9318],[-64.2879,-30.9282],[-64.2982,-30.9204],[-64.2989,-30.9172],[-64.3063,-30.91],[-64.3111,-30.9025],[-64.3174,-30.9002],[-64.3162,-30.8957],[-64.3215,-30.8956],[-64.3248,-30.8911],[-64.3243,-30.8859],[-64.3371,-30.8864]]],[[[-64.2064,-30.8813],[-64.204,-30.8854],[-64.2043,-30.8889],[-64.2079,-30.8922],[-64.2041,-30.8992],[-64.2032,-30.9046],[-64.1966,-30.9094],[-64.186,-30.9148],[-64.1827,-30.9147],[-64.1781,-30.912],[-64.1775,-30.9096],[-64.1805,-30.9052],[-64.1918,-30.9049],[-64.1962,-30.8985],[-64.1972,-30.8932],[-64.1999,-30.8888],[-64.1991,-30.884],[-64.2004,-30.882],[-64.2064,-30.8813]]],[[[-64.2323,-30.883],[-64.2282,-30.8875],[-64.2272,-30.8933],[-64.2305,-30.893],[-64.2354,-30.8897],[-64.2414,-30.8913],[-64.2388,-30.8974],[-64.2422,-30.8971],[-64.2478,-30.8931],[-64.2504,-30.8963],[-64.2441,-30.9006],[-64.2431,-30.9093],[-64.2468,-30.9103],[-64.2535,-30.9044],[-64.2573,-30.9066],[-64.2596,-30.9127],[-64.2637,-30.9107],[-64.2678,-30.9107],[-64.2697,-30.9133],[-64.2634,-30.9165],[-64.2537,-30.9186],[-64.2523,-30.9276],[-64.2474,-30.9264],[-64.2466,-30.9212],[-64.2477,-30.9183],[-64.2446,-30.9115],[-64.2413,-30.9093],[-64.2418,-30.9034],[-64.2442,-30.8986],[-64.238,-30.899],[-64.2366,-30.8908],[-64.2298,-30.9005],[-64.2237,-30.9077],[-64.217,-30.9074],[-64.2161,-30.9055],[-64.2208,-30.9021],[-64.2247,-30.8974],[-64.2254,-30.8917],[-64.2279,-30.8883],[-64.2207,-30.8877],[-64.2165,-30.883],[-64.214,-30.8847],[-64.2166,-30.8829],[-64.2208,-30.8876],[-64.2224,-30.8789],[-64.2323,-30.883]]],[[[-64.7001,-30.882],[-64.7007,-30.8747],[-64.7044,-30.871],[-64.7068,-30.8755],[-64.7001,-30.882]]],[[[-64.5744,-30.8932],[-64.5981,-30.8645],[-64.6078,-30.8595],[-64.6103,-30.8638],[-64.5972,-30.8714],[-64.5932,-30.8779],[-64.5842,-30.8877],[-64.5822,-30.8931],[-64.5744,-30.8932]]],[[[-64.2574,-30.8605],[-64.2489,-30.8631],[-64.2419,-30.8625],[-64.2415,-30.8591],[-64.2466,-30.8575],[-64.2533,-30.858],[-64.2574,-30.8605]]],[[[-64.228,-30.8504],[-64.2248,-30.8527],[-64.2132,-30.8558],[-64.2113,-30.857],[-64.2,-30.8585],[-64.1991,-30.8554],[-64.2039,-30.8527],[-64.2048,-30.8503],[-64.2133,-30.8462],[-64.2177,-30.8479],[-64.228,-30.8504]]],[[[-64.7504,-31.0593],[-64.7477,-31.0614],[-64.7478,-31.0657],[-64.7446,-31.0623],[-64.7374,-31.0627],[-64.736,-31.0572],[-64.7369,-31.0527],[-64.734,-31.052],[-64.7326,-31.0462],[-64.7244,-31.0501],[-64.7238,-31.046],[-64.7283,-31.0425],[-64.7278,-31.0404],[-64.7356,-31.0394],[-64.7442,-31.0432],[-64.7457,-31.0411],[-64.7427,-31.0307],[-64.7394,-31.0229],[-64.7359,-31.0191],[-64.7278,-31.0185],[-64.7244,-31.0199],[-64.7277,-31.0144],[-64.7319,-31.0118],[-64.7323,-31.0081],[-64.7276,-31.0066],[-64.7244,-31.0037],[-64.7234,-31.0004],[-64.7269,-30.9954],[-64.7225,-30.9887],[-64.7156,-30.9885],[-64.7152,-30.9863],[-64.723,-30.9863],[-64.7275,-30.9842],[-64.724,-30.9818],[-64.7192,-30.9816],[-64.7183,-30.9787],[-64.7287,-30.979],[-64.7294,-30.9767],[-64.7264,-30.972],[-64.7346,-30.9688],[-64.734,-30.9656],[-64.7271,-30.9655],[-64.7276,-30.9632],[-64.7342,-30.9631],[-64.7384,-30.9592],[-64.7272,-30.9531],[-64.7262,-30.9562],[-64.7199,-30.9643],[-64.7149,-30.965],[-64.7139,-30.9619],[-64.7161,-30.9586],[-64.7209,-30.9571],[-64.7253,-30.9521],[-64.7105,-30.9573],[-64.7083,-30.9499],[-64.702,-30.9546],[-64.7004,-30.9533],[-64.7032,-30.9486],[-64.7127,-30.944],[-64.7071,-30.942],[-64.7053,-30.945],[-64.7006,-30.9478],[-64.696,-30.9454],[-64.689,-30.9519],[-64.6868,-30.948],[-64.6879,-30.9452],[-64.6901,-30.9416],[-64.6909,-30.9344],[-64.6962,-30.9319],[-64.7022,-30.9246],[-64.7066,-30.9273],[-64.7016,-30.9374],[-64.7192,-30.9345],[-64.7243,-30.9352],[-64.7331,-30.934],[-64.7367,-30.9355],[-64.7383,-30.9418],[-64.7409,-30.9455],[-64.7401,-30.9494],[-64.7453,-30.9487],[-64.7454,-30.9435],[-64.7426,-30.9405],[-64.7418,-30.9287],[-64.7442,-30.9292],[-64.7444,-30.935],[-64.7481,-30.944],[-64.748,-30.9537],[-64.7512,-30.9584],[-64.7563,-30.9559],[-64.756,-30.9514],[-64.7621,-30.9498],[-64.762,-30.9437],[-64.7566,-30.9474],[-64.753,-30.9438],[-64.7543,-30.939],[-64.7592,-30.9344],[-64.762,-30.9339],[-64.7623,-30.9397],[-64.7722,-30.9361],[-64.7817,-30.9371],[-64.7799,-30.9409],[-64.7797,-30.9495],[-64.7734,-30.9506],[-64.7702,-30.9558],[-64.7731,-30.9611],[-64.7801,-30.9556],[-64.7783,-30.965],[-64.7709,-30.9625],[-64.7692,-30.9667],[-64.7648,-30.9666],[-64.7649,-30.9625],[-64.7615,-30.9618],[-64.7594,-30.9644],[-64.7608,-30.9802],[-64.7558,-30.9868],[-64.7626,-30.9909],[-64.7768,-30.989],[-64.7774,-30.9952],[-64.7837,-30.9966],[-64.7851,-30.9923],[-64.7817,-30.9912],[-64.781,-30.9806],[-64.7886,-30.9808],[-64.7882,-30.9753],[-64.783,-30.9742],[-64.7799,-30.9782],[-64.7777,-30.9743],[-64.7827,-30.9709],[-64.7843,-30.9682],[-64.7842,-30.9621],[-64.7857,-30.9542],[-64.7885,-30.9513],[-64.7886,-30.9462],[-64.7924,-30.9428],[-64.793,-30.9399],[-64.7973,-30.9339],[-64.7951,-30.9297],[-64.7908,-30.9357],[-64.7896,-30.9285],[-64.7939,-30.9238],[-64.7915,-30.9207],[-64.7857,-30.9218],[-64.7846,-30.9262],[-64.7817,-30.9306],[-64.7759,-30.9303],[-64.7775,-30.9232],[-64.7635,-30.925],[-64.7604,-30.9214],[-64.7561,-30.9232],[-64.755,-30.9298],[-64.7501,-30.9227],[-64.7431,-30.9166],[-64.7387,-30.9194],[-64.7356,-30.917],[-64.7297,-30.9168],[-64.7285,-30.9186],[-64.7345,-30.9217],[-64.7362,-30.9251],[-64.7307,-30.9253],[-64.7287,-30.9205],[-64.7254,-30.9199],[-64.7236,-30.9157],[-64.7304,-30.9153],[-64.7346,-30.9096],[-64.7402,-30.9146],[-64.746,-30.9131],[-64.7473,-30.9185],[-64.755,-30.9198],[-64.7617,-30.9189],[-64.7666,-30.9219],[-64.7683,-30.9197],[-64.7637,-30.9174],[-64.7633,-30.9133],[-64.7604,-30.912],[-64.7627,-30.9061],[-64.7585,-30.8975],[-64.7654,-30.8921],[-64.7592,-30.8898],[-64.7603,-30.8828],[-64.7532,-30.8863],[-64.7489,-30.8795],[-64.7462,-30.8871],[-64.7426,-30.8881],[-64.739,-30.8938],[-64.7383,-30.8977],[-64.7342,-30.8977],[-64.7345,-30.8928],[-64.7241,-30.8974],[-64.7191,-30.8934],[-64.7158,-30.8948],[-64.7125,-30.893],[-64.7198,-30.8873],[-64.7204,-30.883],[-64.7228,-30.8794],[-64.7191,-30.8782],[-64.7165,-30.8802],[-64.7096,-30.8781],[-64.7149,-30.8741],[-64.7107,-30.8701],[-64.7104,-30.8636],[-64.7172,-30.8585],[-64.7164,-30.8643],[-64.7113,-30.8673],[-64.7165,-30.8702],[-64.7176,-30.8765],[-64.7246,-30.8758],[-64.7256,-30.8677],[-64.7274,-30.8643],[-64.7328,-30.8624],[-64.7352,-30.8665],[-64.7396,-30.8639],[-64.7385,-30.857],[-64.73,-30.861],[-64.7248,-30.8571],[-64.7273,-30.8532],[-64.727,-30.8496],[-64.7298,-30.846],[-64.7328,-30.854],[-64.737,-30.8524],[-64.7331,-30.8482],[-64.7338,-30.8416],[-64.7399,-30.8457],[-64.738,-30.8491],[-64.7411,-30.8564],[-64.7448,-30.8553],[-64.7455,-30.8493],[-64.7438,-30.8415],[-64.7482,-30.8443],[-64.7473,-30.8523],[-64.7538,-30.8542],[-64.7538,-30.8443],[-64.7554,-30.8421],[-64.753,-30.8337],[-64.758,-30.8329],[-64.7591,-30.8385],[-64.7618,-30.8417],[-64.7617,-30.8481],[-64.7618,-30.8505],[-64.7661,-30.851],[-64.7724,-30.8495],[-64.7689,-30.8547],[-64.7577,-30.8609],[-64.7615,-30.8623],[-64.7655,-30.8596],[-64.7675,-30.8636],[-64.7655,-30.8698],[-64.7541,-30.8712],[-64.7539,-30.8745],[-64.758,-30.8796],[-64.763,-30.8822],[-64.7675,-30.8879],[-64.7675,-30.8907],[-64.767,-30.8942],[-64.7726,-30.8942],[-64.7728,-30.8898],[-64.7785,-30.8917],[-64.782,-30.8876],[-64.7877,-30.8834],[-64.7907,-30.8861],[-64.7876,-30.8905],[-64.7844,-30.8894],[-64.7802,-30.8953],[-64.781,-30.903],[-64.7867,-30.8985],[-64.7892,-30.9014],[-64.7818,-30.909],[-64.7818,-30.9156],[-64.7854,-30.916],[-64.7861,-30.9065],[-64.7912,-30.9044],[-64.793,-30.9017],[-64.7992,-30.8984],[-64.8008,-30.9011],[-64.7998,-30.9089],[-64.7929,-30.9095],[-64.7928,-30.9125],[-64.8024,-30.9121],[-64.8045,-30.9082],[-64.8036,-30.9034],[-64.8056,-30.8998],[-64.8094,-30.9022],[-64.8063,-30.9051],[-64.8175,-30.9052],[-64.8173,-30.9113],[-64.8147,-30.9148],[-64.8139,-30.9213],[-64.8109,-30.9238],[-64.8053,-30.9252],[-64.8083,-30.928],[-64.8092,-30.9356],[-64.813,-30.9385],[-64.8099,-30.9428],[-64.8045,-30.9434],[-64.797,-30.9512],[-64.8038,-30.9656],[-64.8033,-30.9675],[-64.7921,-30.9746],[-64.791,-30.9903],[-64.7952,-30.9927],[-64.8001,-30.9792],[-64.7998,-30.9764],[-64.8023,-30.9696],[-64.8058,-30.9703],[-64.8087,-30.9746],[-64.8051,-30.9782],[-64.8025,-30.9842],[-64.8084,-30.9891],[-64.8052,-30.9935],[-64.8083,-30.9945],[-64.8114,-30.9991],[-64.8109,-31.0039],[-64.8145,-31.0069],[-64.8255,-31.0022],[-64.8306,-31.0043],[-64.8267,-31.0075],[-64.826,-31.013],[-64.8178,-31.0174],[-64.8158,-31.0218],[-64.8109,-31.0261],[-64.8006,-31.0313],[-64.8065,-31.0378],[-64.8045,-31.0447],[-64.8027,-31.0452],[-64.8003,-31.0383],[-64.7956,-31.0339],[-64.7893,-31.0307],[-64.7867,-31.0337],[-64.7868,-31.0406],[-64.7924,-31.042],[-64.7921,-31.0472],[-64.7839,-31.0484],[-64.7829,-31.0532],[-64.778,-31.0587],[-64.7682,-31.0586],[-64.7634,-31.0614],[-64.7668,-31.0689],[-64.7682,-31.0767],[-64.7671,-31.0831],[-64.7616,-31.0908],[-64.757,-31.0891],[-64.754,-31.0859],[-64.7519,-31.0923],[-64.7468,-31.088],[-64.7405,-31.0849],[-64.7372,-31.086],[-64.7335,-31.084],[-64.7315,-31.0737],[-64.7262,-31.0738],[-64.7195,-31.0723],[-64.7191,-31.0638],[-64.7231,-31.064],[-64.725,-31.0704],[-64.73,-31.0639],[-64.7353,-31.0659],[-64.7425,-31.0701],[-64.7484,-31.0701],[-64.7512,-31.0664],[-64.7504,-31.0593]],[[-64.7656,-31.0448],[-64.7688,-31.0404],[-64.7676,-31.0295],[-64.7627,-31.0299],[-64.7623,-31.0421],[-64.7656,-31.0448]],[[-64.7754,-31.0282],[-64.7775,-31.0271],[-64.7758,-31.0226],[-64.7734,-31.0226],[-64.7731,-31.0279],[-64.7754,-31.0282]],[[-64.7483,-31.0281],[-64.7573,-31.0283],[-64.7569,-31.0249],[-64.754,-31.0228],[-64.7498,-31.0228],[-64.7483,-31.0281]],[[-64.8083,-31.0191],[-64.8053,-31.0241],[-64.8106,-31.0241],[-64.8083,-31.0191]],[[-64.7961,-31.0308],[-64.7996,-31.0268],[-64.7953,-31.0236],[-64.7916,-31.0162],[-64.7878,-31.0165],[-64.7877,-31.0206],[-64.7853,-31.0246],[-64.7892,-31.0254],[-64.7961,-31.0308]],[[-64.7609,-31.0088],[-64.7605,-31.0137],[-64.7641,-31.0135],[-64.7673,-31.0175],[-64.77,-31.0151],[-64.7732,-31.0162],[-64.779,-31.0093],[-64.7781,-31.0037],[-64.7714,-31.0041],[-64.773,-31.0114],[-64.7704,-31.0109],[-64.7697,-31.0048],[-64.7669,-31.0022],[-64.7625,-31.0025],[-64.7609,-31.0088]],[[-64.7374,-31.002],[-64.7462,-31.0027],[-64.7464,-30.9999],[-64.7412,-30.9988],[-64.7374,-31.002]],[[-64.7942,-30.9998],[-64.7964,-31.0016],[-64.7964,-31.0111],[-64.8016,-31.0128],[-64.8109,-31.0118],[-64.8108,-31.0074],[-64.8065,-31.0033],[-64.8029,-31.0069],[-64.7986,-30.9959],[-64.7939,-30.9955],[-64.7942,-30.9998]],[[-64.7515,-30.9999],[-64.7539,-30.9999],[-64.7553,-30.9948],[-64.7517,-30.9918],[-64.7515,-30.9999]]],[[[-64.6977,-30.8223],[-64.7,-30.824],[-64.6996,-30.8316],[-64.7076,-30.8267],[-64.7078,-30.8315],[-64.7104,-30.8318],[-64.7111,-30.8367],[-64.7066,-30.8399],[-64.7015,-30.8404],[-64.7016,-30.8466],[-64.7002,-30.8498],[-64.6959,-30.8497],[-64.7017,-30.8572],[-64.6965,-30.8606],[-64.6872,-30.8612],[-64.6859,-30.867],[-64.6832,-30.869],[-64.6859,-30.8726],[-64.6859,-30.8772],[-64.6904,-30.8755],[-64.6904,-30.881],[-64.6795,-30.8743],[-64.6776,-30.8688],[-64.6712,-30.8626],[-64.6698,-30.8575],[-64.6777,-30.8555],[-64.6792,-30.8468],[-64.6868,-30.8436],[-64.689,-30.8348],[-64.6931,-30.8328],[-64.6956,-30.8252],[-64.6928,-30.8225],[-64.6977,-30.8223]]],[[[-64.2101,-30.8186],[-64.207,-30.8178],[-64.2125,-30.8115],[-64.221,-30.8114],[-64.2206,-30.814],[-64.2146,-30.8141],[-64.2101,-30.8186]]],[[[-64.2964,-30.8091],[-64.3043,-30.8129],[-64.3013,-30.8168],[-64.2975,-30.8246],[-64.2908,-30.8253],[-64.2842,-30.8229],[-64.2786,-30.8251],[-64.2799,-30.8193],[-64.2958,-30.82],[-64.2981,-30.8135],[-64.2964,-30.8091]]],[[[-64.1509,-30.8043],[-64.1511,-30.8044],[-64.149,-30.8034],[-64.1509,-30.8043]]],[[[-64.788,-30.7851],[-64.7893,-30.7878],[-64.7905,-30.7916],[-64.7871,-30.7876],[-64.7863,-30.7866],[-64.7846,-30.7846],[-64.788,-30.7851]]],[[[-64.8257,-30.7803],[-64.8277,-30.7805],[-64.828,-30.7804],[-64.8332,-30.776],[-64.8393,-30.774],[-64.846,-30.7696],[-64.8513,-30.773],[-64.8587,-30.7864],[-64.8628,-30.7884],[-64.868,-30.7896],[-64.8524,-30.8029],[-64.8394,-30.8121],[-64.8307,-30.8395],[-64.825,-30.8436],[-64.823,-30.8287],[-64.824,-30.8187],[-64.822,-30.8039],[-64.815,-30.8],[-64.8097,-30.7941],[-64.8104,-30.802],[-64.8089,-30.8105],[-64.813,-30.8169],[-64.8108,-30.8224],[-64.8033,-30.819],[-64.8035,-30.8016],[-64.7943,-30.8033],[-64.7929,-30.7946],[-64.7939,-30.7938],[-64.7949,-30.7911],[-64.7967,-30.787],[-64.7981,-30.7879],[-64.8015,-30.7838],[-64.8056,-30.7799],[-64.8108,-30.7807],[-64.8154,-30.7839],[-64.8195,-30.7783],[-64.8228,-30.7781],[-64.8252,-30.7794],[-64.8257,-30.7803]]],[[[-64.8033,-32.4935],[-64.7974,-32.4917],[-64.8049,-32.4868],[-64.8015,-32.4832],[-64.7975,-32.4839],[-64.7991,-32.481],[-64.7974,-32.4762],[-64.7993,-32.4701],[-64.7964,-32.468],[-64.798,-32.4648],[-64.8019,-32.4667],[-64.8058,-32.4663],[-64.8068,-32.463],[-64.8048,-32.4587],[-64.7974,-32.4579],[-64.7909,-32.4596],[-64.7901,-32.4636],[-64.7857,-32.4686],[-64.7798,-32.47],[-64.7797,-32.4741],[-64.785,-32.475],[-64.7851,-32.4792],[-64.7897,-32.4814],[-64.7945,-32.4813],[-64.7971,-32.4839],[-64.7913,-32.484],[-64.7874,-32.491],[-64.7791,-32.4972],[-64.7786,-32.4936],[-64.7829,-32.4895],[-64.788,-32.4868],[-64.7904,-32.484],[-64.7792,-32.484],[-64.7956,-32.4838],[-64.7944,-32.4816],[-64.7895,-32.4816],[-64.7847,-32.4794],[-64.7848,-32.475],[-64.7781,-32.476],[-64.7791,-32.484],[-64.7747,-32.4758],[-64.7716,-32.4752],[-64.773,-32.4821],[-64.776,-32.4827],[-64.7785,-32.4878],[-64.7709,-32.4909],[-64.768,-32.4887],[-64.7628,-32.4879],[-64.758,-32.4852],[-64.7618,-32.4842],[-64.7582,-32.4801],[-64.7424,-32.4828],[-64.7343,-32.4509],[-64.7262,-32.446],[-64.7261,-32.4529],[-64.7155,-32.4547],[-64.7163,-32.4621],[-64.7187,-32.4692],[-64.7184,-32.4721],[-64.7119,-32.4731],[-64.7073,-32.4562],[-64.6968,-32.4588],[-64.6937,-32.4547],[-64.7043,-32.4491],[-64.7083,-32.4423],[-64.7107,-32.4415],[-64.7147,-32.4213],[-64.7072,-32.4211],[-64.7045,-32.4227],[-64.7015,-32.4299],[-64.7017,-32.4367],[-64.7036,-32.4408],[-64.6987,-32.4412],[-64.6908,-32.4441],[-64.6904,-32.4514],[-64.6833,-32.4509],[-64.6788,-32.4488],[-64.6755,-32.4451],[-64.6793,-32.4424],[-64.6736,-32.4403],[-64.6739,-32.4309],[-64.6849,-32.4341],[-64.684,-32.4308],[-64.6766,-32.4285],[-64.6796,-32.4171],[-64.6823,-32.4193],[-64.6869,-32.4181],[-64.688,-32.4114],[-64.6859,-32.4059],[-64.6815,-32.402],[-64.6929,-32.3952],[-64.696,-32.397],[-64.6968,-32.4093],[-64.7035,-32.4055],[-64.7053,-32.4078],[-64.7052,-32.4121],[-64.697,-32.4124],[-64.6941,-32.4143],[-64.6949,-32.4182],[-64.7002,-32.4182],[-64.7027,-32.4154],[-64.7084,-32.4139],[-64.7074,-32.4047],[-64.7124,-32.4047],[-64.7144,-32.4012],[-64.718,-32.4017],[-64.7201,-32.4052],[-64.7251,-32.4074],[-64.7309,-32.4053],[-64.7323,-32.4121],[-64.736,-32.4136],[-64.7396,-32.4126],[-64.7439,-32.4167],[-64.7468,-32.4154],[-64.7498,-32.4112],[-64.7458,-32.4085],[-64.7447,-32.4053],[-64.7392,-32.4022],[-64.7389,-32.3955],[-64.7326,-32.3993],[-64.7315,-32.393],[-64.7395,-32.3905],[-64.7384,-32.3876],[-64.7209,-32.3868],[-64.7215,-32.3942],[-64.7157,-32.3946],[-64.7088,-32.3998],[-64.7039,-32.4007],[-64.7053,-32.3961],[-64.7032,-32.386],[-64.7164,-32.3811],[-64.7173,-32.3776],[-64.7146,-32.3758],[-64.7078,-32.3742],[-64.7088,-32.3663],[-64.7071,-32.361],[-64.7151,-32.3529],[-64.7152,-32.3476],[-64.7102,-32.3475],[-64.7044,-32.3592],[-64.6997,-32.3599],[-64.6981,-32.3623],[-64.6921,-32.3642],[-64.6931,-32.3692],[-64.6902,-32.3721],[-64.6868,-32.372],[-64.6839,-32.3763],[-64.6799,-32.3768],[-64.6807,-32.3716],[-64.6836,-32.3722],[-64.6872,-32.3683],[-64.6887,-32.3616],[-64.6942,-32.3584],[-64.6979,-32.3533],[-64.6991,-32.3454],[-64.7036,-32.3454],[-64.7043,-32.342],[-64.6957,-32.3412],[-64.6929,-32.3464],[-64.692,-32.3512],[-64.6871,-32.3489],[-64.6879,-32.3441],[-64.6788,-32.3467],[-64.6742,-32.3491],[-64.6715,-32.3491],[-64.6706,-32.3564],[-64.6631,-32.3584],[-64.6638,-32.3504],[-64.6636,-32.3472],[-64.6695,-32.3474],[-64.6716,-32.3449],[-64.6704,-32.3381],[-64.6653,-32.3387],[-64.6617,-32.3418],[-64.6554,-32.3415],[-64.6552,-32.3374],[-64.6582,-32.3318],[-64.6558,-32.329],[-64.6611,-32.3257],[-64.6615,-32.3315],[-64.6662,-32.3314],[-64.6645,-32.3235],[-64.6707,-32.3227],[-64.678,-32.3153],[-64.6689,-32.3079],[-64.6642,-32.3056],[-64.6599,-32.3063],[-64.6534,-32.3104],[-64.6542,-32.3153],[-64.6465,-32.3181],[-64.6472,-32.3131],[-64.637,-32.3122],[-64.6367,-32.3172],[-64.6336,-32.3173],[-64.6173,-32.3221],[-64.617,-32.3271],[-64.6111,-32.3235],[-64.6134,-32.3196],[-64.6238,-32.3131],[-64.628,-32.3094],[-64.6379,-32.3044],[-64.6427,-32.3022],[-64.6464,-32.2936],[-64.6463,-32.2893],[-64.6435,-32.2834],[-64.6384,-32.2798],[-64.6318,-32.2799],[-64.6214,-32.2866],[-64.6245,-32.2882],[-64.6295,-32.2855],[-64.6366,-32.2899],[-64.6319,-32.2905],[-64.6278,-32.2991],[-64.6228,-32.2998],[-64.6185,-32.3022],[-64.6025,-32.3001],[-64.6044,-32.2964],[-64.6111,-32.2982],[-64.6141,-32.2933],[-64.614,-32.2887],[-64.6091,-32.2785],[-64.6102,-32.2748],[-64.6149,-32.2748],[-64.6164,-32.2691],[-64.6134,-32.2579],[-64.5985,-32.2492],[-64.5903,-32.247],[-64.5856,-32.2473],[-64.5746,-32.2442],[-64.5692,-32.2442],[-64.5681,-32.2515],[-64.5604,-32.2543],[-64.5648,-32.2397],[-64.5645,-32.2357],[-64.5717,-32.2366],[-64.5739,-32.2398],[-64.5787,-32.242],[-64.5853,-32.2416],[-64.5853,-32.2378],[-64.5761,-32.2332],[-64.5765,-32.2249],[-64.5856,-32.2238],[-64.5853,-32.2202],[-64.5991,-32.2148],[-64.5995,-32.217],[-64.593,-32.2214],[-64.5894,-32.2292],[-64.5887,-32.2343],[-64.5907,-32.2378],[-64.5952,-32.241],[-64.5967,-32.2442],[-64.6013,-32.2476],[-64.619,-32.2558],[-64.6191,-32.2635],[-64.625,-32.2666],[-64.6239,-32.271],[-64.628,-32.2793],[-64.6314,-32.2776],[-64.6304,-32.2738],[-64.637,-32.2707],[-64.6377,-32.2672],[-64.6457,-32.2677],[-64.6451,-32.2653],[-64.6402,-32.2651],[-64.6368,-32.2612],[-64.6434,-32.2609],[-64.6432,-32.2585],[-64.6366,-32.2587],[-64.6326,-32.2621],[-64.6255,-32.2593],[-64.6239,-32.2565],[-64.6298,-32.2526],[-64.6304,-32.255],[-64.643,-32.2524],[-64.6493,-32.2479],[-64.6507,-32.2515],[-64.6552,-32.25],[-64.6582,-32.2518],[-64.6636,-32.2512],[-64.6624,-32.2474],[-64.6688,-32.2421],[-64.6748,-32.2462],[-64.6804,-32.2468],[-64.6781,-32.2524],[-64.6704,-32.2529],[-64.6658,-32.2517],[-64.6641,-32.2548],[-64.6671,-32.2564],[-64.6643,-32.2596],[-64.6622,-32.2693],[-64.6587,-32.272],[-64.6492,-32.2763],[-64.6495,-32.2792],[-64.6539,-32.2794],[-64.6572,-32.2754],[-64.6661,-32.2696],[-64.6656,-32.274],[-64.6602,-32.2772],[-64.6601,-32.2801],[-64.6552,-32.2826],[-64.663,-32.2825],[-64.6638,-32.28],[-64.6696,-32.2762],[-64.6718,-32.2798],[-64.6768,-32.2802],[-64.6794,-32.2762],[-64.6796,-32.2714],[-64.6823,-32.2671],[-64.678,-32.2668],[-64.6715,-32.2604],[-64.6765,-32.258],[-64.6786,-32.2608],[-64.6836,-32.2589],[-64.6838,-32.2634],[-64.6933,-32.2627],[-64.6933,-32.2674],[-64.7018,-32.2689],[-64.7065,-32.2671],[-64.7062,-32.2638],[-64.6991,-32.2639],[-64.707,-32.259],[-64.7067,-32.2558],[-64.7019,-32.2531],[-64.6991,-32.2567],[-64.6958,-32.2545],[-64.702,-32.2488],[-64.7056,-32.2512],[-64.7134,-32.2542],[-64.7154,-32.2518],[-64.7087,-32.2493],[-64.7035,-32.2457],[-64.6958,-32.2457],[-64.6968,-32.2408],[-64.7027,-32.2386],[-64.7067,-32.2327],[-64.7047,-32.2281],[-64.717,-32.2282],[-64.7281,-32.2273],[-64.7287,-32.2214],[-64.7207,-32.2207],[-64.7181,-32.2192],[-64.7206,-32.2133],[-64.7259,-32.2151],[-64.729,-32.2133],[-64.7258,-32.2121],[-64.7256,-32.2093],[-64.7254,-32.207],[-64.7253,-32.2048],[-64.7157,-32.2051],[-64.715,-32.2006],[-64.7101,-32.2017],[-64.7093,-32.2041],[-64.7016,-32.2067],[-64.7011,-32.2098],[-64.6941,-32.2112],[-64.6883,-32.2112],[-64.6827,-32.2063],[-64.6857,-32.2052],[-64.6905,-32.2069],[-64.6966,-32.2073],[-64.6968,-32.2007],[-64.7036,-32.1957],[-64.6973,-32.1904],[-64.6936,-32.1911],[-64.6881,-32.1952],[-64.6868,-32.1924],[-64.6891,-32.189],[-64.6982,-32.1868],[-64.7059,-32.1829],[-64.7019,-32.1797],[-64.7016,-32.1736],[-64.7062,-32.1723],[-64.7072,-32.1686],[-64.7151,-32.1684],[-64.7113,-32.1641],[-64.7126,-32.1588],[-64.7077,-32.1576],[-64.7044,-32.1597],[-64.6992,-32.1585],[-64.6948,-32.1545],[-64.6985,-32.1526],[-64.6981,-32.1491],[-64.7028,-32.1425],[-64.7126,-32.1364],[-64.7136,-32.1313],[-64.7065,-32.1293],[-64.7063,-32.1341],[-64.7041,-32.1384],[-64.7011,-32.136],[-64.6952,-32.1367],[-64.6951,-32.1333],[-64.6983,-32.1324],[-64.7057,-32.1274],[-64.7047,-32.1192],[-64.6961,-32.1199],[-64.6909,-32.1289],[-64.6848,-32.126],[-64.6761,-32.1268],[-64.6742,-32.1292],[-64.6759,-32.1324],[-64.6797,-32.132],[-64.6805,-32.1362],[-64.6768,-32.1363],[-64.6776,-32.1417],[-64.6709,-32.1425],[-64.6741,-32.1492],[-64.6792,-32.1488],[-64.6815,-32.1524],[-64.6802,-32.1546],[-64.6748,-32.1534],[-64.6712,-32.1493],[-64.666,-32.1502],[-64.664,-32.1452],[-64.6662,-32.144],[-64.664,-32.1416],[-64.6624,-32.1382],[-64.6687,-32.1403],[-64.6707,-32.1384],[-64.667,-32.1226],[-64.6642,-32.1239],[-64.6628,-32.1202],[-64.6693,-32.1132],[-64.6748,-32.121],[-64.6793,-32.1217],[-64.6796,-32.1127],[-64.674,-32.1083],[-64.6762,-32.1066],[-64.6752,-32.1025],[-64.6702,-32.1031],[-64.6665,-32.1078],[-64.6619,-32.1079],[-64.6601,-32.1054],[-64.6627,-32.0991],[-64.6665,-32.0979],[-64.6691,-32.0921],[-64.6616,-32.0833],[-64.6649,-32.0787],[-64.6573,-32.0761],[-64.6584,-32.0733],[-64.6681,-32.0688],[-64.6708,-32.0641],[-64.677,-32.0617],[-64.677,-32.0663],[-64.677,-32.0686],[-64.6805,-32.0705],[-64.6815,-32.0741],[-64.6786,-32.0775],[-64.6827,-32.082],[-64.6881,-32.0736],[-64.6819,-32.0672],[-64.6836,-32.0595],[-64.6864,-32.0585],[-64.6928,-32.0525],[-64.6924,-32.0497],[-64.6962,-32.0434],[-64.6989,-32.0412],[-64.7021,-32.0437],[-64.7083,-32.046],[-64.7116,-32.0405],[-64.7092,-32.0323],[-64.7143,-32.0307],[-64.7173,-32.0273],[-64.7202,-32.027],[-64.7232,-32.0221],[-64.7266,-32.0219],[-64.7249,-32.0264],[-64.7193,-32.0288],[-64.7194,-32.0349],[-64.7266,-32.0341],[-64.7315,-32.0425],[-64.7325,-32.0479],[-64.7345,-32.0499],[-64.735,-32.0549],[-64.7379,-32.0551],[-64.7367,-32.0473],[-64.7328,-32.0393],[-64.7312,-32.0341],[-64.7289,-32.0334],[-64.731,-32.0325],[-64.7345,-32.0356],[-64.7361,-32.039],[-64.7395,-32.0379],[-64.7441,-32.0362],[-64.7414,-32.0321],[-64.7474,-32.0291],[-64.748,-32.0251],[-64.7445,-32.0241],[-64.7416,-32.0206],[-64.739,-32.0269],[-64.7361,-32.0268],[-64.7343,-32.0213],[-64.734,-32.012],[-64.7269,-32.0119],[-64.7252,-32.0041],[-64.7214,-32.0025],[-64.7123,-32.0034],[-64.7115,-32.0083],[-64.7086,-32.0089],[-64.7084,-32.0131],[-64.7029,-32.0139],[-64.6938,-32.0216],[-64.6884,-32.0201],[-64.6871,-32.0109],[-64.6858,-32.0076],[-64.6795,-32.0076],[-64.6761,-32.0109],[-64.6662,-32.0107],[-64.6643,-32.0078],[-64.6699,-32.0069],[-64.6771,-32.0026],[-64.6769,-31.9952],[-64.681,-31.9949],[-64.6809,-31.9907],[-64.6761,-31.9866],[-64.6734,-31.9883],[-64.6753,-31.9916],[-64.6697,-31.9946],[-64.6737,-32.0016],[-64.6676,-32.0022],[-64.6635,-31.9966],[-64.6623,-31.994],[-64.6633,-31.9929],[-64.6694,-31.993],[-64.6665,-31.9883],[-64.6631,-31.9911],[-64.659,-31.989],[-64.658,-31.9811],[-64.6528,-31.9774],[-64.6491,-31.9827],[-64.6488,-31.9886],[-64.6454,-31.9921],[-64.6474,-31.9964],[-64.6475,-32.0017],[-64.6433,-32.002],[-64.6432,-31.9988],[-64.6401,-31.994],[-64.6364,-31.9908],[-64.6382,-31.9853],[-64.6328,-31.9825],[-64.6295,-31.9843],[-64.628,-31.9907],[-64.6239,-31.993],[-64.6232,-31.9844],[-64.6195,-31.9846],[-64.6219,-31.9933],[-64.6177,-31.9939],[-64.6163,-31.9941],[-64.6204,-31.9934],[-64.6171,-31.9886],[-64.6088,-31.9896],[-64.6066,-31.9887],[-64.6055,-31.9873],[-64.6021,-31.9857],[-64.6099,-31.9834],[-64.6145,-31.9811],[-64.6187,-31.9806],[-64.6264,-31.9807],[-64.631,-31.9797],[-64.6364,-31.9817],[-64.6396,-31.9773],[-64.6388,-31.9726],[-64.6278,-31.9714],[-64.626,-31.9689],[-64.6215,-31.9677],[-64.6223,-31.9647],[-64.6169,-31.965],[-64.6143,-31.9616],[-64.6121,-31.9601],[-64.6058,-31.9601],[-64.6055,-31.9572],[-64.5979,-31.9583],[-64.5974,-31.9551],[-64.5881,-31.9562],[-64.5831,-31.9533],[-64.5813,-31.9469],[-64.5856,-31.9431],[-64.5914,-31.9421],[-64.592,-31.9457],[-64.5969,-31.9453],[-64.5989,-31.9385],[-64.598,-31.932],[-64.5944,-31.9266],[-64.5902,-31.9259],[-64.5856,-31.9224],[-64.5856,-31.9181],[-64.5835,-31.9155],[-64.5751,-31.9124],[-64.5752,-31.9035],[-64.5686,-31.8985],[-64.5695,-31.8893],[-64.5712,-31.8852],[-64.571,-31.8751],[-64.5729,-31.8708],[-64.5733,-31.8655],[-64.564,-31.8673],[-64.56,-31.8617],[-64.5607,-31.8533],[-64.5632,-31.8466],[-64.5657,-31.8445],[-64.5706,-31.8348],[-64.5714,-31.8304],[-64.5655,-31.8218],[-64.5647,-31.8181],[-64.5571,-31.8161],[-64.5579,-31.8126],[-64.5632,-31.8088],[-64.5682,-31.8102],[-64.5658,-31.8148],[-64.5667,-31.8216],[-64.5694,-31.8247],[-64.5732,-31.8258],[-64.5764,-31.8367],[-64.582,-31.8346],[-64.5806,-31.8312],[-64.5798,-31.8191],[-64.5734,-31.8193],[-64.5737,-31.8135],[-64.57,-31.8088],[-64.5616,-31.8001],[-64.5603,-31.7959],[-64.5635,-31.795],[-64.5516,-31.7845],[-64.5464,-31.7827],[-64.5465,-31.7798],[-64.55,-31.7756],[-64.5491,-31.7726],[-64.5453,-31.771],[-64.5442,-31.7638],[-64.5389,-31.7617],[-64.5345,-31.7648],[-64.5303,-31.7713],[-64.531,-31.7738],[-64.5289,-31.783],[-64.5303,-31.7885],[-64.5263,-31.7969],[-64.5171,-31.7924],[-64.5155,-31.7897],[-64.5142,-31.791],[-64.509,-31.7937],[-64.5067,-31.7961],[-64.5006,-31.7878],[-64.4917,-31.7808],[-64.4871,-31.7802],[-64.4771,-31.7748],[-64.4605,-31.7574],[-64.4622,-31.7486],[-64.4565,-31.7438],[-64.4436,-31.739],[-64.4442,-31.7308],[-64.4416,-31.7244],[-64.4478,-31.7258],[-64.4525,-31.7285],[-64.4561,-31.7377],[-64.4648,-31.7376],[-64.4674,-31.7407],[-64.4692,-31.7465],[-64.4731,-31.7481],[-64.4704,-31.7525],[-64.472,-31.7571],[-64.4844,-31.7692],[-64.4934,-31.7718],[-64.4932,-31.7637],[-64.499,-31.7619],[-64.5042,-31.7689],[-64.502,-31.7764],[-64.5078,-31.7806],[-64.511,-31.7782],[-64.5096,-31.7743],[-64.5107,-31.771],[-64.5097,-31.7655],[-64.5148,-31.7642],[-64.5151,-31.7564],[-64.5102,-31.7541],[-64.5064,-31.7435],[-64.5119,-31.7402],[-64.5245,-31.7391],[-64.5244,-31.7334],[-64.5192,-31.7299],[-64.5157,-31.7242],[-64.5149,-31.7177],[-64.519,-31.7187],[-64.5221,-31.7233],[-64.5263,-31.7251],[-64.5344,-31.7229],[-64.5364,-31.7236],[-64.5363,-31.7309],[-64.5379,-31.7399],[-64.5348,-31.7446],[-64.5326,-31.7432],[-64.5333,-31.7382],[-64.5306,-31.7372],[-64.5253,-31.7415],[-64.5248,-31.7481],[-64.5291,-31.748],[-64.5299,-31.752],[-64.5391,-31.7475],[-64.5442,-31.7422],[-64.5421,-31.7369],[-64.5447,-31.7334],[-64.5479,-31.7334],[-64.5515,-31.736],[-64.5504,-31.7277],[-64.5437,-31.7299],[-64.5402,-31.7282],[-64.5464,-31.7252],[-64.5476,-31.7188],[-64.5471,-31.7141],[-64.5509,-31.71],[-64.5442,-31.7073],[-64.5477,-31.6981],[-64.5453,-31.6949],[-64.5423,-31.6697],[-64.5357,-31.6698],[-64.532,-31.6673],[-64.5353,-31.661],[-64.5342,-31.6572],[-64.5291,-31.6584],[-64.5282,-31.6659],[-64.5223,-31.671],[-64.5167,-31.6704],[-64.5139,-31.6684],[-64.524,-31.6595],[-64.5218,-31.6577],[-64.517,-31.6607],[-64.5142,-31.6575],[-64.5143,-31.6534],[-64.5193,-31.6474],[-64.5197,-31.6426],[-64.5183,-31.6373],[-64.5196,-31.6351],[-64.5167,-31.6297],[-64.5222,-31.6291],[-64.5226,-31.6267],[-64.5308,-31.6197],[-64.5268,-31.619],[-64.537,-31.607],[-64.5344,-31.6054],[-64.5285,-31.6053],[-64.5314,-31.601],[-64.5371,-31.5991],[-64.543,-31.5941],[-64.544,-31.5885],[-64.5384,-31.588],[-64.5381,-31.5801],[-64.5471,-31.5819],[-64.5482,-31.5762],[-64.5419,-31.5658],[-64.5446,-31.5596],[-64.5381,-31.5542],[-64.5405,-31.5483],[-64.5385,-31.5445],[-64.5333,-31.5384],[-64.529,-31.535],[-64.524,-31.5261],[-64.5157,-31.5154],[-64.5107,-31.51],[-64.5147,-31.5052],[-64.5136,-31.5019],[-64.5086,-31.5],[-64.5137,-31.4965],[-64.5115,-31.4901],[-64.5072,-31.4876],[-64.5033,-31.488],[-64.4988,-31.4829],[-64.5006,-31.4796],[-64.4993,-31.4745],[-64.4951,-31.4691],[-64.4948,-31.4622],[-64.4928,-31.4562],[-64.4909,-31.4546],[-64.4895,-31.4478],[-64.4784,-31.4313],[-64.4658,-31.4309],[-64.4616,-31.4343],[-64.4594,-31.4393],[-64.4558,-31.4424],[-64.4472,-31.4412],[-64.4392,-31.4478],[-64.4373,-31.4523],[-64.4419,-31.4553],[-64.4464,-31.4552],[-64.445,-31.4611],[-64.4427,-31.4639],[-64.4409,-31.4698],[-64.4303,-31.4692],[-64.4315,-31.4653],[-64.4364,-31.4631],[-64.4303,-31.461],[-64.4301,-31.4584],[-64.4361,-31.458],[-64.4372,-31.4524],[-64.4258,-31.4562],[-64.4235,-31.4535],[-64.4193,-31.4546],[-64.4136,-31.4616],[-64.4091,-31.4628],[-64.3949,-31.4707],[-64.3935,-31.4883],[-64.3915,-31.4903],[-64.3859,-31.5006],[-64.3803,-31.5061],[-64.376,-31.5056],[-64.3749,-31.5005],[-64.3759,-31.4904],[-64.3696,-31.4899],[-64.3682,-31.4881],[-64.3696,-31.4832],[-64.3661,-31.4741],[-64.3673,-31.471],[-64.3714,-31.4688],[-64.3716,-31.4617],[-64.3697,-31.4573],[-64.3673,-31.457],[-64.3691,-31.4563],[-64.3709,-31.4594],[-64.3717,-31.4616],[-64.3715,-31.4687],[-64.3728,-31.4744],[-64.375,-31.4778],[-64.3751,-31.4848],[-64.3793,-31.4875],[-64.3776,-31.4964],[-64.3754,-31.5013],[-64.3791,-31.5022],[-64.3834,-31.4934],[-64.3872,-31.4941],[-64.3883,-31.4876],[-64.3915,-31.4854],[-64.3909,-31.4822],[-64.3843,-31.4835],[-64.3812,-31.4819],[-64.3815,-31.4782],[-64.3877,-31.4804],[-64.3904,-31.4791],[-64.3881,-31.4686],[-64.3904,-31.4653],[-64.3965,-31.4606],[-64.3891,-31.4547],[-64.3805,-31.4553],[-64.3819,-31.4481],[-64.3752,-31.4437],[-64.3756,-31.4363],[-64.3794,-31.4336],[-64.3845,-31.4336],[-64.3895,-31.4317],[-64.3902,-31.4277],[-64.3874,-31.4201],[-64.3799,-31.4132],[-64.368,-31.4048],[-64.3739,-31.4049],[-64.378,-31.4096],[-64.3897,-31.4165],[-64.393,-31.4235],[-64.393,-31.4297],[-64.3935,-31.4329],[-64.3906,-31.4344],[-64.3986,-31.4499],[-64.4028,-31.4496],[-64.4088,-31.4554],[-64.4151,-31.4524],[-64.4201,-31.448],[-64.4279,-31.4447],[-64.4297,-31.4416],[-64.4396,-31.4366],[-64.4422,-31.4284],[-64.4455,-31.4231],[-64.4479,-31.4144],[-64.4465,-31.4077],[-64.4421,-31.4032],[-64.4315,-31.409],[-64.4301,-31.4124],[-64.4238,-31.4161],[-64.4229,-31.4137],[-64.4282,-31.4088],[-64.4262,-31.4026],[-64.4156,-31.4041],[-64.4128,-31.3955],[-64.4144,-31.3922],[-64.4207,-31.3887],[-64.4206,-31.384],[-64.4185,-31.3815],[-64.4175,-31.3746],[-64.4194,-31.3702],[-64.4015,-31.3614],[-64.3942,-31.3633],[-64.3898,-31.3679],[-64.3814,-31.3696],[-64.3774,-31.3721],[-64.3707,-31.3744],[-64.3687,-31.3768],[-64.3694,-31.3815],[-64.3715,-31.3832],[-64.3714,-31.3923],[-64.3628,-31.3922],[-64.3633,-31.3884],[-64.3596,-31.3778],[-64.3527,-31.3798],[-64.348,-31.3797],[-64.3458,-31.3848],[-64.3467,-31.3868],[-64.3587,-31.3875],[-64.3565,-31.3952],[-64.356,-31.4094],[-64.3597,-31.4104],[-64.359,-31.4103],[-64.3494,-31.4079],[-64.3412,-31.3999],[-64.3329,-31.3987],[-64.3331,-31.4024],[-64.3315,-31.3948],[-64.3354,-31.3928],[-64.3307,-31.388],[-64.331,-31.3815],[-64.3335,-31.3771],[-64.3316,-31.3738],[-64.327,-31.3709],[-64.3269,-31.3638],[-64.3237,-31.3595],[-64.3174,-31.3614],[-64.3168,-31.3677],[-64.321,-31.3753],[-64.3167,-31.3678],[-64.3096,-31.363],[-64.3169,-31.3569],[-64.3167,-31.3512],[-64.3004,-31.3484],[-64.2984,-31.3446],[-64.3018,-31.3396],[-64.308,-31.3379],[-64.3097,-31.3331],[-64.3075,-31.3288],[-64.3108,-31.3251],[-64.323,-31.3203],[-64.323,-31.3171],[-64.3131,-31.3187],[-64.315,-31.3101],[-64.3102,-31.3059],[-64.3111,-31.2996],[-64.3148,-31.2941],[-64.3155,-31.2896],[-64.3149,-31.294],[-64.3112,-31.2996],[-64.3104,-31.3058],[-64.3262,-31.3055],[-64.3328,-31.3059],[-64.3396,-31.3051],[-64.336,-31.3103],[-64.3359,-31.3147],[-64.3376,-31.3183],[-64.3454,-31.3098],[-64.3494,-31.3083],[-64.3526,-31.3097],[-64.3503,-31.3141],[-64.3519,-31.3203],[-64.3547,-31.3212],[-64.3604,-31.313],[-64.3697,-31.3114],[-64.3726,-31.3095],[-64.3769,-31.31],[-64.3813,-31.308],[-64.3822,-31.312],[-64.3769,-31.3155],[-64.3727,-31.3167],[-64.3738,-31.3223],[-64.3811,-31.3213],[-64.3841,-31.3222],[-64.4064,-31.3201],[-64.4067,-31.3174],[-64.4142,-31.3157],[-64.4143,-31.3104],[-64.4035,-31.3121],[-64.4015,-31.3074],[-64.3969,-31.312],[-64.3953,-31.3096],[-64.3981,-31.3058],[-64.4064,-31.3059],[-64.4164,-31.2983],[-64.4184,-31.3015],[-64.4227,-31.3019],[-64.4258,-31.2971],[-64.4216,-31.2907],[-64.424,-31.2887],[-64.4225,-31.2771],[-64.4176,-31.2787],[-64.4156,-31.2749],[-64.4216,-31.2727],[-64.4208,-31.2661],[-64.4158,-31.2652],[-64.4107,-31.2686],[-64.4116,-31.2629],[-64.4088,-31.2542],[-64.4087,-31.2494],[-64.4057,-31.2482],[-64.3985,-31.2516],[-64.3995,-31.2459],[-64.3985,-31.2435],[-64.4063,-31.2429],[-64.4135,-31.241],[-64.419,-31.2413],[-64.4211,-31.2396],[-64.4167,-31.2315],[-64.4096,-31.2352],[-64.4021,-31.2336],[-64.393,-31.2367],[-64.3886,-31.2404],[-64.3605,-31.2483],[-64.3526,-31.2517],[-64.3523,-31.2603],[-64.3475,-31.2656],[-64.3319,-31.272],[-64.3281,-31.2749],[-64.3261,-31.2821],[-64.3219,-31.2849],[-64.3158,-31.286],[-64.3156,-31.2883],[-64.3146,-31.2823],[-64.308,-31.2851],[-64.3052,-31.2805],[-64.3084,-31.2737],[-64.3072,-31.2673],[-64.3084,-31.2715],[-64.3115,-31.2727],[-64.3345,-31.2581],[-64.3419,-31.2567],[-64.3416,-31.2502],[-64.354,-31.2405],[-64.3626,-31.2386],[-64.3685,-31.2347],[-64.3712,-31.2305],[-64.3782,-31.2235],[-64.383,-31.2201],[-64.3828,-31.2158],[-64.3782,-31.2089],[-64.3726,-31.206],[-64.3728,-31.2027],[-64.3807,-31.1937],[-64.3896,-31.1936],[-64.4006,-31.1924],[-64.3993,-31.1886],[-64.3957,-31.1861],[-64.3941,-31.1811],[-64.3909,-31.1821],[-64.3906,-31.1856],[-64.3757,-31.1859],[-64.3706,-31.184],[-64.3758,-31.1802],[-64.3721,-31.1744],[-64.3688,-31.1758],[-64.371,-31.1649],[-64.3698,-31.1621],[-64.3781,-31.1612],[-64.3811,-31.1623],[-64.3778,-31.1527],[-64.3737,-31.1501],[-64.3742,-31.1477],[-64.371,-31.1432],[-64.3735,-31.1386],[-64.3803,-31.1369],[-64.3813,-31.1334],[-64.3781,-31.1302],[-64.3611,-31.1302],[-64.3527,-31.1383],[-64.3449,-31.1413],[-64.3416,-31.1456],[-64.3346,-31.1487],[-64.3313,-31.1522],[-64.3245,-31.1561],[-64.3206,-31.157],[-64.3224,-31.1615],[-64.3281,-31.1618],[-64.3302,-31.1656],[-64.328,-31.1619],[-64.3222,-31.1616],[-64.3174,-31.1563],[-64.3159,-31.1531],[-64.3108,-31.1573],[-64.3099,-31.1613],[-64.311,-31.1651],[-64.3105,-31.1721],[-64.3054,-31.1728],[-64.3036,-31.1708],[-64.3014,-31.1574],[-64.2992,-31.1506],[-64.2988,-31.142],[-64.3015,-31.1307],[-64.2974,-31.1286],[-64.289,-31.1305],[-64.2849,-31.1325],[-64.2841,-31.1365],[-64.2897,-31.1466],[-64.2882,-31.1547],[-64.2914,-31.1585],[-64.2968,-31.1608],[-64.3003,-31.1675],[-64.297,-31.1728],[-64.2936,-31.1819],[-64.2862,-31.1816],[-64.2846,-31.1829],[-64.2852,-31.1903],[-64.28,-31.192],[-64.2752,-31.1914],[-64.2667,-31.1882],[-64.2618,-31.1849],[-64.2605,-31.1858],[-64.261,-31.1883],[-64.2599,-31.1902],[-64.2571,-31.1919],[-64.2537,-31.1965],[-64.2465,-31.2036],[-64.2441,-31.1951],[-64.2466,-31.1993],[-64.2542,-31.1945],[-64.2547,-31.1899],[-64.2591,-31.1883],[-64.2603,-31.1846],[-64.2622,-31.1842],[-64.2639,-31.1853],[-64.2697,-31.1834],[-64.2753,-31.1759],[-64.2771,-31.172],[-64.2829,-31.1676],[-64.2853,-31.1562],[-64.2811,-31.1563],[-64.2769,-31.1506],[-64.2722,-31.1478],[-64.2697,-31.1511],[-64.2704,-31.1574],[-64.2672,-31.1609],[-64.2667,-31.1644],[-64.2621,-31.1721],[-64.2571,-31.1726],[-64.2501,-31.1782],[-64.2437,-31.1786],[-64.2429,-31.1754],[-64.2366,-31.1757],[-64.2354,-31.1777],[-64.2359,-31.1735],[-64.2384,-31.1701],[-64.2464,-31.1649],[-64.2491,-31.1656],[-64.2446,-31.1738],[-64.2502,-31.1761],[-64.2595,-31.1684],[-64.2622,-31.1674],[-64.2626,-31.1625],[-64.267,-31.1602],[-64.269,-31.1563],[-64.2679,-31.1507],[-64.2667,-31.1457],[-64.2591,-31.1376],[-64.2585,-31.1339],[-64.2625,-31.1333],[-64.262,-31.1291],[-64.2667,-31.1283],[-64.262,-31.1214],[-64.2566,-31.121],[-64.2469,-31.1261],[-64.244,-31.1262],[-64.2437,-31.1315],[-64.2561,-31.1357],[-64.2544,-31.14],[-64.256,-31.1358],[-64.2436,-31.1316],[-64.2424,-31.124],[-64.2447,-31.1217],[-64.2515,-31.1212],[-64.2565,-31.1187],[-64.2571,-31.1155],[-64.2626,-31.1134],[-64.2634,-31.1182],[-64.268,-31.1181],[-64.2684,-31.1117],[-64.279,-31.1056],[-64.2806,-31.1096],[-64.2842,-31.098],[-64.2834,-31.0942],[-64.2873,-31.0845],[-64.2874,-31.0818],[-64.2915,-31.0746],[-64.2907,-31.0622],[-64.2882,-31.0594],[-64.2806,-31.0552],[-64.2796,-31.0508],[-64.2771,-31.0496],[-64.2723,-31.0416],[-64.2537,-31.0471],[-64.2509,-31.0444],[-64.2524,-31.0419],[-64.2555,-31.0433],[-64.2557,-31.0401],[-64.2523,-31.039],[-64.2524,-31.0357],[-64.2524,-31.0389],[-64.2558,-31.04],[-64.2584,-31.0425],[-64.2643,-31.0349],[-64.26,-31.0214],[-64.2503,-31.0218],[-64.2526,-31.0163],[-64.2621,-31.0074],[-64.2691,-31.012],[-64.2723,-31.0198],[-64.273,-31.0244],[-64.2756,-31.0242],[-64.2791,-31.0197],[-64.2863,-31.0185],[-64.2891,-31.0205],[-64.2858,-31.025],[-64.2791,-31.0257],[-64.2818,-31.0331],[-64.2851,-31.0299],[-64.2881,-31.0305],[-64.2908,-31.0369],[-64.2875,-31.0405],[-64.2879,-31.0457],[-64.2903,-31.0498],[-64.3057,-31.0564],[-64.3062,-31.0655],[-64.3025,-31.0703],[-64.3026,-31.0752],[-64.3071,-31.078],[-64.3181,-31.0831],[-64.3222,-31.0827],[-64.33,-31.0778],[-64.3319,-31.08],[-64.3282,-31.0846],[-64.3195,-31.0853],[-64.3135,-31.0874],[-64.3058,-31.0882],[-64.3029,-31.0927],[-64.2978,-31.0948],[-64.3011,-31.1011],[-64.3016,-31.1063],[-64.3034,-31.1084],[-64.3083,-31.1085],[-64.3095,-31.1166],[-64.2977,-31.1213],[-64.2985,-31.1253],[-64.3046,-31.1281],[-64.308,-31.1391],[-64.3107,-31.1429],[-64.3106,-31.1476],[-64.3128,-31.1495],[-64.3226,-31.1485],[-64.3262,-31.1427],[-64.3327,-31.1357],[-64.338,-31.1282],[-64.3436,-31.1252],[-64.3509,-31.119],[-64.3574,-31.118],[-64.3694,-31.1185],[-64.3722,-31.1194],[-64.3794,-31.1178],[-64.3847,-31.1216],[-64.3966,-31.123],[-64.4042,-31.1226],[-64.403,-31.1154],[-64.3995,-31.1128],[-64.3853,-31.1104],[-64.3819,-31.1071],[-64.3817,-31.1042],[-64.4003,-31.0917],[-64.4046,-31.088],[-64.4033,-31.0832],[-64.3971,-31.0838],[-64.3953,-31.0845],[-64.3931,-31.085],[-64.3907,-31.0854],[-64.3876,-31.0845],[-64.3721,-31.0848],[-64.3714,-31.0824],[-64.3663,-31.0821],[-64.3656,-31.0793],[-64.3738,-31.077],[-64.376,-31.0731],[-64.3824,-31.0724],[-64.3785,-31.0666],[-64.3715,-31.0735],[-64.3663,-31.0752],[-64.3648,-31.0736],[-64.3662,-31.0687],[-64.3594,-31.0643],[-64.3485,-31.0644],[-64.3433,-31.0661],[-64.3357,-31.0574],[-64.3341,-31.052],[-64.3363,-31.0494],[-64.343,-31.0477],[-64.3512,-31.0386],[-64.3553,-31.0401],[-64.3605,-31.0388],[-64.3646,-31.0358],[-64.3641,-31.0268],[-64.3731,-31.0245],[-64.3801,-31.0212],[-64.3827,-31.0176],[-64.38,-31.0124],[-64.3799,-31.0076],[-64.3859,-31.0059],[-64.3885,-31.003],[-64.388,-30.9978],[-64.3954,-30.9891],[-64.4011,-30.9922],[-64.4063,-30.9925],[-64.4137,-30.9889],[-64.4186,-30.9878],[-64.4185,-30.9836],[-64.4148,-30.983],[-64.4166,-30.9772],[-64.4237,-30.9771],[-64.4212,-30.9832],[-64.4302,-30.9858],[-64.4322,-30.9735],[-64.4314,-30.97],[-64.4312,-30.9525],[-64.4364,-30.9505],[-64.4405,-30.9531],[-64.4469,-30.953],[-64.4495,-30.9491],[-64.4528,-30.9481],[-64.4546,-30.9407],[-64.4515,-30.9375],[-64.447,-30.9369],[-64.4437,-30.9414],[-64.4396,-30.9395],[-64.4435,-30.9247],[-64.4532,-30.9255],[-64.4543,-30.9223],[-64.454,-30.9013],[-64.455,-30.8945],[-64.4582,-30.8826],[-64.4581,-30.8758],[-64.4535,-30.87],[-64.4538,-30.8623],[-64.4607,-30.8588],[-64.4599,-30.881],[-64.4632,-30.8811],[-64.47,-30.8754],[-64.47,-30.8827],[-64.4759,-30.8852],[-64.4797,-30.883],[-64.48,-30.8747],[-64.4868,-30.875],[-64.4901,-30.8685],[-64.4944,-30.871],[-64.4871,-30.8814],[-64.4867,-30.8871],[-64.4825,-30.8894],[-64.4741,-30.8962],[-64.4711,-30.8949],[-64.4711,-30.8912],[-64.4602,-30.8915],[-64.46,-30.8952],[-64.4661,-30.8993],[-64.4715,-30.8997],[-64.4742,-30.8967],[-64.4806,-30.9035],[-64.4807,-30.9103],[-64.4765,-30.915],[-64.4771,-30.9218],[-64.4806,-30.9262],[-64.4783,-30.9282],[-64.4782,-30.9376],[-64.4729,-30.9395],[-64.4683,-30.9373],[-64.4622,-30.939],[-64.4652,-30.9435],[-64.4653,-30.9463],[-64.4583,-30.9466],[-64.4571,-30.95],[-64.4639,-30.9598],[-64.4635,-30.9695],[-64.459,-30.97],[-64.4547,-30.967],[-64.4516,-30.9609],[-64.4493,-30.965],[-64.452,-30.9668],[-64.4519,-30.9755],[-64.4533,-30.9824],[-64.4565,-30.9847],[-64.4618,-30.9715],[-64.4742,-30.9744],[-64.4724,-30.9778],[-64.4673,-30.977],[-64.4607,-30.9809],[-64.4616,-30.9844],[-64.4659,-30.9885],[-64.4625,-30.9896],[-64.4571,-30.9881],[-64.4537,-30.9936],[-64.4506,-30.996],[-64.4467,-31.0031],[-64.4531,-31.0044],[-64.4542,-31.0076],[-64.4492,-31.0088],[-64.4477,-31.0143],[-64.4551,-31.0131],[-64.4568,-31.0174],[-64.4547,-31.0239],[-64.4556,-31.0303],[-64.4516,-31.0299],[-64.4509,-31.0352],[-64.4525,-31.037],[-64.4525,-31.0503],[-64.4504,-31.0569],[-64.4524,-31.0601],[-64.4529,-31.0789],[-64.4559,-31.0835],[-64.4607,-31.0841],[-64.4656,-31.0873],[-64.4711,-31.0824],[-64.4751,-31.0851],[-64.4793,-31.0837],[-64.4847,-31.0838],[-64.4876,-31.0795],[-64.4841,-31.0788],[-64.4781,-31.0729],[-64.4863,-31.0675],[-64.4866,-31.0639],[-64.4846,-31.0598],[-64.485,-31.056],[-64.4792,-31.0548],[-64.4734,-31.0461],[-64.4696,-31.0418],[-64.4703,-31.0385],[-64.4752,-31.0413],[-64.4777,-31.0452],[-64.4838,-31.043],[-64.4765,-31.0388],[-64.471,-31.0262],[-64.4752,-31.0237],[-64.4801,-31.0314],[-64.483,-31.0302],[-64.4838,-31.0243],[-64.4883,-31.0237],[-64.489,-31.0171],[-64.4871,-31.0127],[-64.4806,-31.0121],[-64.4751,-31.0168],[-64.4696,-31.0145],[-64.4748,-31.0115],[-64.4912,-31.0069],[-64.488,-31.004],[-64.4907,-30.9984],[-64.4798,-30.9927],[-64.4783,-30.983],[-64.48,-30.9755],[-64.5028,-30.9681],[-64.5113,-30.9636],[-64.5145,-30.9508],[-64.4985,-30.9615],[-64.494,-30.9627],[-64.4876,-30.9609],[-64.4949,-30.9569],[-64.5038,-30.9472],[-64.5018,-30.9424],[-64.5059,-30.9405],[-64.5082,-30.9366],[-64.5078,-30.9279],[-64.5102,-30.9258],[-64.5094,-30.9168],[-64.5052,-30.9158],[-64.5052,-30.908],[-64.5033,-30.9021],[-64.506,-30.9004],[-64.5109,-30.9052],[-64.5097,-30.896],[-64.5147,-30.893],[-64.5216,-30.8943],[-64.5256,-30.8935],[-64.5277,-30.8892],[-64.5242,-30.8852],[-64.5183,-30.8865],[-64.5185,-30.881],[-64.513,-30.8736],[-64.5186,-30.87],[-64.5172,-30.8645],[-64.5009,-30.862],[-64.5089,-30.8597],[-64.5094,-30.8548],[-64.512,-30.8537],[-64.5146,-30.8578],[-64.5191,-30.8534],[-64.5282,-30.8469],[-64.5309,-30.8433],[-64.5308,-30.835],[-64.5321,-30.8305],[-64.532,-30.8161],[-64.5299,-30.8057],[-64.5312,-30.7928],[-64.523,-30.7857],[-64.5155,-30.7853],[-64.5131,-30.7833],[-64.4981,-30.7833],[-64.4911,-30.782],[-64.4887,-30.7784],[-64.484,-30.7758],[-64.4864,-30.7726],[-64.4939,-30.7711],[-64.4949,-30.7735],[-64.5033,-30.7756],[-64.5079,-30.7751],[-64.5244,-30.7791],[-64.5354,-30.7778],[-64.5344,-30.7834],[-64.54,-30.7959],[-64.5462,-30.7976],[-64.5521,-30.8025],[-64.5604,-30.8057],[-64.5655,-30.8117],[-64.5656,-30.8171],[-64.569,-30.8245],[-64.5672,-30.8371],[-64.5694,-30.846],[-64.5674,-30.8525],[-64.5675,-30.8571],[-64.556,-30.8662],[-64.5586,-30.8687],[-64.576,-30.8685],[-64.5752,-30.8728],[-64.5663,-30.8836],[-64.5596,-30.8819],[-64.5547,-30.8859],[-64.563,-30.8883],[-64.5713,-30.8861],[-64.5716,-30.8899],[-64.5744,-30.8932],[-64.5681,-30.8992],[-64.562,-30.8972],[-64.5582,-30.9053],[-64.5606,-30.9139],[-64.556,-30.9201],[-64.5556,-30.928],[-64.5481,-30.9276],[-64.5437,-30.9298],[-64.5449,-30.9375],[-64.5403,-30.9428],[-64.5345,-30.9423],[-64.535,-30.9397],[-64.5417,-30.9367],[-64.5398,-30.927],[-64.5361,-30.9249],[-64.5274,-30.9291],[-64.5233,-30.9379],[-64.5248,-30.9413],[-64.5348,-30.9469],[-64.5335,-30.95],[-64.526,-30.9477],[-64.5247,-30.9527],[-64.5276,-30.9598],[-64.5315,-30.9612],[-64.5423,-30.9541],[-64.5443,-30.9492],[-64.5524,-30.9442],[-64.5528,-30.9474],[-64.5482,-30.9493],[-64.5474,-30.9541],[-64.5441,-30.9561],[-64.542,-30.9611],[-64.5415,-30.9661],[-64.538,-30.969],[-64.5395,-30.9766],[-64.5385,-30.9826],[-64.5349,-30.9862],[-64.5326,-30.9817],[-64.5288,-30.9856],[-64.5341,-30.9891],[-64.5397,-30.9891],[-64.5427,-30.986],[-64.5412,-30.9807],[-64.5433,-30.974],[-64.5491,-30.9718],[-64.5512,-30.9672],[-64.5549,-30.9639],[-64.55,-30.9622],[-64.5497,-30.9596],[-64.5547,-30.959],[-64.5573,-30.9569],[-64.557,-30.95],[-64.5595,-30.9459],[-64.5672,-30.9479],[-64.5632,-30.952],[-64.5636,-30.9592],[-64.5608,-30.9611],[-64.5584,-30.9662],[-64.5537,-30.9686],[-64.5494,-30.9737],[-64.5508,-30.977],[-64.559,-30.986],[-64.5541,-30.9886],[-64.5608,-30.9915],[-64.5655,-30.9969],[-64.5716,-30.9951],[-64.5815,-30.9907],[-64.5871,-30.9906],[-64.5866,-30.9952],[-64.5753,-30.9972],[-64.5712,-31.0018],[-64.5712,-31.0054],[-64.5768,-31.0069],[-64.5832,-31.0107],[-64.5819,-31.0167],[-64.5784,-31.0177],[-64.5798,-31.0241],[-64.5738,-31.0285],[-64.5786,-31.0301],[-64.5817,-31.0339],[-64.5859,-31.0227],[-64.5888,-31.0281],[-64.5872,-31.0341],[-64.5812,-31.0375],[-64.5796,-31.0411],[-64.5871,-31.0436],[-64.5883,-31.0476],[-64.5936,-31.0497],[-64.5924,-31.065],[-64.5886,-31.0693],[-64.5893,-31.0746],[-64.5854,-31.0756],[-64.5869,-31.0792],[-64.5829,-31.0837],[-64.5795,-31.0828],[-64.5778,-31.0775],[-64.5731,-31.0786],[-64.5719,-31.0845],[-64.5582,-31.0874],[-64.5564,-31.0903],[-64.5562,-31.0999],[-64.5588,-31.1008],[-64.5595,-31.1069],[-64.5647,-31.1073],[-64.5642,-31.1148],[-64.5586,-31.1158],[-64.558,-31.1193],[-64.5752,-31.1181],[-64.5747,-31.1042],[-64.5909,-31.1043],[-64.5896,-31.106],[-64.5916,-31.1104],[-64.5903,-31.1166],[-64.5926,-31.1278],[-64.5971,-31.1275],[-64.5946,-31.1209],[-64.5992,-31.0948],[-64.5996,-31.0869],[-64.6066,-31.0828],[-64.613,-31.0808],[-64.6168,-31.0822],[-64.6142,-31.0894],[-64.6186,-31.0935],[-64.6227,-31.1005],[-64.6249,-31.1069],[-64.6261,-31.1138],[-64.6332,-31.1083],[-64.6357,-31.1116],[-64.6333,-31.1144],[-64.6339,-31.1194],[-64.6435,-31.1089],[-64.6437,-31.1154],[-64.6439,-31.1248],[-64.6465,-31.1358],[-64.6458,-31.1417],[-64.65,-31.1396],[-64.6525,-31.1324],[-64.6506,-31.1281],[-64.6528,-31.123],[-64.6583,-31.1239],[-64.6655,-31.1273],[-64.6632,-31.1305],[-64.6672,-31.132],[-64.6663,-31.1415],[-64.6709,-31.1451],[-64.6782,-31.1491],[-64.6808,-31.1456],[-64.6769,-31.1409],[-64.676,-31.131],[-64.6724,-31.1265],[-64.6721,-31.1143],[-64.67,-31.1098],[-64.6702,-31.105],[-64.6659,-31.1023],[-64.654,-31.1063],[-64.651,-31.1066],[-64.6464,-31.1037],[-64.6492,-31.1009],[-64.6581,-31.1019],[-64.6693,-31.099],[-64.6724,-31.0953],[-64.6713,-31.0786],[-64.6615,-31.0812],[-64.6524,-31.0912],[-64.6481,-31.0922],[-64.644,-31.0889],[-64.6448,-31.0828],[-64.6466,-31.0789],[-64.6505,-31.077],[-64.6521,-31.0738],[-64.6571,-31.071],[-64.6604,-31.0636],[-64.658,-31.0616],[-64.6546,-31.0655],[-64.6516,-31.0648],[-64.655,-31.0566],[-64.6437,-31.0679],[-64.6426,-31.0663],[-64.6427,-31.0585],[-64.638,-31.062],[-64.636,-31.0715],[-64.6292,-31.0768],[-64.6282,-31.0798],[-64.6216,-31.084],[-64.6308,-31.0695],[-64.633,-31.0676],[-64.633,-31.0631],[-64.6353,-31.0597],[-64.6462,-31.05],[-64.6431,-31.0472],[-64.6429,-31.0431],[-64.6452,-31.0362],[-64.6449,-31.0328],[-64.6401,-31.0293],[-64.6378,-31.026],[-64.6376,-31.0182],[-64.6398,-31.0138],[-64.6486,-31.008],[-64.6506,-30.9996],[-64.654,-31.0048],[-64.659,-31.0057],[-64.6631,-30.9975],[-64.6656,-31.0028],[-64.6728,-31.0029],[-64.6761,-31.001],[-64.675,-30.9981],[-64.67,-30.9994],[-64.665,-30.9959],[-64.6685,-30.9937],[-64.6644,-30.9815],[-64.6572,-30.979],[-64.6564,-30.9761],[-64.6599,-30.9732],[-64.658,-30.9676],[-64.6506,-30.9803],[-64.6475,-30.9794],[-64.6465,-30.973],[-64.6517,-30.9681],[-64.6533,-30.9626],[-64.6517,-30.9568],[-64.6466,-30.9572],[-64.6475,-30.9639],[-64.6403,-30.9642],[-64.6418,-30.9673],[-64.6385,-30.9697],[-64.6386,-30.9738],[-64.6285,-30.9708],[-64.6373,-30.968],[-64.636,-30.954],[-64.6393,-30.9511],[-64.6448,-30.9503],[-64.6435,-30.9392],[-64.6385,-30.9389],[-64.6394,-30.9263],[-64.6419,-30.9262],[-64.6391,-30.9141],[-64.6411,-30.9103],[-64.6394,-30.9062],[-64.6401,-30.9007],[-64.6344,-30.8939],[-64.6393,-30.8806],[-64.6374,-30.8706],[-64.6431,-30.8569],[-64.6552,-30.8431],[-64.6639,-30.8409],[-64.6624,-30.8259],[-64.6515,-30.8174],[-64.656,-30.8204],[-64.6596,-30.811],[-64.6847,-30.8106],[-64.6803,-30.8162],[-64.6761,-30.8147],[-64.6713,-30.8172],[-64.6723,-30.8215],[-64.6788,-30.8321],[-64.6799,-30.8402],[-64.679,-30.8443],[-64.6756,-30.8475],[-64.6704,-30.8476],[-64.6635,-30.8503],[-64.6592,-30.8502],[-64.6531,-30.8549],[-64.651,-30.8623],[-64.6516,-30.8673],[-64.649,-30.8766],[-64.6509,-30.8837],[-64.6515,-30.8906],[-64.646,-30.894],[-64.6482,-30.9005],[-64.6519,-30.9031],[-64.6584,-30.8998],[-64.6595,-30.9012],[-64.6518,-30.9103],[-64.6565,-30.9104],[-64.6584,-30.9142],[-64.6649,-30.9143],[-64.6738,-30.9183],[-64.6748,-30.9214],[-64.6803,-30.9277],[-64.6747,-30.9344],[-64.6787,-30.9382],[-64.6752,-30.9476],[-64.671,-30.951],[-64.6648,-30.9467],[-64.6618,-30.9423],[-64.6679,-30.9408],[-64.6665,-30.9361],[-64.6719,-30.9342],[-64.6708,-30.9319],[-64.6637,-30.9309],[-64.6609,-30.9321],[-64.658,-30.9292],[-64.6552,-30.9309],[-64.657,-30.9425],[-64.6635,-30.9544],[-64.6663,-30.9576],[-64.6691,-30.9538],[-64.6727,-30.9531],[-64.6745,-30.9579],[-64.6748,-30.9646],[-64.6778,-30.9642],[-64.6784,-30.9571],[-64.6755,-30.9522],[-64.6793,-30.9481],[-64.6797,-30.943],[-64.6849,-30.9425],[-64.6879,-30.9452],[-64.6833,-30.9476],[-64.6867,-30.9548],[-64.6854,-30.9617],[-64.6919,-30.9644],[-64.6906,-30.969],[-64.6923,-30.9721],[-64.6964,-30.9691],[-64.7043,-30.9663],[-64.7068,-30.9678],[-64.7039,-30.972],[-64.6952,-30.9737],[-64.6947,-30.9753],[-64.6868,-30.9761],[-64.6842,-30.98],[-64.6875,-30.9859],[-64.6857,-30.9889],[-64.6819,-30.9855],[-64.6755,-30.9849],[-64.6782,-30.989],[-64.6778,-30.9938],[-64.6847,-30.9937],[-64.6877,-30.9989],[-64.6906,-30.9996],[-64.6933,-30.9904],[-64.6968,-30.9872],[-64.7,-30.9883],[-64.6969,-30.9967],[-64.697,-31.0009],[-64.69,-31.0073],[-64.6891,-31.0169],[-64.6923,-31.0196],[-64.6921,-31.024],[-64.6847,-31.0245],[-64.6875,-31.0304],[-64.6792,-31.0303],[-64.6709,-31.0261],[-64.6656,-31.0246],[-64.6624,-31.0221],[-64.6638,-31.0196],[-64.6583,-31.0141],[-64.6535,-31.0142],[-64.6482,-31.0175],[-64.6473,-31.0241],[-64.6546,-31.035],[-64.6515,-31.0366],[-64.6516,-31.0405],[-64.6582,-31.0457],[-64.6631,-31.0479],[-64.6653,-31.0508],[-64.6738,-31.0516],[-64.6822,-31.0497],[-64.688,-31.0464],[-64.6888,-31.042],[-64.6974,-31.0353],[-64.6985,-31.0415],[-64.7016,-31.0393],[-64.7054,-31.0403],[-64.702,-31.0451],[-64.7018,-31.0483],[-64.6971,-31.0529],[-64.6941,-31.0632],[-64.7007,-31.06],[-64.7045,-31.062],[-64.7116,-31.063],[-64.7151,-31.0711],[-64.7078,-31.0715],[-64.7026,-31.0762],[-64.6981,-31.0783],[-64.6968,-31.0813],[-64.6904,-31.0763],[-64.6841,-31.0785],[-64.6841,-31.0819],[-64.6813,-31.0869],[-64.6975,-31.0897],[-64.691,-31.0937],[-64.6893,-31.0914],[-64.6848,-31.0903],[-64.683,-31.0929],[-64.6841,-31.0967],[-64.68,-31.1034],[-64.6804,-31.1118],[-64.6839,-31.1132],[-64.6891,-31.1103],[-64.7053,-31.1074],[-64.7031,-31.1026],[-64.7105,-31.1037],[-64.7112,-31.1101],[-64.707,-31.1136],[-64.7098,-31.117],[-64.7132,-31.1176],[-64.7111,-31.1235],[-64.7125,-31.1265],[-64.7105,-31.1308],[-64.705,-31.1285],[-64.6993,-31.1238],[-64.6949,-31.1239],[-64.7023,-31.1343],[-64.6997,-31.1434],[-64.7036,-31.1471],[-64.6988,-31.1544],[-64.6965,-31.1544],[-64.7023,-31.1658],[-64.7068,-31.169],[-64.7113,-31.1747],[-64.7125,-31.179],[-64.7048,-31.1843],[-64.7044,-31.1915],[-64.7063,-31.201],[-64.701,-31.2111],[-64.697,-31.2212],[-64.6879,-31.2166],[-64.6817,-31.2185],[-64.6917,-31.2332],[-64.6912,-31.2452],[-64.6844,-31.2542],[-64.6818,-31.2602],[-64.6805,-31.2686],[-64.6778,-31.2734],[-64.6667,-31.2723],[-64.6669,-31.2819],[-64.669,-31.286],[-64.6761,-31.2925],[-64.6693,-31.3003],[-64.6673,-31.3069],[-64.6577,-31.313],[-64.6519,-31.3119],[-64.6468,-31.3145],[-64.6459,-31.3116],[-64.6399,-31.3171],[-64.6499,-31.3176],[-64.6508,-31.3214],[-64.6545,-31.3273],[-64.6602,-31.3291],[-64.6597,-31.3372],[-64.6625,-31.3392],[-64.6673,-31.3396],[-64.665,-31.3509],[-64.6775,-31.3625],[-64.6747,-31.3809],[-64.6749,-31.3888],[-64.6737,-31.4098],[-64.6663,-31.423],[-64.665,-31.4348],[-64.6743,-31.4347],[-64.6756,-31.438],[-64.6764,-31.4468],[-64.6741,-31.4508],[-64.6676,-31.4463],[-64.6648,-31.4514],[-64.6647,-31.4548],[-64.6598,-31.4598],[-64.6528,-31.461],[-64.6487,-31.4634],[-64.6507,-31.47],[-64.6432,-31.4668],[-64.6345,-31.4724],[-64.626,-31.476],[-64.6237,-31.4724],[-64.6236,-31.4687],[-64.6317,-31.4687],[-64.6294,-31.466],[-64.6307,-31.4617],[-64.6378,-31.4494],[-64.6438,-31.442],[-64.6393,-31.4412],[-64.636,-31.4444],[-64.6286,-31.4486],[-64.6221,-31.4397],[-64.6192,-31.4379],[-64.6109,-31.4388],[-64.6038,-31.443],[-64.598,-31.4479],[-64.5949,-31.4466],[-64.5962,-31.4419],[-64.6008,-31.4417],[-64.6076,-31.4372],[-64.6047,-31.4355],[-64.5995,-31.4355],[-64.5957,-31.432],[-64.5912,-31.4345],[-64.5861,-31.4333],[-64.5901,-31.4295],[-64.5815,-31.4296],[-64.5766,-31.4251],[-64.5749,-31.432],[-64.5711,-31.4316],[-64.5632,-31.4155],[-64.5574,-31.4139],[-64.5539,-31.4149],[-64.552,-31.4212],[-64.5484,-31.4208],[-64.5488,-31.4154],[-64.5534,-31.4138],[-64.5536,-31.4093],[-64.5574,-31.4048],[-64.5525,-31.4006],[-64.5523,-31.3949],[-64.5601,-31.3886],[-64.5548,-31.3868],[-64.5487,-31.3892],[-64.5429,-31.3898],[-64.5398,-31.3876],[-64.5326,-31.3877],[-64.5314,-31.3818],[-64.5222,-31.3812],[-64.5148,-31.3884],[-64.5127,-31.397],[-64.5155,-31.3977],[-64.5167,-31.4035],[-64.5201,-31.4089],[-64.5264,-31.4033],[-64.5371,-31.4055],[-64.5326,-31.4078],[-64.5322,-31.4137],[-64.5355,-31.4142],[-64.539,-31.4091],[-64.5427,-31.4128],[-64.5474,-31.4107],[-64.5448,-31.4188],[-64.5418,-31.4239],[-64.5331,-31.4214],[-64.5267,-31.4217],[-64.522,-31.4251],[-64.5132,-31.4269],[-64.5143,-31.4304],[-64.518,-31.434],[-64.5212,-31.436],[-64.5246,-31.4422],[-64.5241,-31.4481],[-64.5273,-31.4508],[-64.5287,-31.4577],[-64.5335,-31.4594],[-64.5363,-31.4638],[-64.5449,-31.4623],[-64.5503,-31.4613],[-64.554,-31.4586],[-64.5602,-31.4621],[-64.5564,-31.4636],[-64.5551,-31.4719],[-64.5565,-31.4752],[-64.5673,-31.4721],[-64.5694,-31.4803],[-64.5732,-31.4863],[-64.5778,-31.4974],[-64.5837,-31.5023],[-64.586,-31.5064],[-64.59,-31.5099],[-64.5951,-31.5165],[-64.6045,-31.5139],[-64.6025,-31.5216],[-64.6054,-31.5243],[-64.6096,-31.523],[-64.6102,-31.5175],[-64.6198,-31.5099],[-64.6265,-31.512],[-64.6302,-31.5097],[-64.621,-31.5057],[-64.6109,-31.5092],[-64.605,-31.5068],[-64.6066,-31.5035],[-64.6116,-31.5029],[-64.6128,-31.4982],[-64.6064,-31.4944],[-64.6001,-31.499],[-64.6008,-31.494],[-64.6046,-31.4916],[-64.6108,-31.4898],[-64.6123,-31.4934],[-64.619,-31.4983],[-64.6218,-31.4959],[-64.6282,-31.498],[-64.6284,-31.4934],[-64.6239,-31.4911],[-64.6224,-31.4866],[-64.6251,-31.482],[-64.6291,-31.4836],[-64.6297,-31.4877],[-64.6353,-31.487],[-64.6478,-31.4891],[-64.6592,-31.4887],[-64.6628,-31.487],[-64.6647,-31.4835],[-64.6621,-31.4768],[-64.6566,-31.4826],[-64.6559,-31.4735],[-64.6635,-31.4652],[-64.6677,-31.4667],[-64.6719,-31.4654],[-64.6742,-31.4616],[-64.6698,-31.4585],[-64.674,-31.4568],[-64.6782,-31.4608],[-64.6803,-31.4562],[-64.686,-31.4586],[-64.6866,-31.4631],[-64.6903,-31.4676],[-64.7014,-31.4666],[-64.7061,-31.4712],[-64.7086,-31.4779],[-64.7119,-31.4827],[-64.7087,-31.4858],[-64.6969,-31.4851],[-64.696,-31.4889],[-64.6925,-31.4912],[-64.6902,-31.4879],[-64.6749,-31.49],[-64.6699,-31.4939],[-64.6701,-31.4887],[-64.6736,-31.4882],[-64.6732,-31.4824],[-64.6691,-31.4846],[-64.6657,-31.4915],[-64.6603,-31.4938],[-64.6595,-31.5042],[-64.6679,-31.503],[-64.6703,-31.4983],[-64.6741,-31.4969],[-64.6758,-31.5042],[-64.6788,-31.5053],[-64.6805,-31.5067],[-64.6766,-31.5119],[-64.6786,-31.5165],[-64.679,-31.522],[-64.6813,-31.5249],[-64.6846,-31.5244],[-64.6923,-31.5246],[-64.6968,-31.5232],[-64.6976,-31.5222],[-64.6935,-31.5216],[-64.6902,-31.5187],[-64.6857,-31.5189],[-64.6846,-31.5159],[-64.6892,-31.5098],[-64.6953,-31.5098],[-64.6954,-31.5173],[-64.7012,-31.5161],[-64.7071,-31.5186],[-64.7191,-31.5334],[-64.7181,-31.5409],[-64.7083,-31.5515],[-64.7061,-31.5516],[-64.6937,-31.547],[-64.6931,-31.5449],[-64.6972,-31.545],[-64.6991,-31.5408],[-64.7033,-31.5401],[-64.7037,-31.5304],[-64.6976,-31.5308],[-64.7004,-31.537],[-64.696,-31.5415],[-64.6925,-31.5432],[-64.6891,-31.5375],[-64.6746,-31.5358],[-64.6657,-31.5368],[-64.6671,-31.5407],[-64.6601,-31.5427],[-64.6628,-31.5471],[-64.6604,-31.5487],[-64.6604,-31.5556],[-64.6649,-31.5553],[-64.6631,-31.5498],[-64.6646,-31.5464],[-64.6692,-31.5463],[-64.6693,-31.5511],[-64.676,-31.5539],[-64.6784,-31.5615],[-64.6696,-31.5721],[-64.6641,-31.5731],[-64.6754,-31.5806],[-64.6755,-31.5854],[-64.671,-31.5883],[-64.6712,-31.5969],[-64.6679,-31.6017],[-64.6613,-31.6065],[-64.657,-31.6123],[-64.6616,-31.6199],[-64.6606,-31.6266],[-64.6539,-31.6295],[-64.654,-31.6334],[-64.6563,-31.6391],[-64.6451,-31.6363],[-64.6409,-31.6262],[-64.6449,-31.6264],[-64.6471,-31.6287],[-64.653,-31.6274],[-64.6534,-31.6251],[-64.6455,-31.621],[-64.641,-31.6159],[-64.6303,-31.6127],[-64.6287,-31.6154],[-64.629,-31.6235],[-64.6378,-31.6237],[-64.6346,-31.6276],[-64.6286,-31.6311],[-64.6293,-31.6346],[-64.6256,-31.6375],[-64.634,-31.638],[-64.6341,-31.6422],[-64.6364,-31.645],[-64.6378,-31.6603],[-64.6444,-31.6583],[-64.6524,-31.6687],[-64.6591,-31.6705],[-64.6581,-31.6734],[-64.6648,-31.6781],[-64.6715,-31.678],[-64.675,-31.6827],[-64.6751,-31.6923],[-64.6719,-31.6961],[-64.6715,-31.7005],[-64.6656,-31.6971],[-64.6646,-31.7046],[-64.669,-31.7096],[-64.6685,-31.7232],[-64.6637,-31.726],[-64.6678,-31.7321],[-64.6703,-31.7382],[-64.6672,-31.7444],[-64.6729,-31.747],[-64.6745,-31.7405],[-64.6795,-31.7399],[-64.6823,-31.7436],[-64.6827,-31.7472],[-64.6731,-31.7501],[-64.6676,-31.7543],[-64.6609,-31.754],[-64.6604,-31.7507],[-64.6502,-31.7514],[-64.6489,-31.7528],[-64.6489,-31.7619],[-64.6424,-31.7653],[-64.6434,-31.7687],[-64.6426,-31.7686],[-64.6337,-31.7655],[-64.6326,-31.7715],[-64.6375,-31.7714],[-64.6421,-31.7736],[-64.6487,-31.7734],[-64.6563,-31.7854],[-64.6532,-31.7845],[-64.6506,-31.7811],[-64.6457,-31.7816],[-64.6455,-31.7861],[-64.6456,-31.7901],[-64.6401,-31.7896],[-64.6391,-31.7933],[-64.6344,-31.7945],[-64.6329,-31.8014],[-64.6283,-31.7926],[-64.6356,-31.7902],[-64.6385,-31.7862],[-64.6296,-31.7876],[-64.6261,-31.7911],[-64.6172,-31.7906],[-64.6135,-31.7886],[-64.6075,-31.7945],[-64.6058,-31.8013],[-64.601,-31.8032],[-64.5943,-31.8078],[-64.5844,-31.8076],[-64.5776,-31.8096],[-64.5784,-31.8169],[-64.5825,-31.8188],[-64.5813,-31.8298],[-64.5827,-31.8314],[-64.5889,-31.8309],[-64.5959,-31.8355],[-64.5958,-31.8468],[-64.602,-31.8434],[-64.6085,-31.8439],[-64.6093,-31.8461],[-64.6034,-31.8479],[-64.6047,-31.8518],[-64.6091,-31.8536],[-64.6103,-31.8603],[-64.6067,-31.8613],[-64.6016,-31.8571],[-64.5963,-31.8586],[-64.589,-31.8623],[-64.5845,-31.8697],[-64.5863,-31.8747],[-64.5905,-31.8747],[-64.5931,-31.8702],[-64.5971,-31.8676],[-64.5998,-31.8623],[-64.6033,-31.861],[-64.6046,-31.8647],[-64.6112,-31.8649],[-64.6136,-31.8596],[-64.6201,-31.8554],[-64.6202,-31.8524],[-64.6252,-31.8447],[-64.6331,-31.8457],[-64.631,-31.8521],[-64.6257,-31.8526],[-64.6254,-31.8558],[-64.6367,-31.8576],[-64.6385,-31.854],[-64.6437,-31.85],[-64.6491,-31.8506],[-64.6479,-31.8466],[-64.6497,-31.8416],[-64.6531,-31.8418],[-64.6555,-31.8462],[-64.6597,-31.8462],[-64.6595,-31.8413],[-64.6545,-31.8411],[-64.6533,-31.8382],[-64.6456,-31.8383],[-64.6451,-31.8321],[-64.6421,-31.8306],[-64.6358,-31.8301],[-64.6352,-31.8271],[-64.6279,-31.8258],[-64.627,-31.8228],[-64.6244,-31.824],[-64.6223,-31.8252],[-64.6205,-31.8202],[-64.6273,-31.818],[-64.6286,-31.8106],[-64.6323,-31.8102],[-64.631,-31.8142],[-64.6357,-31.8139],[-64.6395,-31.8175],[-64.6359,-31.8218],[-64.6469,-31.8231],[-64.6484,-31.8147],[-64.6473,-31.8131],[-64.6501,-31.8041],[-64.6555,-31.7979],[-64.6559,-31.7928],[-64.6589,-31.788],[-64.6597,-31.7834],[-64.6592,-31.7953],[-64.6612,-31.7976],[-64.6675,-31.796],[-64.667,-31.7882],[-64.6624,-31.7883],[-64.6645,-31.7826],[-64.6613,-31.7814],[-64.6571,-31.7796],[-64.6616,-31.7749],[-64.6637,-31.775],[-64.6637,-31.7789],[-64.6699,-31.7771],[-64.6741,-31.7703],[-64.6738,-31.767],[-64.668,-31.7657],[-64.6676,-31.7628],[-64.6706,-31.758],[-64.679,-31.7582],[-64.6822,-31.7605],[-64.6869,-31.7583],[-64.6911,-31.7592],[-64.6916,-31.7633],[-64.688,-31.7666],[-64.6874,-31.7694],[-64.6778,-31.7702],[-64.679,-31.7818],[-64.6825,-31.7866],[-64.6831,-31.794],[-64.6858,-31.796],[-64.6789,-31.8015],[-64.6759,-31.8061],[-64.6762,-31.8112],[-64.6901,-31.8125],[-64.6921,-31.8125],[-64.6949,-31.8202],[-64.6975,-31.818],[-64.6985,-31.8136],[-64.7045,-31.8136],[-64.7102,-31.811],[-64.7138,-31.8158],[-64.7128,-31.823],[-64.7128,-31.825],[-64.7199,-31.8258],[-64.723,-31.8177],[-64.7315,-31.8173],[-64.7331,-31.8126],[-64.7316,-31.8098],[-64.7371,-31.8136],[-64.738,-31.8191],[-64.7421,-31.8231],[-64.7376,-31.8315],[-64.7321,-31.8313],[-64.7284,-31.8282],[-64.721,-31.8274],[-64.7137,-31.8315],[-64.7179,-31.8326],[-64.723,-31.8307],[-64.7271,-31.835],[-64.7303,-31.8317],[-64.7364,-31.834],[-64.739,-31.8369],[-64.7434,-31.8524],[-64.7315,-31.8526],[-64.726,-31.8601],[-64.7365,-31.8661],[-64.7409,-31.8655],[-64.7432,-31.8708],[-64.7325,-31.8758],[-64.7232,-31.8761],[-64.7207,-31.878],[-64.724,-31.8839],[-64.7124,-31.8864],[-64.7224,-31.9057],[-64.7209,-31.9091],[-64.7174,-31.908],[-64.7109,-31.9104],[-64.7118,-31.9159],[-64.7144,-31.9183],[-64.712,-31.9233],[-64.7188,-31.9262],[-64.719,-31.9279],[-64.7363,-31.935],[-64.7375,-31.9268],[-64.7357,-31.9232],[-64.7289,-31.9217],[-64.7292,-31.9191],[-64.7344,-31.9175],[-64.7344,-31.9079],[-64.7421,-31.9062],[-64.7405,-31.9038],[-64.7258,-31.9059],[-64.7254,-31.9045],[-64.741,-31.9014],[-64.7442,-31.8983],[-64.7401,-31.8905],[-64.7405,-31.886],[-64.7456,-31.8854],[-64.7561,-31.8826],[-64.764,-31.8841],[-64.7673,-31.8889],[-64.7603,-31.8985],[-64.7612,-31.9039],[-64.7748,-31.9038],[-64.775,-31.914],[-64.78,-31.9189],[-64.7831,-31.9241],[-64.804,-31.9258],[-64.8065,-31.9319],[-64.8082,-31.9394],[-64.8034,-31.9402],[-64.8085,-31.953],[-64.7983,-31.9648],[-64.7981,-31.9696],[-64.8146,-31.9782],[-64.8054,-31.9849],[-64.8037,-31.9827],[-64.794,-31.9821],[-64.7922,-31.9862],[-64.7868,-31.9872],[-64.787,-31.9898],[-64.7951,-31.9877],[-64.7957,-31.9964],[-64.8004,-32.0006],[-64.8072,-32.0006],[-64.8048,-32.0124],[-64.8129,-32.0177],[-64.8131,-32.0272],[-64.8165,-32.034],[-64.8254,-32.0407],[-64.8352,-32.0494],[-64.8394,-32.0582],[-64.8339,-32.0658],[-64.8213,-32.0748],[-64.8191,-32.0844],[-64.8143,-32.0845],[-64.8079,-32.0886],[-64.8041,-32.0942],[-64.7996,-32.0959],[-64.8002,-32.0988],[-64.7856,-32.1014],[-64.7861,-32.1038],[-64.7783,-32.106],[-64.7789,-32.1133],[-64.7843,-32.1103],[-64.7869,-32.1121],[-64.7994,-32.1084],[-64.7977,-32.1011],[-64.8012,-32.1004],[-64.8027,-32.1088],[-64.8111,-32.1075],[-64.8119,-32.1111],[-64.8021,-32.1125],[-64.8028,-32.1195],[-64.8045,-32.1228],[-64.7996,-32.1295],[-64.7901,-32.1286],[-64.7925,-32.1455],[-64.7886,-32.1458],[-64.7866,-32.153],[-64.789,-32.1579],[-64.7794,-32.1534],[-64.7864,-32.1468],[-64.7865,-32.1413],[-64.7821,-32.1413],[-64.7812,-32.1483],[-64.7763,-32.1519],[-64.7785,-32.162],[-64.7733,-32.1606],[-64.7739,-32.151],[-64.7729,-32.148],[-64.7669,-32.1472],[-64.7643,-32.1494],[-64.7641,-32.1646],[-64.7647,-32.1736],[-64.768,-32.1742],[-64.7632,-32.1792],[-64.7545,-32.1793],[-64.7548,-32.1908],[-64.7615,-32.1917],[-64.7601,-32.1997],[-64.7612,-32.2049],[-64.757,-32.2128],[-64.7556,-32.2051],[-64.7502,-32.2081],[-64.7506,-32.213],[-64.7466,-32.2171],[-64.747,-32.2087],[-64.7443,-32.2091],[-64.7437,-32.2165],[-64.7466,-32.2171],[-64.7427,-32.2177],[-64.7419,-32.2215],[-64.7509,-32.2214],[-64.7481,-32.2273],[-64.7517,-32.2298],[-64.7518,-32.2351],[-64.7565,-32.2381],[-64.7514,-32.242],[-64.7549,-32.247],[-64.7577,-32.2462],[-64.7602,-32.2421],[-64.7674,-32.2402],[-64.7659,-32.2464],[-64.7688,-32.2517],[-64.7682,-32.2608],[-64.7701,-32.2636],[-64.7748,-32.2641],[-64.7769,-32.255],[-64.7762,-32.2479],[-64.7803,-32.2477],[-64.7847,-32.245],[-64.7872,-32.2477],[-64.7913,-32.247],[-64.7919,-32.2399],[-64.7974,-32.238],[-64.8028,-32.2456],[-64.8064,-32.245],[-64.8066,-32.2412],[-64.8124,-32.2405],[-64.8115,-32.2483],[-64.8167,-32.245],[-64.8205,-32.247],[-64.8266,-32.2415],[-64.8235,-32.2388],[-64.8234,-32.2343],[-64.8297,-32.2313],[-64.8339,-32.2341],[-64.8339,-32.2406],[-64.8383,-32.2443],[-64.8351,-32.247],[-64.8353,-32.2538],[-64.8273,-32.2546],[-64.8273,-32.2567],[-64.8201,-32.2588],[-64.8096,-32.2535],[-64.8098,-32.2617],[-64.8163,-32.2671],[-64.8134,-32.2732],[-64.806,-32.2756],[-64.8096,-32.2783],[-64.8207,-32.2739],[-64.8165,-32.2786],[-64.8152,-32.295],[-64.8112,-32.2976],[-64.8079,-32.2949],[-64.8019,-32.2971],[-64.8036,-32.292],[-64.802,-32.2892],[-64.7968,-32.2879],[-64.7974,-32.298],[-64.8023,-32.2998],[-64.8012,-32.3047],[-64.8007,-32.3144],[-64.8038,-32.313],[-64.8038,-32.3055],[-64.8055,-32.304],[-64.8126,-32.3051],[-64.8172,-32.3011],[-64.8204,-32.3106],[-64.8311,-32.3255],[-64.8345,-32.337],[-64.834,-32.3493],[-64.8275,-32.3473],[-64.825,-32.3412],[-64.8272,-32.3362],[-64.8276,-32.331],[-64.826,-32.3296],[-64.8256,-32.324],[-64.8206,-32.324],[-64.8187,-32.3279],[-64.8247,-32.3292],[-64.8251,-32.331],[-64.8217,-32.3372],[-64.8143,-32.3305],[-64.8101,-32.3337],[-64.8103,-32.3196],[-64.8061,-32.3211],[-64.8063,-32.3252],[-64.8046,-32.3372],[-64.8068,-32.3374],[-64.8041,-32.3422],[-64.8047,-32.3701],[-64.7958,-32.3689],[-64.7879,-32.3717],[-64.783,-32.3718],[-64.7751,-32.376],[-64.7808,-32.3814],[-64.7954,-32.3893],[-64.8042,-32.3858],[-64.8145,-32.3788],[-64.8194,-32.3829],[-64.8172,-32.3931],[-64.8198,-32.4019],[-64.803,-32.4083],[-64.812,-32.415],[-64.8225,-32.4148],[-64.8275,-32.427],[-64.8245,-32.4373],[-64.8206,-32.4421],[-64.8116,-32.4368],[-64.7979,-32.4322],[-64.7922,-32.4309],[-64.7876,-32.4406],[-64.7918,-32.45],[-64.7959,-32.4534],[-64.8056,-32.4567],[-64.8082,-32.4655],[-64.8027,-32.471],[-64.8101,-32.4811],[-64.8031,-32.4908],[-64.8033,-32.4935]],[[-64.7395,-32.3905],[-64.7391,-32.3947],[-64.7448,-32.3936],[-64.7447,-32.3886],[-64.7395,-32.3905]],[[-64.7194,-32.0349],[-64.7147,-32.0387],[-64.7171,-32.0407],[-64.7234,-32.0404],[-64.7233,-32.0375],[-64.7194,-32.0349]],[[-64.748,-32.0251],[-64.7492,-32.0309],[-64.7583,-32.0289],[-64.7632,-32.0309],[-64.7626,-32.0226],[-64.7677,-32.0198],[-64.7791,-32.0198],[-64.7785,-32.0113],[-64.7823,-32.0115],[-64.7853,-32.0158],[-64.7945,-32.0191],[-64.7949,-32.012],[-64.7929,-32.0064],[-64.7929,-32.0021],[-64.7971,-32.0026],[-64.7951,-31.9977],[-64.787,-31.9976],[-64.7864,-31.9902],[-64.7722,-31.9938],[-64.7724,-31.9662],[-64.7685,-31.965],[-64.7684,-31.9616],[-64.7634,-31.9598],[-64.7597,-31.9621],[-64.7505,-31.9598],[-64.7416,-31.9608],[-64.7397,-31.9626],[-64.7313,-31.9625],[-64.7294,-31.9602],[-64.7283,-31.9548],[-64.7238,-31.9565],[-64.7283,-31.9699],[-64.7329,-31.9702],[-64.7328,-31.9869],[-64.7377,-31.9886],[-64.7395,-31.9998],[-64.7431,-32.0025],[-64.7521,-32.0028],[-64.7513,-32.0096],[-64.7497,-32.0116],[-64.748,-32.0251]],[[-64.7283,-31.9699],[-64.7233,-31.9678],[-64.7218,-31.9715],[-64.7234,-31.9751],[-64.713,-31.975],[-64.7134,-31.9798],[-64.7237,-31.9798],[-64.7161,-31.984],[-64.7233,-31.99],[-64.731,-31.9839],[-64.7305,-31.9749],[-64.7283,-31.9699]],[[-64.7218,-31.9715],[-64.717,-31.9653],[-64.7119,-31.9678],[-64.7112,-31.9724],[-64.7204,-31.9724],[-64.7218,-31.9715]],[[-64.4493,-30.965],[-64.4491,-30.9616],[-64.4415,-30.9645],[-64.4423,-30.9666],[-64.4371,-30.9711],[-64.4372,-30.9731],[-64.4476,-30.9783],[-64.4482,-30.9733],[-64.4451,-30.9682],[-64.4493,-30.965]],[[-64.6571,-31.071],[-64.6651,-31.0753],[-64.6677,-31.0699],[-64.6658,-31.0665],[-64.6615,-31.0649],[-64.6608,-31.0691],[-64.6571,-31.071]],[[-64.5222,-31.3812],[-64.531,-31.3744],[-64.5354,-31.3694],[-64.5394,-31.3738],[-64.5478,-31.3693],[-64.5444,-31.3672],[-64.5442,-31.3641],[-64.5368,-31.3657],[-64.5236,-31.3742],[-64.5273,-31.3665],[-64.5193,-31.3697],[-64.5195,-31.3746],[-64.523,-31.3764],[-64.5222,-31.3812]],[[-64.6585,-31.9511],[-64.6489,-31.9511],[-64.6474,-31.9494],[-64.6409,-31.9513],[-64.6391,-31.9528],[-64.6315,-31.9473],[-64.6203,-31.9373],[-64.627,-31.9223],[-64.6304,-31.928],[-64.6343,-31.9269],[-64.6376,-31.9281],[-64.6499,-31.927],[-64.6507,-31.9219],[-64.6454,-31.9243],[-64.641,-31.9248],[-64.6329,-31.9223],[-64.6306,-31.9139],[-64.6305,-31.9066],[-64.6126,-31.9074],[-64.6114,-31.9087],[-64.611,-31.916],[-64.6076,-31.9156],[-64.5989,-31.9185],[-64.5911,-31.9221],[-64.5916,-31.9261],[-64.5967,-31.9233],[-64.6034,-31.9241],[-64.6032,-31.9283],[-64.6095,-31.9279],[-64.6147,-31.93],[-64.6147,-31.9358],[-64.6169,-31.9381],[-64.6113,-31.938],[-64.6143,-31.9345],[-64.6113,-31.93],[-64.607,-31.9306],[-64.6038,-31.9334],[-64.6045,-31.9392],[-64.6102,-31.9381],[-64.6065,-31.94],[-64.6026,-31.9447],[-64.6041,-31.9472],[-64.6106,-31.9491],[-64.6151,-31.9543],[-64.6228,-31.9585],[-64.6328,-31.9569],[-64.6327,-31.9613],[-64.6413,-31.959],[-64.6491,-31.9633],[-64.6415,-31.9688],[-64.641,-31.9772],[-64.6454,-31.9764],[-64.6455,-31.9758],[-64.6477,-31.9735],[-64.65,-31.9733],[-64.6529,-31.9717],[-64.6556,-31.9718],[-64.6573,-31.9699],[-64.654,-31.9658],[-64.6573,-31.9653],[-64.6605,-31.9695],[-64.6649,-31.9702],[-64.6702,-31.9756],[-64.6703,-31.9636],[-64.6735,-31.9599],[-64.6734,-31.9504],[-64.6623,-31.9509],[-64.6601,-31.9508],[-64.6608,-31.9493],[-64.6584,-31.9495],[-64.6585,-31.9511]],[[-64.6376,-31.9281],[-64.6344,-31.9279],[-64.6366,-31.9367],[-64.6396,-31.9379],[-64.6414,-31.9339],[-64.6408,-31.928],[-64.6376,-31.9281]],[[-64.6702,-31.9756],[-64.6772,-31.9769],[-64.6802,-31.9788],[-64.682,-31.9845],[-64.6858,-31.9843],[-64.684,-31.9706],[-64.6823,-31.963],[-64.676,-31.9652],[-64.6785,-31.9712],[-64.6754,-31.9743],[-64.6702,-31.9756]],[[-64.6734,-31.9504],[-64.6774,-31.952],[-64.6832,-31.9508],[-64.6837,-31.9413],[-64.6806,-31.9413],[-64.6722,-31.9443],[-64.6734,-31.9504]],[[-64.7426,-32.096],[-64.7404,-32.0873],[-64.7323,-32.0877],[-64.7316,-32.0852],[-64.7394,-32.0845],[-64.7385,-32.0795],[-64.7357,-32.0765],[-64.7364,-32.068],[-64.7326,-32.0546],[-64.7213,-32.0569],[-64.7236,-32.065],[-64.7252,-32.0663],[-64.7258,-32.0802],[-64.7129,-32.0825],[-64.7116,-32.076],[-64.707,-32.0768],[-64.7065,-32.0803],[-64.7003,-32.0807],[-64.6974,-32.0838],[-64.7004,-32.0889],[-64.7042,-32.0858],[-64.707,-32.0865],[-64.7225,-32.1079],[-64.7296,-32.107],[-64.7306,-32.1138],[-64.7287,-32.1171],[-64.7481,-32.1159],[-64.7461,-32.109],[-64.7611,-32.1085],[-64.7617,-32.1142],[-64.7668,-32.1122],[-64.7716,-32.1068],[-64.7781,-32.1052],[-64.7799,-32.1014],[-64.7778,-32.098],[-64.7784,-32.0947],[-64.7736,-32.095],[-64.7704,-32.098],[-64.7686,-32.0943],[-64.7683,-32.0933],[-64.7655,-32.092],[-64.7589,-32.092],[-64.7589,-32.0942],[-64.7426,-32.096]],[[-64.7965,-32.4184],[-64.7921,-32.4179],[-64.7894,-32.4198],[-64.7744,-32.4212],[-64.7721,-32.4172],[-64.7653,-32.4178],[-64.7646,-32.4214],[-64.7689,-32.422],[-64.7799,-32.4331],[-64.7918,-32.4287],[-64.7939,-32.4306],[-64.7984,-32.4277],[-64.8004,-32.4238],[-64.8052,-32.4302],[-64.8112,-32.4313],[-64.8091,-32.4356],[-64.8137,-32.4377],[-64.8178,-32.4325],[-64.8261,-32.4297],[-64.8196,-32.4227],[-64.8169,-32.4171],[-64.8137,-32.4167],[-64.8107,-32.4199],[-64.805,-32.4197],[-64.8043,-32.4152],[-64.7998,-32.4182],[-64.7965,-32.4184]],[[-64.7183,-32.4228],[-64.7218,-32.4264],[-64.7313,-32.4314],[-64.7383,-32.4284],[-64.7455,-32.4277],[-64.75,-32.4296],[-64.75,-32.4394],[-64.7464,-32.4438],[-64.7439,-32.4513],[-64.7381,-32.4544],[-64.7368,-32.4577],[-64.7393,-32.4598],[-64.7455,-32.4532],[-64.7494,-32.4558],[-64.7445,-32.4601],[-64.7448,-32.4649],[-64.7417,-32.4691],[-64.7437,-32.4777],[-64.7501,-32.4797],[-64.7559,-32.4773],[-64.76,-32.4786],[-64.7703,-32.4752],[-64.7722,-32.471],[-64.7766,-32.4719],[-64.7764,-32.4667],[-64.7714,-32.4628],[-64.7804,-32.4607],[-64.7838,-32.4614],[-64.7876,-32.4583],[-64.7868,-32.4543],[-64.7818,-32.4538],[-64.7849,-32.4475],[-64.7786,-32.4489],[-64.7694,-32.4414],[-64.7677,-32.4359],[-64.7639,-32.4369],[-64.7622,-32.4415],[-64.7718,-32.4471],[-64.7671,-32.4493],[-64.7609,-32.4543],[-64.757,-32.453],[-64.7581,-32.449],[-64.7549,-32.4477],[-64.7554,-32.4395],[-64.7578,-32.4345],[-64.7575,-32.4295],[-64.754,-32.4246],[-64.7582,-32.4199],[-64.7534,-32.4169],[-64.7438,-32.4215],[-64.7367,-32.4168],[-64.7324,-32.417],[-64.7298,-32.4239],[-64.7268,-32.42],[-64.7297,-32.4161],[-64.7262,-32.4133],[-64.7207,-32.4174],[-64.7183,-32.4228]],[[-64.7706,-32.4063],[-64.7707,-32.4108],[-64.7783,-32.4079],[-64.7764,-32.4052],[-64.7761,-32.4],[-64.7707,-32.4036],[-64.7706,-32.4063]],[[-64.7863,-32.396],[-64.785,-32.3969],[-64.7764,-32.3956],[-64.7796,-32.3995],[-64.7867,-32.3992],[-64.7863,-32.396]],[[-64.7914,-32.3968],[-64.796,-32.3966],[-64.8009,-32.3928],[-64.7999,-32.3894],[-64.7955,-32.391],[-64.7914,-32.3968]],[[-64.7552,-32.4066],[-64.7571,-32.4069],[-64.7572,-32.3979],[-64.7592,-32.3945],[-64.7587,-32.3853],[-64.76,-32.3746],[-64.7629,-32.3673],[-64.7575,-32.3647],[-64.7545,-32.3668],[-64.7556,-32.3754],[-64.7532,-32.3764],[-64.7535,-32.382],[-64.7502,-32.384],[-64.751,-32.3881],[-64.7501,-32.3938],[-64.7472,-32.3977],[-64.7515,-32.4036],[-64.7552,-32.4066]],[[-64.7713,-32.3321],[-64.7737,-32.334],[-64.7792,-32.3335],[-64.7769,-32.3292],[-64.7689,-32.3291],[-64.7713,-32.3321]],[[-64.8169,-32.3201],[-64.8172,-32.3228],[-64.8272,-32.3221],[-64.8258,-32.3198],[-64.8169,-32.3201]],[[-64.7204,-32.3221],[-64.7145,-32.3228],[-64.7149,-32.3251],[-64.7209,-32.3253],[-64.7204,-32.3221]],[[-64.813,-32.3149],[-64.8199,-32.315],[-64.8197,-32.3118],[-64.8127,-32.3091],[-64.813,-32.3149]],[[-64.6659,-32.2871],[-64.6644,-32.2907],[-64.66,-32.2877],[-64.652,-32.2889],[-64.6526,-32.2919],[-64.6621,-32.2934],[-64.6623,-32.2973],[-64.6648,-32.2995],[-64.6677,-32.2941],[-64.668,-32.2879],[-64.6722,-32.2855],[-64.6667,-32.2835],[-64.6659,-32.2871]],[[-64.7999,-32.2772],[-64.8014,-32.2689],[-64.7999,-32.2622],[-64.8008,-32.2588],[-64.7978,-32.2571],[-64.7978,-32.2539],[-64.7918,-32.2497],[-64.7914,-32.2531],[-64.7831,-32.2538],[-64.7834,-32.2603],[-64.7864,-32.2616],[-64.7864,-32.2735],[-64.789,-32.2736],[-64.791,-32.2676],[-64.7894,-32.2662],[-64.7931,-32.2672],[-64.7943,-32.2671],[-64.7954,-32.267],[-64.7969,-32.2688],[-64.797,-32.2764],[-64.7999,-32.2772]],[[-64.7999,-32.2772],[-64.7905,-32.2811],[-64.7878,-32.2865],[-64.7815,-32.2872],[-64.7662,-32.2903],[-64.7607,-32.2958],[-64.7678,-32.2974],[-64.7766,-32.2919],[-64.7851,-32.2919],[-64.7946,-32.2824],[-64.8017,-32.2827],[-64.7999,-32.2772]],[[-64.7694,-32.2738],[-64.7725,-32.2739],[-64.7777,-32.2716],[-64.7763,-32.2672],[-64.7724,-32.2675],[-64.7694,-32.2738]],[[-64.748,-32.2697],[-64.7476,-32.2726],[-64.7434,-32.2738],[-64.7299,-32.2735],[-64.7263,-32.2719],[-64.7185,-32.273],[-64.7191,-32.2774],[-64.7271,-32.2762],[-64.7272,-32.2793],[-64.7169,-32.2819],[-64.7165,-32.2852],[-64.728,-32.2854],[-64.73,-32.2892],[-64.7251,-32.2931],[-64.7192,-32.2915],[-64.7214,-32.2874],[-64.7153,-32.2866],[-64.7123,-32.2969],[-64.7185,-32.2956],[-64.7199,-32.2976],[-64.7134,-32.3069],[-64.717,-32.3174],[-64.7207,-32.3141],[-64.7242,-32.3089],[-64.7225,-32.3039],[-64.7241,-32.3019],[-64.7332,-32.3033],[-64.7311,-32.2994],[-64.7304,-32.294],[-64.7372,-32.2951],[-64.7418,-32.2918],[-64.7441,-32.2942],[-64.75,-32.2919],[-64.7582,-32.2905],[-64.7643,-32.2882],[-64.7657,-32.2842],[-64.7692,-32.2822],[-64.7758,-32.2824],[-64.7757,-32.2798],[-64.768,-32.2769],[-64.7649,-32.2778],[-64.7642,-32.284],[-64.7594,-32.2862],[-64.754,-32.2842],[-64.7538,-32.2807],[-64.7432,-32.2815],[-64.7409,-32.2782],[-64.7554,-32.2776],[-64.7529,-32.2738],[-64.7551,-32.2684],[-64.7529,-32.2655],[-64.7492,-32.2659],[-64.748,-32.2697]],[[-64.7455,-32.2623],[-64.7541,-32.2557],[-64.7527,-32.2525],[-64.7482,-32.2541],[-64.7486,-32.2565],[-64.7455,-32.2623]],[[-64.7413,-32.2372],[-64.7473,-32.2365],[-64.7474,-32.2337],[-64.7398,-32.2344],[-64.7413,-32.2372]],[[-64.7822,-32.0838],[-64.7882,-32.0808],[-64.7883,-32.071],[-64.7827,-32.0715],[-64.7822,-32.0838]],[[-64.7891,-32.0589],[-64.7891,-32.064],[-64.801,-32.0606],[-64.803,-32.0572],[-64.8026,-32.053],[-64.7971,-32.0529],[-64.7937,-32.0545],[-64.7937,-32.0575],[-64.7891,-32.0589]],[[-64.7971,-32.0529],[-64.7988,-32.052],[-64.7972,-32.0441],[-64.8013,-32.0439],[-64.8052,-32.0343],[-64.7948,-32.0328],[-64.7948,-32.0268],[-64.7906,-32.0276],[-64.79,-32.0183],[-64.7836,-32.018],[-64.7841,-32.0256],[-64.7869,-32.0377],[-64.7877,-32.0445],[-64.79,-32.0512],[-64.7971,-32.0529]],[[-64.7999,-31.9529],[-64.7929,-31.9536],[-64.7898,-31.9516],[-64.7839,-31.9572],[-64.7843,-31.9592],[-64.776,-31.9643],[-64.7791,-31.9681],[-64.7868,-31.9634],[-64.7967,-31.9617],[-64.8014,-31.9591],[-64.8037,-31.9556],[-64.7999,-31.9529]],[[-64.6998,-31.9188],[-64.6989,-31.913],[-64.6958,-31.9138],[-64.6944,-31.9138],[-64.6857,-31.9156],[-64.6869,-31.915],[-64.6817,-31.9106],[-64.6806,-31.9156],[-64.6731,-31.9183],[-64.6566,-31.9217],[-64.6586,-31.9274],[-64.6716,-31.9252],[-64.6765,-31.9236],[-64.6903,-31.9209],[-64.6912,-31.9291],[-64.704,-31.9228],[-64.7044,-31.9184],[-64.6998,-31.9188]],[[-64.6232,-31.8598],[-64.6179,-31.8604],[-64.6175,-31.8629],[-64.6221,-31.8648],[-64.6232,-31.8598]],[[-64.6578,-31.8502],[-64.6681,-31.8508],[-64.669,-31.8463],[-64.6639,-31.8469],[-64.6578,-31.8502]],[[-64.5762,-31.8496],[-64.5798,-31.8496],[-64.5797,-31.8436],[-64.5736,-31.8439],[-64.5762,-31.8496]],[[-64.6732,-31.8377],[-64.6732,-31.8434],[-64.6777,-31.8456],[-64.6842,-31.8403],[-64.6785,-31.8361],[-64.6732,-31.8377]],[[-64.6852,-31.8333],[-64.6926,-31.8403],[-64.6935,-31.8444],[-64.7003,-31.8477],[-64.706,-31.8478],[-64.7104,-31.845],[-64.7111,-31.85],[-64.716,-31.8497],[-64.7146,-31.8407],[-64.7031,-31.8453],[-64.6959,-31.8428],[-64.6975,-31.8404],[-64.7039,-31.837],[-64.7115,-31.8361],[-64.7113,-31.833],[-64.7074,-31.8326],[-64.696,-31.8363],[-64.6898,-31.8308],[-64.6852,-31.8333]],[[-64.6804,-31.8278],[-64.6794,-31.8302],[-64.6745,-31.8301],[-64.6744,-31.8339],[-64.6827,-31.8302],[-64.685,-31.8231],[-64.682,-31.8226],[-64.6804,-31.8278]],[[-64.6503,-31.821],[-64.6528,-31.8254],[-64.6569,-31.8294],[-64.6575,-31.8334],[-64.6649,-31.8328],[-64.6635,-31.8286],[-64.6596,-31.828],[-64.6548,-31.8233],[-64.6593,-31.8157],[-64.6503,-31.821]],[[-64.6277,-31.7511],[-64.6248,-31.7477],[-64.6222,-31.7452],[-64.6173,-31.7486],[-64.6184,-31.752],[-64.6234,-31.7571],[-64.6277,-31.7568],[-64.6415,-31.7462],[-64.6447,-31.7427],[-64.648,-31.7463],[-64.6512,-31.7425],[-64.655,-31.7406],[-64.6578,-31.7422],[-64.6592,-31.7482],[-64.6653,-31.7463],[-64.6589,-31.7329],[-64.654,-31.7335],[-64.6547,-31.7364],[-64.6501,-31.7403],[-64.643,-31.7415],[-64.6329,-31.7365],[-64.6291,-31.7373],[-64.6296,-31.7404],[-64.6364,-31.7417],[-64.6367,-31.7437],[-64.6329,-31.7482],[-64.6277,-31.7511]],[[-64.5751,-31.7255],[-64.5781,-31.7255],[-64.5825,-31.7225],[-64.5828,-31.7185],[-64.5735,-31.7193],[-64.5606,-31.7188],[-64.5624,-31.7239],[-64.5667,-31.7246],[-64.567,-31.7273],[-64.5626,-31.7359],[-64.5651,-31.7381],[-64.564,-31.7437],[-64.5677,-31.7466],[-64.5718,-31.7437],[-64.5725,-31.7358],[-64.5804,-31.7363],[-64.583,-31.7419],[-64.5877,-31.7391],[-64.5885,-31.7343],[-64.5934,-31.7357],[-64.5918,-31.7423],[-64.5876,-31.748],[-64.5826,-31.7446],[-64.5786,-31.7456],[-64.5808,-31.7497],[-64.589,-31.7511],[-64.5895,-31.7555],[-64.5929,-31.7585],[-64.5918,-31.7456],[-64.5951,-31.7424],[-64.6018,-31.7531],[-64.6045,-31.7408],[-64.6038,-31.7354],[-64.6077,-31.7343],[-64.6044,-31.729],[-64.6008,-31.7305],[-64.6006,-31.7338],[-64.5964,-31.7334],[-64.595,-31.7304],[-64.5888,-31.729],[-64.5839,-31.7304],[-64.5764,-31.7297],[-64.5751,-31.7255]],[[-64.5528,-31.6178],[-64.5501,-31.624],[-64.5486,-31.632],[-64.551,-31.6363],[-64.5524,-31.6445],[-64.5518,-31.6502],[-64.553,-31.6539],[-64.5507,-31.6603],[-64.5508,-31.6749],[-64.5517,-31.6766],[-64.5581,-31.6758],[-64.5625,-31.6671],[-64.5692,-31.6638],[-64.5737,-31.6693],[-64.5662,-31.6698],[-64.5683,-31.673],[-64.5732,-31.673],[-64.5778,-31.6794],[-64.5815,-31.6769],[-64.5806,-31.6722],[-64.5775,-31.6678],[-64.5761,-31.6611],[-64.5798,-31.6575],[-64.5758,-31.6529],[-64.5741,-31.6572],[-64.5711,-31.66],[-64.566,-31.6597],[-64.5647,-31.654],[-64.5654,-31.6509],[-64.5603,-31.6512],[-64.5606,-31.6458],[-64.5594,-31.6383],[-64.5638,-31.6343],[-64.5633,-31.6293],[-64.5582,-31.622],[-64.562,-31.6205],[-64.5558,-31.6155],[-64.5528,-31.6178]],[[-64.5403,-31.6078],[-64.5409,-31.6164],[-64.5445,-31.6165],[-64.546,-31.6085],[-64.5403,-31.6078]],[[-64.5695,-31.6005],[-64.5632,-31.6015],[-64.563,-31.6048],[-64.5562,-31.6042],[-64.5561,-31.613],[-64.5598,-31.6126],[-64.5694,-31.6082],[-64.5725,-31.6049],[-64.5695,-31.6005]],[[-64.544,-31.6004],[-64.5482,-31.6002],[-64.551,-31.5968],[-64.5459,-31.5944],[-64.544,-31.6004]],[[-64.5996,-31.5497],[-64.6066,-31.5519],[-64.6067,-31.5443],[-64.5999,-31.5451],[-64.5996,-31.5497]],[[-64.6102,-31.524],[-64.6103,-31.5265],[-64.6162,-31.5262],[-64.619,-31.5215],[-64.6102,-31.524]],[[-64.5531,-31.5019],[-64.5475,-31.5029],[-64.5464,-31.4998],[-64.5389,-31.5037],[-64.5344,-31.5011],[-64.53,-31.5024],[-64.5293,-31.4971],[-64.5254,-31.4953],[-64.525,-31.4888],[-64.5199,-31.4827],[-64.5201,-31.493],[-64.5238,-31.5003],[-64.5357,-31.5135],[-64.5319,-31.5176],[-64.5325,-31.5202],[-64.5427,-31.5248],[-64.5456,-31.5215],[-64.5524,-31.5246],[-64.5576,-31.5228],[-64.5581,-31.5195],[-64.5622,-31.519],[-64.5613,-31.5242],[-64.5674,-31.5244],[-64.568,-31.5267],[-64.5588,-31.5261],[-64.5449,-31.528],[-64.5401,-31.5275],[-64.5368,-31.5295],[-64.5453,-31.5325],[-64.549,-31.5366],[-64.5521,-31.5448],[-64.5531,-31.5508],[-64.5565,-31.5541],[-64.5562,-31.5565],[-64.5598,-31.5681],[-64.5587,-31.571],[-64.5609,-31.5757],[-64.5647,-31.5781],[-64.5694,-31.5751],[-64.5648,-31.5702],[-64.5667,-31.5656],[-64.571,-31.5713],[-64.5743,-31.5732],[-64.5741,-31.5775],[-64.5659,-31.5826],[-64.5597,-31.5834],[-64.5702,-31.5918],[-64.575,-31.5906],[-64.5774,-31.592],[-64.5806,-31.5972],[-64.5779,-31.6032],[-64.5795,-31.6122],[-64.5779,-31.6206],[-64.5712,-31.6202],[-64.5677,-31.6241],[-64.5702,-31.6276],[-64.5754,-31.6241],[-64.578,-31.6256],[-64.5833,-31.6218],[-64.5843,-31.6174],[-64.5822,-31.612],[-64.5863,-31.6097],[-64.5848,-31.5988],[-64.5879,-31.5997],[-64.5907,-31.604],[-64.6062,-31.5959],[-64.608,-31.6009],[-64.6038,-31.6007],[-64.6028,-31.6069],[-64.6009,-31.6108],[-64.6079,-31.6128],[-64.607,-31.6095],[-64.6147,-31.603],[-64.6208,-31.6031],[-64.624,-31.6086],[-64.6132,-31.6128],[-64.612,-31.6219],[-64.6153,-31.6221],[-64.6208,-31.6184],[-64.6263,-31.6105],[-64.6256,-31.6059],[-64.6279,-31.603],[-64.628,-31.599],[-64.6339,-31.6006],[-64.6389,-31.5974],[-64.6407,-31.5941],[-64.6464,-31.5992],[-64.6509,-31.6004],[-64.6513,-31.5956],[-64.6483,-31.5947],[-64.6503,-31.5877],[-64.6468,-31.588],[-64.6417,-31.5847],[-64.6449,-31.5775],[-64.6495,-31.5761],[-64.6541,-31.5777],[-64.6537,-31.5708],[-64.6494,-31.5716],[-64.6452,-31.5697],[-64.6414,-31.5739],[-64.6375,-31.5748],[-64.6358,-31.5797],[-64.6316,-31.583],[-64.624,-31.5835],[-64.623,-31.5904],[-64.6192,-31.5916],[-64.6059,-31.588],[-64.6049,-31.585],[-64.6105,-31.5834],[-64.61,-31.5779],[-64.6037,-31.5796],[-64.6017,-31.5839],[-64.6004,-31.5913],[-64.5955,-31.5908],[-64.5892,-31.5853],[-64.5853,-31.5849],[-64.5842,-31.5779],[-64.5815,-31.5772],[-64.5814,-31.5711],[-64.5854,-31.5686],[-64.5854,-31.5656],[-64.5811,-31.5628],[-64.5799,-31.558],[-64.5857,-31.5572],[-64.5892,-31.562],[-64.5884,-31.5644],[-64.592,-31.5692],[-64.598,-31.569],[-64.6018,-31.5762],[-64.6105,-31.5704],[-64.6118,-31.5663],[-64.6109,-31.5609],[-64.6074,-31.5604],[-64.5993,-31.5558],[-64.5965,-31.5629],[-64.5896,-31.5586],[-64.5878,-31.5545],[-64.5918,-31.5532],[-64.593,-31.5482],[-64.5904,-31.5436],[-64.5964,-31.541],[-64.5987,-31.5376],[-64.597,-31.5276],[-64.5878,-31.5272],[-64.5877,-31.5224],[-64.5853,-31.5151],[-64.5754,-31.5045],[-64.574,-31.5018],[-64.5695,-31.5014],[-64.5685,-31.4928],[-64.5632,-31.4891],[-64.5512,-31.4871],[-64.5518,-31.4909],[-64.5502,-31.4966],[-64.5531,-31.5019]],[[-64.6082,-31.42],[-64.6129,-31.4196],[-64.6119,-31.4152],[-64.6075,-31.4144],[-64.6054,-31.4182],[-64.6082,-31.42]],[[-64.558,-31.3977],[-64.5659,-31.4015],[-64.5662,-31.4042],[-64.5705,-31.407],[-64.5725,-31.4105],[-64.5762,-31.4082],[-64.5736,-31.4055],[-64.5738,-31.4017],[-64.5694,-31.3987],[-64.5655,-31.3982],[-64.5591,-31.3954],[-64.558,-31.3977]],[[-64.6015,-31.386],[-64.5948,-31.3842],[-64.5918,-31.3893],[-64.5941,-31.3938],[-64.592,-31.3962],[-64.5976,-31.3999],[-64.5918,-31.4012],[-64.5898,-31.3986],[-64.5888,-31.3917],[-64.5827,-31.3927],[-64.5817,-31.3963],[-64.587,-31.3961],[-64.5876,-31.3996],[-64.5795,-31.4011],[-64.579,-31.4047],[-64.5833,-31.4099],[-64.586,-31.4091],[-64.5857,-31.4051],[-64.6018,-31.4018],[-64.6041,-31.4046],[-64.6145,-31.4015],[-64.6152,-31.4045],[-64.6094,-31.405],[-64.605,-31.4079],[-64.6086,-31.4108],[-64.611,-31.4095],[-64.6175,-31.4094],[-64.6134,-31.4167],[-64.6198,-31.4276],[-64.6287,-31.4327],[-64.6335,-31.4317],[-64.6418,-31.4318],[-64.6416,-31.427],[-64.6328,-31.4269],[-64.627,-31.4256],[-64.6219,-31.4211],[-64.6179,-31.4195],[-64.6162,-31.4152],[-64.6248,-31.4134],[-64.6249,-31.4196],[-64.6296,-31.4198],[-64.631,-31.4164],[-64.6371,-31.4166],[-64.6376,-31.4132],[-64.6311,-31.4105],[-64.6292,-31.4081],[-64.6314,-31.4052],[-64.631,-31.4009],[-64.6403,-31.3939],[-64.6333,-31.3897],[-64.628,-31.3878],[-64.6236,-31.3946],[-64.624,-31.3982],[-64.6134,-31.4],[-64.6031,-31.3984],[-64.603,-31.3941],[-64.6005,-31.3925],[-64.6046,-31.3874],[-64.6107,-31.385],[-64.6081,-31.3817],[-64.6015,-31.386]],[[-64.4361,-31.385],[-64.4416,-31.3895],[-64.4438,-31.3936],[-64.4479,-31.3959],[-64.4501,-31.4006],[-64.4552,-31.4026],[-64.4604,-31.3985],[-64.4601,-31.3951],[-64.4526,-31.3908],[-64.4513,-31.3863],[-64.443,-31.3824],[-64.4415,-31.3797],[-64.4339,-31.3801],[-64.4361,-31.385]],[[-64.6287,-31.3682],[-64.6353,-31.3681],[-64.635,-31.365],[-64.6291,-31.3654],[-64.6287,-31.3682]],[[-64.5859,-31.3653],[-64.5827,-31.3669],[-64.5698,-31.3671],[-64.5693,-31.3722],[-64.565,-31.3724],[-64.5636,-31.3755],[-64.5588,-31.377],[-64.5605,-31.3799],[-64.5647,-31.3778],[-64.5734,-31.3756],[-64.5753,-31.3788],[-64.5842,-31.3785],[-64.5885,-31.381],[-64.5944,-31.3811],[-64.596,-31.3742],[-64.5932,-31.3735],[-64.5879,-31.3762],[-64.5812,-31.376],[-64.5887,-31.3674],[-64.5922,-31.3724],[-64.5953,-31.3724],[-64.595,-31.366],[-64.5859,-31.3653]],[[-64.4854,-31.3825],[-64.4821,-31.3758],[-64.4776,-31.3741],[-64.4796,-31.3645],[-64.4778,-31.3582],[-64.4721,-31.3498],[-64.4712,-31.3427],[-64.4669,-31.335],[-64.462,-31.3349],[-64.4642,-31.3408],[-64.4619,-31.3575],[-64.4597,-31.3615],[-64.4493,-31.3724],[-64.4504,-31.3771],[-64.456,-31.3848],[-64.4649,-31.3875],[-64.4718,-31.3926],[-64.4798,-31.4043],[-64.4944,-31.4117],[-64.4979,-31.4044],[-64.4953,-31.3994],[-64.4948,-31.3937],[-64.5036,-31.3859],[-64.5076,-31.3842],[-64.5059,-31.3814],[-64.4995,-31.3812],[-64.5022,-31.3775],[-64.5076,-31.3804],[-64.5105,-31.3761],[-64.5021,-31.3695],[-64.5006,-31.3667],[-64.4881,-31.3657],[-64.4851,-31.3679],[-64.4848,-31.3723],[-64.4863,-31.3759],[-64.4854,-31.3825]],[[-64.624,-31.3659],[-64.6249,-31.3569],[-64.6213,-31.3566],[-64.6191,-31.361],[-64.624,-31.3659]],[[-64.3628,-31.3665],[-64.3637,-31.368],[-64.3716,-31.3641],[-64.3713,-31.3568],[-64.3658,-31.356],[-64.3627,-31.3602],[-64.3628,-31.3665]],[[-64.3467,-31.3616],[-64.3468,-31.3681],[-64.3498,-31.3708],[-64.3595,-31.3696],[-64.3582,-31.3659],[-64.3604,-31.3627],[-64.3569,-31.3587],[-64.3543,-31.3634],[-64.3514,-31.3601],[-64.3517,-31.3561],[-64.3473,-31.3555],[-64.3467,-31.3616]],[[-64.4409,-31.3441],[-64.4429,-31.3493],[-64.4439,-31.3607],[-64.4471,-31.3609],[-64.4538,-31.3559],[-64.4586,-31.3504],[-64.4583,-31.3455],[-64.4538,-31.3424],[-64.4468,-31.3425],[-64.4457,-31.3369],[-64.4413,-31.339],[-64.4409,-31.3441]],[[-64.6128,-31.3264],[-64.616,-31.3293],[-64.6193,-31.3269],[-64.6186,-31.3241],[-64.6144,-31.324],[-64.6128,-31.3264]],[[-64.5809,-31.3219],[-64.5817,-31.3193],[-64.5759,-31.3152],[-64.5789,-31.3134],[-64.5785,-31.3052],[-64.5846,-31.3018],[-64.5876,-31.306],[-64.5938,-31.3086],[-64.5951,-31.305],[-64.5901,-31.3007],[-64.5927,-31.297],[-64.5885,-31.2963],[-64.5814,-31.2986],[-64.583,-31.2919],[-64.5873,-31.2888],[-64.5926,-31.2888],[-64.592,-31.2854],[-64.5833,-31.2864],[-64.5735,-31.2934],[-64.5698,-31.2989],[-64.5658,-31.3023],[-64.5631,-31.3001],[-64.569,-31.2922],[-64.5613,-31.2887],[-64.5569,-31.2913],[-64.5596,-31.2965],[-64.5588,-31.3007],[-64.5532,-31.3073],[-64.5477,-31.3077],[-64.5457,-31.3032],[-64.5491,-31.3019],[-64.5475,-31.2972],[-64.5439,-31.2993],[-64.5399,-31.2991],[-64.5359,-31.3012],[-64.5354,-31.295],[-64.5326,-31.2927],[-64.5275,-31.2927],[-64.5247,-31.2971],[-64.5196,-31.2983],[-64.5186,-31.3014],[-64.5139,-31.3019],[-64.5133,-31.2991],[-64.516,-31.2955],[-64.5089,-31.2806],[-64.5016,-31.2829],[-64.4966,-31.2789],[-64.4915,-31.2768],[-64.4889,-31.2734],[-64.4923,-31.2715],[-64.4951,-31.2758],[-64.5007,-31.2794],[-64.5102,-31.2782],[-64.5158,-31.2746],[-64.519,-31.2761],[-64.5238,-31.2691],[-64.5327,-31.2636],[-64.5344,-31.2739],[-64.5397,-31.2714],[-64.5456,-31.2707],[-64.5473,-31.2738],[-64.5416,-31.2755],[-64.5349,-31.2761],[-64.5303,-31.2825],[-64.5316,-31.2851],[-64.5363,-31.2844],[-64.541,-31.2862],[-64.55,-31.2808],[-64.5495,-31.2778],[-64.5551,-31.271],[-64.5551,-31.2675],[-64.5506,-31.2613],[-64.5552,-31.2561],[-64.5543,-31.25],[-64.5566,-31.2455],[-64.559,-31.2453],[-64.5599,-31.2505],[-64.5626,-31.2556],[-64.5586,-31.2577],[-64.5604,-31.2603],[-64.5677,-31.2576],[-64.5744,-31.2572],[-64.5734,-31.2641],[-64.5796,-31.2631],[-64.5767,-31.254],[-64.5833,-31.2507],[-64.5817,-31.2464],[-64.5903,-31.2509],[-64.5907,-31.2603],[-64.5958,-31.2613],[-64.5964,-31.2673],[-64.6,-31.2661],[-64.6053,-31.2569],[-64.6053,-31.252],[-64.5998,-31.2462],[-64.6016,-31.2438],[-64.6062,-31.2431],[-64.6061,-31.2385],[-64.6103,-31.2348],[-64.6082,-31.2319],[-64.6036,-31.2321],[-64.6006,-31.2276],[-64.598,-31.2322],[-64.6007,-31.2379],[-64.5935,-31.2373],[-64.5937,-31.232],[-64.5883,-31.2224],[-64.5922,-31.2229],[-64.5957,-31.2208],[-64.5969,-31.2159],[-64.5957,-31.2104],[-64.6005,-31.2095],[-64.5972,-31.2028],[-64.6012,-31.2007],[-64.6008,-31.1923],[-64.6049,-31.184],[-64.6118,-31.1793],[-64.6101,-31.1736],[-64.6032,-31.1794],[-64.6034,-31.1588],[-64.5986,-31.1595],[-64.5937,-31.1676],[-64.5977,-31.1698],[-64.5911,-31.1781],[-64.5849,-31.1838],[-64.5798,-31.181],[-64.5755,-31.1802],[-64.577,-31.1907],[-64.5752,-31.1919],[-64.5709,-31.1852],[-64.5654,-31.1838],[-64.5609,-31.1811],[-64.5545,-31.1818],[-64.5443,-31.1767],[-64.5387,-31.1772],[-64.5329,-31.1812],[-64.5251,-31.1774],[-64.5264,-31.1733],[-64.5292,-31.1709],[-64.5248,-31.1583],[-64.5376,-31.1603],[-64.5429,-31.16],[-64.5351,-31.1692],[-64.5431,-31.1717],[-64.5458,-31.1753],[-64.5504,-31.1745],[-64.546,-31.1702],[-64.5505,-31.1651],[-64.5509,-31.1594],[-64.5552,-31.1607],[-64.5577,-31.1648],[-64.5608,-31.1609],[-64.5583,-31.1578],[-64.5564,-31.1522],[-64.5478,-31.1498],[-64.5469,-31.1411],[-64.5426,-31.1409],[-64.5377,-31.1499],[-64.5347,-31.1481],[-64.5388,-31.1341],[-64.5329,-31.1351],[-64.5218,-31.1426],[-64.516,-31.144],[-64.5038,-31.1451],[-64.4862,-31.1448],[-64.4841,-31.1503],[-64.4804,-31.1538],[-64.4829,-31.1591],[-64.479,-31.1616],[-64.481,-31.1728],[-64.4878,-31.1815],[-64.4907,-31.1821],[-64.494,-31.1788],[-64.5,-31.1783],[-64.5035,-31.1743],[-64.5067,-31.1767],[-64.5054,-31.1792],[-64.5001,-31.1832],[-64.497,-31.1871],[-64.4922,-31.1894],[-64.4855,-31.1895],[-64.4818,-31.1916],[-64.479,-31.1969],[-64.4715,-31.1995],[-64.4679,-31.2026],[-64.4802,-31.2061],[-64.4837,-31.2086],[-64.4968,-31.2103],[-64.5016,-31.2016],[-64.5052,-31.2053],[-64.5008,-31.2114],[-64.496,-31.2123],[-64.495,-31.2146],[-64.4878,-31.2154],[-64.4903,-31.2236],[-64.4899,-31.228],[-64.4814,-31.2345],[-64.482,-31.2379],[-64.4869,-31.2364],[-64.4948,-31.2392],[-64.4957,-31.2435],[-64.4885,-31.2431],[-64.4837,-31.2455],[-64.4857,-31.2503],[-64.4858,-31.2578],[-64.493,-31.2573],[-64.4977,-31.2522],[-64.5102,-31.2493],[-64.5133,-31.2447],[-64.5072,-31.2406],[-64.5178,-31.2394],[-64.5204,-31.2363],[-64.5163,-31.232],[-64.5149,-31.2275],[-64.5115,-31.2277],[-64.5071,-31.2246],[-64.5047,-31.2196],[-64.5081,-31.2161],[-64.5147,-31.2128],[-64.5182,-31.215],[-64.5132,-31.2183],[-64.5133,-31.2238],[-64.5184,-31.2244],[-64.5184,-31.2299],[-64.5212,-31.2327],[-64.53,-31.2365],[-64.5364,-31.235],[-64.5388,-31.2302],[-64.5355,-31.227],[-64.5288,-31.225],[-64.5257,-31.2145],[-64.537,-31.2208],[-64.5376,-31.2258],[-64.5406,-31.2281],[-64.5417,-31.2326],[-64.5452,-31.2344],[-64.5497,-31.2326],[-64.5493,-31.2383],[-64.551,-31.2456],[-64.5467,-31.2436],[-64.5408,-31.2441],[-64.5419,-31.2471],[-64.5473,-31.2482],[-64.549,-31.2523],[-64.5462,-31.2553],[-64.5324,-31.2556],[-64.525,-31.255],[-64.5204,-31.2534],[-64.5088,-31.2553],[-64.5046,-31.2614],[-64.4985,-31.2613],[-64.4878,-31.2663],[-64.4768,-31.2679],[-64.4686,-31.2709],[-64.4719,-31.2777],[-64.4751,-31.2788],[-64.4737,-31.2848],[-64.4751,-31.2942],[-64.4735,-31.2988],[-64.474,-31.3035],[-64.4766,-31.3068],[-64.4773,-31.3128],[-64.4798,-31.3127],[-64.4803,-31.3027],[-64.4895,-31.2961],[-64.4899,-31.305],[-64.4854,-31.3054],[-64.4817,-31.3109],[-64.4856,-31.3148],[-64.4885,-31.3124],[-64.4921,-31.3126],[-64.4939,-31.3082],[-64.5002,-31.3019],[-64.5075,-31.299],[-64.5059,-31.3053],[-64.5,-31.3065],[-64.4986,-31.3105],[-64.5023,-31.3141],[-64.5035,-31.3198],[-64.5106,-31.3209],[-64.5141,-31.3263],[-64.522,-31.3284],[-64.5262,-31.3269],[-64.5274,-31.3227],[-64.5308,-31.3218],[-64.5319,-31.3169],[-64.5278,-31.3114],[-64.5221,-31.3073],[-64.5183,-31.3119],[-64.5159,-31.3082],[-64.5198,-31.3055],[-64.5296,-31.3045],[-64.533,-31.3028],[-64.5384,-31.307],[-64.535,-31.3095],[-64.5312,-31.3065],[-64.5284,-31.3078],[-64.5347,-31.3186],[-64.5366,-31.3175],[-64.5357,-31.3121],[-64.5393,-31.3118],[-64.542,-31.3089],[-64.5462,-31.3092],[-64.5461,-31.3145],[-64.5512,-31.3113],[-64.5616,-31.3148],[-64.5588,-31.3176],[-64.5568,-31.3227],[-64.5632,-31.3279],[-64.567,-31.322],[-64.573,-31.3229],[-64.5809,-31.3219]],[[-64.4862,-31.1448],[-64.4901,-31.1432],[-64.4925,-31.1379],[-64.4962,-31.1383],[-64.5026,-31.1416],[-64.5082,-31.1418],[-64.5089,-31.1369],[-64.5119,-31.1358],[-64.5122,-31.1318],[-64.5039,-31.1368],[-64.5009,-31.1334],[-64.5099,-31.128],[-64.5131,-31.1278],[-64.5207,-31.1378],[-64.5265,-31.1363],[-64.5272,-31.1306],[-64.5262,-31.1264],[-64.5221,-31.126],[-64.5216,-31.1226],[-64.5266,-31.121],[-64.5249,-31.1157],[-64.5185,-31.1142],[-64.5183,-31.1185],[-64.514,-31.1197],[-64.5143,-31.1135],[-64.5107,-31.1115],[-64.512,-31.1045],[-64.5102,-31.1005],[-64.5119,-31.0959],[-64.5167,-31.0901],[-64.5156,-31.0851],[-64.5004,-31.086],[-64.4933,-31.0886],[-64.4921,-31.0991],[-64.4937,-31.1138],[-64.4916,-31.1175],[-64.4874,-31.1191],[-64.4849,-31.1318],[-64.485,-31.1407],[-64.4862,-31.1448]],[[-64.5809,-31.3219],[-64.588,-31.3283],[-64.5959,-31.3293],[-64.5953,-31.3228],[-64.5888,-31.3252],[-64.5809,-31.3219]],[[-64.5426,-31.3213],[-64.5375,-31.3204],[-64.5314,-31.3239],[-64.5313,-31.327],[-64.5273,-31.3318],[-64.5225,-31.3331],[-64.5064,-31.3313],[-64.5023,-31.3301],[-64.5046,-31.3261],[-64.4974,-31.3265],[-64.4994,-31.3325],[-64.4948,-31.3349],[-64.4926,-31.3311],[-64.4848,-31.331],[-64.4835,-31.3321],[-64.4742,-31.3324],[-64.48,-31.3369],[-64.4837,-31.3359],[-64.4862,-31.3401],[-64.4921,-31.3353],[-64.4961,-31.3383],[-64.4987,-31.3374],[-64.5078,-31.3398],[-64.5089,-31.3422],[-64.5081,-31.3489],[-64.5128,-31.3453],[-64.5125,-31.342],[-64.5183,-31.3382],[-64.521,-31.344],[-64.5247,-31.3402],[-64.5337,-31.3439],[-64.5356,-31.3401],[-64.5348,-31.333],[-64.5394,-31.3331],[-64.5487,-31.3294],[-64.5462,-31.3199],[-64.5426,-31.3213]],[[-64.4738,-31.3201],[-64.4741,-31.3242],[-64.4692,-31.3267],[-64.4695,-31.3287],[-64.4776,-31.3283],[-64.4795,-31.3215],[-64.494,-31.3236],[-64.4846,-31.3185],[-64.4765,-31.316],[-64.4738,-31.3201]],[[-64.6056,-31.3167],[-64.6051,-31.3247],[-64.6104,-31.3242],[-64.6142,-31.3222],[-64.6109,-31.3164],[-64.6056,-31.3167]],[[-64.6026,-31.3034],[-64.6027,-31.3069],[-64.6126,-31.306],[-64.6121,-31.3025],[-64.6159,-31.2989],[-64.6112,-31.2957],[-64.604,-31.2965],[-64.6045,-31.3001],[-64.6026,-31.3034]],[[-64.5568,-31.2824],[-64.5482,-31.2856],[-64.5442,-31.292],[-64.5474,-31.2954],[-64.5536,-31.2977],[-64.5556,-31.2866],[-64.5646,-31.2828],[-64.5568,-31.2824]],[[-64.5724,-31.2786],[-64.5726,-31.2811],[-64.5847,-31.2797],[-64.5891,-31.28],[-64.5891,-31.2762],[-64.5862,-31.272],[-64.5794,-31.2685],[-64.5724,-31.2786]],[[-64.4349,-31.2387],[-64.4316,-31.2435],[-64.4313,-31.2506],[-64.4338,-31.2656],[-64.4348,-31.2778],[-64.4369,-31.2847],[-64.4371,-31.2992],[-64.4393,-31.3045],[-64.4377,-31.3118],[-64.4398,-31.3248],[-64.4507,-31.3172],[-64.4499,-31.3087],[-64.4522,-31.3065],[-64.4575,-31.3059],[-64.4584,-31.299],[-64.4556,-31.2941],[-64.4478,-31.2942],[-64.4502,-31.2885],[-64.4458,-31.2875],[-64.4454,-31.2806],[-64.4486,-31.2806],[-64.4478,-31.2735],[-64.4532,-31.2738],[-64.4516,-31.2673],[-64.4539,-31.2636],[-64.4596,-31.2635],[-64.4604,-31.2601],[-64.4586,-31.2572],[-64.4514,-31.2558],[-64.4438,-31.2568],[-64.4392,-31.2461],[-64.44,-31.2434],[-64.4449,-31.2404],[-64.4489,-31.2409],[-64.4501,-31.2504],[-64.4567,-31.2538],[-64.4584,-31.2523],[-64.457,-31.243],[-64.453,-31.2401],[-64.4494,-31.2348],[-64.4428,-31.2326],[-64.4386,-31.234],[-64.4349,-31.2387]],[[-64.2756,-31.1854],[-64.2703,-31.1855],[-64.27,-31.1893],[-64.2753,-31.1913],[-64.2797,-31.1907],[-64.283,-31.188],[-64.2813,-31.1818],[-64.2754,-31.1821],[-64.2756,-31.1854]],[[-64.2828,-31.1693],[-64.2806,-31.1712],[-64.2839,-31.1752],[-64.2853,-31.1801],[-64.2919,-31.181],[-64.2916,-31.1753],[-64.2876,-31.1761],[-64.2884,-31.1693],[-64.2828,-31.1693]],[[-64.4115,-31.2114],[-64.3965,-31.2125],[-64.3942,-31.2158],[-64.3985,-31.2174],[-64.4025,-31.2163],[-64.4101,-31.2166],[-64.4146,-31.2185],[-64.4214,-31.2197],[-64.4253,-31.1646],[-64.4213,-31.1672],[-64.4227,-31.1735],[-64.4165,-31.1752],[-64.4151,-31.1802],[-64.42,-31.1803],[-64.4195,-31.19],[-64.4142,-31.1921],[-64.412,-31.1966],[-64.4152,-31.1984],[-64.4102,-31.2056],[-64.4147,-31.2076],[-64.4115,-31.2114]],[[-64.4251,-31.1512],[-64.4243,-31.1543],[-64.4179,-31.1526],[-64.4177,-31.1553],[-64.4222,-31.1569],[-64.4271,-31.1567],[-64.4294,-31.1543],[-64.4296,-31.1471],[-64.432,-31.1437],[-64.4298,-31.1397],[-64.4254,-31.1445],[-64.4251,-31.1512]],[[-64.4693,-31.1822],[-64.476,-31.18],[-64.4734,-31.1759],[-64.4724,-31.1708],[-64.4696,-31.1664],[-64.4618,-31.1641],[-64.4567,-31.1673],[-64.4535,-31.1661],[-64.4537,-31.1627],[-64.4592,-31.1603],[-64.459,-31.1527],[-64.4633,-31.1501],[-64.4684,-31.1517],[-64.4666,-31.1424],[-64.4692,-31.1369],[-64.476,-31.1355],[-64.4757,-31.1304],[-64.4727,-31.1245],[-64.4691,-31.1259],[-64.4655,-31.1301],[-64.4622,-31.1272],[-64.4641,-31.1229],[-64.4719,-31.1169],[-64.4664,-31.1075],[-64.4694,-31.1064],[-64.4739,-31.1112],[-64.4751,-31.1063],[-64.4638,-31.0987],[-64.4639,-31.0968],[-64.4573,-31.0943],[-64.4508,-31.1009],[-64.4423,-31.0986],[-64.4411,-31.1003],[-64.4415,-31.1255],[-64.4424,-31.1297],[-64.4397,-31.1471],[-64.4358,-31.1593],[-64.4351,-31.1705],[-64.4335,-31.1754],[-64.4329,-31.1924],[-64.4317,-31.197],[-64.431,-31.2061],[-64.4314,-31.2163],[-64.4373,-31.2155],[-64.4436,-31.2122],[-64.4402,-31.2073],[-64.4406,-31.2042],[-64.4448,-31.2029],[-64.4434,-31.1992],[-64.4455,-31.1963],[-64.4553,-31.1973],[-64.4531,-31.194],[-64.444,-31.1934],[-64.4447,-31.1884],[-64.453,-31.1876],[-64.4596,-31.1883],[-64.4707,-31.1918],[-64.4762,-31.1877],[-64.4751,-31.1827],[-64.4693,-31.1822]],[[-64.6496,-31.7257],[-64.6508,-31.7218],[-64.6508,-31.7102],[-64.6478,-31.7098],[-64.6473,-31.7055],[-64.636,-31.7056],[-64.6352,-31.7085],[-64.6387,-31.7129],[-64.6443,-31.7133],[-64.6471,-31.7177],[-64.6399,-31.7198],[-64.6442,-31.725],[-64.6496,-31.7257]],[[-64.6227,-31.7278],[-64.6215,-31.7198],[-64.6263,-31.7139],[-64.626,-31.7094],[-64.6186,-31.7104],[-64.6158,-31.7122],[-64.6174,-31.719],[-64.6178,-31.7263],[-64.6159,-31.7289],[-64.6149,-31.7356],[-64.6174,-31.7374],[-64.6222,-31.7352],[-64.6227,-31.7278]],[[-64.6174,-31.741],[-64.6126,-31.743],[-64.6135,-31.7461],[-64.6185,-31.744],[-64.6273,-31.7439],[-64.6281,-31.7415],[-64.6188,-31.7423],[-64.6174,-31.741]],[[-64.5744,-31.769],[-64.5708,-31.7661],[-64.5619,-31.7689],[-64.5595,-31.7721],[-64.564,-31.7733],[-64.5637,-31.7784],[-64.5712,-31.7808],[-64.5726,-31.777],[-64.5722,-31.7718],[-64.5744,-31.769]],[[-64.5661,-31.7869],[-64.5583,-31.7879],[-64.5634,-31.7911],[-64.5757,-31.7856],[-64.5727,-31.7814],[-64.5654,-31.7814],[-64.5661,-31.7869]],[[-64.5857,-31.7854],[-64.5891,-31.788],[-64.5919,-31.7932],[-64.5926,-31.7971],[-64.5979,-31.7943],[-64.5955,-31.787],[-64.5899,-31.7851],[-64.5857,-31.7854]],[[-64.609,-31.7878],[-64.6088,-31.7847],[-64.6048,-31.7817],[-64.6014,-31.7853],[-64.609,-31.7878]],[[-64.5886,-31.7802],[-64.5905,-31.7847],[-64.5971,-31.7831],[-64.5886,-31.7802]],[[-64.6953,-31.8702],[-64.7031,-31.8701],[-64.707,-31.866],[-64.7118,-31.8665],[-64.7097,-31.8621],[-64.6968,-31.863],[-64.6953,-31.8702]],[[-64.6612,-31.8065],[-64.6593,-31.7993],[-64.6529,-31.8064],[-64.6532,-31.8104],[-64.658,-31.8108],[-64.6612,-31.8065]],[[-64.6924,-31.8778],[-64.6778,-31.8792],[-64.6799,-31.8828],[-64.6875,-31.8829],[-64.6924,-31.8778]],[[-64.6749,-31.8831],[-64.6706,-31.8835],[-64.6741,-31.8881],[-64.6791,-31.8862],[-64.6749,-31.8831]],[[-64.6983,-31.8873],[-64.699,-31.8944],[-64.6878,-31.8963],[-64.6905,-31.9062],[-64.685,-31.9074],[-64.6822,-31.9103],[-64.6894,-31.9147],[-64.693,-31.9138],[-64.6915,-31.9116],[-64.6909,-31.9064],[-64.7043,-31.9032],[-64.7007,-31.8972],[-64.701,-31.8943],[-64.7056,-31.8934],[-64.6983,-31.8873]],[[-64.6113,-31.9006],[-64.6,-31.9005],[-64.5998,-31.9021],[-64.6091,-31.9023],[-64.6066,-31.909],[-64.6106,-31.9096],[-64.6113,-31.9006]],[[-64.6823,-31.9333],[-64.6855,-31.9338],[-64.6885,-31.931],[-64.6818,-31.9286],[-64.6823,-31.9333]],[[-64.7011,-31.9342],[-64.7062,-31.9352],[-64.7045,-31.9402],[-64.7014,-31.9375],[-64.6915,-31.9391],[-64.6913,-31.9493],[-64.6931,-31.9568],[-64.6974,-31.9574],[-64.6972,-31.9532],[-64.7045,-31.9571],[-64.711,-31.9566],[-64.7091,-31.9493],[-64.7202,-31.9544],[-64.7202,-31.9477],[-64.7181,-31.9444],[-64.7213,-31.9407],[-64.7168,-31.928],[-64.7011,-31.9313],[-64.7011,-31.9342]],[[-64.6667,-31.9401],[-64.665,-31.9422],[-64.6731,-31.9427],[-64.6779,-31.9402],[-64.6768,-31.9379],[-64.6681,-31.9413],[-64.6667,-31.9401]],[[-64.7004,-31.9579],[-64.7013,-31.9601],[-64.7086,-31.9594],[-64.7071,-31.9672],[-64.712,-31.9664],[-64.712,-31.9571],[-64.7004,-31.9579]],[[-64.721,-31.9575],[-64.7239,-31.9547],[-64.7242,-31.9501],[-64.7207,-31.9503],[-64.721,-31.9575]],[[-64.746,-31.9537],[-64.7469,-31.9562],[-64.7515,-31.9555],[-64.7539,-31.9572],[-64.7648,-31.9558],[-64.7654,-31.9573],[-64.784,-31.954],[-64.7836,-31.9437],[-64.7702,-31.9449],[-64.7559,-31.9472],[-64.7489,-31.9476],[-64.7434,-31.9508],[-64.746,-31.9537]],[[-64.7329,-31.9452],[-64.7313,-31.9408],[-64.7314,-31.9358],[-64.727,-31.9363],[-64.7281,-31.9409],[-64.7259,-31.9449],[-64.7329,-31.9452]],[[-64.6757,-31.916],[-64.6795,-31.9148],[-64.6777,-31.9098],[-64.6678,-31.9118],[-64.6675,-31.914],[-64.6757,-31.916]],[[-64.6542,-31.9125],[-64.6526,-31.9068],[-64.6477,-31.9074],[-64.6458,-31.9029],[-64.6415,-31.9044],[-64.642,-31.9122],[-64.6457,-31.9122],[-64.6454,-31.9221],[-64.6561,-31.9193],[-64.6542,-31.9125]],[[-64.6547,-31.9076],[-64.6554,-31.91],[-64.661,-31.9093],[-64.6569,-31.903],[-64.6573,-31.8987],[-64.6524,-31.9002],[-64.6547,-31.9076]],[[-64.7611,-31.9221],[-64.7637,-31.9185],[-64.7611,-31.9167],[-64.756,-31.9195],[-64.7611,-31.9221]],[[-64.7479,-31.9139],[-64.7513,-31.9101],[-64.7455,-31.909],[-64.7415,-31.9146],[-64.7427,-31.9195],[-64.7483,-31.9186],[-64.7479,-31.9139]],[[-64.7836,-32.0495],[-64.7862,-32.0493],[-64.783,-32.0326],[-64.7785,-32.0208],[-64.7747,-32.023],[-64.7781,-32.0325],[-64.7608,-32.0366],[-64.7524,-32.0456],[-64.7562,-32.0476],[-64.7582,-32.044],[-64.7658,-32.0437],[-64.7685,-32.0466],[-64.7686,-32.05],[-64.774,-32.05],[-64.7748,-32.052],[-64.7809,-32.0568],[-64.7844,-32.0573],[-64.7836,-32.0495]],[[-64.7429,-32.0419],[-64.7393,-32.042],[-64.7501,-32.0611],[-64.753,-32.0694],[-64.7551,-32.0697],[-64.7678,-32.0668],[-64.7684,-32.0622],[-64.7629,-32.064],[-64.7606,-32.059],[-64.7555,-32.0537],[-64.7472,-32.0493],[-64.7429,-32.0419]],[[-64.7851,-32.1009],[-64.7989,-32.0984],[-64.7974,-32.0963],[-64.7907,-32.0979],[-64.7835,-32.0931],[-64.7851,-32.1009]],[[-64.8011,-32.0903],[-64.7989,-32.0813],[-64.7897,-32.0836],[-64.7908,-32.0874],[-64.7957,-32.0863],[-64.796,-32.09],[-64.8011,-32.0903]],[[-64.7265,-32.0554],[-64.7312,-32.0493],[-64.7301,-32.0444],[-64.7249,-32.0412],[-64.7181,-32.0413],[-64.7179,-32.0437],[-64.7216,-32.0564],[-64.7265,-32.0554]],[[-64.7088,-32.0558],[-64.714,-32.0505],[-64.7132,-32.0471],[-64.7052,-32.0479],[-64.7067,-32.0539],[-64.7088,-32.0558]],[[-64.6974,-32.0589],[-64.6946,-32.0599],[-64.6974,-32.0664],[-64.7007,-32.0662],[-64.6974,-32.0589]],[[-64.7724,-32.0618],[-64.7788,-32.058],[-64.776,-32.0534],[-64.7707,-32.0535],[-64.7617,-32.0569],[-64.7658,-32.0603],[-64.7715,-32.0578],[-64.7724,-32.0618]],[[-64.7251,-32.1174],[-64.7253,-32.127],[-64.7304,-32.1263],[-64.728,-32.1181],[-64.7251,-32.1174]],[[-64.7228,-32.1212],[-64.7198,-32.1224],[-64.7156,-32.1279],[-64.7157,-32.1319],[-64.7242,-32.1321],[-64.7228,-32.1212]],[[-64.7179,-32.1336],[-64.7118,-32.1373],[-64.7009,-32.1461],[-64.7015,-32.1483],[-64.7169,-32.1454],[-64.7222,-32.141],[-64.7196,-32.1333],[-64.7179,-32.1336]],[[-64.717,-32.1529],[-64.7178,-32.1602],[-64.7245,-32.1612],[-64.7242,-32.1494],[-64.7208,-32.1433],[-64.717,-32.146],[-64.717,-32.1529]],[[-64.7339,-32.1643],[-64.7369,-32.1633],[-64.7364,-32.1511],[-64.7443,-32.15],[-64.7436,-32.1398],[-64.7543,-32.1377],[-64.7509,-32.1265],[-64.7271,-32.1312],[-64.723,-32.1338],[-64.727,-32.1513],[-64.732,-32.1516],[-64.7324,-32.1623],[-64.7339,-32.1643]],[[-64.7448,-32.1523],[-64.7473,-32.1565],[-64.7532,-32.1555],[-64.7532,-32.151],[-64.7448,-32.1523]],[[-64.7501,-32.1477],[-64.7526,-32.1474],[-64.7527,-32.1387],[-64.7502,-32.1387],[-64.7501,-32.1477]],[[-64.78,-32.1268],[-64.8003,-32.1228],[-64.8017,-32.1187],[-64.7778,-32.1232],[-64.78,-32.1268]],[[-64.737,-32.1648],[-64.729,-32.1652],[-64.7291,-32.1751],[-64.7371,-32.176],[-64.737,-32.1648]],[[-64.734,-32.188],[-64.7332,-32.1963],[-64.7365,-32.2],[-64.7408,-32.2002],[-64.742,-32.1969],[-64.738,-32.1929],[-64.7378,-32.1882],[-64.734,-32.188]],[[-64.7816,-32.3503],[-64.7734,-32.3512],[-64.7697,-32.3486],[-64.7622,-32.3505],[-64.768,-32.3577],[-64.7776,-32.3554],[-64.7816,-32.3503]],[[-64.7858,-32.3633],[-64.7822,-32.3631],[-64.7817,-32.3592],[-64.7774,-32.3593],[-64.779,-32.3681],[-64.7857,-32.3668],[-64.7858,-32.3633]],[[-64.7935,-32.4136],[-64.8009,-32.4124],[-64.7998,-32.4085],[-64.7942,-32.409],[-64.7935,-32.4136]],[[-64.6686,-32.0782],[-64.6684,-32.0725],[-64.666,-32.0722],[-64.6634,-32.0776],[-64.6686,-32.0782]],[[-64.6422,-31.9897],[-64.6429,-31.9812],[-64.6396,-31.9836],[-64.6397,-31.9875],[-64.6422,-31.9897]]],[[[-64.7781,-30.7642],[-64.7814,-30.7672],[-64.7825,-30.7785],[-64.7726,-30.7797],[-64.773,-30.7703],[-64.7781,-30.7642]]],[[[-64.761,-30.7703],[-64.761,-30.7622],[-64.7638,-30.7601],[-64.7695,-30.7663],[-64.7684,-30.7718],[-64.761,-30.7703]]],[[[-64.7681,-30.7583],[-64.7731,-30.7584],[-64.777,-30.76],[-64.7778,-30.763],[-64.7781,-30.7642],[-64.7681,-30.7583]]],[[[-64.4247,-30.7536],[-64.4209,-30.7543],[-64.4189,-30.761],[-64.4207,-30.7536],[-64.4186,-30.7517],[-64.4219,-30.7488],[-64.4247,-30.7536]]],[[[-64.5522,-30.7392],[-64.5542,-30.7404],[-64.5518,-30.7448],[-64.5526,-30.75],[-64.5456,-30.7548],[-64.5425,-30.7614],[-64.5419,-30.756],[-64.5435,-30.752],[-64.5387,-30.7463],[-64.5328,-30.7447],[-64.5332,-30.7405],[-64.5389,-30.7393],[-64.5522,-30.7392]]],[[[-64.4412,-30.7177],[-64.4409,-30.7247],[-64.4376,-30.7276],[-64.4394,-30.7345],[-64.4378,-30.7386],[-64.432,-30.7386],[-64.434,-30.7444],[-64.4391,-30.7498],[-64.4389,-30.7534],[-64.4328,-30.753],[-64.4302,-30.7496],[-64.429,-30.7439],[-64.4303,-30.7368],[-64.428,-30.732],[-64.4293,-30.7262],[-64.4326,-30.7243],[-64.4381,-30.7242],[-64.4387,-30.7198],[-64.4412,-30.7177]]],[[[-64.2939,-30.7079],[-64.2942,-30.7177],[-64.293,-30.7221],[-64.2885,-30.7131],[-64.2894,-30.7092],[-64.2939,-30.7079]]],[[[-64.4404,-30.7128],[-64.4354,-30.7123],[-64.4297,-30.716],[-64.4187,-30.7194],[-64.4161,-30.7171],[-64.4197,-30.7147],[-64.4089,-30.7112],[-64.4127,-30.7097],[-64.4224,-30.7099],[-64.423,-30.7139],[-64.4269,-30.7131],[-64.4289,-30.7062],[-64.4415,-30.7066],[-64.4462,-30.7091],[-64.4404,-30.7128]]],[[[-65.33,-30.741],[-65.3223,-30.7338],[-65.3221,-30.725],[-65.3196,-30.7151],[-65.3173,-30.7101],[-65.3176,-30.7044],[-65.3223,-30.6989],[-65.3282,-30.6909],[-65.3346,-30.6875],[-65.3466,-30.6873],[-65.3437,-30.7016],[-65.345,-30.7276],[-65.3361,-30.7336],[-65.33,-30.741]]],[[[-64.4636,-30.6793],[-64.459,-30.682],[-64.4568,-30.6861],[-64.4535,-30.6885],[-64.4494,-30.689],[-64.4496,-30.683],[-64.4537,-30.6821],[-64.4592,-30.6782],[-64.4636,-30.6793]]],[[[-64.4961,-30.6828],[-64.4928,-30.6862],[-64.4926,-30.6898],[-64.4896,-30.6931],[-64.487,-30.687],[-64.4872,-30.682],[-64.4949,-30.6788],[-64.4932,-30.6766],[-64.497,-30.6724],[-64.4989,-30.6766],[-64.4961,-30.6828]]],[[[-64.4605,-30.6481],[-64.4591,-30.6554],[-64.4631,-30.6574],[-64.4501,-30.6606],[-64.4605,-30.6481]]],[[[-64.4539,-30.7059],[-64.4536,-30.7033],[-64.4488,-30.701],[-64.4543,-30.699],[-64.4633,-30.6913],[-64.4674,-30.6929],[-64.4702,-30.6909],[-64.47,-30.684],[-64.4684,-30.6793],[-64.4636,-30.6793],[-64.4701,-30.6723],[-64.4627,-30.6738],[-64.4622,-30.6718],[-64.4756,-30.668],[-64.4733,-30.6645],[-64.4755,-30.662],[-64.476,-30.6572],[-64.4724,-30.6534],[-64.468,-30.6592],[-64.4513,-30.6704],[-64.4491,-30.6683],[-64.4631,-30.6574],[-64.4696,-30.6527],[-64.475,-30.6527],[-64.4792,-30.65],[-64.4731,-30.6454],[-64.476,-30.6399],[-64.4796,-30.6359],[-64.4862,-30.6346],[-64.4848,-30.639],[-64.4779,-30.6409],[-64.4782,-30.6435],[-64.4855,-30.6447],[-64.498,-30.6396],[-64.4963,-30.6436],[-64.4918,-30.6457],[-64.4934,-30.6495],[-64.497,-30.6488],[-64.4962,-30.655],[-64.4974,-30.6605],[-64.4963,-30.6628],[-64.4821,-30.663],[-64.4822,-30.6682],[-64.4897,-30.6689],[-64.4909,-30.6728],[-64.4866,-30.676],[-64.4858,-30.6791],[-64.48,-30.6775],[-64.4778,-30.683],[-64.4727,-30.6909],[-64.4731,-30.6962],[-64.4751,-30.7007],[-64.4706,-30.7012],[-64.4673,-30.7062],[-64.4774,-30.7078],[-64.4774,-30.7112],[-64.4705,-30.7108],[-64.4639,-30.7083],[-64.4637,-30.7058],[-64.4539,-30.7059]]],[[[-64.2746,-30.619],[-64.2774,-30.614],[-64.2812,-30.6182],[-64.2746,-30.619]]],[[[-64.2838,-30.616],[-64.286,-30.6117],[-64.2894,-30.6156],[-64.2838,-30.616]]],[[[-64.278,-30.6003],[-64.2775,-30.6065],[-64.2733,-30.6115],[-64.2728,-30.6046],[-64.2757,-30.6046],[-64.278,-30.6003]]],[[[-64.268,-30.6047],[-64.2651,-30.6026],[-64.265,-30.596],[-64.2673,-30.5934],[-64.2704,-30.5955],[-64.2701,-30.6047],[-64.268,-30.6047]]],[[[-64.3701,-30.5696],[-64.3663,-30.5785],[-64.3616,-30.5802],[-64.3589,-30.5845],[-64.3531,-30.5873],[-64.3501,-30.5939],[-64.3533,-30.582],[-64.3575,-30.5832],[-64.3598,-30.5719],[-64.3656,-30.5697],[-64.3701,-30.5696]]],[[[-64.3246,-30.5928],[-64.3231,-30.5885],[-64.3286,-30.5881],[-64.3285,-30.5832],[-64.3234,-30.5834],[-64.3209,-30.5811],[-64.3208,-30.5775],[-64.324,-30.5756],[-64.3305,-30.5768],[-64.3308,-30.572],[-64.3267,-30.5719],[-64.3247,-30.5685],[-64.3321,-30.5676],[-64.3317,-30.572],[-64.3364,-30.5743],[-64.3335,-30.5822],[-64.3302,-30.5841],[-64.3322,-30.5882],[-64.3309,-30.5901],[-64.3246,-30.5928]]],[[[-64.3343,-30.5598],[-64.3393,-30.5607],[-64.3347,-30.5647],[-64.3343,-30.5598]]],[[[-64.221,-30.8114],[-64.224,-30.8078],[-64.2259,-30.8023],[-64.2248,-30.7965],[-64.214,-30.7942],[-64.2171,-30.8006],[-64.2165,-30.805],[-64.2138,-30.8079],[-64.2091,-30.8092],[-64.2084,-30.8115],[-64.2023,-30.8095],[-64.2025,-30.8174],[-64.1951,-30.8231],[-64.1945,-30.8255],[-64.1889,-30.8271],[-64.1859,-30.8265],[-64.185,-30.8214],[-64.1781,-30.8217],[-64.1748,-30.8246],[-64.1675,-30.8264],[-64.1665,-30.8317],[-64.164,-30.8342],[-64.1549,-30.835],[-64.1514,-30.8341],[-64.1493,-30.8305],[-64.1363,-30.8308],[-64.1343,-30.8281],[-64.1345,-30.8216],[-64.1415,-30.8215],[-64.1451,-30.8147],[-64.1488,-30.8113],[-64.1539,-30.809],[-64.1558,-30.8036],[-64.162,-30.8032],[-64.1629,-30.7959],[-64.1607,-30.7914],[-64.1507,-30.7904],[-64.1432,-30.7957],[-64.1405,-30.799],[-64.1342,-30.8002],[-64.122,-30.7987],[-64.1214,-30.7947],[-64.127,-30.7934],[-64.1342,-30.7931],[-64.1351,-30.7873],[-64.1378,-30.7842],[-64.1437,-30.7865],[-64.1507,-30.7868],[-64.153,-30.7887],[-64.1693,-30.7935],[-64.1756,-30.7958],[-64.1804,-30.7936],[-64.1921,-30.7998],[-64.1973,-30.8001],[-64.202,-30.7983],[-64.2,-30.7937],[-64.2059,-30.7918],[-64.2079,-30.7867],[-64.2137,-30.7863],[-64.2204,-30.7888],[-64.2268,-30.7929],[-64.2351,-30.7944],[-64.2364,-30.7924],[-64.2315,-30.7856],[-64.2373,-30.7858],[-64.2429,-30.7892],[-64.2416,-30.7944],[-64.2469,-30.7982],[-64.2528,-30.7997],[-64.264,-30.7956],[-64.2665,-30.7996],[-64.2713,-30.801],[-64.2815,-30.8007],[-64.2878,-30.7987],[-64.2784,-30.7964],[-64.2729,-30.7931],[-64.267,-30.7946],[-64.2653,-30.7899],[-64.2686,-30.7879],[-64.2764,-30.7919],[-64.2839,-30.7921],[-64.2869,-30.7951],[-64.2907,-30.7899],[-64.2984,-30.7836],[-64.2862,-30.7829],[-64.2807,-30.7849],[-64.2771,-30.7816],[-64.2713,-30.7815],[-64.266,-30.7784],[-64.2456,-30.7822],[-64.2429,-30.7853],[-64.2431,-30.7884],[-64.2406,-30.7868],[-64.238,-30.7794],[-64.2314,-30.7726],[-64.2247,-30.7729],[-64.2233,-30.7604],[-64.2287,-30.7584],[-64.2274,-30.7614],[-64.2302,-30.7654],[-64.2383,-30.7718],[-64.248,-30.7736],[-64.2567,-30.7687],[-64.2612,-30.7689],[-64.2767,-30.774],[-64.285,-30.7703],[-64.2828,-30.7596],[-64.2776,-30.758],[-64.2732,-30.7607],[-64.2727,-30.7556],[-64.2781,-30.7554],[-64.2775,-30.7514],[-64.2794,-30.7492],[-64.2783,-30.7429],[-64.2821,-30.7401],[-64.2877,-30.7283],[-64.2905,-30.7283],[-64.293,-30.7221],[-64.2959,-30.7246],[-64.3046,-30.7243],[-64.3052,-30.719],[-64.3136,-30.7135],[-64.3128,-30.6985],[-64.3063,-30.6984],[-64.3022,-30.6951],[-64.2925,-30.6952],[-64.2938,-30.7006],[-64.2898,-30.7011],[-64.2874,-30.6976],[-64.2866,-30.6887],[-64.2841,-30.6847],[-64.286,-30.6823],[-64.283,-30.6798],[-64.2776,-30.6781],[-64.273,-30.6791],[-64.2726,-30.6738],[-64.264,-30.6641],[-64.2497,-30.6688],[-64.2464,-30.6715],[-64.2356,-30.6739],[-64.2335,-30.6771],[-64.2293,-30.6764],[-64.2224,-30.6786],[-64.2261,-30.6821],[-64.231,-30.6798],[-64.2357,-30.6804],[-64.2427,-30.6764],[-64.2506,-30.6783],[-64.2569,-30.6717],[-64.261,-30.6737],[-64.2584,-30.6799],[-64.2601,-30.6842],[-64.257,-30.7007],[-64.2532,-30.7074],[-64.2463,-30.7101],[-64.2414,-30.7104],[-64.2378,-30.7123],[-64.2372,-30.7066],[-64.2316,-30.7057],[-64.232,-30.7124],[-64.2406,-30.7168],[-64.2376,-30.7183],[-64.2315,-30.7184],[-64.2285,-30.7239],[-64.2208,-30.724],[-64.2217,-30.7261],[-64.2314,-30.7324],[-64.2338,-30.7275],[-64.2477,-30.7301],[-64.255,-30.7304],[-64.2582,-30.7335],[-64.267,-30.729],[-64.2668,-30.7247],[-64.2633,-30.7226],[-64.2589,-30.7231],[-64.2559,-30.7215],[-64.2563,-30.7185],[-64.2597,-30.7169],[-64.258,-30.7129],[-64.2596,-30.7048],[-64.265,-30.7028],[-64.2693,-30.6965],[-64.2729,-30.6965],[-64.2703,-30.7049],[-64.2645,-30.7083],[-64.2695,-30.7094],[-64.2698,-30.7134],[-64.2781,-30.7105],[-64.2827,-30.7078],[-64.2839,-30.7117],[-64.2824,-30.7238],[-64.278,-30.7246],[-64.2775,-30.7299],[-64.2754,-30.7346],[-64.2614,-30.7417],[-64.2558,-30.7418],[-64.2539,-30.7442],[-64.2498,-30.7442],[-64.251,-30.7375],[-64.2453,-30.7385],[-64.2465,-30.7442],[-64.2401,-30.7457],[-64.2443,-30.749],[-64.254,-30.7523],[-64.2607,-30.7522],[-64.2643,-30.7553],[-64.2608,-30.7582],[-64.2566,-30.7589],[-64.2502,-30.7554],[-64.2483,-30.7576],[-64.2375,-30.756],[-64.2321,-30.757],[-64.2315,-30.7519],[-64.2224,-30.7488],[-64.2111,-30.7491],[-64.2068,-30.7501],[-64.2052,-30.7453],[-64.2129,-30.7422],[-64.22,-30.7455],[-64.2219,-30.7367],[-64.225,-30.74],[-64.2259,-30.7325],[-64.2215,-30.7315],[-64.2134,-30.7274],[-64.2159,-30.7167],[-64.2114,-30.7139],[-64.2032,-30.7174],[-64.2026,-30.711],[-64.2044,-30.7049],[-64.2092,-30.7021],[-64.2056,-30.6979],[-64.2082,-30.6897],[-64.2112,-30.6857],[-64.2077,-30.6829],[-64.2093,-30.6765],[-64.2073,-30.6695],[-64.2062,-30.6611],[-64.2102,-30.6595],[-64.2159,-30.6641],[-64.2174,-30.6635],[-64.2234,-30.6688],[-64.2227,-30.6741],[-64.2257,-30.675],[-64.2295,-30.6716],[-64.2307,-30.6672],[-64.2403,-30.6677],[-64.2396,-30.6603],[-64.2332,-30.6575],[-64.2244,-30.6595],[-64.2192,-30.6622],[-64.2127,-30.6586],[-64.2124,-30.6555],[-64.218,-30.6551],[-64.2216,-30.6526],[-64.2311,-30.6527],[-64.2363,-30.6497],[-64.2349,-30.6478],[-64.2279,-30.6482],[-64.227,-30.6464],[-64.2332,-30.644],[-64.2397,-30.6507],[-64.2442,-30.6526],[-64.2494,-30.65],[-64.2544,-30.646],[-64.2595,-30.6506],[-64.259,-30.6596],[-64.2657,-30.6598],[-64.268,-30.6525],[-64.2723,-30.6529],[-64.2745,-30.6491],[-64.2775,-30.6508],[-64.2827,-30.6502],[-64.2857,-30.6525],[-64.2858,-30.6558],[-64.2905,-30.6588],[-64.2897,-30.6633],[-64.2957,-30.6663],[-64.299,-30.6696],[-64.3043,-30.6668],[-64.3048,-30.6617],[-64.3099,-30.6629],[-64.3158,-30.6539],[-64.3156,-30.6496],[-64.3088,-30.6522],[-64.3082,-30.648],[-64.3056,-30.6474],[-64.311,-30.6407],[-64.3043,-30.6394],[-64.3057,-30.6337],[-64.3039,-30.6292],[-64.3078,-30.6261],[-64.3126,-30.6276],[-64.3076,-30.6351],[-64.3077,-30.6381],[-64.3122,-30.6391],[-64.3133,-30.6459],[-64.3198,-30.6498],[-64.3188,-30.6344],[-64.3215,-30.6341],[-64.3215,-30.6228],[-64.3259,-30.6189],[-64.3262,-30.6119],[-64.3375,-30.6117],[-64.3367,-30.6073],[-64.3244,-30.608],[-64.318,-30.613],[-64.3105,-30.6133],[-64.3073,-30.6099],[-64.3012,-30.6091],[-64.2965,-30.6065],[-64.2976,-30.6033],[-64.3021,-30.6046],[-64.3072,-30.6039],[-64.3115,-30.6039],[-64.3147,-30.5998],[-64.3053,-30.601],[-64.3044,-30.5979],[-64.3133,-30.5979],[-64.323,-30.5999],[-64.3214,-30.6036],[-64.325,-30.6057],[-64.3321,-30.6027],[-64.3396,-30.6031],[-64.3375,-30.5953],[-64.3413,-30.5926],[-64.3501,-30.5939],[-64.3489,-30.5995],[-64.3544,-30.5993],[-64.3572,-30.5967],[-64.3618,-30.5962],[-64.3641,-30.5928],[-64.3744,-30.5921],[-64.3805,-30.5919],[-64.3828,-30.5891],[-64.3851,-30.5916],[-64.3888,-30.5979],[-64.3866,-30.6014],[-64.387,-30.6109],[-64.3917,-30.6102],[-64.3916,-30.6014],[-64.3954,-30.602],[-64.3952,-30.6127],[-64.3876,-30.6126],[-64.387,-30.6172],[-64.3923,-30.6174],[-64.3942,-30.615],[-64.4051,-30.6156],[-64.4064,-30.6192],[-64.3972,-30.6219],[-64.3938,-30.6262],[-64.3962,-30.6325],[-64.4038,-30.6353],[-64.4085,-30.6346],[-64.408,-30.631],[-64.4115,-30.6283],[-64.4107,-30.622],[-64.4165,-30.625],[-64.4175,-30.6178],[-64.4206,-30.6145],[-64.4182,-30.6124],[-64.4106,-30.6197],[-64.4108,-30.6147],[-64.4034,-30.6126],[-64.401,-30.6049],[-64.4065,-30.6067],[-64.4099,-30.6122],[-64.4126,-30.6085],[-64.4185,-30.604],[-64.4184,-30.5963],[-64.4156,-30.5872],[-64.4133,-30.5868],[-64.4126,-30.5801],[-64.3991,-30.5805],[-64.402,-30.5775],[-64.4103,-30.5578],[-64.4118,-30.5579],[-64.4147,-30.559],[-64.4179,-30.562],[-64.4214,-30.5601],[-64.4215,-30.5599],[-64.425,-30.5578],[-64.4266,-30.5539],[-64.4335,-30.5544],[-64.4315,-30.561],[-64.4357,-30.5643],[-64.434,-30.5685],[-64.4375,-30.5712],[-64.44,-30.5759],[-64.4456,-30.5759],[-64.4497,-30.5722],[-64.4494,-30.5694],[-64.4529,-30.5654],[-64.456,-30.568],[-64.453,-30.5711],[-64.4522,-30.5769],[-64.4432,-30.5793],[-64.4439,-30.5845],[-64.4473,-30.5939],[-64.4431,-30.5939],[-64.4438,-30.5986],[-64.453,-30.6049],[-64.4524,-30.6086],[-64.4587,-30.6101],[-64.4609,-30.6144],[-64.4681,-30.6166],[-64.4655,-30.6218],[-64.4653,-30.6291],[-64.4698,-30.6318],[-64.4679,-30.6395],[-64.4622,-30.6421],[-64.4605,-30.6481],[-64.4557,-30.6462],[-64.4547,-30.652],[-64.4481,-30.6561],[-64.4482,-30.6502],[-64.4529,-30.6465],[-64.4583,-30.6405],[-64.4553,-30.6367],[-64.4557,-30.6307],[-64.4507,-30.6303],[-64.4484,-30.6382],[-64.4479,-30.6432],[-64.4449,-30.6441],[-64.4432,-30.6392],[-64.4374,-30.6426],[-64.438,-30.6445],[-64.4371,-30.6577],[-64.4332,-30.6565],[-64.4353,-30.6533],[-64.4339,-30.6482],[-64.4341,-30.6422],[-64.437,-30.6345],[-64.4293,-30.6334],[-64.4242,-30.6254],[-64.4211,-30.6242],[-64.421,-30.633],[-64.4268,-30.6344],[-64.4277,-30.6368],[-64.4208,-30.6421],[-64.4275,-30.6478],[-64.4215,-30.6521],[-64.4201,-30.6452],[-64.4167,-30.6388],[-64.4136,-30.6405],[-64.4135,-30.6479],[-64.4082,-30.6463],[-64.4101,-30.6413],[-64.4092,-30.6391],[-64.4031,-30.639],[-64.4004,-30.6414],[-64.394,-30.6395],[-64.3972,-30.6493],[-64.4047,-30.653],[-64.4058,-30.6549],[-64.4055,-30.669],[-64.4025,-30.6721],[-64.3982,-30.6626],[-64.4029,-30.6623],[-64.4031,-30.6583],[-64.4009,-30.6559],[-64.3939,-30.6522],[-64.3859,-30.6525],[-64.3829,-30.6504],[-64.3774,-30.6535],[-64.3773,-30.6488],[-64.3806,-30.6442],[-64.3811,-30.6394],[-64.3766,-30.6383],[-64.3767,-30.6421],[-64.3726,-30.6464],[-64.3711,-30.656],[-64.3689,-30.6606],[-64.3695,-30.6634],[-64.3742,-30.6641],[-64.3743,-30.6703],[-64.3725,-30.6748],[-64.3734,-30.6796],[-64.38,-30.6812],[-64.3804,-30.6864],[-64.3765,-30.6898],[-64.3744,-30.6961],[-64.3838,-30.6879],[-64.3876,-30.693],[-64.3825,-30.6986],[-64.383,-30.7026],[-64.3878,-30.7024],[-64.3866,-30.699],[-64.3951,-30.6899],[-64.3944,-30.6856],[-64.3967,-30.6833],[-64.401,-30.6857],[-64.4003,-30.6905],[-64.3975,-30.6913],[-64.3929,-30.6963],[-64.393,-30.704],[-64.392,-30.7073],[-64.3927,-30.7173],[-64.3905,-30.7214],[-64.3912,-30.7276],[-64.3942,-30.7304],[-64.394,-30.7355],[-64.3971,-30.74],[-64.3961,-30.7452],[-64.4016,-30.7444],[-64.4018,-30.738],[-64.4068,-30.7408],[-64.4056,-30.7499],[-64.3978,-30.7493],[-64.3948,-30.7521],[-64.3966,-30.7574],[-64.3863,-30.7563],[-64.3869,-30.7608],[-64.3925,-30.761],[-64.3983,-30.7626],[-64.3994,-30.7597],[-64.4046,-30.7573],[-64.4079,-30.7575],[-64.4074,-30.7649],[-64.4144,-30.7648],[-64.4167,-30.7677],[-64.4192,-30.7722],[-64.4146,-30.7756],[-64.4274,-30.785],[-64.433,-30.7868],[-64.4391,-30.7906],[-64.4461,-30.7931],[-64.4408,-30.7953],[-64.4448,-30.813],[-64.4512,-30.8143],[-64.4535,-30.82],[-64.4551,-30.8281],[-64.4595,-30.8248],[-64.4659,-30.8251],[-64.4719,-30.8282],[-64.4719,-30.8375],[-64.4705,-30.8426],[-64.472,-30.8526],[-64.4693,-30.8537],[-64.464,-30.8477],[-64.4569,-30.8471],[-64.4542,-30.842],[-64.447,-30.8356],[-64.4425,-30.8369],[-64.434,-30.8444],[-64.4299,-30.8426],[-64.4266,-30.8455],[-64.4157,-30.8443],[-64.4142,-30.8408],[-64.4171,-30.8359],[-64.4062,-30.8341],[-64.4028,-30.8322],[-64.3971,-30.8265],[-64.3986,-30.8226],[-64.4101,-30.8183],[-64.4161,-30.8169],[-64.419,-30.8101],[-64.4261,-30.811],[-64.4336,-30.8164],[-64.4449,-30.8182],[-64.444,-30.8124],[-64.434,-30.7941],[-64.4303,-30.7942],[-64.4243,-30.7904],[-64.4164,-30.7904],[-64.413,-30.7882],[-64.413,-30.785],[-64.4059,-30.7835],[-64.4002,-30.7809],[-64.3958,-30.7871],[-64.3884,-30.7878],[-64.3861,-30.7856],[-64.3841,-30.7802],[-64.3752,-30.7809],[-64.3719,-30.7848],[-64.3719,-30.7877],[-64.3682,-30.789],[-64.3577,-30.7891],[-64.3551,-30.7876],[-64.3444,-30.7938],[-64.3363,-30.8042],[-64.327,-30.8098],[-64.3188,-30.8102],[-64.3132,-30.809],[-64.3113,-30.8061],[-64.2964,-30.8091],[-64.2733,-30.8078],[-64.2703,-30.8103],[-64.2524,-30.8111],[-64.2354,-30.8057],[-64.2385,-30.8121],[-64.2352,-30.8136],[-64.2297,-30.8098],[-64.221,-30.8114]],[[-64.2878,-30.7987],[-64.292,-30.8001],[-64.3053,-30.8012],[-64.307,-30.798],[-64.2982,-30.7952],[-64.2933,-30.7957],[-64.2878,-30.7987]],[[-64.307,-30.798],[-64.3138,-30.7999],[-64.3191,-30.8032],[-64.325,-30.8029],[-64.3372,-30.7935],[-64.336,-30.7898],[-64.3323,-30.7871],[-64.3205,-30.7886],[-64.3205,-30.7858],[-64.3055,-30.7873],[-64.3037,-30.7942],[-64.307,-30.798]],[[-64.3037,-30.7685],[-64.3032,-30.7733],[-64.3113,-30.7751],[-64.3185,-30.7687],[-64.3222,-30.7688],[-64.3272,-30.7666],[-64.3247,-30.7633],[-64.3172,-30.7645],[-64.3109,-30.7687],[-64.31,-30.7627],[-64.3056,-30.7623],[-64.3037,-30.7685]],[[-64.3195,-30.7299],[-64.3159,-30.7316],[-64.3112,-30.7305],[-64.3092,-30.7257],[-64.3035,-30.7303],[-64.296,-30.7313],[-64.2961,-30.7361],[-64.2906,-30.7371],[-64.2879,-30.7414],[-64.2886,-30.7512],[-64.2944,-30.7514],[-64.2913,-30.7457],[-64.2923,-30.7421],[-64.2989,-30.7382],[-64.3005,-30.7325],[-64.3098,-30.7321],[-64.3259,-30.7332],[-64.333,-30.7325],[-64.3392,-30.7357],[-64.3362,-30.7395],[-64.345,-30.738],[-64.3444,-30.7354],[-64.349,-30.7337],[-64.3519,-30.7367],[-64.3522,-30.7408],[-64.3569,-30.7386],[-64.3581,-30.7354],[-64.3618,-30.7328],[-64.3604,-30.7297],[-64.3554,-30.7326],[-64.3502,-30.7327],[-64.3496,-30.7282],[-64.3413,-30.7285],[-64.3311,-30.7279],[-64.3316,-30.7241],[-64.328,-30.7239],[-64.3267,-30.7301],[-64.3195,-30.7299]],[[-64.3352,-30.7064],[-64.338,-30.7078],[-64.3387,-30.6965],[-64.3351,-30.6971],[-64.3352,-30.7064]],[[-64.3349,-30.6926],[-64.3415,-30.6926],[-64.3401,-30.689],[-64.331,-30.6882],[-64.3349,-30.6926]],[[-64.3627,-30.6748],[-64.367,-30.6749],[-64.3665,-30.6691],[-64.3626,-30.669],[-64.3627,-30.6748]],[[-64.3571,-30.6668],[-64.3625,-30.6676],[-64.364,-30.6633],[-64.3581,-30.6623],[-64.3571,-30.6668]],[[-64.3413,-30.6568],[-64.3413,-30.6589],[-64.3349,-30.6589],[-64.3293,-30.6606],[-64.329,-30.6629],[-64.318,-30.6638],[-64.3249,-30.67],[-64.3258,-30.6749],[-64.3322,-30.6749],[-64.3318,-30.6693],[-64.3293,-30.6661],[-64.3372,-30.6658],[-64.3396,-30.6635],[-64.3456,-30.6691],[-64.3453,-30.6635],[-64.3413,-30.6568]],[[-64.3379,-30.6316],[-64.3449,-30.636],[-64.3489,-30.636],[-64.3491,-30.6427],[-64.3527,-30.6473],[-64.3563,-30.6486],[-64.3557,-30.654],[-64.361,-30.6551],[-64.3607,-30.6403],[-64.3531,-30.6406],[-64.3529,-30.635],[-64.3473,-30.6324],[-64.3474,-30.6291],[-64.3397,-30.6294],[-64.3379,-30.6316]],[[-64.3644,-30.6206],[-64.3642,-30.6314],[-64.3695,-30.6316],[-64.3699,-30.6242],[-64.3672,-30.6244],[-64.3644,-30.6206]],[[-64.3748,-30.6327],[-64.3789,-30.6331],[-64.3799,-30.6298],[-64.3849,-30.6281],[-64.3839,-30.6171],[-64.3806,-30.6174],[-64.3782,-30.6207],[-64.378,-30.6269],[-64.375,-30.6289],[-64.3748,-30.6327]],[[-64.3704,-30.6069],[-64.3754,-30.6057],[-64.3766,-30.6026],[-64.3762,-30.5945],[-64.3724,-30.5946],[-64.3702,-30.6],[-64.3704,-30.6069]],[[-64.3704,-30.6069],[-64.3695,-30.6139],[-64.3748,-30.6134],[-64.3741,-30.6091],[-64.3704,-30.6069]],[[-64.3491,-30.6037],[-64.3497,-30.6069],[-64.3569,-30.6103],[-64.3569,-30.6044],[-64.3642,-30.6036],[-64.364,-30.5972],[-64.3491,-30.6037]],[[-64.4216,-30.5941],[-64.4245,-30.6055],[-64.421,-30.6053],[-64.4162,-30.6075],[-64.4177,-30.6101],[-64.4221,-30.6073],[-64.4266,-30.6066],[-64.4273,-30.6123],[-64.4383,-30.6142],[-64.437,-30.6051],[-64.4303,-30.6021],[-64.4266,-30.5961],[-64.4265,-30.592],[-64.4239,-30.5909],[-64.4232,-30.585],[-64.4169,-30.5847],[-64.418,-30.5915],[-64.4216,-30.5941]]],[[[-64.2639,-30.5565],[-64.2747,-30.5562],[-64.2685,-30.5617],[-64.2644,-30.5591],[-64.2639,-30.5565]]],[[[-64.3343,-30.5598],[-64.3278,-30.5596],[-64.3246,-30.5563],[-64.3177,-30.563],[-64.3215,-30.5632],[-64.3213,-30.5718],[-64.3176,-30.5721],[-64.3176,-30.5764],[-64.3139,-30.5768],[-64.3119,-30.5722],[-64.307,-30.5698],[-64.3086,-30.5758],[-64.2944,-30.5768],[-64.291,-30.5727],[-64.285,-30.5853],[-64.2917,-30.5793],[-64.2996,-30.5791],[-64.299,-30.5832],[-64.3021,-30.5835],[-64.2988,-30.5928],[-64.2905,-30.5924],[-64.2889,-30.6042],[-64.2833,-30.6],[-64.278,-30.6003],[-64.2777,-30.5968],[-64.2836,-30.598],[-64.2861,-30.5943],[-64.2772,-30.5943],[-64.2766,-30.5912],[-64.2791,-30.5862],[-64.2565,-30.5866],[-64.2528,-30.5974],[-64.2543,-30.6022],[-64.252,-30.6059],[-64.2474,-30.6079],[-64.2469,-30.6118],[-64.2494,-30.6141],[-64.2454,-30.618],[-64.2457,-30.6272],[-64.2475,-30.6288],[-64.2477,-30.6367],[-64.2493,-30.6465],[-64.2457,-30.6487],[-64.2405,-30.6469],[-64.236,-30.6418],[-64.2321,-30.6422],[-64.2267,-30.6456],[-64.2268,-30.6417],[-64.2352,-30.6399],[-64.2338,-30.6356],[-64.2295,-30.6357],[-64.2262,-30.6331],[-64.2254,-30.625],[-64.2287,-30.6231],[-64.2352,-30.624],[-64.2398,-30.6288],[-64.2421,-30.628],[-64.2444,-30.6214],[-64.2439,-30.6158],[-64.2473,-30.615],[-64.2452,-30.6097],[-64.2504,-30.6054],[-64.2525,-30.5979],[-64.2504,-30.5955],[-64.2539,-30.5921],[-64.2531,-30.5807],[-64.2553,-30.5787],[-64.2578,-30.5721],[-64.2678,-30.5698],[-64.2674,-30.5672],[-64.2715,-30.5684],[-64.2787,-30.5661],[-64.2786,-30.5692],[-64.2908,-30.5692],[-64.2961,-30.5678],[-64.2935,-30.5635],[-64.2894,-30.561],[-64.3067,-30.5609],[-64.302,-30.5632],[-64.3017,-30.5667],[-64.3067,-30.5655],[-64.3107,-30.5595],[-64.3107,-30.5566],[-64.3197,-30.5573],[-64.32,-30.5541],[-64.3248,-30.5514],[-64.3293,-30.5514],[-64.3314,-30.5466],[-64.3366,-30.5444],[-64.3402,-30.5459],[-64.3444,-30.5501],[-64.3392,-30.5518],[-64.3329,-30.5555],[-64.3343,-30.5598]],[[-64.2642,-30.5732],[-64.2647,-30.5796],[-64.2693,-30.5798],[-64.2692,-30.584],[-64.2792,-30.5835],[-64.2779,-30.5793],[-64.2862,-30.5802],[-64.2858,-30.5715],[-64.2748,-30.5702],[-64.2656,-30.5718],[-64.2642,-30.5732]]],[[[-64.3385,-30.5437],[-64.3386,-30.5323],[-64.3463,-30.5286],[-64.3482,-30.5255],[-64.3553,-30.5249],[-64.3548,-30.5281],[-64.3501,-30.5281],[-64.3483,-30.531],[-64.342,-30.5334],[-64.3426,-30.5399],[-64.3385,-30.5437]]],[[[-64.264,-30.5532],[-64.2624,-30.5436],[-64.265,-30.5424],[-64.2665,-30.5376],[-64.2672,-30.5292],[-64.272,-30.5199],[-64.2752,-30.5108],[-64.2767,-30.5098],[-64.2862,-30.5125],[-64.2923,-30.5107],[-64.2978,-30.5115],[-64.2933,-30.515],[-64.293,-30.5176],[-64.3038,-30.5174],[-64.3035,-30.523],[-64.307,-30.5245],[-64.3121,-30.5226],[-64.3159,-30.515],[-64.3198,-30.5152],[-64.3194,-30.5189],[-64.3244,-30.5188],[-64.322,-30.5248],[-64.3281,-30.5267],[-64.3294,-30.5211],[-64.3298,-30.5081],[-64.3396,-30.5092],[-64.3369,-30.5142],[-64.3464,-30.5151],[-64.3466,-30.5204],[-64.3385,-30.5226],[-64.3322,-30.5283],[-64.3345,-30.5321],[-64.3299,-30.5362],[-64.326,-30.5365],[-64.3205,-30.5337],[-64.3125,-30.5333],[-64.2954,-30.5337],[-64.294,-30.5368],[-64.299,-30.5382],[-64.3094,-30.5351],[-64.3098,-30.5388],[-64.3032,-30.54],[-64.3101,-30.5435],[-64.3182,-30.54],[-64.3225,-30.5427],[-64.3224,-30.5468],[-64.3122,-30.5474],[-64.3121,-30.5444],[-64.2985,-30.5448],[-64.2987,-30.5495],[-64.3025,-30.551],[-64.3015,-30.5586],[-64.2929,-30.5586],[-64.2922,-30.5552],[-64.2827,-30.5544],[-64.2841,-30.5471],[-64.2872,-30.5451],[-64.2922,-30.5467],[-64.2873,-30.53],[-64.2785,-30.5313],[-64.2776,-30.5294],[-64.2715,-30.5261],[-64.27,-30.5326],[-64.2747,-30.5375],[-64.2802,-30.5326],[-64.2876,-30.5357],[-64.2874,-30.5386],[-64.2789,-30.5385],[-64.2756,-30.5428],[-64.2684,-30.5426],[-64.2696,-30.5493],[-64.2663,-30.5498],[-64.264,-30.5532]]],[[[-64.293,-30.4785],[-64.2967,-30.4804],[-64.2962,-30.487],[-64.2993,-30.4909],[-64.3103,-30.4896],[-64.3122,-30.4815],[-64.3216,-30.4781],[-64.3237,-30.4806],[-64.3207,-30.4833],[-64.3139,-30.4851],[-64.314,-30.491],[-64.3265,-30.4918],[-64.323,-30.4951],[-64.3177,-30.4917],[-64.318,-30.4968],[-64.3231,-30.5032],[-64.31,-30.5032],[-64.3092,-30.5079],[-64.3138,-30.5086],[-64.3112,-30.5194],[-64.3035,-30.5122],[-64.2993,-30.5107],[-64.3008,-30.5053],[-64.2894,-30.5006],[-64.283,-30.494],[-64.282,-30.4913],[-64.2867,-30.4841],[-64.2909,-30.4816],[-64.293,-30.4785]]],[[[-64.5781,-30.4327],[-64.5769,-30.4296],[-64.582,-30.4277],[-64.5842,-30.4352],[-64.5785,-30.4361],[-64.5781,-30.4327]]],[[[-64.7434,-32.0987],[-64.7436,-32.0994],[-64.7426,-32.096],[-64.7434,-32.0987]]],[[[-64.6268,-31.9149],[-64.6244,-31.9177],[-64.6247,-31.9212],[-64.619,-31.9208],[-64.6184,-31.9165],[-64.6268,-31.9149]]],[[[-64.5531,-31.5019],[-64.5622,-31.5082],[-64.5557,-31.5097],[-64.5531,-31.5019]]],[[[-64.5072,-31.2406],[-64.4994,-31.2425],[-64.5021,-31.2352],[-64.5072,-31.2406]]],[[[-64.4693,-31.1822],[-64.4516,-31.1805],[-64.4501,-31.1741],[-64.4545,-31.1743],[-64.459,-31.1788],[-64.4656,-31.1802],[-64.4693,-31.1822]]]]},"properties":{"cat_cons_original":"II","categoria":"amarillo"}}
]}