{"type":"FeatureCollection", "features": [
{"type":"Feature","geometry":{"type":"Polygon","coordinates":[[[-64.41559,-31.97776],[-64.41567,-31.9775],[-64.41601,-31.97728],[-64.4174,-31.97727],[-64.41752,-31.97778],[-64.41827,-31.97786],[-64.4189,-31.97745],[-64.41929,-31.97749],[-64.41937,-31.97793],[-64.41893,-31.97798],[-64.41842,-31.97835],[-64.41793,-31.97848],[-64.41788,-31.97868],[-64.41756,-31.97879],[-64.41538,-31.97883],[-64.41483,-31.97867],[-64.41446,-31.97834],[-64.41387,-31.97835],[-64.41386,-31.97864],[-64.41415,-31.97878],[-64.41446,-31.97925],[-64.41518,-31.97947],[-64.41551,-31.97998],[-64.41526,-31.98014],[-64.41434,-31.98043],[-64.41397,-31.98038],[-64.41359,-31.97984],[-64.41302,-31.97954],[-64.41298,-31.97923],[-64.41243,-31.97907],[-64.41233,-31.97894],[-64.41242,-31.97853],[-64.41225,-31.97833],[-64.41233,-31.97808],[-64.41292,-31.97776],[-64.41322,-31.97806],[-64.41413,-31.97806],[-64.41539,-31.97789],[-64.41559,-31.97776]]]},"properties":{"periodo":2021,"dts":"2020-12-31","dte":"2021-12-18","infobs":"agropecuario"}},
{"type":"Feature","geometry":{"type":"Polygon","coordinates":[[[-63.60524,-30.42993],[-63.60635,-30.4296],[-63.60916,-30.42909],[-63.61049,-30.42907],[-63.61075,-30.42952],[-63.61082,-30.43009],[-63.61052,-30.43029],[-63.61027,-30.43046],[-63.60932,-30.42999],[-63.60821,-30.43005],[-63.60538,-30.43001],[-63.60524,-30.42993]]]},"properties":{"periodo":2021,"dts":"2020-12-31","dte":"2021-12-18","infobs":"posible silvopastoril/desarbustado"}},
{"type":"Feature","geometry":{"type":"Polygon","coordinates":[[[-63.97145,-30.21235],[-63.97213,-30.21293],[-63.97215,-30.21303],[-63.97145,-30.21235]]]},"properties":{"periodo":2021,"dts":"2020-12-31","dte":"2021-12-18","infobs":"incendio"}},
{"type":"Feature","geometry":{"type":"Polygon","coordinates":[[[-63.88539,-30.50528],[-63.88483,-30.50501],[-63.88461,-30.50413],[-63.88305,-30.50266],[-63.8835,-30.50242],[-63.88357,-30.50224],[-63.88405,-30.50194],[-63.88491,-30.50173],[-63.88525,-30.50143],[-63.88545,-30.50089],[-63.88566,-30.50113],[-63.88601,-30.50217],[-63.88688,-30.5027],[-63.88659,-30.5034],[-63.88596,-30.50388],[-63.88539,-30.50528]]]},"properties":{"periodo":2021,"dts":"2020-12-31","dte":"2021-12-18","infobs":"incendio"}},
{"type":"Feature","geometry":{"type":"Polygon","coordinates":[[[-63.90694,-30.22149],[-63.9108,-30.22184],[-63.91169,-30.22425],[-63.91088,-30.22966],[-63.91241,-30.23281],[-63.9148,-30.23614],[-63.91867,-30.23761],[-63.92189,-30.23833],[-63.92509,-30.23682],[-63.92549,-30.23365],[-63.92742,-30.23345],[-63.93106,-30.2325],[-63.93275,-30.23062],[-63.93292,-30.22615],[-63.93247,-30.22336],[-63.93008,-30.21947],[-63.92727,-30.21744],[-63.92725,-30.21718],[-63.92955,-30.21648],[-63.93111,-30.21515],[-63.93256,-30.2153],[-63.93427,-30.21746],[-63.93534,-30.21917],[-63.93646,-30.22161],[-63.93491,-30.22271],[-63.93433,-30.22388],[-63.93465,-30.22696],[-63.9356,-30.22868],[-63.93571,-30.22817],[-63.93518,-30.22701],[-63.93516,-30.22544],[-63.93509,-30.22327],[-63.93618,-30.22255],[-63.93679,-30.22231],[-63.93754,-30.22381],[-63.93861,-30.22653],[-63.93857,-30.22876],[-63.93957,-30.22996],[-63.93953,-30.23118],[-63.93914,-30.23275],[-63.93886,-30.23462],[-63.93689,-30.23524],[-63.93571,-30.23398],[-63.93414,-30.23374],[-63.93293,-30.23502],[-63.93242,-30.23608],[-63.93282,-30.23653],[-63.93249,-30.23871],[-63.93188,-30.24114],[-63.93125,-30.24312],[-63.93254,-30.24379],[-63.93053,-30.24497],[-63.92904,-30.24666],[-63.92625,-30.2482],[-63.92607,-30.24749],[-63.92565,-30.24659],[-63.92471,-30.24605],[-63.92387,-30.24542],[-63.92323,-30.24461],[-63.9227,-30.24361],[-63.92206,-30.2428],[-63.92102,-30.2429],[-63.91998,-30.24327],[-63.91893,-30.2431],[-63.91766,-30.24156],[-63.9164,-30.24012],[-63.91545,-30.23968],[-63.91494,-30.2405],[-63.91485,-30.24149],[-63.91506,-30.24249],[-63.9157,-30.24321],[-63.91622,-30.24411],[-63.91644,-30.24525],[-63.91645,-30.24593],[-63.91541,-30.24648],[-63.91442,-30.24674],[-63.91425,-30.24639],[-63.91082,-30.24623],[-63.90908,-30.24363],[-63.90927,-30.24084],[-63.90452,-30.2377],[-63.90383,-30.23213],[-63.90379,-30.22747],[-63.90694,-30.22149]]]},"properties":{"periodo":2021,"dts":"2020-12-31","dte":"2021-12-18","infobs":"incendio"}},
{"type":"Feature","geometry":{"type":"Polygon","coordinates":[[[-63.97814,-30.20879],[-63.97626,-30.20778],[-63.97432,-30.20668],[-63.97514,-30.20332],[-63.97884,-30.20189],[-63.97938,-30.20242],[-63.98038,-30.20305],[-63.98087,-30.20355],[-63.98078,-30.20398],[-63.98054,-30.2044],[-63.97956,-30.20366],[-63.97912,-30.2032],[-63.97873,-30.20352],[-63.97841,-30.204],[-63.97872,-30.20422],[-63.97938,-30.20525],[-63.9803,-30.20593],[-63.98028,-30.20617],[-63.97996,-30.20698],[-63.97944,-30.20717],[-63.97908,-30.20685],[-63.97891,-30.20653],[-63.97846,-30.207],[-63.97827,-30.20696],[-63.97829,-30.20642],[-63.97792,-30.20595],[-63.97711,-30.20627],[-63.97784,-30.20698],[-63.97775,-30.20745],[-63.97805,-30.20773],[-63.97882,-30.20783],[-63.97825,-30.20871],[-63.97814,-30.20879]]]},"properties":{"periodo":2021,"dts":"2020-12-31","dte":"2021-12-18","infobs":"incendio"}},
{"type":"Feature","geometry":{"type":"Polygon","coordinates":[[[-64.0157,-29.99667],[-64.01714,-29.9967],[-64.01715,-29.99729],[-64.01654,-29.99849],[-64.01587,-29.99913],[-64.0157,-29.99667]]]},"properties":{"periodo":2021,"dts":"2020-12-31","dte":"2021-12-18","infobs":"incendio"}},
{"type":"Feature","geometry":{"type":"Polygon","coordinates":[[[-64.01848,-29.99055],[-64.01864,-29.98799],[-64.01829,-29.98786],[-64.01865,-29.98758],[-64.01974,-29.98934],[-64.01848,-29.99055]]]},"properties":{"periodo":2021,"dts":"2020-12-31","dte":"2021-12-18","infobs":"incendio"}},
{"type":"Feature","geometry":{"type":"Polygon","coordinates":[[[-64.01712,-29.98744],[-64.01626,-29.98712],[-64.01597,-29.98696],[-64.01708,-29.98659],[-64.01712,-29.98744]]]},"properties":{"periodo":2021,"dts":"2020-12-31","dte":"2021-12-18","infobs":"incendio"}},
{"type":"Feature","geometry":{"type":"Polygon","coordinates":[[[-63.66362,-29.85474],[-63.66321,-29.85463],[-63.66313,-29.85435],[-63.66329,-29.8541],[-63.66354,-29.85413],[-63.66391,-29.85452],[-63.66444,-29.85477],[-63.66547,-29.85495],[-63.66596,-29.85498],[-63.66621,-29.85476],[-63.66625,-29.85448],[-63.66653,-29.85412],[-63.66695,-29.85422],[-63.66691,-29.85483],[-63.66703,-29.85522],[-63.66765,-29.85569],[-63.66749,-29.85579],[-63.66655,-29.8558],[-63.66601,-29.85548],[-63.66469,-29.85531],[-63.66391,-29.85535],[-63.66362,-29.8551],[-63.66362,-29.85474]]]},"properties":{"periodo":2021,"dts":"2020-12-31","dte":"2021-12-18","infobs":"incendio"}},
{"type":"Feature","geometry":{"type":"Polygon","coordinates":[[[-63.65971,-29.8492],[-63.65925,-29.849],[-63.65931,-29.84842],[-63.65918,-29.84821],[-63.65881,-29.84796],[-63.65885,-29.84739],[-63.65971,-29.84746],[-63.65996,-29.84792],[-63.66046,-29.84842],[-63.66116,-29.84856],[-63.66128,-29.84867],[-63.66085,-29.8493],[-63.65971,-29.8492]]]},"properties":{"periodo":2021,"dts":"2020-12-31","dte":"2021-12-18","infobs":"incendio"}},
{"type":"Feature","geometry":{"type":"Polygon","coordinates":[[[-63.66479,-29.8455],[-63.66483,-29.84496],[-63.66525,-29.84425],[-63.66647,-29.845],[-63.66635,-29.8456],[-63.66648,-29.84595],[-63.66702,-29.84642],[-63.6673,-29.84627],[-63.66761,-29.8451],[-63.66792,-29.84499],[-63.66915,-29.84576],[-63.66936,-29.8463],[-63.67006,-29.84633],[-63.67014,-29.84658],[-63.66928,-29.84712],[-63.66912,-29.84769],[-63.66925,-29.84837],[-63.6695,-29.84859],[-63.67036,-29.84873],[-63.6718,-29.84868],[-63.67241,-29.84897],[-63.67234,-29.84954],[-63.67205,-29.84997],[-63.67111,-29.85098],[-63.66992,-29.85131],[-63.66972,-29.85167],[-63.66989,-29.85199],[-63.67079,-29.85191],[-63.67161,-29.85155],[-63.67263,-29.85104],[-63.67399,-29.85118],[-63.67489,-29.85139],[-63.67514,-29.85203],[-63.6763,-29.85324],[-63.67688,-29.85367],[-63.67693,-29.85424],[-63.6766,-29.8546],[-63.67571,-29.854],[-63.67571,-29.85364],[-63.67482,-29.85286],[-63.67453,-29.85221],[-63.67428,-29.85186],[-63.67379,-29.85182],[-63.67363,-29.85211],[-63.67363,-29.8524],[-63.67421,-29.85311],[-63.67372,-29.85336],[-63.67256,-29.85315],[-63.67228,-29.85298],[-63.6717,-29.85302],[-63.67142,-29.85327],[-63.67171,-29.85388],[-63.67241,-29.85409],[-63.67253,-29.85434],[-63.67229,-29.85462],[-63.67196,-29.85445],[-63.672,-29.85491],[-63.67221,-29.85516],[-63.6725,-29.85596],[-63.67161,-29.85608],[-63.67073,-29.85503],[-63.67081,-29.85442],[-63.67031,-29.85442],[-63.66949,-29.85407],[-63.66867,-29.85393],[-63.66834,-29.85371],[-63.66772,-29.85386],[-63.66735,-29.85325],[-63.6673,-29.85243],[-63.66845,-29.85167],[-63.6691,-29.85149],[-63.66902,-29.85131],[-63.66845,-29.85131],[-63.66783,-29.85146],[-63.66767,-29.8516],[-63.66651,-29.85125],[-63.66569,-29.85115],[-63.66532,-29.85126],[-63.66528,-29.85151],[-63.66475,-29.85165],[-63.66381,-29.85159],[-63.66384,-29.85109],[-63.66462,-29.85083],[-63.66388,-29.85008],[-63.66367,-29.8498],[-63.6631,-29.84962],[-63.66297,-29.84934],[-63.66264,-29.84934],[-63.66203,-29.84981],[-63.6619,-29.84909],[-63.66206,-29.8487],[-63.66276,-29.84844],[-63.6628,-29.84808],[-63.66235,-29.84802],[-63.66181,-29.84805],[-63.66152,-29.84816],[-63.66111,-29.84766],[-63.66127,-29.84752],[-63.66123,-29.84723],[-63.66078,-29.84695],[-63.66008,-29.84706],[-63.65971,-29.84656],[-63.66012,-29.84609],[-63.66069,-29.84609],[-63.66135,-29.84666],[-63.66324,-29.84726],[-63.66399,-29.84754],[-63.66518,-29.84743],[-63.6653,-29.84714],[-63.66513,-29.84643],[-63.66479,-29.8455]],[[-63.66777,-29.8486],[-63.66768,-29.84799],[-63.66702,-29.84756],[-63.66645,-29.8476],[-63.66629,-29.84814],[-63.66596,-29.84839],[-63.66531,-29.84861],[-63.66436,-29.84872],[-63.66383,-29.84894],[-63.66408,-29.84937],[-63.66445,-29.84976],[-63.66478,-29.84983],[-63.66519,-29.84904],[-63.66547,-29.84922],[-63.6654,-29.84975],[-63.66593,-29.84943],[-63.66637,-29.8485],[-63.6667,-29.84849],[-63.66716,-29.84871],[-63.66732,-29.84906],[-63.66724,-29.84946],[-63.66634,-29.84961],[-63.66634,-29.85004],[-63.667,-29.84996],[-63.66819,-29.84956],[-63.66848,-29.84967],[-63.66852,-29.84995],[-63.66909,-29.84974],[-63.66909,-29.84923],[-63.66839,-29.84899],[-63.66806,-29.84899],[-63.66777,-29.8486]]]},"properties":{"periodo":2021,"dts":"2020-12-31","dte":"2021-12-18","infobs":"incendio"}},
{"type":"Feature","geometry":{"type":"Polygon","coordinates":[[[-63.66895,-29.84003],[-63.66902,-29.83942],[-63.66972,-29.8391],[-63.6703,-29.83928],[-63.6703,-29.8397],[-63.67014,-29.84031],[-63.67031,-29.8411],[-63.66982,-29.84135],[-63.66945,-29.84118],[-63.66928,-29.84068],[-63.66891,-29.84068],[-63.66858,-29.84115],[-63.66871,-29.84154],[-63.66871,-29.84197],[-63.6683,-29.84251],[-63.66761,-29.84265],[-63.66679,-29.84259],[-63.66723,-29.84147],[-63.66743,-29.84087],[-63.6671,-29.84004],[-63.66767,-29.83972],[-63.66804,-29.83979],[-63.66874,-29.84025],[-63.66895,-29.84003]]]},"properties":{"periodo":2021,"dts":"2020-12-31","dte":"2021-12-18","infobs":"incendio"}},
{"type":"Feature","geometry":{"type":"Polygon","coordinates":[[[-64.47325,-31.01419],[-64.47369,-31.01382],[-64.47414,-31.01396],[-64.47439,-31.01429],[-64.47498,-31.01469],[-64.47547,-31.01416],[-64.47589,-31.01421],[-64.47674,-31.01412],[-64.47877,-31.01455],[-64.48022,-31.01468],[-64.48067,-31.01511],[-64.48095,-31.01548],[-64.48137,-31.01584],[-64.48115,-31.01617],[-64.48074,-31.01639],[-64.48066,-31.01668],[-64.48075,-31.01697],[-64.48169,-31.01698],[-64.48296,-31.0167],[-64.48377,-31.01669],[-64.48405,-31.01707],[-64.48491,-31.01699],[-64.48579,-31.01717],[-64.48616,-31.01752],[-64.48637,-31.01821],[-64.48781,-31.01839],[-64.48997,-31.01812],[-64.4897,-31.01863],[-64.48887,-31.01904],[-64.48643,-31.01907],[-64.48572,-31.01951],[-64.48536,-31.01963],[-64.48492,-31.01945],[-64.48474,-31.01909],[-64.48416,-31.01881],[-64.48391,-31.01884],[-64.48358,-31.01927],[-64.48351,-31.01968],[-64.48359,-31.01989],[-64.48432,-31.02046],[-64.48513,-31.02092],[-64.48553,-31.02159],[-64.48498,-31.02193],[-64.48432,-31.02196],[-64.48354,-31.02171],[-64.48309,-31.02133],[-64.48266,-31.02016],[-64.4824,-31.02002],[-64.48135,-31.01975],[-64.48035,-31.01976],[-64.47985,-31.0196],[-64.47972,-31.01874],[-64.47908,-31.01834],[-64.47811,-31.01819],[-64.47734,-31.01836],[-64.47698,-31.01834],[-64.47666,-31.01792],[-64.47589,-31.01793],[-64.47564,-31.01779],[-64.47535,-31.01707],[-64.47426,-31.01659],[-64.47395,-31.01633],[-64.47367,-31.01576],[-64.47326,-31.01478],[-64.47325,-31.01419]]]},"properties":{"periodo":2021,"dts":"2020-12-31","dte":"2021-12-18","infobs":"incendio"}},
{"type":"Feature","geometry":{"type":"Polygon","coordinates":[[[-63.89014,-30.5031],[-63.89008,-30.50268],[-63.89015,-30.5022],[-63.89066,-30.50196],[-63.89038,-30.50124],[-63.89079,-30.50121],[-63.89118,-30.50163],[-63.89149,-30.50159],[-63.89176,-30.50126],[-63.89285,-30.50054],[-63.89316,-30.50015],[-63.89358,-30.50024],[-63.89365,-30.50077],[-63.89328,-30.50188],[-63.89332,-30.5031],[-63.89241,-30.50344],[-63.89032,-30.50306],[-63.89014,-30.5031]]]},"properties":{"periodo":2021,"dts":"2020-12-31","dte":"2021-12-18","infobs":"incendio"}},
{"type":"Feature","geometry":{"type":"Polygon","coordinates":[[[-64.08061,-30.11701],[-64.08038,-30.1161],[-64.08009,-30.11539],[-64.07997,-30.11396],[-64.07996,-30.11334],[-64.08102,-30.11419],[-64.08107,-30.11438],[-64.08234,-30.11475],[-64.08273,-30.11546],[-64.08236,-30.11628],[-64.08237,-30.11742],[-64.08334,-30.11622],[-64.08455,-30.11626],[-64.08532,-30.11663],[-64.08506,-30.11759],[-64.08468,-30.11793],[-64.08468,-30.11817],[-64.08513,-30.11845],[-64.08393,-30.11961],[-64.08357,-30.12049],[-64.08114,-30.12025],[-64.08064,-30.11982],[-64.08061,-30.11701]]]},"properties":{"periodo":2021,"dts":"2020-12-31","dte":"2021-12-18","infobs":"incendio"}},
{"type":"Feature","geometry":{"type":"Polygon","coordinates":[[[-64.02396,-30.07493],[-64.02411,-30.07373],[-64.02399,-30.07302],[-64.02437,-30.07197],[-64.02469,-30.07134],[-64.02523,-30.07062],[-64.02523,-30.07],[-64.02555,-30.06957],[-64.02626,-30.06952],[-64.02671,-30.0699],[-64.02639,-30.07104],[-64.02639,-30.07152],[-64.02728,-30.07192],[-64.0267,-30.07457],[-64.02657,-30.07569],[-64.02518,-30.0763],[-64.02486,-30.07697],[-64.02437,-30.07779],[-64.02384,-30.0797],[-64.02326,-30.08133],[-64.02211,-30.0821],[-64.02152,-30.08316],[-64.02032,-30.0836],[-64.01906,-30.08432],[-64.01889,-30.08361],[-64.01899,-30.0827],[-64.0197,-30.08222],[-64.0209,-30.08125],[-64.02105,-30.0803],[-64.02077,-30.07944],[-64.02076,-30.07872],[-64.02158,-30.07829],[-64.02241,-30.07866],[-64.02283,-30.07752],[-64.02249,-30.07652],[-64.02182,-30.07542],[-64.02061,-30.07467],[-64.02011,-30.07429],[-64.01977,-30.07324],[-64.01977,-30.07286],[-64.02025,-30.07186],[-64.0214,-30.07166],[-64.02284,-30.07308],[-64.02319,-30.07465],[-64.02336,-30.07527],[-64.02396,-30.07493]]]},"properties":{"periodo":2021,"dts":"2020-12-31","dte":"2021-12-18","infobs":"incendio"}},
{"type":"Feature","geometry":{"type":"Polygon","coordinates":[[[-64.04628,-30.0539],[-64.04519,-30.05314],[-64.04487,-30.05133],[-64.04576,-30.05224],[-64.04597,-30.05251],[-64.04645,-30.05266],[-64.04666,-30.05337],[-64.04628,-30.0539]]]},"properties":{"periodo":2021,"dts":"2020-12-31","dte":"2021-12-18","infobs":"incendio"}},
{"type":"Feature","geometry":{"type":"Polygon","coordinates":[[[-64.04432,-30.0482],[-64.04476,-30.04834],[-64.04445,-30.04892],[-64.04432,-30.0482]]]},"properties":{"periodo":2021,"dts":"2020-12-31","dte":"2021-12-18","infobs":"incendio"}},
{"type":"Feature","geometry":{"type":"Polygon","coordinates":[[[-64.0415,-30.04807],[-64.04008,-30.04809],[-64.03786,-30.04728],[-64.03722,-30.04673],[-64.03642,-30.04325],[-64.03371,-30.04352],[-64.03383,-30.04303],[-64.03455,-30.04306],[-64.03524,-30.04296],[-64.03561,-30.04266],[-64.03619,-30.04248],[-64.03671,-30.04262],[-64.03716,-30.04295],[-64.03751,-30.04354],[-64.03769,-30.04416],[-64.03766,-30.04473],[-64.0377,-30.04548],[-64.03805,-30.04613],[-64.03843,-30.04655],[-64.03933,-30.04702],[-64.03947,-30.04737],[-64.04012,-30.04716],[-64.04039,-30.04722],[-64.0415,-30.04807]]]},"properties":{"periodo":2021,"dts":"2020-12-31","dte":"2021-12-18","infobs":"incendio"}},
{"type":"Feature","geometry":{"type":"Polygon","coordinates":[[[-64.01566,-29.99323],[-64.01723,-29.9923],[-64.0182,-29.99251],[-64.01786,-29.99317],[-64.01677,-29.9933],[-64.01566,-29.99323]]]},"properties":{"periodo":2021,"dts":"2020-12-31","dte":"2021-12-18","infobs":"incendio"}},
{"type":"Feature","geometry":{"type":"Polygon","coordinates":[[[-63.57593,-30.61395],[-63.57439,-30.61344],[-63.57449,-30.612],[-63.57576,-30.61207],[-63.57569,-30.61238],[-63.57601,-30.61335],[-63.57593,-30.61395]]]},"properties":{"periodo":2021,"dts":"2020-12-31","dte":"2021-12-18","infobs":"NA"}},
{"type":"Feature","geometry":{"type":"Polygon","coordinates":[[[-63.41227,-30.32363],[-63.41193,-30.32329],[-63.4119,-30.32175],[-63.41328,-30.32174],[-63.41565,-30.32345],[-63.41625,-30.32396],[-63.4159,-30.32507],[-63.41218,-30.32508],[-63.41227,-30.32363]]]},"properties":{"periodo":2021,"dts":"2020-12-31","dte":"2021-12-18","infobs":"NA"}},
{"type":"Feature","geometry":{"type":"Polygon","coordinates":[[[-63.60464,-29.66686],[-63.60435,-29.66664],[-63.60564,-29.66522],[-63.60595,-29.66549],[-63.60647,-29.66577],[-63.60676,-29.6663],[-63.60677,-29.66756],[-63.6057,-29.66758],[-63.60535,-29.66658],[-63.60464,-29.66686]]]},"properties":{"periodo":2021,"dts":"2020-12-31","dte":"2021-12-18","infobs":"NA"}},
{"type":"Feature","geometry":{"type":"Polygon","coordinates":[[[-63.85822,-30.88658],[-63.85834,-30.8858],[-63.85714,-30.88149],[-63.85967,-30.88141],[-63.8612,-30.88719],[-63.85807,-30.88735],[-63.85822,-30.88658]]]},"properties":{"periodo":2021,"dts":"2020-12-31","dte":"2021-12-18","infobs":"agropecuario"}},
{"type":"Feature","geometry":{"type":"Polygon","coordinates":[[[-63.27802,-30.69872],[-63.27779,-30.69821],[-63.27644,-30.69628],[-63.27655,-30.69557],[-63.27669,-30.69475],[-63.27673,-30.69447],[-63.27642,-30.69408],[-63.27664,-30.6939],[-63.27693,-30.69439],[-63.27731,-30.69538],[-63.27807,-30.69846],[-63.27802,-30.69872]]]},"properties":{"periodo":2021,"dts":"2020-12-31","dte":"2021-12-18","infobs":"agropecuario"}},
{"type":"Feature","geometry":{"type":"Polygon","coordinates":[[[-63.62897,-30.56049],[-63.63027,-30.56048],[-63.63047,-30.5592],[-63.6313,-30.55916],[-63.63194,-30.56169],[-63.6305,-30.56192],[-63.6291,-30.56205],[-63.62897,-30.56049]]]},"properties":{"periodo":2021,"dts":"2020-12-31","dte":"2021-12-18","infobs":"agropecuario"}},
{"type":"Feature","geometry":{"type":"Polygon","coordinates":[[[-63.51626,-30.56227],[-63.51675,-30.5614],[-63.51673,-30.56091],[-63.51806,-30.55911],[-63.51826,-30.55876],[-63.51906,-30.55876],[-63.5193,-30.56001],[-63.51858,-30.56213],[-63.5167,-30.56243],[-63.51626,-30.56227]]]},"properties":{"periodo":2021,"dts":"2020-12-31","dte":"2021-12-18","infobs":"agropecuario"}},
{"type":"Feature","geometry":{"type":"Polygon","coordinates":[[[-63.39563,-30.43394],[-63.39655,-30.43401],[-63.39833,-30.43527],[-63.39842,-30.43592],[-63.3993,-30.43591],[-63.39916,-30.43541],[-63.39806,-30.43424],[-63.39805,-30.43371],[-63.39904,-30.43375],[-63.39925,-30.4335],[-63.40084,-30.43347],[-63.40217,-30.43452],[-63.40217,-30.43522],[-63.40375,-30.43537],[-63.40402,-30.43551],[-63.40409,-30.43618],[-63.39953,-30.4362],[-63.39957,-30.4373],[-63.40059,-30.43727],[-63.40058,-30.43804],[-63.39711,-30.43802],[-63.39753,-30.43654],[-63.39512,-30.43647],[-63.39494,-30.43606],[-63.39488,-30.43217],[-63.39522,-30.43213],[-63.39562,-30.43238],[-63.39558,-30.43312],[-63.3954,-30.43322],[-63.39527,-30.43376],[-63.39567,-30.4337],[-63.39563,-30.43394]]]},"properties":{"periodo":2021,"dts":"2020-12-31","dte":"2021-12-18","infobs":"agropecuario"}},
{"type":"Feature","geometry":{"type":"Polygon","coordinates":[[[-63.38827,-30.43621],[-63.38842,-30.43589],[-63.39125,-30.43553],[-63.39115,-30.43318],[-63.39185,-30.43317],[-63.39178,-30.43293],[-63.39179,-30.43056],[-63.39138,-30.43052],[-63.39148,-30.42996],[-63.39216,-30.42993],[-63.39216,-30.43623],[-63.38827,-30.43621]]]},"properties":{"periodo":2021,"dts":"2020-12-31","dte":"2021-12-18","infobs":"agropecuario"}},
{"type":"Feature","geometry":{"type":"Polygon","coordinates":[[[-63.66929,-30.30405],[-63.66923,-30.30331],[-63.67055,-30.3033],[-63.67072,-30.30416],[-63.67204,-30.30444],[-63.67253,-30.30614],[-63.66933,-30.30619],[-63.66929,-30.30405]]]},"properties":{"periodo":2021,"dts":"2020-12-31","dte":"2021-12-18","infobs":"agropecuario"}},
{"type":"Feature","geometry":{"type":"Polygon","coordinates":[[[-63.39185,-30.13213],[-63.39161,-30.13161],[-63.39146,-30.13031],[-63.39181,-30.13023],[-63.39181,-30.12921],[-63.39215,-30.12896],[-63.39319,-30.12891],[-63.39368,-30.12895],[-63.39363,-30.12923],[-63.39404,-30.12928],[-63.39408,-30.13028],[-63.39431,-30.13032],[-63.39435,-30.13133],[-63.394,-30.13136],[-63.39394,-30.13162],[-63.39341,-30.13164],[-63.39339,-30.13218],[-63.39369,-30.13218],[-63.3937,-30.13352],[-63.39308,-30.13354],[-63.39191,-30.13245],[-63.39185,-30.13213]]]},"properties":{"periodo":2021,"dts":"2020-12-31","dte":"2021-12-18","infobs":"agropecuario"}},
{"type":"Feature","geometry":{"type":"Polygon","coordinates":[[[-63.39088,-30.1275],[-63.39092,-30.12623],[-63.39057,-30.12621],[-63.39058,-30.1254],[-63.39032,-30.12538],[-63.39025,-30.1223],[-63.39153,-30.12227],[-63.39182,-30.12573],[-63.39185,-30.12754],[-63.39088,-30.1275]]]},"properties":{"periodo":2021,"dts":"2020-12-31","dte":"2021-12-18","infobs":"agropecuario"}},
{"type":"Feature","geometry":{"type":"Polygon","coordinates":[[[-63.81442,-30.03433],[-63.81542,-30.03287],[-63.81594,-30.03226],[-63.81698,-30.03339],[-63.81678,-30.0344],[-63.81616,-30.03504],[-63.81551,-30.03535],[-63.81442,-30.03433]]]},"properties":{"periodo":2021,"dts":"2020-12-31","dte":"2021-12-18","infobs":"agropecuario"}},
{"type":"Feature","geometry":{"type":"Polygon","coordinates":[[[-63.56139,-30.03042],[-63.56084,-30.02917],[-63.56672,-30.02756],[-63.56718,-30.03266],[-63.56489,-30.03312],[-63.56241,-30.03341],[-63.56139,-30.03042]]]},"properties":{"periodo":2021,"dts":"2020-12-31","dte":"2021-12-18","infobs":"agropecuario"}},
{"type":"Feature","geometry":{"type":"Polygon","coordinates":[[[-63.48707,-30.5573],[-63.4885,-30.55727],[-63.48921,-30.55842],[-63.48968,-30.55865],[-63.48966,-30.55939],[-63.48912,-30.56014],[-63.48851,-30.56076],[-63.48755,-30.56068],[-63.48717,-30.56032],[-63.48767,-30.55962],[-63.48749,-30.55901],[-63.48686,-30.55919],[-63.48681,-30.55866],[-63.48528,-30.55904],[-63.48465,-30.55861],[-63.48702,-30.55787],[-63.48707,-30.5573]]]},"properties":{"periodo":2021,"dts":"2020-12-31","dte":"2021-12-18","infobs":"posible silvopastoril/desarbustado"}},
{"type":"Feature","geometry":{"type":"Polygon","coordinates":[[[-63.4612,-30.48689],[-63.46397,-30.48676],[-63.46391,-30.48953],[-63.46205,-30.48956],[-63.46176,-30.48929],[-63.46087,-30.48918],[-63.46061,-30.48844],[-63.4612,-30.48689]],[[-63.46228,-30.48793],[-63.46145,-30.48795],[-63.46144,-30.48844],[-63.46229,-30.48849],[-63.46234,-30.48871],[-63.46173,-30.48876],[-63.46175,-30.48898],[-63.46332,-30.489],[-63.46331,-30.48846],[-63.46267,-30.4885],[-63.46228,-30.48793]]]},"properties":{"periodo":2021,"dts":"2020-12-31","dte":"2021-12-18","infobs":"posible silvopastoril/desarbustado"}},
{"type":"Feature","geometry":{"type":"Polygon","coordinates":[[[-63.61052,-30.43029],[-63.61066,-30.43057],[-63.61149,-30.43472],[-63.60596,-30.43488],[-63.60245,-30.43605],[-63.60181,-30.43614],[-63.60123,-30.43574],[-63.59959,-30.43398],[-63.5995,-30.43324],[-63.59913,-30.43318],[-63.59919,-30.43149],[-63.59973,-30.43077],[-63.60435,-30.43011],[-63.60439,-30.42988],[-63.60512,-30.42986],[-63.60524,-30.42993],[-63.60538,-30.43001],[-63.60798,-30.43006],[-63.60821,-30.43005],[-63.60932,-30.42999],[-63.61027,-30.43046],[-63.61052,-30.43029]]]},"properties":{"periodo":2021,"dts":"2020-12-31","dte":"2021-12-18","infobs":"posible silvopastoril/desarbustado"}},
{"type":"Feature","geometry":{"type":"Polygon","coordinates":[[[-63.65894,-30.30711],[-63.65925,-30.30671],[-63.65955,-30.30078],[-63.66186,-30.30094],[-63.66178,-30.30288],[-63.66151,-30.30456],[-63.6613,-30.30478],[-63.66115,-30.30662],[-63.66072,-30.30667],[-63.6605,-30.30689],[-63.66063,-30.30743],[-63.661,-30.3074],[-63.66159,-30.30718],[-63.66237,-30.30723],[-63.66243,-30.30737],[-63.66337,-30.30731],[-63.6644,-30.3073],[-63.66579,-30.30646],[-63.66623,-30.3067],[-63.66669,-30.31008],[-63.66601,-30.31008],[-63.66566,-30.31038],[-63.66548,-30.31119],[-63.66763,-30.31113],[-63.66844,-30.31055],[-63.66916,-30.3105],[-63.66931,-30.3127],[-63.66439,-30.31255],[-63.66443,-30.31166],[-63.66437,-30.30782],[-63.66371,-30.30774],[-63.66365,-30.30755],[-63.66306,-30.3075],[-63.66304,-30.3101],[-63.66373,-30.31006],[-63.66371,-30.31139],[-63.66399,-30.31139],[-63.66398,-30.31254],[-63.66106,-30.31245],[-63.66094,-30.31165],[-63.66021,-30.31151],[-63.65947,-30.31123],[-63.65931,-30.31098],[-63.65894,-30.30711]]]},"properties":{"periodo":2021,"dts":"2020-12-31","dte":"2021-12-18","infobs":"posible silvopastoril/desarbustado"}},
{"type":"Feature","geometry":{"type":"Polygon","coordinates":[[[-63.46649,-30.20847],[-63.46648,-30.20553],[-63.46803,-30.20522],[-63.471,-30.20501],[-63.47768,-30.20496],[-63.47764,-30.20314],[-63.47813,-30.20304],[-63.48594,-30.20338],[-63.48434,-30.20416],[-63.48765,-30.20486],[-63.48749,-30.20644],[-63.48947,-30.20772],[-63.48941,-30.20911],[-63.4879,-30.20912],[-63.48788,-30.20888],[-63.48472,-30.20889],[-63.48323,-30.20913],[-63.48262,-30.20908],[-63.46646,-30.20898],[-63.46649,-30.20847]]]},"properties":{"periodo":2021,"dts":"2020-12-31","dte":"2021-12-18","infobs":"posible silvopastoril/desarbustado"}},
{"type":"Feature","geometry":{"type":"Polygon","coordinates":[[[-63.52783,-30.16039],[-63.53016,-30.1604],[-63.53112,-30.16069],[-63.53127,-30.16122],[-63.53186,-30.1612],[-63.53192,-30.1663],[-63.52789,-30.16637],[-63.52783,-30.16266],[-63.52783,-30.16039]]]},"properties":{"periodo":2021,"dts":"2020-12-31","dte":"2021-12-18","infobs":"posible silvopastoril/desarbustado"}},
{"type":"Feature","geometry":{"type":"Polygon","coordinates":[[[-63.64067,-30.12581],[-63.64067,-30.12502],[-63.64471,-30.12503],[-63.64476,-30.12541],[-63.64472,-30.12708],[-63.64476,-30.12749],[-63.64385,-30.12793],[-63.64349,-30.12794],[-63.6435,-30.12822],[-63.64285,-30.12817],[-63.64286,-30.12795],[-63.64224,-30.12794],[-63.64223,-30.12769],[-63.64163,-30.12768],[-63.6416,-30.12713],[-63.64101,-30.12711],[-63.64101,-30.12686],[-63.64068,-30.12688],[-63.64067,-30.12581]]]},"properties":{"periodo":2021,"dts":"2020-12-31","dte":"2021-12-18","infobs":"posible silvopastoril/desarbustado"}},
{"type":"Feature","geometry":{"type":"Polygon","coordinates":[[[-63.57837,-29.66456],[-63.57984,-29.66445],[-63.58018,-29.66657],[-63.5783,-29.66709],[-63.57837,-29.66456]]]},"properties":{"periodo":2021,"dts":"2020-12-31","dte":"2021-12-18","infobs":"posible silvopastoril/desarbustado"}},
{"type":"Feature","geometry":{"type":"Polygon","coordinates":[[[-63.90694,-30.22149],[-63.90379,-30.22747],[-63.90383,-30.23213],[-63.90452,-30.2377],[-63.90927,-30.24084],[-63.90908,-30.24363],[-63.91082,-30.24623],[-63.91425,-30.24639],[-63.91442,-30.24674],[-63.91463,-30.24717],[-63.9102,-30.24998],[-63.90901,-30.24999],[-63.90843,-30.25014],[-63.90799,-30.24939],[-63.9071,-30.24875],[-63.90607,-30.24813],[-63.905,-30.24695],[-63.90354,-30.24496],[-63.90347,-30.24311],[-63.90319,-30.23848],[-63.90304,-30.23746],[-63.90214,-30.23479],[-63.90233,-30.23316],[-63.90196,-30.23162],[-63.90113,-30.22892],[-63.90118,-30.2278],[-63.89867,-30.22716],[-63.89831,-30.22626],[-63.89888,-30.22489],[-63.89968,-30.22352],[-63.90072,-30.2225],[-63.902,-30.22269],[-63.90155,-30.2235],[-63.90056,-30.22432],[-63.90034,-30.22513],[-63.90185,-30.22456],[-63.90347,-30.22384],[-63.90614,-30.22256],[-63.90655,-30.22222],[-63.90694,-30.22149]]]},"properties":{"periodo":2021,"dts":"2020-12-31","dte":"2021-12-18","infobs":"incendio"}},
{"type":"Feature","geometry":{"type":"Polygon","coordinates":[[[-64.30268,-31.01403],[-64.30326,-31.01341],[-64.30438,-31.01281],[-64.30461,-31.01281],[-64.30596,-31.01173],[-64.30693,-31.01229],[-64.307,-31.01299],[-64.30516,-31.0131],[-64.30454,-31.01359],[-64.30468,-31.01438],[-64.30593,-31.01437],[-64.30599,-31.01489],[-64.30675,-31.0149],[-64.3066,-31.01517],[-64.30721,-31.01521],[-64.30717,-31.01573],[-64.3075,-31.0157],[-64.30752,-31.01598],[-64.30787,-31.01598],[-64.3078,-31.01628],[-64.30853,-31.01624],[-64.30852,-31.01704],[-64.30844,-31.01728],[-64.30941,-31.01724],[-64.30943,-31.01701],[-64.31,-31.01706],[-64.31003,-31.01804],[-64.30972,-31.01806],[-64.30963,-31.01755],[-64.30914,-31.01781],[-64.30915,-31.01811],[-64.30819,-31.01812],[-64.30818,-31.01861],[-64.30845,-31.01861],[-64.30846,-31.01892],[-64.30712,-31.01896],[-64.30711,-31.01877],[-64.30746,-31.01864],[-64.30744,-31.01832],[-64.30715,-31.01813],[-64.30625,-31.01814],[-64.30624,-31.01787],[-64.30656,-31.01782],[-64.30657,-31.01734],[-64.30751,-31.01733],[-64.30747,-31.01706],[-64.30688,-31.01701],[-64.30685,-31.01675],[-64.30623,-31.01675],[-64.3062,-31.01573],[-64.30592,-31.01573],[-64.30594,-31.01522],[-64.30558,-31.01497],[-64.30554,-31.01549],[-64.30534,-31.01549],[-64.30545,-31.01629],[-64.30598,-31.01634],[-64.30596,-31.01742],[-64.30457,-31.01733],[-64.3046,-31.01681],[-64.30394,-31.01667],[-64.30367,-31.01609],[-64.30332,-31.01605],[-64.30338,-31.01685],[-64.30307,-31.01709],[-64.3022,-31.01709],[-64.30206,-31.01625],[-64.3018,-31.0156],[-64.30163,-31.01494],[-64.30244,-31.01447],[-64.30268,-31.01403]]]},"properties":{"periodo":2021,"dts":"2020-12-31","dte":"2021-12-18","infobs":"incendio"}},
{"type":"Feature","geometry":{"type":"Polygon","coordinates":[[[-63.89014,-30.5031],[-63.89032,-30.50306],[-63.89241,-30.50344],[-63.89332,-30.5031],[-63.89305,-30.50355],[-63.89244,-30.50377],[-63.89217,-30.50424],[-63.89182,-30.50431],[-63.89113,-30.50428],[-63.89083,-30.50482],[-63.8907,-30.5059],[-63.89173,-30.50589],[-63.89225,-30.50556],[-63.89282,-30.50469],[-63.89344,-30.50465],[-63.89458,-30.50435],[-63.89506,-30.50479],[-63.89427,-30.50513],[-63.89359,-30.50531],[-63.89366,-30.5057],[-63.8939,-30.50581],[-63.89477,-30.50667],[-63.89485,-30.50766],[-63.89406,-30.5079],[-63.89299,-30.50788],[-63.89259,-30.50898],[-63.89311,-30.50967],[-63.8938,-30.50945],[-63.89428,-30.50912],[-63.89466,-30.50963],[-63.89583,-30.50968],[-63.89594,-30.50992],[-63.89649,-30.51027],[-63.89622,-30.51078],[-63.89774,-30.51077],[-63.8997,-30.51052],[-63.89983,-30.51022],[-63.90038,-30.50983],[-63.9009,-30.5097],[-63.90075,-30.50902],[-63.90136,-30.50885],[-63.90158,-30.51122],[-63.89304,-30.51191],[-63.89253,-30.5098],[-63.89154,-30.50917],[-63.88934,-30.50855],[-63.8886,-30.50771],[-63.88688,-30.50645],[-63.88565,-30.50541],[-63.88539,-30.50528],[-63.88596,-30.50388],[-63.88659,-30.5034],[-63.88662,-30.50407],[-63.88645,-30.50473],[-63.88645,-30.50515],[-63.8867,-30.50556],[-63.88859,-30.5054],[-63.88921,-30.50507],[-63.88934,-30.50465],[-63.89013,-30.50444],[-63.89041,-30.50402],[-63.8902,-30.50357],[-63.89014,-30.5031]]]},"properties":{"periodo":2021,"dts":"2020-12-31","dte":"2021-12-18","infobs":"incendio"}},
{"type":"Feature","geometry":{"type":"Polygon","coordinates":[[[-63.93254,-30.24379],[-63.9326,-30.24382],[-63.93574,-30.24359],[-63.9368,-30.24444],[-63.93733,-30.2455],[-63.93705,-30.24667],[-63.93701,-30.24829],[-63.93544,-30.2485],[-63.93598,-30.25027],[-63.93687,-30.25178],[-63.93708,-30.25616],[-63.93753,-30.25708],[-63.93743,-30.2589],[-63.93828,-30.26046],[-63.93511,-30.26053],[-63.93418,-30.26139],[-63.93403,-30.26221],[-63.93424,-30.26293],[-63.93466,-30.26311],[-63.93436,-30.26419],[-63.93359,-30.26533],[-63.93396,-30.26618],[-63.93423,-30.26713],[-63.93402,-30.26836],[-63.93323,-30.26702],[-63.93299,-30.2692],[-63.93235,-30.27303],[-63.93158,-30.27201],[-63.92934,-30.2716],[-63.92907,-30.27261],[-63.92915,-30.27277],[-63.92904,-30.27361],[-63.92928,-30.27416],[-63.92998,-30.27453],[-63.93068,-30.27453],[-63.93171,-30.27503],[-63.93235,-30.2755],[-63.93281,-30.278],[-63.92968,-30.28253],[-63.92955,-30.28387],[-63.92742,-30.28403],[-63.92598,-30.28411],[-63.92429,-30.28213],[-63.92425,-30.28135],[-63.92355,-30.28132],[-63.92249,-30.28015],[-63.92281,-30.27941],[-63.92272,-30.27919],[-63.92155,-30.27882],[-63.92122,-30.27814],[-63.92108,-30.27803],[-63.92057,-30.27716],[-63.92039,-30.2766],[-63.91959,-30.27524],[-63.91909,-30.27489],[-63.91831,-30.27515],[-63.91763,-30.27545],[-63.91749,-30.27409],[-63.91769,-30.27249],[-63.91658,-30.272],[-63.91864,-30.27018],[-63.91702,-30.27045],[-63.9143,-30.27075],[-63.91362,-30.26661],[-63.91452,-30.26286],[-63.91495,-30.25972],[-63.91524,-30.25911],[-63.91372,-30.25811],[-63.91273,-30.25877],[-63.91173,-30.26082],[-63.91057,-30.25625],[-63.9119,-30.25581],[-63.91563,-30.25525],[-63.91655,-30.25506],[-63.91732,-30.25418],[-63.9181,-30.25391],[-63.91856,-30.25289],[-63.91846,-30.25249],[-63.91822,-30.25105],[-63.92013,-30.24992],[-63.92393,-30.24948],[-63.92625,-30.2482],[-63.92904,-30.24666],[-63.93053,-30.24497],[-63.93254,-30.24379]],[[-63.93499,-30.25341],[-63.93495,-30.25235],[-63.93474,-30.25177],[-63.93419,-30.25129],[-63.9338,-30.25026],[-63.93333,-30.25001],[-63.93329,-30.2493],[-63.93387,-30.24876],[-63.93465,-30.24825],[-63.93471,-30.24775],[-63.93421,-30.24737],[-63.93371,-30.24737],[-63.93357,-30.24813],[-63.93259,-30.24933],[-63.93175,-30.24984],[-63.93132,-30.25025],[-63.93118,-30.25106],[-63.93022,-30.25076],[-63.92993,-30.25076],[-63.92848,-30.25123],[-63.92674,-30.25235],[-63.92683,-30.25319],[-63.92836,-30.25401],[-63.92924,-30.25454],[-63.92998,-30.25354],[-63.93062,-30.25288],[-63.93163,-30.25234],[-63.93248,-30.25297],[-63.93325,-30.25365],[-63.93419,-30.25465],[-63.93489,-30.25493],[-63.93499,-30.25341]]]},"properties":{"periodo":2021,"dts":"2020-12-31","dte":"2021-12-18","infobs":"incendio"}},
{"type":"Feature","geometry":{"type":"Polygon","coordinates":[[[-63.90694,-30.22149],[-63.9077,-30.22129],[-63.90897,-30.21986],[-63.91106,-30.21975],[-63.91218,-30.22115],[-63.91324,-30.22241],[-63.91388,-30.22271],[-63.91428,-30.22164],[-63.91256,-30.22039],[-63.91356,-30.21912],[-63.91384,-30.2177],[-63.91324,-30.21766],[-63.91072,-30.21782],[-63.90905,-30.21667],[-63.91644,-30.21551],[-63.91655,-30.21505],[-63.91987,-30.21533],[-63.92203,-30.21562],[-63.92377,-30.21556],[-63.92407,-30.21596],[-63.9253,-30.21702],[-63.92717,-30.21721],[-63.92725,-30.21718],[-63.92727,-30.21744],[-63.93008,-30.21947],[-63.93247,-30.22336],[-63.93292,-30.22615],[-63.93275,-30.23062],[-63.93106,-30.2325],[-63.92742,-30.23345],[-63.92549,-30.23365],[-63.92509,-30.23682],[-63.92189,-30.23833],[-63.91867,-30.23761],[-63.9148,-30.23614],[-63.91241,-30.23281],[-63.91088,-30.22966],[-63.91169,-30.22425],[-63.9108,-30.22184],[-63.90694,-30.22149]]]},"properties":{"periodo":2021,"dts":"2020-12-31","dte":"2021-12-18","infobs":"incendio"}},
{"type":"Feature","geometry":{"type":"Polygon","coordinates":[[[-63.93516,-30.2074],[-63.93494,-30.2071],[-63.93567,-30.20715],[-63.93573,-30.20743],[-63.93643,-30.20728],[-63.9366,-30.20763],[-63.93702,-30.20767],[-63.93698,-30.20796],[-63.9374,-30.20826],[-63.93738,-30.20855],[-63.93696,-30.20943],[-63.93644,-30.20982],[-63.93625,-30.21013],[-63.93532,-30.21032],[-63.93525,-30.211],[-63.93448,-30.21098],[-63.93442,-30.21069],[-63.93406,-30.21064],[-63.93413,-30.20982],[-63.93426,-30.20979],[-63.93429,-30.20805],[-63.93488,-30.20794],[-63.93492,-30.20763],[-63.93516,-30.2074]]]},"properties":{"periodo":2021,"dts":"2020-12-31","dte":"2021-12-18","infobs":"incendio"}},
{"type":"Feature","geometry":{"type":"Polygon","coordinates":[[[-63.93679,-30.20731],[-63.93652,-30.20716],[-63.93633,-30.20651],[-63.93675,-30.20633],[-63.93692,-30.20652],[-63.93735,-30.20669],[-63.93736,-30.20726],[-63.93696,-30.20743],[-63.93679,-30.20731]]]},"properties":{"periodo":2021,"dts":"2020-12-31","dte":"2021-12-18","infobs":"incendio"}},
{"type":"Feature","geometry":{"type":"Polygon","coordinates":[[[-63.92743,-30.20083],[-63.92694,-30.20078],[-63.92695,-30.20022],[-63.92675,-30.19973],[-63.92639,-30.19929],[-63.92548,-30.19801],[-63.92648,-30.19714],[-63.92736,-30.19664],[-63.92829,-30.19629],[-63.92851,-30.19631],[-63.93006,-30.19687],[-63.93118,-30.19697],[-63.93116,-30.19847],[-63.93111,-30.19895],[-63.93042,-30.20034],[-63.93026,-30.20044],[-63.93024,-30.20109],[-63.92984,-30.20121],[-63.92956,-30.20097],[-63.92927,-30.20111],[-63.92922,-30.20139],[-63.92768,-30.20145],[-63.92743,-30.20083]]]},"properties":{"periodo":2021,"dts":"2020-12-31","dte":"2021-12-18","infobs":"incendio"}},
{"type":"Feature","geometry":{"type":"Polygon","coordinates":[[[-63.96409,-30.18208],[-63.96384,-30.18197],[-63.96384,-30.18163],[-63.96413,-30.18154],[-63.96431,-30.18114],[-63.96512,-30.18088],[-63.96603,-30.18068],[-63.96646,-30.1812],[-63.96638,-30.1816],[-63.96644,-30.18191],[-63.96694,-30.18239],[-63.96703,-30.18273],[-63.96747,-30.18362],[-63.96789,-30.18345],[-63.96818,-30.1836],[-63.96847,-30.18337],[-63.9692,-30.18326],[-63.96932,-30.18345],[-63.96902,-30.18396],[-63.96853,-30.18452],[-63.9686,-30.18478],[-63.96847,-30.18545],[-63.96822,-30.18591],[-63.96822,-30.18621],[-63.96696,-30.18711],[-63.96662,-30.18732],[-63.96635,-30.18774],[-63.96595,-30.18771],[-63.96549,-30.18783],[-63.96498,-30.18835],[-63.96457,-30.18853],[-63.96392,-30.18908],[-63.96362,-30.18901],[-63.9632,-30.18926],[-63.96344,-30.18989],[-63.96323,-30.18998],[-63.96283,-30.18968],[-63.96265,-30.19035],[-63.96266,-30.19136],[-63.9631,-30.19192],[-63.963,-30.19253],[-63.96263,-30.19252],[-63.9625,-30.19275],[-63.96193,-30.19424],[-63.96176,-30.19441],[-63.95906,-30.1944],[-63.95819,-30.19365],[-63.95644,-30.19123],[-63.95785,-30.19006],[-63.95753,-30.18679],[-63.95864,-30.18424],[-63.95838,-30.18394],[-63.95865,-30.18353],[-63.95883,-30.18297],[-63.95898,-30.18202],[-63.95919,-30.18166],[-63.95962,-30.18151],[-63.96063,-30.18155],[-63.96086,-30.18195],[-63.96153,-30.18201],[-63.96208,-30.18184],[-63.96296,-30.18169],[-63.96343,-30.18208],[-63.96369,-30.18248],[-63.96424,-30.18251],[-63.96409,-30.18208]]]},"properties":{"periodo":2021,"dts":"2020-12-31","dte":"2021-12-18","infobs":"incendio"}},
{"type":"Feature","geometry":{"type":"Polygon","coordinates":[[[-63.96655,-30.18141],[-63.96649,-30.18064],[-63.96705,-30.18077],[-63.96755,-30.18111],[-63.9677,-30.18112],[-63.96853,-30.18088],[-63.96901,-30.18089],[-63.96991,-30.18107],[-63.97057,-30.18139],[-63.97067,-30.18191],[-63.97055,-30.18249],[-63.97061,-30.18312],[-63.97058,-30.1839],[-63.97017,-30.18382],[-63.96973,-30.18357],[-63.96961,-30.18335],[-63.96927,-30.18319],[-63.96839,-30.18331],[-63.96822,-30.18352],[-63.96778,-30.1834],[-63.96749,-30.18354],[-63.96708,-30.18272],[-63.96697,-30.18238],[-63.9665,-30.18188],[-63.96655,-30.18141]]]},"properties":{"periodo":2021,"dts":"2020-12-31","dte":"2021-12-18","infobs":"incendio"}},
{"type":"Feature","geometry":{"type":"Polygon","coordinates":[[[-63.95502,-30.18035],[-63.95577,-30.17983],[-63.95596,-30.17991],[-63.95628,-30.18043],[-63.95676,-30.18056],[-63.95757,-30.18105],[-63.95804,-30.18092],[-63.95848,-30.18099],[-63.9586,-30.18128],[-63.95868,-30.18273],[-63.95851,-30.18277],[-63.95847,-30.18327],[-63.9579,-30.18324],[-63.95749,-30.18293],[-63.95735,-30.18326],[-63.95683,-30.18286],[-63.95363,-30.18321],[-63.95165,-30.18225],[-63.95256,-30.18132],[-63.95284,-30.18073],[-63.95361,-30.18021],[-63.95473,-30.18039],[-63.95502,-30.18035]]]},"properties":{"periodo":2021,"dts":"2020-12-31","dte":"2021-12-18","infobs":"incendio"}},
{"type":"Feature","geometry":{"type":"Polygon","coordinates":[[[-63.94749,-30.18028],[-63.94708,-30.18009],[-63.94705,-30.17993],[-63.94767,-30.17975],[-63.94814,-30.17986],[-63.9481,-30.18062],[-63.94771,-30.18063],[-63.94773,-30.1809],[-63.9474,-30.18096],[-63.94749,-30.18028]]]},"properties":{"periodo":2021,"dts":"2020-12-31","dte":"2021-12-18","infobs":"incendio"}},
{"type":"Feature","geometry":{"type":"Polygon","coordinates":[[[-63.93809,-30.18678],[-63.93905,-30.18583],[-63.93961,-30.18592],[-63.93973,-30.18623],[-63.93948,-30.188],[-63.93901,-30.19033],[-63.93872,-30.19132],[-63.93846,-30.19193],[-63.93905,-30.19203],[-63.93974,-30.19106],[-63.93994,-30.19505],[-63.93988,-30.19544],[-63.93924,-30.19774],[-63.94097,-30.20092],[-63.9455,-30.19937],[-63.9448,-30.19688],[-63.9464,-30.19557],[-63.94788,-30.19407],[-63.94827,-30.19408],[-63.94932,-30.19427],[-63.94947,-30.19425],[-63.95006,-30.19282],[-63.95108,-30.19211],[-63.95232,-30.19396],[-63.95456,-30.1946],[-63.95466,-30.19483],[-63.95514,-30.1953],[-63.95559,-30.19626],[-63.95582,-30.19617],[-63.95604,-30.19585],[-63.95628,-30.19589],[-63.95649,-30.19617],[-63.95606,-30.19724],[-63.95638,-30.19735],[-63.95672,-30.19726],[-63.95668,-30.19664],[-63.95676,-30.19622],[-63.95866,-30.19731],[-63.95858,-30.19784],[-63.95809,-30.19786],[-63.95792,-30.19758],[-63.95741,-30.19729],[-63.95766,-30.19782],[-63.95794,-30.19806],[-63.95788,-30.19831],[-63.95666,-30.1981],[-63.95629,-30.1987],[-63.95525,-30.19915],[-63.95589,-30.19938],[-63.95734,-30.19848],[-63.95858,-30.19823],[-63.95882,-30.19791],[-63.95909,-30.19784],[-63.95953,-30.19839],[-63.96044,-30.19965],[-63.96027,-30.19989],[-63.96077,-30.20004],[-63.96175,-30.20074],[-63.96136,-30.20109],[-63.95933,-30.20265],[-63.95914,-30.20293],[-63.95777,-30.20212],[-63.95728,-30.20137],[-63.95709,-30.20118],[-63.95685,-30.20071],[-63.95647,-30.20051],[-63.95608,-30.20084],[-63.95666,-30.20124],[-63.95717,-30.20214],[-63.95758,-30.20257],[-63.95822,-30.20282],[-63.95854,-30.20312],[-63.95713,-30.20411],[-63.95522,-30.2046],[-63.95481,-30.20539],[-63.95503,-30.20723],[-63.95499,-30.20872],[-63.95439,-30.20991],[-63.95375,-30.21026],[-63.95376,-30.21076],[-63.95327,-30.21104],[-63.95292,-30.21103],[-63.95249,-30.21126],[-63.95188,-30.21149],[-63.95069,-30.21172],[-63.94911,-30.21034],[-63.94837,-30.21155],[-63.94839,-30.21274],[-63.94831,-30.21294],[-63.94696,-30.21399],[-63.9467,-30.21224],[-63.9471,-30.21208],[-63.94796,-30.2107],[-63.94796,-30.21004],[-63.94835,-30.20971],[-63.94837,-30.20916],[-63.94823,-30.20859],[-63.94785,-30.2086],[-63.94766,-30.20931],[-63.94736,-30.20952],[-63.94722,-30.21],[-63.94665,-30.20965],[-63.94622,-30.20954],[-63.94597,-30.20982],[-63.94662,-30.21035],[-63.94692,-30.21132],[-63.94646,-30.21128],[-63.9457,-30.21024],[-63.94528,-30.20991],[-63.94538,-30.21063],[-63.94587,-30.21125],[-63.94612,-30.21388],[-63.94549,-30.21408],[-63.9449,-30.21364],[-63.94471,-30.21339],[-63.94418,-30.21332],[-63.94355,-30.21306],[-63.94293,-30.21217],[-63.94289,-30.21154],[-63.9428,-30.21109],[-63.94293,-30.21042],[-63.94285,-30.21001],[-63.9425,-30.20964],[-63.94187,-30.20925],[-63.94141,-30.20855],[-63.94098,-30.20827],[-63.94036,-30.20805],[-63.94038,-30.20732],[-63.94094,-30.20659],[-63.94203,-30.20546],[-63.94273,-30.2045],[-63.94297,-30.20437],[-63.94361,-30.20428],[-63.94425,-30.20411],[-63.94472,-30.20407],[-63.94496,-30.20366],[-63.94421,-30.20347],[-63.94442,-30.20325],[-63.94358,-30.20322],[-63.94248,-30.20292],[-63.94206,-30.20247],[-63.94119,-30.20187],[-63.94002,-30.20162],[-63.93885,-30.20082],[-63.93924,-30.19981],[-63.93964,-30.19856],[-63.93934,-30.19865],[-63.93707,-30.19862],[-63.93469,-30.19868],[-63.93385,-30.19925],[-63.93166,-30.19931],[-63.9317,-30.19704],[-63.93205,-30.19408],[-63.93312,-30.19311],[-63.9363,-30.18897],[-63.93604,-30.18918],[-63.93523,-30.18936],[-63.93485,-30.18965],[-63.9345,-30.19013],[-63.93415,-30.19044],[-63.93402,-30.19072],[-63.93262,-30.19181],[-63.93266,-30.19214],[-63.93252,-30.1924],[-63.93186,-30.19292],[-63.93148,-30.1941],[-63.93089,-30.19337],[-63.93092,-30.19317],[-63.93028,-30.19292],[-63.9303,-30.19253],[-63.93071,-30.19206],[-63.93019,-30.192],[-63.92973,-30.19231],[-63.92998,-30.19339],[-63.93037,-30.19366],[-63.93091,-30.19368],[-63.93128,-30.19406],[-63.93141,-30.19447],[-63.93136,-30.19518],[-63.93111,-30.19561],[-63.93014,-30.19437],[-63.92977,-30.1946],[-63.93086,-30.19579],[-63.9307,-30.19657],[-63.9291,-30.19627],[-63.92882,-30.19596],[-63.92886,-30.19549],[-63.92867,-30.1952],[-63.92835,-30.19543],[-63.92836,-30.19468],[-63.92831,-30.19409],[-63.9278,-30.19414],[-63.92754,-30.19568],[-63.92741,-30.19614],[-63.92716,-30.19643],[-63.92656,-30.19688],[-63.92615,-30.19735],[-63.9258,-30.19757],[-63.92541,-30.19795],[-63.9252,-30.19796],[-63.92481,-30.19742],[-63.92469,-30.19705],[-63.92413,-30.19643],[-63.9237,-30.19614],[-63.92376,-30.19539],[-63.92402,-30.19472],[-63.9248,-30.19416],[-63.92581,-30.19319],[-63.926,-30.19261],[-63.92636,-30.19207],[-63.92642,-30.19158],[-63.9262,-30.19069],[-63.92579,-30.18985],[-63.92538,-30.18929],[-63.92503,-30.1886],[-63.92504,-30.18818],[-63.92711,-30.18802],[-63.92788,-30.18793],[-63.92971,-30.18793],[-63.93156,-30.18778],[-63.93448,-30.18778],[-63.93458,-30.18803],[-63.93487,-30.18818],[-63.93527,-30.1882],[-63.93536,-30.18796],[-63.93489,-30.18746],[-63.93535,-30.18728],[-63.93662,-30.18669],[-63.93712,-30.18641],[-63.93738,-30.1866],[-63.93713,-30.18705],[-63.93676,-30.18793],[-63.93676,-30.18841],[-63.93809,-30.18678]],[[-63.92874,-30.18837],[-63.92825,-30.18844],[-63.92792,-30.18871],[-63.92782,-30.18959],[-63.92764,-30.18966],[-63.92762,-30.19011],[-63.92745,-30.19041],[-63.92656,-30.19083],[-63.92665,-30.19139],[-63.92721,-30.19091],[-63.92785,-30.19026],[-63.92798,-30.18995],[-63.92843,-30.18966],[-63.92854,-30.1892],[-63.92898,-30.1891],[-63.92905,-30.18887],[-63.93003,-30.18885],[-63.93049,-30.1888],[-63.93062,-30.18842],[-63.93018,-30.18853],[-63.92905,-30.18846],[-63.92874,-30.18837]],[[-63.92794,-30.19175],[-63.92773,-30.19183],[-63.9273,-30.19178],[-63.92726,-30.19199],[-63.92688,-30.19244],[-63.92661,-30.1929],[-63.92606,-30.19309],[-63.92559,-30.19373],[-63.9267,-30.1934],[-63.92739,-30.19343],[-63.92752,-30.19288],[-63.92781,-30.19303],[-63.92832,-30.19355],[-63.9289,-30.19386],[-63.9287,-30.1931],[-63.92832,-30.19285],[-63.92792,-30.19233],[-63.92794,-30.19175]]]},"properties":{"periodo":2021,"dts":"2020-12-31","dte":"2021-12-18","infobs":"incendio"}},
{"type":"Feature","geometry":{"type":"Polygon","coordinates":[[[-63.94121,-30.18386],[-63.94109,-30.18354],[-63.94077,-30.18314],[-63.94038,-30.1829],[-63.94019,-30.18177],[-63.94055,-30.18072],[-63.94066,-30.17944],[-63.94089,-30.17847],[-63.94145,-30.17841],[-63.94213,-30.18173],[-63.94265,-30.18241],[-63.94323,-30.18371],[-63.94353,-30.18394],[-63.94337,-30.18517],[-63.9455,-30.18758],[-63.94367,-30.19073],[-63.94278,-30.1909],[-63.94269,-30.19045],[-63.94151,-30.19032],[-63.94021,-30.19064],[-63.93959,-30.19062],[-63.93955,-30.18992],[-63.93968,-30.18936],[-63.93995,-30.18885],[-63.9403,-30.18846],[-63.94015,-30.18829],[-63.9401,-30.18767],[-63.9401,-30.18587],[-63.94038,-30.18348],[-63.94053,-30.18333],[-63.941,-30.18389],[-63.94121,-30.18386]]]},"properties":{"periodo":2021,"dts":"2020-12-31","dte":"2021-12-18","infobs":"incendio"}},
{"type":"Feature","geometry":{"type":"Polygon","coordinates":[[[-63.97145,-30.21235],[-63.97026,-30.21147],[-63.97038,-30.21119],[-63.97127,-30.21072],[-63.9723,-30.20984],[-63.97292,-30.20914],[-63.9736,-30.2082],[-63.97358,-30.20747],[-63.97331,-30.20779],[-63.97301,-30.20843],[-63.97243,-30.20886],[-63.97206,-30.20952],[-63.97151,-30.20982],[-63.97091,-30.21031],[-63.97072,-30.20997],[-63.97061,-30.20907],[-63.96999,-30.20895],[-63.96999,-30.20944],[-63.97033,-30.21016],[-63.9702,-30.21051],[-63.96974,-30.21108],[-63.96923,-30.2107],[-63.96817,-30.2102],[-63.96785,-30.20967],[-63.9673,-30.20852],[-63.96593,-30.20679],[-63.96426,-30.20514],[-63.96368,-30.20319],[-63.96347,-30.20111],[-63.96351,-30.19994],[-63.96329,-30.19716],[-63.96365,-30.19552],[-63.96626,-30.19356],[-63.9655,-30.19347],[-63.96487,-30.19384],[-63.96272,-30.19428],[-63.9626,-30.19392],[-63.96301,-30.19338],[-63.96305,-30.19279],[-63.96338,-30.1922],[-63.96324,-30.1919],[-63.9632,-30.19131],[-63.96406,-30.19085],[-63.96344,-30.19054],[-63.96337,-30.19027],[-63.96367,-30.19],[-63.96375,-30.18972],[-63.96431,-30.18916],[-63.96459,-30.1888],[-63.96496,-30.18881],[-63.96533,-30.18914],[-63.96583,-30.18907],[-63.96567,-30.1887],[-63.96581,-30.18829],[-63.96622,-30.18802],[-63.96688,-30.18788],[-63.96696,-30.18753],[-63.96746,-30.18688],[-63.96811,-30.18648],[-63.96822,-30.1868],[-63.96851,-30.18672],[-63.96857,-30.18643],[-63.96943,-30.18629],[-63.96984,-30.18653],[-63.97023,-30.18718],[-63.97069,-30.18713],[-63.971,-30.18682],[-63.97115,-30.1863],[-63.9723,-30.18615],[-63.97202,-30.18585],[-63.97138,-30.18568],[-63.97092,-30.18598],[-63.97046,-30.18615],[-63.97002,-30.18594],[-63.96962,-30.1859],[-63.96854,-30.18619],[-63.96824,-30.18605],[-63.96856,-30.18549],[-63.96867,-30.18495],[-63.96858,-30.18446],[-63.96915,-30.18394],[-63.96937,-30.18355],[-63.96956,-30.18354],[-63.97033,-30.18395],[-63.97063,-30.18393],[-63.97066,-30.18309],[-63.97062,-30.18245],[-63.97072,-30.18188],[-63.97065,-30.18141],[-63.9726,-30.18215],[-63.97474,-30.18313],[-63.97465,-30.18555],[-63.97478,-30.18613],[-63.9763,-30.18656],[-63.97555,-30.18696],[-63.9747,-30.18688],[-63.97395,-30.1866],[-63.97397,-30.1872],[-63.97354,-30.18722],[-63.97328,-30.18632],[-63.97283,-30.18694],[-63.9729,-30.18743],[-63.97275,-30.18771],[-63.97198,-30.1885],[-63.97162,-30.18927],[-63.97085,-30.19006],[-63.97067,-30.18944],[-63.97093,-30.18878],[-63.97085,-30.18771],[-63.97014,-30.18782],[-63.97003,-30.18801],[-63.96937,-30.18869],[-63.9692,-30.18925],[-63.96926,-30.18981],[-63.96864,-30.19135],[-63.96789,-30.19256],[-63.96971,-30.19276],[-63.9708,-30.19271],[-63.97061,-30.19299],[-63.97061,-30.19342],[-63.97029,-30.19361],[-63.97038,-30.19472],[-63.97065,-30.19526],[-63.97086,-30.20243],[-63.97115,-30.20238],[-63.97163,-30.20165],[-63.97192,-30.20098],[-63.9719,-30.20023],[-63.97163,-30.19983],[-63.97121,-30.19961],[-63.9711,-30.19935],[-63.97131,-30.19882],[-63.9713,-30.19816],[-63.97165,-30.19788],[-63.97211,-30.19812],[-63.97224,-30.19862],[-63.9728,-30.19853],[-63.97305,-30.1974],[-63.97341,-30.19647],[-63.97369,-30.19546],[-63.97403,-30.1947],[-63.9744,-30.19436],[-63.97472,-30.19456],[-63.97466,-30.19483],[-63.97412,-30.19553],[-63.97374,-30.19612],[-63.97341,-30.19731],[-63.97415,-30.19743],[-63.97383,-30.19773],[-63.97346,-30.19788],[-63.97335,-30.1983],[-63.97342,-30.19873],[-63.97381,-30.19901],[-63.97436,-30.19906],[-63.97495,-30.19901],[-63.97529,-30.19864],[-63.97486,-30.19825],[-63.97504,-30.19795],[-63.97546,-30.19759],[-63.9755,-30.19715],[-63.97433,-30.19624],[-63.97429,-30.19591],[-63.97463,-30.1958],[-63.97477,-30.19607],[-63.97463,-30.1963],[-63.97591,-30.19679],[-63.97607,-30.19663],[-63.97628,-30.19601],[-63.97649,-30.19573],[-63.97734,-30.19518],[-63.97784,-30.19555],[-63.97786,-30.19624],[-63.97832,-30.19647],[-63.97897,-30.19724],[-63.97867,-30.19747],[-63.97892,-30.19814],[-63.97938,-30.19835],[-63.97991,-30.19839],[-63.98023,-30.19928],[-63.98093,-30.19972],[-63.98135,-30.20006],[-63.98181,-30.20031],[-63.98204,-30.20082],[-63.9825,-30.20133],[-63.98245,-30.20174],[-63.9819,-30.20204],[-63.98183,-30.20249],[-63.98146,-30.20249],[-63.98114,-30.20213],[-63.98039,-30.20215],[-63.98,-30.20188],[-63.97926,-30.20167],[-63.97897,-30.20126],[-63.97857,-30.20144],[-63.97884,-30.20189],[-63.97514,-30.20332],[-63.97432,-30.20668],[-63.97626,-30.20778],[-63.97814,-30.20879],[-63.97784,-30.20901],[-63.97765,-30.20969],[-63.97739,-30.20999],[-63.97679,-30.20952],[-63.97666,-30.20978],[-63.97628,-30.20995],[-63.97632,-30.21034],[-63.97596,-30.21081],[-63.97521,-30.21111],[-63.97489,-30.2117],[-63.97401,-30.21196],[-63.9736,-30.21239],[-63.97343,-30.21232],[-63.97268,-30.21262],[-63.97245,-30.2126],[-63.972,-30.21235],[-63.97213,-30.21293],[-63.97145,-30.21235]],[[-63.96999,-30.18493],[-63.97035,-30.18474],[-63.97044,-30.18425],[-63.96943,-30.18427],[-63.96911,-30.18463],[-63.9692,-30.1851],[-63.96954,-30.18542],[-63.9701,-30.18542],[-63.96999,-30.18493]],[[-63.97696,-30.20255],[-63.9779,-30.20222],[-63.9773,-30.20176],[-63.97686,-30.20212],[-63.97696,-30.20255]],[[-63.97511,-30.20225],[-63.97481,-30.20159],[-63.97489,-30.20135],[-63.9747,-30.20103],[-63.97433,-30.20126],[-63.97416,-30.20178],[-63.97472,-30.20193],[-63.97487,-30.20236],[-63.97511,-30.20225]],[[-63.97547,-30.20015],[-63.9753,-30.20047],[-63.97577,-30.20052],[-63.9757,-30.20024],[-63.97547,-30.20015]],[[-63.97635,-30.19922],[-63.97618,-30.19963],[-63.97666,-30.19942],[-63.97687,-30.19901],[-63.97689,-30.19875],[-63.97737,-30.1984],[-63.97743,-30.19789],[-63.97653,-30.19799],[-63.97683,-30.19827],[-63.97635,-30.19922]]]},"properties":{"periodo":2021,"dts":"2020-12-31","dte":"2021-12-18","infobs":"incendio"}},
{"type":"Feature","geometry":{"type":"Polygon","coordinates":[[[-63.94295,-30.18261],[-63.9429,-30.18225],[-63.94255,-30.18148],[-63.94259,-30.18087],[-63.94277,-30.18087],[-63.94318,-30.18145],[-63.94377,-30.18181],[-63.94416,-30.18232],[-63.94433,-30.18271],[-63.94439,-30.18353],[-63.94364,-30.18371],[-63.94295,-30.18261]]]},"properties":{"periodo":2021,"dts":"2020-12-31","dte":"2021-12-18","infobs":"incendio"}},
{"type":"Feature","geometry":{"type":"Polygon","coordinates":[[[-63.94182,-30.17811],[-63.94148,-30.17788],[-63.9415,-30.17743],[-63.94345,-30.17715],[-63.94396,-30.17734],[-63.94399,-30.17756],[-63.94445,-30.17756],[-63.94687,-30.17806],[-63.94752,-30.17839],[-63.94895,-30.17923],[-63.94893,-30.17959],[-63.94819,-30.17974],[-63.94794,-30.17957],[-63.94712,-30.17983],[-63.94678,-30.17961],[-63.94603,-30.17945],[-63.94593,-30.17972],[-63.94642,-30.17973],[-63.94643,-30.18057],[-63.94606,-30.18069],[-63.94578,-30.18108],[-63.94578,-30.18152],[-63.94605,-30.18144],[-63.94608,-30.18119],[-63.94641,-30.18123],[-63.94653,-30.18173],[-63.94655,-30.18239],[-63.9463,-30.18251],[-63.94619,-30.18301],[-63.94503,-30.18335],[-63.94483,-30.18332],[-63.94481,-30.18277],[-63.94469,-30.18271],[-63.94467,-30.1821],[-63.94505,-30.18208],[-63.94516,-30.18166],[-63.94504,-30.18108],[-63.94479,-30.18107],[-63.94487,-30.18164],[-63.94456,-30.18199],[-63.9442,-30.18196],[-63.94399,-30.18167],[-63.9434,-30.18112],[-63.94359,-30.18105],[-63.94421,-30.18128],[-63.94431,-30.18097],[-63.94383,-30.18084],[-63.94314,-30.18091],[-63.94263,-30.18006],[-63.94253,-30.17961],[-63.94291,-30.17974],[-63.94349,-30.17973],[-63.94375,-30.17953],[-63.9437,-30.17928],[-63.94321,-30.1793],[-63.94303,-30.1792],[-63.94217,-30.17914],[-63.94186,-30.17892],[-63.94182,-30.17811]],[[-63.94374,-30.17919],[-63.94393,-30.179],[-63.94394,-30.17849],[-63.94357,-30.17895],[-63.94374,-30.17919]]]},"properties":{"periodo":2021,"dts":"2020-12-31","dte":"2021-12-18","infobs":"incendio"}},
{"type":"Feature","geometry":{"type":"Polygon","coordinates":[[[-63.95247,-30.17901],[-63.95271,-30.17894],[-63.95271,-30.17813],[-63.9532,-30.17738],[-63.95396,-30.17698],[-63.95484,-30.17691],[-63.95581,-30.17774],[-63.95585,-30.17813],[-63.95566,-30.1787],[-63.95559,-30.1794],[-63.95533,-30.18005],[-63.95479,-30.18022],[-63.95469,-30.17935],[-63.95447,-30.1793],[-63.95407,-30.1795],[-63.95371,-30.17936],[-63.9534,-30.17962],[-63.95248,-30.17956],[-63.95247,-30.17901]]]},"properties":{"periodo":2021,"dts":"2020-12-31","dte":"2021-12-18","infobs":"incendio"}},
{"type":"Feature","geometry":{"type":"Polygon","coordinates":[[[-63.93854,-30.17686],[-63.93897,-30.1767],[-63.93934,-30.17688],[-63.93971,-30.17674],[-63.9402,-30.17707],[-63.9411,-30.17712],[-63.94112,-30.1777],[-63.94053,-30.17759],[-63.9404,-30.17797],[-63.94024,-30.17802],[-63.94023,-30.17847],[-63.94005,-30.17853],[-63.94006,-30.18051],[-63.9398,-30.18056],[-63.93981,-30.18109],[-63.93946,-30.18147],[-63.93947,-30.18562],[-63.93888,-30.1857],[-63.93877,-30.18552],[-63.93821,-30.18589],[-63.93768,-30.18595],[-63.93735,-30.18584],[-63.93733,-30.18363],[-63.93805,-30.18345],[-63.93885,-30.18271],[-63.93908,-30.18285],[-63.93924,-30.1825],[-63.93916,-30.18194],[-63.93887,-30.18172],[-63.93823,-30.18146],[-63.9373,-30.18166],[-63.93699,-30.17821],[-63.93717,-30.17767],[-63.93767,-30.17728],[-63.93824,-30.17719],[-63.93854,-30.17686]]]},"properties":{"periodo":2021,"dts":"2020-12-31","dte":"2021-12-18","infobs":"incendio"}},
{"type":"Feature","geometry":{"type":"Polygon","coordinates":[[[-63.95947,-30.17726],[-63.95977,-30.17712],[-63.95955,-30.17672],[-63.9594,-30.17617],[-63.95963,-30.17611],[-63.95999,-30.17625],[-63.96027,-30.17649],[-63.96072,-30.1766],[-63.96138,-30.17749],[-63.96191,-30.17787],[-63.96204,-30.17829],[-63.96237,-30.17829],[-63.96245,-30.17807],[-63.96317,-30.17815],[-63.96326,-30.17833],[-63.96402,-30.1782],[-63.96484,-30.17828],[-63.96631,-30.17952],[-63.96615,-30.18042],[-63.96513,-30.18049],[-63.96407,-30.18084],[-63.96393,-30.18121],[-63.96343,-30.18134],[-63.96266,-30.18132],[-63.96207,-30.1812],[-63.96183,-30.18142],[-63.96103,-30.18148],[-63.96078,-30.18143],[-63.95972,-30.18139],[-63.9591,-30.18146],[-63.95889,-30.18128],[-63.95844,-30.18066],[-63.95779,-30.1804],[-63.95703,-30.18021],[-63.95684,-30.17984],[-63.95679,-30.17943],[-63.95658,-30.17874],[-63.95622,-30.17822],[-63.95622,-30.17786],[-63.957,-30.1775],[-63.95713,-30.17733],[-63.95765,-30.1773],[-63.95765,-30.17714],[-63.95848,-30.17713],[-63.9585,-30.17728],[-63.95947,-30.17726]]]},"properties":{"periodo":2021,"dts":"2020-12-31","dte":"2021-12-18","infobs":"incendio"}},
{"type":"Feature","geometry":{"type":"Polygon","coordinates":[[[-64.06192,-30.09021],[-64.06212,-30.08967],[-64.06243,-30.08984],[-64.06285,-30.09029],[-64.06316,-30.09073],[-64.06358,-30.09106],[-64.06344,-30.09157],[-64.06283,-30.09157],[-64.06204,-30.09214],[-64.06135,-30.0924],[-64.05984,-30.09223],[-64.05881,-30.09139],[-64.05922,-30.09079],[-64.05921,-30.09041],[-64.05966,-30.09011],[-64.06055,-30.09037],[-64.06158,-30.09039],[-64.06192,-30.09021]]]},"properties":{"periodo":2021,"dts":"2020-12-31","dte":"2021-12-18","infobs":"incendio"}},
{"type":"Feature","geometry":{"type":"Polygon","coordinates":[[[-64.05751,-30.08815],[-64.05792,-30.08806],[-64.05902,-30.08826],[-64.0596,-30.08841],[-64.06073,-30.08816],[-64.06118,-30.08812],[-64.06149,-30.08836],[-64.06156,-30.08872],[-64.06098,-30.0889],[-64.06012,-30.0887],[-64.0592,-30.08895],[-64.05848,-30.08958],[-64.05842,-30.09006],[-64.05804,-30.08979],[-64.05732,-30.09019],[-64.05681,-30.08977],[-64.0566,-30.08913],[-64.05724,-30.08899],[-64.05717,-30.08857],[-64.05751,-30.08815]]]},"properties":{"periodo":2021,"dts":"2020-12-31","dte":"2021-12-18","infobs":"incendio"}},
{"type":"Feature","geometry":{"type":"Polygon","coordinates":[[[-64.04628,-30.0539],[-64.0461,-30.05502],[-64.04555,-30.05493],[-64.04423,-30.05354],[-64.04388,-30.05298],[-64.04292,-30.05251],[-64.04202,-30.05213],[-64.04129,-30.05136],[-64.04056,-30.05047],[-64.04028,-30.0499],[-64.03997,-30.04958],[-64.03894,-30.04914],[-64.03832,-30.04878],[-64.03783,-30.04825],[-64.03751,-30.04751],[-64.03648,-30.04698],[-64.03593,-30.04653],[-64.03568,-30.04594],[-64.03503,-30.04562],[-64.03441,-30.04559],[-64.03445,-30.04601],[-64.03493,-30.04627],[-64.03552,-30.04651],[-64.03576,-30.04704],[-64.03566,-30.04764],[-64.03701,-30.04867],[-64.03729,-30.04912],[-64.03688,-30.04927],[-64.03654,-30.04954],[-64.03613,-30.04961],[-64.03606,-30.04988],[-64.03697,-30.05073],[-64.03749,-30.05162],[-64.03839,-30.052],[-64.03877,-30.0526],[-64.03891,-30.05313],[-64.03981,-30.05346],[-64.04026,-30.05456],[-64.04061,-30.05488],[-64.04092,-30.05545],[-64.04107,-30.05637],[-64.04108,-30.05702],[-64.04096,-30.05702],[-64.04032,-30.05882],[-64.03845,-30.05866],[-64.03756,-30.0584],[-64.03697,-30.05798],[-64.03717,-30.05744],[-64.03751,-30.05693],[-64.0375,-30.05634],[-64.03716,-30.05586],[-64.03746,-30.055],[-64.03762,-30.05413],[-64.03785,-30.05362],[-64.03792,-30.0532],[-64.03764,-30.05285],[-64.0374,-30.0527],[-64.03706,-30.05279],[-64.03661,-30.05324],[-64.0362,-30.05316],[-64.03592,-30.05274],[-64.03558,-30.05241],[-64.03541,-30.05274],[-64.03503,-30.05296],[-64.03414,-30.05263],[-64.03298,-30.05318],[-64.03253,-30.0533],[-64.03243,-30.0531],[-64.03242,-30.05256],[-64.03287,-30.05226],[-64.03355,-30.05192],[-64.03368,-30.05153],[-64.03361,-30.05124],[-64.03258,-30.05154],[-64.03224,-30.05128],[-64.03223,-30.05065],[-64.03212,-30.05017],[-64.03219,-30.04976],[-64.03243,-30.04946],[-64.03379,-30.04903],[-64.03399,-30.04867],[-64.03495,-30.04866],[-64.0354,-30.04845],[-64.03502,-30.04818],[-64.0345,-30.04807],[-64.03429,-30.04771],[-64.03415,-30.04726],[-64.03388,-30.0476],[-64.03385,-30.04795],[-64.03303,-30.04835],[-64.03256,-30.04895],[-64.03197,-30.04868],[-64.03159,-30.04824],[-64.03179,-30.04779],[-64.03148,-30.04711],[-64.03174,-30.04645],[-64.03225,-30.04564],[-64.03286,-30.04477],[-64.03378,-30.04479],[-64.03402,-30.04461],[-64.03432,-30.04395],[-64.03371,-30.04352],[-64.03642,-30.04325],[-64.03722,-30.04673],[-64.03786,-30.04728],[-64.04008,-30.04809],[-64.0415,-30.04807],[-64.04188,-30.04849],[-64.04253,-30.0486],[-64.04287,-30.04854],[-64.04352,-30.04804],[-64.0438,-30.04803],[-64.04432,-30.0482],[-64.04445,-30.04892],[-64.04388,-30.04916],[-64.04409,-30.05002],[-64.0443,-30.05065],[-64.04485,-30.0512],[-64.04487,-30.05133],[-64.04519,-30.05314],[-64.04628,-30.0539]]]},"properties":{"periodo":2021,"dts":"2020-12-31","dte":"2021-12-18","infobs":"incendio"}},
{"type":"Feature","geometry":{"type":"Polygon","coordinates":[[[-64.00755,-30.02305],[-64.00853,-30.0217],[-64.00929,-30.0216],[-64.01017,-30.02183],[-64.01046,-30.02274],[-64.01041,-30.02388],[-64.0102,-30.02446],[-64.0096,-30.02532],[-64.00878,-30.02528],[-64.00785,-30.02534],[-64.00775,-30.02591],[-64.00791,-30.02605],[-64.0089,-30.0258],[-64.00983,-30.02585],[-64.01033,-30.02622],[-64.01006,-30.02689],[-64.00908,-30.02724],[-64.00798,-30.02734],[-64.0071,-30.02758],[-64.00711,-30.02797],[-64.00739,-30.02839],[-64.0081,-30.02839],[-64.00914,-30.02786],[-64.01045,-30.02765],[-64.01073,-30.02822],[-64.00985,-30.02828],[-64.00899,-30.02924],[-64.00817,-30.02968],[-64.00757,-30.03059],[-64.00756,-30.02973],[-64.00686,-30.03031],[-64.00686,-30.03088],[-64.00714,-30.03155],[-64.00643,-30.03193],[-64.00507,-30.03218],[-64.00474,-30.03261],[-64.00397,-30.03267],[-64.00392,-30.03253],[-64.00391,-30.03143],[-64.0033,-30.03129],[-64.00276,-30.03163],[-64.00233,-30.03263],[-64.00064,-30.03403],[-64.00048,-30.03427],[-63.99971,-30.0338],[-63.9997,-30.03284],[-64.00035,-30.03188],[-64.00105,-30.03064],[-64.00197,-30.02958],[-64.00235,-30.02905],[-64.00355,-30.02871],[-64.0035,-30.02938],[-64.00351,-30.03052],[-64.00406,-30.03052],[-64.00482,-30.02989],[-64.0047,-30.02894],[-64.00437,-30.02837],[-64.00441,-30.02722],[-64.00495,-30.02646],[-64.00495,-30.02569],[-64.00478,-30.02517],[-64.00488,-30.02436],[-64.00541,-30.02321],[-64.00624,-30.02315],[-64.00635,-30.02325],[-64.00755,-30.02305]]]},"properties":{"periodo":2021,"dts":"2020-12-31","dte":"2021-12-18","infobs":"incendio"}},
{"type":"Feature","geometry":{"type":"Polygon","coordinates":[[[-64.01587,-29.99913],[-64.01464,-29.99994],[-64.01368,-30],[-64.01347,-29.99977],[-64.01366,-29.99845],[-64.01387,-29.99803],[-64.01502,-29.99725],[-64.01468,-29.99707],[-64.01338,-29.9975],[-64.01277,-29.99822],[-64.01161,-29.99817],[-64.01071,-29.9977],[-64.01057,-29.99752],[-64.01097,-29.99603],[-64.01075,-29.99525],[-64.01081,-29.99412],[-64.01197,-29.99357],[-64.01245,-29.99339],[-64.01326,-29.99225],[-64.01343,-29.99134],[-64.01326,-29.99059],[-64.013,-29.99002],[-64.01254,-29.98934],[-64.01221,-29.9887],[-64.01208,-29.98806],[-64.01243,-29.98669],[-64.01267,-29.98555],[-64.01308,-29.98583],[-64.01326,-29.98654],[-64.01293,-29.98701],[-64.0131,-29.98744],[-64.01315,-29.98805],[-64.01389,-29.98808],[-64.01413,-29.98758],[-64.01446,-29.98757],[-64.01565,-29.98742],[-64.01597,-29.98696],[-64.01626,-29.98712],[-64.01712,-29.98744],[-64.0174,-29.98754],[-64.01771,-29.98805],[-64.01829,-29.98786],[-64.01864,-29.98799],[-64.01848,-29.99055],[-64.01729,-29.99067],[-64.0164,-29.99068],[-64.01564,-29.99074],[-64.01531,-29.99128],[-64.01538,-29.99164],[-64.01641,-29.99193],[-64.01723,-29.9923],[-64.01566,-29.99323],[-64.01484,-29.99313],[-64.01382,-29.9938],[-64.01383,-29.99463],[-64.01391,-29.99523],[-64.01439,-29.996],[-64.0157,-29.99617],[-64.0157,-29.99667],[-64.01587,-29.99913]]]},"properties":{"periodo":2021,"dts":"2020-12-31","dte":"2021-12-18","infobs":"incendio"}},
{"type":"Feature","geometry":{"type":"Polygon","coordinates":[[[-64.04878,-30.06163],[-64.04881,-30.0613],[-64.04916,-30.06125],[-64.04963,-30.0615],[-64.05005,-30.06184],[-64.05063,-30.06214],[-64.05093,-30.06262],[-64.05115,-30.06261],[-64.0516,-30.06297],[-64.05168,-30.06361],[-64.05141,-30.06402],[-64.05106,-30.06414],[-64.05082,-30.06467],[-64.05041,-30.06503],[-64.04984,-30.06525],[-64.0494,-30.06513],[-64.04945,-30.06485],[-64.04977,-30.06413],[-64.04979,-30.06382],[-64.04954,-30.06322],[-64.04964,-30.06229],[-64.04939,-30.06191],[-64.04878,-30.06163]]]},"properties":{"periodo":2021,"dts":"2020-12-31","dte":"2021-12-18","infobs":"incendio"}},
{"type":"Feature","geometry":{"type":"Polygon","coordinates":[[[-64.05102,-30.06061],[-64.05052,-30.06026],[-64.04923,-30.05991],[-64.04917,-30.05974],[-64.04933,-30.05938],[-64.05054,-30.0593],[-64.05109,-30.05946],[-64.05142,-30.0597],[-64.0514,-30.06032],[-64.05149,-30.06073],[-64.05138,-30.06099],[-64.05097,-30.06109],[-64.05102,-30.06061]]]},"properties":{"periodo":2021,"dts":"2020-12-31","dte":"2021-12-18","infobs":"incendio"}},
{"type":"Feature","geometry":{"type":"Polygon","coordinates":[[[-64.04806,-30.05815],[-64.04762,-30.05768],[-64.04676,-30.0574],[-64.04664,-30.0564],[-64.04689,-30.05606],[-64.04771,-30.05615],[-64.04794,-30.05684],[-64.04844,-30.05777],[-64.0491,-30.05819],[-64.04902,-30.05865],[-64.04829,-30.05877],[-64.04806,-30.05815]]]},"properties":{"periodo":2021,"dts":"2020-12-31","dte":"2021-12-18","infobs":"incendio"}},
{"type":"Feature","geometry":{"type":"Polygon","coordinates":[[[-63.57593,-30.61395],[-63.5763,-30.61407],[-63.57623,-30.61454],[-63.57631,-30.61635],[-63.57445,-30.61674],[-63.57412,-30.61548],[-63.57414,-30.61448],[-63.57439,-30.61344],[-63.57593,-30.61395]]]},"properties":{"periodo":2021,"dts":"2020-12-31","dte":"2021-12-18","infobs":"NA"}},
{"type":"Feature","geometry":{"type":"Polygon","coordinates":[[[-63.36615,-30.11838],[-63.36648,-30.11696],[-63.36677,-30.11652],[-63.36757,-30.11648],[-63.36736,-30.11586],[-63.36635,-30.11543],[-63.36622,-30.1151],[-63.36655,-30.11353],[-63.3668,-30.1132],[-63.36702,-30.11271],[-63.36939,-30.11246],[-63.36987,-30.11329],[-63.37,-30.1145],[-63.37059,-30.1152],[-63.3703,-30.11684],[-63.37035,-30.11786],[-63.36997,-30.11863],[-63.36998,-30.11983],[-63.36994,-30.12154],[-63.37007,-30.12224],[-63.37036,-30.12282],[-63.371,-30.12369],[-63.3715,-30.12417],[-63.37125,-30.12461],[-63.36915,-30.12468],[-63.36773,-30.12421],[-63.36722,-30.12308],[-63.36717,-30.1225],[-63.36789,-30.12264],[-63.3681,-30.12232],[-63.36809,-30.12184],[-63.36642,-30.12188],[-63.3665,-30.12064],[-63.36615,-30.11838]],[[-63.36942,-30.11595],[-63.36872,-30.11589],[-63.36868,-30.11604],[-63.36814,-30.11604],[-63.3681,-30.11641],[-63.36833,-30.11653],[-63.36839,-30.11681],[-63.36992,-30.11689],[-63.36986,-30.11629],[-63.36933,-30.11629],[-63.36942,-30.11595]],[[-63.37085,-30.1243],[-63.37068,-30.12397],[-63.37033,-30.12386],[-63.37028,-30.12328],[-63.36946,-30.12337],[-63.36854,-30.12374],[-63.3688,-30.12416],[-63.36945,-30.12434],[-63.37033,-30.1241],[-63.37035,-30.12441],[-63.37085,-30.1243]]]},"properties":{"periodo":2021,"dts":"2020-12-31","dte":"2021-12-18","infobs":"NA"}},
{"type":"Feature","geometry":{"type":"Polygon","coordinates":[[[-63.81732,-30.03666],[-63.81725,-30.03572],[-63.81797,-30.03571],[-63.81965,-30.0363],[-63.81754,-30.03711],[-63.81732,-30.03666]]]},"properties":{"periodo":2021,"dts":"2020-12-31","dte":"2021-12-18","infobs":"NA"}},
{"type":"Feature","geometry":{"type":"Polygon","coordinates":[[[-63.62459,-29.77715],[-63.62548,-29.77723],[-63.62615,-29.77723],[-63.62666,-29.77735],[-63.62668,-29.77827],[-63.62691,-29.7783],[-63.62698,-29.78029],[-63.62678,-29.78035],[-63.62627,-29.78059],[-63.62494,-29.78087],[-63.62426,-29.78108],[-63.62396,-29.78166],[-63.62289,-29.78218],[-63.62198,-29.78268],[-63.62148,-29.78277],[-63.62139,-29.78252],[-63.62105,-29.78205],[-63.6199,-29.78221],[-63.61985,-29.78096],[-63.62139,-29.77866],[-63.62248,-29.77846],[-63.62459,-29.77715]]]},"properties":{"periodo":2021,"dts":"2020-12-31","dte":"2021-12-18","infobs":"NA"}},
{"type":"Feature","geometry":{"type":"Polygon","coordinates":[[[-63.6057,-29.66758],[-63.60464,-29.66686],[-63.60535,-29.66658],[-63.6057,-29.66758]]]},"properties":{"periodo":2021,"dts":"2020-12-31","dte":"2021-12-18","infobs":"NA"}},
{"type":"Feature","geometry":{"type":"Polygon","coordinates":[[[-63.46914,-29.74064],[-63.46895,-29.73402],[-63.47319,-29.73404],[-63.47566,-29.73424],[-63.47603,-29.73889],[-63.47643,-29.73911],[-63.47632,-29.74094],[-63.46915,-29.741],[-63.46914,-29.74064]]]},"properties":{"periodo":2021,"dts":"2020-12-31","dte":"2021-12-18","infobs":"posible silvopastoril/desarbustado"}},
{"type":"Feature","geometry":{"type":"Polygon","coordinates":[[[-63.47295,-29.72602],[-63.47618,-29.72605],[-63.47734,-29.72603],[-63.47713,-29.72908],[-63.47652,-29.72933],[-63.47637,-29.73184],[-63.47691,-29.73223],[-63.47683,-29.73334],[-63.47577,-29.73321],[-63.47193,-29.73305],[-63.47168,-29.73129],[-63.47143,-29.73094],[-63.46869,-29.73112],[-63.46883,-29.72654],[-63.46878,-29.72613],[-63.47036,-29.72613],[-63.47295,-29.72602]],[[-63.47588,-29.72985],[-63.47588,-29.72955],[-63.47644,-29.72786],[-63.47639,-29.72698],[-63.47567,-29.72684],[-63.47538,-29.72698],[-63.4743,-29.7292],[-63.47375,-29.73245],[-63.47585,-29.73248],[-63.47588,-29.72985]]]},"properties":{"periodo":2021,"dts":"2020-12-31","dte":"2021-12-18","infobs":"posible silvopastoril/desarbustado"}},
{"type":"Feature","geometry":{"type":"Polygon","coordinates":[[[-65.01794,-30.87766],[-65.01791,-30.87727],[-65.01944,-30.87729],[-65.01953,-30.87908],[-65.01795,-30.87909],[-65.01794,-30.87766]]]},"properties":{"periodo":2021,"dts":"2020-12-06","dte":"2022-01-02","infobs":"posible silvopastoril/desarbustado"}},
{"type":"Feature","geometry":{"type":"Polygon","coordinates":[[[-64.56652,-30.03527],[-64.56878,-30.03636],[-64.56761,-30.03878],[-64.56353,-30.03799],[-64.56351,-30.03707],[-64.56652,-30.03527]],[[-64.56514,-30.03751],[-64.56594,-30.03712],[-64.56715,-30.03607],[-64.56674,-30.03593],[-64.56628,-30.03605],[-64.56426,-30.03726],[-64.56439,-30.03755],[-64.56514,-30.03751]]]},"properties":{"periodo":2021,"dts":"2020-12-06","dte":"2022-01-02","infobs":"agropecuario"}},
{"type":"Feature","geometry":{"type":"Polygon","coordinates":[[[-64.56866,-30.039],[-64.5688,-30.03876],[-64.57111,-30.03382],[-64.57376,-30.03561],[-64.57038,-30.03933],[-64.56866,-30.039]]]},"properties":{"periodo":2021,"dts":"2020-12-06","dte":"2022-01-02","infobs":"agropecuario"}},
{"type":"Feature","geometry":{"type":"Polygon","coordinates":[[[-65.02778,-30.88544],[-65.02774,-30.88568],[-65.02935,-30.88566],[-65.02939,-30.88643],[-65.02914,-30.8867],[-65.02875,-30.88675],[-65.02682,-30.88676],[-65.02682,-30.88654],[-65.02605,-30.88647],[-65.0257,-30.88593],[-65.02608,-30.88545],[-65.02778,-30.88544]]]},"properties":{"periodo":2021,"dts":"2020-12-06","dte":"2022-01-02","infobs":"posible silvopastoril/desarbustado"}},
{"type":"Feature","geometry":{"type":"Polygon","coordinates":[[[-65.01034,-30.87715],[-65.01352,-30.8772],[-65.01347,-30.87755],[-65.01352,-30.87864],[-65.01033,-30.87864],[-65.01034,-30.87715]]]},"properties":{"periodo":2021,"dts":"2020-12-06","dte":"2022-01-02","infobs":"posible silvopastoril/desarbustado"}},
{"type":"Feature","geometry":{"type":"Polygon","coordinates":[[[-64.72977,-30.69156],[-64.72933,-30.69166],[-64.7295,-30.69218],[-64.72951,-30.69256],[-64.72974,-30.69287],[-64.7301,-30.69313],[-64.73068,-30.69467],[-64.73102,-30.69495],[-64.73167,-30.69576],[-64.7321,-30.69692],[-64.73139,-30.69755],[-64.73112,-30.69746],[-64.73105,-30.69693],[-64.7308,-30.69663],[-64.73079,-30.69622],[-64.73053,-30.69565],[-64.72992,-30.69518],[-64.72915,-30.69424],[-64.7289,-30.69403],[-64.72799,-30.69385],[-64.72751,-30.69331],[-64.72736,-30.69297],[-64.72752,-30.69264],[-64.72834,-30.69208],[-64.72809,-30.69189],[-64.72759,-30.6919],[-64.72608,-30.69206],[-64.72676,-30.69155],[-64.72667,-30.69131],[-64.72603,-30.69104],[-64.72586,-30.69075],[-64.72577,-30.69047],[-64.72616,-30.69034],[-64.72677,-30.69036],[-64.72713,-30.69076],[-64.72745,-30.6914],[-64.72813,-30.69129],[-64.72838,-30.69098],[-64.72881,-30.69074],[-64.72926,-30.69075],[-64.72962,-30.69106],[-64.72977,-30.69156]]]},"properties":{"periodo":2021,"dts":"2020-12-31","dte":"2021-12-18","infobs":"posible silvopastoril/desarbustado"}},
{"type":"Feature","geometry":{"type":"Polygon","coordinates":[[[-64.96082,-31.37821],[-64.96073,-31.37806],[-64.96104,-31.37771],[-64.96115,-31.37815],[-64.96133,-31.37838],[-64.96173,-31.37835],[-64.96197,-31.37871],[-64.96223,-31.37838],[-64.9625,-31.37822],[-64.96266,-31.37795],[-64.9629,-31.378],[-64.96285,-31.3784],[-64.96312,-31.37853],[-64.96312,-31.37884],[-64.96268,-31.37899],[-64.96275,-31.37928],[-64.96303,-31.37937],[-64.96288,-31.37979],[-64.96285,-31.3805],[-64.96306,-31.38094],[-64.96286,-31.38132],[-64.96279,-31.38183],[-64.96296,-31.3822],[-64.9637,-31.38223],[-64.96376,-31.38185],[-64.96356,-31.38156],[-64.96374,-31.38125],[-64.964,-31.38136],[-64.9641,-31.38167],[-64.96431,-31.38172],[-64.96472,-31.38123],[-64.96555,-31.38121],[-64.9658,-31.38156],[-64.96682,-31.3819],[-64.96721,-31.38176],[-64.96745,-31.38153],[-64.96764,-31.38163],[-64.96823,-31.38262],[-64.96804,-31.38291],[-64.96801,-31.38325],[-64.96706,-31.3834],[-64.96686,-31.3836],[-64.96648,-31.38362],[-64.96633,-31.38342],[-64.96593,-31.3836],[-64.96613,-31.38389],[-64.96569,-31.38404],[-64.96578,-31.3844],[-64.96649,-31.3846],[-64.96622,-31.38486],[-64.9656,-31.38466],[-64.96515,-31.38431],[-64.96463,-31.38422],[-64.9644,-31.38407],[-64.96465,-31.38375],[-64.96443,-31.38355],[-64.96392,-31.38402],[-64.96356,-31.38406],[-64.96288,-31.38371],[-64.96272,-31.38375],[-64.96248,-31.38415],[-64.96248,-31.38453],[-64.96217,-31.38482],[-64.96204,-31.38521],[-64.96186,-31.38539],[-64.96195,-31.38573],[-64.96128,-31.38537],[-64.96122,-31.38502],[-64.96038,-31.38528],[-64.95925,-31.38532],[-64.95856,-31.38548],[-64.95772,-31.38495],[-64.95845,-31.38411],[-64.95883,-31.38349],[-64.95849,-31.38305],[-64.959,-31.38198],[-64.95955,-31.38183],[-64.95962,-31.3813],[-64.96013,-31.38096],[-64.96053,-31.38125],[-64.96109,-31.38068],[-64.96157,-31.3803],[-64.96206,-31.38001],[-64.96215,-31.3795],[-64.96175,-31.37908],[-64.96126,-31.37879],[-64.96082,-31.37821]],[[-64.96338,-31.38265],[-64.96297,-31.38271],[-64.96275,-31.38293],[-64.96274,-31.38345],[-64.96339,-31.38356],[-64.96338,-31.38265]]]},"properties":{"periodo":2021,"dts":"2020-12-31","dte":"2021-12-18","infobs":"incendio"}},
{"type":"Feature","geometry":{"type":"Polygon","coordinates":[[[-64.96852,-31.37495],[-64.96885,-31.37426],[-64.96958,-31.37402],[-64.96989,-31.37426],[-64.97011,-31.37466],[-64.9708,-31.3747],[-64.97063,-31.37512],[-64.97025,-31.3757],[-64.96991,-31.37587],[-64.96967,-31.3764],[-64.96972,-31.37725],[-64.97001,-31.37816],[-64.96994,-31.37853],[-64.96949,-31.37875],[-64.9695,-31.37847],[-64.96905,-31.37844],[-64.96841,-31.37815],[-64.96832,-31.3778],[-64.96797,-31.37742],[-64.96803,-31.37709],[-64.96837,-31.37683],[-64.96777,-31.37654],[-64.96777,-31.37621],[-64.96795,-31.37598],[-64.96772,-31.37583],[-64.96712,-31.37568],[-64.96684,-31.37537],[-64.96618,-31.37503],[-64.96606,-31.37455],[-64.96653,-31.37422],[-64.96697,-31.37441],[-64.96717,-31.3749],[-64.96761,-31.37454],[-64.9681,-31.37506],[-64.96852,-31.37495]]]},"properties":{"periodo":2021,"dts":"2020-12-31","dte":"2021-12-18","infobs":"incendio"}},
{"type":"Feature","geometry":{"type":"Polygon","coordinates":[[[-64.98265,-31.37344],[-64.98245,-31.37293],[-64.98227,-31.37268],[-64.98187,-31.37256],[-64.9819,-31.37224],[-64.98216,-31.372],[-64.98197,-31.37185],[-64.98228,-31.37136],[-64.98263,-31.37122],[-64.98284,-31.37149],[-64.98267,-31.3718],[-64.98279,-31.37229],[-64.98315,-31.37264],[-64.98352,-31.37274],[-64.98345,-31.37301],[-64.98294,-31.37317],[-64.98265,-31.37344]]]},"properties":{"periodo":2021,"dts":"2020-12-31","dte":"2021-12-18","infobs":"incendio"}},
{"type":"Feature","geometry":{"type":"Polygon","coordinates":[[[-64.98159,-31.37275],[-64.9817,-31.37273],[-64.9823,-31.37354],[-64.98196,-31.37416],[-64.98195,-31.37444],[-64.98167,-31.37455],[-64.98142,-31.37436],[-64.98055,-31.37474],[-64.97939,-31.37452],[-64.97892,-31.37462],[-64.97872,-31.3748],[-64.9785,-31.37548],[-64.97812,-31.3758],[-64.97752,-31.37575],[-64.97697,-31.37512],[-64.97609,-31.37458],[-64.97498,-31.37341],[-64.97454,-31.37313],[-64.9744,-31.3729],[-64.97454,-31.37204],[-64.97448,-31.37178],[-64.97418,-31.37173],[-64.97377,-31.37228],[-64.97328,-31.37241],[-64.97223,-31.37159],[-64.97194,-31.37195],[-64.97014,-31.37076],[-64.97016,-31.37045],[-64.96997,-31.37019],[-64.97073,-31.36993],[-64.97128,-31.36985],[-64.97246,-31.37005],[-64.973,-31.36993],[-64.97327,-31.37012],[-64.97339,-31.37049],[-64.97413,-31.37069],[-64.97477,-31.37096],[-64.97525,-31.37093],[-64.9755,-31.37071],[-64.97577,-31.37083],[-64.97606,-31.37076],[-64.97603,-31.37037],[-64.97639,-31.37057],[-64.97694,-31.37052],[-64.97718,-31.37083],[-64.97771,-31.37053],[-64.97807,-31.3712],[-64.97846,-31.37113],[-64.97863,-31.37091],[-64.97896,-31.37098],[-64.97917,-31.37073],[-64.97965,-31.37333],[-64.9808,-31.3735],[-64.98157,-31.37286],[-64.98159,-31.37275]]]},"properties":{"periodo":2021,"dts":"2020-12-31","dte":"2021-12-18","infobs":"incendio"}},
{"type":"Feature","geometry":{"type":"Polygon","coordinates":[[[-64.96758,-31.36356],[-64.96827,-31.36408],[-64.96866,-31.36381],[-64.96866,-31.36227],[-64.96897,-31.36236],[-64.96906,-31.36281],[-64.96923,-31.36298],[-64.96918,-31.36373],[-64.96962,-31.36379],[-64.97004,-31.36411],[-64.97029,-31.36404],[-64.97041,-31.36311],[-64.97064,-31.36313],[-64.97073,-31.3635],[-64.97064,-31.36371],[-64.97106,-31.36406],[-64.97139,-31.36421],[-64.97171,-31.36408],[-64.9717,-31.36365],[-64.9721,-31.36398],[-64.97208,-31.36371],[-64.97196,-31.36325],[-64.97214,-31.36304],[-64.97263,-31.36352],[-64.97206,-31.36429],[-64.973,-31.36446],[-64.97366,-31.36573],[-64.97339,-31.36581],[-64.97268,-31.36542],[-64.97241,-31.36511],[-64.97195,-31.36533],[-64.97133,-31.36592],[-64.97095,-31.36606],[-64.97054,-31.36636],[-64.97006,-31.36654],[-64.96991,-31.36627],[-64.97079,-31.36573],[-64.97095,-31.36538],[-64.96973,-31.36531],[-64.96923,-31.36565],[-64.96798,-31.36594],[-64.96742,-31.36634],[-64.96744,-31.3639],[-64.96758,-31.36356]]]},"properties":{"periodo":2021,"dts":"2020-12-31","dte":"2021-12-18","infobs":"incendio"}},
{"type":"Feature","geometry":{"type":"Polygon","coordinates":[[[-64.805,-30.70545],[-64.80512,-30.70493],[-64.80608,-30.70426],[-64.80632,-30.70395],[-64.8071,-30.70467],[-64.80691,-30.7049],[-64.80604,-30.70573],[-64.80536,-30.70576],[-64.805,-30.70545]]]},"properties":{"periodo":2021,"dts":"2020-12-06","dte":"2022-01-02","infobs":"NA"}},
{"type":"Feature","geometry":{"type":"Polygon","coordinates":[[[-64.96768,-31.36882],[-64.96787,-31.36894],[-64.96818,-31.36975],[-64.96812,-31.37044],[-64.96757,-31.37095],[-64.96692,-31.37163],[-64.96596,-31.37184],[-64.96518,-31.37214],[-64.96494,-31.37235],[-64.96545,-31.37276],[-64.96573,-31.37306],[-64.96535,-31.37364],[-64.96515,-31.37555],[-64.96494,-31.3764],[-64.96412,-31.37671],[-64.96273,-31.37668],[-64.96221,-31.37709],[-64.96252,-31.3776],[-64.96218,-31.37763],[-64.9615,-31.37726],[-64.96041,-31.37709],[-64.96027,-31.37739],[-64.96048,-31.37783],[-64.96024,-31.37831],[-64.96065,-31.37879],[-64.96072,-31.37903],[-64.96119,-31.37937],[-64.96119,-31.37974],[-64.96072,-31.38043],[-64.95983,-31.3807],[-64.95932,-31.38104],[-64.95826,-31.38203],[-64.95799,-31.38216],[-64.95785,-31.38291],[-64.95731,-31.38407],[-64.95731,-31.38465],[-64.95676,-31.3852],[-64.95598,-31.3853],[-64.95567,-31.38526],[-64.9553,-31.38475],[-64.95424,-31.38411],[-64.95407,-31.38376],[-64.95332,-31.38336],[-64.95247,-31.38332],[-64.95254,-31.38295],[-64.95291,-31.3825],[-64.95325,-31.38165],[-64.9524,-31.3806],[-64.95237,-31.38032],[-64.95158,-31.38025],[-64.95039,-31.38039],[-64.94995,-31.38015],[-64.94954,-31.37974],[-64.9493,-31.37964],[-64.94892,-31.38012],[-64.94841,-31.38039],[-64.94817,-31.38083],[-64.94817,-31.38131],[-64.94872,-31.38189],[-64.94862,-31.38254],[-64.94841,-31.38315],[-64.94909,-31.38346],[-64.94947,-31.3838],[-64.94916,-31.384],[-64.94961,-31.38486],[-64.9499,-31.38555],[-64.95121,-31.38641],[-64.9517,-31.38677],[-64.9519,-31.38707],[-64.95285,-31.3873],[-64.95205,-31.38635],[-64.95249,-31.38606],[-64.95269,-31.38566],[-64.95249,-31.38519],[-64.95261,-31.38488],[-64.95294,-31.38451],[-64.9534,-31.38475],[-64.954,-31.3846],[-64.95449,-31.3846],[-64.95471,-31.38484],[-64.95391,-31.38501],[-64.95382,-31.38542],[-64.95435,-31.38564],[-64.95497,-31.38604],[-64.95559,-31.38555],[-64.95621,-31.38581],[-64.95703,-31.38572],[-64.95681,-31.38619],[-64.95674,-31.38656],[-64.95646,-31.38663],[-64.95624,-31.3869],[-64.95606,-31.38656],[-64.95575,-31.38621],[-64.95542,-31.38645],[-64.9557,-31.38668],[-64.95581,-31.38696],[-64.95467,-31.38719],[-64.95404,-31.38685],[-64.95331,-31.38663],[-64.95289,-31.38663],[-64.95298,-31.38701],[-64.95323,-31.38749],[-64.95283,-31.38772],[-64.95247,-31.38763],[-64.95208,-31.38787],[-64.9515,-31.3875],[-64.95108,-31.38732],[-64.95084,-31.38699],[-64.95064,-31.38732],[-64.95024,-31.3875],[-64.94986,-31.38741],[-64.94971,-31.38703],[-64.94953,-31.38687],[-64.9494,-31.38754],[-64.94991,-31.38778],[-64.95059,-31.38787],[-64.95052,-31.38814],[-64.95004,-31.38812],[-64.95028,-31.38891],[-64.95086,-31.38918],[-64.95059,-31.38938],[-64.94995,-31.38922],[-64.94968,-31.38858],[-64.94937,-31.38851],[-64.94893,-31.38787],[-64.94818,-31.38754],[-64.94782,-31.3875],[-64.9477,-31.38704],[-64.94732,-31.3868],[-64.94698,-31.3868],[-64.94698,-31.38636],[-64.94678,-31.38612],[-64.94671,-31.38564],[-64.94647,-31.38537],[-64.94667,-31.38516],[-64.94661,-31.38458],[-64.94674,-31.38411],[-64.94654,-31.3839],[-64.94572,-31.38356],[-64.94487,-31.38295],[-64.94507,-31.38261],[-64.94545,-31.38261],[-64.94592,-31.38227],[-64.9463,-31.38233],[-64.94705,-31.38227],[-64.94753,-31.38192],[-64.94773,-31.38155],[-64.94742,-31.38155],[-64.94661,-31.38192],[-64.94623,-31.38179],[-64.94589,-31.38141],[-64.94572,-31.38094],[-64.94524,-31.38056],[-64.94538,-31.38019],[-64.94534,-31.37947],[-64.94466,-31.37947],[-64.94415,-31.37916],[-64.94432,-31.37824],[-64.94477,-31.3779],[-64.94521,-31.37743],[-64.94538,-31.37674],[-64.94494,-31.3762],[-64.94545,-31.37593],[-64.94558,-31.37524],[-64.94569,-31.37436],[-64.94541,-31.37388],[-64.94507,-31.37296],[-64.9448,-31.37296],[-64.94446,-31.37279],[-64.94456,-31.37221],[-64.94497,-31.37194],[-64.94514,-31.37129],[-64.94541,-31.37095],[-64.94572,-31.37013],[-64.94596,-31.36983],[-64.94626,-31.36887],[-64.94572,-31.36846],[-64.94548,-31.36802],[-64.94545,-31.36758],[-64.94596,-31.36717],[-64.94626,-31.36638],[-64.94603,-31.36587],[-64.94562,-31.36567],[-64.94497,-31.36546],[-64.94439,-31.36448],[-64.9446,-31.36396],[-64.94453,-31.36379],[-64.94487,-31.36352],[-64.94575,-31.3639],[-64.94613,-31.3643],[-64.94644,-31.36434],[-64.94681,-31.36403],[-64.94768,-31.36317],[-64.94861,-31.36296],[-64.94886,-31.3626],[-64.94876,-31.36217],[-64.94916,-31.3619],[-64.94886,-31.36138],[-64.94836,-31.36138],[-64.94851,-31.36104],[-64.94905,-31.36039],[-64.95191,-31.36047],[-64.9518,-31.36138],[-64.95312,-31.36092],[-64.95359,-31.36081],[-64.95455,-31.3616],[-64.95457,-31.36196],[-64.95562,-31.36225],[-64.95639,-31.36194],[-64.95793,-31.3625],[-64.95931,-31.3631],[-64.96003,-31.36313],[-64.96081,-31.36379],[-64.96165,-31.36407],[-64.9616,-31.36442],[-64.96054,-31.36402],[-64.95995,-31.36369],[-64.95968,-31.36381],[-64.9597,-31.36411],[-64.95993,-31.36434],[-64.95964,-31.36471],[-64.95905,-31.36475],[-64.95841,-31.3644],[-64.95797,-31.36408],[-64.95751,-31.36396],[-64.95766,-31.36352],[-64.95733,-31.36352],[-64.95682,-31.36398],[-64.95731,-31.36465],[-64.95785,-31.36494],[-64.95737,-31.36515],[-64.95656,-31.36521],[-64.95618,-31.3649],[-64.95553,-31.36417],[-64.95433,-31.36433],[-64.95482,-31.36454],[-64.95499,-31.36479],[-64.95466,-31.36494],[-64.95441,-31.36479],[-64.95382,-31.36494],[-64.95376,-31.36442],[-64.95341,-31.36434],[-64.95328,-31.36392],[-64.95328,-31.3635],[-64.95347,-31.36311],[-64.95345,-31.36281],[-64.9531,-31.36271],[-64.95284,-31.36221],[-64.95218,-31.36163],[-64.95185,-31.36163],[-64.9517,-31.36188],[-64.95205,-31.36242],[-64.95239,-31.36261],[-64.95245,-31.36294],[-64.95214,-31.36317],[-64.95142,-31.36306],[-64.95138,-31.36336],[-64.95114,-31.36336],[-64.95109,-31.36365],[-64.95205,-31.36363],[-64.95253,-31.36394],[-64.9527,-31.36434],[-64.95237,-31.36438],[-64.95228,-31.36463],[-64.95259,-31.36483],[-64.95259,-31.36513],[-64.95233,-31.36541],[-64.95356,-31.3658],[-64.95416,-31.36548],[-64.95478,-31.3654],[-64.9553,-31.3655],[-64.95545,-31.36567],[-64.95585,-31.36573],[-64.95635,-31.36592],[-64.95676,-31.36573],[-64.95718,-31.36565],[-64.95756,-31.36571],[-64.95774,-31.36596],[-64.95851,-31.36604],[-64.95864,-31.36613],[-64.95833,-31.36657],[-64.95843,-31.36687],[-64.95887,-31.36659],[-64.95887,-31.36634],[-64.95945,-31.36617],[-64.95931,-31.36588],[-64.95943,-31.36565],[-64.95989,-31.36575],[-64.96037,-31.36575],[-64.96065,-31.36612],[-64.95976,-31.3672],[-64.95932,-31.36757],[-64.95886,-31.36795],[-64.95814,-31.36886],[-64.95778,-31.36978],[-64.9574,-31.37161],[-64.95739,-31.37252],[-64.95685,-31.37343],[-64.95595,-31.37419],[-64.95487,-31.37479],[-64.95273,-31.37569],[-64.95201,-31.37645],[-64.95218,-31.37736],[-64.95342,-31.37798],[-64.95467,-31.37784],[-64.95592,-31.37724],[-64.95681,-31.37664],[-64.95789,-31.37603],[-64.95879,-31.37528],[-64.9595,-31.37437],[-64.95987,-31.37346],[-64.96042,-31.37239],[-64.96096,-31.37148],[-64.96169,-31.36966],[-64.96223,-31.36859],[-64.9626,-31.36768],[-64.96267,-31.36756],[-64.96256,-31.36781],[-64.96289,-31.3679],[-64.96335,-31.36781],[-64.96326,-31.36798],[-64.96329,-31.36869],[-64.96368,-31.36879],[-64.96525,-31.36969],[-64.96631,-31.37015],[-64.96738,-31.36955],[-64.96768,-31.36882]],[[-64.95036,-31.36364],[-64.95034,-31.3638],[-64.95,-31.36429],[-64.95009,-31.36453],[-64.95045,-31.36421],[-64.95057,-31.36377],[-64.95036,-31.36364]]]},"properties":{"periodo":2021,"dts":"2020-12-31","dte":"2021-12-18","infobs":"incendio"}},
{"type":"Feature","geometry":{"type":"Polygon","coordinates":[[[-64.89327,-30.60245],[-64.89328,-30.60221],[-64.89363,-30.60219],[-64.89382,-30.60245],[-64.89391,-30.60386],[-64.89421,-30.60387],[-64.89424,-30.60489],[-64.89297,-30.60497],[-64.893,-30.60415],[-64.89236,-30.60413],[-64.89233,-30.60381],[-64.89205,-30.60389],[-64.89198,-30.60332],[-64.89167,-30.60305],[-64.89042,-30.60312],[-64.89043,-30.60288],[-64.89013,-30.60252],[-64.89262,-30.6025],[-64.89263,-30.60277],[-64.89298,-30.60276],[-64.89298,-30.60255],[-64.89327,-30.60245]]]},"properties":{"periodo":2021,"dts":"2020-12-06","dte":"2022-01-02","infobs":"NA"}},
{"type":"Feature","geometry":{"type":"Polygon","coordinates":[[[-64.70297,-29.73915],[-64.70542,-29.73941],[-64.70545,-29.73999],[-64.70357,-29.74003],[-64.70361,-29.73983],[-64.7028,-29.73984],[-64.70297,-29.73915]]]},"properties":{"periodo":2021,"dts":"2020-12-06","dte":"2022-01-02","infobs":"NA"}},
{"type":"Feature","geometry":{"type":"Polygon","coordinates":[[[-65.26263,-31.57426],[-65.26193,-31.57392],[-65.26111,-31.57312],[-65.26033,-31.57272],[-65.2593,-31.57179],[-65.25933,-31.57006],[-65.25943,-31.56874],[-65.25871,-31.56744],[-65.2587,-31.56717],[-65.25903,-31.56627],[-65.25905,-31.56583],[-65.25962,-31.5651],[-65.25969,-31.56352],[-65.25961,-31.56289],[-65.25941,-31.56215],[-65.25947,-31.56138],[-65.26033,-31.56121],[-65.26051,-31.56559],[-65.26231,-31.56681],[-65.26292,-31.5674],[-65.26297,-31.5682],[-65.26139,-31.56915],[-65.26067,-31.56968],[-65.26069,-31.57024],[-65.26122,-31.5705],[-65.26192,-31.57064],[-65.26255,-31.57101],[-65.26309,-31.57175],[-65.26362,-31.57201],[-65.26461,-31.57259],[-65.26363,-31.57383],[-65.26312,-31.57434],[-65.26263,-31.57426]]]},"properties":{"periodo":2021,"dts":"2021-01-07","dte":"2022-01-02","infobs":"agropecuario"}},
{"type":"Feature","geometry":{"type":"Polygon","coordinates":[[[-64.97917,-31.37073],[-64.97953,-31.37063],[-64.97974,-31.37111],[-64.97998,-31.37135],[-64.9803,-31.37131],[-64.98074,-31.37103],[-64.98114,-31.37093],[-64.9812,-31.37117],[-64.98087,-31.37134],[-64.98087,-31.37166],[-64.9813,-31.37189],[-64.98105,-31.37218],[-64.98127,-31.37283],[-64.98159,-31.37275],[-64.98157,-31.37286],[-64.9808,-31.3735],[-64.97965,-31.37333],[-64.97917,-31.37073]]]},"properties":{"periodo":2021,"dts":"2020-12-31","dte":"2021-12-18","infobs":"incendio"}},
{"type":"Feature","geometry":{"type":"Polygon","coordinates":[[[-64.96065,-31.36612],[-64.96076,-31.36625],[-64.96116,-31.36604],[-64.96122,-31.36636],[-64.96143,-31.3665],[-64.96218,-31.36515],[-64.96324,-31.36442],[-64.96429,-31.3639],[-64.96504,-31.36408],[-64.96497,-31.36448],[-64.9656,-31.36454],[-64.96535,-31.36409],[-64.96683,-31.36321],[-64.9671,-31.36325],[-64.96758,-31.36356],[-64.96744,-31.3639],[-64.96742,-31.36634],[-64.96715,-31.36597],[-64.96663,-31.36582],[-64.96634,-31.36547],[-64.96603,-31.36553],[-64.96632,-31.36641],[-64.96651,-31.36682],[-64.96665,-31.36776],[-64.96623,-31.36812],[-64.96627,-31.36855],[-64.96669,-31.3686],[-64.96713,-31.36837],[-64.9675,-31.36838],[-64.96747,-31.36869],[-64.96768,-31.36882],[-64.96738,-31.36955],[-64.96631,-31.37015],[-64.96689,-31.36959],[-64.96643,-31.3695],[-64.96616,-31.36961],[-64.96541,-31.3693],[-64.96537,-31.36886],[-64.96554,-31.36836],[-64.96535,-31.36821],[-64.96535,-31.36767],[-64.96419,-31.36859],[-64.96421,-31.36723],[-64.96315,-31.36677],[-64.96267,-31.36756],[-64.9626,-31.36768],[-64.96223,-31.36859],[-64.96169,-31.36966],[-64.96096,-31.37148],[-64.96042,-31.37239],[-64.95987,-31.37346],[-64.9595,-31.37437],[-64.95879,-31.37528],[-64.95789,-31.37603],[-64.95681,-31.37664],[-64.95592,-31.37724],[-64.95467,-31.37784],[-64.95342,-31.37798],[-64.95218,-31.37736],[-64.95201,-31.37645],[-64.95273,-31.37569],[-64.95487,-31.37479],[-64.95595,-31.37419],[-64.95685,-31.37343],[-64.95739,-31.37252],[-64.9574,-31.37161],[-64.95778,-31.36978],[-64.95814,-31.36886],[-64.95886,-31.36795],[-64.95912,-31.36784],[-64.95951,-31.36817],[-64.95968,-31.36788],[-64.95932,-31.36757],[-64.95976,-31.3672],[-64.96065,-31.36612]]]},"properties":{"periodo":2021,"dts":"2020-12-31","dte":"2021-12-18","infobs":"incendio"}},
{"type":"Feature","geometry":{"type":"Polygon","coordinates":[[[-65.27612,-30.71226],[-65.27601,-30.71216],[-65.27711,-30.71181],[-65.27808,-30.71134],[-65.27836,-30.71105],[-65.27964,-30.71074],[-65.27975,-30.70992],[-65.28058,-30.70933],[-65.28116,-30.70919],[-65.28127,-30.70846],[-65.28085,-30.70838],[-65.28045,-30.70743],[-65.28016,-30.70728],[-65.28022,-30.70692],[-65.28053,-30.70688],[-65.28258,-30.70783],[-65.2832,-30.70841],[-65.28259,-30.70904],[-65.28243,-30.71003],[-65.28192,-30.71036],[-65.27961,-30.71234],[-65.27917,-30.71242],[-65.27819,-30.71235],[-65.27763,-30.71302],[-65.27691,-30.71297],[-65.27612,-30.71226]]]},"properties":{"periodo":2021,"dts":"2020-12-06","dte":"2022-01-02","infobs":"NA"}},
{"type":"Feature","geometry":{"type":"Polygon","coordinates":[[[-65.27722,-30.70292],[-65.279,-30.70156],[-65.28071,-30.70152],[-65.28107,-30.70176],[-65.28107,-30.70266],[-65.28016,-30.70292],[-65.28015,-30.70389],[-65.27879,-30.70513],[-65.2779,-30.70441],[-65.27735,-30.70432],[-65.27731,-30.70396],[-65.27613,-30.70387],[-65.27722,-30.70292]],[[-65.27943,-30.70369],[-65.27938,-30.70331],[-65.2789,-30.70309],[-65.27809,-30.7038],[-65.27872,-30.70433],[-65.27918,-30.70437],[-65.27943,-30.70369]]]},"properties":{"periodo":2021,"dts":"2020-12-06","dte":"2022-01-02","infobs":"NA"}},
{"type":"Feature","geometry":{"type":"Polygon","coordinates":[[[-65.28306,-30.69981],[-65.28144,-30.70088],[-65.28117,-30.70079],[-65.28045,-30.70007],[-65.28071,-30.69978],[-65.28203,-30.6985],[-65.28306,-30.69981]]]},"properties":{"periodo":2021,"dts":"2020-12-06","dte":"2022-01-02","infobs":"NA"}},
{"type":"Feature","geometry":{"type":"Polygon","coordinates":[[[-65.49091,-30.6279],[-65.49233,-30.62775],[-65.49243,-30.63008],[-65.49106,-30.63015],[-65.49091,-30.6279]]]},"properties":{"periodo":2021,"dts":"2020-12-06","dte":"2022-01-02","infobs":"NA"}},
{"type":"Feature","geometry":{"type":"Polygon","coordinates":[[[-65.271,-30.68334],[-65.27204,-30.68336],[-65.27218,-30.68374],[-65.2728,-30.68373],[-65.27893,-30.68337],[-65.27956,-30.68771],[-65.27763,-30.6892],[-65.27758,-30.68985],[-65.27266,-30.68986],[-65.26789,-30.68624],[-65.271,-30.68334]]]},"properties":{"periodo":2021,"dts":"2020-12-06","dte":"2021-01-02","infobs":"posible silvopastoril/desarbustado"}},
{"type":"Feature","geometry":{"type":"Polygon","coordinates":[[[-65.26012,-30.6863],[-65.25758,-30.68542],[-65.26007,-30.68233],[-65.26531,-30.68445],[-65.26711,-30.68574],[-65.26556,-30.6874],[-65.26412,-30.68741],[-65.26361,-30.68725],[-65.26237,-30.68712],[-65.2616,-30.68715],[-65.26039,-30.68763],[-65.25966,-30.68762],[-65.25987,-30.68714],[-65.26012,-30.6863]]]},"properties":{"periodo":2021,"dts":"2020-12-06","dte":"2021-01-02","infobs":"posible silvopastoril/desarbustado"}},
{"type":"Feature","geometry":{"type":"Polygon","coordinates":[[[-63.26369,-30.73198],[-63.2625,-30.72706],[-63.26381,-30.72686],[-63.26804,-30.72608],[-63.26967,-30.72617],[-63.27122,-30.73126],[-63.26693,-30.73214],[-63.26379,-30.7325],[-63.26369,-30.73198]]]},"properties":{"periodo":2021,"dts":"2020-12-31","dte":"2021-12-18","infobs":"agropecuario"}},
{"type":"Feature","geometry":{"type":"Polygon","coordinates":[[[-63.27642,-30.69408],[-63.27673,-30.69447],[-63.27669,-30.69475],[-63.27605,-30.69474],[-63.27603,-30.69556],[-63.27655,-30.69557],[-63.27644,-30.69628],[-63.27779,-30.69821],[-63.27802,-30.69872],[-63.27822,-30.69917],[-63.27832,-30.69989],[-63.2764,-30.69988],[-63.27214,-30.69853],[-63.26895,-30.69869],[-63.2686,-30.6996],[-63.26772,-30.70068],[-63.26613,-30.70083],[-63.26594,-30.69985],[-63.26508,-30.69898],[-63.26994,-30.69789],[-63.27193,-30.69733],[-63.27467,-30.6955],[-63.27642,-30.69408]]]},"properties":{"periodo":2021,"dts":"2020-12-31","dte":"2021-12-18","infobs":"agropecuario"}},
{"type":"Feature","geometry":{"type":"Polygon","coordinates":[[[-63.11236,-30.63337],[-63.10971,-30.6226],[-63.11055,-30.62222],[-63.11026,-30.62105],[-63.10933,-30.62099],[-63.10763,-30.61368],[-63.11144,-30.61312],[-63.11318,-30.61868],[-63.11441,-30.62063],[-63.11273,-30.62068],[-63.11203,-30.62185],[-63.11364,-30.62547],[-63.11532,-30.63081],[-63.11493,-30.63282],[-63.11474,-30.63399],[-63.11474,-30.636],[-63.11485,-30.63625],[-63.11309,-30.63634],[-63.11236,-30.63337]]]},"properties":{"periodo":2021,"dts":"2020-12-31","dte":"2021-12-18","infobs":"agropecuario"}},
{"type":"Feature","geometry":{"type":"Polygon","coordinates":[[[-63.13932,-30.60811],[-63.1421,-30.61829],[-63.14324,-30.6238],[-63.14456,-30.62883],[-63.13749,-30.63051],[-63.13745,-30.62979],[-63.14366,-30.62842],[-63.14204,-30.62174],[-63.13891,-30.60894],[-63.12834,-30.61083],[-63.12784,-30.61149],[-63.12897,-30.61563],[-63.12585,-30.61577],[-63.12385,-30.61091],[-63.13932,-30.60811]]]},"properties":{"periodo":2021,"dts":"2020-12-31","dte":"2021-12-18","infobs":"agropecuario"}},
{"type":"Feature","geometry":{"type":"Polygon","coordinates":[[[-64.2558,-30.54344],[-64.25571,-30.5428],[-64.25737,-30.54276],[-64.25812,-30.54337],[-64.25692,-30.54412],[-64.2558,-30.54344]]]},"properties":{"periodo":2021,"dts":"2020-12-31","dte":"2021-12-18","infobs":"agropecuario"}},
{"type":"Feature","geometry":{"type":"Polygon","coordinates":[[[-64.25418,-30.53982],[-64.25427,-30.53952],[-64.25795,-30.53931],[-64.25912,-30.54038],[-64.25887,-30.54039],[-64.25888,-30.54142],[-64.25826,-30.54145],[-64.25823,-30.54044],[-64.25555,-30.54053],[-64.25537,-30.5414],[-64.25476,-30.54121],[-64.25459,-30.54085],[-64.25383,-30.54089],[-64.25418,-30.53982]]]},"properties":{"periodo":2021,"dts":"2020-12-31","dte":"2021-12-18","infobs":"agropecuario"}},
{"type":"Feature","geometry":{"type":"Polygon","coordinates":[[[-63.38827,-30.43621],[-63.38701,-30.43625],[-63.38111,-30.43622],[-63.38118,-30.43598],[-63.38083,-30.42969],[-63.38993,-30.4299],[-63.39148,-30.42996],[-63.39138,-30.43052],[-63.38824,-30.43063],[-63.38876,-30.43373],[-63.39115,-30.43318],[-63.39125,-30.43553],[-63.38842,-30.43589],[-63.38827,-30.43621]]]},"properties":{"periodo":2021,"dts":"2020-12-31","dte":"2021-12-18","infobs":"agropecuario"}},
{"type":"Feature","geometry":{"type":"Polygon","coordinates":[[[-63.35679,-30.22649],[-63.35666,-30.22625],[-63.35481,-30.22619],[-63.35448,-30.22629],[-63.35446,-30.22724],[-63.35422,-30.22837],[-63.35392,-30.2293],[-63.3539,-30.23055],[-63.35361,-30.23049],[-63.35331,-30.22909],[-63.35315,-30.22866],[-63.3531,-30.22769],[-63.35318,-30.22629],[-63.35355,-30.22492],[-63.35489,-30.22273],[-63.35436,-30.22272],[-63.35309,-30.22473],[-63.3528,-30.22556],[-63.35269,-30.22618],[-63.35268,-30.22907],[-63.35304,-30.23005],[-63.35302,-30.23047],[-63.35224,-30.23062],[-63.3511,-30.23048],[-63.35123,-30.22275],[-63.35102,-30.22275],[-63.351,-30.2224],[-63.35887,-30.22241],[-63.35888,-30.2254],[-63.35856,-30.2254],[-63.35864,-30.22651],[-63.35679,-30.22649]],[[-63.35792,-30.22564],[-63.35794,-30.22323],[-63.35669,-30.22323],[-63.35667,-30.22542],[-63.35732,-30.22539],[-63.35734,-30.22567],[-63.35792,-30.22564]],[[-63.35544,-30.22406],[-63.35481,-30.22406],[-63.35485,-30.22484],[-63.35508,-30.22484],[-63.35515,-30.22433],[-63.35546,-30.22435],[-63.35544,-30.22406]]]},"properties":{"periodo":2021,"dts":"2020-12-31","dte":"2021-12-18","infobs":"agropecuario"}},
{"type":"Feature","geometry":{"type":"Polygon","coordinates":[[[-63.83921,-29.71228],[-63.83628,-29.70902],[-63.83434,-29.70688],[-63.83433,-29.70604],[-63.83179,-29.70386],[-63.8361,-29.70221],[-63.84178,-29.70016],[-63.84484,-29.69976],[-63.84701,-29.7081],[-63.84059,-29.71273],[-63.83921,-29.71228]]]},"properties":{"periodo":2021,"dts":"2020-12-31","dte":"2021-12-18","infobs":"agropecuario"}},
{"type":"Feature","geometry":{"type":"Polygon","coordinates":[[[-64.39814,-31.9897],[-64.39865,-31.98963],[-64.39976,-31.98972],[-64.4019,-31.99017],[-64.40187,-31.99171],[-64.40064,-31.9918],[-64.40058,-31.99154],[-64.3968,-31.99146],[-64.3967,-31.99093],[-64.39653,-31.99077],[-64.3962,-31.99075],[-64.39578,-31.99092],[-64.3953,-31.99078],[-64.39451,-31.9902],[-64.39455,-31.99008],[-64.39587,-31.98996],[-64.39626,-31.98999],[-64.39677,-31.98978],[-64.39814,-31.9897]]]},"properties":{"periodo":2021,"dts":"2020-12-31","dte":"2021-12-18","infobs":"agropecuario"}},
{"type":"Feature","geometry":{"type":"Polygon","coordinates":[[[-64.58058,-32.08214],[-64.58036,-32.0818],[-64.57938,-32.08135],[-64.5792,-32.08117],[-64.5796,-32.08098],[-64.58062,-32.08128],[-64.58138,-32.08214],[-64.58058,-32.08214]]]},"properties":{"periodo":2022,"dts":"2021-12-18","dte":"2022-12-29","infobs":"incendio"}},
{"type":"Feature","geometry":{"type":"Polygon","coordinates":[[[-64.50299,-31.82395],[-64.50251,-31.82309],[-64.50233,-31.82215],[-64.50234,-31.82132],[-64.50257,-31.82134],[-64.50304,-31.8232],[-64.50299,-31.82395]]]},"properties":{"periodo":2022,"dts":"2021-12-18","dte":"2022-12-29","infobs":"incendio"}},
{"type":"Feature","geometry":{"type":"Polygon","coordinates":[[[-64.50079,-31.81482],[-64.50117,-31.81492],[-64.50124,-31.8152],[-64.50126,-31.81601],[-64.50079,-31.8168],[-64.50079,-31.81482]]]},"properties":{"periodo":2022,"dts":"2021-12-18","dte":"2022-12-29","infobs":"incendio"}},
{"type":"Feature","geometry":{"type":"Polygon","coordinates":[[[-64.99017,-31.78486],[-64.99088,-31.78471],[-64.99113,-31.78508],[-64.99033,-31.78571],[-64.99017,-31.78486]]]},"properties":{"periodo":2022,"dts":"2021-12-18","dte":"2022-12-29","infobs":"incendio"}},
{"type":"Feature","geometry":{"type":"Polygon","coordinates":[[[-64.98329,-31.77995],[-64.98438,-31.77967],[-64.98597,-31.781],[-64.98672,-31.7814],[-64.98695,-31.78139],[-64.98716,-31.78328],[-64.98805,-31.78416],[-64.98916,-31.78414],[-64.98988,-31.78509],[-64.98995,-31.78601],[-64.9891,-31.78667],[-64.98939,-31.79009],[-64.99059,-31.79106],[-64.99062,-31.79214],[-64.99169,-31.79196],[-64.9921,-31.79209],[-64.99232,-31.79277],[-64.9944,-31.79277],[-64.99434,-31.79189],[-64.99638,-31.79171],[-64.99678,-31.79289],[-64.99581,-31.79345],[-64.99539,-31.79357],[-64.99434,-31.79318],[-64.99394,-31.79314],[-64.99337,-31.79356],[-64.99322,-31.79413],[-64.99286,-31.79423],[-64.99182,-31.7935],[-64.9913,-31.79301],[-64.99022,-31.79226],[-64.98957,-31.79196],[-64.98916,-31.79143],[-64.98908,-31.79174],[-64.98926,-31.79253],[-64.99077,-31.79401],[-64.9905,-31.7945],[-64.99019,-31.79531],[-64.98877,-31.79582],[-64.98766,-31.79594],[-64.9859,-31.79635],[-64.98487,-31.79579],[-64.98574,-31.79366],[-64.98771,-31.79256],[-64.98777,-31.79231],[-64.98845,-31.7922],[-64.9887,-31.79182],[-64.9888,-31.79086],[-64.98725,-31.79097],[-64.98637,-31.79051],[-64.98471,-31.78925],[-64.98274,-31.7872],[-64.9829,-31.78342],[-64.98329,-31.77995]]]},"properties":{"periodo":2022,"dts":"2021-12-18","dte":"2022-12-29","infobs":"incendio"}},
{"type":"Feature","geometry":{"type":"Polygon","coordinates":[[[-64.99033,-31.7772],[-64.98948,-31.77657],[-64.98899,-31.77598],[-64.9904,-31.77628],[-64.99229,-31.77781],[-64.99407,-31.77784],[-64.99505,-31.77771],[-64.99543,-31.77791],[-64.99429,-31.77913],[-64.99507,-31.78055],[-64.99452,-31.78126],[-64.99515,-31.78394],[-64.99491,-31.78421],[-64.99396,-31.78415],[-64.99295,-31.78542],[-64.99208,-31.78495],[-64.99258,-31.78373],[-64.99224,-31.78303],[-64.99187,-31.78249],[-64.99124,-31.78262],[-64.9902,-31.78186],[-64.98935,-31.78134],[-64.98875,-31.78148],[-64.98819,-31.78104],[-64.98923,-31.78061],[-64.9894,-31.78005],[-64.98964,-31.78014],[-64.99016,-31.78058],[-64.99098,-31.78099],[-64.99208,-31.78132],[-64.99309,-31.78134],[-64.99365,-31.78105],[-64.99306,-31.78061],[-64.99047,-31.7795],[-64.98938,-31.77935],[-64.9893,-31.77901],[-64.98974,-31.77872],[-64.99055,-31.77789],[-64.99033,-31.7772]]]},"properties":{"periodo":2022,"dts":"2021-12-18","dte":"2022-12-29","infobs":"incendio"}},
{"type":"Feature","geometry":{"type":"Polygon","coordinates":[[[-64.9938,-31.77565],[-64.99379,-31.77513],[-64.9951,-31.775],[-64.99571,-31.77509],[-64.99577,-31.77595],[-64.99699,-31.77581],[-64.99801,-31.77619],[-64.99784,-31.77682],[-64.99836,-31.77644],[-64.99997,-31.77583],[-65.00016,-31.77727],[-65.00005,-31.77805],[-64.99898,-31.7775],[-64.99817,-31.77741],[-64.99738,-31.77761],[-64.99645,-31.77772],[-64.99546,-31.77728],[-64.99451,-31.77674],[-64.99403,-31.77627],[-64.99375,-31.77609],[-64.9938,-31.77565]]]},"properties":{"periodo":2022,"dts":"2021-12-18","dte":"2022-12-29","infobs":"incendio"}},
{"type":"Feature","geometry":{"type":"Polygon","coordinates":[[[-64.99368,-31.77175],[-64.99364,-31.77075],[-64.99327,-31.77059],[-64.99322,-31.7703],[-64.99418,-31.76961],[-64.99726,-31.76987],[-64.99728,-31.773],[-64.9983,-31.77363],[-64.99834,-31.77437],[-64.99707,-31.77442],[-64.99689,-31.77417],[-64.99644,-31.77413],[-64.99644,-31.77488],[-64.99572,-31.77494],[-64.99562,-31.77423],[-64.99409,-31.77418],[-64.9928,-31.77406],[-64.99195,-31.77447],[-64.99,-31.77419],[-64.98808,-31.77426],[-64.9864,-31.77477],[-64.98629,-31.77472],[-64.98526,-31.77527],[-64.98438,-31.77523],[-64.98322,-31.77543],[-64.9825,-31.77613],[-64.98219,-31.77616],[-64.98205,-31.77588],[-64.98221,-31.77508],[-64.98257,-31.77452],[-64.98293,-31.77377],[-64.98299,-31.77293],[-64.98362,-31.77235],[-64.98437,-31.77144],[-64.98942,-31.77068],[-64.98958,-31.77125],[-64.99145,-31.77114],[-64.99172,-31.77107],[-64.9917,-31.77178],[-64.99189,-31.77184],[-64.99368,-31.77175]]]},"properties":{"periodo":2022,"dts":"2021-12-18","dte":"2022-12-29","infobs":"incendio"}},
{"type":"Feature","geometry":{"type":"Polygon","coordinates":[[[-64.99781,-32.2004],[-64.99814,-32.20001],[-64.99856,-32.19994],[-64.99929,-32.20051],[-64.99982,-32.20047],[-65.00028,-32.2003],[-65.00074,-32.20058],[-65.00129,-32.20145],[-65.00119,-32.20184],[-65.0007,-32.2023],[-65.00054,-32.20204],[-65.0006,-32.2013],[-65.00041,-32.20101],[-64.99964,-32.20089],[-64.99935,-32.20128],[-64.99924,-32.20177],[-64.99864,-32.20181],[-64.99826,-32.20192],[-64.99804,-32.20221],[-64.99751,-32.20235],[-64.99727,-32.20213],[-64.99726,-32.20171],[-64.99692,-32.20168],[-64.99643,-32.20185],[-64.99624,-32.20166],[-64.99604,-32.20117],[-64.9963,-32.20104],[-64.99695,-32.20103],[-64.9974,-32.20077],[-64.99781,-32.2004]]]},"properties":{"periodo":2022,"dts":"2021-12-18","dte":"2022-12-29","infobs":"incendio"}},
{"type":"Feature","geometry":{"type":"Polygon","coordinates":[[[-64.98308,-31.75698],[-64.98319,-31.75615],[-64.9829,-31.75591],[-64.98377,-31.75315],[-64.98408,-31.75102],[-64.98582,-31.7507],[-64.99157,-31.75212],[-64.99717,-31.75236],[-64.99878,-31.75362],[-64.99851,-31.75488],[-64.99929,-31.75584],[-64.99933,-31.75683],[-64.99933,-31.75803],[-64.99859,-31.75815],[-64.99776,-31.75762],[-64.99742,-31.75752],[-64.99766,-31.75847],[-64.99857,-31.75951],[-64.9987,-31.76018],[-64.99782,-31.76067],[-64.99727,-31.76132],[-64.99713,-31.76034],[-64.9965,-31.7603],[-64.99488,-31.76012],[-64.99561,-31.76053],[-64.99494,-31.76136],[-64.99405,-31.76105],[-64.99356,-31.76189],[-64.99295,-31.76164],[-64.9928,-31.76112],[-64.99315,-31.76055],[-64.993,-31.75994],[-64.99228,-31.75951],[-64.99124,-31.75961],[-64.99039,-31.75977],[-64.98969,-31.76023],[-64.98928,-31.76027],[-64.98865,-31.75994],[-64.98865,-31.75965],[-64.98881,-31.75942],[-64.98854,-31.75914],[-64.98748,-31.75929],[-64.98671,-31.75928],[-64.98573,-31.75941],[-64.98489,-31.75965],[-64.98372,-31.76006],[-64.98329,-31.76054],[-64.98391,-31.76104],[-64.9851,-31.76117],[-64.98604,-31.76089],[-64.98746,-31.76069],[-64.9883,-31.76092],[-64.98964,-31.7612],[-64.98966,-31.7608],[-64.99,-31.76051],[-64.99108,-31.76128],[-64.9917,-31.76103],[-64.992,-31.7614],[-64.99199,-31.76263],[-64.99097,-31.76317],[-64.98896,-31.76319],[-64.98886,-31.76502],[-64.98824,-31.76621],[-64.9872,-31.7668],[-64.98454,-31.76755],[-64.98448,-31.76901],[-64.98261,-31.76956],[-64.98076,-31.76951],[-64.97875,-31.77067],[-64.97768,-31.77117],[-64.97669,-31.77133],[-64.97504,-31.77081],[-64.97301,-31.77101],[-64.97342,-31.77146],[-64.97407,-31.77205],[-64.97478,-31.77286],[-64.97616,-31.7745],[-64.97632,-31.77558],[-64.97609,-31.77615],[-64.97618,-31.77622],[-64.97669,-31.77744],[-64.97756,-31.7787],[-64.97746,-31.77892],[-64.97904,-31.78208],[-64.97943,-31.78476],[-64.97843,-31.78633],[-64.97855,-31.7912],[-64.97922,-31.79228],[-64.98016,-31.79254],[-64.98056,-31.7924],[-64.98087,-31.79315],[-64.98213,-31.79313],[-64.9824,-31.79352],[-64.98308,-31.79427],[-64.98235,-31.79547],[-64.98139,-31.79553],[-64.9807,-31.79465],[-64.97831,-31.79321],[-64.97826,-31.79269],[-64.9781,-31.79196],[-64.97751,-31.79169],[-64.97765,-31.79105],[-64.9772,-31.79033],[-64.97668,-31.78997],[-64.97619,-31.78997],[-64.97645,-31.79088],[-64.97666,-31.79125],[-64.97658,-31.79171],[-64.97619,-31.79236],[-64.97572,-31.79285],[-64.97499,-31.79381],[-64.97483,-31.79387],[-64.97454,-31.79332],[-64.97431,-31.79315],[-64.97431,-31.79146],[-64.9739,-31.79131],[-64.97327,-31.79129],[-64.97327,-31.79076],[-64.97235,-31.79139],[-64.97156,-31.79092],[-64.97152,-31.78973],[-64.97123,-31.78951],[-64.97123,-31.78848],[-64.9715,-31.78826],[-64.97146,-31.78735],[-64.97128,-31.78589],[-64.97091,-31.78501],[-64.97095,-31.78416],[-64.97089,-31.78329],[-64.97024,-31.78285],[-64.97021,-31.78271],[-64.97037,-31.78152],[-64.97218,-31.78074],[-64.97289,-31.77869],[-64.97321,-31.77545],[-64.9725,-31.77396],[-64.97147,-31.7734],[-64.96966,-31.77467],[-64.96858,-31.77492],[-64.9684,-31.77459],[-64.96835,-31.77346],[-64.9678,-31.77268],[-64.967,-31.77197],[-64.9671,-31.77026],[-64.96844,-31.77003],[-64.96875,-31.76898],[-64.96834,-31.76676],[-64.9682,-31.76518],[-64.96828,-31.76422],[-64.96874,-31.76419],[-64.96887,-31.76526],[-64.97,-31.76512],[-64.96981,-31.7646],[-64.96994,-31.76408],[-64.9704,-31.76334],[-64.9713,-31.76339],[-64.97195,-31.76447],[-64.97429,-31.76429],[-64.9751,-31.76292],[-64.97722,-31.7604],[-64.97731,-31.76035],[-64.97796,-31.7611],[-64.97946,-31.76159],[-64.98088,-31.76131],[-64.98168,-31.76061],[-64.98124,-31.76002],[-64.98156,-31.75908],[-64.9826,-31.75896],[-64.98424,-31.75823],[-64.98374,-31.7578],[-64.98308,-31.75698]],[[-64.98275,-31.7649],[-64.98232,-31.76451],[-64.98107,-31.76419],[-64.97975,-31.76475],[-64.97822,-31.76502],[-64.97584,-31.76496],[-64.97356,-31.76532],[-64.97257,-31.76636],[-64.97433,-31.76664],[-64.97587,-31.76712],[-64.97735,-31.76797],[-64.97858,-31.76815],[-64.97858,-31.76769],[-64.97913,-31.76791],[-64.98,-31.76843],[-64.98133,-31.76775],[-64.98206,-31.76713],[-64.98264,-31.76616],[-64.98254,-31.76548],[-64.98275,-31.7649]]]},"properties":{"periodo":2022,"dts":"2021-12-18","dte":"2022-12-29","infobs":"incendio"}},
{"type":"Feature","geometry":{"type":"Polygon","coordinates":[[[-65.10359,-31.75213],[-65.10411,-31.75138],[-65.10557,-31.74945],[-65.10715,-31.75038],[-65.10769,-31.7529],[-65.10471,-31.75307],[-65.10359,-31.75213]]]},"properties":{"periodo":2022,"dts":"2021-12-18","dte":"2022-12-29","infobs":"incendio"}},
{"type":"Feature","geometry":{"type":"Polygon","coordinates":[[[-65.06559,-31.74246],[-65.06498,-31.74146],[-65.06575,-31.74046],[-65.06619,-31.74099],[-65.06745,-31.74151],[-65.06893,-31.74264],[-65.06975,-31.74191],[-65.07046,-31.74106],[-65.07172,-31.74157],[-65.07158,-31.74229],[-65.07279,-31.74289],[-65.0734,-31.74181],[-65.07408,-31.74229],[-65.07385,-31.74358],[-65.0746,-31.74455],[-65.07368,-31.74524],[-65.07195,-31.74455],[-65.07217,-31.74548],[-65.0737,-31.74595],[-65.07487,-31.74638],[-65.07582,-31.74685],[-65.07535,-31.7494],[-65.07517,-31.74988],[-65.07524,-31.75168],[-65.07649,-31.75308],[-65.0778,-31.75431],[-65.07901,-31.75525],[-65.07963,-31.75617],[-65.07822,-31.75692],[-65.07674,-31.75789],[-65.07581,-31.75666],[-65.075,-31.75646],[-65.07444,-31.75694],[-65.07386,-31.75544],[-65.0703,-31.75687],[-65.06911,-31.75901],[-65.06982,-31.76352],[-65.06555,-31.76399],[-65.0639,-31.76305],[-65.06559,-31.76145],[-65.06684,-31.76009],[-65.06601,-31.75974],[-65.06387,-31.76045],[-65.06309,-31.75941],[-65.06294,-31.75909],[-65.06254,-31.75888],[-65.06282,-31.75592],[-65.06429,-31.75657],[-65.06526,-31.75588],[-65.06529,-31.75468],[-65.06481,-31.75402],[-65.06616,-31.75373],[-65.06798,-31.75384],[-65.06827,-31.75254],[-65.06919,-31.75172],[-65.07126,-31.75102],[-65.07211,-31.74967],[-65.07108,-31.74911],[-65.07094,-31.74742],[-65.07016,-31.74706],[-65.06884,-31.74849],[-65.06859,-31.74745],[-65.0682,-31.74641],[-65.0682,-31.74506],[-65.06732,-31.74508],[-65.0662,-31.74563],[-65.06522,-31.7449],[-65.06592,-31.74442],[-65.06629,-31.74373],[-65.06559,-31.74246]]]},"properties":{"periodo":2022,"dts":"2021-12-18","dte":"2022-12-29","infobs":"incendio"}},
{"type":"Feature","geometry":{"type":"Polygon","coordinates":[[[-65.04858,-31.65695],[-65.04696,-31.6553],[-65.04561,-31.65458],[-65.04514,-31.65316],[-65.04569,-31.65086],[-65.04703,-31.64991],[-65.04783,-31.64968],[-65.04846,-31.65173],[-65.0487,-31.65276],[-65.04885,-31.65419],[-65.04909,-31.65553],[-65.05115,-31.65775],[-65.05281,-31.65751],[-65.05154,-31.65522],[-65.05147,-31.65348],[-65.05186,-31.65292],[-65.05352,-31.65348],[-65.0551,-31.65363],[-65.05621,-31.65387],[-65.05724,-31.65537],[-65.05811,-31.65601],[-65.05882,-31.65664],[-65.0597,-31.65648],[-65.05764,-31.66046],[-65.05604,-31.66289],[-65.05518,-31.66507],[-65.05386,-31.66582],[-65.05229,-31.66442],[-65.0505,-31.66617],[-65.04922,-31.66624],[-65.04804,-31.66724],[-65.04774,-31.66598],[-65.04475,-31.66985],[-65.04411,-31.66985],[-65.04403,-31.66843],[-65.04379,-31.66637],[-65.04173,-31.66574],[-65.04118,-31.66479],[-65.0415,-31.66273],[-65.04355,-31.66297],[-65.04529,-31.66075],[-65.0464,-31.65996],[-65.04727,-31.66028],[-65.04949,-31.6621],[-65.04949,-31.6606],[-65.05012,-31.65965],[-65.04941,-31.65791],[-65.04858,-31.65695]]]},"properties":{"periodo":2022,"dts":"2021-12-18","dte":"2022-12-29","infobs":"incendio"}},
{"type":"Feature","geometry":{"type":"Polygon","coordinates":[[[-65.03879,-31.63978],[-65.03928,-31.63985],[-65.03971,-31.64007],[-65.04034,-31.64],[-65.04138,-31.64015],[-65.0414,-31.6403],[-65.04102,-31.64065],[-65.04138,-31.64095],[-65.04193,-31.6404],[-65.04231,-31.64062],[-65.04183,-31.64156],[-65.04141,-31.64202],[-65.04242,-31.64186],[-65.04284,-31.6413],[-65.04372,-31.64166],[-65.04372,-31.64249],[-65.04473,-31.64315],[-65.04496,-31.6441],[-65.04387,-31.64486],[-65.04327,-31.64511],[-65.04387,-31.64559],[-65.04491,-31.64706],[-65.04466,-31.64806],[-65.04355,-31.6488],[-65.04249,-31.64827],[-65.04155,-31.64806],[-65.04024,-31.64877],[-65.04029,-31.64976],[-65.03986,-31.65081],[-65.03961,-31.65185],[-65.0384,-31.65273],[-65.03782,-31.65334],[-65.03734,-31.65445],[-65.03568,-31.65437],[-65.03449,-31.6548],[-65.03358,-31.6548],[-65.03235,-31.65472],[-65.03182,-31.65571],[-65.03088,-31.65604],[-65.0302,-31.65568],[-65.02962,-31.6552],[-65.03003,-31.6543],[-65.0296,-31.65336],[-65.02894,-31.65316],[-65.02859,-31.65223],[-65.02929,-31.65162],[-65.02982,-31.65129],[-65.03111,-31.64988],[-65.03283,-31.64958],[-65.03366,-31.64905],[-65.03366,-31.64812],[-65.03464,-31.64756],[-65.03474,-31.64706],[-65.03394,-31.64675],[-65.03338,-31.6464],[-65.03313,-31.64582],[-65.03217,-31.646],[-65.0323,-31.64504],[-65.03376,-31.64542],[-65.03434,-31.64524],[-65.03532,-31.64413],[-65.0354,-31.64347],[-65.03487,-31.64216],[-65.03525,-31.64151],[-65.03568,-31.6412],[-65.03686,-31.6406],[-65.03764,-31.64108],[-65.03843,-31.64088],[-65.0385,-31.64042],[-65.03879,-31.63978]]]},"properties":{"periodo":2022,"dts":"2021-12-18","dte":"2022-12-29","infobs":"incendio"}},
{"type":"Feature","geometry":{"type":"Polygon","coordinates":[[[-65.07499,-31.72073],[-65.07562,-31.71917],[-65.07932,-31.71699],[-65.08027,-31.71628],[-65.08264,-31.71224],[-65.08596,-31.71319],[-65.08739,-31.71865],[-65.08685,-31.72025],[-65.08636,-31.72042],[-65.08613,-31.72118],[-65.08647,-31.7214],[-65.0862,-31.72221],[-65.09,-31.7215],[-65.09118,-31.72008],[-65.09403,-31.72126],[-65.09593,-31.72411],[-65.09285,-31.7272],[-65.09285,-31.72838],[-65.09498,-31.72933],[-65.09308,-31.73195],[-65.09071,-31.73527],[-65.08976,-31.7374],[-65.09213,-31.73859],[-65.09365,-31.7396],[-65.09511,-31.74131],[-65.09479,-31.74267],[-65.09558,-31.7447],[-65.09575,-31.7448],[-65.09516,-31.74533],[-65.0943,-31.74627],[-65.09317,-31.74557],[-65.09328,-31.74435],[-65.0925,-31.74218],[-65.0915,-31.74095],[-65.09104,-31.7423],[-65.09203,-31.74446],[-65.09261,-31.74564],[-65.0926,-31.74674],[-65.0916,-31.74694],[-65.09089,-31.74653],[-65.09003,-31.74565],[-65.08934,-31.74429],[-65.08913,-31.74277],[-65.08907,-31.74158],[-65.08819,-31.74118],[-65.08776,-31.74253],[-65.08843,-31.74422],[-65.08791,-31.7445],[-65.08663,-31.74347],[-65.08636,-31.74213],[-65.08556,-31.74066],[-65.08455,-31.73948],[-65.08391,-31.74035],[-65.08431,-31.74264],[-65.08579,-31.74468],[-65.08768,-31.74653],[-65.08898,-31.74701],[-65.08931,-31.74796],[-65.08855,-31.74797],[-65.08811,-31.74861],[-65.08928,-31.74954],[-65.0894,-31.74999],[-65.09095,-31.7508],[-65.09234,-31.7503],[-65.0932,-31.74832],[-65.09461,-31.74749],[-65.09576,-31.74598],[-65.09629,-31.74609],[-65.09559,-31.74759],[-65.09529,-31.7498],[-65.09501,-31.75142],[-65.09581,-31.75135],[-65.09636,-31.74916],[-65.09776,-31.74791],[-65.0985,-31.74665],[-65.09751,-31.74574],[-65.09872,-31.74499],[-65.09743,-31.74281],[-65.09851,-31.74295],[-65.1004,-31.74406],[-65.10168,-31.7456],[-65.09954,-31.74674],[-65.09919,-31.74847],[-65.09902,-31.74832],[-65.09878,-31.74927],[-65.09878,-31.75307],[-65.09759,-31.75639],[-65.09475,-31.75402],[-65.09172,-31.75322],[-65.09123,-31.75199],[-65.09067,-31.75125],[-65.08988,-31.75143],[-65.08908,-31.75259],[-65.08793,-31.7527],[-65.08707,-31.75288],[-65.08664,-31.75349],[-65.08677,-31.75422],[-65.08734,-31.75484],[-65.08747,-31.75558],[-65.08675,-31.75618],[-65.08675,-31.75673],[-65.0871,-31.75716],[-65.08833,-31.75589],[-65.08956,-31.75431],[-65.0905,-31.75388],[-65.09078,-31.75425],[-65.09308,-31.75758],[-65.09454,-31.75943],[-65.09383,-31.7594],[-65.09314,-31.76042],[-65.09179,-31.76015],[-65.09115,-31.75977],[-65.09028,-31.75993],[-65.08927,-31.76159],[-65.08934,-31.76313],[-65.08909,-31.76489],[-65.09009,-31.76641],[-65.09037,-31.76755],[-65.09137,-31.7675],[-65.09207,-31.76863],[-65.09328,-31.76868],[-65.09345,-31.76678],[-65.09469,-31.76594],[-65.09598,-31.76592],[-65.09642,-31.76484],[-65.09504,-31.76489],[-65.09472,-31.76358],[-65.09433,-31.76326],[-65.09245,-31.76333],[-65.09115,-31.76313],[-65.09031,-31.76154],[-65.09137,-31.76184],[-65.0931,-31.76242],[-65.09481,-31.76196],[-65.09576,-31.76097],[-65.09664,-31.76209],[-65.09973,-31.76636],[-65.10282,-31.76994],[-65.10151,-31.7704],[-65.09939,-31.76933],[-65.09817,-31.7677],[-65.09693,-31.76969],[-65.0974,-31.7717],[-65.0981,-31.77408],[-65.09992,-31.77598],[-65.09898,-31.77976],[-65.09686,-31.78103],[-65.09567,-31.78312],[-65.09657,-31.78494],[-65.09515,-31.78621],[-65.09604,-31.78771],[-65.09965,-31.79026],[-65.10381,-31.79332],[-65.10501,-31.79445],[-65.10547,-31.79311],[-65.10608,-31.7917],[-65.10752,-31.79105],[-65.10939,-31.79065],[-65.10989,-31.78899],[-65.11205,-31.78919],[-65.11301,-31.78894],[-65.11331,-31.78793],[-65.11514,-31.78799],[-65.117,-31.78938],[-65.11885,-31.78974],[-65.1185,-31.79194],[-65.11801,-31.79485],[-65.11737,-31.79752],[-65.11649,-31.79646],[-65.1154,-31.7944],[-65.11658,-31.79306],[-65.1178,-31.7915],[-65.11611,-31.79067],[-65.11422,-31.79052],[-65.11285,-31.79094],[-65.11174,-31.79031],[-65.11032,-31.79066],[-65.10825,-31.79166],[-65.10716,-31.79318],[-65.10713,-31.79415],[-65.10886,-31.79261],[-65.10941,-31.79278],[-65.10906,-31.79411],[-65.10847,-31.7957],[-65.10878,-31.79648],[-65.10954,-31.79686],[-65.11135,-31.7969],[-65.11095,-31.79587],[-65.11084,-31.79484],[-65.11181,-31.7935],[-65.1128,-31.79448],[-65.11229,-31.79617],[-65.11299,-31.7972],[-65.11331,-31.7983],[-65.11258,-31.79946],[-65.11374,-31.80062],[-65.11379,-31.80134],[-65.1137,-31.80273],[-65.11419,-31.80187],[-65.11549,-31.80203],[-65.11658,-31.80233],[-65.11718,-31.80178],[-65.11766,-31.80257],[-65.11757,-31.80279],[-65.11757,-31.80433],[-65.11707,-31.80583],[-65.11636,-31.80429],[-65.11571,-31.80415],[-65.11156,-31.80547],[-65.11112,-31.80529],[-65.11088,-31.80507],[-65.11157,-31.8044],[-65.1124,-31.80379],[-65.11221,-31.80281],[-65.11127,-31.80325],[-65.11008,-31.80434],[-65.10893,-31.80328],[-65.11107,-31.80229],[-65.11143,-31.80065],[-65.1051,-31.79984],[-65.10422,-31.79893],[-65.10332,-31.79774],[-65.10144,-31.79766],[-65.10011,-31.79814],[-65.09936,-31.79747],[-65.10028,-31.79671],[-65.10006,-31.79585],[-65.0992,-31.79638],[-65.09846,-31.79628],[-65.09831,-31.79565],[-65.0989,-31.79495],[-65.09801,-31.794],[-65.09785,-31.79285],[-65.09901,-31.79364],[-65.09994,-31.79356],[-65.0993,-31.79181],[-65.09726,-31.79074],[-65.09615,-31.79186],[-65.09461,-31.79189],[-65.09422,-31.79263],[-65.09333,-31.79191],[-65.09329,-31.79018],[-65.09233,-31.78911],[-65.09237,-31.78762],[-65.09166,-31.78591],[-65.09176,-31.78476],[-65.09284,-31.7848],[-65.09315,-31.78354],[-65.09244,-31.782],[-65.09189,-31.78138],[-65.09322,-31.78079],[-65.09537,-31.78115],[-65.09629,-31.78022],[-65.09713,-31.77906],[-65.09743,-31.77711],[-65.09503,-31.77491],[-65.094,-31.77665],[-65.09411,-31.77888],[-65.09205,-31.77955],[-65.0906,-31.78054],[-65.0901,-31.78233],[-65.09048,-31.78427],[-65.08943,-31.78526],[-65.08787,-31.78431],[-65.0869,-31.78318],[-65.0885,-31.78281],[-65.08873,-31.78115],[-65.08978,-31.78004],[-65.09056,-31.779],[-65.09151,-31.77658],[-65.09269,-31.77535],[-65.09434,-31.77424],[-65.09639,-31.77266],[-65.09397,-31.77276],[-65.09259,-31.77375],[-65.09097,-31.77309],[-65.09013,-31.77459],[-65.08838,-31.7776],[-65.08631,-31.77792],[-65.08451,-31.77841],[-65.08349,-31.7806],[-65.08448,-31.78288],[-65.08379,-31.78478],[-65.08283,-31.78686],[-65.08309,-31.78753],[-65.08074,-31.78915],[-65.08003,-31.78749],[-65.08018,-31.78591],[-65.08166,-31.78561],[-65.08233,-31.78541],[-65.08269,-31.78412],[-65.08271,-31.78273],[-65.08285,-31.78135],[-65.08186,-31.78194],[-65.08207,-31.78389],[-65.08108,-31.78476],[-65.08031,-31.78449],[-65.0805,-31.7825],[-65.0809,-31.78054],[-65.08154,-31.78037],[-65.08237,-31.77992],[-65.08335,-31.77881],[-65.08393,-31.77718],[-65.08424,-31.77612],[-65.08523,-31.7752],[-65.08552,-31.77347],[-65.08431,-31.77421],[-65.08323,-31.77576],[-65.08222,-31.77582],[-65.08253,-31.77467],[-65.08313,-31.77385],[-65.08406,-31.77307],[-65.08537,-31.77185],[-65.08461,-31.77101],[-65.08478,-31.77087],[-65.08549,-31.76897],[-65.08509,-31.76854],[-65.08595,-31.76675],[-65.08456,-31.76573],[-65.08279,-31.76463],[-65.08326,-31.76378],[-65.08399,-31.76353],[-65.08532,-31.76363],[-65.08589,-31.76249],[-65.08465,-31.7617],[-65.08456,-31.7609],[-65.08499,-31.75994],[-65.08293,-31.75809],[-65.08136,-31.75663],[-65.08061,-31.75643],[-65.07842,-31.7542],[-65.07883,-31.75277],[-65.07898,-31.75209],[-65.07806,-31.75267],[-65.07796,-31.75336],[-65.0773,-31.75309],[-65.07592,-31.75172],[-65.07582,-31.7507],[-65.07678,-31.75008],[-65.07751,-31.75026],[-65.07803,-31.74927],[-65.07737,-31.7492],[-65.07669,-31.74938],[-65.07617,-31.74849],[-65.07707,-31.74833],[-65.07689,-31.74772],[-65.07614,-31.74685],[-65.07596,-31.74453],[-65.0763,-31.74328],[-65.0768,-31.74256],[-65.07622,-31.74203],[-65.07691,-31.74068],[-65.07794,-31.74009],[-65.07792,-31.73902],[-65.07888,-31.73767],[-65.07932,-31.73632],[-65.07929,-31.73503],[-65.08099,-31.73407],[-65.07917,-31.7341],[-65.07824,-31.7346],[-65.07864,-31.73607],[-65.07777,-31.73679],[-65.07663,-31.73735],[-65.0761,-31.73704],[-65.07499,-31.73835],[-65.07345,-31.73744],[-65.07206,-31.73782],[-65.07162,-31.73917],[-65.07075,-31.73998],[-65.06924,-31.73983],[-65.06817,-31.7389],[-65.06935,-31.73869],[-65.07078,-31.73733],[-65.07242,-31.73655],[-65.07517,-31.73339],[-65.07605,-31.72995],[-65.0759,-31.7278],[-65.07473,-31.72707],[-65.0722,-31.72763],[-65.07127,-31.72789],[-65.07163,-31.72746],[-65.07213,-31.72625],[-65.07325,-31.72621],[-65.07523,-31.72441],[-65.07521,-31.72358],[-65.07652,-31.72421],[-65.07745,-31.72387],[-65.07705,-31.7231],[-65.07558,-31.72283],[-65.07494,-31.72218],[-65.07356,-31.72229],[-65.07499,-31.72073]],[[-65.08205,-31.74795],[-65.08227,-31.74664],[-65.08256,-31.74562],[-65.0823,-31.7449],[-65.08253,-31.74281],[-65.08226,-31.74168],[-65.08191,-31.74128],[-65.08095,-31.74239],[-65.08147,-31.74367],[-65.08125,-31.74495],[-65.08037,-31.74604],[-65.08001,-31.74721],[-65.07969,-31.74841],[-65.07993,-31.74987],[-65.07985,-31.751],[-65.08052,-31.75105],[-65.08068,-31.75194],[-65.07992,-31.75237],[-65.08008,-31.75335],[-65.08117,-31.75354],[-65.08253,-31.7534],[-65.08313,-31.75378],[-65.08375,-31.7535],[-65.08345,-31.75249],[-65.08447,-31.75271],[-65.08487,-31.75205],[-65.08551,-31.75112],[-65.08483,-31.75029],[-65.08497,-31.74883],[-65.08427,-31.74869],[-65.08308,-31.74871],[-65.08205,-31.74795]]]},"properties":{"periodo":2022,"dts":"2021-12-18","dte":"2022-12-29","infobs":"incendio"}},
{"type":"Feature","geometry":{"type":"Polygon","coordinates":[[[-65.04848,-31.69133],[-65.04812,-31.69126],[-65.04775,-31.69011],[-65.04703,-31.68845],[-65.04743,-31.68631],[-65.04909,-31.68639],[-65.05011,-31.68747],[-65.05003,-31.68756],[-65.05062,-31.68817],[-65.05234,-31.69153],[-65.05384,-31.69256],[-65.05412,-31.69257],[-65.05483,-31.69319],[-65.05432,-31.69419],[-65.05515,-31.6952],[-65.05702,-31.69556],[-65.05707,-31.69607],[-65.0563,-31.69665],[-65.05479,-31.69581],[-65.054,-31.69588],[-65.0542,-31.69716],[-65.05345,-31.6979],[-65.05345,-31.69873],[-65.05416,-31.69861],[-65.05664,-31.69772],[-65.05807,-31.69798],[-65.05789,-31.69866],[-65.05714,-31.69954],[-65.0572,-31.70036],[-65.05753,-31.70045],[-65.05836,-31.69961],[-65.05869,-31.69987],[-65.05794,-31.70155],[-65.05727,-31.70211],[-65.05759,-31.70216],[-65.05689,-31.70287],[-65.05392,-31.70453],[-65.05238,-31.7037],[-65.05238,-31.70216],[-65.05131,-31.70109],[-65.04843,-31.69221],[-65.04888,-31.69221],[-65.04848,-31.69133]]]},"properties":{"periodo":2022,"dts":"2021-12-18","dte":"2022-12-29","infobs":"incendio"}},
{"type":"Feature","geometry":{"type":"Polygon","coordinates":[[[-65.04837,-31.55965],[-65.048,-31.5581],[-65.04736,-31.54584],[-65.04791,-31.54573],[-65.04837,-31.54497],[-65.04926,-31.5446],[-65.0535,-31.54405],[-65.05307,-31.54271],[-65.05085,-31.5425],[-65.04929,-31.54211],[-65.04886,-31.54077],[-65.04954,-31.54002],[-65.05132,-31.53945],[-65.05267,-31.53851],[-65.05423,-31.53871],[-65.05534,-31.53949],[-65.05576,-31.54121],[-65.05642,-31.54255],[-65.05618,-31.54426],[-65.05817,-31.54504],[-65.05928,-31.546],[-65.05926,-31.54829],[-65.06371,-31.5489],[-65.06551,-31.54777],[-65.06637,-31.54686],[-65.06689,-31.54725],[-65.06712,-31.54814],[-65.06722,-31.54913],[-65.06721,-31.5512],[-65.06742,-31.55209],[-65.06914,-31.55358],[-65.0697,-31.55447],[-65.07016,-31.55536],[-65.07084,-31.55606],[-65.0722,-31.55764],[-65.07288,-31.55873],[-65.07357,-31.55943],[-65.07507,-31.56073],[-65.075,-31.56754],[-65.07182,-31.56776],[-65.06668,-31.56779],[-65.06702,-31.56972],[-65.06597,-31.57157],[-65.0591,-31.57285],[-65.05888,-31.56718],[-65.05888,-31.56617],[-65.05846,-31.56407],[-65.06048,-31.56294],[-65.06095,-31.56008],[-65.06052,-31.55855],[-65.05941,-31.55854],[-65.05827,-31.56102],[-65.05781,-31.56292],[-65.05691,-31.56368],[-65.05511,-31.56462],[-65.05375,-31.56546],[-65.05408,-31.56717],[-65.05152,-31.56764],[-65.05223,-31.5628],[-65.05191,-31.55942],[-65.0504,-31.56224],[-65.0488,-31.56096],[-65.04981,-31.55981],[-65.04837,-31.55965]],[[-65.06895,-31.559],[-65.06473,-31.55909],[-65.06566,-31.56464],[-65.07009,-31.56474],[-65.06895,-31.559]]]},"properties":{"periodo":2022,"dts":"2021-12-18","dte":"2022-12-29","infobs":"incendio"}},
{"type":"Feature","geometry":{"type":"Polygon","coordinates":[[[-65.04749,-31.53567],[-65.04707,-31.53445],[-65.04339,-31.53214],[-65.03868,-31.53091],[-65.03157,-31.52849],[-65.03411,-31.52256],[-65.03707,-31.51793],[-65.03385,-31.51496],[-65.03388,-31.51177],[-65.03854,-31.5067],[-65.03704,-31.50346],[-65.03262,-31.50647],[-65.02986,-31.51158],[-65.02647,-31.5136],[-65.02371,-31.51364],[-65.02401,-31.51004],[-65.02661,-31.50657],[-65.0299,-31.50463],[-65.0312,-31.50257],[-65.0338,-31.49958],[-65.03879,-31.49631],[-65.04246,-31.4938],[-65.04396,-31.49263],[-65.04509,-31.49281],[-65.04726,-31.49432],[-65.04865,-31.49444],[-65.05057,-31.49575],[-65.05085,-31.49751],[-65.05106,-31.49866],[-65.04971,-31.50018],[-65.05037,-31.50152],[-65.04925,-31.50227],[-65.04701,-31.50302],[-65.047,-31.50436],[-65.04877,-31.50513],[-65.05055,-31.50514],[-65.05257,-31.50478],[-65.05345,-31.50479],[-65.05556,-31.50498],[-65.05549,-31.50585],[-65.05559,-31.50717],[-65.05725,-31.50738],[-65.05794,-31.50911],[-65.0578,-31.51155],[-65.05591,-31.51154],[-65.05518,-31.51265],[-65.05411,-31.51305],[-65.0541,-31.51406],[-65.05659,-31.51438],[-65.05717,-31.51601],[-65.05763,-31.51703],[-65.05929,-31.51714],[-65.06033,-31.51918],[-65.06014,-31.51961],[-65.05978,-31.51929],[-65.05821,-31.51908],[-65.05644,-31.51812],[-65.05421,-31.5181],[-65.05331,-31.51847],[-65.05263,-31.51999],[-65.05131,-31.51922],[-65.05087,-31.51788],[-65.05066,-31.51654],[-65.05267,-31.51637],[-65.05247,-31.51484],[-65.05157,-31.51426],[-65.04958,-31.51425],[-65.04756,-31.5148],[-65.04643,-31.51651],[-65.0444,-31.51898],[-65.04195,-31.51915],[-65.03928,-31.51875],[-65.03882,-31.52027],[-65.03947,-31.52162],[-65.04102,-31.52201],[-65.04304,-31.52183],[-65.0437,-31.52222],[-65.04368,-31.52394],[-65.04256,-31.52469],[-65.04144,-31.52507],[-65.04053,-31.52697],[-65.04051,-31.5285],[-65.04162,-31.52927],[-65.04274,-31.52908],[-65.04341,-31.52813],[-65.0441,-31.52642],[-65.04566,-31.52643],[-65.04632,-31.52758],[-65.04608,-31.52892],[-65.04607,-31.52968],[-65.0474,-31.53084],[-65.0494,-31.53104],[-65.04897,-31.52951],[-65.04853,-31.52874],[-65.04833,-31.52702],[-65.04834,-31.52626],[-65.04924,-31.52512],[-65.05013,-31.52475],[-65.05215,-31.52438],[-65.05283,-31.52286],[-65.05439,-31.52249],[-65.05639,-31.52307],[-65.05838,-31.52462],[-65.05994,-31.5252],[-65.06217,-31.52465],[-65.06241,-31.52312],[-65.06198,-31.52121],[-65.06162,-31.52089],[-65.06222,-31.52052],[-65.06293,-31.52032],[-65.06365,-31.5199],[-65.06533,-31.52028],[-65.06554,-31.52124],[-65.06619,-31.52372],[-65.06708,-31.5243],[-65.0675,-31.5264],[-65.0677,-31.52888],[-65.07037,-31.52891],[-65.06997,-31.5247],[-65.07387,-31.52442],[-65.07384,-31.52285],[-65.07601,-31.52188],[-65.07605,-31.52173],[-65.07766,-31.52249],[-65.07775,-31.5235],[-65.07769,-31.52443],[-65.07744,-31.52531],[-65.07733,-31.52628],[-65.07713,-31.52725],[-65.07696,-31.52822],[-65.0769,-31.52915],[-65.07695,-31.53008],[-65.07689,-31.531],[-65.0761,-31.53163],[-65.07549,-31.53243],[-65.07542,-31.53428],[-65.07567,-31.53429],[-65.07636,-31.53514],[-65.08681,-31.53475],[-65.09256,-31.53493],[-65.09259,-31.53969],[-65.09567,-31.54035],[-65.09565,-31.54207],[-65.07849,-31.54195],[-65.07694,-31.5406],[-65.07539,-31.53963],[-65.0734,-31.53828],[-65.07252,-31.53675],[-65.07142,-31.53559],[-65.06919,-31.53539],[-65.06764,-31.5348],[-65.06609,-31.53327],[-65.06409,-31.53268],[-65.06254,-31.53248],[-65.06075,-31.53246],[-65.05875,-31.53225],[-65.0581,-31.53092],[-65.05767,-31.52881],[-65.05701,-31.52805],[-65.05478,-31.5286],[-65.05431,-31.53013],[-65.05342,-31.53012],[-65.05252,-31.53106],[-65.05148,-31.5328],[-65.05429,-31.53279],[-65.0554,-31.53357],[-65.05538,-31.53452],[-65.05515,-31.53567],[-65.05469,-31.53662],[-65.05402,-31.5368],[-65.0518,-31.53641],[-65.05025,-31.53544],[-65.04758,-31.53561],[-65.04749,-31.53567]]]},"properties":{"periodo":2022,"dts":"2021-12-18","dte":"2022-12-29","infobs":"incendio"}},
{"type":"Feature","geometry":{"type":"Polygon","coordinates":[[[-64.5192,-31.40656],[-64.51891,-31.40562],[-64.51807,-31.40489],[-64.51814,-31.40404],[-64.51725,-31.40396],[-64.51855,-31.40309],[-64.51925,-31.40248],[-64.52027,-31.4021],[-64.52119,-31.40181],[-64.52165,-31.40184],[-64.52259,-31.40259],[-64.52309,-31.40313],[-64.52335,-31.40352],[-64.52365,-31.40428],[-64.52372,-31.40465],[-64.52359,-31.40508],[-64.52363,-31.40529],[-64.52335,-31.40578],[-64.52343,-31.40599],[-64.52375,-31.40614],[-64.52373,-31.40699],[-64.52221,-31.40789],[-64.52254,-31.40817],[-64.52269,-31.40883],[-64.52198,-31.40912],[-64.52163,-31.40912],[-64.52109,-31.40882],[-64.52051,-31.40822],[-64.52042,-31.40691],[-64.52021,-31.40682],[-64.51927,-31.40705],[-64.5192,-31.40656]]]},"properties":{"periodo":2022,"dts":"2021-12-18","dte":"2022-12-29","infobs":"incendio"}},
{"type":"Feature","geometry":{"type":"Polygon","coordinates":[[[-64.6269,-31.35765],[-64.62682,-31.35729],[-64.62702,-31.35655],[-64.62684,-31.35588],[-64.62635,-31.35544],[-64.62573,-31.35501],[-64.62559,-31.35456],[-64.62611,-31.35393],[-64.62746,-31.35403],[-64.62817,-31.35421],[-64.6286,-31.35455],[-64.6288,-31.35492],[-64.62927,-31.35498],[-64.62966,-31.35525],[-64.63046,-31.3562],[-64.63021,-31.3565],[-64.63003,-31.35689],[-64.63081,-31.35702],[-64.63154,-31.3575],[-64.63198,-31.3579],[-64.63199,-31.35847],[-64.63263,-31.35862],[-64.63306,-31.35896],[-64.63325,-31.35942],[-64.63368,-31.35892],[-64.63404,-31.35836],[-64.63497,-31.35809],[-64.63549,-31.35777],[-64.63595,-31.35811],[-64.63567,-31.35876],[-64.63541,-31.35905],[-64.63521,-31.35953],[-64.6353,-31.36028],[-64.6352,-31.36045],[-64.63449,-31.36086],[-64.63362,-31.36173],[-64.63186,-31.36254],[-64.63131,-31.36238],[-64.63097,-31.36192],[-64.631,-31.36147],[-64.6309,-31.36109],[-64.63022,-31.36068],[-64.62972,-31.35999],[-64.62947,-31.35952],[-64.62946,-31.35897],[-64.62922,-31.35877],[-64.62866,-31.35878],[-64.62823,-31.3585],[-64.62805,-31.3588],[-64.62757,-31.35841],[-64.6273,-31.35788],[-64.62691,-31.35789],[-64.6269,-31.35765]]]},"properties":{"periodo":2022,"dts":"2021-12-18","dte":"2022-12-29","infobs":"incendio"}},
{"type":"Feature","geometry":{"type":"Polygon","coordinates":[[[-64.99309,-32.18977],[-64.99308,-32.18951],[-64.99338,-32.18935],[-64.99373,-32.1895],[-64.99425,-32.18904],[-64.99505,-32.18893],[-64.99613,-32.18811],[-64.9972,-32.18812],[-64.99826,-32.18804],[-64.99917,-32.18803],[-64.99935,-32.18754],[-64.99961,-32.18721],[-65.00022,-32.18704],[-65.00139,-32.18699],[-65.00053,-32.18752],[-65.00023,-32.18778],[-65.0002,-32.18827],[-65.00037,-32.18875],[-65.00095,-32.18913],[-65.00133,-32.18919],[-65.00166,-32.18876],[-65.0012,-32.18848],[-65.00153,-32.18805],[-65.00175,-32.18753],[-65.00204,-32.18711],[-65.00295,-32.18696],[-65.0039,-32.18692],[-65.00433,-32.18743],[-65.00446,-32.18794],[-65.00393,-32.18831],[-65.00321,-32.18838],[-65.00272,-32.18836],[-65.00242,-32.18865],[-65.00243,-32.1893],[-65.00232,-32.18953],[-65.00149,-32.18967],[-65.00134,-32.18996],[-65.00093,-32.1901],[-65.00017,-32.19014],[-64.99945,-32.19012],[-64.99915,-32.19049],[-64.9992,-32.19113],[-64.99913,-32.19139],[-64.99834,-32.19176],[-64.99831,-32.19211],[-64.99907,-32.19223],[-64.9992,-32.19262],[-64.99882,-32.19301],[-64.99849,-32.19321],[-64.9972,-32.1933],[-64.99681,-32.19321],[-64.99638,-32.19273],[-64.99621,-32.19166],[-64.99611,-32.19047],[-64.99553,-32.19032],[-64.99537,-32.1897],[-64.99484,-32.18984],[-64.99416,-32.18998],[-64.99343,-32.1899],[-64.99309,-32.18977]]]},"properties":{"periodo":2022,"dts":"2021-12-18","dte":"2022-12-29","infobs":"incendio"}},
{"type":"Feature","geometry":{"type":"Polygon","coordinates":[[[-64.95271,-31.35819],[-64.95525,-31.35647],[-64.95633,-31.35587],[-64.95758,-31.35558],[-64.959,-31.35544],[-64.96007,-31.35529],[-64.96097,-31.35469],[-64.96098,-31.35377],[-64.96063,-31.35286],[-64.96011,-31.35194],[-64.96012,-31.35102],[-64.9603,-31.35011],[-64.96069,-31.34782],[-64.96123,-31.34691],[-64.96229,-31.34737],[-64.96298,-31.34921],[-64.96297,-31.35028],[-64.96314,-31.3512],[-64.96313,-31.35226],[-64.96294,-31.35318],[-64.96293,-31.3541],[-64.96363,-31.35502],[-64.96471,-31.35457],[-64.96614,-31.35305],[-64.96704,-31.35229],[-64.96811,-31.35246],[-64.96917,-31.35293],[-64.97057,-31.35446],[-64.97071,-31.35428],[-64.9719,-31.3541],[-64.97186,-31.35424],[-64.9723,-31.35475],[-64.97313,-31.35551],[-64.97244,-31.35634],[-64.97125,-31.35689],[-64.96907,-31.35739],[-64.96871,-31.35776],[-64.96973,-31.35855],[-64.96994,-31.35866],[-64.97128,-31.35866],[-64.97085,-31.35903],[-64.97045,-31.35908],[-64.97034,-31.35935],[-64.96944,-31.35995],[-64.96873,-31.36086],[-64.96836,-31.36192],[-64.96769,-31.36329],[-64.96741,-31.36272],[-64.96744,-31.36171],[-64.96618,-31.36066],[-64.96498,-31.36113],[-64.96444,-31.36145],[-64.964,-31.36294],[-64.96313,-31.36406],[-64.96244,-31.36439],[-64.96225,-31.36423],[-64.96265,-31.36356],[-64.96409,-31.36204],[-64.9641,-31.36113],[-64.96358,-31.36006],[-64.96251,-31.3602],[-64.96144,-31.36019],[-64.96037,-31.36003],[-64.95931,-31.35956],[-64.95825,-31.35925],[-64.95718,-31.35924],[-64.95611,-31.35953],[-64.95396,-31.36043],[-64.95309,-31.36042],[-64.95313,-31.35935],[-64.95271,-31.35819]]]},"properties":{"periodo":2022,"dts":"2021-12-18","dte":"2022-12-29","infobs":"incendio"}},
{"type":"Feature","geometry":{"type":"Polygon","coordinates":[[[-64.97703,-31.33396],[-64.97587,-31.33518],[-64.97395,-31.33647],[-64.9728,-31.33696],[-64.97166,-31.33695],[-64.9709,-31.33612],[-64.9713,-31.33515],[-64.97169,-31.33482],[-64.97335,-31.33462],[-64.97553,-31.33443],[-64.97703,-31.33396]]]},"properties":{"periodo":2022,"dts":"2021-12-18","dte":"2022-12-29","infobs":"incendio"}},
{"type":"Feature","geometry":{"type":"Polygon","coordinates":[[[-64.97884,-31.34186],[-64.97849,-31.33978],[-64.97852,-31.33684],[-64.97893,-31.33488],[-64.97894,-31.3339],[-64.97869,-31.33354],[-64.98,-31.33361],[-64.9802,-31.33413],[-64.9802,-31.33595],[-64.98014,-31.33692],[-64.98081,-31.33947],[-64.98087,-31.34099],[-64.97884,-31.34186]]]},"properties":{"periodo":2022,"dts":"2021-12-18","dte":"2022-12-29","infobs":"incendio"}},
{"type":"Feature","geometry":{"type":"Polygon","coordinates":[[[-64.96481,-31.32154],[-64.96534,-31.32115],[-64.96625,-31.31987],[-64.96679,-31.31939],[-64.96789,-31.32127],[-64.96861,-31.32084],[-64.96825,-31.31975],[-64.96846,-31.3196],[-64.96937,-31.32008],[-64.9705,-31.32025],[-64.97082,-31.32026],[-64.96952,-31.32096],[-64.96916,-31.32169],[-64.97019,-31.32327],[-64.97031,-31.32454],[-64.97022,-31.32471],[-64.9695,-31.32433],[-64.96818,-31.32383],[-64.96629,-31.32284],[-64.96481,-31.32154]]]},"properties":{"periodo":2022,"dts":"2021-12-18","dte":"2022-12-29","infobs":"incendio"}},
{"type":"Feature","geometry":{"type":"Polygon","coordinates":[[[-64.96806,-31.31836],[-64.9671,-31.31714],[-64.96685,-31.31635],[-64.96785,-31.3151],[-64.96833,-31.31628],[-64.96831,-31.31728],[-64.96806,-31.31836]]]},"properties":{"periodo":2022,"dts":"2021-12-18","dte":"2022-12-29","infobs":"incendio"}},
{"type":"Feature","geometry":{"type":"Polygon","coordinates":[[[-64.96521,-31.31828],[-64.96442,-31.31742],[-64.96406,-31.31541],[-64.96338,-31.31425],[-64.96346,-31.31417],[-64.96425,-31.31411],[-64.96522,-31.31496],[-64.96552,-31.31587],[-64.96582,-31.31793],[-64.96521,-31.31828]]]},"properties":{"periodo":2022,"dts":"2021-12-18","dte":"2022-12-29","infobs":"incendio"}},
{"type":"Feature","geometry":{"type":"Polygon","coordinates":[[[-64.56484,-30.97808],[-64.56605,-30.97838],[-64.56616,-30.9785],[-64.56389,-30.97879],[-64.56484,-30.97808]]]},"properties":{"periodo":2022,"dts":"2021-12-18","dte":"2022-12-29","infobs":"incendio"}},
{"type":"Feature","geometry":{"type":"Polygon","coordinates":[[[-64.557,-30.9787],[-64.55684,-30.97853],[-64.5588,-30.978],[-64.56009,-30.97853],[-64.56137,-30.97876],[-64.562,-30.97903],[-64.55871,-30.97945],[-64.557,-30.9787]]]},"properties":{"periodo":2022,"dts":"2021-12-18","dte":"2022-12-29","infobs":"incendio"}},
{"type":"Feature","geometry":{"type":"Polygon","coordinates":[[[-64.58925,-30.97812],[-64.59046,-30.97723],[-64.59093,-30.97613],[-64.59104,-30.97489],[-64.59095,-30.97418],[-64.59179,-30.974],[-64.59262,-30.97423],[-64.59323,-30.97543],[-64.59292,-30.97679],[-64.59428,-30.9774],[-64.59508,-30.97747],[-64.59606,-30.97863],[-64.59595,-30.97929],[-64.59486,-30.97888],[-64.59374,-30.97875],[-64.59277,-30.97971],[-64.59395,-30.98045],[-64.59386,-30.98119],[-64.59286,-30.98207],[-64.59163,-30.98156],[-64.59083,-30.98152],[-64.59052,-30.98217],[-64.58949,-30.98117],[-64.58905,-30.98184],[-64.58954,-30.98268],[-64.58857,-30.98348],[-64.5877,-30.9839],[-64.58734,-30.9834],[-64.58632,-30.98263],[-64.58526,-30.98294],[-64.58511,-30.98391],[-64.58462,-30.9847],[-64.58407,-30.98505],[-64.58339,-30.9857],[-64.58372,-30.98631],[-64.58477,-30.9857],[-64.58631,-30.98509],[-64.58751,-30.98557],[-64.58744,-30.98629],[-64.58829,-30.98766],[-64.58857,-30.98848],[-64.58784,-30.98911],[-64.58888,-30.98907],[-64.58964,-30.98851],[-64.59076,-30.98857],[-64.59136,-30.98776],[-64.59122,-30.98716],[-64.59209,-30.98713],[-64.59312,-30.98767],[-64.59399,-30.98722],[-64.59459,-30.98655],[-64.59528,-30.98661],[-64.59542,-30.98887],[-64.59561,-30.9894],[-64.59523,-30.99111],[-64.58583,-30.98979],[-64.57716,-30.98864],[-64.57543,-30.98711],[-64.57547,-30.98627],[-64.57606,-30.98577],[-64.57668,-30.98492],[-64.57633,-30.98475],[-64.5758,-30.98471],[-64.57555,-30.98446],[-64.57557,-30.98402],[-64.57637,-30.98282],[-64.57679,-30.9831],[-64.57679,-30.98348],[-64.57751,-30.98387],[-64.57771,-30.98367],[-64.57759,-30.98305],[-64.57767,-30.98247],[-64.5778,-30.98227],[-64.5783,-30.98228],[-64.57851,-30.98209],[-64.57895,-30.98206],[-64.57862,-30.98124],[-64.57827,-30.98065],[-64.57804,-30.98046],[-64.57835,-30.98004],[-64.57703,-30.9795],[-64.57679,-30.97814],[-64.57594,-30.97646],[-64.57539,-30.97637],[-64.57586,-30.97611],[-64.57662,-30.97687],[-64.57866,-30.97649],[-64.58017,-30.97694],[-64.5816,-30.97664],[-64.58296,-30.97604],[-64.58432,-30.97589],[-64.58598,-30.97551],[-64.58726,-30.97528],[-64.58769,-30.97503],[-64.58817,-30.97536],[-64.58863,-30.97588],[-64.58779,-30.97678],[-64.58703,-30.97716],[-64.58632,-30.97788],[-64.58705,-30.97829],[-64.58925,-30.97812]],[[-64.5817,-30.98036],[-64.58118,-30.98],[-64.58039,-30.97968],[-64.57978,-30.97974],[-64.57951,-30.98032],[-64.57938,-30.98078],[-64.57974,-30.98164],[-64.58004,-30.98174],[-64.58028,-30.98161],[-64.58098,-30.982],[-64.58121,-30.98279],[-64.5821,-30.98326],[-64.58274,-30.98297],[-64.58301,-30.98255],[-64.58359,-30.98217],[-64.58442,-30.98172],[-64.5852,-30.9819],[-64.58554,-30.98179],[-64.58546,-30.98104],[-64.58525,-30.98097],[-64.58468,-30.98108],[-64.58407,-30.98092],[-64.58327,-30.98128],[-64.583,-30.98076],[-64.58172,-30.98096],[-64.5817,-30.98036]]]},"properties":{"periodo":2022,"dts":"2021-12-18","dte":"2022-12-29","infobs":"incendio"}},
{"type":"Feature","geometry":{"type":"Polygon","coordinates":[[[-64.50898,-30.95797],[-64.50947,-30.95782],[-64.50992,-30.9576],[-64.51034,-30.95751],[-64.51196,-30.95748],[-64.51245,-30.95773],[-64.5107,-30.95863],[-64.50965,-30.95878],[-64.50945,-30.95976],[-64.51058,-30.95969],[-64.51305,-30.95972],[-64.51306,-30.96177],[-64.51368,-30.96213],[-64.5142,-30.96227],[-64.5142,-30.96266],[-64.51385,-30.96328],[-64.51318,-30.96389],[-64.5125,-30.96429],[-64.51262,-30.96456],[-64.51173,-30.96531],[-64.5108,-30.9659],[-64.51047,-30.96575],[-64.50998,-30.96514],[-64.50994,-30.96489],[-64.50971,-30.96475],[-64.50913,-30.96476],[-64.50816,-30.96465],[-64.50799,-30.96426],[-64.50776,-30.96401],[-64.50714,-30.96376],[-64.50695,-30.96354],[-64.5063,-30.96343],[-64.50669,-30.96312],[-64.50665,-30.96281],[-64.50574,-30.96243],[-64.50515,-30.96201],[-64.50518,-30.96165],[-64.50553,-30.96056],[-64.5055,-30.96025],[-64.5053,-30.95986],[-64.50536,-30.9595],[-64.50568,-30.95916],[-64.50531,-30.95901],[-64.50569,-30.95882],[-64.50633,-30.95828],[-64.50726,-30.958],[-64.50775,-30.95761],[-64.5082,-30.95766],[-64.50849,-30.95794],[-64.50898,-30.95797]]]},"properties":{"periodo":2022,"dts":"2021-12-18","dte":"2022-12-29","infobs":"incendio"}},
{"type":"Feature","geometry":{"type":"Polygon","coordinates":[[[-65.07129,-31.57486],[-65.07238,-31.57469],[-65.07278,-31.57655],[-65.08477,-31.57654],[-65.08498,-31.57626],[-65.08866,-31.57631],[-65.08861,-31.58204],[-65.07478,-31.58251],[-65.07519,-31.58519],[-65.07585,-31.58672],[-65.07762,-31.58826],[-65.07894,-31.58999],[-65.07909,-31.59015],[-65.07879,-31.59109],[-65.07788,-31.59177],[-65.07536,-31.59389],[-65.07353,-31.59297],[-65.07089,-31.59459],[-65.06834,-31.59263],[-65.06915,-31.59132],[-65.06686,-31.58986],[-65.06546,-31.58723],[-65.06506,-31.58409],[-65.06451,-31.58202],[-65.06209,-31.5807],[-65.06196,-31.57904],[-65.06313,-31.57855],[-65.06612,-31.57806],[-65.06582,-31.57694],[-65.06815,-31.57636],[-65.06972,-31.57599],[-65.07105,-31.576],[-65.07129,-31.57486]]]},"properties":{"periodo":2022,"dts":"2021-12-18","dte":"2022-12-29","infobs":"incendio"}},
{"type":"Feature","geometry":{"type":"Polygon","coordinates":[[[-64.65227,-31.52863],[-64.65261,-31.52827],[-64.65276,-31.52693],[-64.65346,-31.52731],[-64.65365,-31.52823],[-64.65442,-31.52837],[-64.65536,-31.52838],[-64.65645,-31.52906],[-64.6572,-31.52967],[-64.65664,-31.52983],[-64.65719,-31.53108],[-64.65831,-31.53142],[-64.65772,-31.53187],[-64.65643,-31.53156],[-64.65595,-31.5322],[-64.65522,-31.53232],[-64.6542,-31.53174],[-64.65188,-31.53055],[-64.65083,-31.52982],[-64.65005,-31.52956],[-64.64931,-31.52903],[-64.64916,-31.52841],[-64.65031,-31.52818],[-64.65101,-31.52871],[-64.65127,-31.52927],[-64.65183,-31.5293],[-64.65227,-31.52863]]]},"properties":{"periodo":2022,"dts":"2021-12-18","dte":"2022-12-29","infobs":"incendio"}},
{"type":"Feature","geometry":{"type":"Polygon","coordinates":[[[-64.67319,-31.53012],[-64.67318,-31.5295],[-64.67234,-31.52897],[-64.67187,-31.52823],[-64.67193,-31.52763],[-64.67251,-31.52688],[-64.67285,-31.52628],[-64.67325,-31.52571],[-64.6738,-31.52528],[-64.67423,-31.52566],[-64.67372,-31.52656],[-64.67339,-31.52749],[-64.6734,-31.52827],[-64.67379,-31.52868],[-64.67415,-31.5293],[-64.6742,-31.52996],[-64.67386,-31.5302],[-64.67319,-31.53012]]]},"properties":{"periodo":2022,"dts":"2021-12-18","dte":"2022-12-29","infobs":"incendio"}},
{"type":"Feature","geometry":{"type":"Polygon","coordinates":[[[-65.07243,-31.50587],[-65.07221,-31.50445],[-65.0727,-31.50293],[-65.07376,-31.50269],[-65.07388,-31.50638],[-65.07253,-31.50657],[-65.07195,-31.50691],[-65.07197,-31.50808],[-65.07305,-31.50814],[-65.07385,-31.50921],[-65.07395,-31.50955],[-65.07026,-31.50969],[-65.0694,-31.51062],[-65.06897,-31.51321],[-65.06938,-31.51404],[-65.07009,-31.51511],[-65.07146,-31.51576],[-65.07128,-31.51643],[-65.0716,-31.51749],[-65.06915,-31.51764],[-65.06759,-31.51763],[-65.06598,-31.51775],[-65.06438,-31.51708],[-65.06261,-31.51646],[-65.06275,-31.51402],[-65.0629,-31.51098],[-65.06352,-31.50855],[-65.06353,-31.50747],[-65.06456,-31.50849],[-65.06612,-31.50755],[-65.06615,-31.50564],[-65.06902,-31.50444],[-65.07094,-31.50308],[-65.07162,-31.50363],[-65.07162,-31.50475],[-65.07184,-31.50627],[-65.07243,-31.50587]]]},"properties":{"periodo":2022,"dts":"2021-12-18","dte":"2022-12-29","infobs":"incendio"}},
{"type":"Feature","geometry":{"type":"Polygon","coordinates":[[[-64.52764,-31.50095],[-64.52805,-31.50059],[-64.52813,-31.49997],[-64.52837,-31.49948],[-64.52873,-31.49927],[-64.5292,-31.4994],[-64.52947,-31.50024],[-64.52915,-31.50112],[-64.52862,-31.5011],[-64.52857,-31.50151],[-64.52904,-31.50153],[-64.52951,-31.50126],[-64.53016,-31.50178],[-64.53031,-31.50271],[-64.53012,-31.50297],[-64.52945,-31.50274],[-64.52909,-31.50251],[-64.5287,-31.50285],[-64.52834,-31.50302],[-64.52821,-31.50333],[-64.52838,-31.50349],[-64.52794,-31.50374],[-64.52711,-31.50275],[-64.52696,-31.50208],[-64.52671,-31.50192],[-64.5261,-31.50238],[-64.52577,-31.50226],[-64.52534,-31.50188],[-64.52506,-31.50139],[-64.52544,-31.50114],[-64.52592,-31.5013],[-64.52692,-31.50101],[-64.52734,-31.50131],[-64.52764,-31.50095]]]},"properties":{"periodo":2022,"dts":"2021-12-18","dte":"2022-12-29","infobs":"incendio"}},
{"type":"Feature","geometry":{"type":"Polygon","coordinates":[[[-65.09543,-30.99387],[-65.09625,-30.99406],[-65.09794,-30.99464],[-65.09839,-30.99474],[-65.09895,-30.99505],[-65.09948,-30.9948],[-65.10014,-30.99463],[-65.10113,-30.9948],[-65.10167,-30.99463],[-65.10216,-30.99484],[-65.10293,-30.99538],[-65.10365,-30.99544],[-65.10375,-30.99585],[-65.1021,-30.99653],[-65.10309,-30.99719],[-65.10344,-30.997],[-65.1034,-30.99657],[-65.10373,-30.99624],[-65.10441,-30.996],[-65.10513,-30.99595],[-65.10534,-30.99614],[-65.10575,-30.99628],[-65.10671,-30.99593],[-65.10727,-30.99622],[-65.10774,-30.9967],[-65.10814,-30.99696],[-65.10878,-30.99686],[-65.10892,-30.99721],[-65.10933,-30.99744],[-65.10917,-30.99768],[-65.10882,-30.99773],[-65.10863,-30.99804],[-65.10915,-30.99808],[-65.10952,-30.99779],[-65.11034,-30.99777],[-65.11112,-30.99758],[-65.11156,-30.99803],[-65.11201,-30.99826],[-65.1117,-30.99861],[-65.11141,-30.99878],[-65.11083,-30.99954],[-65.10828,-31.0004],[-65.10832,-31.00009],[-65.10764,-31.00028],[-65.10717,-31.00014],[-65.10684,-31.00016],[-65.10667,-31.00036],[-65.10626,-31.00055],[-65.10595,-31.00036],[-65.1056,-31.00053],[-65.10529,-31.00051],[-65.10486,-30.99972],[-65.10466,-30.99989],[-65.1047,-31.00069],[-65.10443,-31.00094],[-65.10404,-31.00077],[-65.10377,-31.00042],[-65.10323,-31.00032],[-65.10255,-31.00038],[-65.10241,-31.00078],[-65.10214,-31.00112],[-65.10192,-31.00111],[-65.10111,-31.00067],[-65.1008,-31.00034],[-65.10066,-31.00047],[-65.10012,-31.00036],[-65.09961,-31.00005],[-65.0994,-30.99962],[-65.09948,-30.99927],[-65.10004,-30.99865],[-65.09942,-30.99888],[-65.09893,-30.99954],[-65.09883,-30.99983],[-65.09843,-31.00025],[-65.09594,-30.9988],[-65.09473,-30.99411],[-65.09543,-30.99387]]]},"properties":{"periodo":2022,"dts":"2021-01-20","dte":"2022-12-20","infobs":"incendio"}},
{"type":"Feature","geometry":{"type":"Polygon","coordinates":[[[-65.42888,-30.99076],[-65.42943,-30.99039],[-65.43114,-30.99092],[-65.43193,-30.99061],[-65.4331,-30.99041],[-65.43416,-30.99129],[-65.4348,-30.99208],[-65.43626,-30.99223],[-65.43641,-30.99319],[-65.43737,-30.99335],[-65.43807,-30.99467],[-65.43607,-30.99417],[-65.43518,-30.99467],[-65.43423,-30.99415],[-65.43336,-30.99375],[-65.43176,-30.99351],[-65.43126,-30.99435],[-65.4305,-30.99458],[-65.42955,-30.99388],[-65.42964,-30.99328],[-65.42983,-30.99253],[-65.42963,-30.99176],[-65.42888,-30.99076]]]},"properties":{"periodo":2022,"dts":"2021-01-20","dte":"2022-12-20","infobs":"incendio"}},
{"type":"Feature","geometry":{"type":"Polygon","coordinates":[[[-65.17134,-31.74716],[-65.17251,-31.74692],[-65.17387,-31.74702],[-65.17442,-31.74796],[-65.17473,-31.74889],[-65.17503,-31.74962],[-65.17447,-31.74999],[-65.17405,-31.7504],[-65.17441,-31.75073],[-65.17446,-31.75112],[-65.17402,-31.7517],[-65.17384,-31.75165],[-65.17291,-31.75217],[-65.1725,-31.75304],[-65.17241,-31.7535],[-65.1715,-31.75409],[-65.17121,-31.75382],[-65.17139,-31.75248],[-65.17089,-31.75213],[-65.17075,-31.75243],[-65.17011,-31.75253],[-65.1701,-31.75208],[-65.16956,-31.7519],[-65.16876,-31.75262],[-65.16819,-31.75272],[-65.16768,-31.75206],[-65.16798,-31.75135],[-65.16864,-31.75061],[-65.16946,-31.74914],[-65.17019,-31.74812],[-65.17134,-31.74716]],[[-65.17214,-31.74952],[-65.1725,-31.74942],[-65.17331,-31.74934],[-65.17373,-31.74903],[-65.17359,-31.74816],[-65.17311,-31.74804],[-65.17297,-31.74853],[-65.17274,-31.74896],[-65.17224,-31.74897],[-65.17197,-31.74842],[-65.17113,-31.74877],[-65.17121,-31.74932],[-65.17165,-31.74962],[-65.17214,-31.74952]]]},"properties":{"periodo":2022,"dts":"2021-01-20","dte":"2022-12-20","infobs":"incendio"}},
{"type":"Feature","geometry":{"type":"Polygon","coordinates":[[[-65.05408,-31.56717],[-65.05422,-31.56788],[-65.05505,-31.56963],[-65.05539,-31.57066],[-65.05473,-31.57379],[-65.05512,-31.57578],[-65.05432,-31.57683],[-65.0532,-31.57758],[-65.05251,-31.57911],[-65.05249,-31.58166],[-65.05146,-31.58201],[-65.04851,-31.58092],[-65.04914,-31.58277],[-65.05102,-31.58467],[-65.05004,-31.58576],[-65.04915,-31.58728],[-65.05127,-31.58832],[-65.05428,-31.58848],[-65.05465,-31.5902],[-65.05218,-31.59188],[-65.04899,-31.59136],[-65.04769,-31.59317],[-65.04706,-31.59483],[-65.04508,-31.59622],[-65.04359,-31.59689],[-65.04278,-31.59404],[-65.04013,-31.59143],[-65.03902,-31.59091],[-65.03826,-31.58764],[-65.03695,-31.58611],[-65.03517,-31.58419],[-65.03427,-31.58278],[-65.0342,-31.5813],[-65.03512,-31.58196],[-65.03482,-31.58065],[-65.03367,-31.57969],[-65.0331,-31.57877],[-65.03148,-31.57778],[-65.02756,-31.57595],[-65.02617,-31.57666],[-65.02493,-31.57794],[-65.02279,-31.57803],[-65.02046,-31.57853],[-65.01896,-31.57729],[-65.01763,-31.57777],[-65.01638,-31.57865],[-65.01735,-31.58012],[-65.01865,-31.58165],[-65.02005,-31.5814],[-65.0212,-31.58178],[-65.01995,-31.58272],[-65.02143,-31.58321],[-65.02261,-31.58508],[-65.02384,-31.58621],[-65.02502,-31.58499],[-65.02393,-31.58403],[-65.02407,-31.58156],[-65.02496,-31.57943],[-65.02655,-31.57855],[-65.02786,-31.57721],[-65.03144,-31.57898],[-65.03281,-31.58039],[-65.03359,-31.5809],[-65.03328,-31.58331],[-65.03472,-31.58529],[-65.03186,-31.58574],[-65.03328,-31.58674],[-65.03488,-31.58609],[-65.03748,-31.58891],[-65.03799,-31.59043],[-65.03776,-31.59032],[-65.03516,-31.58994],[-65.0362,-31.59171],[-65.03893,-31.59432],[-65.03982,-31.59659],[-65.03986,-31.59852],[-65.03734,-31.59799],[-65.03589,-31.59658],[-65.03292,-31.59463],[-65.03001,-31.59539],[-65.03005,-31.59746],[-65.02888,-31.59755],[-65.02684,-31.59608],[-65.02628,-31.59717],[-65.02538,-31.59797],[-65.02293,-31.597],[-65.01913,-31.5952],[-65.01747,-31.59573],[-65.01621,-31.59546],[-65.01447,-31.59425],[-65.01651,-31.59318],[-65.01723,-31.59196],[-65.01645,-31.59053],[-65.01549,-31.58935],[-65.01069,-31.58814],[-65.00929,-31.5884],[-65.00819,-31.58962],[-65.00759,-31.59188],[-65.00761,-31.59281],[-65.00495,-31.59306],[-65.00405,-31.59128],[-65.0053,-31.59074],[-65.00527,-31.58949],[-65.00461,-31.58783],[-65.00311,-31.58624],[-65.00338,-31.58552],[-65.0049,-31.58532],[-65.00446,-31.58419],[-65.00222,-31.58375],[-65.00074,-31.58264],[-65.00134,-31.58167],[-64.99999,-31.5805],[-65.00066,-31.57912],[-64.99979,-31.5777],[-64.99713,-31.57708],[-64.99474,-31.57617],[-64.9929,-31.5713],[-64.99342,-31.56956],[-64.99598,-31.56881],[-64.9987,-31.56912],[-64.99995,-31.56857],[-65.00148,-31.56866],[-65.00426,-31.56832],[-65.00326,-31.5672],[-65.0017,-31.56603],[-65.00371,-31.56535],[-65.00515,-31.56431],[-65.00416,-31.56367],[-65.00392,-31.56194],[-65.00182,-31.56156],[-65.00132,-31.56097],[-65.00038,-31.55955],[-64.99971,-31.55741],[-65.00051,-31.55603],[-65.00055,-31.55448],[-64.99859,-31.55421],[-64.99627,-31.55311],[-64.99505,-31.55158],[-64.9924,-31.5512],[-64.99115,-31.55152],[-64.99098,-31.55308],[-64.99015,-31.55369],[-64.98898,-31.55424],[-64.98775,-31.55521],[-64.98853,-31.55598],[-64.99029,-31.55667],[-64.99258,-31.55633],[-64.99343,-31.5571],[-64.99535,-31.55891],[-64.99656,-31.56027],[-64.99531,-31.56041],[-64.99327,-31.55948],[-64.99254,-31.56117],[-64.99535,-31.56208],[-64.99699,-31.56384],[-64.99639,-31.56534],[-64.99383,-31.56592],[-64.99145,-31.56536],[-64.99051,-31.5674],[-64.99112,-31.56978],[-64.99245,-31.57316],[-64.99385,-31.5766],[-64.99444,-31.57844],[-64.99647,-31.57888],[-64.99698,-31.57971],[-64.99567,-31.58033],[-64.99569,-31.58146],[-64.99759,-31.58209],[-64.99789,-31.58346],[-64.99744,-31.58513],[-64.99817,-31.58644],[-64.9999,-31.58593],[-65.00132,-31.58734],[-65.00311,-31.58934],[-65.00291,-31.59032],[-65.00172,-31.59075],[-64.9993,-31.591],[-64.99908,-31.59222],[-65.00012,-31.59407],[-64.99733,-31.59648],[-64.99458,-31.59731],[-64.99082,-31.59751],[-64.98882,-31.5979],[-64.98796,-31.59662],[-64.98695,-31.59618],[-64.99161,-31.58837],[-64.99033,-31.57882],[-64.98428,-31.55789],[-64.98157,-31.55071],[-64.9849,-31.54405],[-64.98575,-31.54415],[-64.98787,-31.54309],[-64.98883,-31.54112],[-64.99127,-31.53954],[-64.99349,-31.53985],[-64.99517,-31.54057],[-64.99689,-31.53951],[-64.99869,-31.53925],[-64.9987,-31.53994],[-64.99679,-31.54106],[-64.99475,-31.54269],[-64.99364,-31.54408],[-64.99494,-31.54538],[-64.99667,-31.54518],[-64.99807,-31.54493],[-64.99837,-31.54619],[-64.99685,-31.54718],[-64.99768,-31.54855],[-64.99884,-31.54973],[-64.99983,-31.54909],[-64.9986,-31.54756],[-64.99937,-31.54629],[-64.99913,-31.54406],[-64.99759,-31.54408],[-64.99663,-31.54329],[-64.99809,-31.54275],[-65.00037,-31.54295],[-65.00141,-31.54167],[-65.00231,-31.5396],[-65.00329,-31.53861],[-65.005,-31.53738],[-65.00598,-31.53622],[-65.00405,-31.53642],[-65.0035,-31.53591],[-65.00526,-31.53394],[-65.00705,-31.53305],[-65.00851,-31.53268],[-65.00822,-31.53148],[-65.00706,-31.53064],[-65.00623,-31.529],[-65.00753,-31.52737],[-65.00795,-31.52536],[-65.00887,-31.52431],[-65.01157,-31.5225],[-65.01313,-31.52047],[-65.01584,-31.51905],[-65.01281,-31.51772],[-65.01015,-31.5157],[-65.00819,-31.51757],[-65.00655,-31.51902],[-65.0073,-31.51959],[-65.00994,-31.51834],[-65.01077,-31.51936],[-65.00913,-31.52116],[-65.00771,-31.5233],[-65.00549,-31.52276],[-65.0037,-31.52325],[-65.00392,-31.52428],[-65.00613,-31.52447],[-65.00369,-31.52611],[-65.00018,-31.5276],[-64.99831,-31.52792],[-64.99895,-31.52642],[-64.99733,-31.52564],[-64.99664,-31.52548],[-64.99705,-31.52348],[-64.99838,-31.5228],[-65.00072,-31.52129],[-65.00126,-31.51966],[-65.00231,-31.51873],[-65.00464,-31.51623],[-65.00501,-31.51433],[-65.00415,-31.51237],[-65.0042,-31.51125],[-65.00529,-31.51207],[-65.00691,-31.51121],[-65.00759,-31.51232],[-65.00947,-31.51166],[-65.01008,-31.50982],[-65.01127,-31.5079],[-65.01074,-31.50601],[-65.00884,-31.50548],[-65.00648,-31.50643],[-65.00492,-31.50652],[-65.00506,-31.50519],[-65.0062,-31.50454],[-65.00887,-31.50295],[-65.01084,-31.50306],[-65.01162,-31.501],[-65.01291,-31.49993],[-65.01391,-31.5009],[-65.01573,-31.50136],[-65.01545,-31.49961],[-65.01649,-31.49474],[-65.02035,-31.49489],[-65.02136,-31.49621],[-65.02203,-31.49474],[-65.02259,-31.49393],[-65.0255,-31.49339],[-65.02441,-31.49232],[-65.02478,-31.49131],[-65.0269,-31.49078],[-65.02678,-31.48961],[-65.02993,-31.48989],[-65.03159,-31.49077],[-65.03262,-31.48928],[-65.03556,-31.48846],[-65.03861,-31.48897],[-65.03792,-31.49131],[-65.03861,-31.49284],[-65.04025,-31.49282],[-65.04103,-31.49076],[-65.04216,-31.49032],[-65.04311,-31.49249],[-65.04396,-31.49263],[-65.04246,-31.4938],[-65.03879,-31.49631],[-65.0338,-31.49958],[-65.0312,-31.50257],[-65.0299,-31.50463],[-65.02661,-31.50657],[-65.02401,-31.51004],[-65.02371,-31.51364],[-65.02647,-31.5136],[-65.02986,-31.51158],[-65.03262,-31.50647],[-65.03704,-31.50346],[-65.03854,-31.5067],[-65.03388,-31.51177],[-65.03385,-31.51496],[-65.03707,-31.51793],[-65.03411,-31.52256],[-65.03157,-31.52849],[-65.03868,-31.53091],[-65.04339,-31.53214],[-65.04707,-31.53445],[-65.04749,-31.53567],[-65.04511,-31.53731],[-65.04375,-31.53844],[-65.04372,-31.54207],[-65.04394,-31.54265],[-65.04526,-31.54323],[-65.04637,-31.54438],[-65.04702,-31.54591],[-65.04736,-31.54584],[-65.048,-31.5581],[-65.04837,-31.55965],[-65.04705,-31.5595],[-65.04732,-31.56089],[-65.04793,-31.56259],[-65.04826,-31.56476],[-65.04858,-31.56825],[-65.0514,-31.56846],[-65.05152,-31.56764],[-65.05408,-31.56717]],[[-65.01905,-31.54575],[-65.01799,-31.54605],[-65.0181,-31.54811],[-65.01718,-31.5491],[-65.01553,-31.54993],[-65.01603,-31.55152],[-65.01743,-31.55116],[-65.01793,-31.5527],[-65.01728,-31.55374],[-65.01801,-31.55636],[-65.02014,-31.55616],[-65.02104,-31.55729],[-65.02254,-31.55847],[-65.02394,-31.55856],[-65.02557,-31.55956],[-65.02763,-31.56188],[-65.02907,-31.56065],[-65.02851,-31.55963],[-65.02917,-31.55928],[-65.0289,-31.55814],[-65.02768,-31.55816],[-65.02628,-31.55835],[-65.02486,-31.55786],[-65.02326,-31.55771],[-65.02237,-31.55727],[-65.02214,-31.55589],[-65.02284,-31.55422],[-65.02296,-31.55319],[-65.02153,-31.55235],[-65.02095,-31.55036],[-65.01993,-31.54917],[-65.02002,-31.54739],[-65.01905,-31.54575]]]},"properties":{"periodo":2022,"dts":"2021-12-18","dte":"2022-12-29","infobs":"incendio"}},
{"type":"Feature","geometry":{"type":"Polygon","coordinates":[[[-64.57311,-31.37357],[-64.57347,-31.37283],[-64.57395,-31.37242],[-64.57436,-31.37222],[-64.57503,-31.37228],[-64.57532,-31.37267],[-64.57582,-31.37303],[-64.57648,-31.37317],[-64.57657,-31.37344],[-64.57596,-31.37386],[-64.57565,-31.37384],[-64.57533,-31.37361],[-64.57488,-31.37373],[-64.57469,-31.37411],[-64.57414,-31.3741],[-64.57355,-31.3739],[-64.57311,-31.37357]]]},"properties":{"periodo":2022,"dts":"2021-12-18","dte":"2022-12-29","infobs":"incendio"}},
{"type":"Feature","geometry":{"type":"Polygon","coordinates":[[[-65.27183,-31.55845],[-65.27155,-31.55782],[-65.27171,-31.55726],[-65.27178,-31.55662],[-65.27176,-31.55607],[-65.27151,-31.55561],[-65.27141,-31.55489],[-65.27411,-31.55352],[-65.27479,-31.55357],[-65.27487,-31.55405],[-65.27522,-31.55521],[-65.27555,-31.55573],[-65.27587,-31.55677],[-65.27609,-31.55765],[-65.2754,-31.55794],[-65.2731,-31.55927],[-65.27339,-31.55848],[-65.27233,-31.55865],[-65.27183,-31.55845]]]},"properties":{"periodo":2022,"dts":"2021-01-20","dte":"2022-12-20","infobs":"incendio"}},
{"type":"Feature","geometry":{"type":"Polygon","coordinates":[[[-65.26973,-31.55045],[-65.26971,-31.55004],[-65.26985,-31.54965],[-65.27056,-31.54948],[-65.27121,-31.5496],[-65.27158,-31.54987],[-65.27189,-31.5503],[-65.27235,-31.55056],[-65.27296,-31.5504],[-65.27342,-31.55058],[-65.27396,-31.55104],[-65.27379,-31.55162],[-65.27425,-31.5518],[-65.27446,-31.55207],[-65.27448,-31.55257],[-65.27479,-31.55352],[-65.27417,-31.55343],[-65.2714,-31.55483],[-65.27112,-31.55401],[-65.27083,-31.55347],[-65.27089,-31.55317],[-65.27117,-31.55318],[-65.27187,-31.55341],[-65.27236,-31.55338],[-65.27295,-31.55383],[-65.27321,-31.55375],[-65.2732,-31.55347],[-65.27292,-31.55301],[-65.27157,-31.55264],[-65.27073,-31.55258],[-65.27051,-31.55204],[-65.26969,-31.55167],[-65.26976,-31.55115],[-65.26973,-31.55045]]]},"properties":{"periodo":2022,"dts":"2021-01-20","dte":"2022-12-20","infobs":"incendio"}},
{"type":"Feature","geometry":{"type":"Polygon","coordinates":[[[-65.26017,-31.38718],[-65.25953,-31.38662],[-65.25927,-31.38622],[-65.26785,-31.38627],[-65.26784,-31.38812],[-65.26934,-31.38785],[-65.27216,-31.38915],[-65.27247,-31.39157],[-65.2758,-31.39088],[-65.27865,-31.3903],[-65.27908,-31.39158],[-65.28114,-31.39174],[-65.2834,-31.39341],[-65.28383,-31.39474],[-65.28067,-31.39466],[-65.28074,-31.39443],[-65.27115,-31.39454],[-65.271,-31.39485],[-65.27192,-31.39802],[-65.26844,-31.40315],[-65.26711,-31.40013],[-65.26754,-31.3996],[-65.26715,-31.39803],[-65.26819,-31.3965],[-65.26921,-31.39445],[-65.26973,-31.39162],[-65.26649,-31.39057],[-65.26492,-31.39152],[-65.26469,-31.39286],[-65.26313,-31.39304],[-65.26273,-31.39269],[-65.26289,-31.39172],[-65.26285,-31.39026],[-65.26319,-31.38972],[-65.26487,-31.38888],[-65.26624,-31.38779],[-65.26592,-31.38773],[-65.26546,-31.3872],[-65.26439,-31.38767],[-65.26354,-31.38846],[-65.26255,-31.38782],[-65.26162,-31.38805],[-65.26104,-31.38836],[-65.2618,-31.38986],[-65.26179,-31.39082],[-65.26158,-31.39169],[-65.26052,-31.39234],[-65.25834,-31.39052],[-65.25733,-31.39103],[-65.25871,-31.39327],[-65.2521,-31.39581],[-65.25082,-31.39305],[-65.25664,-31.39043],[-65.25643,-31.38722],[-65.25766,-31.38806],[-65.25768,-31.38925],[-65.25863,-31.38962],[-65.25965,-31.38868],[-65.2596,-31.38805],[-65.26017,-31.38718]]]},"properties":{"periodo":2022,"dts":"2021-01-20","dte":"2022-12-20","infobs":"incendio"}},
{"type":"Feature","geometry":{"type":"Polygon","coordinates":[[[-65.23467,-31.3902],[-65.2336,-31.38832],[-65.23302,-31.38624],[-65.24278,-31.38364],[-65.24198,-31.38033],[-65.24862,-31.37876],[-65.24989,-31.38673],[-65.25414,-31.38709],[-65.24803,-31.38875],[-65.24892,-31.39113],[-65.24727,-31.39034],[-65.24623,-31.39065],[-65.24355,-31.3914],[-65.24066,-31.39234],[-65.23843,-31.39309],[-65.23708,-31.39461],[-65.23729,-31.39633],[-65.23895,-31.40008],[-65.23257,-31.4024],[-65.23077,-31.4034],[-65.22858,-31.40248],[-65.22981,-31.39996],[-65.23103,-31.39915],[-65.23193,-31.39782],[-65.23328,-31.39706],[-65.23462,-31.3965],[-65.23441,-31.3944],[-65.22749,-31.39697],[-65.22747,-31.39956],[-65.2251,-31.40324],[-65.22773,-31.40435],[-65.21765,-31.40799],[-65.21561,-31.4085],[-65.21364,-31.4092],[-65.21132,-31.40626],[-65.20882,-31.40586],[-65.20824,-31.40411],[-65.21005,-31.40343],[-65.21141,-31.40361],[-65.21208,-31.40569],[-65.21362,-31.40496],[-65.21519,-31.40478],[-65.21786,-31.40423],[-65.21942,-31.40366],[-65.21966,-31.40175],[-65.21938,-31.4008],[-65.219,-31.39976],[-65.2237,-31.39739],[-65.22199,-31.39492],[-65.23467,-31.3902]]]},"properties":{"periodo":2022,"dts":"2021-01-20","dte":"2022-12-20","infobs":"incendio"}},
{"type":"Feature","geometry":{"type":"Polygon","coordinates":[[[-65.17678,-31.37982],[-65.17793,-31.37909],[-65.17781,-31.37763],[-65.18406,-31.37519],[-65.18493,-31.37768],[-65.18182,-31.37915],[-65.18002,-31.37974],[-65.178,-31.38069],[-65.17678,-31.37982]]]},"properties":{"periodo":2022,"dts":"2021-01-20","dte":"2022-12-20","infobs":"incendio"}},
{"type":"Feature","geometry":{"type":"Polygon","coordinates":[[[-65.24999,-31.37846],[-65.24922,-31.37831],[-65.24924,-31.37578],[-65.25188,-31.3747],[-65.25207,-31.37722],[-65.25206,-31.37814],[-65.25106,-31.37847],[-65.24999,-31.37846]]]},"properties":{"periodo":2022,"dts":"2021-01-20","dte":"2022-12-20","infobs":"incendio"}},
{"type":"Feature","geometry":{"type":"Polygon","coordinates":[[[-65.22161,-31.36908],[-65.22067,-31.36898],[-65.22011,-31.36785],[-65.21976,-31.36705],[-65.22,-31.36602],[-65.23306,-31.36791],[-65.2333,-31.36974],[-65.2328,-31.37095],[-65.23245,-31.37044],[-65.23172,-31.3704],[-65.23042,-31.37179],[-65.22971,-31.37324],[-65.23065,-31.37334],[-65.23335,-31.37163],[-65.23539,-31.37056],[-65.23679,-31.37031],[-65.23771,-31.36972],[-65.23683,-31.36928],[-65.23634,-31.36825],[-65.23949,-31.36894],[-65.24017,-31.36939],[-65.24117,-31.3692],[-65.24317,-31.36937],[-65.24306,-31.36963],[-65.2415,-31.37096],[-65.24145,-31.37592],[-65.23321,-31.37778],[-65.23279,-31.37511],[-65.2252,-31.37697],[-65.22476,-31.37533],[-65.22382,-31.37523],[-65.22352,-31.37638],[-65.22253,-31.3772],[-65.22066,-31.37706],[-65.21919,-31.37714],[-65.21843,-31.3759],[-65.21854,-31.37481],[-65.21993,-31.37438],[-65.22023,-31.37294],[-65.21949,-31.3725],[-65.21827,-31.37189],[-65.2181,-31.37052],[-65.21867,-31.36925],[-65.21966,-31.36877],[-65.22021,-31.36945],[-65.22018,-31.37088],[-65.22145,-31.37086],[-65.22161,-31.36908]]]},"properties":{"periodo":2022,"dts":"2021-01-20","dte":"2022-12-20","infobs":"incendio"}},
{"type":"Feature","geometry":{"type":"Polygon","coordinates":[[[-65.2687,-31.35641],[-65.26931,-31.35626],[-65.2696,-31.35592],[-65.2696,-31.35659],[-65.26937,-31.35692],[-65.26926,-31.3573],[-65.26997,-31.35832],[-65.27012,-31.35822],[-65.26959,-31.35742],[-65.26969,-31.35715],[-65.27065,-31.35716],[-65.27156,-31.35789],[-65.27207,-31.3581],[-65.27234,-31.3583],[-65.27284,-31.35841],[-65.27282,-31.35962],[-65.2726,-31.35997],[-65.273,-31.36009],[-65.27312,-31.36033],[-65.27306,-31.3606],[-65.27272,-31.36046],[-65.27226,-31.36054],[-65.27242,-31.3609],[-65.27297,-31.36102],[-65.27336,-31.36149],[-65.27347,-31.36203],[-65.27277,-31.36234],[-65.27232,-31.36237],[-65.27192,-31.36223],[-65.27154,-31.36254],[-65.27151,-31.36219],[-65.27107,-31.36196],[-65.27164,-31.36153],[-65.2717,-31.36118],[-65.27192,-31.36099],[-65.27157,-31.36069],[-65.27132,-31.36083],[-65.27125,-31.36045],[-65.27047,-31.36034],[-65.2703,-31.3605],[-65.26973,-31.35951],[-65.26923,-31.35914],[-65.26874,-31.35913],[-65.26865,-31.35933],[-65.26829,-31.35938],[-65.26819,-31.35881],[-65.2684,-31.35844],[-65.26884,-31.35843],[-65.26869,-31.35817],[-65.26785,-31.35824],[-65.26785,-31.35784],[-65.26726,-31.35789],[-65.26677,-31.35823],[-65.26716,-31.35844],[-65.26718,-31.35894],[-65.2671,-31.35958],[-65.26743,-31.3598],[-65.26737,-31.36058],[-65.26723,-31.36077],[-65.26665,-31.36056],[-65.26653,-31.36034],[-65.26591,-31.35962],[-65.26576,-31.35914],[-65.26607,-31.35902],[-65.26608,-31.35821],[-65.26584,-31.35758],[-65.26594,-31.35704],[-65.26706,-31.35702],[-65.26717,-31.35718],[-65.26777,-31.35729],[-65.26781,-31.35663],[-65.26837,-31.35671],[-65.2687,-31.35641]]]},"properties":{"periodo":2022,"dts":"2021-01-20","dte":"2022-12-20","infobs":"incendio"}},
{"type":"Feature","geometry":{"type":"Polygon","coordinates":[[[-65.32959,-31.31537],[-65.32945,-31.31504],[-65.32958,-31.31473],[-65.33105,-31.31427],[-65.33147,-31.31398],[-65.33235,-31.31348],[-65.33358,-31.31333],[-65.33404,-31.31314],[-65.3345,-31.31278],[-65.33479,-31.31273],[-65.33494,-31.31291],[-65.33474,-31.31392],[-65.33431,-31.31411],[-65.33401,-31.31475],[-65.33338,-31.31535],[-65.33299,-31.31564],[-65.33221,-31.31569],[-65.33153,-31.31565],[-65.33111,-31.31551],[-65.33,-31.31559],[-65.32959,-31.31537]]]},"properties":{"periodo":2022,"dts":"2021-01-20","dte":"2022-12-20","infobs":"incendio"}},
{"type":"Feature","geometry":{"type":"Polygon","coordinates":[[[-65.20214,-31.35912],[-65.20186,-31.35665],[-65.20212,-31.35349],[-65.20389,-31.35327],[-65.20451,-31.35593],[-65.2071,-31.35751],[-65.20839,-31.36026],[-65.20778,-31.36246],[-65.20499,-31.36232],[-65.20524,-31.36356],[-65.2106,-31.36432],[-65.21303,-31.36829],[-65.21659,-31.36833],[-65.21666,-31.37921],[-65.21522,-31.37933],[-65.21498,-31.37741],[-65.2103,-31.37796],[-65.20905,-31.37578],[-65.20661,-31.37661],[-65.204,-31.37751],[-65.20194,-31.37852],[-65.20188,-31.37755],[-65.20421,-31.37659],[-65.20611,-31.37507],[-65.20583,-31.37433],[-65.20292,-31.37535],[-65.201,-31.37573],[-65.20068,-31.37433],[-65.20181,-31.37388],[-65.20299,-31.37271],[-65.20498,-31.37205],[-65.20469,-31.3712],[-65.20256,-31.37152],[-65.20109,-31.37126],[-65.20003,-31.37165],[-65.19902,-31.36879],[-65.19792,-31.36745],[-65.19144,-31.37046],[-65.19122,-31.3697],[-65.18832,-31.37083],[-65.18764,-31.37177],[-65.18631,-31.37196],[-65.1843,-31.37214],[-65.1823,-31.37251],[-65.1803,-31.37268],[-65.17785,-31.37286],[-65.17607,-31.37304],[-65.17473,-31.37341],[-65.1725,-31.37378],[-65.17011,-31.36931],[-65.17176,-31.36862],[-65.17217,-31.36699],[-65.17407,-31.36753],[-65.17573,-31.36702],[-65.17729,-31.36709],[-65.17849,-31.36611],[-65.17858,-31.36497],[-65.17979,-31.36437],[-65.18041,-31.36236],[-65.17848,-31.36058],[-65.17779,-31.35973],[-65.18487,-31.3607],[-65.18486,-31.36144],[-65.18431,-31.36347],[-65.18417,-31.36449],[-65.1843,-31.3654],[-65.18481,-31.3663],[-65.18587,-31.36676],[-65.18692,-31.36654],[-65.18811,-31.3661],[-65.18903,-31.36565],[-65.18917,-31.36542],[-65.19013,-31.36608],[-65.19181,-31.36648],[-65.19336,-31.36506],[-65.19437,-31.36332],[-65.19503,-31.36299],[-65.19478,-31.36482],[-65.19578,-31.36512],[-65.19631,-31.36447],[-65.19629,-31.36343],[-65.1971,-31.36238],[-65.1965,-31.36168],[-65.19707,-31.3592],[-65.19789,-31.35861],[-65.19878,-31.35745],[-65.19841,-31.3562],[-65.19935,-31.35522],[-65.19803,-31.35581],[-65.19704,-31.35648],[-65.19674,-31.35777],[-65.19594,-31.35943],[-65.1959,-31.36093],[-65.19528,-31.36127],[-65.19414,-31.36068],[-65.19321,-31.36044],[-65.19352,-31.35944],[-65.19509,-31.35841],[-65.19509,-31.35662],[-65.19495,-31.35517],[-65.19585,-31.3545],[-65.19639,-31.3536],[-65.19956,-31.35344],[-65.20089,-31.35342],[-65.20067,-31.3581],[-65.19924,-31.35879],[-65.19948,-31.35965],[-65.20214,-31.35912]]]},"properties":{"periodo":2022,"dts":"2021-01-20","dte":"2022-12-20","infobs":"incendio"}},
{"type":"Feature","geometry":{"type":"Polygon","coordinates":[[[-65.14512,-31.32034],[-65.14655,-31.32005],[-65.14875,-31.32059],[-65.15021,-31.3211],[-65.15142,-31.32078],[-65.15155,-31.32139],[-65.15155,-31.32247],[-65.15164,-31.32298],[-65.15275,-31.32368],[-65.15371,-31.32492],[-65.1545,-31.32572],[-65.15578,-31.32505],[-65.15645,-31.32419],[-65.15749,-31.32374],[-65.15928,-31.32311],[-65.16045,-31.32282],[-65.16217,-31.32292],[-65.16338,-31.32317],[-65.1643,-31.32273],[-65.16621,-31.32206],[-65.16774,-31.32263],[-65.16955,-31.32387],[-65.16926,-31.32463],[-65.16847,-31.32489],[-65.16844,-31.32559],[-65.16828,-31.3267],[-65.1672,-31.32661],[-65.16526,-31.32683],[-65.16494,-31.32769],[-65.16643,-31.32791],[-65.16981,-31.32829],[-65.17159,-31.32845],[-65.17216,-31.32801],[-65.17108,-31.32721],[-65.17197,-31.32715],[-65.1735,-31.32657],[-65.17397,-31.32594],[-65.17413,-31.3253],[-65.17334,-31.32419],[-65.17203,-31.32298],[-65.1712,-31.32161],[-65.17168,-31.32078],[-65.17276,-31.32257],[-65.17372,-31.324],[-65.17499,-31.32508],[-65.17614,-31.32575],[-65.17763,-31.32587],[-65.18065,-31.32626],[-65.18161,-31.32686],[-65.18224,-31.32686],[-65.18224,-31.32648],[-65.18266,-31.32677],[-65.18317,-31.32686],[-65.18364,-31.32632],[-65.18342,-31.3254],[-65.18275,-31.32486],[-65.18294,-31.32432],[-65.18218,-31.32374],[-65.18183,-31.32276],[-65.18231,-31.32196],[-65.18307,-31.32161],[-65.18342,-31.32253],[-65.18412,-31.3233],[-65.18441,-31.32323],[-65.18472,-31.32234],[-65.18555,-31.32177],[-65.18651,-31.32203],[-65.18663,-31.32362],[-65.1873,-31.32298],[-65.18784,-31.32349],[-65.18838,-31.32329],[-65.18863,-31.32332],[-65.18835,-31.32387],[-65.18762,-31.32435],[-65.18765,-31.32511],[-65.18698,-31.32581],[-65.18606,-31.32572],[-65.18555,-31.32603],[-65.18612,-31.32619],[-65.18565,-31.32648],[-65.18472,-31.32616],[-65.18434,-31.32724],[-65.18358,-31.32794],[-65.18053,-31.32775],[-65.17913,-31.32797],[-65.17814,-31.32826],[-65.17734,-31.3295],[-65.17769,-31.3302],[-65.17817,-31.33077],[-65.17897,-31.33065],[-65.1796,-31.3302],[-65.18094,-31.32963],[-65.18282,-31.32928],[-65.1838,-31.32915],[-65.1846,-31.32915],[-65.18562,-31.32893],[-65.18692,-31.32871],[-65.18762,-31.32912],[-65.18784,-31.33001],[-65.18854,-31.33001],[-65.1888,-31.32921],[-65.18959,-31.32851],[-65.1894,-31.32969],[-65.18975,-31.33023],[-65.19042,-31.33004],[-65.19071,-31.32877],[-65.19134,-31.32858],[-65.19131,-31.32925],[-65.19163,-31.33017],[-65.19217,-31.33128],[-65.19156,-31.3317],[-65.19113,-31.33326],[-65.19166,-31.33405],[-65.19257,-31.33474],[-65.19336,-31.33542],[-65.19427,-31.33588],[-65.19533,-31.33623],[-65.19744,-31.33624],[-65.19808,-31.33593],[-65.19844,-31.33679],[-65.19815,-31.33764],[-65.19672,-31.33825],[-65.19678,-31.33949],[-65.19704,-31.34089],[-65.19764,-31.34121],[-65.19869,-31.3407],[-65.19901,-31.33971],[-65.19955,-31.33994],[-65.19891,-31.34162],[-65.19802,-31.34203],[-65.1964,-31.34331],[-65.19605,-31.34413],[-65.19513,-31.34455],[-65.19535,-31.34401],[-65.1944,-31.34305],[-65.19382,-31.34429],[-65.19315,-31.3449],[-65.1922,-31.34512],[-65.19176,-31.34572],[-65.19118,-31.34639],[-65.19112,-31.34716],[-65.19083,-31.34738],[-65.19043,-31.34698],[-65.19065,-31.34812],[-65.19097,-31.34868],[-65.19204,-31.34803],[-65.19393,-31.3474],[-65.19464,-31.34778],[-65.19523,-31.34789],[-65.19544,-31.34868],[-65.19458,-31.34952],[-65.19446,-31.34971],[-65.1935,-31.34945],[-65.19202,-31.35033],[-65.19147,-31.35002],[-65.19016,-31.34908],[-65.18901,-31.35017],[-65.18958,-31.35138],[-65.18882,-31.35261],[-65.18751,-31.35349],[-65.18682,-31.35447],[-65.18779,-31.35484],[-65.18882,-31.3545],[-65.18818,-31.35562],[-65.1885,-31.35662],[-65.19011,-31.35609],[-65.19075,-31.35469],[-65.1896,-31.35388],[-65.19016,-31.35283],[-65.19154,-31.35306],[-65.19198,-31.35216],[-65.19097,-31.35157],[-65.18985,-31.35005],[-65.19111,-31.35056],[-65.1925,-31.35133],[-65.19335,-31.35141],[-65.19311,-31.35222],[-65.1927,-31.35324],[-65.19164,-31.35504],[-65.19123,-31.35606],[-65.19109,-31.35696],[-65.19055,-31.35786],[-65.18963,-31.3583],[-65.18845,-31.3583],[-65.18739,-31.35806],[-65.18647,-31.35738],[-65.18582,-31.35658],[-65.18543,-31.35568],[-65.18531,-31.35466],[-65.18439,-31.35397],[-65.18334,-31.35408],[-65.18307,-31.35498],[-65.18324,-31.35565],[-65.18273,-31.35608],[-65.18245,-31.35676],[-65.18323,-31.35821],[-65.18285,-31.35942],[-65.17996,-31.3585],[-65.17667,-31.35706],[-65.17568,-31.35743],[-65.17522,-31.35536],[-65.17518,-31.35021],[-65.17497,-31.34814],[-65.17654,-31.34761],[-65.17843,-31.34643],[-65.17899,-31.34556],[-65.17799,-31.34565],[-65.18794,-31.33281],[-65.18679,-31.33408],[-65.18425,-31.33739],[-65.18282,-31.33726],[-65.18151,-31.33847],[-65.18097,-31.33869],[-65.17909,-31.33838],[-65.17868,-31.33949],[-65.17983,-31.34067],[-65.17741,-31.34385],[-65.17579,-31.34531],[-65.17385,-31.34668],[-65.17305,-31.34662],[-65.17375,-31.3456],[-65.1728,-31.34375],[-65.17445,-31.34522],[-65.17477,-31.34261],[-65.17458,-31.34083],[-65.1728,-31.34216],[-65.17095,-31.34216],[-65.17038,-31.3414],[-65.1721,-31.34127],[-65.1735,-31.34108],[-65.17324,-31.33981],[-65.1719,-31.33936],[-65.16917,-31.3393],[-65.16771,-31.33936],[-65.16745,-31.33796],[-65.16561,-31.33803],[-65.16433,-31.33796],[-65.16262,-31.3372],[-65.16255,-31.33841],[-65.16402,-31.33924],[-65.16535,-31.33962],[-65.16662,-31.34095],[-65.16675,-31.34216],[-65.16503,-31.34286],[-65.16357,-31.34375],[-65.16262,-31.34235],[-65.16141,-31.34235],[-65.16141,-31.34477],[-65.16001,-31.34617],[-65.15867,-31.34744],[-65.15689,-31.34789],[-65.15549,-31.34846],[-65.15377,-31.34872],[-65.15205,-31.34821],[-65.15135,-31.34789],[-65.14996,-31.3477],[-65.15021,-31.34655],[-65.14989,-31.34592],[-65.14868,-31.34547],[-65.14741,-31.3456],[-65.14722,-31.34649],[-65.14684,-31.34674],[-65.14625,-31.34813],[-65.14548,-31.34791],[-65.14419,-31.3479],[-65.14391,-31.3477],[-65.14336,-31.34797],[-65.14257,-31.3481],[-65.14232,-31.34789],[-65.14257,-31.34681],[-65.14378,-31.34592],[-65.14404,-31.34503],[-65.14245,-31.34579],[-65.14124,-31.34662],[-65.14073,-31.34553],[-65.14137,-31.34503],[-65.14257,-31.34483],[-65.1434,-31.34394],[-65.14296,-31.34286],[-65.14207,-31.34369],[-65.14105,-31.34458],[-65.14067,-31.34375],[-65.14003,-31.34439],[-65.13965,-31.34649],[-65.1392,-31.34566],[-65.13787,-31.34375],[-65.13723,-31.34375],[-65.13748,-31.34477],[-65.13709,-31.34485],[-65.13592,-31.34451],[-65.13551,-31.34445],[-65.13608,-31.34299],[-65.1343,-31.34401],[-65.13354,-31.34331],[-65.1336,-31.3421],[-65.13424,-31.34076],[-65.13265,-31.34057],[-65.13087,-31.34076],[-65.12979,-31.34024],[-65.13049,-31.33924],[-65.13246,-31.33809],[-65.13348,-31.33745],[-65.13399,-31.33675],[-65.135,-31.33612],[-65.13608,-31.33491],[-65.1371,-31.33383],[-65.13678,-31.3316],[-65.13596,-31.32982],[-65.13567,-31.32842],[-65.13596,-31.32877],[-65.13752,-31.32823],[-65.13892,-31.32724],[-65.14029,-31.32642],[-65.14127,-31.32616],[-65.14235,-31.32667],[-65.14356,-31.32587],[-65.14401,-31.32489],[-65.14458,-31.32451],[-65.14544,-31.32438],[-65.14576,-31.32371],[-65.14566,-31.32241],[-65.14486,-31.32126],[-65.14512,-31.32034]]]},"properties":{"periodo":2022,"dts":"2021-01-20","dte":"2022-12-20","infobs":"incendio"}},
{"type":"Feature","geometry":{"type":"Polygon","coordinates":[[[-65.10839,-31.28879],[-65.10926,-31.28857],[-65.10959,-31.28955],[-65.10995,-31.28981],[-65.10933,-31.29197],[-65.10998,-31.29279],[-65.10989,-31.29366],[-65.10973,-31.29435],[-65.10989,-31.2949],[-65.10943,-31.29486],[-65.10914,-31.29424],[-65.10936,-31.29319],[-65.10869,-31.29293],[-65.10834,-31.29243],[-65.10836,-31.29175],[-65.10806,-31.29077],[-65.1074,-31.29116],[-65.10687,-31.29043],[-65.10689,-31.28992],[-65.10705,-31.28923],[-65.10746,-31.28887],[-65.10767,-31.28904],[-65.10826,-31.28912],[-65.10839,-31.28879]]]},"properties":{"periodo":2022,"dts":"2021-01-20","dte":"2022-12-20","infobs":"incendio"}},
{"type":"Feature","geometry":{"type":"Polygon","coordinates":[[[-65.3495,-31.21167],[-65.34967,-31.21151],[-65.35018,-31.21138],[-65.35061,-31.21161],[-65.35068,-31.21204],[-65.35048,-31.21233],[-65.35047,-31.21261],[-65.35073,-31.21271],[-65.35076,-31.21299],[-65.35013,-31.21374],[-65.34989,-31.21415],[-65.34952,-31.21438],[-65.34903,-31.21417],[-65.34838,-31.21469],[-65.34719,-31.21466],[-65.34679,-31.21433],[-65.34695,-31.21404],[-65.34757,-31.21382],[-65.34772,-31.21293],[-65.34814,-31.21259],[-65.34815,-31.21157],[-65.34876,-31.21153],[-65.34907,-31.21184],[-65.3495,-31.21167]]]},"properties":{"periodo":2022,"dts":"2021-01-20","dte":"2022-12-20","infobs":"incendio"}},
{"type":"Feature","geometry":{"type":"Polygon","coordinates":[[[-65.33429,-31.148],[-65.33278,-31.14784],[-65.33171,-31.14719],[-65.33004,-31.14693],[-65.32892,-31.14643],[-65.32868,-31.14603],[-65.33007,-31.14183],[-65.33063,-31.14129],[-65.33185,-31.14136],[-65.33277,-31.14278],[-65.33285,-31.14373],[-65.33337,-31.14463],[-65.33445,-31.14547],[-65.33512,-31.14593],[-65.33586,-31.14654],[-65.33554,-31.14707],[-65.33583,-31.14764],[-65.33585,-31.14816],[-65.33429,-31.148]]]},"properties":{"periodo":2022,"dts":"2021-01-20","dte":"2022-12-20","infobs":"incendio"}},
{"type":"Feature","geometry":{"type":"Polygon","coordinates":[[[-65.34005,-31.14079],[-65.33885,-31.13928],[-65.3369,-31.13707],[-65.33504,-31.13582],[-65.33491,-31.13472],[-65.33526,-31.13343],[-65.33559,-31.13084],[-65.33683,-31.12949],[-65.33916,-31.12959],[-65.34042,-31.13114],[-65.34063,-31.13271],[-65.34174,-31.13512],[-65.34247,-31.13759],[-65.34313,-31.13963],[-65.34428,-31.14147],[-65.34436,-31.14233],[-65.34409,-31.14291],[-65.34355,-31.14339],[-65.34255,-31.14337],[-65.34246,-31.14418],[-65.34277,-31.14541],[-65.34307,-31.14627],[-65.34325,-31.14712],[-65.34221,-31.14738],[-65.34094,-31.14764],[-65.3382,-31.14683],[-65.33707,-31.14604],[-65.33615,-31.14491],[-65.33467,-31.14341],[-65.33348,-31.14205],[-65.33277,-31.14035],[-65.33284,-31.13896],[-65.3336,-31.13823],[-65.33441,-31.13941],[-65.33584,-31.14124],[-65.33682,-31.14271],[-65.33851,-31.14373],[-65.339,-31.14338],[-65.3377,-31.14231],[-65.33683,-31.14094],[-65.33501,-31.13887],[-65.33487,-31.13768],[-65.33559,-31.13791],[-65.33685,-31.13946],[-65.33928,-31.14113],[-65.34005,-31.14079]]]},"properties":{"periodo":2022,"dts":"2021-01-20","dte":"2022-12-20","infobs":"incendio"}},
{"type":"Feature","geometry":{"type":"Polygon","coordinates":[[[-65.33796,-31.12588],[-65.33824,-31.12364],[-65.33993,-31.12241],[-65.34106,-31.12106],[-65.34421,-31.12052],[-65.34721,-31.12061],[-65.3497,-31.12266],[-65.35047,-31.12456],[-65.34892,-31.12459],[-65.34962,-31.12605],[-65.34844,-31.12799],[-65.34769,-31.12905],[-65.34681,-31.12916],[-65.3454,-31.12842],[-65.34355,-31.1276],[-65.34187,-31.12691],[-65.34099,-31.12721],[-65.3423,-31.12867],[-65.34533,-31.12995],[-65.34863,-31.13104],[-65.34999,-31.1323],[-65.34991,-31.1334],[-65.35021,-31.1344],[-65.35,-31.13488],[-65.34868,-31.13533],[-65.35106,-31.13744],[-65.35272,-31.13927],[-65.35289,-31.14179],[-65.3521,-31.14367],[-65.3508,-31.14474],[-65.34931,-31.14506],[-65.3483,-31.1446],[-65.34688,-31.14329],[-65.34858,-31.14264],[-65.34728,-31.14156],[-65.3468,-31.14004],[-65.34695,-31.13928],[-65.34773,-31.13974],[-65.35026,-31.14093],[-65.35006,-31.1397],[-65.34939,-31.13732],[-65.34788,-31.13678],[-65.34539,-31.13682],[-65.34374,-31.13518],[-65.34308,-31.13343],[-65.34232,-31.13153],[-65.34112,-31.13008],[-65.33935,-31.12815],[-65.33796,-31.12588]]]},"properties":{"periodo":2022,"dts":"2021-01-20","dte":"2022-12-20","infobs":"incendio"}},
{"type":"Feature","geometry":{"type":"Polygon","coordinates":[[[-64.58433,-32.26984],[-64.58383,-32.26982],[-64.58366,-32.26929],[-64.58429,-32.26912],[-64.58482,-32.26878],[-64.58548,-32.26853],[-64.58561,-32.26919],[-64.58586,-32.26935],[-64.58531,-32.26957],[-64.58486,-32.26994],[-64.58452,-32.27009],[-64.58433,-32.26984]]]},"properties":{"periodo":2022,"dts":"2021-12-18","dte":"2022-12-29","infobs":"NA"}},
{"type":"Feature","geometry":{"type":"Polygon","coordinates":[[[-65.03538,-31.8984],[-65.03525,-31.89812],[-65.03521,-31.89729],[-65.03647,-31.89731],[-65.0364,-31.89863],[-65.03548,-31.89889],[-65.03538,-31.8984]]]},"properties":{"periodo":2022,"dts":"2021-12-18","dte":"2022-12-29","infobs":"NA"}},
{"type":"Feature","geometry":{"type":"Polygon","coordinates":[[[-65.03267,-31.88539],[-65.03308,-31.88497],[-65.03385,-31.88499],[-65.03365,-31.88544],[-65.03313,-31.88577],[-65.03297,-31.88622],[-65.03217,-31.88659],[-65.03158,-31.88678],[-65.03138,-31.88705],[-65.03142,-31.88741],[-65.03177,-31.88737],[-65.0335,-31.88642],[-65.03391,-31.88636],[-65.03368,-31.88684],[-65.03258,-31.88766],[-65.03189,-31.88809],[-65.0314,-31.88813],[-65.03076,-31.88772],[-65.02993,-31.88791],[-65.02876,-31.88721],[-65.02896,-31.88685],[-65.02941,-31.88649],[-65.02957,-31.88601],[-65.0303,-31.88573],[-65.0312,-31.88527],[-65.032,-31.88525],[-65.03226,-31.88558],[-65.03267,-31.88539]]]},"properties":{"periodo":2022,"dts":"2021-12-18","dte":"2022-12-29","infobs":"NA"}},
{"type":"Feature","geometry":{"type":"Polygon","coordinates":[[[-64.50374,-30.94655],[-64.50435,-30.94599],[-64.50468,-30.94588],[-64.50531,-30.94531],[-64.50541,-30.94477],[-64.50513,-30.94412],[-64.50462,-30.94344],[-64.50431,-30.94316],[-64.50453,-30.94272],[-64.50506,-30.94226],[-64.50613,-30.94179],[-64.50697,-30.94166],[-64.50748,-30.94123],[-64.50747,-30.94177],[-64.50877,-30.94325],[-64.50819,-30.94414],[-64.50732,-30.94469],[-64.50647,-30.94533],[-64.50561,-30.9459],[-64.50484,-30.94654],[-64.50388,-30.94694],[-64.50374,-30.94655]]]},"properties":{"periodo":2022,"dts":"2021-12-18","dte":"2022-12-29","infobs":"NA"}},
{"type":"Feature","geometry":{"type":"Polygon","coordinates":[[[-65.20325,-31.01627],[-65.20384,-31.01633],[-65.20456,-31.01632],[-65.20558,-31.01637],[-65.20576,-31.0168],[-65.20575,-31.01763],[-65.2059,-31.01827],[-65.20637,-31.01815],[-65.20682,-31.01835],[-65.20639,-31.01877],[-65.20642,-31.0191],[-65.20676,-31.01938],[-65.20653,-31.01969],[-65.20561,-31.0189],[-65.20555,-31.01845],[-65.20491,-31.01858],[-65.20474,-31.01817],[-65.20521,-31.01802],[-65.20542,-31.01771],[-65.20522,-31.01723],[-65.20483,-31.01715],[-65.20441,-31.01732],[-65.2044,-31.01797],[-65.20389,-31.0175],[-65.20383,-31.01709],[-65.2032,-31.01655],[-65.20325,-31.01627]]]},"properties":{"periodo":2022,"dts":"2021-01-20","dte":"2022-12-20","infobs":"NA"}},
{"type":"Feature","geometry":{"type":"Polygon","coordinates":[[[-65.04581,-30.77721],[-65.04583,-30.7769],[-65.04617,-30.77684],[-65.04691,-30.7769],[-65.04738,-30.77656],[-65.04788,-30.77648],[-65.04891,-30.77599],[-65.04927,-30.77612],[-65.04982,-30.77679],[-65.05018,-30.77984],[-65.04922,-30.77983],[-65.04907,-30.77937],[-65.04884,-30.77977],[-65.04795,-30.77979],[-65.0479,-30.77866],[-65.04798,-30.77817],[-65.04829,-30.77793],[-65.04797,-30.77773],[-65.04744,-30.77827],[-65.04726,-30.77867],[-65.04653,-30.77878],[-65.04654,-30.77841],[-65.0471,-30.77799],[-65.0478,-30.77768],[-65.04793,-30.77742],[-65.04776,-30.77707],[-65.04676,-30.77707],[-65.04617,-30.77735],[-65.04581,-30.77721]]]},"properties":{"periodo":2022,"dts":"2021-01-20","dte":"2022-12-20","infobs":"NA"}},
{"type":"Feature","geometry":{"type":"Polygon","coordinates":[[[-65.52355,-31.29436],[-65.52576,-31.29442],[-65.52504,-31.2955],[-65.52476,-31.29631],[-65.52422,-31.29636],[-65.52418,-31.29699],[-65.52227,-31.29692],[-65.52213,-31.29645],[-65.52152,-31.29665],[-65.52355,-31.29436]]]},"properties":{"periodo":2022,"dts":"2021-01-20","dte":"2022-12-20","infobs":"NA"}},
{"type":"Feature","geometry":{"type":"Polygon","coordinates":[[[-65.26752,-31.14616],[-65.26769,-31.14567],[-65.26784,-31.14552],[-65.26817,-31.14564],[-65.26817,-31.14591],[-65.26799,-31.14636],[-65.26842,-31.14681],[-65.26852,-31.14733],[-65.26884,-31.14768],[-65.26911,-31.14838],[-65.26931,-31.14863],[-65.26946,-31.14988],[-65.26984,-31.15003],[-65.26986,-31.15105],[-65.26946,-31.15112],[-65.26934,-31.15027],[-65.26901,-31.15003],[-65.26906,-31.14938],[-65.26884,-31.14903],[-65.26876,-31.14866],[-65.26822,-31.14751],[-65.26794,-31.14724],[-65.26787,-31.14681],[-65.26747,-31.14706],[-65.26752,-31.14616]]]},"properties":{"periodo":2022,"dts":"2021-01-20","dte":"2022-12-20","infobs":"NA"}},
{"type":"Feature","geometry":{"type":"Polygon","coordinates":[[[-65.26749,-31.14472],[-65.26749,-31.1444],[-65.26834,-31.14437],[-65.26837,-31.14487],[-65.26879,-31.14464],[-65.26906,-31.14467],[-65.26906,-31.14497],[-65.26847,-31.14542],[-65.26772,-31.14494],[-65.26749,-31.14472]]]},"properties":{"periodo":2022,"dts":"2021-01-20","dte":"2022-12-20","infobs":"NA"}},
{"type":"Feature","geometry":{"type":"Polygon","coordinates":[[[-65.26584,-31.14474],[-65.26595,-31.14454],[-65.26596,-31.14357],[-65.26607,-31.14356],[-65.26712,-31.14461],[-65.26705,-31.14468],[-65.26592,-31.14508],[-65.26584,-31.14474]]]},"properties":{"periodo":2022,"dts":"2021-01-20","dte":"2022-12-20","infobs":"NA"}},
{"type":"Feature","geometry":{"type":"Polygon","coordinates":[[[-65.26518,-31.14139],[-65.26488,-31.14118],[-65.26453,-31.14042],[-65.26398,-31.1399],[-65.26396,-31.13965],[-65.26422,-31.13957],[-65.26474,-31.14014],[-65.26477,-31.14071],[-65.26513,-31.14086],[-65.26518,-31.14139]]]},"properties":{"periodo":2022,"dts":"2021-01-20","dte":"2022-12-20","infobs":"NA"}},
{"type":"Feature","geometry":{"type":"Polygon","coordinates":[[[-65.39466,-30.65318],[-65.39399,-30.65198],[-65.39361,-30.65139],[-65.3936,-30.65092],[-65.39579,-30.65077],[-65.39625,-30.65091],[-65.39675,-30.65158],[-65.39709,-30.65235],[-65.3972,-30.65278],[-65.39539,-30.65323],[-65.39466,-30.65318]]]},"properties":{"periodo":2022,"dts":"2021-01-20","dte":"2022-12-20","infobs":"agricultura"}},
{"type":"Feature","geometry":{"type":"Polygon","coordinates":[[[-65.39681,-30.65096],[-65.39663,-30.65054],[-65.39608,-30.65041],[-65.39612,-30.65015],[-65.39702,-30.65013],[-65.39724,-30.65039],[-65.39808,-30.65041],[-65.39827,-30.65092],[-65.39681,-30.65096]]]},"properties":{"periodo":2022,"dts":"2021-01-20","dte":"2022-12-20","infobs":"agricultura"}},
{"type":"Feature","geometry":{"type":"Polygon","coordinates":[[[-65.23101,-30.34996],[-65.23092,-30.34452],[-65.23129,-30.34452],[-65.2316,-30.34838],[-65.23144,-30.34996],[-65.23101,-30.34996]]]},"properties":{"periodo":2022,"dts":"2021-01-20","dte":"2022-12-20","infobs":"camino"}},
{"type":"Feature","geometry":{"type":"Polygon","coordinates":[[[-64.72586,-30.69075],[-64.72546,-30.69055],[-64.72417,-30.6896],[-64.72382,-30.6891],[-64.72409,-30.68904],[-64.72467,-30.68907],[-64.72553,-30.6889],[-64.72573,-30.68923],[-64.72547,-30.6896],[-64.72586,-30.68978],[-64.72615,-30.6888],[-64.72648,-30.68842],[-64.7264,-30.68741],[-64.72656,-30.68649],[-64.72721,-30.68628],[-64.7277,-30.68673],[-64.72786,-30.68711],[-64.72737,-30.68768],[-64.72707,-30.68817],[-64.72734,-30.68845],[-64.7279,-30.68808],[-64.72842,-30.68828],[-64.72883,-30.68807],[-64.7292,-30.68847],[-64.7297,-30.68856],[-64.73003,-30.68874],[-64.72904,-30.68907],[-64.72948,-30.68975],[-64.72979,-30.68998],[-64.73066,-30.69044],[-64.73077,-30.69112],[-64.73026,-30.69157],[-64.72977,-30.69156],[-64.72962,-30.69106],[-64.72926,-30.69075],[-64.72881,-30.69074],[-64.72838,-30.69098],[-64.72813,-30.69129],[-64.72745,-30.6914],[-64.72713,-30.69076],[-64.72677,-30.69036],[-64.72616,-30.69034],[-64.72577,-30.69047],[-64.72586,-30.69075]]]},"properties":{"periodo":2022,"dts":"2021-12-18","dte":"2022-12-29","infobs":"posible silvopastoril/desarbustado"}},
{"type":"Feature","geometry":{"type":"Polygon","coordinates":[[[-65.06429,-30.44983],[-65.06874,-30.44281],[-65.07034,-30.4442],[-65.06889,-30.44482],[-65.06499,-30.45004],[-65.06402,-30.45026],[-65.06429,-30.44983]]]},"properties":{"periodo":2022,"dts":"2021-01-20","dte":"2022-12-20","infobs":"posible silvopastoril/desarbustado"}},
{"type":"Feature","geometry":{"type":"Polygon","coordinates":[[[-64.58432,-30.42775],[-64.5838,-30.42727],[-64.58462,-30.42728],[-64.5846,-30.42775],[-64.58477,-30.42794],[-64.58569,-30.42819],[-64.58673,-30.42816],[-64.58659,-30.42787],[-64.58655,-30.42747],[-64.58681,-30.42732],[-64.58689,-30.42779],[-64.58736,-30.42792],[-64.58853,-30.42774],[-64.58894,-30.42786],[-64.58922,-30.42806],[-64.59012,-30.42814],[-64.58904,-30.42765],[-64.58881,-30.42742],[-64.5897,-30.42732],[-64.59097,-30.42775],[-64.59095,-30.42904],[-64.59028,-30.4302],[-64.58998,-30.43012],[-64.58939,-30.43066],[-64.5891,-30.43064],[-64.58865,-30.43046],[-64.58881,-30.43024],[-64.58945,-30.42975],[-64.59,-30.42895],[-64.58939,-30.42872],[-64.5889,-30.42863],[-64.58834,-30.42868],[-64.58793,-30.42835],[-64.58751,-30.42838],[-64.58724,-30.42887],[-64.58681,-30.42897],[-64.58642,-30.42894],[-64.58677,-30.42966],[-64.58583,-30.43017],[-64.58556,-30.4298],[-64.58558,-30.42889],[-64.58471,-30.42907],[-64.5845,-30.42863],[-64.58432,-30.42775]]]},"properties":{"periodo":2022,"dts":"2021-12-18","dte":"2022-12-29","infobs":"incendio"}},
{"type":"Feature","geometry":{"type":"Polygon","coordinates":[[[-64.58111,-30.42722],[-64.58294,-30.42725],[-64.58285,-30.42737],[-64.58289,-30.42824],[-64.58236,-30.42792],[-64.58219,-30.42759],[-64.58178,-30.42726],[-64.5814,-30.42738],[-64.58166,-30.42782],[-64.58144,-30.42802],[-64.58115,-30.42747],[-64.58111,-30.42722]]]},"properties":{"periodo":2022,"dts":"2021-12-18","dte":"2022-12-29","infobs":"incendio"}},
{"type":"Feature","geometry":{"type":"Polygon","coordinates":[[[-64.95309,-31.36042],[-64.95396,-31.36043],[-64.95611,-31.35953],[-64.95718,-31.35924],[-64.95825,-31.35925],[-64.95931,-31.35956],[-64.96037,-31.36003],[-64.96144,-31.36019],[-64.96251,-31.3602],[-64.96358,-31.36006],[-64.9641,-31.36113],[-64.96409,-31.36204],[-64.96265,-31.36356],[-64.96225,-31.36423],[-64.96071,-31.36287],[-64.96013,-31.36265],[-64.95918,-31.36279],[-64.95793,-31.3625],[-64.95758,-31.36237],[-64.95726,-31.36192],[-64.95668,-31.36163],[-64.956,-31.36207],[-64.95476,-31.3612],[-64.954,-31.36114],[-64.95359,-31.36081],[-64.95312,-31.36092],[-64.95309,-31.36042]]]},"properties":{"periodo":2022,"dts":"2021-12-18","dte":"2022-12-29","infobs":"incendio"}},
{"type":"Feature","geometry":{"type":"Polygon","coordinates":[[[-64.96769,-31.36329],[-64.96836,-31.36192],[-64.96873,-31.36086],[-64.96944,-31.35995],[-64.97034,-31.35935],[-64.97045,-31.35908],[-64.97085,-31.35903],[-64.97128,-31.35866],[-64.97252,-31.35866],[-64.97404,-31.35899],[-64.97407,-31.35924],[-64.9735,-31.36003],[-64.97337,-31.36067],[-64.97313,-31.36102],[-64.9731,-31.36239],[-64.97255,-31.36316],[-64.97214,-31.36304],[-64.97196,-31.36325],[-64.97198,-31.36333],[-64.97092,-31.36366],[-64.97064,-31.36313],[-64.97038,-31.36287],[-64.96962,-31.36323],[-64.96901,-31.36256],[-64.96897,-31.36236],[-64.96866,-31.36227],[-64.96866,-31.36341],[-64.96861,-31.36384],[-64.96803,-31.36388],[-64.96769,-31.36329]]]},"properties":{"periodo":2022,"dts":"2021-12-18","dte":"2022-12-29","infobs":"incendio"}},
{"type":"Feature","geometry":{"type":"Polygon","coordinates":[[[-64.92053,-31.32932],[-64.92191,-31.32769],[-64.92288,-31.32693],[-64.92372,-31.32598],[-64.92364,-31.3259],[-64.92814,-31.32338],[-64.9289,-31.32472],[-64.92908,-31.32577],[-64.92937,-31.32707],[-64.92875,-31.32754],[-64.92669,-31.32809],[-64.92466,-31.32935],[-64.92488,-31.32961],[-64.92535,-31.33055],[-64.9264,-31.33015],[-64.92741,-31.32957],[-64.92868,-31.32935],[-64.93013,-31.32928],[-64.9293,-31.3303],[-64.92795,-31.33091],[-64.92698,-31.33149],[-64.92535,-31.33207],[-64.9244,-31.33207],[-64.9235,-31.33171],[-64.9239,-31.33066],[-64.92404,-31.3299],[-64.92394,-31.32965],[-64.92335,-31.3299],[-64.9223,-31.33048],[-64.92093,-31.33095],[-64.9202,-31.33037],[-64.92053,-31.32932]]]},"properties":{"periodo":2022,"dts":"2021-12-18","dte":"2022-12-29","infobs":"incendio"}},
{"type":"Feature","geometry":{"type":"Polygon","coordinates":[[[-64.96806,-31.31836],[-64.96831,-31.31728],[-64.96833,-31.31628],[-64.96785,-31.3151],[-64.96801,-31.3149],[-64.96971,-31.31605],[-64.97092,-31.31781],[-64.97219,-31.31757],[-64.97335,-31.31769],[-64.97523,-31.31908],[-64.97488,-31.31931],[-64.97395,-31.3193],[-64.97347,-31.31969],[-64.9728,-31.31981],[-64.97246,-31.32015],[-64.97165,-31.32026],[-64.97082,-31.32026],[-64.9705,-31.32025],[-64.96937,-31.32008],[-64.96846,-31.3196],[-64.96922,-31.31908],[-64.96825,-31.3186],[-64.96806,-31.31836]]]},"properties":{"periodo":2022,"dts":"2021-12-18","dte":"2022-12-29","infobs":"incendio"}},
{"type":"Feature","geometry":{"type":"Polygon","coordinates":[[[-64.95271,-31.35819],[-64.95259,-31.35787],[-64.95259,-31.35645],[-64.95346,-31.35627],[-64.95313,-31.35522],[-64.95252,-31.35428],[-64.9515,-31.35323],[-64.95045,-31.35297],[-64.94955,-31.35218],[-64.94944,-31.35055],[-64.9494,-31.34935],[-64.94932,-31.34915],[-64.95212,-31.3482],[-64.95295,-31.34761],[-64.95379,-31.34691],[-64.95421,-31.34608],[-64.95409,-31.34513],[-64.95298,-31.34488],[-64.95174,-31.34487],[-64.95077,-31.34452],[-64.94988,-31.3446],[-64.95011,-31.34408],[-64.94935,-31.34345],[-64.9495,-31.34241],[-64.95035,-31.34123],[-64.95023,-31.34078],[-64.95038,-31.33999],[-64.95059,-31.3392],[-64.95068,-31.33844],[-64.9505,-31.33759],[-64.9491,-31.33795],[-64.94862,-31.33841],[-64.94774,-31.33853],[-64.94689,-31.33859],[-64.94692,-31.33926],[-64.94731,-31.3398],[-64.9471,-31.3405],[-64.94719,-31.34078],[-64.94777,-31.34132],[-64.94804,-31.34199],[-64.9475,-31.34284],[-64.94744,-31.34354],[-64.94759,-31.34384],[-64.94768,-31.34499],[-64.94838,-31.3452],[-64.94947,-31.34432],[-64.94953,-31.34472],[-64.94717,-31.34638],[-64.94633,-31.34709],[-64.94528,-31.34771],[-64.94469,-31.34736],[-64.94426,-31.34685],[-64.94458,-31.34548],[-64.94451,-31.34428],[-64.94447,-31.34232],[-64.94458,-31.34149],[-64.94299,-31.34171],[-64.94224,-31.34088],[-64.94215,-31.34014],[-64.94234,-31.33979],[-64.94281,-31.33914],[-64.94223,-31.33926],[-64.94228,-31.33899],[-64.9427,-31.33817],[-64.94326,-31.33734],[-64.94258,-31.33663],[-64.94147,-31.33697],[-64.94064,-31.33768],[-64.93993,-31.33838],[-64.93897,-31.33802],[-64.93871,-31.33772],[-64.93842,-31.33653],[-64.93845,-31.33627],[-64.93928,-31.33577],[-64.94011,-31.33518],[-64.94109,-31.33436],[-64.94165,-31.33354],[-64.94222,-31.33164],[-64.94278,-31.33082],[-64.94334,-31.32988],[-64.94418,-31.32917],[-64.94501,-31.32835],[-64.94434,-31.32763],[-64.94294,-31.32904],[-64.94224,-31.32987],[-64.94168,-31.33069],[-64.94098,-31.33152],[-64.94042,-31.33234],[-64.93985,-31.33274],[-64.94031,-31.33084],[-64.93937,-31.32982],[-64.93868,-31.32892],[-64.93933,-31.32823],[-64.94049,-31.32881],[-64.94103,-31.32856],[-64.94056,-31.32689],[-64.94024,-31.32544],[-64.94136,-31.32399],[-64.94165,-31.32233],[-64.94082,-31.32207],[-64.93962,-31.32291],[-64.9389,-31.32385],[-64.93886,-31.32515],[-64.93752,-31.32588],[-64.93737,-31.32696],[-64.93774,-31.32776],[-64.93687,-31.32816],[-64.9348,-31.32903],[-64.93404,-31.32899],[-64.93382,-31.32845],[-64.93379,-31.32772],[-64.93397,-31.32635],[-64.93314,-31.32609],[-64.93179,-31.32707],[-64.93125,-31.3274],[-64.9314,-31.32635],[-64.93198,-31.32537],[-64.93263,-31.32439],[-64.9331,-31.32323],[-64.93364,-31.32204],[-64.93328,-31.3207],[-64.93118,-31.31954],[-64.92886,-31.31964],[-64.92734,-31.32077],[-64.92735,-31.32087],[-64.9259,-31.32127],[-64.92477,-31.32187],[-64.92466,-31.32171],[-64.92427,-31.32213],[-64.92223,-31.3232],[-64.91975,-31.32414],[-64.92049,-31.32273],[-64.92107,-31.32265],[-64.9214,-31.32175],[-64.92205,-31.32117],[-64.92241,-31.32131],[-64.92324,-31.32066],[-64.92466,-31.3195],[-64.92564,-31.31881],[-64.92509,-31.31797],[-64.92618,-31.31717],[-64.9278,-31.31405],[-64.9301,-31.31251],[-64.93149,-31.31056],[-64.92944,-31.31094],[-64.92531,-31.31344],[-64.92392,-31.31453],[-64.92332,-31.31352],[-64.92212,-31.3141],[-64.92151,-31.31519],[-64.92049,-31.31617],[-64.91962,-31.3153],[-64.92042,-31.31494],[-64.92078,-31.31345],[-64.92009,-31.31294],[-64.92027,-31.31211],[-64.92114,-31.31109],[-64.92198,-31.31041],[-64.92281,-31.31004],[-64.92245,-31.30925],[-64.92147,-31.30917],[-64.92205,-31.3082],[-64.92299,-31.30765],[-64.92437,-31.30722],[-64.92567,-31.30769],[-64.92665,-31.3078],[-64.92712,-31.30729],[-64.92821,-31.30783],[-64.92893,-31.30776],[-64.92904,-31.30704],[-64.93071,-31.30733],[-64.93219,-31.30751],[-64.93256,-31.30715],[-64.93205,-31.30657],[-64.93292,-31.30595],[-64.93393,-31.30562],[-64.93491,-31.30581],[-64.93502,-31.30512],[-64.93618,-31.30392],[-64.93701,-31.30385],[-64.93835,-31.30457],[-64.93817,-31.30548],[-64.93817,-31.307],[-64.93861,-31.30791],[-64.93933,-31.30794],[-64.93955,-31.30812],[-64.94056,-31.30849],[-64.9398,-31.30783],[-64.93991,-31.30682],[-64.9406,-31.30689],[-64.94165,-31.30675],[-64.94165,-31.30577],[-64.94237,-31.30432],[-64.94317,-31.30414],[-64.94462,-31.30457],[-64.94513,-31.3053],[-64.94473,-31.30573],[-64.94364,-31.30552],[-64.94328,-31.30599],[-64.94444,-31.30693],[-64.94455,-31.30642],[-64.94527,-31.30617],[-64.94618,-31.30617],[-64.94723,-31.3066],[-64.9485,-31.30686],[-64.94926,-31.30667],[-64.95006,-31.30599],[-64.95172,-31.3062],[-64.95328,-31.30751],[-64.95382,-31.30849],[-64.95466,-31.31055],[-64.95549,-31.31135],[-64.95618,-31.31247],[-64.95567,-31.31356],[-64.95629,-31.31443],[-64.95712,-31.31392],[-64.95806,-31.31294],[-64.95827,-31.31262],[-64.9589,-31.31374],[-64.96079,-31.31599],[-64.96224,-31.31544],[-64.96338,-31.31425],[-64.96406,-31.31541],[-64.96442,-31.31742],[-64.96521,-31.31828],[-64.96497,-31.31841],[-64.96321,-31.31896],[-64.96255,-31.31975],[-64.96236,-31.3209],[-64.96412,-31.32206],[-64.96481,-31.32154],[-64.96629,-31.32284],[-64.96818,-31.32383],[-64.9695,-31.32433],[-64.97022,-31.32471],[-64.96946,-31.326],[-64.96886,-31.32673],[-64.96728,-31.32782],[-64.96661,-31.32849],[-64.96746,-31.32988],[-64.96886,-31.32934],[-64.96971,-31.32837],[-64.97062,-31.32824],[-64.97231,-31.32928],[-64.97274,-31.33067],[-64.97134,-31.3317],[-64.97001,-31.33207],[-64.96892,-31.33134],[-64.96716,-31.33225],[-64.96619,-31.33346],[-64.96637,-31.33468],[-64.96807,-31.33601],[-64.96952,-31.33547],[-64.97134,-31.33486],[-64.97169,-31.33482],[-64.9713,-31.33515],[-64.9709,-31.33612],[-64.97166,-31.33695],[-64.9728,-31.33696],[-64.97395,-31.33647],[-64.97587,-31.33518],[-64.97703,-31.33396],[-64.9785,-31.33352],[-64.97869,-31.33354],[-64.97894,-31.3339],[-64.97893,-31.33488],[-64.97852,-31.33684],[-64.97849,-31.33978],[-64.97884,-31.34186],[-64.97863,-31.34196],[-64.9779,-31.34202],[-64.97729,-31.34244],[-64.97656,-31.34366],[-64.97505,-31.34372],[-64.97322,-31.34414],[-64.97189,-31.34463],[-64.97068,-31.34536],[-64.9688,-31.34524],[-64.96861,-31.34602],[-64.96964,-31.34633],[-64.97086,-31.34584],[-64.97262,-31.34499],[-64.97498,-31.34517],[-64.97547,-31.34599],[-64.97536,-31.34647],[-64.97536,-31.34694],[-64.97231,-31.34863],[-64.97007,-31.34791],[-64.97068,-31.34863],[-64.97244,-31.34991],[-64.97353,-31.35136],[-64.97419,-31.35272],[-64.97377,-31.35316],[-64.97321,-31.35344],[-64.97215,-31.35323],[-64.9719,-31.3541],[-64.97071,-31.35428],[-64.97057,-31.35446],[-64.96917,-31.35293],[-64.96811,-31.35246],[-64.96704,-31.35229],[-64.96614,-31.35305],[-64.96471,-31.35457],[-64.96363,-31.35502],[-64.96293,-31.3541],[-64.96294,-31.35318],[-64.96313,-31.35226],[-64.96314,-31.3512],[-64.96297,-31.35028],[-64.96298,-31.34921],[-64.96229,-31.34737],[-64.96123,-31.34691],[-64.96069,-31.34782],[-64.9603,-31.35011],[-64.96012,-31.35102],[-64.96011,-31.35194],[-64.96063,-31.35286],[-64.96098,-31.35377],[-64.96097,-31.35469],[-64.96007,-31.35529],[-64.959,-31.35544],[-64.95758,-31.35558],[-64.95633,-31.35587],[-64.95525,-31.35647],[-64.95271,-31.35819]],[[-64.9525,-31.33601],[-64.95308,-31.33583],[-64.95299,-31.33477],[-64.95314,-31.33428],[-64.95317,-31.33328],[-64.95305,-31.33267],[-64.9525,-31.3334],[-64.95223,-31.33398],[-64.95171,-31.33404],[-64.95074,-31.33334],[-64.9502,-31.33283],[-64.95011,-31.33328],[-64.95041,-31.33407],[-64.95038,-31.33483],[-64.94968,-31.33537],[-64.94865,-31.33541],[-64.94853,-31.33504],[-64.94877,-31.33431],[-64.94786,-31.33434],[-64.94807,-31.33486],[-64.94807,-31.33516],[-64.94753,-31.33483],[-64.94674,-31.33462],[-64.94574,-31.33422],[-64.94589,-31.33471],[-64.94656,-31.33519],[-64.94747,-31.33537],[-64.94744,-31.33595],[-64.9465,-31.33613],[-64.94522,-31.33553],[-64.94404,-31.33589],[-64.94307,-31.33644],[-64.9438,-31.33638],[-64.94458,-31.33695],[-64.94446,-31.33741],[-64.94349,-31.33753],[-64.94328,-31.33792],[-64.94377,-31.33838],[-64.94449,-31.33823],[-64.94498,-31.33786],[-64.94659,-31.33735],[-64.94698,-31.33683],[-64.94795,-31.33638],[-64.94868,-31.33704],[-64.9491,-31.33735],[-64.95002,-31.33741],[-64.95108,-31.33726],[-64.95171,-31.33692],[-64.9525,-31.33601]]]},"properties":{"periodo":2022,"dts":"2021-12-18","dte":"2022-12-29","infobs":"incendio"}},
{"type":"Feature","geometry":{"type":"Polygon","coordinates":[[[-64.76669,-30.72205],[-64.76641,-30.72167],[-64.76637,-30.72117],[-64.76664,-30.72114],[-64.76735,-30.72166],[-64.76751,-30.72256],[-64.76706,-30.72258],[-64.76669,-30.72205]]]},"properties":{"periodo":2022,"dts":"2021-12-18","dte":"2022-12-29","infobs":"NA"}},
{"type":"Feature","geometry":{"type":"Polygon","coordinates":[[[-64.76798,-30.72089],[-64.76824,-30.72057],[-64.76887,-30.721],[-64.76889,-30.72189],[-64.76842,-30.7217],[-64.76841,-30.72267],[-64.76764,-30.72216],[-64.76798,-30.72089]]]},"properties":{"periodo":2022,"dts":"2021-12-18","dte":"2022-12-29","infobs":"NA"}},
{"type":"Feature","geometry":{"type":"Polygon","coordinates":[[[-64.71873,-30.68523],[-64.72065,-30.68523],[-64.72064,-30.68637],[-64.71877,-30.6865],[-64.71873,-30.68523]]]},"properties":{"periodo":2022,"dts":"2021-12-18","dte":"2022-12-29","infobs":"NA"}},
{"type":"Feature","geometry":{"type":"Polygon","coordinates":[[[-64.71529,-30.67649],[-64.71599,-30.67634],[-64.7164,-30.67695],[-64.71657,-30.67777],[-64.71703,-30.67792],[-64.71694,-30.67821],[-64.71664,-30.67843],[-64.71621,-30.67846],[-64.7159,-30.67831],[-64.71584,-30.67802],[-64.71525,-30.67795],[-64.71515,-30.67734],[-64.71601,-30.6773],[-64.71613,-30.67703],[-64.71578,-30.67677],[-64.71535,-30.67678],[-64.71529,-30.67649]]]},"properties":{"periodo":2022,"dts":"2021-12-18","dte":"2022-12-29","infobs":"NA"}},
{"type":"Feature","geometry":{"type":"Polygon","coordinates":[[[-64.68459,-30.64221],[-64.6854,-30.64178],[-64.68529,-30.64436],[-64.68514,-30.64456],[-64.6848,-30.64411],[-64.6843,-30.64446],[-64.68459,-30.64221]]]},"properties":{"periodo":2022,"dts":"2021-12-18","dte":"2022-12-29","infobs":"NA"}},
{"type":"Feature","geometry":{"type":"Polygon","coordinates":[[[-64.55117,-30.5694],[-64.55156,-30.56929],[-64.55226,-30.56925],[-64.55297,-30.56933],[-64.55421,-30.56938],[-64.55347,-30.56957],[-64.55286,-30.56997],[-64.55224,-30.57018],[-64.55217,-30.57088],[-64.55164,-30.57091],[-64.55135,-30.57039],[-64.55096,-30.57036],[-64.55079,-30.57014],[-64.55088,-30.56983],[-64.55117,-30.5694]]]},"properties":{"periodo":2022,"dts":"2021-12-18","dte":"2022-12-29","infobs":"NA"}},
{"type":"Feature","geometry":{"type":"Polygon","coordinates":[[[-65.45443,-30.75343],[-65.45452,-30.75272],[-65.45558,-30.75268],[-65.45724,-30.75365],[-65.45752,-30.75372],[-65.45754,-30.75396],[-65.45696,-30.75399],[-65.45702,-30.75534],[-65.45459,-30.75543],[-65.45445,-30.75566],[-65.45386,-30.75568],[-65.45367,-30.75544],[-65.4507,-30.75546],[-65.45072,-30.7547],[-65.4522,-30.75401],[-65.45267,-30.75355],[-65.45347,-30.75348],[-65.45377,-30.75329],[-65.45418,-30.75345],[-65.45443,-30.75343]]]},"properties":{"periodo":2022,"dts":"2021-01-20","dte":"2022-12-20","infobs":"NA"}},
{"type":"Feature","geometry":{"type":"Polygon","coordinates":[[[-65.27466,-30.54168],[-65.27435,-30.54133],[-65.27434,-30.54087],[-65.27473,-30.54063],[-65.27551,-30.54056],[-65.27555,-30.54156],[-65.27532,-30.54177],[-65.27491,-30.54183],[-65.27466,-30.54168]]]},"properties":{"periodo":2022,"dts":"2021-01-20","dte":"2022-12-20","infobs":"NA"}},
{"type":"Feature","geometry":{"type":"Polygon","coordinates":[[[-65.02314,-30.41246],[-65.02324,-30.41298],[-65.02326,-30.41571],[-65.02311,-30.41609],[-65.02272,-30.41607],[-65.02259,-30.41496],[-65.02255,-30.41308],[-65.02237,-30.41304],[-65.02231,-30.41247],[-65.02314,-30.41246]]]},"properties":{"periodo":2022,"dts":"2021-01-20","dte":"2022-12-20","infobs":"NA"}},
{"type":"Feature","geometry":{"type":"Polygon","coordinates":[[[-64.32531,-31.45978],[-64.32523,-31.46671],[-64.32487,-31.467],[-64.32494,-31.45995],[-64.32531,-31.45978]]]},"properties":{"periodo":2022,"dts":"2021-12-18","dte":"2022-12-29","infobs":"NA"}},
{"type":"Feature","geometry":{"type":"Polygon","coordinates":[[[-63.589,-29.67448],[-63.5893,-29.6739],[-63.58909,-29.67334],[-63.58867,-29.67326],[-63.58862,-29.67196],[-63.59073,-29.67199],[-63.59078,-29.67299],[-63.59118,-29.67379],[-63.59141,-29.67479],[-63.5918,-29.67542],[-63.5909,-29.67674],[-63.59106,-29.67805],[-63.58836,-29.67872],[-63.58767,-29.6788],[-63.58684,-29.67862],[-63.58705,-29.67826],[-63.58744,-29.67792],[-63.58831,-29.67776],[-63.58851,-29.67753],[-63.58913,-29.67759],[-63.58941,-29.67745],[-63.58977,-29.67693],[-63.58986,-29.67657],[-63.5894,-29.67637],[-63.58903,-29.67609],[-63.589,-29.67448]]]},"properties":{"periodo":2022,"dts":"2021-12-18","dte":"2022-12-29","infobs":"NA"}},
{"type":"Feature","geometry":{"type":"Polygon","coordinates":[[[-63.48023,-29.6885],[-63.48111,-29.68829],[-63.48148,-29.6883],[-63.4815,-29.6888],[-63.48228,-29.68876],[-63.48229,-29.68896],[-63.48152,-29.68902],[-63.48141,-29.68929],[-63.48114,-29.68954],[-63.48076,-29.68964],[-63.48023,-29.6885]]]},"properties":{"periodo":2022,"dts":"2021-12-18","dte":"2022-12-29","infobs":"NA"}},
{"type":"Feature","geometry":{"type":"Polygon","coordinates":[[[-63.47952,-29.68969],[-63.4792,-29.68927],[-63.47921,-29.68873],[-63.48007,-29.68853],[-63.48058,-29.68969],[-63.48028,-29.68977],[-63.47952,-29.68969]]]},"properties":{"periodo":2022,"dts":"2021-12-18","dte":"2022-12-29","infobs":"NA"}},
{"type":"Feature","geometry":{"type":"Polygon","coordinates":[[[-63.6403,-29.79565],[-63.64052,-29.7957],[-63.64079,-29.7991],[-63.64744,-29.79841],[-63.64748,-29.79888],[-63.64106,-29.79974],[-63.64139,-29.80251],[-63.64084,-29.80256],[-63.64048,-29.79965],[-63.63443,-29.80066],[-63.6344,-29.80004],[-63.64051,-29.79915],[-63.6403,-29.79565]]]},"properties":{"periodo":2022,"dts":"2021-12-18","dte":"2022-12-29","infobs":"NA"}},
{"type":"Feature","geometry":{"type":"Polygon","coordinates":[[[-63.64166,-29.80427],[-63.6419,-29.80406],[-63.64226,-29.80315],[-63.64267,-29.80321],[-63.64255,-29.80408],[-63.64263,-29.80476],[-63.64237,-29.80533],[-63.64159,-29.80597],[-63.64166,-29.80427]]]},"properties":{"periodo":2022,"dts":"2021-12-18","dte":"2022-12-29","infobs":"NA"}},
{"type":"Feature","geometry":{"type":"Polygon","coordinates":[[[-64.35935,-29.85862],[-64.35943,-29.85859],[-64.35939,-29.85995],[-64.35935,-29.85862]]]},"properties":{"periodo":2022,"dts":"2021-12-18","dte":"2022-12-29","infobs":"NA"}},
{"type":"Feature","geometry":{"type":"Polygon","coordinates":[[[-63.53392,-30.09223],[-63.53431,-30.09395],[-63.53044,-30.09437],[-63.52945,-30.09434],[-63.52893,-30.09459],[-63.52725,-30.09485],[-63.52541,-30.09527],[-63.52483,-30.09398],[-63.52854,-30.09322],[-63.53392,-30.09223]],[[-63.53362,-30.09337],[-63.53359,-30.09266],[-63.53231,-30.093],[-63.53162,-30.093],[-63.52968,-30.09351],[-63.52693,-30.09393],[-63.52611,-30.09399],[-63.52551,-30.09421],[-63.52568,-30.0947],[-63.526,-30.09476],[-63.52715,-30.09447],[-63.52853,-30.09422],[-63.52929,-30.09394],[-63.53037,-30.09385],[-63.53192,-30.09386],[-63.53362,-30.09337]]]},"properties":{"periodo":2022,"dts":"2021-12-18","dte":"2022-12-29","infobs":"NA"}},
{"type":"Feature","geometry":{"type":"Polygon","coordinates":[[[-63.41819,-30.14104],[-63.41846,-30.14091],[-63.41845,-30.14045],[-63.41878,-30.14043],[-63.41884,-30.14076],[-63.41938,-30.14076],[-63.41946,-30.14445],[-63.41847,-30.14441],[-63.41825,-30.14435],[-63.41824,-30.14295],[-63.41886,-30.14296],[-63.41924,-30.14314],[-63.41925,-30.14259],[-63.41905,-30.14222],[-63.41822,-30.14224],[-63.41819,-30.14104]]]},"properties":{"periodo":2022,"dts":"2021-12-18","dte":"2022-12-29","infobs":"NA"}},
{"type":"Feature","geometry":{"type":"Polygon","coordinates":[[[-64.15263,-30.43652],[-64.1528,-30.43599],[-64.15296,-30.43575],[-64.15362,-30.43561],[-64.15422,-30.43561],[-64.15428,-30.43581],[-64.15396,-30.43599],[-64.15342,-30.4361],[-64.1529,-30.43634],[-64.15288,-30.43654],[-64.15314,-30.43682],[-64.15356,-30.43686],[-64.1543,-30.43648],[-64.15457,-30.43606],[-64.15489,-30.43589],[-64.15501,-30.43672],[-64.15499,-30.43752],[-64.15487,-30.43783],[-64.15437,-30.43827],[-64.15344,-30.43879],[-64.15342,-30.43907],[-64.153,-30.43917],[-64.15254,-30.43917],[-64.15223,-30.43897],[-64.15271,-30.43845],[-64.15271,-30.43819],[-64.15251,-30.43789],[-64.15247,-30.43694],[-64.15263,-30.43652]]]},"properties":{"periodo":2022,"dts":"2021-12-18","dte":"2022-12-29","infobs":"NA"}},
{"type":"Feature","geometry":{"type":"Polygon","coordinates":[[[-63.96266,-30.43993],[-63.96223,-30.43981],[-63.96275,-30.43952],[-63.96446,-30.43943],[-63.96487,-30.43995],[-63.96522,-30.44],[-63.96554,-30.44023],[-63.96568,-30.44001],[-63.96543,-30.43974],[-63.96546,-30.43949],[-63.96691,-30.43944],[-63.96685,-30.43998],[-63.96656,-30.44003],[-63.96642,-30.43976],[-63.96606,-30.43968],[-63.96601,-30.44058],[-63.9666,-30.44096],[-63.96658,-30.44153],[-63.96645,-30.44183],[-63.96631,-30.44295],[-63.96593,-30.44305],[-63.96565,-30.44352],[-63.9652,-30.44345],[-63.9649,-30.44287],[-63.96464,-30.44306],[-63.96459,-30.44328],[-63.96348,-30.44297],[-63.96411,-30.44275],[-63.96434,-30.44254],[-63.96441,-30.44215],[-63.96429,-30.44194],[-63.96385,-30.44216],[-63.96347,-30.44253],[-63.96212,-30.44251],[-63.96151,-30.44227],[-63.96157,-30.44197],[-63.9622,-30.44208],[-63.96288,-30.44197],[-63.96293,-30.44156],[-63.96168,-30.44114],[-63.96065,-30.44118],[-63.96034,-30.4405],[-63.96051,-30.44019],[-63.96079,-30.44003],[-63.96146,-30.43997],[-63.96154,-30.43965],[-63.96184,-30.43963],[-63.96184,-30.43997],[-63.96222,-30.44],[-63.96244,-30.44022],[-63.96266,-30.43993]],[[-63.96401,-30.44008],[-63.96365,-30.44018],[-63.96345,-30.44045],[-63.96351,-30.44082],[-63.96388,-30.44107],[-63.96422,-30.44064],[-63.96401,-30.44008]]]},"properties":{"periodo":2022,"dts":"2021-12-18","dte":"2022-12-29","infobs":"NA"}},
{"type":"Feature","geometry":{"type":"Polygon","coordinates":[[[-63.36064,-30.73249],[-63.36235,-30.73216],[-63.36264,-30.73332],[-63.36237,-30.73355],[-63.36237,-30.73392],[-63.36095,-30.73422],[-63.36064,-30.73249]]]},"properties":{"periodo":2022,"dts":"2021-12-18","dte":"2022-12-29","infobs":"NA"}},
{"type":"Feature","geometry":{"type":"Polygon","coordinates":[[[-63.35806,-30.7329],[-63.36023,-30.73262],[-63.3606,-30.73437],[-63.35842,-30.7348],[-63.35806,-30.7329]]]},"properties":{"periodo":2022,"dts":"2021-12-18","dte":"2022-12-29","infobs":"NA"}},
{"type":"Feature","geometry":{"type":"Polygon","coordinates":[[[-63.36123,-30.73454],[-63.36266,-30.73427],[-63.36286,-30.7351],[-63.36307,-30.73508],[-63.36345,-30.73658],[-63.36181,-30.73682],[-63.36123,-30.73454]]]},"properties":{"periodo":2022,"dts":"2021-12-18","dte":"2022-12-29","infobs":"NA"}},
{"type":"Feature","geometry":{"type":"Polygon","coordinates":[[[-63.35855,-30.73508],[-63.36079,-30.73473],[-63.36116,-30.73564],[-63.36146,-30.73708],[-63.36057,-30.73728],[-63.36023,-30.73706],[-63.36017,-30.7368],[-63.35894,-30.73705],[-63.35855,-30.73508]]]},"properties":{"periodo":2022,"dts":"2021-12-18","dte":"2022-12-29","infobs":"NA"}},
{"type":"Feature","geometry":{"type":"Polygon","coordinates":[[[-63.41418,-30.85068],[-63.41262,-30.8497],[-63.41104,-30.84833],[-63.41026,-30.84695],[-63.40988,-30.84638],[-63.40953,-30.84543],[-63.40938,-30.84524],[-63.41208,-30.84488],[-63.41189,-30.84535],[-63.4119,-30.84594],[-63.41199,-30.84758],[-63.41246,-30.84794],[-63.41328,-30.84842],[-63.41399,-30.84908],[-63.41428,-30.84958],[-63.4151,-30.85026],[-63.41608,-30.85072],[-63.41703,-30.85071],[-63.41839,-30.85045],[-63.41856,-30.85097],[-63.41936,-30.85079],[-63.42,-30.85331],[-63.4164,-30.85367],[-63.41653,-30.85251],[-63.41641,-30.85167],[-63.41582,-30.85152],[-63.41484,-30.85108],[-63.41418,-30.85068]]]},"properties":{"periodo":2022,"dts":"2021-12-18","dte":"2022-12-29","infobs":"NA"}},
{"type":"Feature","geometry":{"type":"Polygon","coordinates":[[[-63.40673,-30.85746],[-63.40764,-30.85553],[-63.40776,-30.85465],[-63.40797,-30.85419],[-63.4085,-30.85359],[-63.40895,-30.85335],[-63.40952,-30.85345],[-63.40931,-30.85479],[-63.4098,-30.8555],[-63.40992,-30.85589],[-63.40992,-30.85709],[-63.4102,-30.85804],[-63.41032,-30.85885],[-63.40746,-30.85937],[-63.40673,-30.85746]]]},"properties":{"periodo":2022,"dts":"2021-12-18","dte":"2022-12-29","infobs":"NA"}},
{"type":"Feature","geometry":{"type":"Polygon","coordinates":[[[-63.66892,-30.94857],[-63.669,-30.94884],[-63.66935,-30.94886],[-63.66934,-30.9504],[-63.66889,-30.95043],[-63.66892,-30.94857]]]},"properties":{"periodo":2022,"dts":"2021-12-18","dte":"2022-12-29","infobs":"NA"}},
{"type":"Feature","geometry":{"type":"Polygon","coordinates":[[[-63.82899,-29.89963],[-63.8297,-29.90009],[-63.83037,-29.90026],[-63.83105,-29.90016],[-63.83079,-29.89956],[-63.831,-29.89947],[-63.83102,-29.89891],[-63.83164,-29.89878],[-63.83192,-29.89893],[-63.83211,-29.89926],[-63.83247,-29.89923],[-63.83306,-29.89867],[-63.83361,-29.89868],[-63.83363,-29.89916],[-63.83293,-29.89963],[-63.83282,-29.89996],[-63.83226,-29.90009],[-63.83244,-29.90046],[-63.83264,-29.90141],[-63.83303,-29.9016],[-63.83293,-29.90038],[-63.83329,-29.90028],[-63.83366,-29.89992],[-63.83404,-29.89973],[-63.83405,-29.90003],[-63.83385,-29.90029],[-63.83343,-29.90058],[-63.83343,-29.90151],[-63.83418,-29.90154],[-63.83431,-29.90223],[-63.83473,-29.90265],[-63.83522,-29.90232],[-63.83552,-29.90226],[-63.83629,-29.90233],[-63.83627,-29.90293],[-63.83633,-29.90352],[-63.83737,-29.90373],[-63.83767,-29.90404],[-63.83787,-29.9047],[-63.83863,-29.90464],[-63.83875,-29.90525],[-63.83917,-29.90564],[-63.83917,-29.90598],[-63.83865,-29.90613],[-63.8386,-29.90674],[-63.83847,-29.907],[-63.83804,-29.90734],[-63.83817,-29.90778],[-63.83793,-29.90808],[-63.83743,-29.90769],[-63.83709,-29.90806],[-63.83659,-29.90817],[-63.83623,-29.90816],[-63.83599,-29.90849],[-63.8353,-29.90849],[-63.83516,-29.90894],[-63.83566,-29.9092],[-63.8361,-29.90896],[-63.83692,-29.90873],[-63.83761,-29.90827],[-63.83795,-29.90847],[-63.83837,-29.90847],[-63.83841,-29.9087],[-63.83772,-29.90868],[-63.83744,-29.90883],[-63.83756,-29.90925],[-63.83748,-29.90959],[-63.83703,-29.90963],[-63.83618,-29.9094],[-63.83584,-29.90948],[-63.83622,-29.91002],[-63.83681,-29.91024],[-63.83756,-29.9103],[-63.83828,-29.91043],[-63.83828,-29.91078],[-63.83975,-29.91078],[-63.83988,-29.91152],[-63.84044,-29.91203],[-63.84055,-29.91251],[-63.8412,-29.9129],[-63.84124,-29.91327],[-63.8415,-29.9134],[-63.84196,-29.91407],[-63.84156,-29.91413],[-63.84133,-29.91472],[-63.83976,-29.9161],[-63.83872,-29.91629],[-63.83858,-29.91595],[-63.83802,-29.91608],[-63.83789,-29.91632],[-63.83713,-29.91637],[-63.83664,-29.91617],[-63.83603,-29.91584],[-63.83628,-29.9165],[-63.83597,-29.91654],[-63.83551,-29.91737],[-63.83598,-29.91819],[-63.83623,-29.91943],[-63.83695,-29.92025],[-63.83886,-29.92147],[-63.83898,-29.92169],[-63.83798,-29.92231],[-63.83753,-29.92219],[-63.83708,-29.92195],[-63.83674,-29.92196],[-63.83667,-29.92163],[-63.83634,-29.92175],[-63.83612,-29.92125],[-63.83594,-29.92107],[-63.83558,-29.92128],[-63.83534,-29.92197],[-63.83478,-29.92201],[-63.8346,-29.92125],[-63.83392,-29.92116],[-63.83408,-29.921],[-63.83405,-29.92007],[-63.83355,-29.91965],[-63.83345,-29.91922],[-63.83305,-29.91889],[-63.83291,-29.91832],[-63.83098,-29.91845],[-63.82987,-29.91862],[-63.82852,-29.91872],[-63.82866,-29.91785],[-63.82804,-29.91786],[-63.82764,-29.91757],[-63.82758,-29.91645],[-63.82802,-29.91631],[-63.82888,-29.91574],[-63.82893,-29.91528],[-63.82829,-29.91513],[-63.82789,-29.91535],[-63.8278,-29.9157],[-63.82745,-29.91542],[-63.82667,-29.91527],[-63.82658,-29.91465],[-63.8263,-29.91484],[-63.82632,-29.91532],[-63.82595,-29.91527],[-63.82573,-29.91504],[-63.8257,-29.91469],[-63.82606,-29.91384],[-63.82618,-29.91373],[-63.82631,-29.91311],[-63.82605,-29.91291],[-63.82599,-29.91226],[-63.82583,-29.9121],[-63.82549,-29.91255],[-63.82531,-29.91238],[-63.82531,-29.91186],[-63.82485,-29.91156],[-63.82485,-29.9113],[-63.82447,-29.91118],[-63.82403,-29.91166],[-63.82366,-29.91152],[-63.82372,-29.91121],[-63.82335,-29.91116],[-63.8229,-29.91096],[-63.82287,-29.91031],[-63.82266,-29.91022],[-63.82237,-29.91045],[-63.82215,-29.91025],[-63.82207,-29.90955],[-63.82184,-29.90959],[-63.82185,-29.91045],[-63.82156,-29.9109],[-63.82061,-29.91061],[-63.82067,-29.91031],[-63.82024,-29.90985],[-63.81925,-29.91021],[-63.81735,-29.91068],[-63.81679,-29.91064],[-63.81645,-29.91085],[-63.81553,-29.91085],[-63.81484,-29.91071],[-63.81454,-29.91087],[-63.81405,-29.91065],[-63.81354,-29.91062],[-63.81278,-29.91029],[-63.81275,-29.91006],[-63.8133,-29.91002],[-63.81367,-29.90953],[-63.81344,-29.90916],[-63.81365,-29.90868],[-63.81421,-29.90873],[-63.81462,-29.90835],[-63.81439,-29.90781],[-63.81442,-29.90709],[-63.81472,-29.90673],[-63.81504,-29.90662],[-63.8161,-29.90598],[-63.81742,-29.90608],[-63.81741,-29.90649],[-63.81684,-29.9067],[-63.81652,-29.90651],[-63.81561,-29.90669],[-63.81487,-29.90789],[-63.81538,-29.90789],[-63.81571,-29.90811],[-63.81625,-29.9081],[-63.81653,-29.90837],[-63.81721,-29.90847],[-63.81741,-29.90858],[-63.81796,-29.90841],[-63.81793,-29.90904],[-63.81781,-29.90945],[-63.81742,-29.90993],[-63.81755,-29.91027],[-63.81794,-29.91018],[-63.81816,-29.90979],[-63.81869,-29.90959],[-63.81898,-29.9097],[-63.81932,-29.90945],[-63.81908,-29.90906],[-63.81873,-29.90874],[-63.81895,-29.90801],[-63.81949,-29.90772],[-63.81991,-29.90699],[-63.81987,-29.90676],[-63.81944,-29.90676],[-63.81939,-29.90713],[-63.81902,-29.90692],[-63.81866,-29.90686],[-63.81866,-29.90628],[-63.81846,-29.90559],[-63.81791,-29.90571],[-63.81764,-29.90464],[-63.81855,-29.90521],[-63.81934,-29.90594],[-63.82047,-29.90588],[-63.82146,-29.9055],[-63.82209,-29.9047],[-63.82278,-29.90395],[-63.82292,-29.90297],[-63.82263,-29.90204],[-63.8222,-29.90112],[-63.82254,-29.90026],[-63.82375,-29.90013],[-63.82587,-29.90061],[-63.82679,-29.90109],[-63.82792,-29.90115],[-63.82898,-29.90108],[-63.82961,-29.90034],[-63.82899,-29.89963]],[[-63.82436,-29.90244],[-63.82414,-29.90202],[-63.82393,-29.90186],[-63.82382,-29.90232],[-63.82385,-29.90283],[-63.82407,-29.90331],[-63.82406,-29.90374],[-63.82419,-29.90408],[-63.82447,-29.90399],[-63.82456,-29.90364],[-63.82447,-29.90287],[-63.82436,-29.90244]],[[-63.82389,-29.90568],[-63.82348,-29.90541],[-63.82342,-29.90569],[-63.82369,-29.90587],[-63.82389,-29.90568]],[[-63.82391,-29.90668],[-63.82351,-29.90643],[-63.82322,-29.9067],[-63.82374,-29.90689],[-63.82391,-29.90668]],[[-63.8318,-29.90903],[-63.83095,-29.90914],[-63.83067,-29.90937],[-63.83125,-29.90953],[-63.8317,-29.90937],[-63.8318,-29.90903]],[[-63.83517,-29.91275],[-63.83469,-29.91248],[-63.83398,-29.91197],[-63.83359,-29.91205],[-63.83342,-29.91244],[-63.83404,-29.91264],[-63.83461,-29.91295],[-63.83517,-29.91275]],[[-63.83696,-29.91322],[-63.83687,-29.91297],[-63.83619,-29.9131],[-63.83591,-29.9134],[-63.83563,-29.91402],[-63.83626,-29.91428],[-63.83673,-29.91381],[-63.83806,-29.9138],[-63.83863,-29.9137],[-63.83843,-29.91338],[-63.83789,-29.91336],[-63.83744,-29.91351],[-63.8369,-29.91347],[-63.83696,-29.91322]],[[-63.8304,-29.9133],[-63.82998,-29.91336],[-63.82936,-29.9139],[-63.82942,-29.91413],[-63.82979,-29.91403],[-63.8304,-29.9133]],[[-63.83112,-29.91397],[-63.83135,-29.91439],[-63.83191,-29.9147],[-63.83284,-29.91453],[-63.83338,-29.9142],[-63.83369,-29.91393],[-63.83394,-29.91341],[-63.83348,-29.91334],[-63.83326,-29.91371],[-63.83278,-29.91418],[-63.83194,-29.91419],[-63.83114,-29.91375],[-63.83112,-29.91397]],[[-63.83496,-29.91429],[-63.83461,-29.91449],[-63.8352,-29.91472],[-63.8355,-29.91459],[-63.83534,-29.91437],[-63.83496,-29.91429]]]},"properties":{"periodo":2022,"dts":"2021-12-18","dte":"2022-12-29","infobs":"incendio"}},
{"type":"Feature","geometry":{"type":"Polygon","coordinates":[[[-64.29381,-30.93218],[-64.29708,-30.93216],[-64.29752,-30.93236],[-64.29773,-30.93379],[-64.29818,-30.93501],[-64.29857,-30.93546],[-64.29922,-30.93574],[-64.29916,-30.93626],[-64.29854,-30.93683],[-64.29804,-30.93704],[-64.29732,-30.93699],[-64.29563,-30.93677],[-64.29503,-30.93678],[-64.29432,-30.93733],[-64.2941,-30.93766],[-64.29437,-30.93772],[-64.2949,-30.93759],[-64.2952,-30.93766],[-64.29445,-30.93824],[-64.29432,-30.93903],[-64.29403,-30.93953],[-64.29284,-30.93985],[-64.29212,-30.93983],[-64.29207,-30.94031],[-64.2927,-30.94047],[-64.29337,-30.94042],[-64.29266,-30.9414],[-64.2922,-30.94265],[-64.29246,-30.94398],[-64.29294,-30.94446],[-64.29301,-30.94874],[-64.2926,-30.94983],[-64.2919,-30.95057],[-64.29142,-30.95072],[-64.29182,-30.94987],[-64.29147,-30.94875],[-64.29107,-30.94809],[-64.29011,-30.94798],[-64.28958,-30.94773],[-64.28851,-30.94741],[-64.28813,-30.94717],[-64.28772,-30.94711],[-64.2867,-30.94637],[-64.28482,-30.94532],[-64.28435,-30.94439],[-64.28403,-30.94345],[-64.28401,-30.94268],[-64.28486,-30.94236],[-64.28556,-30.94162],[-64.28611,-30.94076],[-64.28638,-30.93979],[-64.28679,-30.9388],[-64.28749,-30.93807],[-64.28833,-30.93733],[-64.2896,-30.93707],[-64.29073,-30.93706],[-64.29298,-30.93679],[-64.29397,-30.9363],[-64.29481,-30.93568],[-64.29479,-30.93471],[-64.29449,-30.93374],[-64.29392,-30.93288],[-64.29381,-30.93218]],[[-64.29693,-30.93502],[-64.29637,-30.93472],[-64.29592,-30.93526],[-64.29552,-30.93584],[-64.29604,-30.93644],[-64.29642,-30.93652],[-64.29668,-30.93631],[-64.29693,-30.93502]],[[-64.2891,-30.93912],[-64.28807,-30.93954],[-64.28767,-30.93998],[-64.2877,-30.94029],[-64.28794,-30.94035],[-64.28885,-30.93999],[-64.2891,-30.93912]]]},"properties":{"periodo":2022,"dts":"2021-12-18","dte":"2022-12-29","infobs":"incendio"}},
{"type":"Feature","geometry":{"type":"Polygon","coordinates":[[[-64.3011,-31.67248],[-64.30127,-31.67162],[-64.30171,-31.67114],[-64.30207,-31.6706],[-64.30227,-31.67002],[-64.30218,-31.66943],[-64.30191,-31.66941],[-64.30178,-31.66899],[-64.30452,-31.66898],[-64.30454,-31.66992],[-64.30427,-31.67021],[-64.30399,-31.67098],[-64.30403,-31.6715],[-64.30425,-31.67169],[-64.30451,-31.67254],[-64.30108,-31.67259],[-64.3011,-31.67248]]]},"properties":{"periodo":2022,"dts":"2021-12-18","dte":"2022-12-29","infobs":"incendio"}},
{"type":"Feature","geometry":{"type":"Polygon","coordinates":[[[-64.29423,-31.66907],[-64.30152,-31.669],[-64.30142,-31.66953],[-64.30096,-31.66966],[-64.30072,-31.66927],[-64.30041,-31.66971],[-64.30005,-31.6704],[-64.29983,-31.6713],[-64.2999,-31.67184],[-64.29954,-31.67252],[-64.29683,-31.67247],[-64.29679,-31.6718],[-64.29684,-31.67132],[-64.29708,-31.67053],[-64.29686,-31.66983],[-64.29647,-31.66979],[-64.29664,-31.67063],[-64.29658,-31.67131],[-64.29624,-31.67132],[-64.29623,-31.67239],[-64.2958,-31.67241],[-64.29578,-31.67131],[-64.29551,-31.67133],[-64.2954,-31.67191],[-64.29522,-31.67177],[-64.29512,-31.67143],[-64.29481,-31.67131],[-64.2946,-31.67165],[-64.29421,-31.67206],[-64.29423,-31.66907]]]},"properties":{"periodo":2022,"dts":"2021-12-18","dte":"2022-12-29","infobs":"incendio"}},
{"type":"Feature","geometry":{"type":"Polygon","coordinates":[[[-64.44015,-30.70721],[-64.43971,-30.70691],[-64.43985,-30.70636],[-64.44024,-30.70581],[-64.44079,-30.70604],[-64.44088,-30.70652],[-64.44125,-30.70678],[-64.44054,-30.70721],[-64.4401,-30.70767],[-64.44015,-30.70721]]]},"properties":{"periodo":2022,"dts":"2021-12-18","dte":"2022-12-29","infobs":"incendio"}},
{"type":"Feature","geometry":{"type":"Polygon","coordinates":[[[-63.86511,-29.91134],[-63.86531,-29.91103],[-63.8672,-29.91141],[-63.86735,-29.9121],[-63.86859,-29.91188],[-63.86879,-29.91248],[-63.86924,-29.91287],[-63.87023,-29.91266],[-63.87331,-29.91327],[-63.87308,-29.91771],[-63.87226,-29.91765],[-63.87146,-29.9167],[-63.87145,-29.91579],[-63.87055,-29.91433],[-63.86975,-29.91355],[-63.8689,-29.91352],[-63.86751,-29.91301],[-63.86631,-29.91219],[-63.86511,-29.91134]]]},"properties":{"periodo":2022,"dts":"2021-12-18","dte":"2022-12-29","infobs":"incendio"}},
{"type":"Feature","geometry":{"type":"Polygon","coordinates":[[[-63.86857,-29.92147],[-63.86957,-29.92147],[-63.87115,-29.92141],[-63.87085,-29.92094],[-63.87105,-29.92042],[-63.87209,-29.92054],[-63.87175,-29.92124],[-63.87245,-29.9218],[-63.87298,-29.92098],[-63.87329,-29.92419],[-63.87617,-29.92858],[-63.8781,-29.93163],[-63.87811,-29.93287],[-63.87833,-29.93315],[-63.87766,-29.93317],[-63.87725,-29.93218],[-63.87641,-29.93258],[-63.87622,-29.93323],[-63.87558,-29.93345],[-63.87523,-29.93297],[-63.87517,-29.93211],[-63.87388,-29.93238],[-63.87359,-29.93294],[-63.87338,-29.93191],[-63.87269,-29.93213],[-63.87245,-29.93295],[-63.8719,-29.93326],[-63.87101,-29.93283],[-63.87015,-29.93167],[-63.86904,-29.92969],[-63.86829,-29.9287],[-63.86829,-29.92861],[-63.86893,-29.92766],[-63.86932,-29.92757],[-63.87057,-29.92829],[-63.87166,-29.92807],[-63.87185,-29.92746],[-63.871,-29.92656],[-63.86981,-29.92657],[-63.86912,-29.9267],[-63.86797,-29.92619],[-63.86667,-29.92521],[-63.86617,-29.92456],[-63.86671,-29.92451],[-63.86831,-29.9255],[-63.86951,-29.92592],[-63.8705,-29.926],[-63.8698,-29.92501],[-63.8688,-29.9245],[-63.868,-29.92368],[-63.86819,-29.92293],[-63.86943,-29.92292],[-63.86857,-29.92147]]]},"properties":{"periodo":2022,"dts":"2021-12-18","dte":"2022-12-29","infobs":"incendio"}},
{"type":"Feature","geometry":{"type":"Polygon","coordinates":[[[-63.81862,-29.89745],[-63.81844,-29.89722],[-63.81862,-29.89663],[-63.81972,-29.8966],[-63.82007,-29.89617],[-63.81981,-29.89577],[-63.82004,-29.89569],[-63.82013,-29.89531],[-63.82066,-29.8951],[-63.82086,-29.89492],[-63.82079,-29.89444],[-63.82118,-29.89401],[-63.82132,-29.89361],[-63.82162,-29.89387],[-63.82197,-29.89347],[-63.82179,-29.89308],[-63.82264,-29.89288],[-63.82316,-29.89301],[-63.82412,-29.89302],[-63.82415,-29.89352],[-63.82434,-29.89383],[-63.82461,-29.89355],[-63.82481,-29.89381],[-63.82472,-29.89406],[-63.82494,-29.89506],[-63.82539,-29.89579],[-63.82557,-29.89648],[-63.8258,-29.89681],[-63.82636,-29.89798],[-63.82721,-29.89885],[-63.82773,-29.89906],[-63.82691,-29.89888],[-63.82599,-29.8982],[-63.82556,-29.89734],[-63.82498,-29.89655],[-63.82386,-29.89637],[-63.82294,-29.89687],[-63.82224,-29.89755],[-63.82111,-29.89756],[-63.82004,-29.89744],[-63.81862,-29.89745]]]},"properties":{"periodo":2022,"dts":"2021-12-18","dte":"2022-12-29","infobs":"incendio"}},
{"type":"Feature","geometry":{"type":"Polygon","coordinates":[[[-63.84933,-29.91784],[-63.84898,-29.91778],[-63.84861,-29.91732],[-63.84826,-29.91719],[-63.84803,-29.91745],[-63.84857,-29.91777],[-63.84782,-29.9177],[-63.84749,-29.91742],[-63.84727,-29.91747],[-63.84687,-29.91729],[-63.84568,-29.9171],[-63.84486,-29.91657],[-63.84536,-29.91619],[-63.84578,-29.91604],[-63.84608,-29.91624],[-63.84665,-29.91613],[-63.84818,-29.91685],[-63.84836,-29.9167],[-63.84818,-29.91642],[-63.84799,-29.91587],[-63.84821,-29.91558],[-63.84854,-29.91552],[-63.84874,-29.91534],[-63.84809,-29.91504],[-63.8478,-29.91505],[-63.84746,-29.91458],[-63.8474,-29.91409],[-63.84752,-29.91379],[-63.84734,-29.91343],[-63.84709,-29.91353],[-63.84703,-29.91407],[-63.84684,-29.91459],[-63.84707,-29.91479],[-63.84704,-29.91509],[-63.84664,-29.91557],[-63.84527,-29.91544],[-63.84476,-29.91532],[-63.84401,-29.91492],[-63.84364,-29.91514],[-63.84345,-29.91538],[-63.8425,-29.91459],[-63.84224,-29.91429],[-63.84262,-29.9139],[-63.84249,-29.91357],[-63.84254,-29.91281],[-63.84236,-29.91231],[-63.84206,-29.91209],[-63.84254,-29.91183],[-63.8427,-29.91205],[-63.84325,-29.91244],[-63.84382,-29.91244],[-63.84368,-29.913],[-63.84332,-29.91341],[-63.84391,-29.91335],[-63.84438,-29.91313],[-63.84425,-29.91252],[-63.84457,-29.91264],[-63.8448,-29.91249],[-63.84515,-29.91193],[-63.84555,-29.912],[-63.84566,-29.91225],[-63.8468,-29.91256],[-63.84707,-29.91281],[-63.84742,-29.91274],[-63.84801,-29.91291],[-63.84811,-29.91327],[-63.84848,-29.91344],[-63.84859,-29.9137],[-63.84914,-29.91389],[-63.84918,-29.91412],[-63.84904,-29.91449],[-63.84997,-29.91484],[-63.85006,-29.91535],[-63.8499,-29.91551],[-63.84946,-29.91542],[-63.8489,-29.91548],[-63.84953,-29.91603],[-63.85018,-29.91616],[-63.85101,-29.91676],[-63.85138,-29.91656],[-63.85203,-29.91647],[-63.85113,-29.91727],[-63.85018,-29.91769],[-63.84933,-29.91784]]]},"properties":{"periodo":2022,"dts":"2021-12-18","dte":"2022-12-29","infobs":"incendio"}},
{"type":"Feature","geometry":{"type":"Polygon","coordinates":[[[-63.83277,-29.92061],[-63.83251,-29.92057],[-63.83188,-29.92016],[-63.83138,-29.9199],[-63.83133,-29.91952],[-63.83183,-29.91934],[-63.83225,-29.9188],[-63.83246,-29.91875],[-63.83282,-29.91907],[-63.83323,-29.91997],[-63.83349,-29.92037],[-63.83322,-29.92066],[-63.83277,-29.92061]]]},"properties":{"periodo":2022,"dts":"2021-12-18","dte":"2022-12-29","infobs":"incendio"}},
{"type":"Feature","geometry":{"type":"Polygon","coordinates":[[[-63.88421,-29.94137],[-63.88333,-29.94057],[-63.88308,-29.94006],[-63.88164,-29.93998],[-63.88134,-29.93951],[-63.88218,-29.93933],[-63.88228,-29.93881],[-63.88073,-29.93817],[-63.88073,-29.93791],[-63.88142,-29.93773],[-63.88102,-29.93704],[-63.88052,-29.93696],[-63.88012,-29.93623],[-63.88111,-29.93622],[-63.88171,-29.93652],[-63.88226,-29.93717],[-63.88291,-29.93716],[-63.88382,-29.93681],[-63.88398,-29.93699],[-63.88435,-29.93792],[-63.88446,-29.93845],[-63.88386,-29.93854],[-63.88346,-29.93828],[-63.88332,-29.93889],[-63.88372,-29.93953],[-63.88454,-29.94001],[-63.88455,-29.94085],[-63.88421,-29.94137]]]},"properties":{"periodo":2022,"dts":"2021-12-18","dte":"2022-12-29","infobs":"incendio"}},
{"type":"Feature","geometry":{"type":"Polygon","coordinates":[[[-64.08379,-30.37169],[-64.08467,-30.37178],[-64.08575,-30.37137],[-64.08695,-30.37133],[-64.08765,-30.37112],[-64.08788,-30.37071],[-64.08862,-30.37111],[-64.08862,-30.37151],[-64.08773,-30.37189],[-64.08653,-30.37197],[-64.08568,-30.37218],[-64.08468,-30.37232],[-64.0835,-30.3723],[-64.08379,-30.37169]]]},"properties":{"periodo":2022,"dts":"2021-12-18","dte":"2022-12-29","infobs":"incendio"}},
{"type":"Feature","geometry":{"type":"Polygon","coordinates":[[[-64.08358,-30.37325],[-64.08407,-30.37347],[-64.08446,-30.3734],[-64.08495,-30.37299],[-64.08546,-30.37305],[-64.08485,-30.37376],[-64.08431,-30.37397],[-64.08431,-30.37408],[-64.08368,-30.37354],[-64.08358,-30.37325]]]},"properties":{"periodo":2022,"dts":"2021-12-18","dte":"2022-12-29","infobs":"incendio"}},
{"type":"Feature","geometry":{"type":"Polygon","coordinates":[[[-64.08664,-30.37519],[-64.08565,-30.37483],[-64.08668,-30.37432],[-64.08732,-30.37337],[-64.0881,-30.37327],[-64.08814,-30.3738],[-64.08761,-30.37472],[-64.08723,-30.37509],[-64.08664,-30.37519]]]},"properties":{"periodo":2022,"dts":"2021-12-18","dte":"2022-12-29","infobs":"incendio"}},
{"type":"Feature","geometry":{"type":"Polygon","coordinates":[[[-63.96301,-30.39569],[-63.96306,-30.39549],[-63.96362,-30.3954],[-63.96379,-30.39557],[-63.96374,-30.396],[-63.96309,-30.39609],[-63.96327,-30.39655],[-63.96317,-30.39683],[-63.96273,-30.39677],[-63.96233,-30.39651],[-63.9621,-30.39624],[-63.96171,-30.39605],[-63.96171,-30.3955],[-63.96207,-30.39543],[-63.96267,-30.39577],[-63.96301,-30.39569]]]},"properties":{"periodo":2022,"dts":"2021-12-18","dte":"2022-12-29","infobs":"incendio"}},
{"type":"Feature","geometry":{"type":"Polygon","coordinates":[[[-63.99568,-30.39636],[-63.99619,-30.3962],[-63.99644,-30.3965],[-63.99715,-30.39655],[-63.99721,-30.39693],[-63.99693,-30.39714],[-63.99643,-30.39683],[-63.99638,-30.39745],[-63.99596,-30.39748],[-63.9957,-30.39704],[-63.99577,-30.39656],[-63.99568,-30.39636]]]},"properties":{"periodo":2022,"dts":"2021-12-18","dte":"2022-12-29","infobs":"incendio"}},
{"type":"Feature","geometry":{"type":"Polygon","coordinates":[[[-64.25029,-30.42254],[-64.25101,-30.42216],[-64.25137,-30.42172],[-64.25159,-30.42228],[-64.25104,-30.42254],[-64.25108,-30.42294],[-64.25197,-30.4226],[-64.2525,-30.42293],[-64.25242,-30.42363],[-64.25219,-30.42404],[-64.25255,-30.42439],[-64.25229,-30.42504],[-64.25186,-30.42535],[-64.25216,-30.42568],[-64.25268,-30.4255],[-64.25307,-30.4261],[-64.25368,-30.42642],[-64.25391,-30.42609],[-64.25399,-30.42533],[-64.25459,-30.425],[-64.25506,-30.42487],[-64.25553,-30.42511],[-64.25558,-30.42587],[-64.25455,-30.42549],[-64.25434,-30.42639],[-64.25408,-30.42821],[-64.2537,-30.42803],[-64.25337,-30.42715],[-64.25293,-30.42693],[-64.25247,-30.42719],[-64.25263,-30.42787],[-64.25206,-30.42754],[-64.25199,-30.42659],[-64.25147,-30.42624],[-64.2512,-30.42551],[-64.25075,-30.42493],[-64.24996,-30.42461],[-64.24965,-30.4251],[-64.25003,-30.42575],[-64.25065,-30.42594],[-64.25086,-30.42629],[-64.251,-30.42691],[-64.25066,-30.42671],[-64.24992,-30.42608],[-64.24872,-30.42551],[-64.24796,-30.42529],[-64.24839,-30.42458],[-64.24899,-30.42392],[-64.24968,-30.42328],[-64.25029,-30.42254]]]},"properties":{"periodo":2022,"dts":"2021-12-18","dte":"2022-12-29","infobs":"incendio"}},
{"type":"Feature","geometry":{"type":"Polygon","coordinates":[[[-64.23397,-30.42698],[-64.23433,-30.42617],[-64.23412,-30.42523],[-64.23511,-30.42488],[-64.2363,-30.42478],[-64.23735,-30.42477],[-64.23693,-30.42508],[-64.23662,-30.42588],[-64.23671,-30.42643],[-64.23739,-30.42677],[-64.23773,-30.42672],[-64.238,-30.42645],[-64.23836,-30.42634],[-64.23853,-30.42655],[-64.23794,-30.4274],[-64.23804,-30.42789],[-64.23832,-30.42797],[-64.23835,-30.42828],[-64.23784,-30.42849],[-64.23777,-30.42882],[-64.23849,-30.42888],[-64.23961,-30.42882],[-64.24053,-30.42847],[-64.24126,-30.42791],[-64.24145,-30.42725],[-64.24166,-30.42743],[-64.24161,-30.42838],[-64.24088,-30.42869],[-64.23946,-30.42907],[-64.23865,-30.4294],[-64.2396,-30.42965],[-64.23875,-30.42984],[-64.23757,-30.43016],[-64.23729,-30.43052],[-64.23691,-30.4308],[-64.23595,-30.43061],[-64.23558,-30.43046],[-64.23437,-30.43012],[-64.23273,-30.42929],[-64.23245,-30.42969],[-64.23153,-30.42937],[-64.23128,-30.42902],[-64.23202,-30.42902],[-64.23232,-30.42894],[-64.23265,-30.42836],[-64.23225,-30.42791],[-64.23208,-30.42785],[-64.23326,-30.42772],[-64.23378,-30.4272],[-64.23403,-30.42721],[-64.23463,-30.4275],[-64.23516,-30.42752],[-64.23553,-30.42746],[-64.23567,-30.42765],[-64.23445,-30.42784],[-64.23362,-30.42788],[-64.23344,-30.42819],[-64.23293,-30.42869],[-64.2333,-30.42899],[-64.23366,-30.42951],[-64.2343,-30.42944],[-64.23501,-30.42898],[-64.23533,-30.42907],[-64.23559,-30.42889],[-64.23583,-30.42845],[-64.23633,-30.42833],[-64.23689,-30.42772],[-64.23672,-30.42733],[-64.23632,-30.42711],[-64.23654,-30.42655],[-64.23614,-30.42655],[-64.23603,-30.42673],[-64.23545,-30.42689],[-64.23483,-30.42689],[-64.23397,-30.42698]],[[-64.2373,-30.42884],[-64.2361,-30.42939],[-64.2357,-30.42982],[-64.23617,-30.43009],[-64.23658,-30.4301],[-64.23718,-30.42966],[-64.23753,-30.42928],[-64.2373,-30.42884]]]},"properties":{"periodo":2022,"dts":"2021-12-18","dte":"2022-12-29","infobs":"incendio"}},
{"type":"Feature","geometry":{"type":"Polygon","coordinates":[[[-64.25861,-30.43152],[-64.25786,-30.43076],[-64.25719,-30.43],[-64.25629,-30.42944],[-64.25569,-30.42867],[-64.25532,-30.42779],[-64.25546,-30.42717],[-64.25608,-30.42715],[-64.25651,-30.42687],[-64.25661,-30.42768],[-64.25626,-30.42823],[-64.25618,-30.42876],[-64.25715,-30.42954],[-64.25792,-30.43006],[-64.25859,-30.43041],[-64.259,-30.43093],[-64.25985,-30.43123],[-64.26035,-30.43185],[-64.26108,-30.43159],[-64.26154,-30.43116],[-64.26215,-30.43095],[-64.26236,-30.43148],[-64.2617,-30.43175],[-64.26097,-30.43239],[-64.26002,-30.43285],[-64.25913,-30.43235],[-64.25861,-30.43152]]]},"properties":{"periodo":2022,"dts":"2021-12-18","dte":"2022-12-29","infobs":"incendio"}},
{"type":"Feature","geometry":{"type":"Polygon","coordinates":[[[-64.24799,-30.4302],[-64.24822,-30.42951],[-64.24675,-30.42896],[-64.24675,-30.42879],[-64.24969,-30.42918],[-64.24938,-30.42997],[-64.24803,-30.43041],[-64.24799,-30.4302]]]},"properties":{"periodo":2022,"dts":"2021-12-18","dte":"2022-12-29","infobs":"incendio"}},
{"type":"Feature","geometry":{"type":"Polygon","coordinates":[[[-64.24111,-30.43017],[-64.24147,-30.43007],[-64.24201,-30.43004],[-64.24214,-30.43014],[-64.24322,-30.43015],[-64.24326,-30.43047],[-64.24384,-30.43087],[-64.24377,-30.4313],[-64.24349,-30.43125],[-64.24299,-30.43153],[-64.24264,-30.43184],[-64.24244,-30.43179],[-64.24174,-30.43121],[-64.23959,-30.43108],[-64.23876,-30.43089],[-64.23921,-30.43056],[-64.24019,-30.43053],[-64.24111,-30.43017]]]},"properties":{"periodo":2022,"dts":"2021-12-18","dte":"2022-12-29","infobs":"incendio"}},
{"type":"Feature","geometry":{"type":"Polygon","coordinates":[[[-64.26538,-30.43316],[-64.26516,-30.43216],[-64.26556,-30.4314],[-64.26611,-30.43127],[-64.26657,-30.43088],[-64.26671,-30.4304],[-64.26762,-30.43029],[-64.26789,-30.43077],[-64.26771,-30.43143],[-64.26734,-30.43224],[-64.26782,-30.43281],[-64.26814,-30.43331],[-64.26756,-30.4335],[-64.2676,-30.43425],[-64.26817,-30.43541],[-64.26893,-30.43542],[-64.26897,-30.43566],[-64.26844,-30.43576],[-64.26803,-30.43568],[-64.26741,-30.43529],[-64.26668,-30.43527],[-64.26606,-30.43449],[-64.26542,-30.43442],[-64.26478,-30.43466],[-64.26377,-30.43474],[-64.26369,-30.43559],[-64.26289,-30.43499],[-64.26169,-30.43462],[-64.26173,-30.43437],[-64.26217,-30.43353],[-64.26271,-30.43289],[-64.26343,-30.43313],[-64.26421,-30.43297],[-64.26442,-30.43358],[-64.26527,-30.43397],[-64.26538,-30.43316]]]},"properties":{"periodo":2022,"dts":"2021-12-18","dte":"2022-12-29","infobs":"incendio"}},
{"type":"Feature","geometry":{"type":"Polygon","coordinates":[[[-64.2446,-30.43285],[-64.24452,-30.43262],[-64.24479,-30.43252],[-64.24508,-30.43203],[-64.24577,-30.43138],[-64.24577,-30.43076],[-64.24697,-30.43075],[-64.24722,-30.43323],[-64.2446,-30.43285]]]},"properties":{"periodo":2022,"dts":"2021-12-18","dte":"2022-12-29","infobs":"incendio"}},
{"type":"Feature","geometry":{"type":"Polygon","coordinates":[[[-64.06647,-30.44728],[-64.06558,-30.4469],[-64.06534,-30.44639],[-64.06628,-30.4457],[-64.06611,-30.44529],[-64.06532,-30.44476],[-64.06507,-30.44393],[-64.06501,-30.44292],[-64.0651,-30.44218],[-64.06536,-30.4416],[-64.06769,-30.44157],[-64.0676,-30.4427],[-64.06727,-30.44467],[-64.06673,-30.44766],[-64.06647,-30.44728]]]},"properties":{"periodo":2022,"dts":"2021-12-18","dte":"2022-12-29","infobs":"incendio"}},
{"type":"Feature","geometry":{"type":"Polygon","coordinates":[[[-64.24719,-30.49362],[-64.24677,-30.49274],[-64.24703,-30.49233],[-64.24735,-30.49229],[-64.24766,-30.49206],[-64.24767,-30.49139],[-64.24782,-30.49108],[-64.24808,-30.49093],[-64.24821,-30.49033],[-64.24947,-30.48937],[-64.24998,-30.48894],[-64.25157,-30.48881],[-64.25254,-30.48902],[-64.25277,-30.48919],[-64.25291,-30.49001],[-64.25321,-30.49028],[-64.25293,-30.49061],[-64.25256,-30.49083],[-64.25217,-30.49086],[-64.25172,-30.49101],[-64.25172,-30.49142],[-64.24788,-30.49451],[-64.24784,-30.49435],[-64.24698,-30.49435],[-64.24669,-30.49393],[-64.24719,-30.49362]]]},"properties":{"periodo":2022,"dts":"2021-12-18","dte":"2022-12-29","infobs":"incendio"}},
{"type":"Feature","geometry":{"type":"Polygon","coordinates":[[[-64.29281,-30.92659],[-64.29327,-30.92595],[-64.29396,-30.92521],[-64.29466,-30.92435],[-64.29604,-30.92288],[-64.29645,-30.92201],[-64.29701,-30.92104],[-64.297,-30.92006],[-64.29684,-30.91909],[-64.29655,-30.91799],[-64.29653,-30.9169],[-64.29708,-30.91604],[-64.29778,-30.91506],[-64.29848,-30.9142],[-64.29937,-30.91325],[-64.29987,-30.9163],[-64.30059,-30.91613],[-64.30082,-30.91559],[-64.30105,-30.91472],[-64.301,-30.91434],[-64.30173,-30.91471],[-64.30141,-30.916],[-64.30161,-30.9167],[-64.30209,-30.91683],[-64.29978,-30.92001],[-64.29919,-30.92275],[-64.29855,-30.92305],[-64.29853,-30.92218],[-64.29829,-30.92202],[-64.29743,-30.92213],[-64.29633,-30.9228],[-64.29601,-30.92366],[-64.29513,-30.92485],[-64.29497,-30.92522],[-64.29366,-30.92614],[-64.29281,-30.92659]]]},"properties":{"periodo":2022,"dts":"2021-12-18","dte":"2022-12-29","infobs":"incendio"}},
{"type":"Feature","geometry":{"type":"Polygon","coordinates":[[[-64.30106,-30.92128],[-64.30176,-30.92019],[-64.30318,-30.91862],[-64.30404,-30.91776],[-64.30455,-30.91762],[-64.30495,-30.91849],[-64.30448,-30.91895],[-64.3041,-30.91941],[-64.30378,-30.92049],[-64.30282,-30.92096],[-64.30187,-30.92155],[-64.30024,-30.92227],[-64.30106,-30.92128]]]},"properties":{"periodo":2022,"dts":"2021-12-18","dte":"2022-12-29","infobs":"incendio"}},
{"type":"Feature","geometry":{"type":"Polygon","coordinates":[[[-64.29155,-30.93012],[-64.29215,-30.93018],[-64.29273,-30.93011],[-64.29246,-30.92941],[-64.29214,-30.92912],[-64.29223,-30.92873],[-64.29252,-30.92852],[-64.293,-30.92835],[-64.29385,-30.9279],[-64.2944,-30.9273],[-64.29461,-30.92715],[-64.29547,-30.92689],[-64.29596,-30.92693],[-64.29651,-30.92719],[-64.29699,-30.92717],[-64.2964,-30.9261],[-64.29656,-30.92551],[-64.29643,-30.92494],[-64.29799,-30.92432],[-64.29902,-30.92404],[-64.29905,-30.92479],[-64.29913,-30.92507],[-64.2994,-30.92542],[-64.30065,-30.92504],[-64.30135,-30.92598],[-64.30064,-30.92715],[-64.29996,-30.92813],[-64.29867,-30.9286],[-64.29863,-30.92955],[-64.29842,-30.92993],[-64.29797,-30.92981],[-64.29789,-30.92933],[-64.2976,-30.92979],[-64.29703,-30.93021],[-64.29546,-30.93085],[-64.29491,-30.93144],[-64.29443,-30.93163],[-64.29377,-30.93087],[-64.29327,-30.93083],[-64.29282,-30.9315],[-64.2927,-30.93185],[-64.29283,-30.93212],[-64.29193,-30.93169],[-64.29135,-30.93084],[-64.29155,-30.93012]]]},"properties":{"periodo":2022,"dts":"2021-12-18","dte":"2022-12-29","infobs":"incendio"}},
{"type":"Feature","geometry":{"type":"Polygon","coordinates":[[[-63.45646,-30.21279],[-63.45629,-30.21279],[-63.4563,-30.21131],[-63.45768,-30.21184],[-63.45864,-30.21279],[-63.45646,-30.21279]]]},"properties":{"periodo":2022,"dts":"2021-12-18","dte":"2022-12-29","infobs":"posible silvopastoril/desarbustado"}},
{"type":"Feature","geometry":{"type":"Polygon","coordinates":[[[-63.3942,-30.23655],[-63.39495,-30.23655],[-63.39496,-30.23754],[-63.39513,-30.23797],[-63.39759,-30.23768],[-63.39891,-30.23767],[-63.40205,-30.23709],[-63.40297,-30.23674],[-63.40332,-30.24239],[-63.40418,-30.24249],[-63.40517,-30.24255],[-63.40659,-30.24275],[-63.40797,-30.24245],[-63.41022,-30.24211],[-63.41108,-30.24205],[-63.41286,-30.24178],[-63.41427,-30.24183],[-63.41495,-30.24192],[-63.41563,-30.24191],[-63.41778,-30.24169],[-63.41894,-30.24135],[-63.42147,-30.24107],[-63.42336,-30.24121],[-63.42579,-30.24114],[-63.42615,-30.24137],[-63.42549,-30.24174],[-63.42455,-30.24132],[-63.42236,-30.24133],[-63.421,-30.24244],[-63.42028,-30.24271],[-63.42007,-30.24299],[-63.41949,-30.24271],[-63.41822,-30.24271],[-63.41771,-30.24261],[-63.41785,-30.24316],[-63.41819,-30.24371],[-63.4186,-30.24422],[-63.4184,-30.24613],[-63.41843,-30.2472],[-63.41857,-30.2473],[-63.42062,-30.2473],[-63.42184,-30.24738],[-63.42254,-30.24805],[-63.42311,-30.24808],[-63.42271,-30.24839],[-63.41703,-30.24811],[-63.40792,-30.24808],[-63.39555,-30.24799],[-63.39466,-30.248],[-63.39452,-30.24829],[-63.39384,-30.24757],[-63.39348,-30.24711],[-63.39236,-30.24628],[-63.39157,-30.24577],[-63.3914,-30.24505],[-63.39132,-30.24434],[-63.39208,-30.24331],[-63.3926,-30.24311],[-63.39413,-30.24312],[-63.3942,-30.23655]],[[-63.40156,-30.24331],[-63.40117,-30.24335],[-63.40115,-30.24359],[-63.40193,-30.24353],[-63.40156,-30.24331]],[[-63.41296,-30.24365],[-63.41203,-30.24412],[-63.41161,-30.24421],[-63.41104,-30.24379],[-63.41067,-30.24407],[-63.41044,-30.24406],[-63.40987,-30.24438],[-63.40989,-30.24477],[-63.41074,-30.24489],[-63.41169,-30.24486],[-63.41237,-30.24474],[-63.41285,-30.24434],[-63.41401,-30.24413],[-63.414,-30.24324],[-63.41332,-30.24335],[-63.41296,-30.24365]],[[-63.39354,-30.24398],[-63.39309,-30.24382],[-63.39315,-30.24418],[-63.39354,-30.24421],[-63.39354,-30.24398]],[[-63.39274,-30.24483],[-63.39268,-30.24536],[-63.39336,-30.24621],[-63.39343,-30.24593],[-63.39309,-30.24528],[-63.39274,-30.24483]],[[-63.41143,-30.24567],[-63.41124,-30.24603],[-63.41133,-30.24621],[-63.41313,-30.24617],[-63.41371,-30.24646],[-63.41415,-30.24657],[-63.41448,-30.24632],[-63.41488,-30.24579],[-63.41421,-30.24547],[-63.41394,-30.24549],[-63.41349,-30.24579],[-63.4132,-30.24578],[-63.41196,-30.24553],[-63.41143,-30.24567]],[[-63.40107,-30.24696],[-63.40076,-30.24706],[-63.40081,-30.24737],[-63.4012,-30.2473],[-63.40107,-30.24696]],[[-63.40195,-30.24755],[-63.4022,-30.24788],[-63.40251,-30.24788],[-63.40246,-30.24748],[-63.4021,-30.24737],[-63.40195,-30.24755]],[[-63.40622,-30.24752],[-63.40664,-30.24737],[-63.40643,-30.24703],[-63.40619,-30.24711],[-63.40622,-30.24752]]]},"properties":{"periodo":2022,"dts":"2021-12-18","dte":"2022-12-29","infobs":"posible silvopastoril/desarbustado"}},
{"type":"Feature","geometry":{"type":"Polygon","coordinates":[[[-63.82362,-31.0642],[-63.82435,-31.06427],[-63.82434,-31.06598],[-63.83017,-31.06594],[-63.83037,-31.06639],[-63.82612,-31.06647],[-63.8236,-31.06617],[-63.82362,-31.0642]]]},"properties":{"periodo":2022,"dts":"2021-12-18","dte":"2022-12-29","infobs":"agricultura"}},
{"type":"Feature","geometry":{"type":"Polygon","coordinates":[[[-63.25125,-31.03932],[-63.25285,-31.03763],[-63.25352,-31.03753],[-63.25384,-31.03783],[-63.25391,-31.03811],[-63.25377,-31.03843],[-63.25282,-31.03881],[-63.25271,-31.03906],[-63.25259,-31.03999],[-63.25125,-31.03932]]]},"properties":{"periodo":2022,"dts":"2021-12-18","dte":"2022-12-29","infobs":"agricultura"}},
{"type":"Feature","geometry":{"type":"Polygon","coordinates":[[[-63.36054,-30.72329],[-63.36092,-30.72521],[-63.35855,-30.72644],[-63.35827,-30.72471],[-63.35883,-30.7246],[-63.35892,-30.72419],[-63.36054,-30.72329]]]},"properties":{"periodo":2022,"dts":"2021-12-18","dte":"2022-12-29","infobs":"agricultura"}},
{"type":"Feature","geometry":{"type":"Polygon","coordinates":[[[-64.24631,-30.69573],[-64.24657,-30.6956],[-64.24748,-30.69566],[-64.24785,-30.69579],[-64.24868,-30.69588],[-64.24882,-30.69605],[-64.24965,-30.69634],[-64.25045,-30.69666],[-64.25073,-30.69692],[-64.25061,-30.69756],[-64.25026,-30.69705],[-64.24966,-30.69729],[-64.24863,-30.69795],[-64.24839,-30.69835],[-64.24791,-30.69858],[-64.2476,-30.69839],[-64.24752,-30.69803],[-64.24757,-30.69721],[-64.24732,-30.69695],[-64.24663,-30.69643],[-64.2464,-30.69616],[-64.24631,-30.69573]],[[-64.24848,-30.69686],[-64.24836,-30.69628],[-64.24735,-30.69611],[-64.24687,-30.69586],[-64.24667,-30.69605],[-64.24692,-30.69634],[-64.24738,-30.69667],[-64.24821,-30.69697],[-64.24848,-30.69686]]]},"properties":{"periodo":2022,"dts":"2021-12-18","dte":"2022-12-29","infobs":"agricultura"}},
{"type":"Feature","geometry":{"type":"Polygon","coordinates":[[[-63.41722,-30.53643],[-63.41781,-30.53641],[-63.41784,-30.53672],[-63.41857,-30.53672],[-63.41793,-30.53706],[-63.41719,-30.53708],[-63.41722,-30.53643]]]},"properties":{"periodo":2022,"dts":"2021-12-18","dte":"2022-12-29","infobs":"agricultura"}},
{"type":"Feature","geometry":{"type":"Polygon","coordinates":[[[-63.70302,-30.30016],[-63.70449,-30.30236],[-63.70616,-30.30414],[-63.70306,-30.30431],[-63.70302,-30.30016]]]},"properties":{"periodo":2022,"dts":"2021-12-18","dte":"2022-12-29","infobs":"agricultura"}},
{"type":"Feature","geometry":{"type":"Polygon","coordinates":[[[-63.69294,-30.2882],[-63.68938,-30.28815],[-63.68939,-30.28738],[-63.69426,-30.2874],[-63.69428,-30.28766],[-63.69412,-30.28821],[-63.69294,-30.2882]]]},"properties":{"periodo":2022,"dts":"2021-12-18","dte":"2022-12-29","infobs":"agricultura"}},
{"type":"Feature","geometry":{"type":"Polygon","coordinates":[[[-63.57511,-30.08263],[-63.58267,-30.08118],[-63.58118,-30.08211],[-63.57686,-30.083],[-63.57511,-30.08263]]]},"properties":{"periodo":2022,"dts":"2021-12-18","dte":"2022-12-29","infobs":"agricultura"}},
{"type":"Feature","geometry":{"type":"Polygon","coordinates":[[[-63.53082,-30.07641],[-63.5232,-30.07574],[-63.52317,-30.07104],[-63.53002,-30.0697],[-63.5318,-30.07352],[-63.53358,-30.07624],[-63.5335,-30.07665],[-63.53082,-30.07641]]]},"properties":{"periodo":2022,"dts":"2021-12-18","dte":"2022-12-29","infobs":"agricultura"}},
{"type":"Feature","geometry":{"type":"Polygon","coordinates":[[[-63.54272,-30.06758],[-63.54327,-30.06764],[-63.54333,-30.07699],[-63.54296,-30.07699],[-63.54229,-30.0758],[-63.54177,-30.07534],[-63.54104,-30.07485],[-63.54044,-30.07348],[-63.54014,-30.07314],[-63.53966,-30.0722],[-63.53908,-30.07183],[-63.53866,-30.07144],[-63.53517,-30.06939],[-63.53487,-30.06902],[-63.54272,-30.06758]],[[-63.54288,-30.07244],[-63.5429,-30.06796],[-63.53577,-30.06916],[-63.53652,-30.06969],[-63.53684,-30.07018],[-63.53789,-30.07036],[-63.53817,-30.07067],[-63.53902,-30.0711],[-63.53936,-30.0714],[-63.54,-30.07168],[-63.5407,-30.07274],[-63.54288,-30.07244]]]},"properties":{"periodo":2022,"dts":"2021-12-18","dte":"2022-12-29","infobs":"agricultura"}},
{"type":"Feature","geometry":{"type":"Polygon","coordinates":[[[-63.54346,-30.07997],[-63.54362,-30.07979],[-63.54347,-30.07893],[-63.54357,-30.06733],[-63.54341,-30.06714],[-63.54566,-30.06656],[-63.54563,-30.07414],[-63.54563,-30.08083],[-63.54345,-30.08136],[-63.54346,-30.07997]]]},"properties":{"periodo":2022,"dts":"2021-12-18","dte":"2022-12-29","infobs":"agricultura"}},
{"type":"Feature","geometry":{"type":"Polygon","coordinates":[[[-63.98543,-29.97269],[-63.98573,-29.9706],[-63.98601,-29.9707],[-63.98679,-29.97083],[-63.98649,-29.97147],[-63.98583,-29.97231],[-63.98586,-29.97336],[-63.98543,-29.97269]]]},"properties":{"periodo":2022,"dts":"2021-12-18","dte":"2022-12-29","infobs":"agricultura"}},
{"type":"Feature","geometry":{"type":"Polygon","coordinates":[[[-63.4733,-29.92314],[-63.47338,-29.9233],[-63.47497,-29.9232],[-63.47519,-29.92281],[-63.4755,-29.92291],[-63.47573,-29.92329],[-63.47573,-29.92405],[-63.47605,-29.92383],[-63.47701,-29.92494],[-63.47712,-29.92506],[-63.47696,-29.92568],[-63.47671,-29.92569],[-63.47651,-29.92531],[-63.47517,-29.92607],[-63.47372,-29.92641],[-63.47286,-29.92323],[-63.4733,-29.92314]]]},"properties":{"periodo":2022,"dts":"2021-12-18","dte":"2022-12-29","infobs":"agricultura"}},
{"type":"Feature","geometry":{"type":"Polygon","coordinates":[[[-63.47147,-29.91781],[-63.47272,-29.91704],[-63.47343,-29.91959],[-63.47718,-29.91876],[-63.47731,-29.91947],[-63.47708,-29.91951],[-63.4729,-29.91966],[-63.47233,-29.92117],[-63.47147,-29.91781]]]},"properties":{"periodo":2022,"dts":"2021-12-18","dte":"2022-12-29","infobs":"agricultura"}},
{"type":"Feature","geometry":{"type":"Polygon","coordinates":[[[-63.4755,-29.91406],[-63.4754,-29.91387],[-63.47776,-29.91341],[-63.47796,-29.91455],[-63.4755,-29.91406]]]},"properties":{"periodo":2022,"dts":"2021-12-18","dte":"2022-12-29","infobs":"agricultura"}},
{"type":"Feature","geometry":{"type":"Polygon","coordinates":[[[-63.47825,-29.91276],[-63.47703,-29.90743],[-63.477,-29.90688],[-63.47686,-29.90669],[-63.47638,-29.9046],[-63.47629,-29.90462],[-63.47611,-29.90355],[-63.47666,-29.90346],[-63.47909,-29.91257],[-63.47825,-29.91276]]]},"properties":{"periodo":2022,"dts":"2021-12-18","dte":"2022-12-29","infobs":"agricultura"}},
{"type":"Feature","geometry":{"type":"Polygon","coordinates":[[[-63.1249,-30.64746],[-63.12373,-30.64305],[-63.12436,-30.64259],[-63.12559,-30.64771],[-63.12502,-30.6479],[-63.1249,-30.64746]]]},"properties":{"periodo":2022,"dts":"2021-12-18","dte":"2022-12-29","infobs":"agricultura"}},
{"type":"Feature","geometry":{"type":"Polygon","coordinates":[[[-63.39115,-30.43318],[-63.38921,-30.43362],[-63.38878,-30.43364],[-63.38834,-30.43063],[-63.39138,-30.43052],[-63.3911,-30.43215],[-63.39115,-30.43318]]]},"properties":{"periodo":2022,"dts":"2021-12-18","dte":"2022-12-29","infobs":"agricultura"}},
{"type":"Feature","geometry":{"type":"Polygon","coordinates":[[[-63.38993,-30.4299],[-63.39149,-30.42987],[-63.39148,-30.42996],[-63.38993,-30.4299]]]},"properties":{"periodo":2022,"dts":"2021-12-18","dte":"2022-12-29","infobs":"agricultura"}},
{"type":"Feature","geometry":{"type":"Polygon","coordinates":[[[-63.7772,-31.15406],[-63.77718,-31.15151],[-63.7779,-31.15098],[-63.77864,-31.15086],[-63.77866,-31.15117],[-63.78059,-31.15119],[-63.78012,-31.15411],[-63.7772,-31.15406]]]},"properties":{"periodo":2022,"dts":"2021-12-18","dte":"2022-12-29","infobs":"agricultura"}},
{"type":"Feature","geometry":{"type":"Polygon","coordinates":[[[-64.49026,-31.77621],[-64.49107,-31.77563],[-64.49292,-31.7765],[-64.49413,-31.7773],[-64.49441,-31.77833],[-64.49434,-31.77861],[-64.49393,-31.77841],[-64.49377,-31.77801],[-64.49378,-31.77728],[-64.49126,-31.77632],[-64.4904,-31.77639],[-64.48982,-31.77661],[-64.48983,-31.7769],[-64.48909,-31.77718],[-64.48681,-31.77653],[-64.48677,-31.77599],[-64.48736,-31.7763],[-64.4875,-31.77661],[-64.48845,-31.77679],[-64.48861,-31.77642],[-64.48887,-31.77646],[-64.48889,-31.77671],[-64.49026,-31.77621]]]},"properties":{"periodo":2022,"dts":"2021-12-18","dte":"2022-12-29","infobs":"camino"}},
{"type":"Feature","geometry":{"type":"Polygon","coordinates":[[[-64.44513,-31.74363],[-64.44584,-31.74344],[-64.44801,-31.74292],[-64.4501,-31.74208],[-64.45066,-31.74167],[-64.45088,-31.74136],[-64.45158,-31.74132],[-64.45191,-31.7414],[-64.45189,-31.74208],[-64.45136,-31.74237],[-64.45038,-31.74281],[-64.4487,-31.7435],[-64.44528,-31.74461],[-64.44335,-31.74458],[-64.44045,-31.74435],[-64.43815,-31.74402],[-64.43587,-31.74375],[-64.43543,-31.74362],[-64.43387,-31.74368],[-64.43303,-31.74414],[-64.43032,-31.74477],[-64.42845,-31.74543],[-64.42821,-31.74519],[-64.42829,-31.74461],[-64.42968,-31.74442],[-64.43108,-31.74393],[-64.43257,-31.74335],[-64.43467,-31.74277],[-64.435,-31.7426],[-64.43612,-31.74272],[-64.4364,-31.74242],[-64.4364,-31.74187],[-64.43682,-31.74177],[-64.43682,-31.74207],[-64.43757,-31.7429],[-64.43822,-31.7431],[-64.43907,-31.74312],[-64.43947,-31.74322],[-64.43965,-31.74347],[-64.44005,-31.74347],[-64.44047,-31.74359],[-64.44397,-31.74371],[-64.44513,-31.74363]]]},"properties":{"periodo":2022,"dts":"2021-12-18","dte":"2022-12-29","infobs":"camino"}},
{"type":"Feature","geometry":{"type":"Polygon","coordinates":[[[-64.47549,-31.29492],[-64.47547,-31.29322],[-64.47596,-31.29327],[-64.47573,-31.29423],[-64.47564,-31.29562],[-64.47549,-31.29492]]]},"properties":{"periodo":2022,"dts":"2021-12-18","dte":"2022-12-29","infobs":"camino"}},
{"type":"Feature","geometry":{"type":"Polygon","coordinates":[[[-64.47628,-31.28416],[-64.47602,-31.28407],[-64.47615,-31.28366],[-64.47801,-31.2797],[-64.47805,-31.27689],[-64.47862,-31.27682],[-64.47883,-31.2777],[-64.47871,-31.27938],[-64.47865,-31.2799],[-64.47819,-31.28011],[-64.478,-31.28053],[-64.47773,-31.28154],[-64.47766,-31.28224],[-64.47746,-31.28232],[-64.47706,-31.28288],[-64.47684,-31.28347],[-64.47675,-31.28418],[-64.47628,-31.28416]]]},"properties":{"periodo":2022,"dts":"2021-12-18","dte":"2022-12-29","infobs":"camino"}},
{"type":"Feature","geometry":{"type":"Polygon","coordinates":[[[-64.47944,-31.26424],[-64.4795,-31.26202],[-64.47933,-31.25541],[-64.47988,-31.25484],[-64.48007,-31.26196],[-64.47996,-31.26304],[-64.47995,-31.26445],[-64.47944,-31.26424]]]},"properties":{"periodo":2022,"dts":"2021-12-18","dte":"2022-12-29","infobs":"camino"}},
{"type":"Feature","geometry":{"type":"Polygon","coordinates":[[[-64.47607,-31.29182],[-64.47612,-31.28872],[-64.47659,-31.28868],[-64.47645,-31.29187],[-64.47607,-31.29182]]]},"properties":{"periodo":2022,"dts":"2021-12-18","dte":"2022-12-29","infobs":"camino"}},
{"type":"Feature","geometry":{"type":"Polygon","coordinates":[[[-62.9252,-30.9319],[-62.9252,-30.93046],[-62.92524,-30.93016],[-62.92598,-30.93059],[-62.92656,-30.9314],[-62.92687,-30.9322],[-62.92718,-30.93261],[-62.92754,-30.93251],[-62.92761,-30.9317],[-62.92789,-30.9314],[-62.9287,-30.93167],[-62.92866,-30.93184],[-62.92816,-30.93234],[-62.92799,-30.93302],[-62.92891,-30.93296],[-62.92889,-30.93424],[-62.92903,-30.93521],[-62.92936,-30.93597],[-62.92925,-30.93617],[-62.92851,-30.93651],[-62.92828,-30.93687],[-62.92805,-30.93695],[-62.92781,-30.93665],[-62.928,-30.93609],[-62.92775,-30.93604],[-62.92769,-30.9358],[-62.92668,-30.93529],[-62.92621,-30.93543],[-62.92586,-30.93543],[-62.92547,-30.93452],[-62.92504,-30.93471],[-62.9252,-30.93426],[-62.92539,-30.93397],[-62.92512,-30.93357],[-62.92498,-30.93319],[-62.92545,-30.93288],[-62.9252,-30.9319]]]},"properties":{"periodo":2022,"dts":"2021-12-18","dte":"2022-12-29","infobs":"posible silvopastoril/desarbustado"}},
{"type":"Feature","geometry":{"type":"Polygon","coordinates":[[[-63.50302,-30.83277],[-63.50252,-30.83378],[-63.50163,-30.83332],[-63.50124,-30.8332],[-63.50119,-30.83287],[-63.50244,-30.83279],[-63.50293,-30.83289],[-63.50302,-30.83277]]]},"properties":{"periodo":2022,"dts":"2021-12-18","dte":"2022-12-29","infobs":"posible silvopastoril/desarbustado"}},
{"type":"Feature","geometry":{"type":"Polygon","coordinates":[[[-64.29283,-30.93212],[-64.29267,-30.93252],[-64.29272,-30.93328],[-64.29158,-30.93429],[-64.29132,-30.93466],[-64.29101,-30.93487],[-64.29097,-30.93521],[-64.29054,-30.93529],[-64.28998,-30.93445],[-64.28943,-30.93352],[-64.28899,-30.93288],[-64.28874,-30.93216],[-64.28912,-30.93162],[-64.28907,-30.9312],[-64.28925,-30.93068],[-64.28999,-30.93043],[-64.2904,-30.93016],[-64.29155,-30.93012],[-64.29135,-30.93084],[-64.29193,-30.93169],[-64.29283,-30.93212]]]},"properties":{"periodo":2022,"dts":"2021-12-18","dte":"2022-12-29","infobs":"incendio"}},
{"type":"Feature","geometry":{"type":"Polygon","coordinates":[[[-63.17405,-30.57899],[-63.17413,-30.57864],[-63.17448,-30.57861],[-63.17477,-30.57832],[-63.17495,-30.57852],[-63.17477,-30.57899],[-63.17513,-30.5792],[-63.17513,-30.57949],[-63.17542,-30.58039],[-63.17589,-30.58056],[-63.1758,-30.58109],[-63.17637,-30.58246],[-63.17672,-30.58281],[-63.17684,-30.58348],[-63.17669,-30.58379],[-63.1763,-30.58383],[-63.17595,-30.58361],[-63.17582,-30.58302],[-63.17608,-30.58275],[-63.17606,-30.58242],[-63.17556,-30.58194],[-63.1751,-30.58104],[-63.17468,-30.58123],[-63.17495,-30.58178],[-63.17509,-30.58232],[-63.17522,-30.58329],[-63.17485,-30.58309],[-63.17486,-30.58276],[-63.1746,-30.58272],[-63.1747,-30.58175],[-63.17432,-30.58146],[-63.17342,-30.58053],[-63.17328,-30.5803],[-63.173,-30.58033],[-63.17263,-30.58102],[-63.17276,-30.58137],[-63.17266,-30.5817],[-63.17274,-30.58196],[-63.17353,-30.58349],[-63.174,-30.58354],[-63.174,-30.58404],[-63.17365,-30.58427],[-63.17368,-30.5847],[-63.17409,-30.58498],[-63.17407,-30.58541],[-63.17392,-30.58554],[-63.17386,-30.58593],[-63.17404,-30.58647],[-63.17359,-30.58647],[-63.17368,-30.58675],[-63.1742,-30.58679],[-63.1744,-30.58742],[-63.1736,-30.58742],[-63.1736,-30.58773],[-63.1734,-30.58906],[-63.17364,-30.58943],[-63.17272,-30.58929],[-63.17264,-30.5903],[-63.17235,-30.5899],[-63.17223,-30.58948],[-63.17227,-30.58909],[-63.17223,-30.58836],[-63.17231,-30.58777],[-63.17255,-30.58745],[-63.17198,-30.58668],[-63.1717,-30.58651],[-63.17146,-30.58592],[-63.17154,-30.58537],[-63.17131,-30.58506],[-63.17131,-30.5845],[-63.17081,-30.5843],[-63.17063,-30.58402],[-63.17148,-30.58362],[-63.17151,-30.58318],[-63.17112,-30.58247],[-63.1711,-30.58082],[-63.1707,-30.58076],[-63.17063,-30.58003],[-63.17097,-30.58003],[-63.17131,-30.57981],[-63.17128,-30.57936],[-63.17163,-30.57919],[-63.17206,-30.57956],[-63.17217,-30.57943],[-63.17218,-30.57846],[-63.17254,-30.57834],[-63.17269,-30.57901],[-63.17303,-30.57922],[-63.17322,-30.57885],[-63.17354,-30.57885],[-63.17405,-30.57899]]]},"properties":{"periodo":2022,"dts":"2021-12-18","dte":"2022-12-29","infobs":"incendio"}},
{"type":"Feature","geometry":{"type":"Polygon","coordinates":[[[-64.29281,-30.92659],[-64.29197,-30.92703],[-64.29064,-30.92673],[-64.28958,-30.9266],[-64.28865,-30.92715],[-64.2884,-30.92779],[-64.28878,-30.92808],[-64.28904,-30.92893],[-64.28931,-30.92948],[-64.28931,-30.9299],[-64.28879,-30.93038],[-64.28868,-30.93084],[-64.28871,-30.93123],[-64.28803,-30.9321],[-64.28742,-30.93203],[-64.28699,-30.93214],[-64.28635,-30.93299],[-64.28566,-30.93339],[-64.28497,-30.93394],[-64.28507,-30.93439],[-64.284,-30.93498],[-64.28354,-30.93484],[-64.28339,-30.93449],[-64.28223,-30.93438],[-64.28255,-30.93301],[-64.28248,-30.93115],[-64.28151,-30.93033],[-64.2811,-30.92838],[-64.2806,-30.92719],[-64.28027,-30.92408],[-64.28106,-30.92204],[-64.28161,-30.9203],[-64.28136,-30.91918],[-64.28049,-30.91919],[-64.27938,-30.91829],[-64.27889,-30.91809],[-64.27817,-30.91797],[-64.27806,-30.91706],[-64.27811,-30.91673],[-64.27897,-30.91651],[-64.27955,-30.91675],[-64.27984,-30.91729],[-64.28066,-30.91707],[-64.28105,-30.91798],[-64.28153,-30.91781],[-64.28152,-30.91682],[-64.28055,-30.91641],[-64.28054,-30.91571],[-64.27996,-30.91497],[-64.28066,-30.91384],[-64.28192,-30.91416],[-64.28143,-30.91334],[-64.28055,-30.91272],[-64.28074,-30.91235],[-64.28074,-30.91206],[-64.2802,-30.91177],[-64.28058,-30.91103],[-64.28047,-30.91024],[-64.28046,-30.90962],[-64.28026,-30.90858],[-64.28151,-30.90903],[-64.28257,-30.90914],[-64.28237,-30.90856],[-64.28299,-30.90835],[-64.28356,-30.90768],[-64.28193,-30.90799],[-64.28164,-30.90762],[-64.28091,-30.90725],[-64.2809,-30.90638],[-64.28117,-30.90509],[-64.28236,-30.90429],[-64.2835,-30.90283],[-64.28396,-30.90192],[-64.28517,-30.90211],[-64.28545,-30.90157],[-64.28554,-30.90086],[-64.2851,-30.90029],[-64.28471,-30.90013],[-64.28523,-30.89917],[-64.28613,-30.89829],[-64.28651,-30.89816],[-64.28696,-30.89919],[-64.28667,-30.89961],[-64.28791,-30.89898],[-64.28844,-30.89881],[-64.2895,-30.89884],[-64.29042,-30.89916],[-64.29158,-30.89973],[-64.29249,-30.89993],[-64.2937,-30.90041],[-64.29643,-30.89993],[-64.29754,-30.89975],[-64.29898,-30.89974],[-64.29979,-30.89952],[-64.29879,-30.90044],[-64.2976,-30.90074],[-64.29726,-30.90108],[-64.29775,-30.90174],[-64.29809,-30.90202],[-64.29839,-30.9026],[-64.29816,-30.90351],[-64.29836,-30.90397],[-64.2987,-30.90426],[-64.29876,-30.90484],[-64.29829,-30.90563],[-64.2983,-30.90637],[-64.29854,-30.9067],[-64.29903,-30.90695],[-64.29923,-30.90757],[-64.29904,-30.90802],[-64.29924,-30.90864],[-64.29963,-30.90905],[-64.30002,-30.90963],[-64.30022,-30.91008],[-64.2999,-30.91079],[-64.29918,-30.9113],[-64.29909,-30.91154],[-64.29937,-30.91325],[-64.29848,-30.9142],[-64.29778,-30.91506],[-64.29708,-30.91604],[-64.29653,-30.9169],[-64.29655,-30.91799],[-64.29684,-30.91909],[-64.297,-30.92006],[-64.29701,-30.92104],[-64.29645,-30.92201],[-64.29604,-30.92288],[-64.29466,-30.92435],[-64.29396,-30.92521],[-64.29327,-30.92595],[-64.29281,-30.92659]],[[-64.28834,-30.92558],[-64.2893,-30.92503],[-64.29058,-30.92419],[-64.29103,-30.92381],[-64.29124,-30.92333],[-64.29143,-30.92269],[-64.29195,-30.92225],[-64.29197,-30.92202],[-64.29237,-30.9215],[-64.2929,-30.92135],[-64.2933,-30.92099],[-64.29328,-30.92068],[-64.29384,-30.92013],[-64.2949,-30.91979],[-64.29542,-30.91923],[-64.29563,-30.9185],[-64.29552,-30.91817],[-64.29505,-30.91832],[-64.29386,-30.91914],[-64.2936,-30.91947],[-64.29312,-30.91975],[-64.29197,-30.92013],[-64.29099,-30.92041],[-64.28927,-30.91966],[-64.28978,-30.92017],[-64.28969,-30.92049],[-64.28958,-30.9214],[-64.28982,-30.92136],[-64.29035,-30.92089],[-64.29099,-30.92072],[-64.29152,-30.9209],[-64.29124,-30.92138],[-64.29059,-30.92151],[-64.29019,-30.92193],[-64.28923,-30.9235],[-64.28875,-30.92371],[-64.28815,-30.92384],[-64.2877,-30.92424],[-64.28768,-30.9249],[-64.28737,-30.92501],[-64.28651,-30.92487],[-64.28533,-30.92501],[-64.28433,-30.92557],[-64.28371,-30.92618],[-64.28297,-30.92673],[-64.283,-30.92698],[-64.28346,-30.92685],[-64.28376,-30.92649],[-64.28419,-30.92626],[-64.28516,-30.92635],[-64.28547,-30.92614],[-64.28565,-30.92573],[-64.28637,-30.92516],[-64.28762,-30.92558],[-64.28834,-30.92558]],[[-64.28711,-30.91943],[-64.28696,-30.91939],[-64.28659,-30.92012],[-64.28681,-30.92043],[-64.28727,-30.92078],[-64.28763,-30.92055],[-64.28786,-30.92021],[-64.28764,-30.91972],[-64.28718,-30.91974],[-64.28711,-30.91943]]]},"properties":{"periodo":2022,"dts":"2021-12-18","dte":"2022-12-29","infobs":"incendio"}},
{"type":"Feature","geometry":{"type":"Polygon","coordinates":[[[-64.29235,-30.89012],[-64.29307,-30.88973],[-64.29443,-30.88915],[-64.29453,-30.88943],[-64.29454,-30.89042],[-64.29566,-30.89035],[-64.29663,-30.88991],[-64.29751,-30.88976],[-64.29773,-30.89008],[-64.29829,-30.89068],[-64.29825,-30.89088],[-64.29781,-30.89127],[-64.29733,-30.89191],[-64.29871,-30.892],[-64.29948,-30.89201],[-64.30078,-30.89194],[-64.30288,-30.89244],[-64.30428,-30.89267],[-64.30479,-30.8927],[-64.30579,-30.89261],[-64.30633,-30.89277],[-64.30682,-30.89304],[-64.30765,-30.89414],[-64.30798,-30.89434],[-64.30859,-30.89431],[-64.30946,-30.89364],[-64.30972,-30.89366],[-64.3083,-30.89558],[-64.30877,-30.896],[-64.30864,-30.89636],[-64.3086,-30.89702],[-64.30866,-30.89809],[-64.30766,-30.89832],[-64.30706,-30.8985],[-64.3063,-30.89897],[-64.30518,-30.89894],[-64.30376,-30.8991],[-64.30336,-30.8989],[-64.30246,-30.89891],[-64.30133,-30.89858],[-64.30036,-30.89867],[-64.29995,-30.89918],[-64.29843,-30.89931],[-64.29676,-30.89921],[-64.29812,-30.89857],[-64.29805,-30.89829],[-64.29723,-30.89826],[-64.296,-30.89829],[-64.29528,-30.89838],[-64.2944,-30.89871],[-64.29365,-30.89874],[-64.29325,-30.89858],[-64.29242,-30.89855],[-64.29185,-30.89825],[-64.29133,-30.89762],[-64.29072,-30.89744],[-64.28919,-30.8973],[-64.28909,-30.89714],[-64.28894,-30.89638],[-64.28942,-30.89541],[-64.28979,-30.89512],[-64.29024,-30.89431],[-64.29019,-30.89369],[-64.2903,-30.89335],[-64.2914,-30.89225],[-64.29186,-30.89155],[-64.29231,-30.8907],[-64.29235,-30.89012]]]},"properties":{"periodo":2022,"dts":"2021-12-18","dte":"2022-12-29","infobs":"incendio"}},
{"type":"Feature","geometry":{"type":"Polygon","coordinates":[[[-64.43272,-30.71925],[-64.43247,-30.71876],[-64.43295,-30.71854],[-64.43387,-30.71773],[-64.43433,-30.71678],[-64.43526,-30.71731],[-64.43573,-30.71823],[-64.43342,-30.72008],[-64.43336,-30.71985],[-64.43302,-30.71952],[-64.43247,-30.71989],[-64.43233,-30.71955],[-64.43272,-30.71925]]]},"properties":{"periodo":2022,"dts":"2021-12-18","dte":"2022-12-29","infobs":"incendio"}},
{"type":"Feature","geometry":{"type":"Polygon","coordinates":[[[-64.44113,-30.71183],[-64.44129,-30.71148],[-64.44221,-30.71147],[-64.44221,-30.71173],[-64.44251,-30.71191],[-64.44246,-30.71223],[-64.44118,-30.71301],[-64.44116,-30.71345],[-64.4404,-30.71427],[-64.44045,-30.71478],[-64.44036,-30.71537],[-64.43774,-30.71714],[-64.43673,-30.71629],[-64.43648,-30.71596],[-64.43646,-30.71489],[-64.43707,-30.71394],[-64.43799,-30.71326],[-64.4386,-30.71245],[-64.43905,-30.71151],[-64.43932,-30.71168],[-64.43958,-30.7121],[-64.44034,-30.71211],[-64.44113,-30.71183]]]},"properties":{"periodo":2022,"dts":"2021-12-18","dte":"2022-12-29","infobs":"incendio"}},
{"type":"Feature","geometry":{"type":"Polygon","coordinates":[[[-64.43928,-30.70758],[-64.43948,-30.70744],[-64.4396,-30.7079],[-64.43977,-30.70802],[-64.43885,-30.70856],[-64.43856,-30.70882],[-64.43852,-30.70808],[-64.43891,-30.70792],[-64.43928,-30.70758]]]},"properties":{"periodo":2022,"dts":"2021-12-18","dte":"2022-12-29","infobs":"incendio"}},
{"type":"Feature","geometry":{"type":"Polygon","coordinates":[[[-63.81415,-29.91441],[-63.81425,-29.91393],[-63.81413,-29.91347],[-63.81437,-29.91282],[-63.81459,-29.9126],[-63.81383,-29.91244],[-63.81403,-29.91189],[-63.81452,-29.91181],[-63.81466,-29.91168],[-63.81611,-29.9117],[-63.81606,-29.91198],[-63.81559,-29.9121],[-63.81564,-29.91245],[-63.8153,-29.91268],[-63.81538,-29.91351],[-63.81581,-29.91364],[-63.81634,-29.91428],[-63.81665,-29.91444],[-63.81669,-29.91396],[-63.81645,-29.91377],[-63.81642,-29.91347],[-63.81621,-29.91315],[-63.81613,-29.91255],[-63.8164,-29.91233],[-63.81661,-29.9125],[-63.81679,-29.91298],[-63.81702,-29.91303],[-63.81744,-29.91334],[-63.8175,-29.91299],[-63.81737,-29.91281],[-63.81739,-29.91225],[-63.81768,-29.91198],[-63.81804,-29.91231],[-63.81906,-29.91233],[-63.81916,-29.91293],[-63.8196,-29.91304],[-63.81977,-29.91323],[-63.8205,-29.91302],[-63.82088,-29.91304],[-63.82095,-29.91349],[-63.82137,-29.91345],[-63.8215,-29.91316],[-63.82187,-29.91313],[-63.82182,-29.91353],[-63.82192,-29.91417],[-63.8221,-29.91423],[-63.82214,-29.91475],[-63.82199,-29.91491],[-63.82163,-29.91575],[-63.82184,-29.9164],[-63.82278,-29.91697],[-63.82314,-29.91763],[-63.823,-29.91783],[-63.8231,-29.91812],[-63.82348,-29.91858],[-63.82374,-29.91858],[-63.8242,-29.91905],[-63.82374,-29.91907],[-63.82369,-29.91932],[-63.82372,-29.92023],[-63.82397,-29.92032],[-63.82366,-29.92086],[-63.82374,-29.92128],[-63.82407,-29.92187],[-63.82416,-29.92241],[-63.82404,-29.92273],[-63.82437,-29.92286],[-63.82448,-29.92348],[-63.82484,-29.9237],[-63.82526,-29.92364],[-63.82529,-29.92381],[-63.82486,-29.9239],[-63.82488,-29.92426],[-63.82459,-29.92448],[-63.82464,-29.92475],[-63.82493,-29.92482],[-63.82508,-29.92529],[-63.82531,-29.92536],[-63.82519,-29.92579],[-63.82548,-29.92638],[-63.82587,-29.92634],[-63.82605,-29.92608],[-63.82641,-29.92584],[-63.82659,-29.9255],[-63.82688,-29.92545],[-63.82713,-29.92619],[-63.82699,-29.92648],[-63.82655,-29.92661],[-63.82633,-29.92612],[-63.82589,-29.92646],[-63.82584,-29.92677],[-63.8256,-29.92676],[-63.82528,-29.92645],[-63.82494,-29.9266],[-63.82562,-29.92712],[-63.82521,-29.92737],[-63.82486,-29.92775],[-63.82448,-29.92776],[-63.82381,-29.92791],[-63.82356,-29.9277],[-63.82319,-29.9277],[-63.82301,-29.92802],[-63.82184,-29.92799],[-63.82151,-29.92766],[-63.82111,-29.9275],[-63.82085,-29.92772],[-63.82011,-29.92734],[-63.81974,-29.92707],[-63.81938,-29.92699],[-63.81896,-29.92718],[-63.81855,-29.92697],[-63.81876,-29.92606],[-63.81877,-29.92551],[-63.81886,-29.92532],[-63.81879,-29.92481],[-63.81828,-29.92474],[-63.81806,-29.92505],[-63.81742,-29.92514],[-63.81714,-29.92503],[-63.81717,-29.92461],[-63.81735,-29.92457],[-63.81715,-29.92408],[-63.81681,-29.9239],[-63.81674,-29.92345],[-63.81657,-29.92314],[-63.81677,-29.92287],[-63.81676,-29.92259],[-63.81633,-29.92189],[-63.81574,-29.92201],[-63.81526,-29.92168],[-63.81468,-29.9217],[-63.81466,-29.92146],[-63.81567,-29.92095],[-63.81568,-29.92062],[-63.81544,-29.92043],[-63.81523,-29.92056],[-63.81424,-29.92074],[-63.8143,-29.92027],[-63.81505,-29.92026],[-63.81532,-29.92011],[-63.81544,-29.91977],[-63.81513,-29.91943],[-63.81464,-29.91949],[-63.81476,-29.91901],[-63.81456,-29.91889],[-63.81412,-29.91932],[-63.81376,-29.91928],[-63.81363,-29.91895],[-63.81384,-29.91885],[-63.81417,-29.91843],[-63.81436,-29.91855],[-63.81494,-29.91817],[-63.81473,-29.91742],[-63.81447,-29.9172],[-63.8146,-29.91637],[-63.81454,-29.91577],[-63.81436,-29.91484],[-63.81415,-29.91441]]]},"properties":{"periodo":2022,"dts":"2021-12-18","dte":"2022-12-29","infobs":"incendio"}},
{"type":"Feature","geometry":{"type":"Polygon","coordinates":[[[-63.67942,-29.89634],[-63.67971,-29.89601],[-63.67965,-29.89568],[-63.67963,-29.89481],[-63.68009,-29.89448],[-63.68044,-29.89402],[-63.68084,-29.89367],[-63.68119,-29.89456],[-63.68128,-29.89489],[-63.68115,-29.89642],[-63.68018,-29.89657],[-63.68103,-29.89708],[-63.68103,-29.89752],[-63.68055,-29.89763],[-63.68051,-29.89738],[-63.68025,-29.89707],[-63.67882,-29.89715],[-63.67868,-29.8968],[-63.67915,-29.89663],[-63.67942,-29.89634]]]},"properties":{"periodo":2022,"dts":"2021-12-18","dte":"2022-12-29","infobs":"incendio"}},
{"type":"Feature","geometry":{"type":"Polygon","coordinates":[[[-64.2849,-30.5264],[-64.28551,-30.52634],[-64.28594,-30.52662],[-64.28539,-30.52709],[-64.28554,-30.52735],[-64.28611,-30.52723],[-64.28663,-30.52692],[-64.28706,-30.52708],[-64.28687,-30.52762],[-64.28628,-30.52813],[-64.28614,-30.52814],[-64.28624,-30.529],[-64.28739,-30.53023],[-64.28729,-30.53128],[-64.28712,-30.53255],[-64.28683,-30.53379],[-64.28654,-30.5348],[-64.28629,-30.53592],[-64.2863,-30.53631],[-64.2862,-30.53709],[-64.28567,-30.5371],[-64.28548,-30.53736],[-64.28504,-30.53762],[-64.28458,-30.53727],[-64.2839,-30.53741],[-64.2837,-30.53623],[-64.2834,-30.53656],[-64.28315,-30.53735],[-64.28285,-30.53742],[-64.28239,-30.53716],[-64.28229,-30.53762],[-64.28192,-30.53811],[-64.28169,-30.53818],[-64.28131,-30.53805],[-64.28094,-30.53864],[-64.2779,-30.53603],[-64.27857,-30.53557],[-64.27878,-30.53485],[-64.27846,-30.53467],[-64.27821,-30.53396],[-64.278,-30.53365],[-64.27763,-30.53272],[-64.27796,-30.53251],[-64.2786,-30.53247],[-64.2794,-30.53292],[-64.28028,-30.53366],[-64.28153,-30.53433],[-64.28213,-30.53442],[-64.28239,-30.53423],[-64.28205,-30.53381],[-64.28159,-30.53361],[-64.28102,-30.53316],[-64.28102,-30.5329],[-64.28057,-30.53284],[-64.27871,-30.53221],[-64.27904,-30.53119],[-64.27908,-30.53077],[-64.27953,-30.5307],[-64.28247,-30.52965],[-64.28345,-30.52913],[-64.28403,-30.52827],[-64.28442,-30.52741],[-64.28455,-30.52673],[-64.2849,-30.5264]],[[-64.2852,-30.52882],[-64.28551,-30.5287],[-64.28564,-30.5282],[-64.2852,-30.52799],[-64.28539,-30.52751],[-64.28509,-30.52742],[-64.28398,-30.52837],[-64.28466,-30.52834],[-64.28488,-30.52855],[-64.28477,-30.52883],[-64.2852,-30.52882]]]},"properties":{"periodo":2022,"dts":"2021-12-18","dte":"2022-12-29","infobs":"incendio"}},
{"type":"Feature","geometry":{"type":"Polygon","coordinates":[[[-64.23208,-30.42785],[-64.23128,-30.42763],[-64.231,-30.42776],[-64.23106,-30.42811],[-64.23076,-30.42829],[-64.23031,-30.42767],[-64.23241,-30.42552],[-64.23278,-30.42561],[-64.23277,-30.42524],[-64.23521,-30.4238],[-64.23708,-30.42357],[-64.23774,-30.42388],[-64.23792,-30.42407],[-64.2376,-30.42424],[-64.23735,-30.42477],[-64.2363,-30.42478],[-64.23511,-30.42488],[-64.23412,-30.42523],[-64.23433,-30.42617],[-64.23397,-30.42698],[-64.23378,-30.4272],[-64.23326,-30.42772],[-64.23208,-30.42785]]]},"properties":{"periodo":2022,"dts":"2021-12-18","dte":"2022-12-29","infobs":"incendio"}},
{"type":"Feature","geometry":{"type":"Polygon","coordinates":[[[-64.21587,-30.38706],[-64.21527,-30.38631],[-64.21507,-30.38593],[-64.21531,-30.38564],[-64.21599,-30.3855],[-64.21683,-30.38557],[-64.21683,-30.38604],[-64.21671,-30.38694],[-64.21627,-30.38733],[-64.21587,-30.38706]]]},"properties":{"periodo":2022,"dts":"2021-12-18","dte":"2022-12-29","infobs":"incendio"}},
{"type":"Feature","geometry":{"type":"Polygon","coordinates":[[[-64.11117,-30.38559],[-64.11106,-30.38509],[-64.11109,-30.38464],[-64.11149,-30.38456],[-64.11202,-30.38474],[-64.11224,-30.38514],[-64.1126,-30.38525],[-64.1133,-30.38594],[-64.11339,-30.38654],[-64.1136,-30.387],[-64.11372,-30.38763],[-64.11367,-30.38807],[-64.11326,-30.38816],[-64.11268,-30.38804],[-64.11228,-30.38743],[-64.11192,-30.38747],[-64.11157,-30.38769],[-64.11112,-30.38752],[-64.11107,-30.38692],[-64.11123,-30.38668],[-64.11191,-30.38673],[-64.11235,-30.3866],[-64.11248,-30.38624],[-64.11219,-30.38582],[-64.1116,-30.38609],[-64.11114,-30.38618],[-64.11117,-30.38559]]]},"properties":{"periodo":2022,"dts":"2021-12-18","dte":"2022-12-29","infobs":"incendio"}},
{"type":"Feature","geometry":{"type":"Polygon","coordinates":[[[-64.2144,-30.38385],[-64.21459,-30.38331],[-64.2152,-30.38273],[-64.21604,-30.38303],[-64.21581,-30.38359],[-64.21575,-30.38452],[-64.21538,-30.38459],[-64.21526,-30.38392],[-64.21472,-30.38419],[-64.2145,-30.38482],[-64.21468,-30.3852],[-64.21458,-30.38566],[-64.21436,-30.38576],[-64.21381,-30.38563],[-64.21345,-30.38508],[-64.21373,-30.3846],[-64.21441,-30.38437],[-64.2144,-30.38385]]]},"properties":{"periodo":2022,"dts":"2021-12-18","dte":"2022-12-29","infobs":"incendio"}},
{"type":"Feature","geometry":{"type":"Polygon","coordinates":[[[-64.08664,-30.37519],[-64.08599,-30.37527],[-64.08595,-30.3754],[-64.08708,-30.37593],[-64.08763,-30.37633],[-64.08888,-30.37743],[-64.08959,-30.3783],[-64.09007,-30.37937],[-64.08992,-30.37984],[-64.09062,-30.3801],[-64.09078,-30.38054],[-64.09113,-30.38067],[-64.09171,-30.38066],[-64.09198,-30.38096],[-64.09207,-30.38157],[-64.0908,-30.38229],[-64.08971,-30.38189],[-64.0885,-30.38153],[-64.08823,-30.38184],[-64.08824,-30.38241],[-64.08926,-30.38358],[-64.08942,-30.38428],[-64.08969,-30.38421],[-64.09004,-30.38438],[-64.09036,-30.38484],[-64.09013,-30.38515],[-64.09068,-30.38541],[-64.09037,-30.38568],[-64.08932,-30.386],[-64.0891,-30.3865],[-64.0891,-30.38684],[-64.08884,-30.38761],[-64.0888,-30.38802],[-64.08842,-30.38832],[-64.08823,-30.38835],[-64.08758,-30.38406],[-64.07946,-30.37347],[-64.0799,-30.37282],[-64.08007,-30.37293],[-64.08046,-30.37343],[-64.08105,-30.37363],[-64.08163,-30.37355],[-64.08197,-30.37342],[-64.08139,-30.37295],[-64.08165,-30.37245],[-64.08149,-30.37201],[-64.08227,-30.37177],[-64.08379,-30.37169],[-64.0835,-30.3723],[-64.08328,-30.37226],[-64.08282,-30.37244],[-64.08286,-30.37277],[-64.08358,-30.37325],[-64.08368,-30.37354],[-64.08431,-30.37408],[-64.08431,-30.37424],[-64.08462,-30.37464],[-64.08552,-30.3749],[-64.08565,-30.37483],[-64.08664,-30.37519]]]},"properties":{"periodo":2022,"dts":"2021-12-18","dte":"2022-12-29","infobs":"incendio"}},
{"type":"Feature","geometry":{"type":"Polygon","coordinates":[[[-63.89899,-30.24594],[-63.89913,-30.24538],[-63.90002,-30.2462],[-63.90099,-30.24546],[-63.90175,-30.24647],[-63.902,-30.24746],[-63.90238,-30.24829],[-63.90219,-30.24929],[-63.90196,-30.24995],[-63.90209,-30.25022],[-63.90163,-30.25032],[-63.90121,-30.24992],[-63.90104,-30.24923],[-63.90101,-30.24838],[-63.90073,-30.24766],[-63.90003,-30.24701],[-63.89896,-30.2463],[-63.89899,-30.24594]]]},"properties":{"periodo":2022,"dts":"2021-12-18","dte":"2022-12-29","infobs":"incendio"}},
{"type":"Feature","geometry":{"type":"Polygon","coordinates":[[[-64.00811,-30.21746],[-64.008,-30.21721],[-64.00752,-30.21661],[-64.00799,-30.21596],[-64.008,-30.21518],[-64.00842,-30.21464],[-64.00842,-30.21409],[-64.00876,-30.21383],[-64.00896,-30.21385],[-64.00939,-30.21515],[-64.00941,-30.21604],[-64.00924,-30.21644],[-64.00884,-30.21695],[-64.00866,-30.21702],[-64.00859,-30.21755],[-64.00838,-30.21777],[-64.00811,-30.21746]]]},"properties":{"periodo":2022,"dts":"2021-12-18","dte":"2022-12-29","infobs":"incendio"}},
{"type":"Feature","geometry":{"type":"Polygon","coordinates":[[[-64.45274,-31.08508],[-64.45396,-31.08387],[-64.45424,-31.08412],[-64.45472,-31.08476],[-64.45562,-31.08572],[-64.45593,-31.08564],[-64.45659,-31.08515],[-64.45717,-31.08526],[-64.45817,-31.08489],[-64.45899,-31.08529],[-64.45795,-31.08645],[-64.45701,-31.086],[-64.45615,-31.08658],[-64.4571,-31.08743],[-64.45671,-31.08841],[-64.45552,-31.08871],[-64.45486,-31.09027],[-64.45427,-31.0898],[-64.45389,-31.08939],[-64.45351,-31.08917],[-64.45332,-31.08879],[-64.45327,-31.08793],[-64.45281,-31.08698],[-64.45243,-31.08658],[-64.45274,-31.08508]]]},"properties":{"periodo":2022,"dts":"2021-12-18","dte":"2022-12-29","infobs":"incendio"}},
{"type":"Feature","geometry":{"type":"Polygon","coordinates":[[[-64.35528,-31.312],[-64.35585,-31.31221],[-64.35669,-31.31205],[-64.35708,-31.31259],[-64.35679,-31.3137],[-64.35602,-31.314],[-64.3555,-31.31426],[-64.35484,-31.31476],[-64.35502,-31.31543],[-64.35514,-31.31558],[-64.35481,-31.3158],[-64.35419,-31.31533],[-64.35374,-31.31425],[-64.35352,-31.31363],[-64.35319,-31.3129],[-64.35315,-31.31203],[-64.35402,-31.31219],[-64.35423,-31.31238],[-64.35489,-31.31237],[-64.35528,-31.312]]]},"properties":{"periodo":2022,"dts":"2021-12-18","dte":"2022-12-29","infobs":"incendio"}},
{"type":"Feature","geometry":{"type":"Polygon","coordinates":[[[-63.99297,-29.9933],[-63.99329,-29.9933],[-63.99329,-29.99355],[-63.99372,-29.9935],[-63.99357,-29.99401],[-63.99322,-29.99401],[-63.99311,-29.99434],[-63.99355,-29.99448],[-63.99343,-29.99478],[-63.9929,-29.99501],[-63.99237,-29.9951],[-63.99234,-29.99584],[-63.99315,-29.99591],[-63.9929,-29.99615],[-63.99246,-29.99615],[-63.99246,-29.99642],[-63.99276,-29.99677],[-63.99278,-29.99705],[-63.99244,-29.99705],[-63.99241,-29.99733],[-63.99207,-29.99749],[-63.99225,-29.99943],[-63.99241,-29.99957],[-63.99214,-29.9998],[-63.99214,-30.00048],[-63.99177,-30.00045],[-63.99163,-30.00112],[-63.99129,-30.0012],[-63.99144,-30.00078],[-63.99146,-30.00038],[-63.99133,-30.00013],[-63.99135,-29.99934],[-63.99156,-29.99906],[-63.9916,-29.99872],[-63.99091,-29.9986],[-63.9913,-29.99774],[-63.99098,-29.99765],[-63.99095,-29.99705],[-63.99107,-29.99668],[-63.99086,-29.99564],[-63.99077,-29.99538],[-63.98994,-29.99517],[-63.98982,-29.99464],[-63.98961,-29.99429],[-63.98975,-29.99408],[-63.99021,-29.99439],[-63.99063,-29.9945],[-63.99065,-29.99369],[-63.99095,-29.99362],[-63.99146,-29.99408],[-63.99216,-29.99401],[-63.99267,-29.99369],[-63.99297,-29.9933]]]},"properties":{"periodo":2022,"dts":"2021-12-18","dte":"2022-12-29","infobs":"incendio"}},
{"type":"Feature","geometry":{"type":"Polygon","coordinates":[[[-63.05123,-29.92391],[-63.0514,-29.92353],[-63.05173,-29.9232],[-63.05224,-29.92385],[-63.05264,-29.92414],[-63.05291,-29.92479],[-63.05258,-29.92532],[-63.05231,-29.92628],[-63.05271,-29.92684],[-63.05285,-29.92717],[-63.05287,-29.92778],[-63.05251,-29.92776],[-63.05251,-29.9274],[-63.05221,-29.92719],[-63.05203,-29.92769],[-63.05161,-29.92763],[-63.05126,-29.92727],[-63.05173,-29.92654],[-63.05117,-29.92637],[-63.05118,-29.92616],[-63.05155,-29.92602],[-63.0513,-29.92583],[-63.05073,-29.92568],[-63.05043,-29.92623],[-63.05057,-29.92687],[-63.04969,-29.9261],[-63.04875,-29.92575],[-63.04887,-29.92538],[-63.04931,-29.92467],[-63.04809,-29.92432],[-63.04759,-29.92423],[-63.04725,-29.9237],[-63.04762,-29.9235],[-63.04793,-29.9237],[-63.04867,-29.92385],[-63.04897,-29.9237],[-63.04958,-29.92367],[-63.04961,-29.92341],[-63.05062,-29.92332],[-63.05079,-29.92379],[-63.05103,-29.924],[-63.05123,-29.92391]]]},"properties":{"periodo":2022,"dts":"2021-12-18","dte":"2022-12-29","infobs":"incendio"}},
{"type":"Feature","geometry":{"type":"Polygon","coordinates":[[[-63.8455,-29.91781],[-63.8449,-29.91764],[-63.84477,-29.91739],[-63.84489,-29.91721],[-63.84571,-29.91745],[-63.84732,-29.91782],[-63.84789,-29.91813],[-63.84871,-29.91823],[-63.8494,-29.91847],[-63.85094,-29.91856],[-63.85101,-29.91882],[-63.85137,-29.9191],[-63.85105,-29.91923],[-63.85059,-29.91886],[-63.85042,-29.919],[-63.84882,-29.91909],[-63.84842,-29.91903],[-63.84801,-29.91883],[-63.84772,-29.91859],[-63.84719,-29.91846],[-63.84653,-29.918],[-63.84609,-29.91821],[-63.8455,-29.91781]]]},"properties":{"periodo":2022,"dts":"2021-12-18","dte":"2022-12-29","infobs":"incendio"}},
{"type":"Feature","geometry":{"type":"Polygon","coordinates":[[[-63.83898,-29.92169],[-63.83886,-29.92147],[-63.83695,-29.92025],[-63.83623,-29.91943],[-63.83598,-29.91819],[-63.83551,-29.91737],[-63.83597,-29.91654],[-63.83628,-29.9165],[-63.83633,-29.91668],[-63.83696,-29.91762],[-63.83644,-29.91846],[-63.83643,-29.91877],[-63.83747,-29.91917],[-63.83758,-29.91949],[-63.83806,-29.91948],[-63.83826,-29.91938],[-63.83846,-29.91963],[-63.83883,-29.91966],[-63.83869,-29.91993],[-63.83873,-29.92067],[-63.839,-29.92082],[-63.83936,-29.92147],[-63.83898,-29.92169]]]},"properties":{"periodo":2022,"dts":"2021-12-18","dte":"2022-12-29","infobs":"incendio"}},
{"type":"Feature","geometry":{"type":"Polygon","coordinates":[[[-63.84056,-29.91679],[-63.84111,-29.91655],[-63.84173,-29.91649],[-63.84155,-29.91762],[-63.84119,-29.91846],[-63.84092,-29.91874],[-63.84025,-29.91883],[-63.83979,-29.9187],[-63.83911,-29.91841],[-63.83888,-29.91815],[-63.83832,-29.91771],[-63.83818,-29.91731],[-63.83792,-29.91709],[-63.83782,-29.91683],[-63.83882,-29.91693],[-63.83898,-29.91709],[-63.83989,-29.91711],[-63.84029,-29.91744],[-63.84053,-29.91744],[-63.84056,-29.91679]]]},"properties":{"periodo":2022,"dts":"2021-12-18","dte":"2022-12-29","infobs":"incendio"}},
{"type":"Feature","geometry":{"type":"Polygon","coordinates":[[[-63.85203,-29.91647],[-63.85265,-29.91614],[-63.85315,-29.91634],[-63.85337,-29.91666],[-63.85281,-29.91702],[-63.85245,-29.91774],[-63.85191,-29.91843],[-63.85163,-29.91844],[-63.85122,-29.91818],[-63.85026,-29.9182],[-63.84992,-29.91797],[-63.84933,-29.91784],[-63.85018,-29.91769],[-63.85113,-29.91727],[-63.85203,-29.91647]]]},"properties":{"periodo":2022,"dts":"2021-12-18","dte":"2022-12-29","infobs":"incendio"}},
{"type":"Feature","geometry":{"type":"Polygon","coordinates":[[[-63.84151,-29.91932],[-63.84134,-29.91919],[-63.84122,-29.91879],[-63.84177,-29.91808],[-63.84208,-29.9165],[-63.84223,-29.9161],[-63.84243,-29.91594],[-63.84284,-29.91615],[-63.84282,-29.91655],[-63.84339,-29.91744],[-63.84344,-29.91769],[-63.84308,-29.91788],[-63.84309,-29.91817],[-63.84342,-29.91854],[-63.84343,-29.9199],[-63.84309,-29.91997],[-63.84292,-29.91978],[-63.84246,-29.91972],[-63.84207,-29.91982],[-63.84175,-29.91975],[-63.84151,-29.91932]]]},"properties":{"periodo":2022,"dts":"2021-12-18","dte":"2022-12-29","infobs":"incendio"}},
{"type":"Feature","geometry":{"type":"Polygon","coordinates":[[[-63.04961,-29.89956],[-63.05087,-29.90188],[-63.05055,-29.90216],[-63.04914,-29.90368],[-63.04847,-29.90416],[-63.04868,-29.9037],[-63.04752,-29.90209],[-63.04743,-29.90033],[-63.04835,-29.90043],[-63.04849,-29.90012],[-63.04899,-29.89957],[-63.04961,-29.89956]]]},"properties":{"periodo":2022,"dts":"2021-12-18","dte":"2022-12-29","infobs":"incendio"}},
{"type":"Feature","geometry":{"type":"Polygon","coordinates":[[[-63.81862,-29.89745],[-63.82004,-29.89744],[-63.82111,-29.89756],[-63.82224,-29.89755],[-63.82294,-29.89687],[-63.82386,-29.89637],[-63.82498,-29.89655],[-63.82556,-29.89734],[-63.82599,-29.8982],[-63.82691,-29.89888],[-63.82773,-29.89906],[-63.8284,-29.89932],[-63.82899,-29.89963],[-63.82961,-29.90034],[-63.82898,-29.90108],[-63.82792,-29.90115],[-63.82679,-29.90109],[-63.82587,-29.90061],[-63.82375,-29.90013],[-63.82254,-29.90026],[-63.8222,-29.90112],[-63.82263,-29.90204],[-63.82292,-29.90297],[-63.82278,-29.90395],[-63.82209,-29.9047],[-63.82146,-29.9055],[-63.82047,-29.90588],[-63.81934,-29.90594],[-63.81855,-29.90521],[-63.81764,-29.90464],[-63.81694,-29.90426],[-63.81704,-29.90397],[-63.81742,-29.90406],[-63.81747,-29.90387],[-63.81696,-29.90368],[-63.81696,-29.90325],[-63.8175,-29.90301],[-63.81803,-29.90261],[-63.8184,-29.90213],[-63.81865,-29.90226],[-63.81905,-29.90186],[-63.81935,-29.90167],[-63.81944,-29.90143],[-63.81988,-29.90114],[-63.82023,-29.90039],[-63.81892,-29.90011],[-63.8189,-29.89933],[-63.81846,-29.89916],[-63.81813,-29.89887],[-63.81823,-29.89851],[-63.8187,-29.89792],[-63.81879,-29.89763],[-63.81862,-29.89745]]]},"properties":{"periodo":2022,"dts":"2021-12-18","dte":"2022-12-29","infobs":"incendio"}},
{"type":"Feature","geometry":{"type":"Polygon","coordinates":[[[-63.12451,-29.80263],[-63.12534,-29.80206],[-63.12681,-29.80163],[-63.12763,-29.8022],[-63.12829,-29.80291],[-63.12862,-29.80378],[-63.12862,-29.80501],[-63.12799,-29.80539],[-63.12701,-29.80615],[-63.12707,-29.80667],[-63.12802,-29.80651],[-63.1289,-29.80651],[-63.12895,-29.80664],[-63.12994,-29.80707],[-63.13125,-29.80563],[-63.13223,-29.80535],[-63.13272,-29.8062],[-63.1324,-29.80721],[-63.13191,-29.80821],[-63.13126,-29.80907],[-63.13113,-29.80933],[-63.13001,-29.80892],[-63.12951,-29.80863],[-63.12942,-29.80814],[-63.12891,-29.80775],[-63.12846,-29.80783],[-63.12879,-29.80848],[-63.12986,-29.80946],[-63.13058,-29.80952],[-63.13108,-29.80943],[-63.13041,-29.81068],[-63.12993,-29.81063],[-63.12927,-29.81006],[-63.12876,-29.80993],[-63.12808,-29.81049],[-63.12797,-29.80979],[-63.12797,-29.80879],[-63.12764,-29.80793],[-63.12698,-29.80721],[-63.126,-29.80678],[-63.12517,-29.80671],[-63.12543,-29.8063],[-63.12537,-29.80558],[-63.12599,-29.80563],[-63.12647,-29.8055],[-63.12653,-29.80438],[-63.12688,-29.80413],[-63.12745,-29.80397],[-63.12781,-29.80374],[-63.12736,-29.80342],[-63.12694,-29.80381],[-63.12623,-29.80387],[-63.12546,-29.80369],[-63.12498,-29.8041],[-63.12495,-29.8048],[-63.12504,-29.80545],[-63.1246,-29.80566],[-63.1237,-29.80542],[-63.12314,-29.80517],[-63.12237,-29.80519],[-63.12225,-29.80532],[-63.12314,-29.80581],[-63.12379,-29.80602],[-63.12388,-29.80653],[-63.12205,-29.80607],[-63.12123,-29.80536],[-63.12074,-29.8045],[-63.12074,-29.80349],[-63.12106,-29.80264],[-63.12142,-29.80268],[-63.12126,-29.80335],[-63.12132,-29.80379],[-63.12183,-29.80452],[-63.12248,-29.80467],[-63.12341,-29.80408],[-63.12353,-29.80421],[-63.12435,-29.80363],[-63.12451,-29.80263]]]},"properties":{"periodo":2022,"dts":"2021-12-18","dte":"2022-12-29","infobs":"incendio"}},
{"type":"Feature","geometry":{"type":"Polygon","coordinates":[[[-63.77824,-29.79344],[-63.77818,-29.79319],[-63.77867,-29.79303],[-63.77878,-29.79401],[-63.77863,-29.79422],[-63.77894,-29.79445],[-63.77866,-29.79486],[-63.77913,-29.7948],[-63.77933,-29.79499],[-63.77972,-29.79487],[-63.77982,-29.79436],[-63.78014,-29.79406],[-63.78014,-29.79304],[-63.78071,-29.79284],[-63.78095,-29.79314],[-63.78127,-29.79327],[-63.7813,-29.79488],[-63.78118,-29.79521],[-63.78123,-29.79553],[-63.78151,-29.79542],[-63.78146,-29.79513],[-63.78189,-29.79519],[-63.7817,-29.79552],[-63.78186,-29.79588],[-63.78151,-29.79589],[-63.78138,-29.79575],[-63.78069,-29.79577],[-63.78065,-29.79626],[-63.78034,-29.79596],[-63.78003,-29.79618],[-63.7797,-29.79626],[-63.77947,-29.79653],[-63.77916,-29.79658],[-63.77889,-29.79642],[-63.77816,-29.79632],[-63.77742,-29.79577],[-63.77707,-29.79459],[-63.77742,-29.79436],[-63.77752,-29.79408],[-63.77775,-29.79405],[-63.77789,-29.79377],[-63.77816,-29.79377],[-63.77824,-29.79344]]]},"properties":{"periodo":2022,"dts":"2021-12-18","dte":"2022-12-29","infobs":"incendio"}},
{"type":"Feature","geometry":{"type":"Polygon","coordinates":[[[-63.93604,-29.74952],[-63.93655,-29.74914],[-63.93701,-29.74859],[-63.93735,-29.74801],[-63.93799,-29.74823],[-63.9379,-29.7487],[-63.93744,-29.74928],[-63.93688,-29.74959],[-63.93637,-29.74979],[-63.93582,-29.7501],[-63.93486,-29.75052],[-63.93457,-29.75123],[-63.93446,-29.75172],[-63.93544,-29.75152],[-63.9361,-29.75156],[-63.93679,-29.75176],[-63.93721,-29.7517],[-63.93741,-29.75221],[-63.93748,-29.75274],[-63.93748,-29.75389],[-63.93739,-29.75403],[-63.93624,-29.75443],[-63.93666,-29.75474],[-63.93666,-29.75496],[-63.9363,-29.75529],[-63.93635,-29.75629],[-63.93628,-29.75731],[-63.93613,-29.75853],[-63.93511,-29.7592],[-63.93451,-29.75989],[-63.93413,-29.75989],[-63.93393,-29.76022],[-63.93355,-29.76035],[-63.93348,-29.76062],[-63.93322,-29.76062],[-63.93297,-29.76031],[-63.93271,-29.76031],[-63.93269,-29.76078],[-63.93231,-29.76084],[-63.93211,-29.76038],[-63.9316,-29.76013],[-63.93107,-29.75998],[-63.93087,-29.76013],[-63.92931,-29.75971],[-63.9284,-29.75933],[-63.92771,-29.75918],[-63.9276,-29.75944],[-63.92689,-29.75924],[-63.92685,-29.75958],[-63.9264,-29.75969],[-63.92592,-29.75884],[-63.92592,-29.75844],[-63.92514,-29.7576],[-63.92481,-29.75731],[-63.92498,-29.75707],[-63.92485,-29.75665],[-63.92509,-29.75651],[-63.92496,-29.75596],[-63.92438,-29.75558],[-63.92412,-29.75527],[-63.92416,-29.75505],[-63.92385,-29.75474],[-63.9237,-29.75416],[-63.92354,-29.75416],[-63.92347,-29.75225],[-63.92312,-29.75218],[-63.92259,-29.7523],[-63.92165,-29.75207],[-63.92185,-29.75159],[-63.92121,-29.75141],[-63.92105,-29.75114],[-63.92021,-29.75094],[-63.92001,-29.75012],[-63.91917,-29.74994],[-63.91897,-29.74961],[-63.91852,-29.74954],[-63.91852,-29.74931],[-63.91921,-29.74928],[-63.91946,-29.74954],[-63.92043,-29.74961],[-63.92117,-29.75003],[-63.92168,-29.75014],[-63.92152,-29.74961],[-63.9219,-29.74965],[-63.92214,-29.74988],[-63.92254,-29.75003],[-63.92259,-29.75034],[-63.92303,-29.75059],[-63.9231,-29.7501],[-63.92361,-29.74992],[-63.92456,-29.7497],[-63.92474,-29.74994],[-63.92498,-29.74974],[-63.92485,-29.74923],[-63.92514,-29.7491],[-63.92525,-29.74948],[-63.92561,-29.74929],[-63.92574,-29.7495],[-63.9256,-29.74988],[-63.9256,-29.75034],[-63.92503,-29.75052],[-63.92509,-29.75088],[-63.92574,-29.75096],[-63.92603,-29.75072],[-63.92585,-29.75041],[-63.92589,-29.75012],[-63.92612,-29.75005],[-63.92643,-29.75034],[-63.92663,-29.75028],[-63.92678,-29.75059],[-63.92654,-29.75092],[-63.92665,-29.75112],[-63.92698,-29.75099],[-63.9274,-29.75112],[-63.92825,-29.7517],[-63.92871,-29.7517],[-63.92885,-29.75114],[-63.92911,-29.75079],[-63.92905,-29.74997],[-63.9294,-29.74981],[-63.92964,-29.74919],[-63.93044,-29.74903],[-63.9306,-29.74925],[-63.93035,-29.74965],[-63.93084,-29.74968],[-63.93109,-29.7503],[-63.93138,-29.75034],[-63.93226,-29.7511],[-63.93282,-29.7515],[-63.9336,-29.75156],[-63.9336,-29.75016],[-63.93408,-29.74974],[-63.93471,-29.74972],[-63.93533,-29.74979],[-63.93604,-29.74952]]]},"properties":{"periodo":2022,"dts":"2021-12-18","dte":"2022-12-29","infobs":"incendio"}},
{"type":"Feature","geometry":{"type":"Polygon","coordinates":[[[-63.03687,-30.00983],[-63.03729,-30.0094],[-63.03767,-30.00989],[-63.03751,-30.01049],[-63.03854,-30.01075],[-63.03903,-30.01118],[-63.03801,-30.01111],[-63.03861,-30.01157],[-63.03922,-30.01246],[-63.03952,-30.01259],[-63.03952,-30.01315],[-63.03914,-30.01309],[-63.03835,-30.01318],[-63.0374,-30.01292],[-63.03687,-30.01253],[-63.03725,-30.01207],[-63.03653,-30.01141],[-63.03547,-30.01138],[-63.03578,-30.0123],[-63.03585,-30.01286],[-63.0351,-30.01286],[-63.03438,-30.01207],[-63.03453,-30.01147],[-63.03434,-30.01065],[-63.03407,-30.00989],[-63.03468,-30.0094],[-63.03566,-30.00947],[-63.03608,-30.00993],[-63.03687,-30.00983]]]},"properties":{"periodo":2022,"dts":"2021-12-18","dte":"2022-12-29","infobs":"incendio"}},
{"type":"Feature","geometry":{"type":"Polygon","coordinates":[[[-63.88421,-29.94137],[-63.88455,-29.94085],[-63.88454,-29.94001],[-63.88506,-29.94013],[-63.88546,-29.93987],[-63.88605,-29.93977],[-63.88671,-29.93991],[-63.88699,-29.94113],[-63.88742,-29.94122],[-63.89005,-29.94128],[-63.89048,-29.94134],[-63.89054,-29.94238],[-63.89029,-29.94327],[-63.89002,-29.9438],[-63.8893,-29.94376],[-63.88869,-29.94393],[-63.88808,-29.944],[-63.88789,-29.94352],[-63.88796,-29.94289],[-63.88793,-29.94206],[-63.88748,-29.94217],[-63.88645,-29.94362],[-63.88563,-29.94363],[-63.88496,-29.94303],[-63.88495,-29.94231],[-63.88502,-29.94163],[-63.88421,-29.94137]]]},"properties":{"periodo":2022,"dts":"2021-12-18","dte":"2022-12-29","infobs":"incendio"}},
{"type":"Feature","geometry":{"type":"Polygon","coordinates":[[[-63.78324,-29.68845],[-63.78238,-29.68753],[-63.78174,-29.6866],[-63.78088,-29.68605],[-63.77981,-29.6855],[-63.77947,-29.68316],[-63.78124,-29.68207],[-63.78155,-29.68017],[-63.78095,-29.67857],[-63.78232,-29.67799],[-63.7858,-29.6786],[-63.78987,-29.67863],[-63.79283,-29.67896],[-63.79344,-29.68171],[-63.79392,-29.68365],[-63.79368,-29.68669],[-63.79389,-29.68852],[-63.79488,-29.68898],[-63.79565,-29.68731],[-63.79742,-29.68736],[-63.79775,-29.68661],[-63.79786,-29.68512],[-63.79944,-29.68505],[-63.80088,-29.68441],[-63.80253,-29.68606],[-63.80261,-29.6875],[-63.80472,-29.68892],[-63.80557,-29.68817],[-63.807,-29.68724],[-63.80943,-29.68694],[-63.80944,-29.68803],[-63.80938,-29.689],[-63.81095,-29.68866],[-63.81054,-29.69052],[-63.81012,-29.69146],[-63.80949,-29.69221],[-63.80907,-29.69314],[-63.80843,-29.69389],[-63.80759,-29.69445],[-63.8044,-29.69614],[-63.80357,-29.69801],[-63.8025,-29.69839],[-63.80081,-29.69952],[-63.80017,-29.70027],[-63.79848,-29.70139],[-63.79635,-29.70178],[-63.79528,-29.70178],[-63.79443,-29.70123],[-63.7942,-29.7003],[-63.79419,-29.69844],[-63.79397,-29.69751],[-63.7929,-29.6977],[-63.79249,-29.69864],[-63.79208,-29.7005],[-63.79166,-29.70143],[-63.7907,-29.70177],[-63.79094,-29.70238],[-63.79143,-29.70324],[-63.78979,-29.70173],[-63.79063,-29.69983],[-63.78957,-29.69812],[-63.78798,-29.69738],[-63.78692,-29.69588],[-63.78649,-29.69495],[-63.78627,-29.69402],[-63.7854,-29.69216],[-63.78454,-29.69142],[-63.78411,-29.6905],[-63.78368,-29.68938],[-63.78324,-29.68845]]]},"properties":{"periodo":2022,"dts":"2021-12-18","dte":"2022-12-29","infobs":"incendio"}},
{"type":"Feature","geometry":{"type":"Polygon","coordinates":[[[-64.42477,-31.83686],[-64.42558,-31.83676],[-64.42626,-31.83635],[-64.42735,-31.83689],[-64.42885,-31.83693],[-64.42957,-31.83747],[-64.43024,-31.8388],[-64.43089,-31.83914],[-64.43107,-31.83989],[-64.43071,-31.84074],[-64.42987,-31.84113],[-64.4296,-31.84174],[-64.42889,-31.84166],[-64.42874,-31.84096],[-64.42782,-31.8406],[-64.42723,-31.84031],[-64.42743,-31.83959],[-64.42664,-31.83922],[-64.42596,-31.83934],[-64.42551,-31.83876],[-64.42536,-31.83801],[-64.42485,-31.83752],[-64.42441,-31.83793],[-64.42359,-31.83786],[-64.42318,-31.83751],[-64.42306,-31.83847],[-64.4236,-31.83858],[-64.42435,-31.83843],[-64.42552,-31.83964],[-64.42604,-31.84009],[-64.42662,-31.84038],[-64.42731,-31.84081],[-64.4281,-31.84144],[-64.42855,-31.84207],[-64.43009,-31.84234],[-64.43058,-31.84298],[-64.43025,-31.84362],[-64.42987,-31.84383],[-64.42957,-31.84418],[-64.42982,-31.84455],[-64.42952,-31.84531],[-64.42899,-31.84575],[-64.42814,-31.84629],[-64.42863,-31.84669],[-64.42903,-31.84619],[-64.4297,-31.8456],[-64.43045,-31.84551],[-64.43103,-31.84622],[-64.43071,-31.84698],[-64.43002,-31.84682],[-64.42945,-31.847],[-64.42952,-31.84758],[-64.43073,-31.84884],[-64.43054,-31.84966],[-64.4301,-31.84992],[-64.43025,-31.85068],[-64.4305,-31.85126],[-64.43027,-31.85169],[-64.42943,-31.85234],[-64.42927,-31.85307],[-64.42928,-31.85394],[-64.42981,-31.85495],[-64.42898,-31.8567],[-64.42821,-31.85689],[-64.42722,-31.85684],[-64.42491,-31.85536],[-64.42317,-31.85485],[-64.42139,-31.85415],[-64.42104,-31.85339],[-64.42168,-31.85307],[-64.42201,-31.8526],[-64.422,-31.85153],[-64.42138,-31.85092],[-64.4202,-31.84989],[-64.42016,-31.84934],[-64.41978,-31.84885],[-64.4192,-31.84883],[-64.41803,-31.84791],[-64.41662,-31.8472],[-64.416,-31.84631],[-64.41662,-31.84467],[-64.41716,-31.84423],[-64.41845,-31.84427],[-64.41916,-31.84395],[-64.41824,-31.84367],[-64.41751,-31.84318],[-64.41694,-31.84377],[-64.41579,-31.84361],[-64.41527,-31.84326],[-64.41461,-31.84263],[-64.41508,-31.84187],[-64.41471,-31.8415],[-64.41469,-31.83961],[-64.41491,-31.83967],[-64.41572,-31.8394],[-64.4167,-31.83898],[-64.41678,-31.83947],[-64.41726,-31.83999],[-64.41773,-31.83964],[-64.41813,-31.83899],[-64.41925,-31.83875],[-64.41999,-31.83839],[-64.42046,-31.83789],[-64.42038,-31.83725],[-64.42116,-31.83666],[-64.42204,-31.83686],[-64.42477,-31.83686]]]},"properties":{"periodo":2022,"dts":"2021-12-18","dte":"2022-12-29","infobs":"incendio"}},
{"type":"Feature","geometry":{"type":"Polygon","coordinates":[[[-64.49784,-31.82512],[-64.49765,-31.82491],[-64.49767,-31.82463],[-64.49791,-31.8243],[-64.49755,-31.82355],[-64.49805,-31.82314],[-64.49826,-31.82515],[-64.49784,-31.82512]]]},"properties":{"periodo":2022,"dts":"2021-12-18","dte":"2022-12-29","infobs":"incendio"}},
{"type":"Feature","geometry":{"type":"Polygon","coordinates":[[[-64.50079,-31.8168],[-64.50075,-31.81491],[-64.50042,-31.81493],[-64.50043,-31.81716],[-64.49963,-31.81752],[-64.49937,-31.81807],[-64.49989,-31.81814],[-64.49837,-31.82057],[-64.49797,-31.82074],[-64.49743,-31.82115],[-64.4971,-31.82099],[-64.49705,-31.82055],[-64.49759,-31.81983],[-64.49832,-31.81951],[-64.49851,-31.81916],[-64.49798,-31.81864],[-64.49774,-31.81803],[-64.49738,-31.81747],[-64.49683,-31.81719],[-64.49612,-31.81705],[-64.49562,-31.81677],[-64.49472,-31.81688],[-64.49453,-31.81664],[-64.49426,-31.81593],[-64.49367,-31.81551],[-64.49374,-31.81509],[-64.49699,-31.81359],[-64.49775,-31.81353],[-64.49801,-31.8132],[-64.49836,-31.81306],[-64.49865,-31.81318],[-64.49882,-31.81354],[-64.49922,-31.81396],[-64.49958,-31.81469],[-64.49982,-31.81485],[-64.50079,-31.81482],[-64.50079,-31.8168]]]},"properties":{"periodo":2022,"dts":"2021-12-18","dte":"2022-12-29","infobs":"incendio"}},
{"type":"Feature","geometry":{"type":"Polygon","coordinates":[[[-64.45048,-31.4463],[-64.45069,-31.4461],[-64.45053,-31.44586],[-64.45113,-31.44508],[-64.45171,-31.44515],[-64.45113,-31.44555],[-64.45154,-31.44609],[-64.45184,-31.44674],[-64.45194,-31.4472],[-64.45184,-31.44855],[-64.45114,-31.44862],[-64.45089,-31.44884],[-64.45055,-31.44889],[-64.44948,-31.44726],[-64.4502,-31.44631],[-64.45048,-31.4463]]]},"properties":{"periodo":2022,"dts":"2021-12-18","dte":"2022-12-29","infobs":"incendio"}},
{"type":"Feature","geometry":{"type":"Polygon","coordinates":[[[-64.47499,-31.28112],[-64.47474,-31.28111],[-64.47469,-31.28033],[-64.47508,-31.27991],[-64.47614,-31.28014],[-64.4762,-31.28072],[-64.47576,-31.28102],[-64.47534,-31.28118],[-64.47499,-31.28112]]]},"properties":{"periodo":2022,"dts":"2021-12-18","dte":"2022-12-29","infobs":"incendio"}},
{"type":"Feature","geometry":{"type":"Polygon","coordinates":[[[-64.48473,-31.24805],[-64.48512,-31.24791],[-64.4862,-31.24773],[-64.48662,-31.24786],[-64.48649,-31.24821],[-64.48616,-31.24853],[-64.48571,-31.24854],[-64.48622,-31.24894],[-64.48622,-31.24949],[-64.48593,-31.24974],[-64.48528,-31.25062],[-64.48479,-31.24966],[-64.48477,-31.24925],[-64.48464,-31.24908],[-64.48436,-31.24822],[-64.48473,-31.24805]]]},"properties":{"periodo":2022,"dts":"2021-12-18","dte":"2022-12-29","infobs":"incendio"}},
{"type":"Feature","geometry":{"type":"Polygon","coordinates":[[[-64.25312,-31.15586],[-64.25263,-31.15513],[-64.2522,-31.15499],[-64.25223,-31.1546],[-64.25247,-31.15428],[-64.2525,-31.15384],[-64.2523,-31.15353],[-64.25224,-31.15311],[-64.2524,-31.15272],[-64.25209,-31.15239],[-64.25162,-31.1521],[-64.25175,-31.15168],[-64.25245,-31.15219],[-64.25255,-31.15242],[-64.25253,-31.15303],[-64.25279,-31.15393],[-64.25322,-31.15423],[-64.25321,-31.15494],[-64.25349,-31.15575],[-64.25312,-31.15586]]]},"properties":{"periodo":2022,"dts":"2021-12-18","dte":"2022-12-29","infobs":"incendio"}},
{"type":"Feature","geometry":{"type":"Polygon","coordinates":[[[-64.35447,-31.31058],[-64.35364,-31.31013],[-64.35361,-31.30958],[-64.35382,-31.30877],[-64.35452,-31.3081],[-64.35521,-31.30751],[-64.35588,-31.30769],[-64.35637,-31.3081],[-64.357,-31.30901],[-64.35734,-31.30942],[-64.35745,-31.31018],[-64.35723,-31.31093],[-64.35645,-31.31163],[-64.35577,-31.31122],[-64.35526,-31.31138],[-64.35447,-31.31058]]]},"properties":{"periodo":2022,"dts":"2021-12-18","dte":"2022-12-29","infobs":"incendio"}},
{"type":"Feature","geometry":{"type":"Polygon","coordinates":[[[-64.25723,-31.14051],[-64.25712,-31.13999],[-64.25715,-31.13961],[-64.25755,-31.13908],[-64.25802,-31.13942],[-64.25802,-31.13961],[-64.25875,-31.1402],[-64.25896,-31.1406],[-64.25976,-31.14063],[-64.25996,-31.14032],[-64.2603,-31.14047],[-64.26067,-31.14088],[-64.26063,-31.14137],[-64.26038,-31.14175],[-64.26009,-31.14194],[-64.25952,-31.14256],[-64.2592,-31.14343],[-64.25909,-31.14399],[-64.25924,-31.14455],[-64.26,-31.14477],[-64.26011,-31.14524],[-64.25968,-31.14592],[-64.2594,-31.14698],[-64.26037,-31.14695],[-64.26197,-31.14756],[-64.26204,-31.14797],[-64.26157,-31.148],[-64.26074,-31.14791],[-64.26009,-31.14757],[-64.25972,-31.14766],[-64.25958,-31.14829],[-64.25915,-31.14894],[-64.25901,-31.14966],[-64.25836,-31.15066],[-64.25858,-31.151],[-64.2583,-31.15187],[-64.25784,-31.15365],[-64.25809,-31.15396],[-64.25795,-31.15458],[-64.25831,-31.15442],[-64.25856,-31.15371],[-64.25856,-31.15309],[-64.25892,-31.15296],[-64.25899,-31.15336],[-64.25892,-31.15389],[-64.25871,-31.15439],[-64.25785,-31.15539],[-64.25683,-31.1558],[-64.25669,-31.15521],[-64.25675,-31.15298],[-64.25672,-31.15056],[-64.25662,-31.14898],[-64.25675,-31.14684],[-64.25659,-31.14624],[-64.25617,-31.14584],[-64.25594,-31.14332],[-64.25553,-31.14077],[-64.2554,-31.14007],[-64.25617,-31.13988],[-64.2569,-31.14086],[-64.25723,-31.14051]],[[-64.25864,-31.14135],[-64.25817,-31.14135],[-64.25832,-31.14191],[-64.25854,-31.14207],[-64.25864,-31.14135]],[[-64.25827,-31.14671],[-64.25805,-31.14636],[-64.25776,-31.14615],[-64.25754,-31.14577],[-64.2574,-31.14506],[-64.257,-31.14503],[-64.25674,-31.14531],[-64.25667,-31.14571],[-64.25686,-31.14603],[-64.25729,-31.14627],[-64.25747,-31.14652],[-64.25777,-31.14742],[-64.25824,-31.14751],[-64.25827,-31.14671]]]},"properties":{"periodo":2022,"dts":"2021-12-18","dte":"2022-12-29","infobs":"incendio"}},
{"type":"Feature","geometry":{"type":"Polygon","coordinates":[[[-64.24333,-31.13963],[-64.24273,-31.13915],[-64.24269,-31.13887],[-64.24292,-31.13864],[-64.24328,-31.13859],[-64.24359,-31.13832],[-64.24386,-31.13887],[-64.24452,-31.13941],[-64.24468,-31.13979],[-64.24333,-31.13963]]]},"properties":{"periodo":2022,"dts":"2021-12-18","dte":"2022-12-29","infobs":"incendio"}},
{"type":"Feature","geometry":{"type":"Polygon","coordinates":[[[-64.24672,-31.13983],[-64.24555,-31.13975],[-64.24558,-31.1386],[-64.24529,-31.13821],[-64.24518,-31.13782],[-64.24545,-31.13768],[-64.24594,-31.13785],[-64.24661,-31.13822],[-64.2468,-31.13884],[-64.2468,-31.13945],[-64.24705,-31.13987],[-64.24968,-31.13992],[-64.25,-31.13988],[-64.25036,-31.13997],[-64.25081,-31.13997],[-64.25113,-31.14015],[-64.25201,-31.14004],[-64.25324,-31.14007],[-64.2539,-31.14025],[-64.25446,-31.14104],[-64.25531,-31.14135],[-64.25556,-31.14422],[-64.2559,-31.14612],[-64.25639,-31.14645],[-64.25628,-31.14916],[-64.25543,-31.14917],[-64.25535,-31.14932],[-64.25554,-31.14986],[-64.2561,-31.14986],[-64.25642,-31.14998],[-64.25629,-31.15451],[-64.25589,-31.15501],[-64.25557,-31.15587],[-64.2552,-31.15627],[-64.25499,-31.1563],[-64.25359,-31.15603],[-64.2536,-31.15584],[-64.25388,-31.15525],[-64.2539,-31.15472],[-64.25358,-31.15382],[-64.25329,-31.15326],[-64.25365,-31.15242],[-64.25305,-31.15132],[-64.25274,-31.15101],[-64.25263,-31.15032],[-64.2514,-31.15078],[-64.25104,-31.15135],[-64.25051,-31.15193],[-64.2503,-31.15085],[-64.25051,-31.15063],[-64.25056,-31.15003],[-64.24995,-31.1489],[-64.24986,-31.14691],[-64.24972,-31.1465],[-64.24927,-31.14549],[-64.24896,-31.14462],[-64.24852,-31.14362],[-64.24836,-31.14262],[-64.24805,-31.1415],[-64.24745,-31.14063],[-64.24706,-31.14048],[-64.24672,-31.13983]],[[-64.25,-31.14222],[-64.25025,-31.14196],[-64.2503,-31.14133],[-64.25077,-31.14094],[-64.25057,-31.14079],[-64.2501,-31.14091],[-64.24976,-31.14148],[-64.24965,-31.1418],[-64.24971,-31.14219],[-64.25,-31.14222]],[[-64.25255,-31.1455],[-64.25294,-31.14481],[-64.25287,-31.14419],[-64.25272,-31.14375],[-64.25207,-31.14366],[-64.25189,-31.14354],[-64.25145,-31.14357],[-64.25138,-31.14394],[-64.2516,-31.14435],[-64.25222,-31.14603],[-64.25255,-31.1455]],[[-64.25527,-31.14765],[-64.25603,-31.14674],[-64.25601,-31.1464],[-64.25566,-31.14633],[-64.25559,-31.14656],[-64.25511,-31.14739],[-64.25527,-31.14765]],[[-64.25361,-31.1478],[-64.25347,-31.14848],[-64.25362,-31.14923],[-64.25402,-31.14951],[-64.25434,-31.1491],[-64.25441,-31.14863],[-64.25412,-31.14783],[-64.25361,-31.1478]]]},"properties":{"periodo":2022,"dts":"2021-12-18","dte":"2022-12-29","infobs":"incendio"}},
{"type":"Feature","geometry":{"type":"Polygon","coordinates":[[[-64.24808,-31.13932],[-64.24739,-31.13803],[-64.24796,-31.13767],[-64.24923,-31.13838],[-64.24965,-31.13919],[-64.2495,-31.13945],[-64.24846,-31.13955],[-64.24808,-31.13932]]]},"properties":{"periodo":2022,"dts":"2021-12-18","dte":"2022-12-29","infobs":"incendio"}},
{"type":"Feature","geometry":{"type":"Polygon","coordinates":[[[-64.25693,-31.12397],[-64.25721,-31.12369],[-64.2575,-31.12275],[-64.25789,-31.12213],[-64.25826,-31.12216],[-64.25847,-31.12256],[-64.25952,-31.12265],[-64.26061,-31.12301],[-64.26065,-31.12345],[-64.26041,-31.12463],[-64.26042,-31.12523],[-64.26003,-31.12997],[-64.25981,-31.13052],[-64.25933,-31.13144],[-64.25818,-31.13313],[-64.25761,-31.1339],[-64.25717,-31.13466],[-64.25685,-31.13477],[-64.25674,-31.13514],[-64.25638,-31.13489],[-64.25188,-31.13344],[-64.24906,-31.13265],[-64.24922,-31.13212],[-64.24973,-31.13206],[-64.25013,-31.13184],[-64.24998,-31.13134],[-64.24969,-31.13119],[-64.24976,-31.13094],[-64.25103,-31.13109],[-64.25175,-31.13103],[-64.25204,-31.1309],[-64.25258,-31.1309],[-64.25345,-31.13111],[-64.25374,-31.1303],[-64.25377,-31.12987],[-64.25363,-31.12965],[-64.25272,-31.12956],[-64.25243,-31.12928],[-64.25192,-31.12863],[-64.2516,-31.12888],[-64.2512,-31.12997],[-64.25075,-31.13002],[-64.25095,-31.12966],[-64.25094,-31.12897],[-64.25102,-31.1286],[-64.25047,-31.12823],[-64.25022,-31.12876],[-64.25004,-31.12951],[-64.25007,-31.13024],[-64.24927,-31.13072],[-64.2486,-31.13076],[-64.24871,-31.13032],[-64.24914,-31.12982],[-64.24925,-31.12932],[-64.24892,-31.12917],[-64.24849,-31.12926],[-64.24848,-31.12905],[-64.24881,-31.12883],[-64.24859,-31.12805],[-64.24924,-31.12755],[-64.25029,-31.12744],[-64.25038,-31.12711],[-64.24989,-31.12723],[-64.24895,-31.12724],[-64.2486,-31.12705],[-64.24867,-31.1268],[-64.24914,-31.12677],[-64.24916,-31.12641],[-64.24872,-31.12618],[-64.24889,-31.12601],[-64.24928,-31.12607],[-64.25066,-31.12585],[-64.25126,-31.12633],[-64.25202,-31.12632],[-64.25216,-31.12657],[-64.25199,-31.12741],[-64.25249,-31.12751],[-64.25289,-31.12747],[-64.25412,-31.12681],[-64.25405,-31.12647],[-64.25372,-31.12629],[-64.25366,-31.1259],[-64.25312,-31.12593],[-64.25317,-31.12539],[-64.25277,-31.12489],[-64.2536,-31.1247],[-64.25407,-31.12513],[-64.25458,-31.12532],[-64.2557,-31.12535],[-64.25594,-31.12508],[-64.25606,-31.12472],[-64.25581,-31.12421],[-64.25544,-31.12416],[-64.25514,-31.12426],[-64.25517,-31.12452],[-64.25472,-31.12476],[-64.25443,-31.12442],[-64.254,-31.12432],[-64.25418,-31.12389],[-64.25454,-31.12364],[-64.25569,-31.12363],[-64.2562,-31.12394],[-64.25693,-31.12397]]]},"properties":{"periodo":2022,"dts":"2021-12-18","dte":"2022-12-29","infobs":"incendio"}},
{"type":"Feature","geometry":{"type":"Polygon","coordinates":[[[-64.45833,-31.07305],[-64.4586,-31.07246],[-64.45899,-31.07221],[-64.45966,-31.07255],[-64.45942,-31.07283],[-64.45927,-31.07352],[-64.45978,-31.07346],[-64.45944,-31.07425],[-64.45949,-31.07474],[-64.46003,-31.07518],[-64.45997,-31.07614],[-64.46078,-31.07568],[-64.46101,-31.07589],[-64.46103,-31.07621],[-64.45986,-31.07639],[-64.45883,-31.07694],[-64.4576,-31.07731],[-64.45756,-31.07701],[-64.4578,-31.07693],[-64.45826,-31.07699],[-64.45884,-31.07684],[-64.45917,-31.07666],[-64.45922,-31.07631],[-64.45901,-31.07586],[-64.45872,-31.07558],[-64.45815,-31.07543],[-64.45781,-31.07509],[-64.45825,-31.0748],[-64.45819,-31.0746],[-64.45884,-31.07449],[-64.45874,-31.07432],[-64.45877,-31.0736],[-64.45833,-31.07305]]]},"properties":{"periodo":2022,"dts":"2021-12-18","dte":"2022-12-29","infobs":"incendio"}},
{"type":"Feature","geometry":{"type":"Polygon","coordinates":[[[-64.4544,-31.06909],[-64.4549,-31.06896],[-64.45503,-31.06908],[-64.45568,-31.06925],[-64.45589,-31.06949],[-64.45621,-31.0696],[-64.45717,-31.0696],[-64.45797,-31.06996],[-64.45851,-31.06994],[-64.45923,-31.06959],[-64.4595,-31.06961],[-64.45997,-31.07],[-64.46019,-31.06998],[-64.46062,-31.07023],[-64.46107,-31.07039],[-64.46139,-31.07148],[-64.46154,-31.07177],[-64.46149,-31.07202],[-64.46089,-31.07205],[-64.46057,-31.07172],[-64.46033,-31.07164],[-64.45999,-31.07204],[-64.45944,-31.07152],[-64.45877,-31.07148],[-64.45847,-31.07123],[-64.45799,-31.07112],[-64.45757,-31.07122],[-64.45705,-31.07118],[-64.45661,-31.072],[-64.45666,-31.07258],[-64.45718,-31.07295],[-64.45709,-31.07317],[-64.45675,-31.07338],[-64.45602,-31.07307],[-64.45548,-31.07319],[-64.45452,-31.07159],[-64.4531,-31.071],[-64.45323,-31.07081],[-64.45338,-31.07004],[-64.45371,-31.06988],[-64.454,-31.06951],[-64.4543,-31.06936],[-64.4544,-31.06909]]]},"properties":{"periodo":2022,"dts":"2021-12-18","dte":"2022-12-29","infobs":"incendio"}},
{"type":"Feature","geometry":{"type":"Polygon","coordinates":[[[-64.36363,-31.06908],[-64.36411,-31.06853],[-64.36439,-31.06833],[-64.36875,-31.07147],[-64.36812,-31.0716],[-64.36772,-31.07176],[-64.36776,-31.07237],[-64.36858,-31.07268],[-64.36862,-31.07306],[-64.36833,-31.07348],[-64.36748,-31.07336],[-64.36689,-31.07336],[-64.36508,-31.07367],[-64.36415,-31.07358],[-64.36412,-31.07419],[-64.36443,-31.07495],[-64.36417,-31.07524],[-64.36362,-31.0756],[-64.36433,-31.07578],[-64.36415,-31.0762],[-64.36486,-31.0768],[-64.36495,-31.07734],[-64.36532,-31.07775],[-64.3662,-31.07736],[-64.36612,-31.07669],[-64.36563,-31.07612],[-64.36555,-31.07583],[-64.36704,-31.07598],[-64.368,-31.07597],[-64.36885,-31.07583],[-64.36903,-31.07573],[-64.3708,-31.07524],[-64.37095,-31.07527],[-64.37151,-31.07571],[-64.37192,-31.07542],[-64.37244,-31.07387],[-64.37276,-31.07408],[-64.37476,-31.07577],[-64.37482,-31.07956],[-64.37265,-31.08205],[-64.37195,-31.08262],[-64.37122,-31.08022],[-64.37091,-31.07933],[-64.36912,-31.07871],[-64.36409,-31.07877],[-64.36304,-31.07827],[-64.36327,-31.07734],[-64.36208,-31.07732],[-64.36124,-31.07816],[-64.36125,-31.07854],[-64.36036,-31.07858],[-64.3597,-31.07878],[-64.35944,-31.07917],[-64.35911,-31.07942],[-64.35848,-31.07934],[-64.35803,-31.07889],[-64.35791,-31.07829],[-64.35801,-31.07768],[-64.35954,-31.07537],[-64.36081,-31.07402],[-64.36141,-31.07392],[-64.36178,-31.07398],[-64.36229,-31.07375],[-64.36269,-31.07301],[-64.36257,-31.07272],[-64.36216,-31.07267],[-64.36131,-31.07267],[-64.35954,-31.07308],[-64.3596,-31.07218],[-64.35941,-31.07167],[-64.3594,-31.07065],[-64.35976,-31.07004],[-64.3602,-31.06969],[-64.36041,-31.0694],[-64.36082,-31.06914],[-64.36156,-31.06923],[-64.36193,-31.06916],[-64.36218,-31.06887],[-64.36311,-31.06908],[-64.36334,-31.06921],[-64.36363,-31.06908]]]},"properties":{"periodo":2022,"dts":"2021-12-18","dte":"2022-12-29","infobs":"incendio"}},
{"type":"Feature","geometry":{"type":"Polygon","coordinates":[[[-64.47286,-30.99767],[-64.47342,-30.99788],[-64.47385,-30.99767],[-64.47461,-30.99799],[-64.47518,-30.99836],[-64.47518,-30.99881],[-64.47495,-30.99894],[-64.47481,-30.99928],[-64.47555,-30.99958],[-64.4758,-30.99933],[-64.47641,-30.99977],[-64.47703,-31.00074],[-64.47819,-31.00217],[-64.47785,-31.00233],[-64.47755,-31.00227],[-64.47714,-31.00193],[-64.47683,-31.00188],[-64.47673,-31.00214],[-64.47609,-31.00236],[-64.47581,-31.00238],[-64.4754,-31.00219],[-64.47437,-31.00234],[-64.47413,-31.00232],[-64.4736,-31.00202],[-64.47304,-31.00264],[-64.4729,-31.00243],[-64.47213,-31.00249],[-64.47121,-31.00264],[-64.4706,-31.00284],[-64.4698,-31.0023],[-64.46979,-31.0021],[-64.46926,-31.00152],[-64.46893,-31.00146],[-64.46878,-31.00129],[-64.4684,-31.00123],[-64.46814,-31.00137],[-64.46784,-31.00113],[-64.46824,-31.00059],[-64.46813,-31.00043],[-64.46757,-31.00044],[-64.46763,-30.99974],[-64.46775,-30.99946],[-64.46803,-30.99926],[-64.4684,-30.99925],[-64.46936,-30.99945],[-64.47042,-30.99832],[-64.47064,-30.99819],[-64.47142,-30.99797],[-64.47177,-30.99768],[-64.47265,-30.99783],[-64.47286,-30.99767]]]},"properties":{"periodo":2022,"dts":"2021-12-18","dte":"2022-12-29","infobs":"incendio"}},
{"type":"Feature","geometry":{"type":"Polygon","coordinates":[[[-64.47082,-30.99744],[-64.47092,-30.9973],[-64.47155,-30.99692],[-64.47188,-30.99714],[-64.47136,-30.99764],[-64.47089,-30.99792],[-64.47046,-30.99807],[-64.47019,-30.99783],[-64.46996,-30.99741],[-64.46978,-30.99741],[-64.47006,-30.99807],[-64.4701,-30.99837],[-64.46972,-30.99862],[-64.46963,-30.9983],[-64.46934,-30.9979],[-64.46945,-30.9977],[-64.46933,-30.99731],[-64.46954,-30.99697],[-64.46983,-30.99697],[-64.47026,-30.99733],[-64.47061,-30.99749],[-64.47082,-30.99744]]]},"properties":{"periodo":2022,"dts":"2021-12-18","dte":"2022-12-29","infobs":"incendio"}},
{"type":"Feature","geometry":{"type":"Polygon","coordinates":[[[-64.27034,-31.14601],[-64.27096,-31.1456],[-64.27162,-31.14554],[-64.27227,-31.1461],[-64.27255,-31.14669],[-64.27205,-31.14739],[-64.27134,-31.14762],[-64.27102,-31.14736],[-64.27115,-31.14696],[-64.2709,-31.1466],[-64.27046,-31.14649],[-64.27029,-31.14717],[-64.27045,-31.1474],[-64.27037,-31.14801],[-64.27017,-31.14826],[-64.26921,-31.14778],[-64.26903,-31.14734],[-64.26941,-31.14606],[-64.26992,-31.14617],[-64.27034,-31.14601]]]},"properties":{"periodo":2022,"dts":"2021-12-18","dte":"2022-12-29","infobs":"incendio"}},
{"type":"Feature","geometry":{"type":"Polygon","coordinates":[[[-64.45384,-31.04673],[-64.45434,-31.04584],[-64.45493,-31.04615],[-64.4565,-31.04667],[-64.45654,-31.04718],[-64.45677,-31.0475],[-64.45825,-31.04735],[-64.45891,-31.04722],[-64.45902,-31.04712],[-64.45973,-31.04711],[-64.46027,-31.04676],[-64.46045,-31.04634],[-64.46067,-31.04608],[-64.46123,-31.04623],[-64.46134,-31.04642],[-64.46194,-31.04651],[-64.46301,-31.04621],[-64.46434,-31.04614],[-64.46534,-31.04644],[-64.46583,-31.04695],[-64.46679,-31.04678],[-64.46824,-31.04718],[-64.46891,-31.04749],[-64.46925,-31.04751],[-64.46933,-31.0479],[-64.46955,-31.04796],[-64.46959,-31.04844],[-64.46923,-31.04882],[-64.46994,-31.04901],[-64.47094,-31.04893],[-64.47175,-31.04918],[-64.47228,-31.04984],[-64.47226,-31.05048],[-64.47164,-31.05115],[-64.47071,-31.05123],[-64.46926,-31.05083],[-64.46889,-31.0509],[-64.47038,-31.05161],[-64.47067,-31.05311],[-64.47027,-31.05397],[-64.46932,-31.05488],[-64.46926,-31.05545],[-64.47026,-31.05579],[-64.47045,-31.05598],[-64.47042,-31.05659],[-64.4698,-31.05682],[-64.46865,-31.05715],[-64.46721,-31.05713],[-64.46685,-31.05743],[-64.46614,-31.05756],[-64.46548,-31.05757],[-64.46392,-31.05727],[-64.4625,-31.05687],[-64.46199,-31.05691],[-64.46162,-31.0571],[-64.4611,-31.05711],[-64.46032,-31.05689],[-64.45965,-31.0569],[-64.45925,-31.05703],[-64.45888,-31.05732],[-64.45833,-31.05736],[-64.45774,-31.05769],[-64.45756,-31.05814],[-64.45841,-31.05787],[-64.45855,-31.05774],[-64.4597,-31.05735],[-64.46036,-31.0574],[-64.46196,-31.05793],[-64.46397,-31.05803],[-64.46438,-31.05847],[-64.46595,-31.05916],[-64.46658,-31.05956],[-64.46718,-31.05972],[-64.468,-31.06025],[-64.46878,-31.06056],[-64.46893,-31.06088],[-64.46876,-31.06129],[-64.46842,-31.06133],[-64.4679,-31.06092],[-64.46742,-31.06089],[-64.46657,-31.06103],[-64.4662,-31.06123],[-64.46583,-31.06158],[-64.46576,-31.06177],[-64.46588,-31.06225],[-64.46611,-31.06257],[-64.46696,-31.06278],[-64.46777,-31.06252],[-64.46896,-31.06276],[-64.46946,-31.06361],[-64.46875,-31.06365],[-64.4688,-31.06423],[-64.46929,-31.06476],[-64.4696,-31.06562],[-64.46921,-31.06655],[-64.46921,-31.06696],[-64.46996,-31.06715],[-64.47008,-31.06769],[-64.47045,-31.06781],[-64.47164,-31.06796],[-64.47268,-31.06839],[-64.47418,-31.06939],[-64.47452,-31.06987],[-64.47382,-31.07054],[-64.47361,-31.07109],[-64.47424,-31.07102],[-64.47475,-31.07066],[-64.47534,-31.07062],[-64.47521,-31.07133],[-64.47437,-31.07229],[-64.47404,-31.07242],[-64.47333,-31.07237],[-64.47266,-31.07161],[-64.47184,-31.07162],[-64.47143,-31.07169],[-64.47114,-31.07191],[-64.47025,-31.07173],[-64.46954,-31.07168],[-64.46902,-31.07124],[-64.46879,-31.07092],[-64.46886,-31.07022],[-64.46884,-31.06926],[-64.46834,-31.06787],[-64.46796,-31.06755],[-64.46726,-31.06734],[-64.4679,-31.07045],[-64.46802,-31.07125],[-64.46877,-31.07213],[-64.46922,-31.07254],[-64.47023,-31.07272],[-64.47104,-31.07278],[-64.47175,-31.0727],[-64.4722,-31.07305],[-64.47213,-31.07385],[-64.47103,-31.07456],[-64.47015,-31.07508],[-64.46971,-31.07512],[-64.46885,-31.07491],[-64.46855,-31.07469],[-64.46804,-31.07491],[-64.46819,-31.07523],[-64.4679,-31.07555],[-64.46761,-31.07619],[-64.46777,-31.07642],[-64.46865,-31.07634],[-64.46888,-31.07666],[-64.46959,-31.07697],[-64.46923,-31.07752],[-64.47023,-31.0776],[-64.47209,-31.07838],[-64.47276,-31.07853],[-64.47347,-31.07903],[-64.47329,-31.07941],[-64.47286,-31.07999],[-64.47219,-31.07987],[-64.47189,-31.07965],[-64.47137,-31.07959],[-64.47123,-31.07985],[-64.47153,-31.08042],[-64.47206,-31.08093],[-64.4721,-31.08121],[-64.47192,-31.08153],[-64.47144,-31.08192],[-64.47075,-31.08263],[-64.47068,-31.08308],[-64.47172,-31.08313],[-64.47242,-31.08299],[-64.47228,-31.08341],[-64.47192,-31.08373],[-64.47151,-31.08383],[-64.47054,-31.08365],[-64.4701,-31.08379],[-64.4697,-31.08443],[-64.46889,-31.08444],[-64.46811,-31.08457],[-64.46724,-31.08544],[-64.46683,-31.08564],[-64.46673,-31.08634],[-64.46645,-31.08705],[-64.46591,-31.08798],[-64.46492,-31.08904],[-64.46468,-31.08919],[-64.46423,-31.08832],[-64.46448,-31.08689],[-64.46366,-31.08598],[-64.46253,-31.08577],[-64.46115,-31.08676],[-64.46015,-31.08665],[-64.45998,-31.08495],[-64.46096,-31.08494],[-64.4619,-31.08483],[-64.46197,-31.08445],[-64.46157,-31.08413],[-64.4606,-31.08413],[-64.4599,-31.08374],[-64.45985,-31.0826],[-64.45966,-31.08218],[-64.46048,-31.08134],[-64.46209,-31.08139],[-64.46437,-31.08136],[-64.46452,-31.08144],[-64.46582,-31.08149],[-64.46617,-31.08141],[-64.46605,-31.08085],[-64.4655,-31.08033],[-64.46416,-31.07972],[-64.46351,-31.07999],[-64.46283,-31.07992],[-64.46232,-31.07952],[-64.46124,-31.07923],[-64.46094,-31.07892],[-64.46195,-31.07744],[-64.46214,-31.07654],[-64.46167,-31.07638],[-64.46186,-31.076],[-64.46234,-31.0757],[-64.46209,-31.0753],[-64.46153,-31.07491],[-64.46137,-31.07432],[-64.46104,-31.07342],[-64.46117,-31.07294],[-64.46216,-31.07241],[-64.46228,-31.07217],[-64.46246,-31.07122],[-64.46269,-31.07096],[-64.46412,-31.07093],[-64.46501,-31.07104],[-64.4652,-31.07149],[-64.46517,-31.07195],[-64.46499,-31.07248],[-64.46538,-31.07254],[-64.46637,-31.07203],[-64.46681,-31.07158],[-64.4667,-31.07133],[-64.46604,-31.07068],[-64.46554,-31.07081],[-64.46534,-31.06931],[-64.46298,-31.06829],[-64.46212,-31.06763],[-64.46069,-31.06709],[-64.45855,-31.06706],[-64.4569,-31.06585],[-64.45524,-31.0644],[-64.45273,-31.06296],[-64.45166,-31.06236],[-64.45115,-31.06175],[-64.45078,-31.06072],[-64.45135,-31.06058],[-64.45175,-31.06017],[-64.45175,-31.06005],[-64.45247,-31.05946],[-64.45453,-31.05868],[-64.45585,-31.05824],[-64.45721,-31.05722],[-64.45852,-31.05588],[-64.45987,-31.05468],[-64.46179,-31.05473],[-64.4634,-31.05443],[-64.46427,-31.05414],[-64.4651,-31.05416],[-64.46566,-31.05337],[-64.46555,-31.05294],[-64.46617,-31.05271],[-64.46655,-31.05217],[-64.46618,-31.05193],[-64.46577,-31.052],[-64.46548,-31.05234],[-64.46545,-31.05261],[-64.46459,-31.05319],[-64.46446,-31.05345],[-64.4633,-31.05289],[-64.46201,-31.05326],[-64.46073,-31.0537],[-64.45944,-31.05347],[-64.45857,-31.05402],[-64.45796,-31.05477],[-64.45705,-31.0552],[-64.45704,-31.05431],[-64.45719,-31.05392],[-64.45752,-31.05377],[-64.45782,-31.05381],[-64.45788,-31.05295],[-64.45797,-31.05265],[-64.4585,-31.05245],[-64.45887,-31.05257],[-64.45888,-31.05171],[-64.45829,-31.05091],[-64.45798,-31.05094],[-64.45791,-31.0512],[-64.45803,-31.05166],[-64.45798,-31.05198],[-64.45755,-31.05194],[-64.45706,-31.05145],[-64.45671,-31.05175],[-64.45659,-31.05227],[-64.45662,-31.05281],[-64.4564,-31.05338],[-64.45617,-31.05349],[-64.45598,-31.05271],[-64.45595,-31.0504],[-64.4555,-31.04844],[-64.45486,-31.04755],[-64.45363,-31.04775],[-64.45323,-31.04864],[-64.45303,-31.04972],[-64.45242,-31.05061],[-64.45162,-31.05241],[-64.45197,-31.05005],[-64.45201,-31.04803],[-64.45384,-31.04673]],[[-64.46593,-31.05154],[-64.46533,-31.05126],[-64.46384,-31.05153],[-64.46386,-31.05172],[-64.46434,-31.05173],[-64.46486,-31.0515],[-64.46515,-31.0515],[-64.46575,-31.05173],[-64.46593,-31.05154]],[[-64.46505,-31.07731],[-64.46464,-31.0773],[-64.46416,-31.07765],[-64.46337,-31.07773],[-64.46265,-31.07772],[-64.46278,-31.07789],[-64.4638,-31.07833],[-64.46451,-31.07825],[-64.46515,-31.07807],[-64.46571,-31.07821],[-64.46623,-31.07811],[-64.46632,-31.07785],[-64.46505,-31.07731]]]},"properties":{"periodo":2022,"dts":"2021-12-18","dte":"2022-12-29","infobs":"incendio"}},
{"type":"Feature","geometry":{"type":"Polygon","coordinates":[[[-64.26643,-30.96146],[-64.26671,-30.96173],[-64.26678,-30.96224],[-64.26696,-30.96273],[-64.26736,-30.96346],[-64.26715,-30.96451],[-64.26668,-30.9655],[-64.26647,-30.96566],[-64.2662,-30.96662],[-64.26644,-30.96731],[-64.26604,-30.96739],[-64.26523,-30.96735],[-64.26506,-30.96719],[-64.26496,-30.96659],[-64.26453,-30.96674],[-64.26425,-30.96714],[-64.26432,-30.96751],[-64.26356,-30.96753],[-64.26305,-30.96765],[-64.26213,-30.96821],[-64.26153,-30.96864],[-64.26111,-30.96903],[-64.2606,-30.96925],[-64.25976,-30.96925],[-64.25902,-30.96871],[-64.25846,-30.96805],[-64.25811,-30.96662],[-64.25824,-30.96568],[-64.25825,-30.96513],[-64.25848,-30.96475],[-64.25849,-30.96428],[-64.25832,-30.96382],[-64.25841,-30.96352],[-64.25981,-30.96251],[-64.26012,-30.96292],[-64.26053,-30.96323],[-64.26146,-30.96347],[-64.26156,-30.96416],[-64.26202,-30.9641],[-64.26236,-30.9637],[-64.26264,-30.96402],[-64.26249,-30.96453],[-64.2625,-30.96483],[-64.263,-30.96526],[-64.26285,-30.96552],[-64.26232,-30.96574],[-64.26077,-30.96609],[-64.25994,-30.96636],[-64.25906,-30.96675],[-64.25894,-30.96708],[-64.25921,-30.96726],[-64.25948,-30.96723],[-64.26152,-30.96679],[-64.26208,-30.96675],[-64.26398,-30.96624],[-64.26427,-30.96598],[-64.26423,-30.9657],[-64.26392,-30.96529],[-64.2638,-30.96487],[-64.2632,-30.9647],[-64.263,-30.96433],[-64.26311,-30.96368],[-64.263,-30.96354],[-64.26286,-30.96257],[-64.26332,-30.96263],[-64.26395,-30.96313],[-64.26454,-30.96371],[-64.26554,-30.96376],[-64.26597,-30.9637],[-64.26616,-30.96388],[-64.26587,-30.96484],[-64.26615,-30.96509],[-64.26677,-30.9644],[-64.26678,-30.96389],[-64.26613,-30.96296],[-64.26567,-30.96204],[-64.26555,-30.96167],[-64.2662,-30.96186],[-64.26643,-30.96146]]]},"properties":{"periodo":2022,"dts":"2021-12-18","dte":"2022-12-29","infobs":"incendio"}},
{"type":"Feature","geometry":{"type":"Polygon","coordinates":[[[-64.29294,-30.94446],[-64.29324,-30.94475],[-64.2938,-30.9469],[-64.29349,-30.94927],[-64.29251,-30.9516],[-64.29142,-30.95072],[-64.2919,-30.95057],[-64.2926,-30.94983],[-64.29301,-30.94874],[-64.29294,-30.94446]]]},"properties":{"periodo":2022,"dts":"2021-12-18","dte":"2022-12-29","infobs":"incendio"}},
{"type":"Feature","geometry":{"type":"Polygon","coordinates":[[[-64.28772,-30.94711],[-64.28678,-30.94739],[-64.28598,-30.9481],[-64.28589,-30.94864],[-64.28555,-30.94885],[-64.28586,-30.95055],[-64.28515,-30.95132],[-64.28454,-30.95207],[-64.28384,-30.95173],[-64.28286,-30.95244],[-64.28186,-30.95324],[-64.2809,-30.95341],[-64.28075,-30.95267],[-64.28048,-30.95257],[-64.27988,-30.95284],[-64.27978,-30.95231],[-64.28019,-30.95212],[-64.2802,-30.9511],[-64.28056,-30.95079],[-64.2809,-30.94966],[-64.28065,-30.9488],[-64.28002,-30.94853],[-64.27992,-30.94812],[-64.27981,-30.94717],[-64.28052,-30.94662],[-64.28013,-30.94625],[-64.2807,-30.94542],[-64.28147,-30.94537],[-64.28242,-30.9449],[-64.28251,-30.94391],[-64.28234,-30.94374],[-64.28259,-30.94343],[-64.28252,-30.94249],[-64.28076,-30.94139],[-64.27979,-30.94096],[-64.28098,-30.94106],[-64.2815,-30.9406],[-64.28163,-30.93981],[-64.28206,-30.93919],[-64.28302,-30.93939],[-64.28195,-30.93857],[-64.28187,-30.936],[-64.28279,-30.93552],[-64.28386,-30.93561],[-64.28544,-30.93501],[-64.28627,-30.93382],[-64.28753,-30.93284],[-64.28791,-30.93294],[-64.28871,-30.9334],[-64.28882,-30.93396],[-64.28962,-30.93493],[-64.29009,-30.9354],[-64.29064,-30.93585],[-64.29136,-30.93562],[-64.29186,-30.93513],[-64.2928,-30.93388],[-64.29327,-30.93313],[-64.29353,-30.93218],[-64.29381,-30.93218],[-64.29392,-30.93288],[-64.29449,-30.93374],[-64.29479,-30.93471],[-64.29481,-30.93568],[-64.29397,-30.9363],[-64.29298,-30.93679],[-64.29073,-30.93706],[-64.2896,-30.93707],[-64.28833,-30.93733],[-64.28749,-30.93807],[-64.28679,-30.9388],[-64.28638,-30.93979],[-64.28611,-30.94076],[-64.28556,-30.94162],[-64.28486,-30.94236],[-64.28401,-30.94268],[-64.28403,-30.94345],[-64.28435,-30.94439],[-64.28482,-30.94532],[-64.2867,-30.94637],[-64.28772,-30.94711]],[[-64.28393,-30.94255],[-64.2845,-30.94223],[-64.28419,-30.94203],[-64.28421,-30.9418],[-64.28447,-30.94138],[-64.28425,-30.94105],[-64.28319,-30.94119],[-64.28284,-30.94175],[-64.28332,-30.94164],[-64.28375,-30.94166],[-64.28352,-30.94226],[-64.2828,-30.9427],[-64.28393,-30.94255]]]},"properties":{"periodo":2022,"dts":"2021-12-18","dte":"2022-12-29","infobs":"incendio"}},
{"type":"Feature","geometry":{"type":"Polygon","coordinates":[[[-63.58295,-29.66938],[-63.58334,-29.6695],[-63.5861,-29.66951],[-63.5863,-29.66941],[-63.58637,-29.67059],[-63.58587,-29.67016],[-63.58571,-29.66971],[-63.5849,-29.66972],[-63.5849,-29.6696],[-63.58409,-29.6696],[-63.58407,-29.66971],[-63.5834,-29.66972],[-63.58295,-29.66938]]]},"properties":{"periodo":2022,"dts":"2021-12-18","dte":"2022-12-29","infobs":"agricultura"}},
{"type":"Feature","geometry":{"type":"Polygon","coordinates":[[[-63.59507,-29.73764],[-63.59249,-29.73903],[-63.59237,-29.73854],[-63.59266,-29.73768],[-63.59271,-29.73713],[-63.59176,-29.73598],[-63.59157,-29.73565],[-63.59153,-29.73501],[-63.59163,-29.73439],[-63.59183,-29.73379],[-63.59209,-29.73342],[-63.59205,-29.73296],[-63.59194,-29.73285],[-63.5912,-29.73272],[-63.59103,-29.73241],[-63.59052,-29.73253],[-63.58959,-29.73253],[-63.58966,-29.73205],[-63.58955,-29.73086],[-63.58931,-29.72958],[-63.58924,-29.72829],[-63.58927,-29.72773],[-63.5911,-29.72709],[-63.59322,-29.72673],[-63.59471,-29.7266],[-63.59804,-29.72651],[-63.59961,-29.72639],[-63.60052,-29.72624],[-63.60156,-29.72619],[-63.60237,-29.7261],[-63.6036,-29.72605],[-63.60359,-29.72927],[-63.60386,-29.72949],[-63.60443,-29.7297],[-63.60502,-29.72941],[-63.6052,-29.72907],[-63.60653,-29.72902],[-63.60651,-29.72527],[-63.60685,-29.72521],[-63.60673,-29.72888],[-63.60754,-29.72899],[-63.60755,-29.73043],[-63.60491,-29.73235],[-63.60492,-29.73252],[-63.60134,-29.73518],[-63.59995,-29.73598],[-63.59507,-29.73764]],[[-63.59525,-29.73495],[-63.59575,-29.73546],[-63.59537,-29.73579],[-63.59528,-29.73642],[-63.59528,-29.73722],[-63.59621,-29.73662],[-63.59724,-29.73622],[-63.59775,-29.73607],[-63.59797,-29.73589],[-63.59874,-29.73546],[-63.5993,-29.73535],[-63.59934,-29.73554],[-63.59868,-29.73593],[-63.59881,-29.73626],[-63.59923,-29.73605],[-63.59949,-29.73574],[-63.60024,-29.73559],[-63.60102,-29.73494],[-63.60104,-29.73417],[-63.60083,-29.73338],[-63.60045,-29.73159],[-63.60017,-29.73159],[-63.59905,-29.73186],[-63.59861,-29.73204],[-63.59823,-29.7324],[-63.59756,-29.73245],[-63.59575,-29.73206],[-63.59557,-29.73302],[-63.59545,-29.73332],[-63.59563,-29.73403],[-63.59565,-29.73479],[-63.59534,-29.73468],[-63.59525,-29.73495]],[[-63.60226,-29.7338],[-63.60166,-29.734],[-63.60145,-29.73422],[-63.60154,-29.73444],[-63.60232,-29.73413],[-63.60253,-29.73391],[-63.60244,-29.73288],[-63.60288,-29.73259],[-63.60351,-29.73259],[-63.60391,-29.73226],[-63.60353,-29.73194],[-63.60291,-29.73197],[-63.60279,-29.73145],[-63.6021,-29.73149],[-63.60212,-29.73199],[-63.60141,-29.73194],[-63.60118,-29.73147],[-63.60083,-29.73167],[-63.60109,-29.73263],[-63.60156,-29.73301],[-63.60172,-29.73373],[-63.60221,-29.73348],[-63.60226,-29.7338]],[[-63.60362,-29.73283],[-63.6028,-29.733],[-63.6027,-29.73336],[-63.60286,-29.73385],[-63.60362,-29.73316],[-63.60413,-29.73283],[-63.60409,-29.73263],[-63.60362,-29.73283]],[[-63.60416,-29.7322],[-63.60449,-29.73214],[-63.60452,-29.73164],[-63.60411,-29.73164],[-63.60403,-29.73185],[-63.60416,-29.7322]],[[-63.60499,-29.73168],[-63.60546,-29.7314],[-63.60567,-29.73097],[-63.60484,-29.73081],[-63.6043,-29.7313],[-63.60499,-29.73168]],[[-63.59974,-29.73107],[-63.59914,-29.73108],[-63.59869,-29.73125],[-63.59866,-29.73145],[-63.59809,-29.73152],[-63.59807,-29.73179],[-63.59853,-29.73186],[-63.59909,-29.73165],[-63.59974,-29.73107]],[[-63.6024,-29.73068],[-63.60326,-29.73065],[-63.60324,-29.73023],[-63.60264,-29.73021],[-63.6024,-29.73068]],[[-63.59626,-29.73056],[-63.59766,-29.73022],[-63.59948,-29.72986],[-63.60107,-29.72957],[-63.60322,-29.72916],[-63.60321,-29.72673],[-63.59545,-29.72718],[-63.5954,-29.72778],[-63.59496,-29.72859],[-63.59499,-29.73066],[-63.59626,-29.73056]]]},"properties":{"periodo":2022,"dts":"2021-12-18","dte":"2022-12-29","infobs":"agricultura"}},
{"type":"Feature","geometry":{"type":"Polygon","coordinates":[[[-63.59054,-29.72609],[-63.59014,-29.7258],[-63.59002,-29.72535],[-63.5916,-29.72666],[-63.58982,-29.72674],[-63.58954,-29.7264],[-63.58964,-29.72575],[-63.59002,-29.72641],[-63.59046,-29.72643],[-63.59054,-29.72609]]]},"properties":{"periodo":2022,"dts":"2021-12-18","dte":"2022-12-29","infobs":"agricultura"}},
{"type":"Feature","geometry":{"type":"Polygon","coordinates":[[[-63.4799,-29.9246],[-63.4801,-29.92475],[-63.48009,-29.92533],[-63.47996,-29.92536],[-63.4799,-29.9246]]]},"properties":{"periodo":2022,"dts":"2021-12-18","dte":"2022-12-29","infobs":"agricultura"}},
{"type":"Feature","geometry":{"type":"Polygon","coordinates":[[[-63.47696,-29.92568],[-63.47712,-29.92506],[-63.47701,-29.92494],[-63.47712,-29.92506],[-63.477,-29.92552],[-63.47954,-29.92545],[-63.47846,-29.92566],[-63.47745,-29.92566],[-63.47696,-29.92568]]]},"properties":{"periodo":2022,"dts":"2021-12-18","dte":"2022-12-29","infobs":"agricultura"}},
{"type":"Feature","geometry":{"type":"Polygon","coordinates":[[[-63.98056,-29.96377],[-63.98077,-29.96351],[-63.98065,-29.96251],[-63.98149,-29.96235],[-63.98185,-29.96288],[-63.98266,-29.9633],[-63.9825,-29.96417],[-63.98207,-29.96482],[-63.98177,-29.96421],[-63.98139,-29.96414],[-63.9814,-29.96536],[-63.98102,-29.96527],[-63.98065,-29.96446],[-63.98056,-29.96377]]]},"properties":{"periodo":2022,"dts":"2021-12-18","dte":"2022-12-29","infobs":"agricultura"}},
{"type":"Feature","geometry":{"type":"Polygon","coordinates":[[[-63.98543,-29.97269],[-63.98517,-29.97228],[-63.9852,-29.97149],[-63.98465,-29.97163],[-63.98423,-29.97134],[-63.98345,-29.97121],[-63.98251,-29.97129],[-63.98245,-29.97194],[-63.98294,-29.97244],[-63.98321,-29.97299],[-63.9836,-29.97318],[-63.98369,-29.97386],[-63.98387,-29.97423],[-63.98496,-29.97412],[-63.98451,-29.97462],[-63.98342,-29.9747],[-63.98303,-29.97454],[-63.98264,-29.97404],[-63.98224,-29.97386],[-63.98273,-29.97352],[-63.98285,-29.9731],[-63.98212,-29.97231],[-63.98167,-29.97139],[-63.98124,-29.97074],[-63.981,-29.96963],[-63.981,-29.96882],[-63.98199,-29.96862],[-63.9822,-29.96884],[-63.98266,-29.96898],[-63.9829,-29.96926],[-63.98322,-29.9694],[-63.98344,-29.96971],[-63.98393,-29.96961],[-63.98367,-29.96932],[-63.98388,-29.96918],[-63.98374,-29.96883],[-63.98323,-29.96861],[-63.98301,-29.96842],[-63.9838,-29.96826],[-63.98486,-29.96835],[-63.98546,-29.96929],[-63.98537,-29.97015],[-63.98553,-29.97052],[-63.98573,-29.9706],[-63.98543,-29.97269]]]},"properties":{"periodo":2022,"dts":"2021-12-18","dte":"2022-12-29","infobs":"agricultura"}},
{"type":"Feature","geometry":{"type":"Polygon","coordinates":[[[-63.57893,-30.04342],[-63.58378,-30.04241],[-63.58375,-30.04395],[-63.58238,-30.04413],[-63.58195,-30.04413],[-63.58113,-30.0443],[-63.58098,-30.04764],[-63.58034,-30.05094],[-63.57954,-30.05186],[-63.57819,-30.05182],[-63.57829,-30.05068],[-63.57869,-30.04977],[-63.57869,-30.04908],[-63.57847,-30.04776],[-63.57847,-30.04539],[-63.57874,-30.04526],[-63.5789,-30.04427],[-63.57893,-30.04342]]]},"properties":{"periodo":2022,"dts":"2021-12-18","dte":"2022-12-29","infobs":"agricultura"}},
{"type":"Feature","geometry":{"type":"Polygon","coordinates":[[[-63.56895,-30.04647],[-63.56905,-30.04501],[-63.5727,-30.04422],[-63.5733,-30.04419],[-63.57389,-30.04407],[-63.5739,-30.05038],[-63.57367,-30.05043],[-63.57392,-30.05252],[-63.57432,-30.05301],[-63.56952,-30.05396],[-63.56881,-30.05396],[-63.56885,-30.05344],[-63.56986,-30.05333],[-63.5698,-30.05263],[-63.56885,-30.05271],[-63.56895,-30.04647]]]},"properties":{"periodo":2022,"dts":"2021-12-18","dte":"2022-12-29","infobs":"agricultura"}},
{"type":"Feature","geometry":{"type":"Polygon","coordinates":[[[-63.57511,-30.08263],[-63.57686,-30.083],[-63.58118,-30.08211],[-63.58267,-30.08118],[-63.59463,-30.07889],[-63.59464,-30.08033],[-63.58853,-30.08156],[-63.56498,-30.08582],[-63.56491,-30.08457],[-63.57511,-30.08263]]]},"properties":{"periodo":2022,"dts":"2021-12-18","dte":"2022-12-29","infobs":"agricultura"}},
{"type":"Feature","geometry":{"type":"Polygon","coordinates":[[[-63.64487,-30.12749],[-63.64487,-30.12575],[-63.64876,-30.12579],[-63.64908,-30.12541],[-63.64951,-30.12548],[-63.64991,-30.12656],[-63.65014,-30.12689],[-63.64998,-30.12709],[-63.64774,-30.12707],[-63.64621,-30.12711],[-63.64562,-30.1274],[-63.64487,-30.12749]]]},"properties":{"periodo":2022,"dts":"2021-12-18","dte":"2022-12-29","infobs":"agricultura"}},
{"type":"Feature","geometry":{"type":"Polygon","coordinates":[[[-63.81547,-30.18671],[-63.8155,-30.18599],[-63.81585,-30.18594],[-63.81547,-30.18671]]]},"properties":{"periodo":2022,"dts":"2021-12-18","dte":"2022-12-29","infobs":"agricultura"}},
{"type":"Feature","geometry":{"type":"Polygon","coordinates":[[[-63.52796,-30.26155],[-63.52658,-30.26144],[-63.52698,-30.25581],[-63.53208,-30.25834],[-63.53072,-30.26177],[-63.52796,-30.26155]]]},"properties":{"periodo":2022,"dts":"2021-12-18","dte":"2022-12-29","infobs":"agricultura"}},
{"type":"Feature","geometry":{"type":"Polygon","coordinates":[[[-63.38801,-30.37113],[-63.39446,-30.37177],[-63.39479,-30.37173],[-63.395,-30.37209],[-63.39489,-30.37703],[-63.38763,-30.37693],[-63.38801,-30.37113]]]},"properties":{"periodo":2022,"dts":"2021-12-18","dte":"2022-12-29","infobs":"agricultura"}},
{"type":"Feature","geometry":{"type":"Polygon","coordinates":[[[-63.94465,-30.37307],[-63.94567,-30.37273],[-63.9462,-30.37288],[-63.94644,-30.37344],[-63.94736,-30.37299],[-63.9478,-30.37456],[-63.94678,-30.37569],[-63.94619,-30.37601],[-63.94595,-30.37601],[-63.94561,-30.37545],[-63.94406,-30.37508],[-63.94344,-30.3745],[-63.94357,-30.37351],[-63.94465,-30.37307]]]},"properties":{"periodo":2022,"dts":"2021-12-18","dte":"2022-12-29","infobs":"agricultura"}},
{"type":"Feature","geometry":{"type":"Polygon","coordinates":[[[-63.80917,-30.38868],[-63.80931,-30.38868],[-63.80942,-30.39051],[-63.80917,-30.39051],[-63.80917,-30.38868]]]},"properties":{"periodo":2022,"dts":"2021-12-18","dte":"2022-12-29","infobs":"agricultura"}},
{"type":"Feature","geometry":{"type":"Polygon","coordinates":[[[-63.39216,-30.43033],[-63.39222,-30.43031],[-63.39218,-30.43001],[-63.39586,-30.43002],[-63.3959,-30.43088],[-63.39537,-30.43098],[-63.39499,-30.43121],[-63.39398,-30.43137],[-63.39327,-30.43092],[-63.39462,-30.43072],[-63.39448,-30.43054],[-63.39322,-30.4306],[-63.39279,-30.43054],[-63.39243,-30.43065],[-63.39235,-30.43088],[-63.39247,-30.43129],[-63.39271,-30.43137],[-63.39296,-30.43122],[-63.39328,-30.43154],[-63.39264,-30.43201],[-63.39216,-30.43199],[-63.39216,-30.43033]]]},"properties":{"periodo":2022,"dts":"2021-12-18","dte":"2022-12-29","infobs":"agricultura"}},
{"type":"Feature","geometry":{"type":"Polygon","coordinates":[[[-63.3954,-30.43322],[-63.39558,-30.43312],[-63.39559,-30.43286],[-63.39598,-30.43297],[-63.39599,-30.43239],[-63.39639,-30.43273],[-63.39644,-30.434],[-63.39563,-30.43394],[-63.39567,-30.4337],[-63.39533,-30.43375],[-63.3954,-30.43322]]]},"properties":{"periodo":2022,"dts":"2021-12-18","dte":"2022-12-29","infobs":"agricultura"}},
{"type":"Feature","geometry":{"type":"Polygon","coordinates":[[[-63.39216,-30.43253],[-63.39332,-30.43259],[-63.39398,-30.43294],[-63.39467,-30.43272],[-63.39473,-30.4334],[-63.39479,-30.43515],[-63.39439,-30.43509],[-63.39336,-30.43515],[-63.3927,-30.43548],[-63.39216,-30.43552],[-63.39216,-30.43253]]]},"properties":{"periodo":2022,"dts":"2021-12-18","dte":"2022-12-29","infobs":"agricultura"}},
{"type":"Feature","geometry":{"type":"Polygon","coordinates":[[[-63.17981,-30.72196],[-63.18128,-30.7209],[-63.1816,-30.72342],[-63.18385,-30.72272],[-63.18397,-30.72399],[-63.18041,-30.72442],[-63.17981,-30.72196]]]},"properties":{"periodo":2022,"dts":"2021-12-18","dte":"2022-12-29","infobs":"agricultura"}},
{"type":"Feature","geometry":{"type":"Polygon","coordinates":[[[-63.17896,-30.72698],[-63.179,-30.72719],[-63.17481,-30.72764],[-63.17896,-30.72698]]]},"properties":{"periodo":2022,"dts":"2021-12-18","dte":"2022-12-29","infobs":"agricultura"}},
{"type":"Feature","geometry":{"type":"Polygon","coordinates":[[[-63.17299,-30.72766],[-63.17393,-30.72754],[-63.17399,-30.72773],[-63.17313,-30.72782],[-63.17299,-30.72766]]]},"properties":{"periodo":2022,"dts":"2021-12-18","dte":"2022-12-29","infobs":"agricultura"}},
{"type":"Feature","geometry":{"type":"Polygon","coordinates":[[[-63.17645,-30.72928],[-63.17479,-30.72893],[-63.1753,-30.72885],[-63.17931,-30.72861],[-63.17945,-30.72945],[-63.17766,-30.72976],[-63.17689,-30.72986],[-63.17645,-30.72928]]]},"properties":{"periodo":2022,"dts":"2021-12-18","dte":"2022-12-29","infobs":"agricultura"}},
{"type":"Feature","geometry":{"type":"Polygon","coordinates":[[[-63.01022,-30.86519],[-63.00988,-30.86488],[-63.01038,-30.86437],[-63.0113,-30.86466],[-63.01044,-30.86536],[-63.01022,-30.86519]]]},"properties":{"periodo":2022,"dts":"2021-12-18","dte":"2022-12-29","infobs":"agricultura"}},
{"type":"Feature","geometry":{"type":"Polygon","coordinates":[[[-62.19853,-30.50738],[-62.19841,-30.5067],[-62.19895,-30.50651],[-62.19903,-30.50634],[-62.20013,-30.50577],[-62.20067,-30.50584],[-62.20114,-30.50765],[-62.20061,-30.50748],[-62.20062,-30.50782],[-62.20048,-30.50821],[-62.201,-30.50822],[-62.2021,-30.51125],[-62.20121,-30.51118],[-62.20105,-30.511],[-62.20114,-30.51062],[-62.20108,-30.50924],[-62.20068,-30.50907],[-62.19952,-30.50902],[-62.19882,-30.50882],[-62.19838,-30.50848],[-62.19806,-30.50798],[-62.19853,-30.50738]]]},"properties":{"periodo":2022,"dts":"2021-12-27","dte":"2022-12-30","infobs":"NA"}},
{"type":"Feature","geometry":{"type":"Polygon","coordinates":[[[-62.19512,-30.50666],[-62.19585,-30.50637],[-62.19697,-30.50626],[-62.19747,-30.5069],[-62.19752,-30.50714],[-62.19721,-30.50721],[-62.19682,-30.50674],[-62.19635,-30.50682],[-62.19595,-30.50705],[-62.19585,-30.50738],[-62.19599,-30.50774],[-62.19592,-30.508],[-62.19553,-30.50804],[-62.19536,-30.50788],[-62.1951,-30.50719],[-62.19512,-30.50666]]]},"properties":{"periodo":2022,"dts":"2021-12-27","dte":"2022-12-30","infobs":"NA"}},
{"type":"Feature","geometry":{"type":"Polygon","coordinates":[[[-62.19682,-30.51067],[-62.19708,-30.51039],[-62.19705,-30.50929],[-62.1975,-30.5091],[-62.19737,-30.51],[-62.19752,-30.51047],[-62.1978,-30.51057],[-62.19768,-30.51088],[-62.19702,-30.51088],[-62.19665,-30.51109],[-62.19638,-30.51104],[-62.19583,-30.51025],[-62.19565,-30.50986],[-62.19551,-30.50922],[-62.19574,-30.50919],[-62.19614,-30.51003],[-62.19639,-30.51035],[-62.19682,-30.51067]]]},"properties":{"periodo":2022,"dts":"2021-12-27","dte":"2022-12-30","infobs":"NA"}},
{"type":"Feature","geometry":{"type":"Polygon","coordinates":[[[-62.19801,-30.51085],[-62.19847,-30.51014],[-62.19873,-30.50991],[-62.19924,-30.51212],[-62.19891,-30.5126],[-62.19848,-30.51273],[-62.19852,-30.51205],[-62.19865,-30.51139],[-62.19854,-30.51104],[-62.19796,-30.51113],[-62.19801,-30.51085]]]},"properties":{"periodo":2022,"dts":"2021-12-27","dte":"2022-12-30","infobs":"NA"}},
{"type":"Feature","geometry":{"type":"Polygon","coordinates":[[[-64.318,-31.08647],[-64.31803,-31.08631],[-64.319,-31.08628],[-64.31921,-31.08656],[-64.31976,-31.08666],[-64.32009,-31.08683],[-64.32011,-31.08706],[-64.31905,-31.08678],[-64.31804,-31.08681],[-64.318,-31.08647]]]},"properties":{"periodo":2022,"dts":"2021-12-18","dte":"2022-12-29","infobs":"NA"}},
{"type":"Feature","geometry":{"type":"Polygon","coordinates":[[[-64.46523,-31.17406],[-64.46524,-31.17367],[-64.46702,-31.17424],[-64.46772,-31.17402],[-64.46828,-31.17396],[-64.46854,-31.17406],[-64.46867,-31.17434],[-64.46934,-31.17455],[-64.46995,-31.17465],[-64.46998,-31.17551],[-64.46938,-31.17545],[-64.46822,-31.17552],[-64.46704,-31.17491],[-64.46677,-31.17466],[-64.46523,-31.17406]]]},"properties":{"periodo":2022,"dts":"2021-12-18","dte":"2022-12-29","infobs":"NA"}},
{"type":"Feature","geometry":{"type":"Polygon","coordinates":[[[-62.97598,-29.81011],[-62.95857,-29.80998],[-62.95968,-29.80847],[-62.97928,-29.80145],[-62.97959,-29.80143],[-62.97855,-29.81011],[-62.97598,-29.81011]]]},"properties":{"periodo":2022,"dts":"2021-12-18","dte":"2022-12-29","infobs":"NA"}},
{"type":"Feature","geometry":{"type":"Polygon","coordinates":[[[-62.97205,-29.80301],[-62.97307,-29.80234],[-62.97316,-29.80216],[-62.97443,-29.80201],[-62.97451,-29.80234],[-62.97071,-29.80389],[-62.97059,-29.80336],[-62.97102,-29.80346],[-62.97205,-29.80301]]]},"properties":{"periodo":2022,"dts":"2021-12-18","dte":"2022-12-29","infobs":"NA"}},
{"type":"Feature","geometry":{"type":"Polygon","coordinates":[[[-62.968,-29.80267],[-62.9687,-29.80261],[-62.96938,-29.80297],[-62.97009,-29.80326],[-62.97035,-29.80434],[-62.96949,-29.80472],[-62.96852,-29.80467],[-62.96822,-29.80398],[-62.968,-29.80267]]]},"properties":{"periodo":2022,"dts":"2021-12-18","dte":"2022-12-29","infobs":"NA"}},
{"type":"Feature","geometry":{"type":"Polygon","coordinates":[[[-63.78421,-30.02865],[-63.78399,-30.02792],[-63.78327,-30.0268],[-63.78241,-30.02525],[-63.78164,-30.02437],[-63.77981,-30.02304],[-63.77966,-30.02259],[-63.7803,-30.02284],[-63.78096,-30.02335],[-63.78098,-30.02185],[-63.78062,-30.02082],[-63.77911,-30.01985],[-63.77884,-30.01922],[-63.77826,-30.01803],[-63.77801,-30.0178],[-63.77763,-30.01706],[-63.77825,-30.01701],[-63.7785,-30.01742],[-63.77863,-30.01796],[-63.7788,-30.01835],[-63.77894,-30.01908],[-63.77943,-30.01973],[-63.78016,-30.02002],[-63.78062,-30.02031],[-63.78101,-30.02073],[-63.7813,-30.02146],[-63.7813,-30.02219],[-63.78108,-30.02274],[-63.7811,-30.02316],[-63.78154,-30.02362],[-63.78207,-30.02406],[-63.78298,-30.0246],[-63.7828,-30.02493],[-63.78317,-30.02622],[-63.78351,-30.02629],[-63.7839,-30.0269],[-63.78431,-30.02743],[-63.78466,-30.02855],[-63.78421,-30.02865]]]},"properties":{"periodo":2022,"dts":"2021-12-18","dte":"2022-12-29","infobs":"NA"}},
{"type":"Feature","geometry":{"type":"Polygon","coordinates":[[[-64.3399,-30.13328],[-64.34076,-30.13214],[-64.3417,-30.13139],[-64.34267,-30.13164],[-64.34469,-30.13338],[-64.34652,-30.13569],[-64.34694,-30.13719],[-64.34682,-30.13773],[-64.34454,-30.14337],[-64.3445,-30.14309],[-64.34361,-30.14259],[-64.34314,-30.1421],[-64.34257,-30.14235],[-64.34232,-30.14194],[-64.34271,-30.14159],[-64.3429,-30.14105],[-64.34212,-30.14108],[-64.34192,-30.14163],[-64.34111,-30.14149],[-64.34042,-30.14081],[-64.33914,-30.14031],[-64.33841,-30.13991],[-64.33737,-30.13951],[-64.33777,-30.1378],[-64.33832,-30.13619],[-64.33896,-30.13461],[-64.33927,-30.13449],[-64.33943,-30.13389],[-64.3399,-30.13328]],[[-64.34626,-30.13617],[-64.34584,-30.13554],[-64.34552,-30.13488],[-64.34521,-30.13465],[-64.34454,-30.13369],[-64.34401,-30.13335],[-64.34333,-30.13353],[-64.34261,-30.1338],[-64.34145,-30.13399],[-64.34123,-30.1345],[-64.34311,-30.13532],[-64.34426,-30.13566],[-64.34516,-30.13603],[-64.34587,-30.13625],[-64.34626,-30.13617]]]},"properties":{"periodo":2022,"dts":"2021-12-18","dte":"2022-12-29","infobs":"NA"}},
{"type":"Feature","geometry":{"type":"Polygon","coordinates":[[[-63.3539,-30.23055],[-63.35392,-30.2293],[-63.35422,-30.22837],[-63.35446,-30.22724],[-63.35448,-30.22629],[-63.35481,-30.22619],[-63.35666,-30.22625],[-63.35679,-30.22649],[-63.35809,-30.22651],[-63.35784,-30.22926],[-63.35668,-30.23048],[-63.3539,-30.23055]]]},"properties":{"periodo":2022,"dts":"2021-12-18","dte":"2022-12-29","infobs":"NA"}},
{"type":"Feature","geometry":{"type":"Polygon","coordinates":[[[-63.35839,-30.23046],[-63.35804,-30.23043],[-63.35823,-30.22814],[-63.3584,-30.2266],[-63.35973,-30.22672],[-63.35999,-30.22846],[-63.36012,-30.22999],[-63.36032,-30.2303],[-63.35839,-30.23046]]]},"properties":{"periodo":2022,"dts":"2021-12-18","dte":"2022-12-29","infobs":"NA"}},
{"type":"Feature","geometry":{"type":"Polygon","coordinates":[[[-64.12634,-30.24078],[-64.12586,-30.24057],[-64.12518,-30.23989],[-64.12497,-30.23981],[-64.12478,-30.23925],[-64.1249,-30.23918],[-64.12573,-30.24008],[-64.12597,-30.24028],[-64.1267,-30.24046],[-64.12655,-30.2408],[-64.12634,-30.24078]]]},"properties":{"periodo":2022,"dts":"2021-12-18","dte":"2022-12-29","infobs":"NA"}},
{"type":"Feature","geometry":{"type":"Polygon","coordinates":[[[-63.74694,-30.42149],[-63.74848,-30.42163],[-63.75002,-30.42162],[-63.75045,-30.42172],[-63.74708,-30.42188],[-63.74694,-30.42149]]]},"properties":{"periodo":2022,"dts":"2021-12-18","dte":"2022-12-29","infobs":"NA"}},
{"type":"Feature","geometry":{"type":"Polygon","coordinates":[[[-64.35079,-30.54643],[-64.35098,-30.54653],[-64.35098,-30.54692],[-64.35066,-30.54754],[-64.35062,-30.54777],[-64.34935,-30.54793],[-64.34784,-30.54793],[-64.34791,-30.54705],[-64.3485,-30.54666],[-64.34935,-30.54666],[-64.34961,-30.54653],[-64.35079,-30.54643]]]},"properties":{"periodo":2022,"dts":"2021-12-18","dte":"2022-12-29","infobs":"NA"}},
{"type":"Feature","geometry":{"type":"Polygon","coordinates":[[[-63.1871,-30.74688],[-63.18725,-30.7468],[-63.18777,-30.7469],[-63.18995,-30.74718],[-63.18951,-30.74803],[-63.18937,-30.74857],[-63.1877,-30.74896],[-63.18666,-30.74914],[-63.187,-30.74862],[-63.18696,-30.7475],[-63.18677,-30.74701],[-63.1871,-30.74688]]]},"properties":{"periodo":2022,"dts":"2021-12-18","dte":"2022-12-29","infobs":"NA"}},
{"type":"Feature","geometry":{"type":"Polygon","coordinates":[[[-62.92523,-30.92252],[-62.92615,-30.92298],[-62.92773,-30.92433],[-62.92857,-30.92562],[-62.92809,-30.92585],[-62.92801,-30.92677],[-62.9282,-30.92741],[-62.9289,-30.92825],[-62.92956,-30.92891],[-62.92956,-30.92954],[-62.92933,-30.92972],[-62.92898,-30.92905],[-62.92855,-30.92838],[-62.92797,-30.92771],[-62.92746,-30.92653],[-62.92664,-30.92657],[-62.9261,-30.92777],[-62.92532,-30.92797],[-62.92539,-30.92693],[-62.92536,-30.92644],[-62.92521,-30.92592],[-62.92518,-30.92467],[-62.92525,-30.92396],[-62.92523,-30.92252]],[[-62.92673,-30.92435],[-62.92678,-30.9241],[-62.92655,-30.92368],[-62.92621,-30.92361],[-62.92603,-30.92399],[-62.92569,-30.92433],[-62.926,-30.9245],[-62.92652,-30.92451],[-62.92673,-30.92435]],[[-62.9269,-30.92553],[-62.92686,-30.92517],[-62.9266,-30.92521],[-62.92647,-30.92544],[-62.9269,-30.92553]],[[-62.92636,-30.92575],[-62.92577,-30.92577],[-62.9258,-30.92624],[-62.92628,-30.92629],[-62.92636,-30.92575]]]},"properties":{"periodo":2022,"dts":"2021-12-18","dte":"2022-12-29","infobs":"NA"}},
{"type":"Feature","geometry":{"type":"Polygon","coordinates":[[[-63.46485,-30.92864],[-63.46491,-30.92805],[-63.46537,-30.9282],[-63.46564,-30.92858],[-63.46571,-30.92882],[-63.46645,-30.92867],[-63.46651,-30.92835],[-63.46683,-30.92832],[-63.46738,-30.92853],[-63.46804,-30.9291],[-63.4682,-30.92965],[-63.46803,-30.93044],[-63.46776,-30.93055],[-63.46708,-30.93048],[-63.46675,-30.93036],[-63.46658,-30.92989],[-63.46613,-30.9295],[-63.46595,-30.92976],[-63.46607,-30.93011],[-63.46631,-30.9304],[-63.46679,-30.9306],[-63.46714,-30.93095],[-63.46693,-30.93137],[-63.46644,-30.93129],[-63.46601,-30.93098],[-63.46557,-30.93087],[-63.46472,-30.92999],[-63.46455,-30.92935],[-63.46465,-30.92884],[-63.46485,-30.92864]]]},"properties":{"periodo":2022,"dts":"2021-12-18","dte":"2022-12-29","infobs":"NA"}},
{"type":"Feature","geometry":{"type":"Polygon","coordinates":[[[-64.31797,-31.36881],[-64.31783,-31.36847],[-64.31907,-31.36839],[-64.32141,-31.36867],[-64.32365,-31.36878],[-64.32442,-31.36907],[-64.325,-31.36949],[-64.32626,-31.3697],[-64.32733,-31.37031],[-64.32803,-31.3708],[-64.32832,-31.37153],[-64.32785,-31.37167],[-64.32665,-31.3715],[-64.32607,-31.37116],[-64.32562,-31.37068],[-64.32504,-31.37029],[-64.32423,-31.37081],[-64.32368,-31.37103],[-64.32357,-31.37031],[-64.32324,-31.37024],[-64.32302,-31.37062],[-64.32259,-31.37112],[-64.3233,-31.37186],[-64.32373,-31.37188],[-64.32466,-31.37174],[-64.32491,-31.37217],[-64.32421,-31.37251],[-64.32357,-31.3721],[-64.32288,-31.37236],[-64.32329,-31.37293],[-64.32263,-31.37321],[-64.32193,-31.37322],[-64.32179,-31.37365],[-64.32042,-31.37365],[-64.31999,-31.37179],[-64.31797,-31.36881]]]},"properties":{"periodo":2022,"dts":"2021-12-18","dte":"2022-12-29","infobs":"incendio"}},
{"type":"Feature","geometry":{"type":"Polygon","coordinates":[[[-64.4263,-31.75757],[-64.42601,-31.75643],[-64.42627,-31.75556],[-64.42746,-31.75452],[-64.42684,-31.75367],[-64.42723,-31.75269],[-64.42852,-31.75359],[-64.4288,-31.75473],[-64.42815,-31.75566],[-64.42756,-31.75669],[-64.42751,-31.75773],[-64.42806,-31.75858],[-64.42853,-31.75869],[-64.42912,-31.75788],[-64.4289,-31.75674],[-64.42928,-31.75553],[-64.42988,-31.75501],[-64.43043,-31.75575],[-64.43092,-31.75706],[-64.43059,-31.75798],[-64.4298,-31.75839],[-64.42947,-31.75919],[-64.43008,-31.7593],[-64.43009,-31.75987],[-64.42916,-31.76051],[-64.42937,-31.76114],[-64.4305,-31.76056],[-64.4311,-31.76049],[-64.43171,-31.76083],[-64.43305,-31.76087],[-64.43361,-31.76201],[-64.43401,-31.76201],[-64.43386,-31.76086],[-64.43541,-31.76142],[-64.43488,-31.76217],[-64.43443,-31.76343],[-64.43451,-31.76435],[-64.43386,-31.76522],[-64.43326,-31.76528],[-64.43218,-31.76495],[-64.43233,-31.76598],[-64.43267,-31.76626],[-64.43328,-31.76706],[-64.43316,-31.76786],[-64.4323,-31.76838],[-64.43157,-31.76919],[-64.43104,-31.7696],[-64.4301,-31.76961],[-64.42935,-31.76853],[-64.42839,-31.767],[-64.42744,-31.76666],[-64.4269,-31.7661],[-64.42701,-31.76478],[-64.42667,-31.76438],[-64.42693,-31.76358],[-64.42745,-31.7626],[-64.42738,-31.76242],[-64.42628,-31.76083],[-64.426,-31.76021],[-64.42578,-31.75895],[-64.42598,-31.75895],[-64.42688,-31.76048],[-64.42755,-31.76065],[-64.4276,-31.75962],[-64.4263,-31.75757]]]},"properties":{"periodo":2022,"dts":"2021-12-18","dte":"2022-12-29","infobs":"incendio"}},
{"type":"Feature","geometry":{"type":"Polygon","coordinates":[[[-64.4178,-32.1665],[-64.41812,-32.16587],[-64.41869,-32.1652],[-64.41945,-32.16489],[-64.42009,-32.16481],[-64.42004,-32.16531],[-64.41957,-32.16679],[-64.41964,-32.1681],[-64.41935,-32.16885],[-64.41931,-32.16965],[-64.41955,-32.16998],[-64.41928,-32.17042],[-64.41911,-32.17373],[-64.41896,-32.17368],[-64.41768,-32.17506],[-64.4168,-32.17502],[-64.41639,-32.17482],[-64.41665,-32.17413],[-64.41733,-32.17352],[-64.41642,-32.17381],[-64.41601,-32.174],[-64.41571,-32.1737],[-64.41633,-32.17292],[-64.41695,-32.17197],[-64.41677,-32.1713],[-64.41601,-32.17182],[-64.41515,-32.17326],[-64.41467,-32.17434],[-64.41404,-32.17437],[-64.41339,-32.17375],[-64.41366,-32.17295],[-64.4142,-32.17214],[-64.41479,-32.17144],[-64.41508,-32.17078],[-64.41457,-32.17001],[-64.41375,-32.17021],[-64.41264,-32.17139],[-64.41232,-32.17231],[-64.41191,-32.1721],[-64.41217,-32.17149],[-64.41114,-32.17061],[-64.4108,-32.17012],[-64.41099,-32.16958],[-64.41189,-32.16938],[-64.41266,-32.16902],[-64.41298,-32.16846],[-64.4122,-32.16788],[-64.41106,-32.16873],[-64.41039,-32.16855],[-64.41091,-32.16792],[-64.41117,-32.16744],[-64.40946,-32.16552],[-64.41028,-32.16511],[-64.41164,-32.16554],[-64.41264,-32.16591],[-64.41542,-32.16564],[-64.41629,-32.16535],[-64.41701,-32.16558],[-64.41738,-32.16604],[-64.41675,-32.16645],[-64.41654,-32.16687],[-64.41701,-32.16698],[-64.4178,-32.1665]]]},"properties":{"periodo":2022,"dts":"2021-12-18","dte":"2022-12-29","infobs":"incendio"}},
{"type":"Feature","geometry":{"type":"Polygon","coordinates":[[[-65.2761,-30.68123],[-65.27707,-30.68076],[-65.27785,-30.68051],[-65.27781,-30.68094],[-65.27765,-30.68095],[-65.27773,-30.68159],[-65.27801,-30.68174],[-65.27854,-30.68157],[-65.27871,-30.68188],[-65.2791,-30.68216],[-65.27954,-30.6828],[-65.2798,-30.68295],[-65.27954,-30.68331],[-65.2791,-30.68337],[-65.27817,-30.68336],[-65.27792,-30.68343],[-65.27602,-30.68354],[-65.27611,-30.68326],[-65.27581,-30.68314],[-65.27568,-30.68356],[-65.27302,-30.6837],[-65.27303,-30.68339],[-65.27236,-30.68326],[-65.27238,-30.68299],[-65.27361,-30.68312],[-65.27458,-30.68277],[-65.27541,-30.68218],[-65.27539,-30.68254],[-65.27563,-30.68272],[-65.2758,-30.68224],[-65.27583,-30.6817],[-65.2761,-30.68123]],[[-65.27871,-30.68224],[-65.27843,-30.68195],[-65.27807,-30.68198],[-65.27802,-30.68236],[-65.27851,-30.68238],[-65.27871,-30.68224]],[[-65.27693,-30.68257],[-65.27635,-30.68264],[-65.27644,-30.68331],[-65.27701,-30.68323],[-65.27693,-30.68257]]]},"properties":{"periodo":2022,"dts":"2021-01-20","dte":"2022-12-20","infobs":"agricultura"}},
{"type":"Feature","geometry":{"type":"Polygon","coordinates":[[[-65.65852,-31.58623],[-65.65833,-31.58808],[-65.65712,-31.58809],[-65.65852,-31.58623]]]},"properties":{"periodo":2022,"dts":"2021-01-20","dte":"2022-12-20","infobs":"agricultura"}},
{"type":"Feature","geometry":{"type":"Polygon","coordinates":[[[-65.65245,-31.58621],[-65.65427,-31.58591],[-65.65453,-31.58628],[-65.65365,-31.58641],[-65.65365,-31.58668],[-65.65496,-31.5869],[-65.65568,-31.58793],[-65.65678,-31.58809],[-65.65355,-31.58811],[-65.65245,-31.58621]]]},"properties":{"periodo":2022,"dts":"2021-01-20","dte":"2022-12-20","infobs":"agricultura"}},
{"type":"Feature","geometry":{"type":"Polygon","coordinates":[[[-65.65889,-31.58691],[-65.6591,-31.58422],[-65.65936,-31.58173],[-65.65966,-31.58158],[-65.65959,-31.57928],[-65.6608,-31.57923],[-65.66088,-31.58031],[-65.66052,-31.58086],[-65.66003,-31.58103],[-65.65995,-31.58278],[-65.65977,-31.58279],[-65.65967,-31.58441],[-65.65944,-31.58762],[-65.65889,-31.58772],[-65.65889,-31.58691]]]},"properties":{"periodo":2022,"dts":"2021-01-20","dte":"2022-12-20","infobs":"agricultura"}},
{"type":"Feature","geometry":{"type":"Polygon","coordinates":[[[-65.65875,-31.58331],[-65.65829,-31.5815],[-65.658,-31.58106],[-65.65814,-31.57901],[-65.65656,-31.57899],[-65.65553,-31.57811],[-65.65936,-31.57817],[-65.65875,-31.58402],[-65.65875,-31.58331]]]},"properties":{"periodo":2022,"dts":"2021-01-20","dte":"2022-12-20","infobs":"agricultura"}},
{"type":"Feature","geometry":{"type":"Polygon","coordinates":[[[-65.66561,-31.57165],[-65.66656,-31.57105],[-65.66867,-31.57186],[-65.67007,-31.57408],[-65.67148,-31.57529],[-65.67288,-31.57751],[-65.67403,-31.57875],[-65.6741,-31.58076],[-65.67636,-31.58103],[-65.67733,-31.58175],[-65.6785,-31.58397],[-65.67896,-31.58618],[-65.67849,-31.58779],[-65.67637,-31.58779],[-65.67449,-31.58738],[-65.67448,-31.58898],[-65.67431,-31.58925],[-65.67411,-31.58134],[-65.67058,-31.58095],[-65.66632,-31.57985],[-65.66495,-31.57929],[-65.66292,-31.57812],[-65.66269,-31.57841],[-65.6658,-31.58005],[-65.67085,-31.58136],[-65.6734,-31.58172],[-65.67382,-31.5898],[-65.67502,-31.5898],[-65.67542,-31.5904],[-65.67378,-31.5912],[-65.67189,-31.5922],[-65.67236,-31.59401],[-65.67211,-31.59562],[-65.67116,-31.59683],[-65.66881,-31.59884],[-65.66716,-31.59984],[-65.66669,-31.60084],[-65.66692,-31.60205],[-65.66833,-31.60205],[-65.67091,-31.60267],[-65.67211,-31.60369],[-65.66664,-31.60374],[-65.66196,-31.60392],[-65.66197,-31.60385],[-65.66479,-31.60325],[-65.6648,-31.60205],[-65.66386,-31.59983],[-65.66176,-31.59862],[-65.65983,-31.59831],[-65.6606,-31.5908],[-65.66008,-31.59522],[-65.65979,-31.5983],[-65.65917,-31.59821],[-65.65912,-31.5981],[-65.6594,-31.5946],[-65.65905,-31.59795],[-65.65824,-31.59619],[-65.65636,-31.59256],[-65.6552,-31.59075],[-65.65449,-31.58934],[-65.65418,-31.58892],[-65.65931,-31.58884],[-65.65931,-31.58989],[-65.65944,-31.59412],[-65.65979,-31.58978],[-65.65976,-31.58782],[-65.66004,-31.58405],[-65.66013,-31.58237],[-65.66127,-31.57965],[-65.662,-31.57799],[-65.66203,-31.57748],[-65.66106,-31.57726],[-65.66115,-31.57353],[-65.66138,-31.57305],[-65.66232,-31.57225],[-65.66396,-31.57266],[-65.66514,-31.57266],[-65.66561,-31.57165]],[[-65.6663,-31.57818],[-65.66605,-31.57745],[-65.66537,-31.57723],[-65.66511,-31.57745],[-65.66505,-31.57836],[-65.66625,-31.57887],[-65.6663,-31.57818]]]},"properties":{"periodo":2022,"dts":"2021-01-20","dte":"2022-12-20","infobs":"agricultura"}},
{"type":"Feature","geometry":{"type":"Polygon","coordinates":[[[-65.65986,-31.5434],[-65.65957,-31.54219],[-65.659,-31.53829],[-65.65973,-31.5383],[-65.66002,-31.542],[-65.66065,-31.54464],[-65.66349,-31.5447],[-65.66344,-31.54494],[-65.66061,-31.54484],[-65.66096,-31.54884],[-65.66035,-31.54884],[-65.66009,-31.54599],[-65.66005,-31.54501],[-65.65986,-31.5434]]]},"properties":{"periodo":2022,"dts":"2021-01-20","dte":"2022-12-20","infobs":"agricultura"}},
{"type":"Feature","geometry":{"type":"Polygon","coordinates":[[[-65.20371,-31.14525],[-65.20575,-31.14518],[-65.20578,-31.14768],[-65.20297,-31.14802],[-65.20283,-31.14634],[-65.20371,-31.14634],[-65.20371,-31.14525]]]},"properties":{"periodo":2022,"dts":"2021-01-20","dte":"2022-12-20","infobs":"agricultura"}},
{"type":"Feature","geometry":{"type":"Polygon","coordinates":[[[-65.75407,-31.88739],[-65.75428,-31.88699],[-65.75462,-31.88667],[-65.75537,-31.8867],[-65.75615,-31.88709],[-65.75611,-31.8877],[-65.75579,-31.8881],[-65.75524,-31.88807],[-65.75456,-31.88822],[-65.75413,-31.88844],[-65.75385,-31.88826],[-65.75137,-31.8881],[-65.75085,-31.88811],[-65.75075,-31.88781],[-65.75086,-31.88762],[-65.75124,-31.88743],[-65.75195,-31.88722],[-65.75219,-31.88696],[-65.75259,-31.88683],[-65.75313,-31.88717],[-65.7533,-31.88748],[-65.75363,-31.88751],[-65.75407,-31.88739]]]},"properties":{"periodo":2022,"dts":"2021-01-20","dte":"2022-12-20","infobs":"posible silvopastoril/desarbustado"}},
{"type":"Feature","geometry":{"type":"Polygon","coordinates":[[[-65.06057,-31.66685],[-65.06774,-31.66753],[-65.06772,-31.66771],[-65.06837,-31.66759],[-65.07857,-31.66853],[-65.07838,-31.66921],[-65.07744,-31.67079],[-65.07682,-31.67082],[-65.07695,-31.6716],[-65.07657,-31.67224],[-65.07656,-31.67436],[-65.07481,-31.67581],[-65.07474,-31.67654],[-65.05996,-31.67528],[-65.05975,-31.67435],[-65.06068,-31.67224],[-65.06043,-31.67081],[-65.0605,-31.66917],[-65.06057,-31.66685]]]},"properties":{"periodo":2022,"dts":"2021-12-18","dte":"2022-12-29","infobs":"incendio"}},
{"type":"Feature","geometry":{"type":"Polygon","coordinates":[[[-64.57943,-31.57812],[-64.58022,-31.57736],[-64.58032,-31.57657],[-64.58031,-31.57591],[-64.58082,-31.5754],[-64.58082,-31.57456],[-64.58145,-31.57442],[-64.5815,-31.57485],[-64.58182,-31.57511],[-64.58179,-31.57581],[-64.58122,-31.57649],[-64.58079,-31.57716],[-64.58061,-31.57768],[-64.58037,-31.57772],[-64.57964,-31.57838],[-64.57943,-31.57812]]]},"properties":{"periodo":2022,"dts":"2021-12-18","dte":"2022-12-29","infobs":"incendio"}},
{"type":"Feature","geometry":{"type":"Polygon","coordinates":[[[-65.02715,-32.27478],[-65.02709,-32.27443],[-65.02755,-32.27372],[-65.02818,-32.27336],[-65.0288,-32.2726],[-65.02911,-32.27187],[-65.0297,-32.2715],[-65.02995,-32.27152],[-65.03001,-32.27177],[-65.03032,-32.27178],[-65.03069,-32.27208],[-65.03076,-32.27248],[-65.03016,-32.27268],[-65.02999,-32.27314],[-65.02973,-32.27346],[-65.02802,-32.27428],[-65.02715,-32.27478]]]},"properties":{"periodo":2022,"dts":"2021-12-18","dte":"2022-12-29","infobs":"incendio"}},
{"type":"Feature","geometry":{"type":"Polygon","coordinates":[[[-65.03124,-32.27105],[-65.03105,-32.27077],[-65.03122,-32.27028],[-65.03194,-32.26922],[-65.0315,-32.27122],[-65.03124,-32.27105]]]},"properties":{"periodo":2022,"dts":"2021-12-18","dte":"2022-12-29","infobs":"incendio"}},
{"type":"Feature","geometry":{"type":"Polygon","coordinates":[[[-65.03493,-32.26652],[-65.03594,-32.26605],[-65.03617,-32.26633],[-65.03773,-32.26787],[-65.03871,-32.26818],[-65.03815,-32.26864],[-65.03775,-32.26914],[-65.03762,-32.26946],[-65.03763,-32.27012],[-65.0375,-32.2705],[-65.03727,-32.27074],[-65.03584,-32.27119],[-65.03553,-32.27133],[-65.0353,-32.2719],[-65.03486,-32.27246],[-65.03453,-32.27338],[-65.03422,-32.27354],[-65.03344,-32.2737],[-65.03274,-32.2736],[-65.03208,-32.27377],[-65.0319,-32.27374],[-65.03125,-32.27419],[-65.03082,-32.27383],[-65.03086,-32.27332],[-65.03136,-32.27257],[-65.03152,-32.27198],[-65.03259,-32.27185],[-65.03264,-32.27131],[-65.03168,-32.27131],[-65.03217,-32.26891],[-65.03264,-32.26828],[-65.03266,-32.26702],[-65.03361,-32.26656],[-65.03424,-32.26671],[-65.03493,-32.26652]],[[-65.03326,-32.26749],[-65.03366,-32.26799],[-65.03385,-32.26877],[-65.03439,-32.26888],[-65.03456,-32.26844],[-65.03442,-32.26833],[-65.03475,-32.26789],[-65.03459,-32.26758],[-65.03326,-32.26749]]]},"properties":{"periodo":2022,"dts":"2021-12-18","dte":"2022-12-29","infobs":"incendio"}},
{"type":"Feature","geometry":{"type":"Polygon","coordinates":[[[-65.06747,-32.20556],[-65.0672,-32.20531],[-65.06722,-32.2049],[-65.06744,-32.20476],[-65.06808,-32.20456],[-65.06826,-32.20525],[-65.06822,-32.20553],[-65.06876,-32.20563],[-65.06889,-32.20594],[-65.06948,-32.20588],[-65.06934,-32.2071],[-65.06733,-32.20706],[-65.0673,-32.20685],[-65.06694,-32.20645],[-65.0675,-32.20614],[-65.06775,-32.20574],[-65.06747,-32.20556]]]},"properties":{"periodo":2022,"dts":"2021-12-18","dte":"2022-12-29","infobs":"incendio"}},
{"type":"Feature","geometry":{"type":"Polygon","coordinates":[[[-64.57939,-32.08276],[-64.57999,-32.08259],[-64.58165,-32.0831],[-64.58207,-32.08307],[-64.58263,-32.08372],[-64.5835,-32.08459],[-64.58334,-32.08504],[-64.5828,-32.08534],[-64.58217,-32.08472],[-64.58124,-32.08445],[-64.58068,-32.08416],[-64.57991,-32.08389],[-64.57938,-32.08341],[-64.57939,-32.08276]]]},"properties":{"periodo":2022,"dts":"2021-12-18","dte":"2022-12-29","infobs":"incendio"}},
{"type":"Feature","geometry":{"type":"Polygon","coordinates":[[[-64.31681,-31.10208],[-64.31718,-31.10226],[-64.31773,-31.10222],[-64.31788,-31.10262],[-64.3176,-31.10289],[-64.3171,-31.1029],[-64.31681,-31.10277],[-64.31663,-31.10232],[-64.31681,-31.10208]]]},"properties":{"periodo":2023,"dts":"2022-12-29","dte":"2024-01-25","infobs":"silvopastoril/desarbustado"}},
{"type":"Feature","geometry":{"type":"Polygon","coordinates":[[[-65.26683,-31.93841],[-65.26685,-31.936],[-65.26968,-31.93581],[-65.27082,-31.93578],[-65.27078,-31.93442],[-65.27304,-31.93436],[-65.27272,-31.93587],[-65.27166,-31.93724],[-65.27096,-31.93806],[-65.26994,-31.93875],[-65.26939,-31.93901],[-65.26757,-31.93912],[-65.26718,-31.93929],[-65.2668,-31.93932],[-65.26648,-31.93896],[-65.26682,-31.93892],[-65.26683,-31.93841]]]},"properties":{"periodo":2023,"dts":"2022-12-20","dte":"2023-12-07","infobs":"agricultura"}},
{"type":"Feature","geometry":{"type":"Polygon","coordinates":[[[-65.01475,-32.20636],[-65.01371,-32.20578],[-65.014,-32.20557],[-65.01467,-32.20545],[-65.01511,-32.20516],[-65.01595,-32.20506],[-65.01629,-32.20469],[-65.01711,-32.20445],[-65.01747,-32.20424],[-65.01784,-32.20432],[-65.01787,-32.20479],[-65.01843,-32.20482],[-65.01891,-32.20507],[-65.01954,-32.20574],[-65.0194,-32.20614],[-65.01889,-32.20626],[-65.0182,-32.20632],[-65.01828,-32.20656],[-65.02009,-32.2065],[-65.02057,-32.20621],[-65.02079,-32.20584],[-65.02113,-32.20558],[-65.02191,-32.20542],[-65.02267,-32.20545],[-65.02301,-32.20588],[-65.023,-32.20638],[-65.02345,-32.20634],[-65.02358,-32.20588],[-65.0243,-32.20521],[-65.02458,-32.20487],[-65.02498,-32.20502],[-65.02527,-32.20533],[-65.02572,-32.20524],[-65.02607,-32.20539],[-65.0266,-32.20536],[-65.02704,-32.20581],[-65.02709,-32.20614],[-65.02689,-32.20648],[-65.02642,-32.20626],[-65.02525,-32.20608],[-65.02504,-32.20588],[-65.02475,-32.20616],[-65.02487,-32.20649],[-65.0243,-32.20683],[-65.02372,-32.2067],[-65.02356,-32.20703],[-65.02362,-32.20749],[-65.02457,-32.20805],[-65.02533,-32.20879],[-65.02568,-32.20901],[-65.02544,-32.20934],[-65.02515,-32.20935],[-65.02492,-32.20902],[-65.02438,-32.20877],[-65.02333,-32.2084],[-65.02297,-32.20806],[-65.02283,-32.20708],[-65.02245,-32.20693],[-65.02199,-32.20736],[-65.02162,-32.2082],[-65.02147,-32.2089],[-65.02059,-32.20897],[-65.01914,-32.20899],[-65.01884,-32.20858],[-65.01835,-32.20846],[-65.01787,-32.20821],[-65.01751,-32.20785],[-65.01663,-32.20764],[-65.01588,-32.20735],[-65.01561,-32.20702],[-65.01475,-32.20636]]]},"properties":{"periodo":2023,"dts":"2022-12-29","dte":"2024-01-25","infobs":"incendio"}},
{"type":"Feature","geometry":{"type":"Polygon","coordinates":[[[-64.98115,-32.20445],[-64.98117,-32.20354],[-64.9823,-32.20367],[-64.98319,-32.20433],[-64.98302,-32.20446],[-64.98233,-32.20456],[-64.98112,-32.20458],[-64.98115,-32.20445]]]},"properties":{"periodo":2023,"dts":"2022-12-29","dte":"2024-01-25","infobs":"incendio"}},
{"type":"Feature","geometry":{"type":"Polygon","coordinates":[[[-64.98044,-32.19425],[-64.98119,-32.19398],[-64.98227,-32.19394],[-64.9846,-32.19469],[-64.98679,-32.1955],[-64.98748,-32.19526],[-64.98852,-32.19569],[-64.98987,-32.1964],[-64.9903,-32.19708],[-64.99165,-32.19749],[-64.99186,-32.19715],[-64.99247,-32.1969],[-64.99336,-32.19684],[-64.9942,-32.19721],[-64.99457,-32.19768],[-64.99458,-32.19805],[-64.99389,-32.19804],[-64.99332,-32.19791],[-64.99301,-32.19772],[-64.99226,-32.19769],[-64.99219,-32.19797],[-64.99295,-32.19851],[-64.99267,-32.19865],[-64.99214,-32.19849],[-64.99175,-32.19822],[-64.99074,-32.19793],[-64.99048,-32.19762],[-64.98989,-32.19718],[-64.98943,-32.1966],[-64.98861,-32.19604],[-64.98819,-32.19593],[-64.988,-32.19624],[-64.98865,-32.1967],[-64.98933,-32.19736],[-64.9905,-32.19833],[-64.99117,-32.1986],[-64.99137,-32.19889],[-64.99149,-32.19936],[-64.99208,-32.19942],[-64.9925,-32.19972],[-64.99265,-32.2],[-64.99327,-32.20065],[-64.99401,-32.20112],[-64.9937,-32.20117],[-64.99306,-32.2009],[-64.9923,-32.20067],[-64.99184,-32.20011],[-64.99123,-32.2],[-64.99076,-32.20005],[-64.99035,-32.20065],[-64.99007,-32.2004],[-64.98995,-32.19995],[-64.98908,-32.19996],[-64.98877,-32.19971],[-64.98813,-32.19976],[-64.9876,-32.1997],[-64.98718,-32.19945],[-64.98632,-32.19941],[-64.98598,-32.19925],[-64.98517,-32.19908],[-64.98406,-32.1991],[-64.98325,-32.19934],[-64.98209,-32.19941],[-64.98161,-32.19925],[-64.98053,-32.19823],[-64.97963,-32.19774],[-64.9782,-32.19737],[-64.97783,-32.19692],[-64.97815,-32.1964],[-64.97925,-32.19564],[-64.98045,-32.19563],[-64.98108,-32.19555],[-64.98148,-32.1958],[-64.98201,-32.19589],[-64.9836,-32.19728],[-64.98419,-32.19748],[-64.98418,-32.1972],[-64.9831,-32.19629],[-64.98242,-32.19545],[-64.98112,-32.19479],[-64.97973,-32.19462],[-64.97942,-32.19467],[-64.97908,-32.19428],[-64.98044,-32.19425]]]},"properties":{"periodo":2023,"dts":"2022-12-29","dte":"2024-01-25","infobs":"incendio"}},
{"type":"Feature","geometry":{"type":"Polygon","coordinates":[[[-64.99484,-32.18984],[-64.99485,-32.19057],[-64.99471,-32.1911],[-64.99488,-32.19163],[-64.99413,-32.19207],[-64.99279,-32.19225],[-64.99221,-32.19149],[-64.99152,-32.19115],[-64.991,-32.19174],[-64.99085,-32.19228],[-64.99023,-32.19242],[-64.98971,-32.19278],[-64.98916,-32.19348],[-64.98863,-32.19346],[-64.98815,-32.19309],[-64.98833,-32.19285],[-64.98968,-32.1927],[-64.98979,-32.19211],[-64.98914,-32.19241],[-64.98754,-32.19249],[-64.98695,-32.19231],[-64.98548,-32.19258],[-64.98429,-32.19238],[-64.9834,-32.19197],[-64.98106,-32.19214],[-64.97977,-32.192],[-64.97859,-32.19226],[-64.97774,-32.19195],[-64.97807,-32.1915],[-64.97992,-32.19139],[-64.98042,-32.19146],[-64.98088,-32.19113],[-64.98173,-32.18976],[-64.98245,-32.18972],[-64.98244,-32.18956],[-64.98128,-32.18929],[-64.98017,-32.18875],[-64.97914,-32.18855],[-64.97869,-32.18805],[-64.97912,-32.18773],[-64.98045,-32.1871],[-64.98117,-32.1873],[-64.98182,-32.18689],[-64.98097,-32.1865],[-64.97898,-32.18685],[-64.97859,-32.18659],[-64.97867,-32.18598],[-64.97888,-32.18539],[-64.97881,-32.18483],[-64.97952,-32.18437],[-64.97931,-32.18363],[-64.97911,-32.18313],[-64.97901,-32.18257],[-64.97947,-32.1824],[-64.98087,-32.18214],[-64.9815,-32.18221],[-64.98231,-32.18212],[-64.98279,-32.18242],[-64.98369,-32.18233],[-64.98444,-32.18167],[-64.98322,-32.18147],[-64.98266,-32.18156],[-64.98211,-32.18143],[-64.98158,-32.18157],[-64.98082,-32.18113],[-64.98048,-32.18103],[-64.97908,-32.18166],[-64.97881,-32.18212],[-64.97818,-32.182],[-64.9774,-32.18193],[-64.97677,-32.18167],[-64.97733,-32.18153],[-64.97791,-32.18096],[-64.97943,-32.18038],[-64.98033,-32.17986],[-64.98107,-32.17966],[-64.98142,-32.18008],[-64.98208,-32.18002],[-64.98257,-32.17937],[-64.98312,-32.17889],[-64.98368,-32.1788],[-64.98456,-32.17881],[-64.98518,-32.17891],[-64.98566,-32.17927],[-64.98751,-32.17948],[-64.98829,-32.17912],[-64.98837,-32.17872],[-64.98767,-32.17834],[-64.9882,-32.17812],[-64.98857,-32.17771],[-64.98853,-32.17745],[-64.98784,-32.17756],[-64.98728,-32.17731],[-64.98752,-32.17704],[-64.98798,-32.17671],[-64.98847,-32.17617],[-64.98928,-32.17602],[-64.98945,-32.17642],[-64.98861,-32.17681],[-64.98874,-32.1771],[-64.98962,-32.17708],[-64.99045,-32.17654],[-64.99125,-32.17589],[-64.99284,-32.17554],[-64.99429,-32.17485],[-64.99455,-32.17435],[-64.99531,-32.17394],[-64.99647,-32.17354],[-64.99709,-32.17327],[-64.99784,-32.17336],[-64.9981,-32.17303],[-64.99863,-32.17274],[-64.99945,-32.17169],[-64.99994,-32.17125],[-65.00039,-32.17111],[-65.00055,-32.17159],[-65.00029,-32.17221],[-64.99957,-32.17328],[-64.99845,-32.17376],[-64.99876,-32.17452],[-64.99839,-32.17516],[-64.99792,-32.17567],[-64.9973,-32.17619],[-64.99691,-32.17709],[-64.99648,-32.17684],[-64.99649,-32.17603],[-64.99687,-32.17549],[-64.99829,-32.17478],[-64.9984,-32.17424],[-64.99821,-32.17402],[-64.99737,-32.17388],[-64.99693,-32.17411],[-64.9964,-32.1745],[-64.9959,-32.17469],[-64.99495,-32.17491],[-64.99461,-32.17519],[-64.99484,-32.17578],[-64.99413,-32.17624],[-64.99364,-32.17665],[-64.99346,-32.17713],[-64.99367,-32.17774],[-64.99305,-32.17812],[-64.9922,-32.17781],[-64.99135,-32.17759],[-64.9911,-32.17778],[-64.99149,-32.17822],[-64.99084,-32.17882],[-64.99051,-32.17933],[-64.99089,-32.17962],[-64.99185,-32.1792],[-64.99217,-32.17946],[-64.99199,-32.17981],[-64.99234,-32.18018],[-64.99344,-32.18003],[-64.99397,-32.18039],[-64.99371,-32.18101],[-64.99315,-32.18152],[-64.99226,-32.18148],[-64.9917,-32.18127],[-64.9913,-32.18138],[-64.99103,-32.18173],[-64.99034,-32.18186],[-64.99012,-32.18142],[-64.98922,-32.18143],[-64.98885,-32.18172],[-64.98823,-32.18171],[-64.98683,-32.18179],[-64.98621,-32.18162],[-64.98519,-32.18158],[-64.98492,-32.18196],[-64.98509,-32.18236],[-64.9858,-32.18239],[-64.98673,-32.1823],[-64.98739,-32.18251],[-64.98924,-32.18242],[-64.99026,-32.18242],[-64.9907,-32.18217],[-64.99148,-32.18235],[-64.99214,-32.18228],[-64.99292,-32.18206],[-64.99362,-32.18261],[-64.99436,-32.18241],[-64.99541,-32.18183],[-64.99607,-32.18188],[-64.99612,-32.18262],[-64.99554,-32.18324],[-64.99562,-32.18401],[-64.99557,-32.18462],[-64.9953,-32.18529],[-64.99553,-32.18577],[-64.99607,-32.18616],[-64.99711,-32.18641],[-64.99787,-32.1869],[-64.99682,-32.18742],[-64.99585,-32.18736],[-64.99532,-32.18763],[-64.99435,-32.18767],[-64.99359,-32.18713],[-64.99299,-32.18706],[-64.99212,-32.18707],[-64.99207,-32.18758],[-64.99368,-32.18832],[-64.99325,-32.18884],[-64.99242,-32.18927],[-64.99142,-32.18934],[-64.99032,-32.18947],[-64.98883,-32.18981],[-64.98787,-32.19014],[-64.98577,-32.19015],[-64.98603,-32.1907],[-64.98695,-32.19085],[-64.98795,-32.19094],[-64.98978,-32.19046],[-64.99074,-32.18997],[-64.99162,-32.18987],[-64.99309,-32.18977],[-64.99343,-32.1899],[-64.99416,-32.18998],[-64.99484,-32.18984]],[[-64.98499,-32.17987],[-64.98424,-32.17983],[-64.98441,-32.18028],[-64.98415,-32.18056],[-64.98414,-32.18107],[-64.98481,-32.1813],[-64.98547,-32.18129],[-64.98603,-32.18076],[-64.98571,-32.1802],[-64.98499,-32.17987]]]},"properties":{"periodo":2023,"dts":"2022-12-29","dte":"2024-01-25","infobs":"incendio"}},
{"type":"Feature","geometry":{"type":"Polygon","coordinates":[[[-65.0571,-32.11976],[-65.0573,-32.11934],[-65.05788,-32.11942],[-65.05799,-32.11975],[-65.05771,-32.11997],[-65.05776,-32.12057],[-65.05733,-32.12058],[-65.0569,-32.12028],[-65.05655,-32.12047],[-65.05602,-32.12054],[-65.05592,-32.12103],[-65.05621,-32.12135],[-65.05668,-32.12153],[-65.05724,-32.12143],[-65.05831,-32.1215],[-65.0587,-32.12131],[-65.05973,-32.12136],[-65.05935,-32.12176],[-65.05922,-32.12212],[-65.05962,-32.12248],[-65.05959,-32.12278],[-65.05903,-32.12315],[-65.0585,-32.1234],[-65.05844,-32.12392],[-65.05811,-32.12505],[-65.05784,-32.12575],[-65.05749,-32.12596],[-65.05733,-32.12657],[-65.05708,-32.12697],[-65.05699,-32.12743],[-65.05778,-32.12769],[-65.05818,-32.12828],[-65.0578,-32.12865],[-65.0577,-32.12923],[-65.05777,-32.13041],[-65.05753,-32.13117],[-65.05731,-32.1322],[-65.05689,-32.13239],[-65.05692,-32.13372],[-65.05598,-32.13338],[-65.05562,-32.13302],[-65.05543,-32.1326],[-65.05546,-32.1322],[-65.05517,-32.13188],[-65.05448,-32.13143],[-65.05404,-32.13095],[-65.05425,-32.13059],[-65.05497,-32.13097],[-65.05543,-32.13093],[-65.05571,-32.13078],[-65.05588,-32.13047],[-65.0557,-32.13014],[-65.0552,-32.13009],[-65.05476,-32.12973],[-65.05448,-32.12926],[-65.05361,-32.12892],[-65.05309,-32.12884],[-65.05271,-32.12839],[-65.05237,-32.1278],[-65.05251,-32.12771],[-65.05309,-32.128],[-65.05315,-32.12776],[-65.05307,-32.12734],[-65.05415,-32.12765],[-65.05504,-32.12797],[-65.05511,-32.12764],[-65.05535,-32.12751],[-65.05586,-32.12772],[-65.05625,-32.12768],[-65.05652,-32.12737],[-65.0562,-32.12723],[-65.05574,-32.12726],[-65.05541,-32.12685],[-65.05477,-32.1267],[-65.05479,-32.12631],[-65.05511,-32.12609],[-65.05411,-32.12575],[-65.05399,-32.12551],[-65.05342,-32.12527],[-65.05298,-32.12492],[-65.05308,-32.12467],[-65.05365,-32.12436],[-65.05482,-32.12434],[-65.05524,-32.12424],[-65.05545,-32.12397],[-65.05537,-32.12364],[-65.05484,-32.12371],[-65.0546,-32.1241],[-65.05435,-32.12414],[-65.05399,-32.12369],[-65.05263,-32.12356],[-65.05248,-32.12323],[-65.05205,-32.12303],[-65.05247,-32.12269],[-65.05274,-32.1222],[-65.05355,-32.12209],[-65.05357,-32.12163],[-65.05435,-32.12159],[-65.05447,-32.12147],[-65.05497,-32.1214],[-65.05533,-32.12149],[-65.05556,-32.12079],[-65.05543,-32.11994],[-65.05554,-32.1197],[-65.05621,-32.11978],[-65.0571,-32.11976]],[[-65.05804,-32.12342],[-65.05799,-32.12214],[-65.05725,-32.12223],[-65.05701,-32.12257],[-65.05691,-32.12326],[-65.05708,-32.12362],[-65.05764,-32.12367],[-65.05804,-32.12342]],[[-65.05722,-32.12875],[-65.05689,-32.12856],[-65.05655,-32.12865],[-65.05651,-32.12896],[-65.0562,-32.12897],[-65.05623,-32.12926],[-65.05655,-32.12932],[-65.05681,-32.12904],[-65.05713,-32.12914],[-65.05722,-32.12875]]]},"properties":{"periodo":2023,"dts":"2022-12-29","dte":"2024-01-25","infobs":"incendio"}},
{"type":"Feature","geometry":{"type":"Polygon","coordinates":[[[-65.08953,-31.95315],[-65.09091,-31.9528],[-65.09213,-31.95328],[-65.0923,-31.9536],[-65.09173,-31.95433],[-65.09199,-31.95464],[-65.09307,-31.95398],[-65.09364,-31.95354],[-65.09408,-31.95439],[-65.09426,-31.95496],[-65.0948,-31.95506],[-65.09499,-31.95526],[-65.09448,-31.95612],[-65.0938,-31.95697],[-65.09329,-31.95783],[-65.09294,-31.95868],[-65.09227,-31.95939],[-65.09142,-31.96011],[-65.09025,-31.95995],[-65.08975,-31.95909],[-65.08976,-31.95809],[-65.0891,-31.95723],[-65.08863,-31.95616],[-65.0887,-31.95523],[-65.08906,-31.95473],[-65.08953,-31.95315]]]},"properties":{"periodo":2023,"dts":"2022-12-29","dte":"2024-01-25","infobs":"incendio"}},
{"type":"Feature","geometry":{"type":"Polygon","coordinates":[[[-65.00406,-31.69342],[-65.00401,-31.69293],[-65.0042,-31.69223],[-65.00502,-31.69214],[-65.00564,-31.69238],[-65.00733,-31.6926],[-65.0084,-31.69304],[-65.00915,-31.69352],[-65.01071,-31.69339],[-65.01198,-31.6934],[-65.01268,-31.69357],[-65.01362,-31.69345],[-65.01412,-31.69361],[-65.01454,-31.69413],[-65.01581,-31.69408],[-65.01634,-31.69396],[-65.01696,-31.69395],[-65.01693,-31.69448],[-65.01603,-31.6946],[-65.01587,-31.69474],[-65.01641,-31.69533],[-65.01686,-31.69561],[-65.01671,-31.69634],[-65.01598,-31.69629],[-65.01441,-31.69585],[-65.014,-31.69583],[-65.01338,-31.69566],[-65.01266,-31.69627],[-65.01081,-31.69637],[-65.00983,-31.69635],[-65.00928,-31.69565],[-65.0085,-31.69549],[-65.00785,-31.69603],[-65.00791,-31.69666],[-65.00821,-31.69743],[-65.00806,-31.69799],[-65.00832,-31.69851],[-65.00829,-31.69932],[-65.00781,-31.69989],[-65.00716,-31.69979],[-65.0073,-31.69912],[-65.00737,-31.69842],[-65.00721,-31.69839],[-65.00636,-31.6991],[-65.00574,-31.69901],[-65.00495,-31.69856],[-65.00446,-31.69857],[-65.00402,-31.69896],[-65.00403,-31.6996],[-65.00364,-31.7003],[-65.00315,-31.70059],[-65.00247,-31.70127],[-65.00232,-31.7019],[-65.00188,-31.70258],[-65.00209,-31.70296],[-65.0019,-31.70345],[-65.00134,-31.70406],[-65.0004,-31.70432],[-64.99992,-31.70464],[-64.99926,-31.7049],[-64.99864,-31.70452],[-64.99781,-31.70383],[-64.99713,-31.70318],[-64.99623,-31.70302],[-64.99595,-31.70355],[-64.99584,-31.70414],[-64.99671,-31.70417],[-64.99729,-31.70461],[-64.99837,-31.70526],[-64.99949,-31.70588],[-65.00039,-31.70579],[-65.00071,-31.70516],[-65.00128,-31.70515],[-65.00236,-31.70555],[-65.00253,-31.70625],[-65.00209,-31.70668],[-65.00107,-31.7068],[-65.00017,-31.70681],[-64.99934,-31.70658],[-64.99872,-31.70624],[-64.99778,-31.70625],[-64.99658,-31.70575],[-64.9957,-31.70534],[-64.99406,-31.70498],[-64.99396,-31.70456],[-64.99359,-31.70421],[-64.99297,-31.70405],[-64.99207,-31.70417],[-64.99117,-31.70415],[-64.99045,-31.70332],[-64.98995,-31.70308],[-64.989,-31.70278],[-64.98845,-31.70194],[-64.98789,-31.70073],[-64.98711,-31.70084],[-64.98629,-31.70086],[-64.98506,-31.7008],[-64.98415,-31.70022],[-64.9843,-31.69952],[-64.98479,-31.69951],[-64.98509,-31.69996],[-64.98571,-31.70037],[-64.98648,-31.69987],[-64.98593,-31.69928],[-64.98544,-31.69919],[-64.9858,-31.6989],[-64.98612,-31.69833],[-64.98664,-31.69783],[-64.98694,-31.69821],[-64.98735,-31.69859],[-64.98741,-31.69915],[-64.98774,-31.69953],[-64.98869,-31.69963],[-64.98943,-31.69961],[-64.98946,-31.70095],[-64.99065,-31.70135],[-64.99127,-31.70144],[-64.99157,-31.70204],[-64.99121,-31.70246],[-64.99213,-31.70311],[-64.99237,-31.70265],[-64.99239,-31.70178],[-64.99305,-31.70198],[-64.99417,-31.70266],[-64.99517,-31.70317],[-64.99585,-31.70274],[-64.99687,-31.7023],[-64.99641,-31.70189],[-64.99563,-31.70166],[-64.99338,-31.70018],[-64.99234,-31.69939],[-64.99175,-31.69902],[-64.99068,-31.69865],[-64.99088,-31.69829],[-64.99136,-31.69779],[-64.99194,-31.69838],[-64.99227,-31.69803],[-64.9925,-31.69739],[-64.99308,-31.69756],[-64.99374,-31.6979],[-64.99418,-31.69743],[-64.9948,-31.69774],[-64.99522,-31.69812],[-64.996,-31.69825],[-64.99698,-31.69774],[-64.99684,-31.69729],[-64.99638,-31.69684],[-64.99662,-31.69617],[-64.99699,-31.69644],[-64.99727,-31.69619],[-64.9973,-31.69553],[-64.99696,-31.69501],[-64.99642,-31.69449],[-64.99686,-31.69396],[-64.99776,-31.69412],[-64.99833,-31.69393],[-64.99861,-31.6934],[-64.99905,-31.69304],[-65.00004,-31.6931],[-65.00103,-31.69354],[-65.00227,-31.69384],[-65.0037,-31.69381],[-65.00406,-31.69342]],[[-65.00202,-31.69549],[-65.00165,-31.69549],[-65.00166,-31.6963],[-65.00049,-31.69706],[-64.99989,-31.69759],[-65.00007,-31.69832],[-65.00085,-31.69866],[-65.00163,-31.69841],[-65.00211,-31.69794],[-65.00243,-31.69748],[-65.00234,-31.69705],[-65.00196,-31.69675],[-65.00203,-31.69615],[-65.00202,-31.69549]]]},"properties":{"periodo":2023,"dts":"2022-12-29","dte":"2024-01-25","infobs":"incendio"}},
{"type":"Feature","geometry":{"type":"Polygon","coordinates":[[[-65.00683,-31.67034],[-65.00768,-31.67007],[-65.00885,-31.67044],[-65.00943,-31.67043],[-65.01039,-31.67086],[-65.01141,-31.67137],[-65.01222,-31.67191],[-65.01294,-31.67276],[-65.01308,-31.67352],[-65.01233,-31.67397],[-65.01187,-31.67406],[-65.01129,-31.67443],[-65.01068,-31.67455],[-65.00979,-31.67443],[-65.00904,-31.67473],[-65.00867,-31.67463],[-65.00851,-31.67429],[-65.00938,-31.67378],[-65.01021,-31.67361],[-65.01026,-31.67338],[-65.00967,-31.67307],[-65.00897,-31.67316],[-65.008,-31.67341],[-65.00754,-31.67334],[-65.00698,-31.67314],[-65.00606,-31.67289],[-65.00465,-31.67169],[-65.0047,-31.67116],[-65.00521,-31.67063],[-65.00624,-31.67124],[-65.00683,-31.67034]]]},"properties":{"periodo":2023,"dts":"2022-12-29","dte":"2024-01-25","infobs":"incendio"}},
{"type":"Feature","geometry":{"type":"Polygon","coordinates":[[[-64.56771,-31.45072],[-64.56751,-31.45141],[-64.56758,-31.45191],[-64.5678,-31.45234],[-64.56773,-31.45272],[-64.56714,-31.45421],[-64.56676,-31.45393],[-64.56676,-31.45349],[-64.56642,-31.45314],[-64.56614,-31.45353],[-64.56617,-31.45412],[-64.5656,-31.45435],[-64.56466,-31.45403],[-64.56407,-31.45283],[-64.56377,-31.45264],[-64.56348,-31.45305],[-64.56399,-31.45375],[-64.56425,-31.45427],[-64.56415,-31.45468],[-64.56298,-31.45503],[-64.56266,-31.4554],[-64.5624,-31.45593],[-64.56201,-31.45625],[-64.56133,-31.45637],[-64.56093,-31.45628],[-64.56039,-31.45658],[-64.56027,-31.45742],[-64.56011,-31.45775],[-64.56028,-31.45805],[-64.56049,-31.45872],[-64.56069,-31.459],[-64.56062,-31.45956],[-64.56043,-31.46],[-64.56015,-31.46026],[-64.55968,-31.46016],[-64.55965,-31.4593],[-64.55947,-31.45887],[-64.55893,-31.45897],[-64.55873,-31.45991],[-64.55817,-31.45983],[-64.55833,-31.45919],[-64.55787,-31.45912],[-64.55755,-31.45942],[-64.55748,-31.45977],[-64.55706,-31.45995],[-64.55613,-31.45943],[-64.55611,-31.45887],[-64.55633,-31.45854],[-64.55636,-31.45815],[-64.55616,-31.45777],[-64.55622,-31.45715],[-64.557,-31.45641],[-64.55758,-31.45628],[-64.55854,-31.45651],[-64.55886,-31.45635],[-64.55894,-31.45589],[-64.55889,-31.45553],[-64.55843,-31.45547],[-64.55778,-31.45578],[-64.55738,-31.45566],[-64.55654,-31.4557],[-64.55709,-31.45511],[-64.55841,-31.45415],[-64.56156,-31.45079],[-64.56362,-31.44851],[-64.56365,-31.44897],[-64.56394,-31.44911],[-64.56411,-31.44939],[-64.56388,-31.45034],[-64.56327,-31.4507],[-64.56324,-31.45094],[-64.56352,-31.4511],[-64.56385,-31.45107],[-64.56435,-31.4507],[-64.56472,-31.45058],[-64.56515,-31.4507],[-64.5655,-31.45096],[-64.56584,-31.45136],[-64.56621,-31.4514],[-64.56632,-31.45105],[-64.56648,-31.45008],[-64.5668,-31.44973],[-64.56771,-31.45072]]]},"properties":{"periodo":2023,"dts":"2022-12-29","dte":"2024-01-25","infobs":"incendio"}},
{"type":"Feature","geometry":{"type":"Polygon","coordinates":[[[-64.55991,-31.43886],[-64.56027,-31.43831],[-64.56045,-31.43817],[-64.56085,-31.43702],[-64.56147,-31.43691],[-64.56178,-31.4373],[-64.56182,-31.43775],[-64.56171,-31.43824],[-64.56195,-31.43876],[-64.56192,-31.43929],[-64.56136,-31.43961],[-64.56081,-31.43923],[-64.56031,-31.43938],[-64.56006,-31.43969],[-64.56013,-31.44009],[-64.56099,-31.44034],[-64.56159,-31.44073],[-64.56177,-31.44112],[-64.56136,-31.44177],[-64.56096,-31.44217],[-64.56106,-31.44291],[-64.56153,-31.44291],[-64.56184,-31.44242],[-64.56224,-31.4422],[-64.56254,-31.44246],[-64.56249,-31.44298],[-64.56258,-31.44333],[-64.56295,-31.44344],[-64.56298,-31.44373],[-64.56161,-31.44515],[-64.56122,-31.44527],[-64.56089,-31.44558],[-64.5609,-31.4459],[-64.56117,-31.44644],[-64.56037,-31.44676],[-64.56033,-31.44763],[-64.56048,-31.44793],[-64.56057,-31.44884],[-64.56121,-31.44977],[-64.56046,-31.45105],[-64.55881,-31.45218],[-64.55683,-31.45384],[-64.55436,-31.45494],[-64.55303,-31.45558],[-64.55281,-31.45545],[-64.55227,-31.45551],[-64.55143,-31.45569],[-64.5516,-31.45537],[-64.55197,-31.45508],[-64.5524,-31.4543],[-64.55273,-31.45405],[-64.55273,-31.45374],[-64.55243,-31.45329],[-64.55243,-31.45308],[-64.55287,-31.45281],[-64.55354,-31.45271],[-64.55368,-31.45238],[-64.55405,-31.45204],[-64.55387,-31.45155],[-64.55382,-31.45081],[-64.5541,-31.45026],[-64.5541,-31.44983],[-64.55397,-31.44923],[-64.55378,-31.44898],[-64.55422,-31.44848],[-64.5545,-31.44801],[-64.55453,-31.44738],[-64.55496,-31.44689],[-64.55574,-31.44618],[-64.55588,-31.44543],[-64.55574,-31.44432],[-64.5561,-31.44348],[-64.55613,-31.44244],[-64.55641,-31.44204],[-64.55687,-31.44194],[-64.55722,-31.44168],[-64.55738,-31.44141],[-64.55773,-31.4413],[-64.55855,-31.44123],[-64.55894,-31.44103],[-64.55923,-31.44045],[-64.55944,-31.44027],[-64.55977,-31.43941],[-64.55991,-31.43886]]]},"properties":{"periodo":2023,"dts":"2022-12-29","dte":"2024-01-25","infobs":"incendio"}},
{"type":"Feature","geometry":{"type":"Polygon","coordinates":[[[-65.03722,-31.60996],[-65.03629,-31.6096],[-65.03538,-31.60844],[-65.03678,-31.60778],[-65.03763,-31.60818],[-65.03896,-31.60887],[-65.04003,-31.60908],[-65.04031,-31.60983],[-65.04042,-31.61104],[-65.04081,-31.61243],[-65.03962,-31.61275],[-65.03928,-31.61321],[-65.04038,-31.61327],[-65.04105,-31.61345],[-65.04187,-31.61249],[-65.04194,-31.61188],[-65.04099,-31.61062],[-65.04128,-31.60971],[-65.04221,-31.60995],[-65.04264,-31.61157],[-65.04231,-31.61267],[-65.04411,-31.61427],[-65.04517,-31.61429],[-65.0455,-31.61338],[-65.04503,-31.6121],[-65.04462,-31.61131],[-65.04411,-31.61196],[-65.04382,-31.6108],[-65.04455,-31.61007],[-65.04547,-31.60979],[-65.04645,-31.61008],[-65.04844,-31.61027],[-65.04963,-31.61029],[-65.04947,-31.61135],[-65.04923,-31.61248],[-65.0488,-31.61287],[-65.0486,-31.61348],[-65.04849,-31.61457],[-65.04788,-31.61485],[-65.0469,-31.61452],[-65.04628,-31.61465],[-65.0455,-31.615],[-65.04457,-31.61501],[-65.04373,-31.61514],[-65.04406,-31.61585],[-65.04495,-31.61622],[-65.04556,-31.61696],[-65.04491,-31.61729],[-65.04416,-31.61799],[-65.04289,-31.61845],[-65.04077,-31.61863],[-65.04036,-31.61929],[-65.03938,-31.61956],[-65.03887,-31.61964],[-65.03728,-31.62094],[-65.03635,-31.62121],[-65.03585,-31.62177],[-65.03518,-31.62236],[-65.03463,-31.62215],[-65.03373,-31.62228],[-65.03335,-31.62214],[-65.03303,-31.62116],[-65.03208,-31.6207],[-65.03189,-31.62183],[-65.03268,-31.62255],[-65.03308,-31.62338],[-65.03407,-31.62387],[-65.03409,-31.62475],[-65.03394,-31.62595],[-65.03264,-31.62659],[-65.03221,-31.62638],[-65.033,-31.62582],[-65.03321,-31.62553],[-65.03219,-31.62551],[-65.03251,-31.62492],[-65.03319,-31.62451],[-65.03242,-31.62426],[-65.03181,-31.62365],[-65.03052,-31.6251],[-65.02965,-31.62445],[-65.02898,-31.62501],[-65.02854,-31.62629],[-65.02856,-31.62728],[-65.02846,-31.6283],[-65.02894,-31.62906],[-65.02909,-31.63007],[-65.02912,-31.63149],[-65.02858,-31.63198],[-65.02824,-31.63187],[-65.02825,-31.63038],[-65.02763,-31.62919],[-65.02795,-31.62838],[-65.02697,-31.62836],[-65.02602,-31.62794],[-65.02569,-31.62838],[-65.02516,-31.6293],[-65.02502,-31.63094],[-65.02443,-31.63113],[-65.02417,-31.63077],[-65.02415,-31.62993],[-65.02348,-31.63045],[-65.02241,-31.63043],[-65.02223,-31.62989],[-65.02357,-31.62892],[-65.02424,-31.628],[-65.02414,-31.6276],[-65.02342,-31.62794],[-65.02259,-31.62865],[-65.02141,-31.6295],[-65.02078,-31.62959],[-65.02008,-31.62905],[-65.02002,-31.62799],[-65.01948,-31.62669],[-65.01829,-31.62689],[-65.01776,-31.6277],[-65.01635,-31.62787],[-65.01543,-31.6285],[-65.01536,-31.62913],[-65.01436,-31.63002],[-65.01408,-31.631],[-65.01421,-31.63315],[-65.01375,-31.63363],[-65.0131,-31.6331],[-65.01292,-31.6323],[-65.01286,-31.63153],[-65.01271,-31.63081],[-65.01214,-31.63001],[-65.01131,-31.62915],[-65.01004,-31.62928],[-65.00913,-31.62875],[-65.00933,-31.62816],[-65.00984,-31.62779],[-65.00978,-31.62688],[-65.01049,-31.6264],[-65.01103,-31.6257],[-65.01043,-31.62541],[-65.00866,-31.6265],[-65.0081,-31.6264],[-65.00869,-31.62613],[-65.00957,-31.62546],[-65.00985,-31.62455],[-65.00955,-31.62408],[-65.00871,-31.62468],[-65.00782,-31.62513],[-65.00684,-31.62503],[-65.00669,-31.62412],[-65.00668,-31.62314],[-65.00723,-31.6227],[-65.00868,-31.62242],[-65.00982,-31.62187],[-65.00975,-31.62089],[-65.00873,-31.62034],[-65.00818,-31.61929],[-65.00915,-31.61935],[-65.01023,-31.62047],[-65.01198,-31.62176],[-65.01292,-31.62224],[-65.01429,-31.6224],[-65.01511,-31.6216],[-65.01532,-31.62099],[-65.01327,-31.62038],[-65.01281,-31.61941],[-65.01401,-31.61954],[-65.01481,-31.6199],[-65.01577,-31.6197],[-65.01603,-31.61924],[-65.0161,-31.61822],[-65.01667,-31.61825],[-65.01719,-31.61764],[-65.01793,-31.61736],[-65.01947,-31.6173],[-65.02097,-31.61716],[-65.02122,-31.6164],[-65.0201,-31.61552],[-65.01908,-31.61546],[-65.01902,-31.61463],[-65.01812,-31.61411],[-65.01719,-31.61375],[-65.01749,-31.61337],[-65.01873,-31.61346],[-65.01983,-31.61363],[-65.02029,-31.61234],[-65.02015,-31.6117],[-65.02062,-31.61132],[-65.02168,-31.61111],[-65.02247,-31.6111],[-65.02357,-31.61093],[-65.0233,-31.61056],[-65.02254,-31.61023],[-65.02256,-31.60936],[-65.02394,-31.60987],[-65.02615,-31.60976],[-65.02647,-31.60839],[-65.02756,-31.60966],[-65.02812,-31.60935],[-65.02855,-31.6087],[-65.02905,-31.60945],[-65.02955,-31.61004],[-65.03071,-31.6107],[-65.03129,-31.61092],[-65.03163,-31.61058],[-65.03246,-31.61011],[-65.03328,-31.60923],[-65.03429,-31.60887],[-65.03452,-31.6094],[-65.03383,-31.61013],[-65.03402,-31.61092],[-65.03434,-31.61114],[-65.03422,-31.61186],[-65.03353,-31.61232],[-65.03228,-31.61174],[-65.03184,-31.61193],[-65.03252,-31.61271],[-65.03297,-31.61308],[-65.0342,-31.61303],[-65.03496,-31.61317],[-65.03356,-31.61387],[-65.03259,-31.61373],[-65.03192,-31.61333],[-65.03091,-31.61376],[-65.03145,-31.61435],[-65.03173,-31.61511],[-65.03094,-31.61519],[-65.03022,-31.61468],[-65.02916,-31.61447],[-65.02823,-31.61403],[-65.02779,-31.61441],[-65.02692,-31.61488],[-65.02752,-31.61596],[-65.02845,-31.61625],[-65.02923,-31.61582],[-65.02999,-31.61611],[-65.0301,-31.61725],[-65.02918,-31.61718],[-65.02815,-31.61679],[-65.02797,-31.61868],[-65.02769,-31.62],[-65.02699,-31.62009],[-65.02571,-31.61992],[-65.02518,-31.62031],[-65.02431,-31.62077],[-65.02411,-31.62183],[-65.02508,-31.62159],[-65.02627,-31.62146],[-65.0275,-31.62148],[-65.0278,-31.62079],[-65.02819,-31.62048],[-65.02886,-31.62085],[-65.02935,-31.62126],[-65.02952,-31.62069],[-65.02893,-31.61998],[-65.029,-31.61945],[-65.02935,-31.61933],[-65.03011,-31.61977],[-65.03057,-31.62045],[-65.03114,-31.62036],[-65.03126,-31.61983],[-65.03089,-31.61901],[-65.03088,-31.61855],[-65.03136,-31.61809],[-65.03176,-31.6185],[-65.03186,-31.61899],[-65.03235,-31.61925],[-65.03296,-31.61879],[-65.03348,-31.61825],[-65.03341,-31.617],[-65.03463,-31.61642],[-65.0352,-31.61626],[-65.03531,-31.61709],[-65.03588,-31.61723],[-65.03622,-31.61662],[-65.03684,-31.61646],[-65.0376,-31.61724],[-65.03821,-31.61693],[-65.03785,-31.61629],[-65.03824,-31.61617],[-65.03901,-31.6171],[-65.03851,-31.61855],[-65.03883,-31.61896],[-65.04001,-31.61822],[-65.03994,-31.61701],[-65.03961,-31.61626],[-65.04024,-31.61659],[-65.0408,-31.61621],[-65.04013,-31.6158],[-65.03955,-31.61532],[-65.03917,-31.61419],[-65.03806,-31.61395],[-65.03701,-31.61445],[-65.03575,-31.6133],[-65.03564,-31.61225],[-65.03614,-31.611],[-65.03582,-31.61021],[-65.03639,-31.61024],[-65.03722,-31.60996]],[[-65.02318,-31.62441],[-65.02249,-31.62406],[-65.02172,-31.62414],[-65.02161,-31.62491],[-65.02218,-31.62567],[-65.02229,-31.62651],[-65.02374,-31.62666],[-65.02424,-31.62632],[-65.02436,-31.62589],[-65.02511,-31.62533],[-65.02447,-31.62486],[-65.02379,-31.62495],[-65.02318,-31.62441]]]},"properties":{"periodo":2023,"dts":"2022-12-29","dte":"2024-01-25","infobs":"incendio"}},
{"type":"Feature","geometry":{"type":"Polygon","coordinates":[[[-64.95751,-31.52188],[-64.96004,-31.51307],[-64.96023,-31.51354],[-64.96132,-31.51362],[-64.96145,-31.51436],[-64.96118,-31.51474],[-64.96174,-31.51515],[-64.96289,-31.51579],[-64.96242,-31.51631],[-64.96172,-31.51683],[-64.96151,-31.5173],[-64.96196,-31.51804],[-64.96295,-31.51835],[-64.96295,-31.51859],[-64.96215,-31.51897],[-64.96205,-31.51972],[-64.96244,-31.52027],[-64.96294,-31.52055],[-64.96291,-31.52176],[-64.96297,-31.52199],[-64.96364,-31.52268],[-64.96462,-31.52276],[-64.96533,-31.52261],[-64.96561,-31.52302],[-64.96601,-31.52418],[-64.96625,-31.52502],[-64.96723,-31.52505],[-64.9674,-31.52542],[-64.9654,-31.52639],[-64.96569,-31.52694],[-64.96575,-31.52741],[-64.96527,-31.52797],[-64.96505,-31.5277],[-64.96482,-31.52719],[-64.96475,-31.5263],[-64.96404,-31.52636],[-64.96291,-31.52675],[-64.96225,-31.52685],[-64.96119,-31.52533],[-64.96085,-31.52501],[-64.96101,-31.5244],[-64.96045,-31.52404],[-64.95925,-31.52391],[-64.95865,-31.52378],[-64.95852,-31.5229],[-64.95835,-31.52244],[-64.95751,-31.52188]]]},"properties":{"periodo":2023,"dts":"2022-12-29","dte":"2024-01-25","infobs":"incendio"}},
{"type":"Feature","geometry":{"type":"Polygon","coordinates":[[[-64.9808,-32.2056],[-64.98095,-32.20512],[-64.98182,-32.20524],[-64.98167,-32.20563],[-64.98111,-32.20587],[-64.9808,-32.20614],[-64.9808,-32.2056]]]},"properties":{"periodo":2023,"dts":"2022-12-29","dte":"2024-01-25","infobs":"incendio"}},
{"type":"Feature","geometry":{"type":"Polygon","coordinates":[[[-64.98261,-32.19991],[-64.98379,-32.19983],[-64.98471,-32.19954],[-64.98522,-32.19958],[-64.98559,-32.1998],[-64.98617,-32.1999],[-64.98641,-32.20008],[-64.98688,-32.20005],[-64.98795,-32.20039],[-64.98819,-32.20058],[-64.98872,-32.20057],[-64.98905,-32.20072],[-64.98886,-32.2009],[-64.98901,-32.20138],[-64.98942,-32.20143],[-64.9896,-32.20168],[-64.98941,-32.2022],[-64.9896,-32.20255],[-64.98981,-32.20265],[-64.99037,-32.20241],[-64.99048,-32.20211],[-64.99143,-32.20236],[-64.99174,-32.20291],[-64.99204,-32.20298],[-64.99211,-32.20346],[-64.99192,-32.20368],[-64.99164,-32.20339],[-64.99131,-32.20325],[-64.99085,-32.20336],[-64.99042,-32.20376],[-64.98979,-32.20342],[-64.98911,-32.20343],[-64.98867,-32.20363],[-64.98819,-32.20364],[-64.98779,-32.20329],[-64.98695,-32.20334],[-64.98651,-32.20347],[-64.98617,-32.20311],[-64.98509,-32.20283],[-64.98449,-32.20287],[-64.98441,-32.20313],[-64.9848,-32.2037],[-64.98446,-32.20384],[-64.98377,-32.2036],[-64.98313,-32.20321],[-64.9827,-32.20307],[-64.98194,-32.20301],[-64.98118,-32.20271],[-64.98118,-32.20231],[-64.98086,-32.2003],[-64.98136,-32.20016],[-64.98195,-32.20027],[-64.98219,-32.20012],[-64.98245,-32.20045],[-64.98304,-32.20092],[-64.98313,-32.20123],[-64.9834,-32.20157],[-64.98383,-32.20164],[-64.98446,-32.20158],[-64.98435,-32.20116],[-64.984,-32.20102],[-64.98369,-32.20074],[-64.98258,-32.20024],[-64.98261,-32.19991]]]},"properties":{"periodo":2023,"dts":"2022-12-29","dte":"2024-01-25","infobs":"incendio"}},
{"type":"Feature","geometry":{"type":"Polygon","coordinates":[[[-64.59975,-31.74163],[-64.59986,-31.74143],[-64.6,-31.74056],[-64.59988,-31.73993],[-64.59996,-31.73958],[-64.60024,-31.73955],[-64.60066,-31.73978],[-64.60066,-31.74036],[-64.60096,-31.74045],[-64.60097,-31.74194],[-64.60025,-31.74229],[-64.59902,-31.74225],[-64.59852,-31.74253],[-64.5983,-31.7428],[-64.59803,-31.7426],[-64.59775,-31.74225],[-64.59748,-31.74155],[-64.59775,-31.74111],[-64.59821,-31.74102],[-64.59854,-31.74065],[-64.59857,-31.74002],[-64.59902,-31.73984],[-64.59939,-31.74003],[-64.59934,-31.74065],[-64.59915,-31.74116],[-64.59948,-31.74131],[-64.59948,-31.74161],[-64.59975,-31.74163]]]},"properties":{"periodo":2023,"dts":"2022-12-29","dte":"2024-01-25","infobs":"incendio"}},
{"type":"Feature","geometry":{"type":"Polygon","coordinates":[[[-64.6042,-31.73823],[-64.60443,-31.73772],[-64.60409,-31.73739],[-64.60407,-31.73701],[-64.60449,-31.73694],[-64.60471,-31.73724],[-64.60502,-31.73731],[-64.60466,-31.73825],[-64.60415,-31.73847],[-64.60345,-31.73846],[-64.60357,-31.73891],[-64.60285,-31.73928],[-64.60259,-31.73997],[-64.60272,-31.74048],[-64.60323,-31.74118],[-64.60305,-31.74128],[-64.60247,-31.74123],[-64.60216,-31.74084],[-64.60175,-31.74069],[-64.60137,-31.74069],[-64.6008,-31.7401],[-64.60094,-31.73942],[-64.60123,-31.73896],[-64.60152,-31.73903],[-64.60159,-31.73927],[-64.602,-31.73917],[-64.60222,-31.73886],[-64.60219,-31.73828],[-64.60197,-31.73807],[-64.60216,-31.73775],[-64.60263,-31.73777],[-64.60286,-31.73761],[-64.6032,-31.73792],[-64.60407,-31.73828],[-64.6042,-31.73823]]]},"properties":{"periodo":2023,"dts":"2022-12-29","dte":"2024-01-25","infobs":"incendio"}},
{"type":"Feature","geometry":{"type":"Polygon","coordinates":[[[-64.541,-31.44732],[-64.54104,-31.44686],[-64.54092,-31.44633],[-64.54095,-31.44599],[-64.5412,-31.44559],[-64.54181,-31.44642],[-64.5417,-31.44719],[-64.54209,-31.44738],[-64.54238,-31.44738],[-64.54337,-31.44691],[-64.54375,-31.44686],[-64.54486,-31.44732],[-64.54487,-31.44877],[-64.54444,-31.45017],[-64.5444,-31.452],[-64.54389,-31.45388],[-64.54346,-31.45371],[-64.54321,-31.45274],[-64.54345,-31.4523],[-64.5435,-31.45105],[-64.5436,-31.44997],[-64.54299,-31.44983],[-64.5427,-31.44947],[-64.54335,-31.44873],[-64.5434,-31.44831],[-64.54316,-31.44796],[-64.54247,-31.44773],[-64.54203,-31.44797],[-64.54166,-31.4489],[-64.54105,-31.44928],[-64.54051,-31.44895],[-64.53933,-31.44882],[-64.53916,-31.44868],[-64.53917,-31.44811],[-64.53874,-31.44788],[-64.53861,-31.44729],[-64.53931,-31.44697],[-64.53951,-31.44656],[-64.54015,-31.44641],[-64.54045,-31.44651],[-64.5401,-31.44724],[-64.53951,-31.44788],[-64.53953,-31.44812],[-64.53989,-31.44835],[-64.54051,-31.44805],[-64.54092,-31.4477],[-64.541,-31.44732]]]},"properties":{"periodo":2023,"dts":"2022-12-29","dte":"2024-01-25","infobs":"incendio"}},
{"type":"Feature","geometry":{"type":"Polygon","coordinates":[[[-64.54129,-31.41913],[-64.54189,-31.41865],[-64.54236,-31.41877],[-64.54218,-31.41912],[-64.54254,-31.41919],[-64.54266,-31.41942],[-64.54252,-31.41975],[-64.54267,-31.42002],[-64.54295,-31.42021],[-64.54336,-31.4203],[-64.54387,-31.42053],[-64.54391,-31.42073],[-64.54426,-31.42098],[-64.54436,-31.42118],[-64.5437,-31.42152],[-64.54369,-31.4217],[-64.54451,-31.42197],[-64.54505,-31.42184],[-64.5449,-31.42265],[-64.54477,-31.42294],[-64.54423,-31.42345],[-64.54394,-31.4235],[-64.54373,-31.42295],[-64.54305,-31.42283],[-64.54273,-31.42254],[-64.54278,-31.42213],[-64.5424,-31.42202],[-64.54218,-31.42233],[-64.54184,-31.42228],[-64.54155,-31.42211],[-64.54161,-31.42267],[-64.542,-31.42304],[-64.54231,-31.42355],[-64.54174,-31.42349],[-64.5415,-31.42368],[-64.54072,-31.42321],[-64.54054,-31.42263],[-64.54099,-31.42256],[-64.54111,-31.42241],[-64.54098,-31.422],[-64.54114,-31.42183],[-64.5419,-31.42189],[-64.54209,-31.42207],[-64.54238,-31.42183],[-64.5424,-31.42124],[-64.54213,-31.42092],[-64.5418,-31.42097],[-64.54195,-31.42142],[-64.54167,-31.42164],[-64.54142,-31.42143],[-64.54118,-31.42144],[-64.54035,-31.4212],[-64.54002,-31.42082],[-64.5394,-31.42055],[-64.53917,-31.42036],[-64.53916,-31.41988],[-64.53888,-31.41979],[-64.53893,-31.41945],[-64.53935,-31.41965],[-64.54046,-31.41969],[-64.5408,-31.41931],[-64.54129,-31.41913]]]},"properties":{"periodo":2023,"dts":"2022-12-29","dte":"2024-01-25","infobs":"incendio"}},
{"type":"Feature","geometry":{"type":"Polygon","coordinates":[[[-64.57496,-31.43797],[-64.57488,-31.4377],[-64.57505,-31.43747],[-64.57554,-31.43825],[-64.57607,-31.43806],[-64.57638,-31.43824],[-64.57646,-31.43861],[-64.57555,-31.43896],[-64.57546,-31.4394],[-64.57526,-31.43971],[-64.57524,-31.44006],[-64.57552,-31.44105],[-64.57552,-31.44136],[-64.57581,-31.44188],[-64.57556,-31.4422],[-64.57572,-31.44295],[-64.57617,-31.44368],[-64.57655,-31.44378],[-64.57697,-31.44345],[-64.57728,-31.44269],[-64.57738,-31.4423],[-64.57774,-31.44152],[-64.57815,-31.44122],[-64.57879,-31.44103],[-64.57932,-31.44118],[-64.57927,-31.44181],[-64.57901,-31.44211],[-64.57901,-31.44261],[-64.57918,-31.44332],[-64.57949,-31.44351],[-64.57986,-31.44354],[-64.58013,-31.44342],[-64.58039,-31.44313],[-64.58107,-31.44326],[-64.58143,-31.44321],[-64.5816,-31.44294],[-64.58138,-31.44254],[-64.58137,-31.4422],[-64.58202,-31.44187],[-64.58243,-31.44174],[-64.58281,-31.44176],[-64.58306,-31.44221],[-64.58288,-31.44254],[-64.58282,-31.44299],[-64.58298,-31.44373],[-64.58347,-31.44395],[-64.58365,-31.44424],[-64.58357,-31.44497],[-64.5833,-31.44536],[-64.5834,-31.44577],[-64.58365,-31.44597],[-64.58327,-31.44645],[-64.58294,-31.44657],[-64.58258,-31.44704],[-64.58245,-31.44771],[-64.58186,-31.44789],[-64.58175,-31.44773],[-64.58175,-31.44714],[-64.58125,-31.44686],[-64.58129,-31.44645],[-64.58182,-31.44612],[-64.58203,-31.4458],[-64.58149,-31.44492],[-64.58147,-31.44475],[-64.58106,-31.44461],[-64.5809,-31.44409],[-64.58053,-31.44392],[-64.58009,-31.44385],[-64.57967,-31.44429],[-64.57948,-31.44462],[-64.57894,-31.44454],[-64.57881,-31.44494],[-64.57892,-31.44547],[-64.57922,-31.44583],[-64.57965,-31.44621],[-64.57983,-31.44703],[-64.57964,-31.44742],[-64.57922,-31.44745],[-64.57901,-31.44724],[-64.57838,-31.44743],[-64.57828,-31.44773],[-64.57754,-31.44774],[-64.57744,-31.44747],[-64.57763,-31.4471],[-64.57821,-31.44682],[-64.57846,-31.44652],[-64.57841,-31.44587],[-64.5781,-31.4453],[-64.57753,-31.44462],[-64.57706,-31.44374],[-64.57686,-31.44386],[-64.57675,-31.4446],[-64.57621,-31.44506],[-64.57637,-31.44542],[-64.57609,-31.44558],[-64.57573,-31.44549],[-64.57603,-31.44482],[-64.57569,-31.44383],[-64.57521,-31.44309],[-64.57506,-31.44226],[-64.57461,-31.44206],[-64.57445,-31.44184],[-64.57463,-31.44096],[-64.57459,-31.44043],[-64.57411,-31.43956],[-64.57407,-31.43929],[-64.57447,-31.43919],[-64.57468,-31.43931],[-64.57518,-31.43872],[-64.57496,-31.43797]]]},"properties":{"periodo":2023,"dts":"2022-12-29","dte":"2024-01-25","infobs":"incendio"}},
{"type":"Feature","geometry":{"type":"Polygon","coordinates":[[[-64.57881,-31.43611],[-64.57883,-31.43569],[-64.57942,-31.43567],[-64.57975,-31.43626],[-64.58037,-31.43623],[-64.58062,-31.43652],[-64.58025,-31.43707],[-64.58028,-31.43738],[-64.58052,-31.43766],[-64.58065,-31.43805],[-64.58051,-31.43845],[-64.58006,-31.43865],[-64.57993,-31.43922],[-64.57965,-31.43995],[-64.57931,-31.44009],[-64.57904,-31.43995],[-64.57886,-31.43956],[-64.57889,-31.43925],[-64.57955,-31.43897],[-64.57969,-31.43859],[-64.57959,-31.43825],[-64.57888,-31.43804],[-64.57855,-31.43759],[-64.57892,-31.43682],[-64.57892,-31.4364],[-64.57881,-31.43611]]]},"properties":{"periodo":2023,"dts":"2022-12-29","dte":"2024-01-25","infobs":"incendio"}},
{"type":"Feature","geometry":{"type":"Polygon","coordinates":[[[-64.58403,-31.43093],[-64.58436,-31.43069],[-64.58464,-31.43098],[-64.58586,-31.4312],[-64.58639,-31.4316],[-64.58631,-31.43245],[-64.58606,-31.43265],[-64.58586,-31.43257],[-64.58536,-31.4329],[-64.58477,-31.43322],[-64.5846,-31.43353],[-64.58395,-31.43383],[-64.58334,-31.43369],[-64.58321,-31.43331],[-64.58348,-31.43299],[-64.58408,-31.43265],[-64.58435,-31.43239],[-64.58447,-31.43184],[-64.58414,-31.43127],[-64.58365,-31.4313],[-64.58369,-31.4321],[-64.58318,-31.43214],[-64.58274,-31.43139],[-64.58271,-31.43116],[-64.58292,-31.43094],[-64.58367,-31.43098],[-64.58403,-31.43093]]]},"properties":{"periodo":2023,"dts":"2022-12-29","dte":"2024-01-25","infobs":"incendio"}},
{"type":"Feature","geometry":{"type":"Polygon","coordinates":[[[-64.57408,-31.41693],[-64.57534,-31.41665],[-64.57579,-31.41642],[-64.57665,-31.41653],[-64.57723,-31.41636],[-64.57773,-31.41588],[-64.57825,-31.41572],[-64.57872,-31.41536],[-64.57916,-31.41551],[-64.57896,-31.41574],[-64.57818,-31.41595],[-64.57818,-31.41631],[-64.57782,-31.41675],[-64.57824,-31.41698],[-64.57815,-31.4175],[-64.57887,-31.41742],[-64.57907,-31.41752],[-64.57928,-31.41797],[-64.57915,-31.41815],[-64.57866,-31.4183],[-64.57792,-31.41804],[-64.57718,-31.41821],[-64.57684,-31.41815],[-64.57652,-31.41788],[-64.57652,-31.41756],[-64.57702,-31.41741],[-64.57714,-31.41716],[-64.57666,-31.41701],[-64.57613,-31.41729],[-64.57527,-31.4174],[-64.57507,-31.41775],[-64.57479,-31.4178],[-64.57374,-31.41735],[-64.57409,-31.41714],[-64.57408,-31.41693]]]},"properties":{"periodo":2023,"dts":"2022-12-29","dte":"2024-01-25","infobs":"incendio"}},
{"type":"Feature","geometry":{"type":"Polygon","coordinates":[[[-64.57408,-31.41693],[-64.57378,-31.41649],[-64.57361,-31.4164],[-64.57315,-31.41645],[-64.57322,-31.41685],[-64.57289,-31.41688],[-64.57239,-31.41657],[-64.57239,-31.41627],[-64.57188,-31.41588],[-64.57136,-31.41574],[-64.5721,-31.4151],[-64.57222,-31.41486],[-64.57253,-31.41491],[-64.57281,-31.41465],[-64.57302,-31.415],[-64.57349,-31.41536],[-64.5743,-31.41514],[-64.57469,-31.41498],[-64.575,-31.415],[-64.57428,-31.41593],[-64.57408,-31.41693]]]},"properties":{"periodo":2023,"dts":"2022-12-29","dte":"2024-01-25","infobs":"incendio"}},
{"type":"Feature","geometry":{"type":"Polygon","coordinates":[[[-64.5668,-31.44973],[-64.56768,-31.44903],[-64.56785,-31.44874],[-64.56783,-31.44837],[-64.56759,-31.44813],[-64.56715,-31.44793],[-64.56627,-31.44824],[-64.56591,-31.44863],[-64.56541,-31.44835],[-64.56532,-31.44802],[-64.56539,-31.44749],[-64.56586,-31.44684],[-64.56586,-31.44629],[-64.56644,-31.44546],[-64.56709,-31.44492],[-64.56731,-31.44462],[-64.56738,-31.44427],[-64.56727,-31.44389],[-64.56688,-31.4431],[-64.5661,-31.44302],[-64.5652,-31.44326],[-64.56494,-31.4431],[-64.56498,-31.44272],[-64.56476,-31.44221],[-64.5643,-31.44228],[-64.56402,-31.44217],[-64.56411,-31.4408],[-64.56402,-31.44026],[-64.56434,-31.43983],[-64.56467,-31.44017],[-64.56512,-31.44031],[-64.56548,-31.44026],[-64.56566,-31.43977],[-64.56566,-31.43929],[-64.56541,-31.43894],[-64.56501,-31.43871],[-64.56425,-31.43874],[-64.56372,-31.43861],[-64.56352,-31.43817],[-64.56381,-31.43765],[-64.56407,-31.43756],[-64.56414,-31.43722],[-64.56379,-31.43647],[-64.56432,-31.43621],[-64.56464,-31.43618],[-64.56485,-31.43669],[-64.56492,-31.43717],[-64.56526,-31.43771],[-64.56585,-31.43806],[-64.56625,-31.43808],[-64.56654,-31.43797],[-64.56726,-31.43742],[-64.56804,-31.43705],[-64.56858,-31.4372],[-64.56881,-31.43736],[-64.56904,-31.43706],[-64.56903,-31.43671],[-64.56862,-31.4362],[-64.56826,-31.436],[-64.56828,-31.43484],[-64.568,-31.43415],[-64.56793,-31.43372],[-64.56813,-31.43338],[-64.56862,-31.43317],[-64.5687,-31.43302],[-64.56868,-31.43196],[-64.56881,-31.43166],[-64.56928,-31.43146],[-64.56961,-31.43154],[-64.56992,-31.43129],[-64.56981,-31.43096],[-64.56882,-31.43071],[-64.56881,-31.43055],[-64.56832,-31.4304],[-64.56754,-31.43072],[-64.56747,-31.43126],[-64.56715,-31.4316],[-64.56674,-31.43153],[-64.56657,-31.43133],[-64.56593,-31.43116],[-64.56545,-31.43121],[-64.56465,-31.43061],[-64.56514,-31.43026],[-64.56549,-31.42993],[-64.56564,-31.42945],[-64.56567,-31.42853],[-64.56619,-31.42815],[-64.56671,-31.42808],[-64.56707,-31.42819],[-64.56712,-31.42866],[-64.56705,-31.42918],[-64.56751,-31.42943],[-64.56773,-31.42935],[-64.56801,-31.42855],[-64.56841,-31.42845],[-64.56879,-31.42821],[-64.5688,-31.42772],[-64.56857,-31.42742],[-64.56775,-31.42739],[-64.56695,-31.42748],[-64.56631,-31.4273],[-64.56597,-31.42702],[-64.56561,-31.42651],[-64.56561,-31.42602],[-64.56608,-31.42552],[-64.56681,-31.42544],[-64.56759,-31.42591],[-64.56848,-31.42574],[-64.56917,-31.42615],[-64.56943,-31.42564],[-64.56932,-31.42539],[-64.5696,-31.42508],[-64.57015,-31.42564],[-64.57049,-31.42578],[-64.57055,-31.42644],[-64.57013,-31.42696],[-64.57026,-31.42743],[-64.57068,-31.42782],[-64.57012,-31.42922],[-64.57001,-31.42957],[-64.57006,-31.43002],[-64.57045,-31.43034],[-64.57085,-31.4305],[-64.57086,-31.431],[-64.57063,-31.43134],[-64.57054,-31.43175],[-64.57067,-31.43213],[-64.57044,-31.43228],[-64.57038,-31.43258],[-64.56996,-31.43267],[-64.56983,-31.43295],[-64.56983,-31.43333],[-64.57007,-31.43383],[-64.57044,-31.4341],[-64.57133,-31.43398],[-64.57135,-31.43469],[-64.57163,-31.4348],[-64.57173,-31.43505],[-64.57142,-31.43547],[-64.57105,-31.4356],[-64.57064,-31.43607],[-64.57052,-31.43636],[-64.57093,-31.43698],[-64.57088,-31.43741],[-64.57109,-31.43762],[-64.57099,-31.43826],[-64.57076,-31.4386],[-64.57064,-31.43919],[-64.57042,-31.43934],[-64.57006,-31.43925],[-64.56948,-31.43874],[-64.56912,-31.43896],[-64.56878,-31.43895],[-64.56803,-31.43863],[-64.56782,-31.43875],[-64.56788,-31.43924],[-64.56813,-31.4394],[-64.56903,-31.43947],[-64.56952,-31.43976],[-64.56967,-31.44006],[-64.56911,-31.4406],[-64.56943,-31.44104],[-64.5695,-31.44134],[-64.56982,-31.44209],[-64.56968,-31.44248],[-64.56983,-31.44283],[-64.57044,-31.44302],[-64.57085,-31.44353],[-64.57088,-31.44406],[-64.57143,-31.44481],[-64.57187,-31.44514],[-64.57199,-31.44537],[-64.57159,-31.44567],[-64.57127,-31.44575],[-64.57045,-31.44573],[-64.57019,-31.44591],[-64.57021,-31.44628],[-64.57043,-31.44646],[-64.57083,-31.44701],[-64.57115,-31.44783],[-64.571,-31.44841],[-64.57099,-31.4488],[-64.5711,-31.44907],[-64.57112,-31.45003],[-64.57152,-31.45036],[-64.57211,-31.45073],[-64.57256,-31.45071],[-64.57316,-31.451],[-64.57318,-31.45134],[-64.57387,-31.45179],[-64.57387,-31.45216],[-64.5741,-31.45244],[-64.57415,-31.45272],[-64.57444,-31.45319],[-64.57425,-31.45369],[-64.57428,-31.45395],[-64.57408,-31.45428],[-64.57306,-31.45433],[-64.57292,-31.45479],[-64.57311,-31.4555],[-64.57413,-31.45546],[-64.57472,-31.45461],[-64.5753,-31.45427],[-64.57586,-31.45467],[-64.57579,-31.45508],[-64.57597,-31.45545],[-64.57649,-31.45557],[-64.57691,-31.45595],[-64.57751,-31.45559],[-64.57773,-31.45482],[-64.57805,-31.45472],[-64.57901,-31.45491],[-64.57957,-31.45478],[-64.57957,-31.45441],[-64.5789,-31.45378],[-64.5789,-31.45344],[-64.57866,-31.4533],[-64.57848,-31.45291],[-64.57829,-31.45194],[-64.57882,-31.45151],[-64.57909,-31.45103],[-64.57905,-31.4501],[-64.57954,-31.44972],[-64.5799,-31.44965],[-64.58082,-31.44982],[-64.58129,-31.44951],[-64.58187,-31.44963],[-64.58262,-31.45012],[-64.5831,-31.45067],[-64.58357,-31.45067],[-64.5858,-31.45092],[-64.58557,-31.45215],[-64.58506,-31.45213],[-64.58429,-31.4518],[-64.58364,-31.45198],[-64.5838,-31.45226],[-64.5839,-31.45325],[-64.58363,-31.45461],[-64.58306,-31.45393],[-64.5821,-31.45345],[-64.58188,-31.45308],[-64.58152,-31.45287],[-64.58124,-31.45248],[-64.58099,-31.45235],[-64.58068,-31.45265],[-64.5809,-31.45317],[-64.58045,-31.45386],[-64.58042,-31.45434],[-64.58109,-31.45472],[-64.58121,-31.45499],[-64.58092,-31.4558],[-64.58073,-31.4561],[-64.58014,-31.45617],[-64.57962,-31.45594],[-64.57905,-31.45539],[-64.57877,-31.45542],[-64.5782,-31.45646],[-64.57816,-31.45695],[-64.57843,-31.45727],[-64.57915,-31.45782],[-64.57922,-31.4583],[-64.57906,-31.45857],[-64.57821,-31.45864],[-64.57783,-31.45891],[-64.57737,-31.45891],[-64.57705,-31.45867],[-64.57688,-31.45821],[-64.57576,-31.45811],[-64.57538,-31.45783],[-64.57437,-31.45759],[-64.57408,-31.45688],[-64.57374,-31.45639],[-64.57344,-31.45634],[-64.57319,-31.45668],[-64.57268,-31.45688],[-64.57232,-31.45659],[-64.57226,-31.45598],[-64.57181,-31.4555],[-64.5715,-31.4553],[-64.57147,-31.45511],[-64.57092,-31.45455],[-64.57007,-31.45449],[-64.56956,-31.45411],[-64.56937,-31.45354],[-64.56898,-31.45315],[-64.5686,-31.45292],[-64.56836,-31.45222],[-64.56803,-31.45164],[-64.56829,-31.45096],[-64.56824,-31.45067],[-64.56789,-31.45048],[-64.56771,-31.45072],[-64.5668,-31.44973]]]},"properties":{"periodo":2023,"dts":"2022-12-29","dte":"2024-01-25","infobs":"incendio"}},
{"type":"Feature","geometry":{"type":"Polygon","coordinates":[[[-64.57835,-31.41308],[-64.57841,-31.41253],[-64.57868,-31.41229],[-64.57844,-31.41184],[-64.57762,-31.41156],[-64.57774,-31.4112],[-64.57813,-31.41092],[-64.57826,-31.4107],[-64.57809,-31.41006],[-64.57853,-31.41026],[-64.57913,-31.41039],[-64.5796,-31.41149],[-64.5794,-31.41224],[-64.57981,-31.41287],[-64.58037,-31.41328],[-64.58373,-31.4125],[-64.5844,-31.41274],[-64.58436,-31.41325],[-64.58346,-31.41348],[-64.5826,-31.41346],[-64.58154,-31.4135],[-64.58087,-31.41358],[-64.57985,-31.41356],[-64.57873,-31.41349],[-64.57761,-31.41322],[-64.57759,-31.41346],[-64.57806,-31.41372],[-64.57836,-31.41417],[-64.57908,-31.41433],[-64.5795,-31.4143],[-64.58073,-31.4139],[-64.58129,-31.41404],[-64.58211,-31.414],[-64.58294,-31.41404],[-64.58354,-31.41401],[-64.58402,-31.41412],[-64.58391,-31.41447],[-64.58352,-31.4145],[-64.58265,-31.41437],[-64.58239,-31.41464],[-64.58346,-31.41463],[-64.58416,-31.4147],[-64.5847,-31.41466],[-64.58476,-31.41482],[-64.58415,-31.41529],[-64.58376,-31.4153],[-64.58237,-31.41582],[-64.58174,-31.41571],[-64.58081,-31.41606],[-64.58061,-31.41608],[-64.58043,-31.41637],[-64.58012,-31.4157],[-64.57976,-31.41544],[-64.57996,-31.41519],[-64.57993,-31.41494],[-64.58014,-31.41456],[-64.58001,-31.41437],[-64.57954,-31.41461],[-64.57916,-31.41465],[-64.57892,-31.4148],[-64.57843,-31.41479],[-64.57761,-31.41443],[-64.57664,-31.41373],[-64.57683,-31.41338],[-64.57662,-31.41276],[-64.57704,-31.4126],[-64.57765,-31.41277],[-64.57777,-31.41303],[-64.57835,-31.41308]]]},"properties":{"periodo":2023,"dts":"2022-12-29","dte":"2024-01-25","infobs":"incendio"}},
{"type":"Feature","geometry":{"type":"Polygon","coordinates":[[[-64.54456,-31.40758],[-64.54453,-31.40754],[-64.54463,-31.40617],[-64.54521,-31.405],[-64.5453,-31.40532],[-64.54577,-31.40567],[-64.54568,-31.40652],[-64.54551,-31.40746],[-64.5457,-31.40774],[-64.54614,-31.40749],[-64.54633,-31.40802],[-64.54651,-31.40812],[-64.54692,-31.40781],[-64.54664,-31.40732],[-64.54633,-31.40643],[-64.54634,-31.40589],[-64.54665,-31.4059],[-64.54668,-31.40622],[-64.54696,-31.40638],[-64.54712,-31.4068],[-64.54735,-31.40702],[-64.54743,-31.40748],[-64.54774,-31.40758],[-64.54794,-31.40741],[-64.54766,-31.40701],[-64.54752,-31.40633],[-64.54738,-31.40597],[-64.54736,-31.40521],[-64.5477,-31.40522],[-64.54831,-31.40587],[-64.5485,-31.40583],[-64.54881,-31.40615],[-64.54878,-31.40633],[-64.54816,-31.40652],[-64.54815,-31.40679],[-64.54886,-31.40691],[-64.54892,-31.40722],[-64.54873,-31.40759],[-64.54872,-31.40787],[-64.54895,-31.40802],[-64.54943,-31.40813],[-64.5493,-31.40847],[-64.54853,-31.40841],[-64.54843,-31.40862],[-64.54872,-31.40875],[-64.54884,-31.40922],[-64.54825,-31.4095],[-64.54844,-31.40973],[-64.54821,-31.40994],[-64.54765,-31.40999],[-64.54744,-31.41015],[-64.5478,-31.41052],[-64.54868,-31.4105],[-64.54878,-31.41093],[-64.54857,-31.41134],[-64.54877,-31.41146],[-64.54987,-31.41178],[-64.55012,-31.4119],[-64.55035,-31.41226],[-64.55059,-31.41237],[-64.55042,-31.41269],[-64.54995,-31.41217],[-64.54973,-31.41213],[-64.54932,-31.41239],[-64.54868,-31.41247],[-64.54845,-31.41206],[-64.54784,-31.41216],[-64.54771,-31.41165],[-64.54729,-31.4113],[-64.54707,-31.41095],[-64.54663,-31.41082],[-64.54592,-31.41108],[-64.54552,-31.41068],[-64.54474,-31.41076],[-64.54435,-31.41039],[-64.54403,-31.41039],[-64.54386,-31.41056],[-64.54392,-31.41083],[-64.54374,-31.41105],[-64.54336,-31.41113],[-64.54317,-31.41134],[-64.54336,-31.41171],[-64.54368,-31.41178],[-64.54407,-31.41204],[-64.54406,-31.41219],[-64.5436,-31.4125],[-64.54381,-31.41292],[-64.54379,-31.41326],[-64.54399,-31.4136],[-64.54338,-31.41434],[-64.54282,-31.41451],[-64.54219,-31.41381],[-64.54198,-31.41329],[-64.54129,-31.41313],[-64.54091,-31.41332],[-64.54046,-31.41371],[-64.54023,-31.41346],[-64.5401,-31.41292],[-64.53962,-31.41266],[-64.53872,-31.41263],[-64.53861,-31.41204],[-64.5389,-31.41193],[-64.53901,-31.41233],[-64.5393,-31.41227],[-64.53956,-31.41176],[-64.53938,-31.41155],[-64.5389,-31.41156],[-64.53886,-31.41125],[-64.53972,-31.41106],[-64.54018,-31.41124],[-64.54071,-31.41168],[-64.54074,-31.41189],[-64.54041,-31.41211],[-64.54029,-31.41238],[-64.54059,-31.41261],[-64.54086,-31.41233],[-64.54159,-31.41202],[-64.54173,-31.41171],[-64.541,-31.41129],[-64.54099,-31.41094],[-64.54125,-31.41095],[-64.5416,-31.4113],[-64.54194,-31.4111],[-64.54177,-31.4107],[-64.54143,-31.41029],[-64.54248,-31.40963],[-64.54373,-31.40847],[-64.54417,-31.40827],[-64.54468,-31.40858],[-64.5446,-31.40901],[-64.54478,-31.40944],[-64.54511,-31.40939],[-64.54522,-31.40887],[-64.54522,-31.4084],[-64.5449,-31.40789],[-64.54456,-31.40758]]]},"properties":{"periodo":2023,"dts":"2022-12-29","dte":"2024-01-25","infobs":"incendio"}},
{"type":"Feature","geometry":{"type":"Polygon","coordinates":[[[-64.56748,-31.39952],[-64.56783,-31.39933],[-64.5681,-31.39968],[-64.56814,-31.4002],[-64.56837,-31.40061],[-64.5686,-31.40062],[-64.56901,-31.40009],[-64.56942,-31.40003],[-64.5695,-31.40045],[-64.56986,-31.40052],[-64.57018,-31.40081],[-64.57013,-31.40117],[-64.56912,-31.40157],[-64.56874,-31.40196],[-64.56868,-31.40229],[-64.56873,-31.40282],[-64.56835,-31.40296],[-64.56785,-31.4027],[-64.56759,-31.40303],[-64.56796,-31.40315],[-64.56816,-31.40348],[-64.5681,-31.40369],[-64.56775,-31.40392],[-64.56811,-31.40436],[-64.56871,-31.40426],[-64.56942,-31.40439],[-64.56986,-31.40439],[-64.57019,-31.40393],[-64.57054,-31.40428],[-64.57054,-31.40454],[-64.57013,-31.40458],[-64.56988,-31.40481],[-64.57055,-31.40518],[-64.57076,-31.4054],[-64.57105,-31.40523],[-64.57115,-31.40463],[-64.57172,-31.40442],[-64.57165,-31.40403],[-64.57145,-31.40384],[-64.57142,-31.40356],[-64.57086,-31.40315],[-64.57035,-31.40314],[-64.57016,-31.40297],[-64.56952,-31.40264],[-64.56944,-31.40226],[-64.5697,-31.40218],[-64.57007,-31.4023],[-64.57046,-31.40218],[-64.57064,-31.40239],[-64.5705,-31.40269],[-64.57056,-31.40293],[-64.57086,-31.4031],[-64.57112,-31.40286],[-64.57132,-31.40312],[-64.57181,-31.40348],[-64.5719,-31.40418],[-64.57228,-31.40422],[-64.57305,-31.4039],[-64.57309,-31.4032],[-64.57261,-31.40263],[-64.57211,-31.40252],[-64.57149,-31.40251],[-64.57137,-31.40208],[-64.57165,-31.40173],[-64.57274,-31.40231],[-64.57412,-31.40232],[-64.57415,-31.40292],[-64.57446,-31.40313],[-64.57455,-31.40334],[-64.57328,-31.40369],[-64.57329,-31.40426],[-64.57315,-31.40443],[-64.5724,-31.40468],[-64.57254,-31.4052],[-64.57217,-31.40539],[-64.57188,-31.40499],[-64.57161,-31.40494],[-64.57145,-31.40527],[-64.57185,-31.4056],[-64.57122,-31.40586],[-64.57062,-31.40589],[-64.57048,-31.40623],[-64.5709,-31.40673],[-64.57103,-31.40714],[-64.57147,-31.40727],[-64.57109,-31.40771],[-64.57143,-31.40792],[-64.57185,-31.40841],[-64.57211,-31.40844],[-64.57251,-31.40806],[-64.57297,-31.40816],[-64.57283,-31.40877],[-64.5732,-31.40896],[-64.57366,-31.40858],[-64.57409,-31.40867],[-64.57449,-31.40861],[-64.57492,-31.40903],[-64.57509,-31.40897],[-64.5751,-31.40858],[-64.57531,-31.40841],[-64.57557,-31.40852],[-64.57576,-31.40941],[-64.5755,-31.4098],[-64.57446,-31.41005],[-64.57385,-31.41061],[-64.57309,-31.41123],[-64.57331,-31.41157],[-64.57402,-31.41141],[-64.5752,-31.4108],[-64.57548,-31.41094],[-64.57602,-31.41072],[-64.57541,-31.41165],[-64.57498,-31.41203],[-64.57576,-31.41239],[-64.57539,-31.41264],[-64.57553,-31.41292],[-64.57504,-31.41316],[-64.5751,-31.41379],[-64.57521,-31.41398],[-64.5758,-31.414],[-64.57537,-31.41467],[-64.57511,-31.41491],[-64.57496,-31.41464],[-64.57443,-31.41419],[-64.57401,-31.41411],[-64.57385,-31.41421],[-64.57394,-31.41456],[-64.57321,-31.41438],[-64.57284,-31.41453],[-64.5726,-31.41423],[-64.5728,-31.41387],[-64.57341,-31.41395],[-64.57357,-31.4138],[-64.57404,-31.41371],[-64.57435,-31.4135],[-64.5743,-31.41285],[-64.574,-31.41266],[-64.57371,-31.41212],[-64.57341,-31.41204],[-64.57291,-31.41219],[-64.57239,-31.41213],[-64.57205,-31.41227],[-64.57129,-31.4117],[-64.57142,-31.411],[-64.57158,-31.41077],[-64.57192,-31.41084],[-64.57203,-31.41058],[-64.57231,-31.4106],[-64.57268,-31.41035],[-64.5726,-31.41005],[-64.57217,-31.40971],[-64.57206,-31.40932],[-64.57167,-31.40912],[-64.57157,-31.40851],[-64.57127,-31.40834],[-64.57092,-31.40837],[-64.57059,-31.40855],[-64.56964,-31.40767],[-64.56876,-31.40709],[-64.56715,-31.40539],[-64.5672,-31.40509],[-64.56695,-31.40485],[-64.56708,-31.40443],[-64.56646,-31.40373],[-64.56664,-31.40346],[-64.56662,-31.40153],[-64.56736,-31.40111],[-64.56748,-31.39952]]]},"properties":{"periodo":2023,"dts":"2022-12-29","dte":"2024-01-25","infobs":"incendio"}},
{"type":"Feature","geometry":{"type":"Polygon","coordinates":[[[-64.56478,-31.39805],[-64.56517,-31.39759],[-64.56627,-31.39751],[-64.5666,-31.39662],[-64.56697,-31.39656],[-64.56726,-31.39727],[-64.56677,-31.3978],[-64.56691,-31.39818],[-64.56785,-31.39764],[-64.56784,-31.39878],[-64.56732,-31.39876],[-64.56687,-31.39883],[-64.56639,-31.3988],[-64.56632,-31.39898],[-64.56684,-31.39912],[-64.56721,-31.39943],[-64.56707,-31.40076],[-64.56621,-31.40136],[-64.56629,-31.40336],[-64.5661,-31.4036],[-64.56556,-31.40343],[-64.56508,-31.40369],[-64.56452,-31.40335],[-64.56425,-31.40333],[-64.56418,-31.4039],[-64.56455,-31.40427],[-64.56526,-31.40423],[-64.56548,-31.40468],[-64.56542,-31.40509],[-64.56488,-31.40528],[-64.5649,-31.40555],[-64.56535,-31.4055],[-64.56609,-31.40559],[-64.56621,-31.40587],[-64.56561,-31.40675],[-64.56556,-31.40709],[-64.56599,-31.40735],[-64.56608,-31.40803],[-64.56575,-31.40832],[-64.56544,-31.40817],[-64.56511,-31.40843],[-64.56458,-31.40834],[-64.56427,-31.4085],[-64.56388,-31.40831],[-64.56411,-31.40789],[-64.56397,-31.4077],[-64.56425,-31.40718],[-64.56389,-31.40701],[-64.56408,-31.40648],[-64.56431,-31.40663],[-64.56456,-31.40648],[-64.56416,-31.40621],[-64.5639,-31.40539],[-64.56347,-31.40482],[-64.56329,-31.40499],[-64.56328,-31.40539],[-64.56349,-31.40563],[-64.56345,-31.40612],[-64.56369,-31.40667],[-64.5635,-31.40716],[-64.56313,-31.40753],[-64.56282,-31.40728],[-64.5631,-31.40686],[-64.56275,-31.40632],[-64.56207,-31.40593],[-64.56132,-31.40596],[-64.56066,-31.4061],[-64.56031,-31.40604],[-64.56009,-31.40586],[-64.56082,-31.40532],[-64.56146,-31.40546],[-64.56175,-31.40542],[-64.56212,-31.40515],[-64.56258,-31.40531],[-64.56317,-31.40485],[-64.56323,-31.40452],[-64.56281,-31.40415],[-64.5623,-31.40415],[-64.56181,-31.40448],[-64.56155,-31.4042],[-64.5612,-31.40408],[-64.5612,-31.40391],[-64.56054,-31.40375],[-64.56058,-31.40353],[-64.56117,-31.40355],[-64.5618,-31.40336],[-64.56272,-31.40342],[-64.56222,-31.40363],[-64.5623,-31.40378],[-64.56338,-31.40388],[-64.56352,-31.40362],[-64.56388,-31.4033],[-64.56372,-31.4029],[-64.56312,-31.40299],[-64.56338,-31.4026],[-64.56351,-31.40222],[-64.56333,-31.40211],[-64.56384,-31.40155],[-64.56308,-31.40151],[-64.56306,-31.39973],[-64.56357,-31.39938],[-64.56466,-31.39893],[-64.56478,-31.39805]]]},"properties":{"periodo":2023,"dts":"2022-12-29","dte":"2024-01-25","infobs":"incendio"}},
{"type":"Feature","geometry":{"type":"Polygon","coordinates":[[[-65.15814,-31.83638],[-65.15869,-31.83636],[-65.159,-31.83689],[-65.15892,-31.83703],[-65.15908,-31.83782],[-65.15818,-31.83789],[-65.15814,-31.83638]]]},"properties":{"periodo":2023,"dts":"2022-12-20","dte":"2023-12-07","infobs":"silvopastoril/desarbustado"}},
{"type":"Feature","geometry":{"type":"Polygon","coordinates":[[[-65.18887,-31.90636],[-65.18983,-31.90571],[-65.18989,-31.9056],[-65.19001,-31.90989],[-65.18966,-31.91031],[-65.18898,-31.91049],[-65.18939,-31.91135],[-65.18931,-31.91165],[-65.18673,-31.91189],[-65.18668,-31.91081],[-65.18712,-31.9108],[-65.18835,-31.91016],[-65.18785,-31.90989],[-65.18784,-31.90956],[-65.18816,-31.90927],[-65.18799,-31.90886],[-65.18724,-31.90912],[-65.18705,-31.9094],[-65.18739,-31.90999],[-65.18704,-31.9103],[-65.18666,-31.91046],[-65.18649,-31.90637],[-65.18657,-31.90642],[-65.18771,-31.90643],[-65.18887,-31.90636]]]},"properties":{"periodo":2023,"dts":"2022-12-20","dte":"2023-12-07","infobs":"silvopastoril/desarbustado"}},
{"type":"Feature","geometry":{"type":"Polygon","coordinates":[[[-65.19387,-31.90834],[-65.1937,-31.90786],[-65.1939,-31.90697],[-65.19323,-31.90631],[-65.19296,-31.90564],[-65.19287,-31.90483],[-65.19315,-31.9045],[-65.19513,-31.90444],[-65.1954,-31.90943],[-65.19479,-31.90969],[-65.19397,-31.9099],[-65.19316,-31.91031],[-65.19225,-31.91046],[-65.19115,-31.91104],[-65.19064,-31.91153],[-65.1904,-31.91155],[-65.19008,-31.91128],[-65.19039,-31.91083],[-65.19054,-31.91007],[-65.19043,-31.90967],[-65.19026,-31.90498],[-65.19048,-31.90457],[-65.19205,-31.90453],[-65.19194,-31.90549],[-65.19199,-31.90622],[-65.19194,-31.9072],[-65.19222,-31.90772],[-65.19289,-31.90835],[-65.19387,-31.90834]]]},"properties":{"periodo":2023,"dts":"2022-12-20","dte":"2023-12-07","infobs":"silvopastoril/desarbustado"}},
{"type":"Feature","geometry":{"type":"Polygon","coordinates":[[[-65.04795,-30.77979],[-65.04714,-30.7798],[-65.04689,-30.77956],[-65.04642,-30.77948],[-65.04606,-30.77924],[-65.04546,-30.77973],[-65.0452,-30.77971],[-65.04504,-30.77898],[-65.04453,-30.77853],[-65.04448,-30.7775],[-65.04476,-30.77742],[-65.0451,-30.77713],[-65.04582,-30.77701],[-65.04581,-30.77721],[-65.04617,-30.77735],[-65.04676,-30.77707],[-65.04776,-30.77707],[-65.04793,-30.77742],[-65.0478,-30.77768],[-65.0471,-30.77799],[-65.04654,-30.77841],[-65.04653,-30.77878],[-65.04726,-30.77867],[-65.04744,-30.77827],[-65.04797,-30.77773],[-65.04829,-30.77793],[-65.04798,-30.77817],[-65.0479,-30.77866],[-65.04795,-30.77979]]]},"properties":{"periodo":2023,"dts":"2022-12-20","dte":"2023-12-07","infobs":"silvopastoril/desarbustado"}},
{"type":"Feature","geometry":{"type":"Polygon","coordinates":[[[-65.03119,-30.71291],[-65.03561,-30.71289],[-65.03526,-30.71489],[-65.03402,-30.71488],[-65.03375,-30.71702],[-65.03316,-30.71797],[-65.03247,-30.71803],[-65.03249,-30.71922],[-65.03194,-30.72047],[-65.03181,-30.7227],[-65.03458,-30.7226],[-65.03472,-30.72278],[-65.03418,-30.73014],[-65.03387,-30.72978],[-65.03304,-30.73022],[-65.03329,-30.73142],[-65.03408,-30.73212],[-65.03403,-30.73265],[-65.03279,-30.73289],[-65.03272,-30.73397],[-65.03201,-30.73354],[-65.03123,-30.73341],[-65.03094,-30.73523],[-65.02965,-30.73205],[-65.03108,-30.71563],[-65.03135,-30.71525],[-65.03119,-30.71291]]]},"properties":{"periodo":2023,"dts":"2022-12-20","dte":"2023-12-07","infobs":"silvopastoril/desarbustado"}},
{"type":"Feature","geometry":{"type":"Polygon","coordinates":[[[-65.03472,-30.73077],[-65.03617,-30.71044],[-65.03633,-30.70485],[-65.0366,-30.70441],[-65.03787,-30.70439],[-65.03763,-30.71137],[-65.03754,-30.71276],[-65.04109,-30.7128],[-65.03935,-30.73013],[-65.0376,-30.73068],[-65.03497,-30.7309],[-65.03472,-30.73077]]]},"properties":{"periodo":2023,"dts":"2022-12-20","dte":"2023-12-07","infobs":"silvopastoril/desarbustado"}},
{"type":"Feature","geometry":{"type":"Polygon","coordinates":[[[-65.28306,-30.69981],[-65.28324,-30.69969],[-65.28784,-30.70573],[-65.28601,-30.70729],[-65.2834,-30.70749],[-65.28304,-30.70765],[-65.28207,-30.7068],[-65.28018,-30.70613],[-65.27989,-30.70578],[-65.28064,-30.70577],[-65.28367,-30.70265],[-65.28194,-30.70054],[-65.28306,-30.69981]],[[-65.28564,-30.70601],[-65.28398,-30.70292],[-65.281,-30.70594],[-65.28108,-30.70605],[-65.28564,-30.70601]]]},"properties":{"periodo":2023,"dts":"2022-12-20","dte":"2023-12-07","infobs":"silvopastoril/desarbustado"}},
{"type":"Feature","geometry":{"type":"Polygon","coordinates":[[[-65.26029,-31.94488],[-65.26071,-31.94507],[-65.26149,-31.94506],[-65.26147,-31.94535],[-65.26116,-31.94586],[-65.26066,-31.94585],[-65.26047,-31.94562],[-65.26029,-31.94488]]]},"properties":{"periodo":2023,"dts":"2022-12-20","dte":"2023-12-07","infobs":"silvopastoril/desarbustado"}},
{"type":"Feature","geometry":{"type":"Polygon","coordinates":[[[-65.25963,-31.94222],[-65.2596,-31.94106],[-65.2599,-31.94112],[-65.25998,-31.94149],[-65.26056,-31.94167],[-65.26075,-31.94231],[-65.25963,-31.94241],[-65.25963,-31.94222]]]},"properties":{"periodo":2023,"dts":"2022-12-20","dte":"2023-12-07","infobs":"silvopastoril/desarbustado"}},
{"type":"Feature","geometry":{"type":"Polygon","coordinates":[[[-65.48098,-31.77139],[-65.48126,-31.7711],[-65.48196,-31.77099],[-65.48222,-31.77133],[-65.48201,-31.77145],[-65.4819,-31.77234],[-65.48102,-31.77242],[-65.48098,-31.77139]]]},"properties":{"periodo":2023,"dts":"2022-12-20","dte":"2023-12-07","infobs":"silvopastoril/desarbustado"}},
{"type":"Feature","geometry":{"type":"Polygon","coordinates":[[[-65.48266,-31.77132],[-65.48246,-31.77087],[-65.48238,-31.77023],[-65.48276,-31.77012],[-65.48309,-31.7702],[-65.48338,-31.77088],[-65.48351,-31.77139],[-65.48266,-31.77132]]]},"properties":{"periodo":2023,"dts":"2022-12-20","dte":"2023-12-07","infobs":"silvopastoril/desarbustado"}},
{"type":"Feature","geometry":{"type":"Polygon","coordinates":[[[-65.4843,-31.74253],[-65.48511,-31.74152],[-65.48518,-31.74207],[-65.48567,-31.74213],[-65.48561,-31.74268],[-65.48534,-31.74304],[-65.48505,-31.74323],[-65.48501,-31.74369],[-65.48548,-31.74396],[-65.48594,-31.74395],[-65.48646,-31.74426],[-65.48744,-31.74436],[-65.48739,-31.74471],[-65.48645,-31.745],[-65.48596,-31.74487],[-65.48545,-31.74509],[-65.48494,-31.74517],[-65.48458,-31.74495],[-65.48419,-31.74435],[-65.4843,-31.74253]]]},"properties":{"periodo":2023,"dts":"2022-12-20","dte":"2023-12-07","infobs":"silvopastoril/desarbustado"}},
{"type":"Feature","geometry":{"type":"Polygon","coordinates":[[[-65.48196,-31.74003],[-65.48195,-31.73957],[-65.48163,-31.73849],[-65.48168,-31.73749],[-65.48233,-31.73757],[-65.4824,-31.73808],[-65.4824,-31.739],[-65.48232,-31.74005],[-65.48196,-31.74003]]]},"properties":{"periodo":2023,"dts":"2022-12-20","dte":"2023-12-07","infobs":"silvopastoril/desarbustado"}},
{"type":"Feature","geometry":{"type":"Polygon","coordinates":[[[-65.60758,-31.27006],[-65.61022,-31.26995],[-65.61038,-31.27],[-65.61035,-31.27076],[-65.6098,-31.27108],[-65.60971,-31.27063],[-65.60865,-31.27056],[-65.60859,-31.27137],[-65.6074,-31.2714],[-65.60758,-31.27006]]]},"properties":{"periodo":2023,"dts":"2022-12-20","dte":"2023-12-07","infobs":"silvopastoril/desarbustado"}},
{"type":"Feature","geometry":{"type":"Polygon","coordinates":[[[-65.61001,-31.26598],[-65.60996,-31.26402],[-65.61166,-31.26397],[-65.61201,-31.26369],[-65.61264,-31.26371],[-65.61364,-31.26393],[-65.61375,-31.26571],[-65.61322,-31.2656],[-65.61271,-31.26559],[-65.6125,-31.26592],[-65.61248,-31.26652],[-65.61274,-31.26665],[-65.61288,-31.26733],[-65.6131,-31.26733],[-65.61322,-31.2668],[-65.61361,-31.26637],[-65.61376,-31.27005],[-65.6136,-31.27073],[-65.61318,-31.27019],[-65.61265,-31.27022],[-65.61256,-31.26988],[-65.61201,-31.26984],[-65.61196,-31.26859],[-65.61226,-31.26849],[-65.61221,-31.26773],[-65.611,-31.26772],[-65.61073,-31.26793],[-65.6106,-31.26755],[-65.61009,-31.26748],[-65.6101,-31.26647],[-65.61035,-31.26633],[-65.61001,-31.26598]]]},"properties":{"periodo":2023,"dts":"2022-12-20","dte":"2023-12-07","infobs":"silvopastoril/desarbustado"}},
{"type":"Feature","geometry":{"type":"Polygon","coordinates":[[[-65.00902,-31.98919],[-65.00879,-31.98853],[-65.00931,-31.98828],[-65.0096,-31.98787],[-65.00983,-31.98783],[-65.01016,-31.98812],[-65.01026,-31.98838],[-65.01025,-31.9889],[-65.0093,-31.98923],[-65.00902,-31.98919]]]},"properties":{"periodo":2023,"dts":"2022-12-29","dte":"2024-01-25","infobs":"silvopastoril/desarbustado"}},
{"type":"Feature","geometry":{"type":"Polygon","coordinates":[[[-65.03798,-31.88916],[-65.03758,-31.88912],[-65.03759,-31.88889],[-65.03821,-31.88888],[-65.03826,-31.89159],[-65.03766,-31.89156],[-65.03778,-31.89052],[-65.03605,-31.89023],[-65.03602,-31.89067],[-65.03638,-31.8908],[-65.03672,-31.89104],[-65.037,-31.8911],[-65.03705,-31.89138],[-65.03384,-31.89139],[-65.03381,-31.89],[-65.03573,-31.88993],[-65.03594,-31.88972],[-65.03622,-31.88997],[-65.0379,-31.89003],[-65.03798,-31.88916]]]},"properties":{"periodo":2023,"dts":"2022-12-29","dte":"2024-01-25","infobs":"silvopastoril/desarbustado"}},
{"type":"Feature","geometry":{"type":"Polygon","coordinates":[[[-65.0175,-31.9672],[-65.01762,-31.96661],[-65.01813,-31.96639],[-65.01849,-31.96635],[-65.01879,-31.96661],[-65.01826,-31.96733],[-65.0176,-31.96735],[-65.0175,-31.9672]]]},"properties":{"periodo":2023,"dts":"2022-12-29","dte":"2024-01-25","infobs":"silvopastoril/desarbustado"}},
{"type":"Feature","geometry":{"type":"Polygon","coordinates":[[[-65.39827,-30.65092],[-65.39848,-30.65137],[-65.39929,-30.65149],[-65.3994,-30.65162],[-65.39995,-30.65177],[-65.39978,-30.65198],[-65.39938,-30.65202],[-65.39894,-30.65224],[-65.39872,-30.65224],[-65.3981,-30.65173],[-65.39735,-30.65145],[-65.39681,-30.65096],[-65.39827,-30.65092]]]},"properties":{"periodo":2023,"dts":"2022-12-20","dte":"2023-12-07","infobs":"silvopastoril/desarbustado"}},
{"type":"Feature","geometry":{"type":"Polygon","coordinates":[[[-65.39963,-30.65138],[-65.39888,-30.65096],[-65.39885,-30.65034],[-65.3999,-30.65031],[-65.40017,-30.65048],[-65.40016,-30.65083],[-65.39994,-30.65098],[-65.40054,-30.65168],[-65.39999,-30.65166],[-65.39963,-30.65138]]]},"properties":{"periodo":2023,"dts":"2022-12-20","dte":"2023-12-07","infobs":"silvopastoril/desarbustado"}},
{"type":"Feature","geometry":{"type":"Polygon","coordinates":[[[-63.5178,-30.06328],[-63.51858,-30.06282],[-63.51958,-30.06249],[-63.52047,-30.06192],[-63.52091,-30.06189],[-63.52092,-30.07037],[-63.52062,-30.07123],[-63.51739,-30.07172],[-63.51725,-30.07107],[-63.51715,-30.07014],[-63.51703,-30.06826],[-63.51668,-30.0668],[-63.5167,-30.06441],[-63.51704,-30.06382],[-63.5178,-30.06328]],[[-63.51952,-30.07046],[-63.51971,-30.06837],[-63.51966,-30.06592],[-63.51949,-30.06403],[-63.51828,-30.06381],[-63.51787,-30.06459],[-63.51781,-30.06608],[-63.51796,-30.06769],[-63.51831,-30.06999],[-63.519,-30.07073],[-63.51952,-30.07046]]]},"properties":{"periodo":2023,"dts":"2022-12-29","dte":"2024-01-25","infobs":"agricultura"}},
{"type":"Feature","geometry":{"type":"Polygon","coordinates":[[[-63.38349,-30.9777],[-63.3839,-30.97737],[-63.38486,-30.97729],[-63.38505,-30.97707],[-63.38638,-30.97704],[-63.38651,-30.97772],[-63.38691,-30.97857],[-63.38751,-30.97965],[-63.38667,-30.97962],[-63.38669,-30.97913],[-63.386,-30.9783],[-63.3856,-30.97811],[-63.38446,-30.97812],[-63.38447,-30.9784],[-63.38397,-30.97908],[-63.38363,-30.97938],[-63.38328,-30.97944],[-63.3832,-30.98029],[-63.38306,-30.9805],[-63.38247,-30.98055],[-63.38233,-30.97944],[-63.38285,-30.97923],[-63.38337,-30.97917],[-63.38358,-30.97885],[-63.38349,-30.9777]]]},"properties":{"periodo":2023,"dts":"2022-12-29","dte":"2024-01-25","infobs":"agricultura"}},
{"type":"Feature","geometry":{"type":"Polygon","coordinates":[[[-63.38554,-30.97526],[-63.38557,-30.97477],[-63.38576,-30.97429],[-63.38561,-30.97413],[-63.38566,-30.97349],[-63.38859,-30.97276],[-63.38907,-30.97325],[-63.38914,-30.97463],[-63.38685,-30.97523],[-63.38567,-30.97572],[-63.38554,-30.97526]]]},"properties":{"periodo":2023,"dts":"2022-12-29","dte":"2024-01-25","infobs":"agricultura"}},
{"type":"Feature","geometry":{"type":"Polygon","coordinates":[[[-63.30929,-30.89083],[-63.30969,-30.89046],[-63.31036,-30.89001],[-63.3106,-30.88957],[-63.31091,-30.88954],[-63.31115,-30.88985],[-63.31153,-30.89069],[-63.31193,-30.8911],[-63.31225,-30.89164],[-63.31247,-30.89164],[-63.31259,-30.8923],[-63.31223,-30.89266],[-63.31212,-30.89234],[-63.31159,-30.89198],[-63.31124,-30.89228],[-63.31106,-30.89274],[-63.3107,-30.89294],[-63.31043,-30.8929],[-63.31035,-30.89257],[-63.3097,-30.8918],[-63.30929,-30.89083]]]},"properties":{"periodo":2023,"dts":"2022-12-29","dte":"2024-01-25","infobs":"agricultura"}},
{"type":"Feature","geometry":{"type":"Polygon","coordinates":[[[-63.35562,-30.72872],[-63.35552,-30.72828],[-63.35531,-30.7279],[-63.35636,-30.72756],[-63.35644,-30.72719],[-63.3558,-30.72708],[-63.35513,-30.72703],[-63.35472,-30.72631],[-63.35439,-30.72597],[-63.35411,-30.72492],[-63.35375,-30.72383],[-63.3536,-30.72237],[-63.3545,-30.72235],[-63.35496,-30.7221],[-63.35737,-30.72208],[-63.35767,-30.72239],[-63.35779,-30.72484],[-63.35801,-30.72508],[-63.35798,-30.72631],[-63.35746,-30.72702],[-63.35681,-30.7274],[-63.35728,-30.72773],[-63.35785,-30.72834],[-63.35761,-30.72871],[-63.35678,-30.72885],[-63.35562,-30.72872]]]},"properties":{"periodo":2023,"dts":"2022-12-29","dte":"2024-01-25","infobs":"agricultura"}},
{"type":"Feature","geometry":{"type":"Polygon","coordinates":[[[-63.36054,-30.72329],[-63.36025,-30.72345],[-63.35891,-30.72381],[-63.35831,-30.72377],[-63.35831,-30.72339],[-63.35794,-30.72209],[-63.35769,-30.72157],[-63.35954,-30.72153],[-63.3602,-30.72158],[-63.36056,-30.72264],[-63.36054,-30.72329]]]},"properties":{"periodo":2023,"dts":"2022-12-29","dte":"2024-01-25","infobs":"agricultura"}},
{"type":"Feature","geometry":{"type":"Polygon","coordinates":[[[-63.46479,-30.14512],[-63.46504,-30.14439],[-63.46671,-30.14292],[-63.46744,-30.14165],[-63.46871,-30.14168],[-63.46929,-30.14214],[-63.46954,-30.14308],[-63.46966,-30.14378],[-63.46996,-30.14433],[-63.46991,-30.14509],[-63.46479,-30.14512]]]},"properties":{"periodo":2023,"dts":"2022-12-29","dte":"2024-01-25","infobs":"agricultura"}},
{"type":"Feature","geometry":{"type":"Polygon","coordinates":[[[-63.41605,-30.14254],[-63.41551,-30.14176],[-63.41632,-30.14151],[-63.41651,-30.14179],[-63.41605,-30.14254]]]},"properties":{"periodo":2023,"dts":"2022-12-29","dte":"2024-01-25","infobs":"agricultura"}},
{"type":"Feature","geometry":{"type":"Polygon","coordinates":[[[-63.4154,-30.14108],[-63.41545,-30.13822],[-63.41729,-30.13822],[-63.41723,-30.14082],[-63.41692,-30.14109],[-63.4154,-30.14108]]]},"properties":{"periodo":2023,"dts":"2022-12-29","dte":"2024-01-25","infobs":"agricultura"}},
{"type":"Feature","geometry":{"type":"Polygon","coordinates":[[[-63.50294,-30.06018],[-63.50318,-30.06004],[-63.50415,-30.06],[-63.50453,-30.06019],[-63.50446,-30.06086],[-63.50414,-30.06134],[-63.50418,-30.06202],[-63.5044,-30.06231],[-63.5045,-30.06294],[-63.50476,-30.06315],[-63.50437,-30.0639],[-63.49947,-30.06386],[-63.49946,-30.06065],[-63.49994,-30.06053],[-63.50145,-30.06039],[-63.50185,-30.0602],[-63.50224,-30.06018],[-63.50259,-30.06027],[-63.50294,-30.06018]]]},"properties":{"periodo":2023,"dts":"2022-12-29","dte":"2024-01-25","infobs":"agricultura"}},
{"type":"Feature","geometry":{"type":"Polygon","coordinates":[[[-63.57493,-30.05483],[-63.57551,-30.05513],[-63.57677,-30.05477],[-63.57751,-30.05399],[-63.5776,-30.0533],[-63.57852,-30.053],[-63.57899,-30.05248],[-63.57904,-30.05784],[-63.57503,-30.05577],[-63.57493,-30.05483]]]},"properties":{"periodo":2023,"dts":"2022-12-29","dte":"2024-01-25","infobs":"agricultura"}},
{"type":"Feature","geometry":{"type":"Polygon","coordinates":[[[-63.77466,-30.02434],[-63.77439,-30.02366],[-63.77434,-30.02269],[-63.77459,-30.02263],[-63.77488,-30.02225],[-63.77441,-30.02235],[-63.77384,-30.02216],[-63.77394,-30.0216],[-63.77372,-30.02101],[-63.77296,-30.02101],[-63.77273,-30.01937],[-63.77305,-30.01932],[-63.77308,-30.01882],[-63.77287,-30.01824],[-63.77374,-30.01802],[-63.77399,-30.01867],[-63.77407,-30.02014],[-63.77432,-30.02106],[-63.77469,-30.021],[-63.77486,-30.02039],[-63.77549,-30.02017],[-63.77597,-30.01962],[-63.77531,-30.01937],[-63.77481,-30.01974],[-63.77441,-30.0192],[-63.77445,-30.0184],[-63.77575,-30.01824],[-63.77657,-30.01774],[-63.77675,-30.01723],[-63.77688,-30.01712],[-63.77763,-30.01706],[-63.77801,-30.0178],[-63.77826,-30.01803],[-63.77838,-30.01828],[-63.77783,-30.01819],[-63.77743,-30.01806],[-63.77702,-30.01856],[-63.77643,-30.01858],[-63.77641,-30.01906],[-63.7767,-30.01944],[-63.77716,-30.01989],[-63.77763,-30.02064],[-63.7773,-30.0211],[-63.77638,-30.02066],[-63.77576,-30.02078],[-63.7757,-30.02128],[-63.77535,-30.02138],[-63.77518,-30.02182],[-63.77542,-30.02248],[-63.77552,-30.02306],[-63.77598,-30.0234],[-63.77708,-30.02333],[-63.77835,-30.02292],[-63.77845,-30.02258],[-63.77797,-30.02253],[-63.77733,-30.0223],[-63.77711,-30.02192],[-63.77744,-30.02178],[-63.77797,-30.02188],[-63.7783,-30.02184],[-63.77849,-30.02149],[-63.77939,-30.02112],[-63.7802,-30.02139],[-63.78068,-30.021],[-63.78098,-30.02185],[-63.78096,-30.02335],[-63.7803,-30.02284],[-63.77966,-30.02259],[-63.77981,-30.02304],[-63.78164,-30.02437],[-63.78241,-30.02525],[-63.78327,-30.0268],[-63.78399,-30.02792],[-63.78421,-30.02865],[-63.77961,-30.02977],[-63.77957,-30.02961],[-63.78023,-30.02869],[-63.78106,-30.028],[-63.78016,-30.02803],[-63.77861,-30.02864],[-63.77731,-30.02997],[-63.7773,-30.03036],[-63.77482,-30.03079],[-63.77457,-30.0306],[-63.77445,-30.0305],[-63.77446,-30.02879],[-63.77559,-30.02852],[-63.77554,-30.02928],[-63.77566,-30.02965],[-63.77627,-30.0296],[-63.77642,-30.02897],[-63.77763,-30.02875],[-63.77766,-30.02815],[-63.77838,-30.02796],[-63.77906,-30.02761],[-63.77876,-30.02692],[-63.77772,-30.02665],[-63.77703,-30.02668],[-63.77628,-30.02681],[-63.77572,-30.02633],[-63.77597,-30.02625],[-63.777,-30.02633],[-63.77733,-30.02572],[-63.77799,-30.02562],[-63.77866,-30.02603],[-63.77914,-30.02619],[-63.7793,-30.02546],[-63.77983,-30.02519],[-63.78039,-30.02475],[-63.78008,-30.02403],[-63.77934,-30.02401],[-63.77893,-30.02372],[-63.77862,-30.02333],[-63.778,-30.02348],[-63.77722,-30.02375],[-63.77641,-30.02378],[-63.77589,-30.02399],[-63.77502,-30.02477],[-63.77486,-30.02432],[-63.77466,-30.02434]]]},"properties":{"periodo":2023,"dts":"2022-12-29","dte":"2024-01-25","infobs":"agricultura"}},
{"type":"Feature","geometry":{"type":"Polygon","coordinates":[[[-63.62686,-29.79588],[-63.6274,-29.79602],[-63.62842,-29.79608],[-63.62898,-29.79623],[-63.62939,-29.79594],[-63.62999,-29.79572],[-63.63082,-29.79521],[-63.63127,-29.79525],[-63.63118,-29.79648],[-63.63157,-29.79671],[-63.63152,-29.79776],[-63.63119,-29.79809],[-63.6312,-29.79846],[-63.63142,-29.79867],[-63.63034,-29.79884],[-63.63007,-29.79898],[-63.62844,-29.79894],[-63.62825,-29.79901],[-63.62663,-29.79902],[-63.62622,-29.79892],[-63.62618,-29.7985],[-63.6253,-29.79751],[-63.62484,-29.7965],[-63.62505,-29.7962],[-63.62517,-29.79624],[-63.62536,-29.7963],[-63.62551,-29.79635],[-63.62658,-29.79615],[-63.62686,-29.79588]]]},"properties":{"periodo":2023,"dts":"2022-12-29","dte":"2024-01-25","infobs":"agricultura"}},
{"type":"Feature","geometry":{"type":"Polygon","coordinates":[[[-64.24981,-31.02927],[-64.24975,-31.02891],[-64.25005,-31.02891],[-64.25006,-31.02942],[-64.24981,-31.02927]]]},"properties":{"periodo":2023,"dts":"2022-12-29","dte":"2024-01-25","infobs":"silvopastoril/desarbustado"}},
{"type":"Feature","geometry":{"type":"Polygon","coordinates":[[[-64.25676,-31.03462],[-64.25598,-31.03418],[-64.2559,-31.03392],[-64.25514,-31.03365],[-64.25491,-31.03318],[-64.25512,-31.03303],[-64.25575,-31.03284],[-64.25622,-31.033],[-64.25632,-31.03317],[-64.25747,-31.03425],[-64.25747,-31.03461],[-64.25676,-31.03462]]]},"properties":{"periodo":2023,"dts":"2022-12-29","dte":"2024-01-25","infobs":"camino"}},
{"type":"Feature","geometry":{"type":"Polygon","coordinates":[[[-64.16624,-30.33369],[-64.16788,-30.33368],[-64.16895,-30.33427],[-64.17084,-30.33482],[-64.17159,-30.33448],[-64.17278,-30.33473],[-64.17642,-30.3347],[-64.17753,-30.33483],[-64.17804,-30.33428],[-64.17788,-30.33482],[-64.17711,-30.33703],[-64.17658,-30.33794],[-64.17584,-30.33737],[-64.17497,-30.33706],[-64.17515,-30.33831],[-64.17512,-30.33946],[-64.17341,-30.34187],[-64.17252,-30.34356],[-64.17166,-30.344],[-64.17126,-30.34483],[-64.17139,-30.34558],[-64.17073,-30.3458],[-64.17033,-30.34681],[-64.16989,-30.34767],[-64.16973,-30.34857],[-64.16937,-30.34907],[-64.16901,-30.34979],[-64.16934,-30.35075],[-64.1684,-30.35146],[-64.16772,-30.35319],[-64.16785,-30.35575],[-64.16562,-30.35679],[-64.16541,-30.35655],[-64.16577,-30.35583],[-64.16564,-30.35458],[-64.16456,-30.35398],[-64.16335,-30.35356],[-64.16291,-30.35267],[-64.16212,-30.35228],[-64.16235,-30.35136],[-64.16332,-30.35081],[-64.16343,-30.34952],[-64.16333,-30.34816],[-64.16348,-30.34726],[-64.16272,-30.34664],[-64.16367,-30.3455],[-64.16431,-30.34413],[-64.16461,-30.3441],[-64.16517,-30.34473],[-64.166,-30.34542],[-64.16708,-30.34573],[-64.16812,-30.34589],[-64.1687,-30.345],[-64.16881,-30.34399],[-64.16913,-30.34333],[-64.16958,-30.34271],[-64.1689,-30.342],[-64.16926,-30.34143],[-64.1694,-30.34078],[-64.1692,-30.3401],[-64.16974,-30.33979],[-64.17052,-30.34007],[-64.17099,-30.34048],[-64.17124,-30.33995],[-64.17076,-30.33952],[-64.1702,-30.33912],[-64.16951,-30.33891],[-64.16874,-30.33913],[-64.16842,-30.33852],[-64.1685,-30.33762],[-64.16757,-30.33756],[-64.16688,-30.33876],[-64.16781,-30.33914],[-64.16833,-30.33914],[-64.1683,-30.34005],[-64.16812,-30.34032],[-64.16719,-30.3404],[-64.16654,-30.34029],[-64.16657,-30.34093],[-64.16647,-30.34166],[-64.16602,-30.34262],[-64.16569,-30.34265],[-64.16546,-30.34203],[-64.16525,-30.34166],[-64.16479,-30.34169],[-64.16458,-30.34226],[-64.16414,-30.34284],[-64.1638,-30.34262],[-64.16419,-30.3421],[-64.16389,-30.34101],[-64.16365,-30.34029],[-64.16401,-30.33976],[-64.1645,-30.33917],[-64.16451,-30.33822],[-64.16404,-30.33793],[-64.16362,-30.33781],[-64.16339,-30.33761],[-64.16356,-30.33733],[-64.16411,-30.33701],[-64.16437,-30.33711],[-64.16487,-30.33707],[-64.16509,-30.33678],[-64.16524,-30.33627],[-64.16563,-30.33564],[-64.16562,-30.33506],[-64.16508,-30.335],[-64.16444,-30.3352],[-64.16438,-30.33424],[-64.16469,-30.33378],[-64.16555,-30.3337],[-64.16568,-30.33379],[-64.16624,-30.33369]]]},"properties":{"periodo":2023,"dts":"2022-12-29","dte":"2024-01-25","infobs":"incendio"}},
{"type":"Feature","geometry":{"type":"Polygon","coordinates":[[[-64.17861,-30.33213],[-64.1786,-30.33193],[-64.17796,-30.33097],[-64.177,-30.33043],[-64.17604,-30.32976],[-64.17551,-30.32945],[-64.17624,-30.32856],[-64.1773,-30.32846],[-64.17796,-30.3294],[-64.17899,-30.33015],[-64.17861,-30.33213]]]},"properties":{"periodo":2023,"dts":"2022-12-29","dte":"2024-01-25","infobs":"incendio"}},
{"type":"Feature","geometry":{"type":"Polygon","coordinates":[[[-64.16537,-30.32395],[-64.1652,-30.32246],[-64.16568,-30.32201],[-64.16622,-30.32172],[-64.16584,-30.32094],[-64.16469,-30.32039],[-64.16491,-30.31951],[-64.16544,-30.31918],[-64.16569,-30.31868],[-64.1656,-30.31735],[-64.16643,-30.31798],[-64.16732,-30.31911],[-64.16805,-30.31986],[-64.16908,-30.32111],[-64.16939,-30.32205],[-64.1691,-30.32281],[-64.16919,-30.32394],[-64.16999,-30.32456],[-64.17167,-30.32537],[-64.17277,-30.32617],[-64.17402,-30.32775],[-64.17348,-30.32839],[-64.17324,-30.32884],[-64.17239,-30.32869],[-64.17128,-30.32829],[-64.17079,-30.32747],[-64.16999,-30.32665],[-64.16951,-30.32569],[-64.16902,-30.32488],[-64.16806,-30.32406],[-64.16647,-30.32394],[-64.16537,-30.32395]]]},"properties":{"periodo":2023,"dts":"2022-12-29","dte":"2024-01-25","infobs":"incendio"}},
{"type":"Feature","geometry":{"type":"Polygon","coordinates":[[[-64.19147,-30.16309],[-64.19247,-30.16282],[-64.19281,-30.16228],[-64.19381,-30.16178],[-64.19507,-30.16131],[-64.19545,-30.16059],[-64.19584,-30.15975],[-64.19583,-30.15899],[-64.19612,-30.15778],[-64.19711,-30.15701],[-64.19895,-30.15408],[-64.19846,-30.1562],[-64.19805,-30.15875],[-64.19785,-30.16034],[-64.19792,-30.1622],[-64.19807,-30.16375],[-64.19783,-30.16584],[-64.1975,-30.16762],[-64.19739,-30.16918],[-64.19701,-30.17036],[-64.19623,-30.17051],[-64.19382,-30.16966],[-64.19172,-30.16949],[-64.18998,-30.16993],[-64.18929,-30.17035],[-64.18799,-30.17074],[-64.18555,-30.17126],[-64.1839,-30.1715],[-64.18286,-30.17223],[-64.18108,-30.17304],[-64.17977,-30.17317],[-64.17937,-30.17252],[-64.17958,-30.17192],[-64.18167,-30.1719],[-64.18333,-30.17128],[-64.18466,-30.16998],[-64.18513,-30.16887],[-64.18536,-30.16637],[-64.18639,-30.16503],[-64.18664,-30.16374],[-64.18703,-30.16343],[-64.18767,-30.16275],[-64.18849,-30.16213],[-64.18898,-30.16224],[-64.18942,-30.16296],[-64.1899,-30.16318],[-64.19147,-30.16309]]]},"properties":{"periodo":2023,"dts":"2022-12-29","dte":"2024-01-25","infobs":"incendio"}},
{"type":"Feature","geometry":{"type":"Polygon","coordinates":[[[-64.15615,-30.37459],[-64.15621,-30.37494],[-64.15615,-30.37494],[-64.15615,-30.37459]]]},"properties":{"periodo":2023,"dts":"2022-12-29","dte":"2024-01-25","infobs":"incendio"}},
{"type":"Feature","geometry":{"type":"Polygon","coordinates":[[[-64.15615,-30.37459],[-64.15614,-30.37357],[-64.15636,-30.37412],[-64.15662,-30.37404],[-64.15672,-30.37461],[-64.15615,-30.37459]]]},"properties":{"periodo":2023,"dts":"2022-12-29","dte":"2024-01-25","infobs":"incendio"}},
{"type":"Feature","geometry":{"type":"Polygon","coordinates":[[[-64.15761,-30.37079],[-64.15727,-30.37109],[-64.15678,-30.3725],[-64.15647,-30.37249],[-64.1565,-30.37219],[-64.15677,-30.37165],[-64.15741,-30.37085],[-64.15761,-30.37079]]]},"properties":{"periodo":2023,"dts":"2022-12-29","dte":"2024-01-25","infobs":"incendio"}},
{"type":"Feature","geometry":{"type":"Polygon","coordinates":[[[-64.16448,-30.35813],[-64.16443,-30.35847],[-64.16387,-30.35845],[-64.16448,-30.35813]]]},"properties":{"periodo":2023,"dts":"2022-12-29","dte":"2024-01-25","infobs":"incendio"}},
{"type":"Feature","geometry":{"type":"Polygon","coordinates":[[[-64.16678,-30.29727],[-64.16709,-30.2947],[-64.16822,-30.29465],[-64.16942,-30.29541],[-64.17045,-30.29639],[-64.17171,-30.29773],[-64.17359,-30.29948],[-64.17353,-30.30135],[-64.17289,-30.30135],[-64.1722,-30.30121],[-64.17071,-30.30131],[-64.17031,-30.30176],[-64.17085,-30.30216],[-64.1714,-30.30241],[-64.17188,-30.30248],[-64.1701,-30.30366],[-64.16847,-30.30486],[-64.16784,-30.30391],[-64.16898,-30.30275],[-64.17012,-30.30204],[-64.16901,-30.30163],[-64.1684,-30.30134],[-64.16858,-30.30107],[-64.168,-30.29988],[-64.16823,-30.2988],[-64.16841,-30.29835],[-64.16793,-30.29822],[-64.16738,-30.29858],[-64.16736,-30.2999],[-64.16723,-30.30007],[-64.16678,-30.2999],[-64.16678,-30.29727]]]},"properties":{"periodo":2023,"dts":"2022-12-29","dte":"2024-01-25","infobs":"incendio"}},
{"type":"Feature","geometry":{"type":"Polygon","coordinates":[[[-64.48165,-31.28389],[-64.48202,-31.2835],[-64.48216,-31.28272],[-64.48189,-31.28201],[-64.48218,-31.28123],[-64.48301,-31.28139],[-64.48313,-31.28209],[-64.48269,-31.28287],[-64.48248,-31.28397],[-64.48264,-31.28442],[-64.48302,-31.28439],[-64.48315,-31.28339],[-64.4836,-31.28306],[-64.48382,-31.28276],[-64.48442,-31.28302],[-64.4842,-31.28334],[-64.48379,-31.28357],[-64.48383,-31.28386],[-64.48403,-31.28412],[-64.48478,-31.28404],[-64.48523,-31.28423],[-64.4853,-31.28441],[-64.48462,-31.28453],[-64.48412,-31.28496],[-64.48424,-31.2853],[-64.4847,-31.28523],[-64.4849,-31.28498],[-64.48535,-31.28488],[-64.48551,-31.28539],[-64.48585,-31.28561],[-64.48638,-31.28571],[-64.4865,-31.28612],[-64.48632,-31.28635],[-64.48575,-31.28613],[-64.48557,-31.28659],[-64.48573,-31.28739],[-64.48528,-31.28753],[-64.48491,-31.28785],[-64.48378,-31.2879],[-64.4831,-31.28736],[-64.48276,-31.28759],[-64.48277,-31.2881],[-64.48248,-31.2883],[-64.48246,-31.28966],[-64.48179,-31.29002],[-64.48145,-31.29002],[-64.48122,-31.28974],[-64.48113,-31.28903],[-64.48079,-31.28874],[-64.48027,-31.28884],[-64.48013,-31.28949],[-64.4804,-31.28994],[-64.48055,-31.29045],[-64.48086,-31.291],[-64.48041,-31.29117],[-64.47981,-31.29095],[-64.47947,-31.2906],[-64.47921,-31.29121],[-64.47888,-31.29144],[-64.47862,-31.29177],[-64.47809,-31.29187],[-64.47777,-31.29262],[-64.47739,-31.29256],[-64.47738,-31.29214],[-64.47767,-31.29139],[-64.47804,-31.2911],[-64.47853,-31.29109],[-64.47876,-31.2908],[-64.47837,-31.29054],[-64.47837,-31.29035],[-64.47904,-31.29005],[-64.47885,-31.28976],[-64.47848,-31.28977],[-64.47843,-31.28954],[-64.47873,-31.28931],[-64.47922,-31.28911],[-64.47925,-31.28879],[-64.47902,-31.28863],[-64.47827,-31.28841],[-64.47833,-31.28783],[-64.4787,-31.28699],[-64.47915,-31.28705],[-64.47942,-31.2874],[-64.47942,-31.28769],[-64.47965,-31.28791],[-64.4801,-31.28775],[-64.48005,-31.28697],[-64.48012,-31.28662],[-64.48075,-31.28625],[-64.48079,-31.28603],[-64.48199,-31.28589],[-64.48214,-31.28611],[-64.48207,-31.2864],[-64.48301,-31.28636],[-64.48368,-31.28616],[-64.48375,-31.28541],[-64.48367,-31.28506],[-64.48223,-31.28478],[-64.48185,-31.28453],[-64.48165,-31.28389]],[[-64.48523,-31.28604],[-64.4849,-31.2857],[-64.48437,-31.28598],[-64.48402,-31.28634],[-64.48408,-31.28675],[-64.4844,-31.28685],[-64.48477,-31.28633],[-64.48529,-31.28624],[-64.48523,-31.28604]]]},"properties":{"periodo":2023,"dts":"2022-12-29","dte":"2024-01-25","infobs":"incendio"}},
{"type":"Feature","geometry":{"type":"Polygon","coordinates":[[[-64.48875,-31.28087],[-64.48829,-31.28026],[-64.48765,-31.28001],[-64.48693,-31.27986],[-64.4864,-31.27941],[-64.48612,-31.2788],[-64.48646,-31.27841],[-64.48698,-31.2783],[-64.48698,-31.27801],[-64.48731,-31.27769],[-64.48776,-31.27752],[-64.48848,-31.27806],[-64.48942,-31.27821],[-64.48988,-31.27856],[-64.48993,-31.27924],[-64.48963,-31.2796],[-64.48945,-31.28005],[-64.48953,-31.28041],[-64.48916,-31.28093],[-64.48875,-31.28087]]]},"properties":{"periodo":2023,"dts":"2022-12-29","dte":"2024-01-25","infobs":"incendio"}},
{"type":"Feature","geometry":{"type":"Polygon","coordinates":[[[-64.48914,-31.27673],[-64.48864,-31.27645],[-64.48852,-31.27612],[-64.48878,-31.2757],[-64.48957,-31.27566],[-64.49012,-31.27647],[-64.48929,-31.27702],[-64.48914,-31.27673]]]},"properties":{"periodo":2023,"dts":"2022-12-29","dte":"2024-01-25","infobs":"incendio"}},
{"type":"Feature","geometry":{"type":"Polygon","coordinates":[[[-64.25546,-31.03277],[-64.25539,-31.03218],[-64.25574,-31.03238],[-64.25546,-31.03277]]]},"properties":{"periodo":2023,"dts":"2022-12-29","dte":"2024-01-25","infobs":"silvopastoril/desarbustado"}},
{"type":"Feature","geometry":{"type":"Polygon","coordinates":[[[-64.24854,-31.03092],[-64.2487,-31.03064],[-64.24872,-31.0303],[-64.24929,-31.03005],[-64.24978,-31.03096],[-64.24933,-31.03096],[-64.24922,-31.0312],[-64.24866,-31.03125],[-64.24854,-31.03092]]]},"properties":{"periodo":2023,"dts":"2022-12-29","dte":"2024-01-25","infobs":"silvopastoril/desarbustado"}},
{"type":"Feature","geometry":{"type":"Polygon","coordinates":[[[-64.29104,-30.80442],[-64.29057,-30.8041],[-64.29012,-30.80348],[-64.29012,-30.80309],[-64.29137,-30.80272],[-64.29177,-30.80254],[-64.29234,-30.802],[-64.29296,-30.80207],[-64.29283,-30.80257],[-64.29181,-30.80375],[-64.29144,-30.80447],[-64.29104,-30.80442]]]},"properties":{"periodo":2023,"dts":"2022-12-29","dte":"2024-01-25","infobs":"silvopastoril/desarbustado"}},
{"type":"Feature","geometry":{"type":"Polygon","coordinates":[[[-64.14868,-30.08134],[-64.14814,-30.08089],[-64.14792,-30.0806],[-64.14741,-30.08032],[-64.14747,-30.07981],[-64.14811,-30.07988],[-64.14842,-30.08026],[-64.14937,-30.08034],[-64.15008,-30.08101],[-64.15017,-30.08141],[-64.15002,-30.08148],[-64.14918,-30.08149],[-64.14868,-30.08134]]]},"properties":{"periodo":2023,"dts":"2022-12-29","dte":"2024-01-25","infobs":"silvopastoril/desarbustado"}},
{"type":"Feature","geometry":{"type":"Polygon","coordinates":[[[-64.13797,-30.08199],[-64.13774,-30.08182],[-64.13769,-30.08043],[-64.13746,-30.08016],[-64.13737,-30.0798],[-64.13732,-30.0789],[-64.13765,-30.07894],[-64.13769,-30.07932],[-64.13799,-30.07981],[-64.13803,-30.08014],[-64.13823,-30.08036],[-64.13839,-30.08101],[-64.13851,-30.08116],[-64.13834,-30.08161],[-64.13836,-30.08187],[-64.13858,-30.08214],[-64.13898,-30.08227],[-64.13953,-30.08186],[-64.13952,-30.08159],[-64.13985,-30.08146],[-64.13992,-30.08222],[-64.14012,-30.0823],[-64.14065,-30.08227],[-64.14089,-30.08265],[-64.14111,-30.08238],[-64.14119,-30.082],[-64.14184,-30.08232],[-64.14169,-30.0827],[-64.14111,-30.08269],[-64.14081,-30.08281],[-64.1403,-30.08281],[-64.14021,-30.08258],[-64.1398,-30.08251],[-64.13925,-30.0828],[-64.13901,-30.08275],[-64.13823,-30.08235],[-64.13797,-30.08199]]]},"properties":{"periodo":2023,"dts":"2022-12-29","dte":"2024-01-25","infobs":"silvopastoril/desarbustado"}},
{"type":"Feature","geometry":{"type":"Polygon","coordinates":[[[-64.14245,-30.07827],[-64.14356,-30.07815],[-64.1438,-30.07788],[-64.14467,-30.07796],[-64.14529,-30.07823],[-64.14565,-30.07853],[-64.14522,-30.07865],[-64.14511,-30.07846],[-64.14422,-30.07848],[-64.14415,-30.07872],[-64.14279,-30.07866],[-64.14227,-30.0787],[-64.14204,-30.07894],[-64.14188,-30.07935],[-64.14156,-30.0799],[-64.14117,-30.07988],[-64.14078,-30.07973],[-64.14007,-30.08019],[-64.13978,-30.08021],[-64.13952,-30.08007],[-64.1394,-30.07968],[-64.13897,-30.07953],[-64.13886,-30.0792],[-64.13905,-30.07886],[-64.13949,-30.0787],[-64.14022,-30.07828],[-64.14087,-30.07802],[-64.14128,-30.07836],[-64.14135,-30.07872],[-64.14183,-30.07878],[-64.14245,-30.07827]]]},"properties":{"periodo":2023,"dts":"2022-12-29","dte":"2024-01-25","infobs":"silvopastoril/desarbustado"}},
{"type":"Feature","geometry":{"type":"Polygon","coordinates":[[[-63.6928,-29.84512],[-63.69312,-29.84438],[-63.69369,-29.84388],[-63.69395,-29.84409],[-63.69369,-29.84435],[-63.69342,-29.84503],[-63.6928,-29.84512]]]},"properties":{"periodo":2023,"dts":"2022-12-29","dte":"2024-01-25","infobs":"silvopastoril/desarbustado"}},
{"type":"Feature","geometry":{"type":"Polygon","coordinates":[[[-63.60689,-29.66987],[-63.60633,-29.66938],[-63.60598,-29.66838],[-63.60606,-29.66814],[-63.60651,-29.66846],[-63.6066,-29.6689],[-63.60689,-29.66987]]]},"properties":{"periodo":2023,"dts":"2022-12-29","dte":"2024-01-25","infobs":"silvopastoril/desarbustado"}},
{"type":"Feature","geometry":{"type":"Polygon","coordinates":[[[-64.39594,-31.97414],[-64.3963,-31.97384],[-64.39672,-31.97369],[-64.39717,-31.97398],[-64.39702,-31.97422],[-64.39663,-31.97432],[-64.39659,-31.97504],[-64.39488,-31.97503],[-64.39472,-31.97454],[-64.39574,-31.97436],[-64.39594,-31.97414]]]},"properties":{"periodo":2023,"dts":"2022-12-29","dte":"2024-01-25","infobs":"silvopastoril/desarbustado"}},
{"type":"Feature","geometry":{"type":"Polygon","coordinates":[[[-64.39418,-31.97382],[-64.39456,-31.97368],[-64.39526,-31.97399],[-64.39551,-31.97421],[-64.39394,-31.97447],[-64.39301,-31.9745],[-64.39304,-31.97418],[-64.39369,-31.97417],[-64.39418,-31.97382]]]},"properties":{"periodo":2023,"dts":"2022-12-29","dte":"2024-01-25","infobs":"silvopastoril/desarbustado"}},
{"type":"Feature","geometry":{"type":"Polygon","coordinates":[[[-64.31592,-31.07937],[-64.31556,-31.07902],[-64.31579,-31.07871],[-64.31615,-31.07928],[-64.3165,-31.0794],[-64.31687,-31.07929],[-64.31702,-31.07959],[-64.3167,-31.07999],[-64.31674,-31.08021],[-64.31709,-31.08042],[-64.31766,-31.08096],[-64.31772,-31.0816],[-64.3182,-31.08158],[-64.31827,-31.08125],[-64.31845,-31.08112],[-64.31886,-31.08124],[-64.31842,-31.08148],[-64.31816,-31.08183],[-64.31782,-31.08197],[-64.31708,-31.08148],[-64.3167,-31.08117],[-64.31615,-31.08092],[-64.31556,-31.08092],[-64.3154,-31.08058],[-64.3155,-31.08025],[-64.31621,-31.08071],[-64.31639,-31.0806],[-64.31637,-31.08018],[-64.31583,-31.07992],[-64.31604,-31.07969],[-64.31592,-31.07937]]]},"properties":{"periodo":2023,"dts":"2022-12-29","dte":"2024-01-25","infobs":"silvopastoril/desarbustado"}},
{"type":"Feature","geometry":{"type":"Polygon","coordinates":[[[-63.2723,-31.06908],[-63.27228,-31.06883],[-63.27373,-31.06799],[-63.27407,-31.068],[-63.27452,-31.06895],[-63.27377,-31.06938],[-63.27232,-31.06938],[-63.2723,-31.06908]]]},"properties":{"periodo":2023,"dts":"2022-12-29","dte":"2024-01-25","infobs":"agricultura"}},
{"type":"Feature","geometry":{"type":"Polygon","coordinates":[[[-63.15961,-30.96921],[-63.15862,-30.96764],[-63.15807,-30.9666],[-63.15855,-30.96569],[-63.15894,-30.96562],[-63.15921,-30.96511],[-63.16028,-30.96468],[-63.16018,-30.96353],[-63.16045,-30.96344],[-63.16167,-30.96424],[-63.1617,-30.96552],[-63.16065,-30.9667],[-63.16071,-30.96741],[-63.15961,-30.96921]]]},"properties":{"periodo":2023,"dts":"2022-12-29","dte":"2024-01-25","infobs":"agricultura"}},
{"type":"Feature","geometry":{"type":"Polygon","coordinates":[[[-63.16203,-30.96204],[-63.16215,-30.96172],[-63.1625,-30.96131],[-63.16264,-30.9609],[-63.1635,-30.96055],[-63.16369,-30.96028],[-63.16409,-30.96036],[-63.16431,-30.96076],[-63.16476,-30.96094],[-63.16472,-30.96113],[-63.16311,-30.96298],[-63.16203,-30.96204]]]},"properties":{"periodo":2023,"dts":"2022-12-29","dte":"2024-01-25","infobs":"agricultura"}},
{"type":"Feature","geometry":{"type":"Polygon","coordinates":[[[-63.17981,-30.72196],[-63.17916,-30.71932],[-63.18832,-30.71774],[-63.1896,-30.72377],[-63.18909,-30.72432],[-63.18925,-30.72558],[-63.18953,-30.72623],[-63.1901,-30.72687],[-63.19014,-30.72727],[-63.18859,-30.72755],[-63.18727,-30.72698],[-63.18617,-30.72679],[-63.18474,-30.72626],[-63.18395,-30.7238],[-63.18385,-30.72272],[-63.1816,-30.72342],[-63.18128,-30.7209],[-63.17981,-30.72196]]]},"properties":{"periodo":2023,"dts":"2022-12-29","dte":"2024-01-25","infobs":"agricultura"}},
{"type":"Feature","geometry":{"type":"Polygon","coordinates":[[[-64.15798,-30.45034],[-64.15692,-30.45008],[-64.15684,-30.44999],[-64.15875,-30.45017],[-64.15828,-30.45037],[-64.15798,-30.45034]]]},"properties":{"periodo":2023,"dts":"2022-12-29","dte":"2024-01-25","infobs":"agricultura"}},
{"type":"Feature","geometry":{"type":"Polygon","coordinates":[[[-64.15976,-30.44992],[-64.16071,-30.44969],[-64.16015,-30.45005],[-64.15976,-30.44992]]]},"properties":{"periodo":2023,"dts":"2022-12-29","dte":"2024-01-25","infobs":"agricultura"}},
{"type":"Feature","geometry":{"type":"Polygon","coordinates":[[[-63.42944,-30.24158],[-63.42958,-30.24179],[-63.42933,-30.24236],[-63.42804,-30.2424],[-63.42944,-30.24158]]]},"properties":{"periodo":2023,"dts":"2022-12-29","dte":"2024-01-25","infobs":"agricultura"}},
{"type":"Feature","geometry":{"type":"Polygon","coordinates":[[[-63.42339,-30.2369],[-63.42338,-30.23682],[-63.42795,-30.23679],[-63.42874,-30.23707],[-63.42764,-30.2404],[-63.42718,-30.23998],[-63.42693,-30.23877],[-63.42602,-30.23839],[-63.42564,-30.23779],[-63.42503,-30.23727],[-63.4247,-30.23789],[-63.4241,-30.23813],[-63.42354,-30.2377],[-63.42339,-30.2369]]]},"properties":{"periodo":2023,"dts":"2022-12-29","dte":"2024-01-25","infobs":"agricultura"}},
{"type":"Feature","geometry":{"type":"Polygon","coordinates":[[[-63.46479,-30.14512],[-63.46255,-30.14514],[-63.46248,-30.143],[-63.46272,-30.14219],[-63.46299,-30.1419],[-63.46452,-30.1419],[-63.46488,-30.1421],[-63.46551,-30.14208],[-63.46638,-30.14189],[-63.46668,-30.14168],[-63.46744,-30.14165],[-63.46671,-30.14292],[-63.46504,-30.14439],[-63.46479,-30.14512]]]},"properties":{"periodo":2023,"dts":"2022-12-29","dte":"2024-01-25","infobs":"agricultura"}},
{"type":"Feature","geometry":{"type":"Polygon","coordinates":[[[-63.41651,-30.14179],[-63.41699,-30.14158],[-63.41732,-30.14158],[-63.41732,-30.1424],[-63.41762,-30.14267],[-63.41732,-30.14286],[-63.41732,-30.14327],[-63.41764,-30.1435],[-63.41746,-30.14387],[-63.41693,-30.14405],[-63.41675,-30.1443],[-63.41608,-30.14426],[-63.41571,-30.1431],[-63.41605,-30.14254],[-63.41651,-30.14179]]]},"properties":{"periodo":2023,"dts":"2022-12-29","dte":"2024-01-25","infobs":"agricultura"}},
{"type":"Feature","geometry":{"type":"Polygon","coordinates":[[[-63.49011,-30.13542],[-63.49024,-30.13541],[-63.49376,-30.13553],[-63.49366,-30.13934],[-63.48724,-30.13938],[-63.48724,-30.13927],[-63.48432,-30.13935],[-63.48432,-30.13851],[-63.48422,-30.13695],[-63.48484,-30.13572],[-63.48499,-30.13577],[-63.48965,-30.13578],[-63.49011,-30.13542]]]},"properties":{"periodo":2023,"dts":"2022-12-29","dte":"2024-01-25","infobs":"agricultura"}},
{"type":"Feature","geometry":{"type":"Polygon","coordinates":[[[-63.65014,-30.12689],[-63.65054,-30.1271],[-63.65051,-30.12758],[-63.65058,-30.1354],[-63.64984,-30.13539],[-63.64905,-30.13511],[-63.64893,-30.1354],[-63.64532,-30.13539],[-63.64499,-30.13516],[-63.64487,-30.12749],[-63.64562,-30.1274],[-63.64621,-30.12711],[-63.64774,-30.12707],[-63.64998,-30.12709],[-63.65014,-30.12689]]]},"properties":{"periodo":2023,"dts":"2022-12-29","dte":"2024-01-25","infobs":"agricultura"}},
{"type":"Feature","geometry":{"type":"Polygon","coordinates":[[[-63.49625,-30.12415],[-63.4969,-30.12417],[-63.4969,-30.12539],[-63.49663,-30.12561],[-63.49654,-30.1264],[-63.4963,-30.12662],[-63.49625,-30.12415]]]},"properties":{"periodo":2023,"dts":"2022-12-29","dte":"2024-01-25","infobs":"agricultura"}},
{"type":"Feature","geometry":{"type":"Polygon","coordinates":[[[-63.49742,-30.12518],[-63.49757,-30.12414],[-63.49775,-30.12401],[-63.50293,-30.12306],[-63.50421,-30.12271],[-63.50405,-30.12602],[-63.50021,-30.12647],[-63.49979,-30.12644],[-63.49926,-30.12594],[-63.49736,-30.12613],[-63.49742,-30.12518]]]},"properties":{"periodo":2023,"dts":"2022-12-29","dte":"2024-01-25","infobs":"agricultura"}},
{"type":"Feature","geometry":{"type":"Polygon","coordinates":[[[-63.51141,-30.11536],[-63.51215,-30.11514],[-63.51285,-30.11644],[-63.51301,-30.11704],[-63.51258,-30.11735],[-63.51263,-30.11752],[-63.5119,-30.11764],[-63.51245,-30.1193],[-63.51162,-30.11939],[-63.51141,-30.11536]]]},"properties":{"periodo":2023,"dts":"2022-12-29","dte":"2024-01-25","infobs":"agricultura"}},
{"type":"Feature","geometry":{"type":"Polygon","coordinates":[[[-63.36615,-30.11838],[-63.36643,-30.12021],[-63.36616,-30.12018],[-63.36594,-30.1198],[-63.36588,-30.11932],[-63.3659,-30.11609],[-63.3659,-30.11401],[-63.3663,-30.11331],[-63.3668,-30.1132],[-63.36655,-30.11353],[-63.36622,-30.1151],[-63.36635,-30.11543],[-63.36736,-30.11586],[-63.36757,-30.11648],[-63.36677,-30.11652],[-63.36648,-30.11696],[-63.36615,-30.11838]]]},"properties":{"periodo":2023,"dts":"2022-12-29","dte":"2024-01-25","infobs":"agricultura"}},
{"type":"Feature","geometry":{"type":"Polygon","coordinates":[[[-63.47557,-30.09268],[-63.47549,-30.08848],[-63.47869,-30.08848],[-63.47891,-30.08883],[-63.48525,-30.08896],[-63.48523,-30.09284],[-63.47694,-30.09285],[-63.47557,-30.09268]]]},"properties":{"periodo":2023,"dts":"2022-12-29","dte":"2024-01-25","infobs":"agricultura"}},
{"type":"Feature","geometry":{"type":"Polygon","coordinates":[[[-63.56564,-30.06315],[-63.5659,-30.05461],[-63.5668,-30.05451],[-63.56735,-30.05554],[-63.56872,-30.05647],[-63.57029,-30.05782],[-63.5717,-30.05879],[-63.57349,-30.05887],[-63.57416,-30.05842],[-63.57175,-30.05631],[-63.57039,-30.05527],[-63.56928,-30.05454],[-63.56894,-30.05412],[-63.57339,-30.0532],[-63.57396,-30.05433],[-63.57493,-30.05483],[-63.57503,-30.05577],[-63.57904,-30.05784],[-63.57906,-30.06065],[-63.56564,-30.06315]]]},"properties":{"periodo":2023,"dts":"2022-12-29","dte":"2024-01-25","infobs":"agricultura"}},
{"type":"Feature","geometry":{"type":"Polygon","coordinates":[[[-63.5776,-30.0533],[-63.57763,-30.05305],[-63.57899,-30.05248],[-63.57852,-30.053],[-63.5776,-30.0533]]]},"properties":{"periodo":2023,"dts":"2022-12-29","dte":"2024-01-25","infobs":"agricultura"}},
{"type":"Feature","geometry":{"type":"Polygon","coordinates":[[[-63.77445,-30.0305],[-63.77457,-30.0306],[-63.77444,-30.03077],[-63.77445,-30.0305]]]},"properties":{"periodo":2023,"dts":"2022-12-29","dte":"2024-01-25","infobs":"agricultura"}},
{"type":"Feature","geometry":{"type":"Polygon","coordinates":[[[-63.77466,-30.02434],[-63.77486,-30.02432],[-63.77502,-30.02477],[-63.77466,-30.02434]]]},"properties":{"periodo":2023,"dts":"2022-12-29","dte":"2024-01-25","infobs":"agricultura"}},
{"type":"Feature","geometry":{"type":"Polygon","coordinates":[[[-63.76707,-30.02213],[-63.76709,-30.02169],[-63.76732,-30.02168],[-63.76733,-30.02233],[-63.76707,-30.02213]]]},"properties":{"periodo":2023,"dts":"2022-12-29","dte":"2024-01-25","infobs":"agricultura"}},
{"type":"Feature","geometry":{"type":"Polygon","coordinates":[[[-63.62536,-29.7963],[-63.62577,-29.7963],[-63.62616,-29.79611],[-63.62635,-29.79584],[-63.62686,-29.79588],[-63.62658,-29.79615],[-63.62551,-29.79635],[-63.62536,-29.7963]]]},"properties":{"periodo":2023,"dts":"2022-12-29","dte":"2024-01-25","infobs":"agricultura"}},
{"type":"Feature","geometry":{"type":"Polygon","coordinates":[[[-63.62505,-29.7962],[-63.62456,-29.79516],[-63.62395,-29.79411],[-63.62367,-29.79158],[-63.62406,-29.79219],[-63.62415,-29.793],[-63.6243,-29.79355],[-63.62437,-29.79447],[-63.62472,-29.79511],[-63.62481,-29.79554],[-63.62517,-29.79624],[-63.62505,-29.7962]]]},"properties":{"periodo":2023,"dts":"2022-12-29","dte":"2024-01-25","infobs":"agricultura"}},
{"type":"Feature","geometry":{"type":"Polygon","coordinates":[[[-63.60039,-29.66292],[-63.60064,-29.66274],[-63.60098,-29.66272],[-63.60131,-29.66299],[-63.60039,-29.66292]]]},"properties":{"periodo":2023,"dts":"2022-12-29","dte":"2024-01-25","infobs":"agricultura"}},
{"type":"Feature","geometry":{"type":"Polygon","coordinates":[[[-63.58365,-29.71423],[-63.58862,-29.71414],[-63.58865,-29.71629],[-63.58886,-29.7163],[-63.58884,-29.71708],[-63.58849,-29.71754],[-63.588,-29.71805],[-63.58774,-29.71845],[-63.58763,-29.71959],[-63.58744,-29.7199],[-63.58737,-29.72073],[-63.5872,-29.72089],[-63.5871,-29.72205],[-63.58685,-29.72193],[-63.58678,-29.7205],[-63.58699,-29.71964],[-63.58713,-29.71863],[-63.58741,-29.71786],[-63.58784,-29.71744],[-63.58841,-29.71706],[-63.5883,-29.71467],[-63.58364,-29.71471],[-63.58365,-29.71423]]]},"properties":{"periodo":2023,"dts":"2022-12-29","dte":"2024-01-25","infobs":"camino"}},
{"type":"Feature","geometry":{"type":"Polygon","coordinates":[[[-64.16624,-30.33369],[-64.16749,-30.33346],[-64.16788,-30.33368],[-64.16624,-30.33369]]]},"properties":{"periodo":2023,"dts":"2022-12-29","dte":"2024-01-25","infobs":"incendio"}},
{"type":"Feature","geometry":{"type":"Polygon","coordinates":[[[-64.16469,-30.33378],[-64.16502,-30.33329],[-64.16555,-30.3337],[-64.16469,-30.33378]]]},"properties":{"periodo":2023,"dts":"2022-12-29","dte":"2024-01-25","infobs":"incendio"}},
{"type":"Feature","geometry":{"type":"Polygon","coordinates":[[[-64.17159,-30.33448],[-64.17243,-30.33411],[-64.17417,-30.33409],[-64.17584,-30.33395],[-64.17552,-30.33175],[-64.17351,-30.3329],[-64.17255,-30.33222],[-64.1737,-30.33139],[-64.17225,-30.33109],[-64.17103,-30.33267],[-64.16879,-30.33282],[-64.16827,-30.33213],[-64.16804,-30.33094],[-64.16752,-30.33019],[-64.167,-30.32918],[-64.16772,-30.32842],[-64.16851,-30.32797],[-64.1701,-30.32746],[-64.16922,-30.32633],[-64.16784,-30.32666],[-64.16704,-30.3261],[-64.16591,-30.32558],[-64.16537,-30.32395],[-64.16647,-30.32394],[-64.16806,-30.32406],[-64.16902,-30.32488],[-64.16951,-30.32569],[-64.16999,-30.32665],[-64.17079,-30.32747],[-64.17128,-30.32829],[-64.17239,-30.32869],[-64.17324,-30.32884],[-64.17307,-30.32914],[-64.17404,-30.33003],[-64.17494,-30.33013],[-64.17551,-30.32945],[-64.17604,-30.32976],[-64.177,-30.33043],[-64.17796,-30.33097],[-64.1786,-30.33193],[-64.17861,-30.33213],[-64.17851,-30.33273],[-64.17804,-30.33428],[-64.17753,-30.33483],[-64.17642,-30.3347],[-64.17278,-30.33473],[-64.17159,-30.33448]]]},"properties":{"periodo":2023,"dts":"2022-12-29","dte":"2024-01-25","infobs":"incendio"}},
{"type":"Feature","geometry":{"type":"Polygon","coordinates":[[[-64.14541,-30.37865],[-64.14597,-30.37864],[-64.14632,-30.37886],[-64.14674,-30.3787],[-64.14727,-30.37876],[-64.14775,-30.37934],[-64.14899,-30.38016],[-64.14895,-30.38146],[-64.14863,-30.38144],[-64.14802,-30.38086],[-64.14736,-30.37985],[-64.14675,-30.37953],[-64.14643,-30.37966],[-64.14643,-30.37985],[-64.14681,-30.38055],[-64.14712,-30.38087],[-64.14793,-30.38149],[-64.14798,-30.38208],[-64.14764,-30.38258],[-64.14734,-30.3828],[-64.14686,-30.38256],[-64.14656,-30.38205],[-64.14638,-30.38211],[-64.14639,-30.38246],[-64.14661,-30.38274],[-64.14679,-30.38315],[-64.14652,-30.38361],[-64.146,-30.384],[-64.1457,-30.38407],[-64.14522,-30.38368],[-64.14489,-30.38299],[-64.14464,-30.38135],[-64.14533,-30.37997],[-64.1452,-30.37943],[-64.14541,-30.37865]]]},"properties":{"periodo":2023,"dts":"2022-12-29","dte":"2024-01-25","infobs":"incendio"}},
{"type":"Feature","geometry":{"type":"Polygon","coordinates":[[[-64.05018,-30.37667],[-64.05009,-30.37642],[-64.05048,-30.37627],[-64.05093,-30.37633],[-64.05133,-30.37669],[-64.05215,-30.37645],[-64.05263,-30.37671],[-64.05325,-30.37692],[-64.05434,-30.37705],[-64.05467,-30.37742],[-64.05465,-30.3777],[-64.05433,-30.37781],[-64.05406,-30.37763],[-64.05365,-30.37809],[-64.05339,-30.37818],[-64.05335,-30.37862],[-64.05304,-30.37892],[-64.05238,-30.37854],[-64.05247,-30.37807],[-64.05299,-30.37756],[-64.05299,-30.37728],[-64.05248,-30.37734],[-64.05239,-30.37774],[-64.05191,-30.3777],[-64.05199,-30.37737],[-64.05178,-30.37725],[-64.05156,-30.37749],[-64.05139,-30.37836],[-64.05114,-30.37843],[-64.0505,-30.37777],[-64.05059,-30.37747],[-64.05084,-30.37729],[-64.05084,-30.37704],[-64.05018,-30.37667]]]},"properties":{"periodo":2023,"dts":"2022-12-29","dte":"2024-01-25","infobs":"incendio"}},
{"type":"Feature","geometry":{"type":"Polygon","coordinates":[[[-64.14671,-30.37648],[-64.14705,-30.37638],[-64.14725,-30.37619],[-64.14756,-30.37655],[-64.14862,-30.37661],[-64.14906,-30.3767],[-64.14954,-30.37697],[-64.15049,-30.37711],[-64.1506,-30.37763],[-64.15041,-30.37792],[-64.149,-30.37686],[-64.14866,-30.37701],[-64.14898,-30.37781],[-64.14971,-30.37802],[-64.15014,-30.37833],[-64.1506,-30.37899],[-64.15032,-30.38007],[-64.14989,-30.38022],[-64.14969,-30.37964],[-64.14903,-30.37899],[-64.14857,-30.37828],[-64.14798,-30.37769],[-64.14752,-30.37701],[-64.14671,-30.37648]]]},"properties":{"periodo":2023,"dts":"2022-12-29","dte":"2024-01-25","infobs":"incendio"}},
{"type":"Feature","geometry":{"type":"Polygon","coordinates":[[[-64.16448,-30.35813],[-64.16479,-30.35797],[-64.16532,-30.35799],[-64.1657,-30.35766],[-64.16601,-30.3577],[-64.16622,-30.35788],[-64.1668,-30.35786],[-64.1665,-30.35732],[-64.166,-30.35724],[-64.16562,-30.35679],[-64.16785,-30.35575],[-64.1676,-30.35661],[-64.16745,-30.3575],[-64.1679,-30.35953],[-64.16739,-30.35939],[-64.16652,-30.35896],[-64.16629,-30.35951],[-64.16669,-30.35998],[-64.16747,-30.36044],[-64.16796,-30.36173],[-64.16775,-30.36225],[-64.16734,-30.36234],[-64.16708,-30.36271],[-64.16635,-30.36333],[-64.16608,-30.36315],[-64.16663,-30.36204],[-64.16659,-30.36143],[-64.16579,-30.36177],[-64.16542,-30.36295],[-64.16495,-30.36324],[-64.16517,-30.36401],[-64.16473,-30.3644],[-64.16424,-30.3652],[-64.16334,-30.36497],[-64.1626,-30.36462],[-64.1621,-30.36524],[-64.16132,-30.36648],[-64.16056,-30.36759],[-64.15987,-30.36917],[-64.15863,-30.36969],[-64.15808,-30.37036],[-64.15761,-30.37079],[-64.15741,-30.37085],[-64.15677,-30.37165],[-64.1565,-30.37219],[-64.15657,-30.37134],[-64.1552,-30.37134],[-64.15544,-30.37173],[-64.15591,-30.37178],[-64.15591,-30.37309],[-64.15534,-30.37309],[-64.15541,-30.37348],[-64.15614,-30.37357],[-64.15615,-30.37459],[-64.15615,-30.37494],[-64.15575,-30.37488],[-64.1551,-30.37446],[-64.15518,-30.37539],[-64.15515,-30.37586],[-64.1543,-30.37605],[-64.15431,-30.37632],[-64.15459,-30.37659],[-64.15502,-30.37682],[-64.1547,-30.37717],[-64.15407,-30.37755],[-64.15364,-30.37817],[-64.15309,-30.37878],[-64.1532,-30.37907],[-64.15311,-30.37991],[-64.15283,-30.38041],[-64.15292,-30.3809],[-64.15189,-30.38142],[-64.15232,-30.38098],[-64.15213,-30.38009],[-64.15162,-30.38],[-64.15151,-30.3797],[-64.15123,-30.37942],[-64.1512,-30.37875],[-64.15197,-30.37842],[-64.15217,-30.37813],[-64.15292,-30.37776],[-64.15289,-30.3775],[-64.15246,-30.3773],[-64.15193,-30.37729],[-64.15165,-30.37677],[-64.15253,-30.37639],[-64.15203,-30.37557],[-64.15219,-30.37504],[-64.15197,-30.37425],[-64.15225,-30.37353],[-64.15237,-30.37296],[-64.15294,-30.37242],[-64.15252,-30.37167],[-64.15247,-30.37099],[-64.1528,-30.37059],[-64.15307,-30.36966],[-64.15323,-30.3689],[-64.15356,-30.36774],[-64.15368,-30.36765],[-64.15437,-30.36768],[-64.15459,-30.36752],[-64.15626,-30.36767],[-64.15985,-30.36647],[-64.16397,-30.36126],[-64.1642,-30.35989],[-64.1646,-30.35967],[-64.16487,-30.35999],[-64.16534,-30.35998],[-64.16541,-30.35983],[-64.16456,-30.35911],[-64.16432,-30.35915],[-64.16443,-30.35847],[-64.16448,-30.35813]]]},"properties":{"periodo":2023,"dts":"2022-12-29","dte":"2024-01-25","infobs":"incendio"}},
{"type":"Feature","geometry":{"type":"Polygon","coordinates":[[[-64.34447,-30.1151],[-64.34375,-30.1147],[-64.34326,-30.11469],[-64.34266,-30.11451],[-64.34247,-30.11437],[-64.34246,-30.11401],[-64.34288,-30.11388],[-64.34313,-30.11368],[-64.34328,-30.1133],[-64.34356,-30.1132],[-64.34365,-30.11289],[-64.34327,-30.11262],[-64.34312,-30.11231],[-64.34278,-30.11209],[-64.3426,-30.11181],[-64.34259,-30.11043],[-64.34228,-30.11025],[-64.34222,-30.1096],[-64.34279,-30.10876],[-64.34318,-30.10833],[-64.34342,-30.10819],[-64.34345,-30.10794],[-64.34294,-30.10742],[-64.34308,-30.1071],[-64.34357,-30.10716],[-64.34376,-30.10733],[-64.34404,-30.10868],[-64.34413,-30.10986],[-64.34421,-30.11152],[-64.34435,-30.11228],[-64.34442,-30.11303],[-64.34462,-30.11402],[-64.34477,-30.11436],[-64.34517,-30.11472],[-64.34512,-30.11517],[-64.34462,-30.11555],[-64.34447,-30.1151]]]},"properties":{"periodo":2023,"dts":"2022-12-29","dte":"2024-01-25","infobs":"silvopastoril/desarbustado"}},
{"type":"Feature","geometry":{"type":"Polygon","coordinates":[[[-63.62037,-29.77342],[-63.62082,-29.77329],[-63.6215,-29.7734],[-63.62115,-29.77363],[-63.62085,-29.77415],[-63.62029,-29.77433],[-63.61907,-29.77436],[-63.61788,-29.77416],[-63.61775,-29.7738],[-63.61796,-29.77366],[-63.61866,-29.7739],[-63.61888,-29.7738],[-63.61901,-29.77348],[-63.61966,-29.77332],[-63.62002,-29.77355],[-63.62037,-29.77342]]]},"properties":{"periodo":2023,"dts":"2022-12-29","dte":"2024-01-25","infobs":"silvopastoril/desarbustado"}},
{"type":"Feature","geometry":{"type":"Polygon","coordinates":[[[-63.62764,-29.77134],[-63.62768,-29.77382],[-63.62732,-29.77412],[-63.62637,-29.77437],[-63.62622,-29.7746],[-63.62563,-29.77493],[-63.6247,-29.77509],[-63.62157,-29.77416],[-63.62164,-29.77383],[-63.62231,-29.77348],[-63.62242,-29.77374],[-63.6234,-29.77356],[-63.62356,-29.77312],[-63.62385,-29.77283],[-63.62417,-29.77269],[-63.62444,-29.77275],[-63.6252,-29.77264],[-63.62617,-29.7721],[-63.62655,-29.77204],[-63.62705,-29.77166],[-63.62764,-29.77134]]]},"properties":{"periodo":2023,"dts":"2022-12-29","dte":"2024-01-25","infobs":"silvopastoril/desarbustado"}},
{"type":"Feature","geometry":{"type":"Polygon","coordinates":[[[-63.63974,-29.75438],[-63.63969,-29.7539],[-63.6399,-29.75336],[-63.63911,-29.75274],[-63.63903,-29.75218],[-63.63907,-29.75143],[-63.63995,-29.75135],[-63.63995,-29.7511],[-63.63969,-29.75045],[-63.63968,-29.74983],[-63.6399,-29.74967],[-63.64014,-29.75049],[-63.64033,-29.75095],[-63.64069,-29.75122],[-63.64091,-29.75186],[-63.64041,-29.75224],[-63.64044,-29.75288],[-63.64073,-29.75369],[-63.64076,-29.75454],[-63.64014,-29.75454],[-63.63974,-29.75438]]]},"properties":{"periodo":2023,"dts":"2022-12-29","dte":"2024-01-25","infobs":"silvopastoril/desarbustado"}},
{"type":"Feature","geometry":{"type":"Polygon","coordinates":[[[-63.62117,-29.71611],[-63.62137,-29.71571],[-63.62149,-29.71404],[-63.62169,-29.71446],[-63.6213,-29.71633],[-63.62117,-29.71611]]]},"properties":{"periodo":2023,"dts":"2022-12-29","dte":"2024-01-25","infobs":"silvopastoril/desarbustado"}},
{"type":"Feature","geometry":{"type":"Polygon","coordinates":[[[-63.56649,-29.69081],[-63.56667,-29.69067],[-63.56712,-29.69064],[-63.56722,-29.69103],[-63.56678,-29.69141],[-63.56645,-29.69152],[-63.56622,-29.69141],[-63.56609,-29.69093],[-63.56649,-29.69081]]]},"properties":{"periodo":2023,"dts":"2022-12-29","dte":"2024-01-25","infobs":"silvopastoril/desarbustado"}},
{"type":"Feature","geometry":{"type":"Polygon","coordinates":[[[-63.60689,-29.66987],[-63.60724,-29.67044],[-63.60763,-29.67065],[-63.60743,-29.67099],[-63.60666,-29.67068],[-63.60656,-29.6704],[-63.60621,-29.66992],[-63.60571,-29.6696],[-63.60507,-29.66932],[-63.6051,-29.66893],[-63.6059,-29.66859],[-63.60598,-29.66838],[-63.60633,-29.66938],[-63.60689,-29.66987]]]},"properties":{"periodo":2023,"dts":"2022-12-29","dte":"2024-01-25","infobs":"silvopastoril/desarbustado"}},
{"type":"Feature","geometry":{"type":"Polygon","coordinates":[[[-63.47387,-29.9272],[-63.47372,-29.92641],[-63.47517,-29.92607],[-63.47651,-29.92531],[-63.47671,-29.92569],[-63.47696,-29.92568],[-63.47664,-29.92692],[-63.47704,-29.92886],[-63.47757,-29.93008],[-63.47449,-29.93063],[-63.47442,-29.9298],[-63.47451,-29.9282],[-63.47387,-29.9272]]]},"properties":{"periodo":2024,"dts":"2024-01-25","dte":"2024-12-26","infobs":"silvopastoril/desarbustado"}},
{"type":"Feature","geometry":{"type":"Polygon","coordinates":[[[-63.43343,-29.81959],[-63.43325,-29.82694],[-63.43378,-29.82691],[-63.43385,-29.8283],[-63.43801,-29.82834],[-63.43834,-29.82869],[-63.43291,-29.82861],[-63.43303,-29.81957],[-63.4332,-29.81958],[-63.43343,-29.81959]]]},"properties":{"periodo":2024,"dts":"2024-01-25","dte":"2024-12-26","infobs":"camino"}},
{"type":"Feature","geometry":{"type":"Polygon","coordinates":[[[-63.51075,-29.91376],[-63.51154,-29.91373],[-63.51272,-29.91355],[-63.5138,-29.91313],[-63.51559,-29.91295],[-63.51654,-29.91309],[-63.51687,-29.91403],[-63.51704,-29.91511],[-63.5166,-29.91508],[-63.51653,-29.91445],[-63.51628,-29.91339],[-63.51584,-29.91338],[-63.51496,-29.91356],[-63.51437,-29.91359],[-63.51372,-29.91374],[-63.51237,-29.91398],[-63.51078,-29.91437],[-63.51075,-29.91376]]]},"properties":{"periodo":2024,"dts":"2024-01-25","dte":"2024-12-26","infobs":"camino"}},
{"type":"Feature","geometry":{"type":"Polygon","coordinates":[[[-63.51849,-29.92212],[-63.51822,-29.92129],[-63.51822,-29.92037],[-63.51791,-29.91979],[-63.51722,-29.91738],[-63.51761,-29.91718],[-63.5178,-29.91774],[-63.51844,-29.92021],[-63.5188,-29.92123],[-63.5189,-29.92242],[-63.51862,-29.92248],[-63.51849,-29.92212]]]},"properties":{"periodo":2024,"dts":"2024-01-25","dte":"2024-12-26","infobs":"camino"}},
{"type":"Feature","geometry":{"type":"Polygon","coordinates":[[[-63.46138,-30.92425],[-63.46137,-30.92359],[-63.4622,-30.9241],[-63.4622,-30.92532],[-63.46198,-30.9253],[-63.46174,-30.92559],[-63.46121,-30.92562],[-63.46094,-30.92536],[-63.46042,-30.92511],[-63.46015,-30.92556],[-63.46085,-30.92599],[-63.46065,-30.92624],[-63.4603,-30.92645],[-63.46032,-30.92699],[-63.46052,-30.92732],[-63.46095,-30.92736],[-63.46099,-30.92678],[-63.46133,-30.92683],[-63.46135,-30.92777],[-63.46023,-30.92814],[-63.45963,-30.92776],[-63.45973,-30.92718],[-63.45964,-30.9267],[-63.45991,-30.92666],[-63.45982,-30.92614],[-63.45921,-30.92624],[-63.45905,-30.92647],[-63.45905,-30.92531],[-63.45872,-30.92511],[-63.45847,-30.92512],[-63.45841,-30.92476],[-63.45825,-30.92468],[-63.45822,-30.9243],[-63.45781,-30.92429],[-63.45756,-30.92509],[-63.45668,-30.9242],[-63.45826,-30.92373],[-63.45824,-30.92404],[-63.45877,-30.92408],[-63.45888,-30.92375],[-63.45921,-30.92372],[-63.46101,-30.92462],[-63.46138,-30.92425]]]},"properties":{"periodo":2024,"dts":"2024-01-25","dte":"2024-12-26","infobs":"agropecuario"}},
{"type":"Feature","geometry":{"type":"Polygon","coordinates":[[[-63.15096,-30.96633],[-63.15196,-30.96832],[-63.15206,-30.9686],[-63.1537,-30.9667],[-63.15485,-30.96743],[-63.1491,-30.97469],[-63.14781,-30.97351],[-63.14974,-30.97127],[-63.14869,-30.96916],[-63.15096,-30.96633]]]},"properties":{"periodo":2024,"dts":"2024-01-25","dte":"2024-12-26","infobs":"agricultura"}},
{"type":"Feature","geometry":{"type":"Polygon","coordinates":[[[-63.14815,-30.97158],[-63.14861,-30.97102],[-63.14929,-30.97135],[-63.14885,-30.97202],[-63.14815,-30.97158]]]},"properties":{"periodo":2024,"dts":"2024-01-25","dte":"2024-12-26","infobs":"agricultura"}},
{"type":"Feature","geometry":{"type":"Polygon","coordinates":[[[-63.49955,-29.88574],[-63.49964,-29.88553],[-63.49847,-29.88138],[-63.49879,-29.88038],[-63.49878,-29.8788],[-63.49944,-29.87809],[-63.50095,-29.87773],[-63.50096,-29.87892],[-63.49969,-29.87907],[-63.49978,-29.87943],[-63.5012,-29.88444],[-63.50699,-29.88338],[-63.50684,-29.88407],[-63.50418,-29.88454],[-63.50634,-29.88783],[-63.51139,-29.88773],[-63.51293,-29.89365],[-63.50219,-29.89557],[-63.49993,-29.88599],[-63.49955,-29.88574]]]},"properties":{"periodo":2024,"dts":"2024-01-25","dte":"2024-12-26","infobs":"agricultura"}},
{"type":"Feature","geometry":{"type":"Polygon","coordinates":[[[-62.90151,-30.85794],[-62.90855,-30.8602],[-62.90793,-30.86237],[-62.90746,-30.8626],[-62.90032,-30.86024],[-62.90151,-30.85794]],[[-62.90271,-30.859],[-62.90195,-30.8587],[-62.9016,-30.85935],[-62.90242,-30.85957],[-62.90271,-30.859]]]},"properties":{"periodo":2024,"dts":"2023-12-25","dte":"2024-12-27","infobs":"agricultura"}},
{"type":"Feature","geometry":{"type":"Polygon","coordinates":[[[-63.47209,-30.92833],[-63.47134,-30.92811],[-63.47232,-30.92804],[-63.47349,-30.9278],[-63.47493,-30.92871],[-63.47363,-30.92905],[-63.47209,-30.92833]]]},"properties":{"periodo":2024,"dts":"2024-01-25","dte":"2024-12-26","infobs":"agricultura"}},
{"type":"Feature","geometry":{"type":"Polygon","coordinates":[[[-65.61361,-31.26637],[-65.61322,-31.2668],[-65.6131,-31.26733],[-65.61288,-31.26733],[-65.61274,-31.26665],[-65.61248,-31.26652],[-65.6125,-31.26592],[-65.61271,-31.26559],[-65.61322,-31.2656],[-65.61375,-31.26571],[-65.61361,-31.26637]]]},"properties":{"periodo":2024,"dts":"2023-12-07","dte":"2025-01-02","infobs":"agricultura"}},
{"type":"Feature","geometry":{"type":"Polygon","coordinates":[[[-65.49566,-31.88584],[-65.49538,-31.8857],[-65.49537,-31.88454],[-65.49655,-31.88459],[-65.49779,-31.88494],[-65.49877,-31.8856],[-65.49932,-31.88628],[-65.49566,-31.88584]]]},"properties":{"periodo":2024,"dts":"2023-12-07","dte":"2025-01-02","infobs":"agricultura"}},
{"type":"Feature","geometry":{"type":"Polygon","coordinates":[[[-65.38634,-31.91081],[-65.38636,-31.91145],[-65.38658,-31.91205],[-65.3866,-31.91248],[-65.38586,-31.91304],[-65.38474,-31.91366],[-65.38191,-31.91376],[-65.38127,-31.91376],[-65.3803,-31.91331],[-65.38039,-31.91189],[-65.38105,-31.9114],[-65.38329,-31.91085],[-65.3854,-31.91086],[-65.38634,-31.91081]]]},"properties":{"periodo":2024,"dts":"2023-12-07","dte":"2025-01-02","infobs":"agricultura"}},
{"type":"Feature","geometry":{"type":"Polygon","coordinates":[[[-65.1909,-32.22021],[-65.19113,-32.22003],[-65.19183,-32.22023],[-65.19212,-32.22044],[-65.19118,-32.22044],[-65.19063,-32.22063],[-65.19007,-32.22073],[-65.18981,-32.22094],[-65.18921,-32.22118],[-65.18833,-32.22142],[-65.18804,-32.22162],[-65.18745,-32.2218],[-65.18672,-32.22192],[-65.18678,-32.22155],[-65.18728,-32.22155],[-65.18745,-32.22141],[-65.18802,-32.22134],[-65.18835,-32.221],[-65.18891,-32.22099],[-65.18986,-32.22055],[-65.1909,-32.22021]]]},"properties":{"periodo":2024,"dts":"2023-12-07","dte":"2025-01-02","infobs":"agricultura"}},
{"type":"Feature","geometry":{"type":"Polygon","coordinates":[[[-65.19658,-32.22128],[-65.1968,-32.22147],[-65.19682,-32.22248],[-65.1997,-32.22245],[-65.2,-32.22249],[-65.20015,-32.22469],[-65.19715,-32.22479],[-65.19519,-32.22479],[-65.19547,-32.22345],[-65.1968,-32.22343],[-65.19763,-32.22358],[-65.19875,-32.22358],[-65.19915,-32.22322],[-65.19705,-32.22326],[-65.19702,-32.2227],[-65.19563,-32.22272],[-65.19568,-32.22249],[-65.19659,-32.22248],[-65.19658,-32.22128]]]},"properties":{"periodo":2024,"dts":"2023-12-07","dte":"2025-01-02","infobs":"agricultura"}},
{"type":"Feature","geometry":{"type":"Polygon","coordinates":[[[-65.18786,-32.2225],[-65.19082,-32.22246],[-65.18935,-32.22202],[-65.1895,-32.22191],[-65.19126,-32.22231],[-65.19158,-32.22253],[-65.19266,-32.22252],[-65.19254,-32.22276],[-65.19033,-32.22279],[-65.1903,-32.22354],[-65.19216,-32.22351],[-65.1915,-32.2248],[-65.19107,-32.2248],[-65.19103,-32.22408],[-65.18991,-32.22351],[-65.18994,-32.2228],[-65.18851,-32.22282],[-65.18786,-32.2225]]]},"properties":{"periodo":2024,"dts":"2023-12-07","dte":"2025-01-02","infobs":"agricultura"}},
{"type":"Feature","geometry":{"type":"Polygon","coordinates":[[[-65.18366,-32.23251],[-65.18372,-32.23199],[-65.18497,-32.23197],[-65.18597,-32.23215],[-65.18585,-32.23275],[-65.18624,-32.23289],[-65.18622,-32.23344],[-65.18553,-32.23357],[-65.18536,-32.23386],[-65.18467,-32.23388],[-65.18463,-32.23411],[-65.18429,-32.23415],[-65.18434,-32.23465],[-65.18405,-32.23465],[-65.184,-32.23359],[-65.18342,-32.23366],[-65.18334,-32.23279],[-65.18367,-32.23279],[-65.18366,-32.23251]]]},"properties":{"periodo":2024,"dts":"2023-12-07","dte":"2025-01-02","infobs":"agricultura"}},
{"type":"Feature","geometry":{"type":"Polygon","coordinates":[[[-65.19524,-32.30439],[-65.19813,-32.30432],[-65.19816,-32.30502],[-65.1953,-32.30508],[-65.19524,-32.30439]]]},"properties":{"periodo":2024,"dts":"2023-12-07","dte":"2025-01-02","infobs":"agricultura"}},
{"type":"Feature","geometry":{"type":"Polygon","coordinates":[[[-63.60257,-29.76991],[-63.60197,-29.7698],[-63.60222,-29.76921],[-63.60193,-29.76867],[-63.60138,-29.76816],[-63.60092,-29.76789],[-63.60123,-29.76714],[-63.60123,-29.76662],[-63.60178,-29.76615],[-63.60367,-29.76831],[-63.6039,-29.7688],[-63.60388,-29.76908],[-63.60435,-29.76929],[-63.60427,-29.77007],[-63.6045,-29.77055],[-63.60367,-29.77183],[-63.60267,-29.77295],[-63.60242,-29.77356],[-63.60223,-29.77338],[-63.60221,-29.77293],[-63.60164,-29.77245],[-63.60221,-29.77234],[-63.60227,-29.77179],[-63.60268,-29.77155],[-63.60219,-29.77122],[-63.60141,-29.772],[-63.60102,-29.77177],[-63.60072,-29.77145],[-63.60068,-29.77049],[-63.60163,-29.77012],[-63.6025,-29.77018],[-63.60257,-29.76991]]]},"properties":{"periodo":2024,"dts":"2024-01-25","dte":"2024-12-26","infobs":"posible silvopastoril/desarbustado"}},
{"type":"Feature","geometry":{"type":"Polygon","coordinates":[[[-63.62502,-29.82369],[-63.62556,-29.8234],[-63.62612,-29.8232],[-63.62638,-29.82286],[-63.62735,-29.82236],[-63.62734,-29.8228],[-63.62763,-29.82286],[-63.62779,-29.8232],[-63.62753,-29.82361],[-63.62761,-29.82517],[-63.62741,-29.82548],[-63.62612,-29.82598],[-63.62589,-29.826],[-63.6252,-29.82624],[-63.62506,-29.8258],[-63.62518,-29.82499],[-63.62551,-29.82473],[-63.62568,-29.82434],[-63.6256,-29.82381],[-63.62532,-29.82387],[-63.62504,-29.82432],[-63.62417,-29.82517],[-63.62361,-29.82497],[-63.6233,-29.8247],[-63.62356,-29.82449],[-63.6245,-29.82403],[-63.62502,-29.82369]]]},"properties":{"periodo":2024,"dts":"2024-01-25","dte":"2024-12-26","infobs":"posible silvopastoril/desarbustado"}},
{"type":"Feature","geometry":{"type":"Polygon","coordinates":[[[-64.73264,-30.19631],[-64.7333,-30.19631],[-64.73335,-30.19684],[-64.7333,-30.19751],[-64.73339,-30.19822],[-64.73299,-30.19818],[-64.73264,-30.19833],[-64.7326,-30.19877],[-64.7323,-30.19877],[-64.73218,-30.19855],[-64.73216,-30.19661],[-64.73244,-30.19663],[-64.73264,-30.19631]]]},"properties":{"periodo":2024,"dts":"2023-12-07","dte":"2025-01-02","infobs":"posible silvopastoril/desarbustado"}},
{"type":"Feature","geometry":{"type":"Polygon","coordinates":[[[-64.73088,-30.20025],[-64.73107,-30.19896],[-64.73199,-30.19898],[-64.73217,-30.19915],[-64.73217,-30.19996],[-64.73154,-30.20038],[-64.73094,-30.20069],[-64.73088,-30.20025]]]},"properties":{"periodo":2024,"dts":"2023-12-07","dte":"2025-01-02","infobs":"posible silvopastoril/desarbustado"}},
{"type":"Feature","geometry":{"type":"Polygon","coordinates":[[[-64.57653,-30.53007],[-64.57689,-30.5295],[-64.5775,-30.52949],[-64.57756,-30.52976],[-64.5781,-30.52982],[-64.5782,-30.53031],[-64.57838,-30.53052],[-64.57782,-30.5306],[-64.57778,-30.53037],[-64.57727,-30.53032],[-64.5767,-30.53061],[-64.57651,-30.53061],[-64.57653,-30.53007]]]},"properties":{"periodo":2024,"dts":"2023-12-07","dte":"2025-01-02","infobs":"posible silvopastoril/desarbustado"}},
{"type":"Feature","geometry":{"type":"Polygon","coordinates":[[[-64.57503,-30.53221],[-64.57508,-30.5319],[-64.57559,-30.53133],[-64.57655,-30.53089],[-64.57735,-30.53107],[-64.57768,-30.53147],[-64.57767,-30.53195],[-64.57668,-30.53256],[-64.57665,-30.53278],[-64.57627,-30.53278],[-64.57627,-30.53224],[-64.57577,-30.53228],[-64.57583,-30.53258],[-64.57548,-30.53276],[-64.57546,-30.53405],[-64.57567,-30.53421],[-64.5761,-30.53421],[-64.5761,-30.53378],[-64.57665,-30.53358],[-64.5769,-30.5333],[-64.57735,-30.53335],[-64.57714,-30.53382],[-64.57691,-30.53489],[-64.57631,-30.53469],[-64.57627,-30.53547],[-64.57557,-30.53548],[-64.5752,-30.53477],[-64.57518,-30.53458],[-64.57423,-30.53468],[-64.57411,-30.53443],[-64.57425,-30.53403],[-64.57458,-30.53386],[-64.57442,-30.53356],[-64.57442,-30.53323],[-64.5751,-30.53249],[-64.57503,-30.53221]]]},"properties":{"periodo":2024,"dts":"2023-12-07","dte":"2025-01-02","infobs":"posible silvopastoril/desarbustado"}},
{"type":"Feature","geometry":{"type":"Polygon","coordinates":[[[-64.46224,-30.45867],[-64.46208,-30.45816],[-64.46157,-30.45814],[-64.46106,-30.45829],[-64.4606,-30.45809],[-64.4605,-30.45788],[-64.46001,-30.45784],[-64.45974,-30.45734],[-64.46011,-30.45714],[-64.46044,-30.45732],[-64.46064,-30.45763],[-64.46106,-30.45767],[-64.4624,-30.45764],[-64.46276,-30.45759],[-64.46281,-30.4573],[-64.46241,-30.45704],[-64.46221,-30.45702],[-64.46201,-30.45651],[-64.46237,-30.45654],[-64.46243,-30.45598],[-64.46288,-30.45596],[-64.46306,-30.45617],[-64.46366,-30.45617],[-64.46443,-30.45582],[-64.46444,-30.45522],[-64.46397,-30.45498],[-64.4627,-30.45513],[-64.46271,-30.45455],[-64.4638,-30.45445],[-64.46439,-30.45475],[-64.46493,-30.45476],[-64.46499,-30.45498],[-64.46532,-30.45522],[-64.46503,-30.45563],[-64.46479,-30.45571],[-64.46473,-30.45607],[-64.46423,-30.45614],[-64.46421,-30.45638],[-64.46365,-30.45652],[-64.46301,-30.45641],[-64.46273,-30.4565],[-64.46285,-30.45688],[-64.46306,-30.45702],[-64.46403,-30.45705],[-64.46304,-30.45755],[-64.46284,-30.45806],[-64.46278,-30.45845],[-64.46224,-30.45867]]]},"properties":{"periodo":2024,"dts":"2023-12-07","dte":"2025-01-02","infobs":"NA"}},
{"type":"Feature","geometry":{"type":"Polygon","coordinates":[[[-64.4579,-30.4566],[-64.45845,-30.45657],[-64.45851,-30.45627],[-64.45929,-30.45623],[-64.45927,-30.45652],[-64.4586,-30.45708],[-64.45861,-30.45782],[-64.4574,-30.45789],[-64.45717,-30.4582],[-64.45611,-30.45823],[-64.45592,-30.45788],[-64.45597,-30.45734],[-64.45671,-30.45742],[-64.4568,-30.4571],[-64.45733,-30.4571],[-64.45723,-30.45678],[-64.45785,-30.45678],[-64.4579,-30.4566]]]},"properties":{"periodo":2024,"dts":"2023-12-07","dte":"2025-01-02","infobs":"NA"}},
{"type":"Feature","geometry":{"type":"Polygon","coordinates":[[[-64.45907,-30.4601],[-64.45908,-30.45998],[-64.4572,-30.46],[-64.45724,-30.46053],[-64.45677,-30.46035],[-64.45681,-30.45982],[-64.45726,-30.45982],[-64.4573,-30.45955],[-64.458,-30.4595],[-64.45906,-30.45951],[-64.45914,-30.45974],[-64.4596,-30.45979],[-64.45907,-30.4601]]]},"properties":{"periodo":2024,"dts":"2023-12-07","dte":"2025-01-02","infobs":"NA"}},
{"type":"Feature","geometry":{"type":"Polygon","coordinates":[[[-64.79574,-30.7126],[-64.79575,-30.71218],[-64.79555,-30.71211],[-64.79559,-30.71173],[-64.79627,-30.712],[-64.79723,-30.7128],[-64.7974,-30.71322],[-64.79744,-30.71365],[-64.79735,-30.71377],[-64.79642,-30.71377],[-64.7964,-30.71342],[-64.79585,-30.7131],[-64.79577,-30.71289],[-64.79574,-30.7126]],[[-64.79637,-30.7127],[-64.79577,-30.7127],[-64.79578,-30.71289],[-64.7964,-30.71289],[-64.79637,-30.7127]],[[-64.79702,-30.71293],[-64.79683,-30.71289],[-64.79681,-30.71342],[-64.79702,-30.71343],[-64.79702,-30.71293]]]},"properties":{"periodo":2024,"dts":"2023-12-07","dte":"2025-01-02","infobs":"infraestructura"}},
{"type":"Feature","geometry":{"type":"Polygon","coordinates":[[[-65.43107,-31.22434],[-65.43081,-31.22255],[-65.43285,-31.22189],[-65.43317,-31.22362],[-65.43222,-31.22416],[-65.43107,-31.22434]]]},"properties":{"periodo":2024,"dts":"2023-12-07","dte":"2025-01-02","infobs":"incendio"}},
{"type":"Feature","geometry":{"type":"Polygon","coordinates":[[[-65.42081,-31.22822],[-65.42189,-31.22749],[-65.42241,-31.2261],[-65.42388,-31.22492],[-65.42393,-31.22468],[-65.42681,-31.22434],[-65.42715,-31.22498],[-65.42304,-31.22663],[-65.42235,-31.22822],[-65.42081,-31.22822]]]},"properties":{"periodo":2024,"dts":"2023-12-07","dte":"2025-01-02","infobs":"incendio"}},
{"type":"Feature","geometry":{"type":"Polygon","coordinates":[[[-65.43466,-31.22513],[-65.43709,-31.22503],[-65.43635,-31.22688],[-65.43564,-31.22846],[-65.43494,-31.23028],[-65.43402,-31.23195],[-65.43647,-31.23443],[-65.43282,-31.23275],[-65.43312,-31.23492],[-65.43165,-31.23698],[-65.42959,-31.23798],[-65.43271,-31.24044],[-65.43574,-31.24069],[-65.43578,-31.2419],[-65.43388,-31.24259],[-65.43147,-31.24113],[-65.42924,-31.24069],[-65.42754,-31.24133],[-65.42795,-31.24379],[-65.42834,-31.24529],[-65.42935,-31.24505],[-65.43169,-31.24443],[-65.4345,-31.24396],[-65.43972,-31.24315],[-65.44034,-31.24447],[-65.43986,-31.24589],[-65.43848,-31.24757],[-65.43674,-31.24746],[-65.433,-31.24737],[-65.42871,-31.24785],[-65.42871,-31.24919],[-65.42907,-31.25178],[-65.42977,-31.25436],[-65.43042,-31.25771],[-65.43059,-31.259],[-65.43398,-31.26166],[-65.43322,-31.26228],[-65.42993,-31.26002],[-65.42836,-31.25971],[-65.4273,-31.26059],[-65.42446,-31.26152],[-65.42296,-31.26112],[-65.42032,-31.26147],[-65.41832,-31.26182],[-65.41973,-31.26305],[-65.42366,-31.26411],[-65.42572,-31.26393],[-65.42889,-31.26399],[-65.43047,-31.26429],[-65.431,-31.26505],[-65.43201,-31.26579],[-65.43344,-31.26649],[-65.43446,-31.26904],[-65.43168,-31.2716],[-65.42906,-31.27003],[-65.42678,-31.27157],[-65.42466,-31.27304],[-65.42196,-31.27439],[-65.41943,-31.27568],[-65.41996,-31.27715],[-65.42331,-31.27633],[-65.4273,-31.27498],[-65.4286,-31.2758],[-65.42864,-31.2764],[-65.42799,-31.2764],[-65.42678,-31.27656],[-65.42374,-31.27759],[-65.42253,-31.27811],[-65.42111,-31.27827],[-65.41727,-31.27826],[-65.41687,-31.27739],[-65.41586,-31.27669],[-65.41518,-31.27669],[-65.41613,-31.27301],[-65.4175,-31.27184],[-65.41966,-31.27018],[-65.42298,-31.26919],[-65.42786,-31.26938],[-65.43021,-31.26705],[-65.42875,-31.26579],[-65.42008,-31.26516],[-65.41753,-31.26749],[-65.41576,-31.26932],[-65.41245,-31.26864],[-65.41168,-31.26713],[-65.41305,-31.26596],[-65.41267,-31.26479],[-65.41444,-31.26262],[-65.41581,-31.26111],[-65.4166,-31.25978],[-65.4209,-31.25862],[-65.42405,-31.25607],[-65.42521,-31.25513],[-65.42561,-31.25245],[-65.42271,-31.25026],[-65.42293,-31.24607],[-65.4243,-31.24457],[-65.42628,-31.24039],[-65.42453,-31.23921],[-65.4263,-31.2367],[-65.42632,-31.23251],[-65.42925,-31.23119],[-65.43141,-31.22918],[-65.43201,-31.22701],[-65.43327,-31.2257],[-65.43466,-31.22513]]]},"properties":{"periodo":2024,"dts":"2023-12-07","dte":"2025-01-02","infobs":"incendio"}},
{"type":"Feature","geometry":{"type":"Polygon","coordinates":[[[-63.48386,-30.22993],[-63.48375,-30.22764],[-63.48378,-30.22575],[-63.48937,-30.22575],[-63.48941,-30.23051],[-63.48917,-30.23044],[-63.48389,-30.23046],[-63.48386,-30.22993]]]},"properties":{"periodo":2024,"dts":"2024-01-25","dte":"2024-12-26","infobs":"silvopastoril/desarbustado"}},
{"type":"Feature","geometry":{"type":"Polygon","coordinates":[[[-63.61745,-30.39251],[-63.62563,-30.39242],[-63.62577,-30.39368],[-63.62409,-30.39432],[-63.62227,-30.39432],[-63.62124,-30.39442],[-63.62124,-30.39411],[-63.62068,-30.39406],[-63.62077,-30.39353],[-63.62163,-30.39335],[-63.62184,-30.39359],[-63.62302,-30.3936],[-63.62332,-30.3934],[-63.62204,-30.39334],[-63.62181,-30.39261],[-63.62128,-30.3926],[-63.62119,-30.39283],[-63.62086,-30.39284],[-63.62058,-30.39309],[-63.62058,-30.39356],[-63.62018,-30.39358],[-63.62019,-30.39391],[-63.62001,-30.39411],[-63.62002,-30.39446],[-63.61914,-30.39463],[-63.61792,-30.39394],[-63.61745,-30.39251]],[[-63.61894,-30.39393],[-63.61895,-30.39343],[-63.61936,-30.39339],[-63.61934,-30.39303],[-63.61836,-30.39304],[-63.6183,-30.39394],[-63.61894,-30.39393]]]},"properties":{"periodo":2024,"dts":"2024-01-25","dte":"2024-12-26","infobs":"silvopastoril/desarbustado"}},
{"type":"Feature","geometry":{"type":"Polygon","coordinates":[[[-63.47968,-29.92109],[-63.48124,-29.92065],[-63.48348,-29.92902],[-63.47757,-29.93008],[-63.47704,-29.92886],[-63.47664,-29.92692],[-63.47696,-29.92568],[-63.47745,-29.92566],[-63.47846,-29.92566],[-63.47954,-29.92545],[-63.47996,-29.92536],[-63.48009,-29.92533],[-63.4801,-29.92475],[-63.4799,-29.9246],[-63.47986,-29.92408],[-63.47881,-29.92381],[-63.47776,-29.92336],[-63.47661,-29.92318],[-63.47616,-29.92383],[-63.47605,-29.92383],[-63.47573,-29.92329],[-63.4755,-29.92291],[-63.47538,-29.92272],[-63.47516,-29.92236],[-63.47968,-29.92109]]]},"properties":{"periodo":2024,"dts":"2024-01-25","dte":"2024-12-26","infobs":"silvopastoril/desarbustado"}},
{"type":"Feature","geometry":{"type":"Polygon","coordinates":[[[-63.47449,-29.93063],[-63.47387,-29.9272],[-63.47451,-29.9282],[-63.47442,-29.9298],[-63.47449,-29.93063]]]},"properties":{"periodo":2024,"dts":"2024-01-25","dte":"2024-12-26","infobs":"silvopastoril/desarbustado"}},
{"type":"Feature","geometry":{"type":"Polygon","coordinates":[[[-63.41949,-30.23762],[-63.42179,-30.23766],[-63.42181,-30.23995],[-63.4218,-30.24004],[-63.41955,-30.24008],[-63.41949,-30.23762]]]},"properties":{"periodo":2024,"dts":"2024-01-25","dte":"2024-12-26","infobs":"silvopastoril/desarbustado"}},
{"type":"Feature","geometry":{"type":"Polygon","coordinates":[[[-63.70536,-30.2512],[-63.7089,-30.25131],[-63.7089,-30.25211],[-63.70854,-30.25395],[-63.70797,-30.25638],[-63.70796,-30.25703],[-63.7083,-30.25731],[-63.70834,-30.25813],[-63.70854,-30.25883],[-63.70892,-30.25898],[-63.70872,-30.25938],[-63.70841,-30.25911],[-63.7084,-30.25878],[-63.70785,-30.25822],[-63.7079,-30.25759],[-63.70769,-30.25701],[-63.70769,-30.25621],[-63.70784,-30.25537],[-63.70787,-30.25441],[-63.70811,-30.25415],[-63.70823,-30.25271],[-63.70536,-30.2527],[-63.70536,-30.2512]],[[-63.70787,-30.25165],[-63.70763,-30.25159],[-63.7058,-30.25162],[-63.7058,-30.25235],[-63.70785,-30.25236],[-63.70787,-30.25165]]]},"properties":{"periodo":2024,"dts":"2024-01-25","dte":"2024-12-26","infobs":"camino"}},
{"type":"Feature","geometry":{"type":"Polygon","coordinates":[[[-63.51078,-29.91437],[-63.51004,-29.91467],[-63.50904,-29.91468],[-63.50905,-29.91485],[-63.50783,-29.91486],[-63.50783,-29.91414],[-63.50637,-29.91417],[-63.50595,-29.91433],[-63.50534,-29.91433],[-63.50534,-29.91464],[-63.50557,-29.91522],[-63.50573,-29.91525],[-63.50577,-29.9163],[-63.50595,-29.91632],[-63.50597,-29.9174],[-63.50637,-29.9174],[-63.5064,-29.9185],[-63.50659,-29.91871],[-63.5066,-29.91947],[-63.50699,-29.9197],[-63.50701,-29.92064],[-63.50719,-29.92083],[-63.50722,-29.92195],[-63.50743,-29.92226],[-63.50764,-29.92227],[-63.50766,-29.92335],[-63.50787,-29.92443],[-63.50747,-29.9245],[-63.50724,-29.92399],[-63.50716,-29.923],[-63.50704,-29.92255],[-63.50698,-29.92194],[-63.50666,-29.92188],[-63.50658,-29.92066],[-63.5064,-29.92064],[-63.50638,-29.91973],[-63.50599,-29.91956],[-63.50597,-29.91827],[-63.50577,-29.91803],[-63.50574,-29.91741],[-63.50558,-29.91688],[-63.50533,-29.91684],[-63.50534,-29.91583],[-63.50513,-29.91578],[-63.50512,-29.9147],[-63.50472,-29.91469],[-63.50472,-29.91415],[-63.50524,-29.91416],[-63.50581,-29.91387],[-63.50718,-29.91376],[-63.5072,-29.91361],[-63.50822,-29.91362],[-63.50823,-29.91432],[-63.50948,-29.9143],[-63.5095,-29.91416],[-63.51075,-29.91376],[-63.51078,-29.91437]]]},"properties":{"periodo":2024,"dts":"2024-01-25","dte":"2024-12-26","infobs":"camino"}},
{"type":"Feature","geometry":{"type":"Polygon","coordinates":[[[-63.48707,-30.5573],[-63.48674,-30.55743],[-63.4867,-30.55706],[-63.48605,-30.55657],[-63.48528,-30.55657],[-63.48527,-30.55547],[-63.48487,-30.55545],[-63.4848,-30.55468],[-63.4848,-30.55391],[-63.48522,-30.55401],[-63.48524,-30.55431],[-63.48585,-30.5544],[-63.48594,-30.5542],[-63.48627,-30.55419],[-63.48645,-30.5552],[-63.48693,-30.55521],[-63.48695,-30.55575],[-63.48667,-30.55585],[-63.4861,-30.55581],[-63.48609,-30.55494],[-63.48589,-30.55476],[-63.48526,-30.55477],[-63.48527,-30.5553],[-63.48542,-30.55547],[-63.48586,-30.5555],[-63.48587,-30.55584],[-63.48548,-30.55604],[-63.48549,-30.55639],[-63.48672,-30.55642],[-63.48712,-30.55658],[-63.48707,-30.5573]]]},"properties":{"periodo":2024,"dts":"2024-01-25","dte":"2024-12-26","infobs":"aprovechamiento forestal intenso"}},
{"type":"Feature","geometry":{"type":"Polygon","coordinates":[[[-65.42102,-31.7672],[-65.42415,-31.7671],[-65.42414,-31.7676],[-65.42378,-31.76767],[-65.42387,-31.76795],[-65.42386,-31.76846],[-65.42417,-31.76846],[-65.4242,-31.76873],[-65.42481,-31.76872],[-65.42481,-31.76898],[-65.42545,-31.76895],[-65.42547,-31.76982],[-65.42511,-31.76976],[-65.42455,-31.76936],[-65.42417,-31.7693],[-65.42411,-31.76907],[-65.42356,-31.76905],[-65.42352,-31.76798],[-65.42318,-31.76796],[-65.4232,-31.7682],[-65.42196,-31.76836],[-65.42101,-31.76827],[-65.42102,-31.7672]]]},"properties":{"periodo":2024,"dts":"2023-12-07","dte":"2025-01-02","infobs":"aprovechamiento forestal intenso"}},
{"type":"Feature","geometry":{"type":"Polygon","coordinates":[[[-65.41626,-31.76799],[-65.41689,-31.76803],[-65.41688,-31.76858],[-65.41719,-31.76862],[-65.41723,-31.76942],[-65.41691,-31.76943],[-65.4169,-31.77019],[-65.41618,-31.77019],[-65.41594,-31.77051],[-65.41503,-31.77055],[-65.4151,-31.77081],[-65.41397,-31.77157],[-65.41365,-31.77114],[-65.41403,-31.77108],[-65.41407,-31.77056],[-65.41434,-31.77051],[-65.41495,-31.77019],[-65.41548,-31.77003],[-65.41565,-31.76972],[-65.41627,-31.76969],[-65.41627,-31.76945],[-65.41596,-31.76943],[-65.41594,-31.7686],[-65.41624,-31.76868],[-65.41626,-31.76799]]]},"properties":{"periodo":2024,"dts":"2023-12-07","dte":"2025-01-02","infobs":"aprovechamiento forestal intenso"}},
{"type":"Feature","geometry":{"type":"Polygon","coordinates":[[[-65.42398,-31.77322],[-65.4245,-31.77317],[-65.42457,-31.77282],[-65.42526,-31.77286],[-65.42531,-31.77327],[-65.42569,-31.77346],[-65.42595,-31.77535],[-65.42647,-31.77573],[-65.42635,-31.77621],[-65.42602,-31.7763],[-65.42574,-31.77613],[-65.42559,-31.77651],[-65.42441,-31.77651],[-65.42446,-31.77585],[-65.42472,-31.7758],[-65.42457,-31.7753],[-65.42398,-31.77535],[-65.42344,-31.77557],[-65.42341,-31.77509],[-65.42351,-31.77462],[-65.42303,-31.77391],[-65.42327,-31.77362],[-65.42384,-31.77362],[-65.42398,-31.77322]]]},"properties":{"periodo":2024,"dts":"2023-12-07","dte":"2025-01-02","infobs":"aprovechamiento forestal intenso"}},
{"type":"Feature","geometry":{"type":"Polygon","coordinates":[[[-64.51932,-29.94838],[-64.51941,-29.94743],[-64.51982,-29.94681],[-64.52022,-29.94638],[-64.52055,-29.94618],[-64.52074,-29.9459],[-64.52083,-29.94547],[-64.52051,-29.94485],[-64.51988,-29.94448],[-64.51925,-29.94429],[-64.51925,-29.94347],[-64.52031,-29.94332],[-64.52061,-29.94359],[-64.52078,-29.94405],[-64.52186,-29.94465],[-64.52186,-29.94485],[-64.52238,-29.94487],[-64.52186,-29.94519],[-64.52178,-29.94567],[-64.52119,-29.94629],[-64.52053,-29.94737],[-64.52035,-29.94795],[-64.51992,-29.94869],[-64.51955,-29.94882],[-64.51932,-29.94838]]]},"properties":{"periodo":2024,"dts":"2023-12-07","dte":"2025-01-02","infobs":"aprovechamiento forestal intenso"}},
{"type":"Feature","geometry":{"type":"Polygon","coordinates":[[[-64.48046,-30.07155],[-64.48093,-30.07138],[-64.48096,-30.07232],[-64.48136,-30.0724],[-64.48143,-30.07277],[-64.48248,-30.07365],[-64.48284,-30.07387],[-64.48287,-30.07444],[-64.48241,-30.07427],[-64.48194,-30.07421],[-64.48177,-30.07444],[-64.48141,-30.07402],[-64.48144,-30.07574],[-64.48103,-30.07574],[-64.48097,-30.07462],[-64.48053,-30.0746],[-64.48026,-30.0747],[-64.48013,-30.07512],[-64.47978,-30.07519],[-64.47958,-30.07539],[-64.47956,-30.0757],[-64.47914,-30.07573],[-64.47897,-30.07642],[-64.4792,-30.07677],[-64.47992,-30.07662],[-64.47997,-30.07713],[-64.48042,-30.07741],[-64.4796,-30.07748],[-64.47897,-30.07703],[-64.47837,-30.07693],[-64.47797,-30.07698],[-64.47772,-30.07753],[-64.47767,-30.07801],[-64.47776,-30.07855],[-64.47839,-30.07852],[-64.47864,-30.07885],[-64.47909,-30.07926],[-64.47892,-30.07956],[-64.47861,-30.07951],[-64.47812,-30.07878],[-64.47766,-30.0787],[-64.47737,-30.07855],[-64.47734,-30.0781],[-64.47697,-30.07818],[-64.47658,-30.07856],[-64.47639,-30.07895],[-64.4756,-30.07962],[-64.47528,-30.07971],[-64.47459,-30.0806],[-64.47403,-30.08118],[-64.4736,-30.0812],[-64.47428,-30.08036],[-64.476,-30.07855],[-64.47611,-30.07825],[-64.4764,-30.07811],[-64.4783,-30.07608],[-64.47933,-30.07519],[-64.47974,-30.07462],[-64.48015,-30.07461],[-64.48016,-30.07407],[-64.48066,-30.0739],[-64.48101,-30.07367],[-64.48093,-30.07307],[-64.48038,-30.07302],[-64.48028,-30.07267],[-64.47993,-30.07252],[-64.47978,-30.07202],[-64.48018,-30.07148],[-64.48016,-30.07202],[-64.48053,-30.07217],[-64.48046,-30.07155]]]},"properties":{"periodo":2024,"dts":"2023-12-07","dte":"2025-01-02","infobs":"aprovechamiento forestal intenso"}},
{"type":"Feature","geometry":{"type":"Polygon","coordinates":[[[-64.50669,-30.08533],[-64.50729,-30.08483],[-64.50759,-30.08563],[-64.50709,-30.08603],[-64.50654,-30.08681],[-64.50591,-30.08678],[-64.50584,-30.08698],[-64.50539,-30.08713],[-64.50531,-30.08738],[-64.50486,-30.08773],[-64.50431,-30.08758],[-64.50389,-30.08766],[-64.50354,-30.08806],[-64.50324,-30.08803],[-64.50309,-30.08763],[-64.50346,-30.08696],[-64.50361,-30.08586],[-64.50419,-30.08593],[-64.50429,-30.08631],[-64.50499,-30.08633],[-64.50549,-30.08598],[-64.50646,-30.08608],[-64.50669,-30.08533]]]},"properties":{"periodo":2024,"dts":"2023-12-07","dte":"2025-01-02","infobs":"aprovechamiento forestal intenso"}},
{"type":"Feature","geometry":{"type":"Polygon","coordinates":[[[-64.54154,-30.08671],[-64.54155,-30.08641],[-64.54192,-30.08636],[-64.54192,-30.08602],[-64.54165,-30.08594],[-64.54154,-30.08563],[-64.54204,-30.08533],[-64.54224,-30.08561],[-64.54218,-30.08605],[-64.54225,-30.08651],[-64.54277,-30.08654],[-64.54332,-30.08671],[-64.54354,-30.08711],[-64.54414,-30.08693],[-64.54405,-30.08762],[-64.54448,-30.08763],[-64.54444,-30.08803],[-64.54347,-30.088],[-64.5433,-30.08769],[-64.54285,-30.0877],[-64.54285,-30.08814],[-64.54224,-30.08829],[-64.54199,-30.08801],[-64.54155,-30.08803],[-64.54145,-30.08778],[-64.54104,-30.08774],[-64.54099,-30.08803],[-64.5406,-30.08808],[-64.54032,-30.08758],[-64.54049,-30.08698],[-64.54154,-30.08671]],[[-64.54157,-30.08694],[-64.5414,-30.08718],[-64.54158,-30.08751],[-64.54196,-30.08746],[-64.54194,-30.08714],[-64.54157,-30.08694]],[[-64.54224,-30.08695],[-64.54215,-30.08746],[-64.5432,-30.08745],[-64.54325,-30.08708],[-64.54309,-30.08694],[-64.54224,-30.08695]]]},"properties":{"periodo":2024,"dts":"2023-12-07","dte":"2025-01-02","infobs":"aprovechamiento forestal intenso"}},
{"type":"Feature","geometry":{"type":"Polygon","coordinates":[[[-64.49192,-30.08641],[-64.49264,-30.08646],[-64.49347,-30.08641],[-64.49344,-30.08706],[-64.49292,-30.08711],[-64.49277,-30.08761],[-64.49217,-30.08798],[-64.49147,-30.08833],[-64.49087,-30.08903],[-64.49067,-30.08948],[-64.49157,-30.08971],[-64.49277,-30.08961],[-64.49337,-30.08938],[-64.49447,-30.08928],[-64.49577,-30.08926],[-64.49674,-30.08938],[-64.49644,-30.08963],[-64.49464,-30.08973],[-64.49347,-30.08976],[-64.49307,-30.09008],[-64.49267,-30.09013],[-64.49169,-30.08996],[-64.49084,-30.08996],[-64.49047,-30.09018],[-64.48927,-30.09018],[-64.4881,-30.09026],[-64.48737,-30.09053],[-64.48567,-30.09046],[-64.48522,-30.0907],[-64.48465,-30.09085],[-64.4833,-30.09095],[-64.482,-30.09083],[-64.48125,-30.09113],[-64.48038,-30.09128],[-64.4786,-30.09128],[-64.4772,-30.0913],[-64.47598,-30.09138],[-64.47618,-30.09113],[-64.47708,-30.0908],[-64.47918,-30.091],[-64.47998,-30.09105],[-64.48105,-30.09083],[-64.48137,-30.09053],[-64.48282,-30.09046],[-64.48507,-30.09043],[-64.4863,-30.09011],[-64.48757,-30.09011],[-64.4887,-30.08981],[-64.4892,-30.08978],[-64.48952,-30.08958],[-64.48982,-30.08921],[-64.4895,-30.08861],[-64.48957,-30.08781],[-64.48999,-30.08731],[-64.49047,-30.08686],[-64.49112,-30.08658],[-64.49192,-30.08641]]]},"properties":{"periodo":2024,"dts":"2023-12-07","dte":"2025-01-02","infobs":"aprovechamiento forestal intenso"}},
{"type":"Feature","geometry":{"type":"Polygon","coordinates":[[[-64.5296,-30.09735],[-64.53107,-30.09613],[-64.53195,-30.09555],[-64.53205,-30.09588],[-64.53005,-30.09745],[-64.52935,-30.09795],[-64.52885,-30.09815],[-64.52797,-30.09818],[-64.52755,-30.09873],[-64.5272,-30.09885],[-64.52712,-30.09925],[-64.52685,-30.09925],[-64.52655,-30.09875],[-64.52617,-30.09873],[-64.52608,-30.09915],[-64.52557,-30.09918],[-64.5256,-30.0987],[-64.52535,-30.09865],[-64.52508,-30.0991],[-64.52475,-30.09943],[-64.5243,-30.0991],[-64.52393,-30.09903],[-64.52393,-30.09853],[-64.5243,-30.0984],[-64.52418,-30.09795],[-64.52445,-30.09768],[-64.52495,-30.0975],[-64.5253,-30.09763],[-64.52525,-30.09815],[-64.52605,-30.09815],[-64.52725,-30.0979],[-64.52727,-30.09748],[-64.52697,-30.0973],[-64.52687,-30.09695],[-64.5272,-30.09655],[-64.52795,-30.09695],[-64.52855,-30.09695],[-64.52875,-30.09755],[-64.52925,-30.09755],[-64.5296,-30.09735]]]},"properties":{"periodo":2024,"dts":"2023-12-07","dte":"2025-01-02","infobs":"aprovechamiento forestal intenso"}},
{"type":"Feature","geometry":{"type":"Polygon","coordinates":[[[-64.53771,-30.10939],[-64.53689,-30.10921],[-64.53701,-30.10879],[-64.53756,-30.10871],[-64.53751,-30.10831],[-64.53659,-30.10831],[-64.53634,-30.10789],[-64.53671,-30.10769],[-64.53714,-30.10769],[-64.53726,-30.10729],[-64.53694,-30.10699],[-64.53736,-30.10694],[-64.53739,-30.10651],[-64.53796,-30.10644],[-64.53814,-30.10696],[-64.53854,-30.10724],[-64.53864,-30.10751],[-64.53861,-30.10856],[-64.53899,-30.10884],[-64.53874,-30.10916],[-64.53804,-30.10964],[-64.53771,-30.10939]]]},"properties":{"periodo":2024,"dts":"2023-12-07","dte":"2025-01-02","infobs":"aprovechamiento forestal intenso"}},
{"type":"Feature","geometry":{"type":"Polygon","coordinates":[[[-64.54468,-30.21356],[-64.54453,-30.21408],[-64.544,-30.21414],[-64.54396,-30.21379],[-64.54357,-30.21378],[-64.54335,-30.21418],[-64.54272,-30.21422],[-64.54255,-30.21455],[-64.54208,-30.21465],[-64.5417,-30.21486],[-64.54176,-30.21524],[-64.54231,-30.21528],[-64.54238,-30.21494],[-64.54275,-30.21491],[-64.54282,-30.21519],[-64.54281,-30.21648],[-64.54229,-30.21638],[-64.54232,-30.216],[-64.54174,-30.21593],[-64.54173,-30.21543],[-64.5415,-30.21523],[-64.5411,-30.21522],[-64.54108,-30.21468],[-64.54158,-30.21458],[-64.54184,-30.2137],[-64.54344,-30.21364],[-64.54426,-30.21364],[-64.54468,-30.21356]]]},"properties":{"periodo":2024,"dts":"2023-12-07","dte":"2025-01-02","infobs":"aprovechamiento forestal intenso"}},
{"type":"Feature","geometry":{"type":"Polygon","coordinates":[[[-64.53965,-30.21675],[-64.5402,-30.21682],[-64.54054,-30.21709],[-64.54048,-30.21758],[-64.54087,-30.21758],[-64.5411,-30.21787],[-64.54088,-30.21813],[-64.54097,-30.21843],[-64.54162,-30.21835],[-64.54224,-30.21863],[-64.54264,-30.21849],[-64.54317,-30.21958],[-64.54299,-30.21974],[-64.54301,-30.22026],[-64.54321,-30.22033],[-64.54313,-30.22068],[-64.54286,-30.22057],[-64.54278,-30.22029],[-64.54238,-30.22029],[-64.54224,-30.22055],[-64.54157,-30.22033],[-64.54153,-30.2201],[-64.54113,-30.21975],[-64.54067,-30.21979],[-64.54037,-30.2202],[-64.5395,-30.22024],[-64.53961,-30.21955],[-64.54009,-30.21919],[-64.54006,-30.21873],[-64.54058,-30.21843],[-64.54003,-30.21791],[-64.53909,-30.2175],[-64.5395,-30.21722],[-64.53965,-30.21675]],[[-64.54217,-30.219],[-64.54177,-30.219],[-64.54163,-30.21921],[-64.54112,-30.21922],[-64.54112,-30.21953],[-64.5416,-30.21959],[-64.54178,-30.22012],[-64.54217,-30.22013],[-64.54217,-30.219]]]},"properties":{"periodo":2024,"dts":"2023-12-07","dte":"2025-01-02","infobs":"aprovechamiento forestal intenso"}},
{"type":"Feature","geometry":{"type":"Polygon","coordinates":[[[-64.53776,-30.22182],[-64.53751,-30.22182],[-64.53734,-30.22159],[-64.53757,-30.22102],[-64.53795,-30.22094],[-64.53807,-30.22192],[-64.53864,-30.2218],[-64.53864,-30.22111],[-64.5389,-30.22135],[-64.53901,-30.22184],[-64.53918,-30.22212],[-64.53918,-30.22271],[-64.53951,-30.22271],[-64.53973,-30.22301],[-64.54003,-30.22296],[-64.54005,-30.2234],[-64.53985,-30.22368],[-64.53942,-30.22366],[-64.53913,-30.22339],[-64.53884,-30.2234],[-64.53873,-30.22288],[-64.53793,-30.22283],[-64.53776,-30.22182]]]},"properties":{"periodo":2024,"dts":"2023-12-07","dte":"2025-01-02","infobs":"aprovechamiento forestal intenso"}},
{"type":"Feature","geometry":{"type":"Polygon","coordinates":[[[-64.76548,-30.64634],[-64.76571,-30.64618],[-64.7655,-30.64597],[-64.7656,-30.64566],[-64.7662,-30.64565],[-64.76618,-30.64709],[-64.76666,-30.64707],[-64.76698,-30.64727],[-64.76749,-30.6472],[-64.76802,-30.64811],[-64.76745,-30.64817],[-64.76748,-30.64864],[-64.76795,-30.64864],[-64.76823,-30.64884],[-64.7683,-30.64922],[-64.76791,-30.64904],[-64.76786,-30.64889],[-64.76703,-30.64876],[-64.76706,-30.64938],[-64.76768,-30.64943],[-64.76744,-30.64965],[-64.76666,-30.64961],[-64.7662,-30.64923],[-64.76567,-30.64927],[-64.76553,-30.6489],[-64.76507,-30.64887],[-64.76493,-30.64872],[-64.76513,-30.64839],[-64.76579,-30.64817],[-64.76576,-30.64711],[-64.76548,-30.64634]],[[-64.76641,-30.64834],[-64.76578,-30.64835],[-64.76578,-30.64878],[-64.76615,-30.64876],[-64.76643,-30.64887],[-64.76641,-30.64834]]]},"properties":{"periodo":2024,"dts":"2023-12-07","dte":"2025-01-02","infobs":"aprovechamiento forestal intenso"}},
{"type":"Feature","geometry":{"type":"Polygon","coordinates":[[[-64.75506,-30.65966],[-64.7564,-30.65968],[-64.75647,-30.66008],[-64.75596,-30.66023],[-64.75587,-30.66039],[-64.75537,-30.66042],[-64.75548,-30.66092],[-64.75578,-30.66096],[-64.75587,-30.66129],[-64.75542,-30.66123],[-64.75476,-30.66151],[-64.7546,-30.66197],[-64.75422,-30.662],[-64.7541,-30.66152],[-64.7539,-30.66132],[-64.75348,-30.66118],[-64.75325,-30.66134],[-64.75263,-30.66127],[-64.75271,-30.66079],[-64.75289,-30.66044],[-64.75358,-30.66032],[-64.75373,-30.66045],[-64.75408,-30.66026],[-64.75443,-30.66024],[-64.75455,-30.65989],[-64.75506,-30.65966]],[[-64.75471,-30.66042],[-64.75411,-30.66042],[-64.7541,-30.66077],[-64.75453,-30.66079],[-64.75471,-30.66042]]]},"properties":{"periodo":2024,"dts":"2023-12-07","dte":"2025-01-02","infobs":"aprovechamiento forestal intenso"}},
{"type":"Feature","geometry":{"type":"Polygon","coordinates":[[[-64.97752,-30.73132],[-64.97797,-30.73096],[-64.97856,-30.73083],[-64.97872,-30.73132],[-64.97935,-30.73151],[-64.98021,-30.73134],[-64.98068,-30.7316],[-64.98059,-30.73195],[-64.98025,-30.73193],[-64.98025,-30.73261],[-64.97967,-30.73273],[-64.97998,-30.73302],[-64.98035,-30.73306],[-64.98027,-30.73333],[-64.98029,-30.73406],[-64.98053,-30.73429],[-64.97996,-30.73432],[-64.9797,-30.73461],[-64.97937,-30.73477],[-64.97945,-30.73509],[-64.97965,-30.73512],[-64.97972,-30.73561],[-64.97999,-30.73585],[-64.97992,-30.73642],[-64.97935,-30.73647],[-64.97859,-30.73557],[-64.9778,-30.73601],[-64.97738,-30.73615],[-64.97717,-30.73686],[-64.9769,-30.73679],[-64.9768,-30.73598],[-64.97601,-30.73594],[-64.97587,-30.73524],[-64.97571,-30.73493],[-64.97449,-30.73495],[-64.97327,-30.73502],[-64.97296,-30.73473],[-64.97251,-30.73471],[-64.9727,-30.73436],[-64.97372,-30.73462],[-64.97568,-30.73462],[-64.9759,-30.73437],[-64.97584,-30.73377],[-64.97546,-30.73369],[-64.97489,-30.73315],[-64.97519,-30.73298],[-64.97538,-30.73326],[-64.97585,-30.73324],[-64.97659,-30.73247],[-64.97692,-30.73231],[-64.97733,-30.73258],[-64.97737,-30.73293],[-64.9769,-30.73323],[-64.97683,-30.73354],[-64.97738,-30.73357],[-64.9775,-30.73301],[-64.97773,-30.73299],[-64.97778,-30.73351],[-64.97823,-30.73385],[-64.97842,-30.73379],[-64.97841,-30.73221],[-64.97868,-30.73198],[-64.97847,-30.7318],[-64.97827,-30.73208],[-64.978,-30.73184],[-64.97767,-30.73183],[-64.97752,-30.73132]],[[-64.9778,-30.73405],[-64.97771,-30.73427],[-64.97778,-30.73459],[-64.97807,-30.73459],[-64.97811,-30.7342],[-64.9778,-30.73405]],[[-64.97719,-30.73449],[-64.97707,-30.73409],[-64.97647,-30.7341],[-64.97653,-30.73462],[-64.97691,-30.73466],[-64.97719,-30.73449]]]},"properties":{"periodo":2024,"dts":"2023-12-07","dte":"2025-01-02","infobs":"aprovechamiento forestal intenso"}},
{"type":"Feature","geometry":{"type":"Polygon","coordinates":[[[-64.99027,-30.73191],[-64.99085,-30.73159],[-64.99127,-30.73166],[-64.99116,-30.73194],[-64.99076,-30.73205],[-64.99085,-30.73262],[-64.99114,-30.73272],[-64.99149,-30.73301],[-64.99145,-30.73325],[-64.99116,-30.73348],[-64.99073,-30.73349],[-64.99018,-30.73314],[-64.98969,-30.73344],[-64.98966,-30.73389],[-64.98993,-30.73398],[-64.99005,-30.73452],[-64.99002,-30.735],[-64.98981,-30.73522],[-64.98941,-30.73544],[-64.98914,-30.7352],[-64.98871,-30.73524],[-64.98876,-30.73574],[-64.98819,-30.73573],[-64.98801,-30.736],[-64.98744,-30.73525],[-64.98741,-30.73394],[-64.98804,-30.73392],[-64.98812,-30.73367],[-64.9884,-30.73354],[-64.98844,-30.73316],[-64.98832,-30.73232],[-64.98781,-30.73252],[-64.98775,-30.73292],[-64.98739,-30.73316],[-64.98737,-30.73172],[-64.98784,-30.73189],[-64.98868,-30.73199],[-64.98898,-30.73227],[-64.98975,-30.73207],[-64.9898,-30.73228],[-64.99031,-30.73231],[-64.99027,-30.73191]],[[-64.99093,-30.73287],[-64.99073,-30.73277],[-64.99023,-30.7328],[-64.99027,-30.73307],[-64.99091,-30.73313],[-64.99093,-30.73287]],[[-64.98937,-30.73452],[-64.98882,-30.73414],[-64.98869,-30.73447],[-64.98913,-30.7348],[-64.98937,-30.73452]],[[-64.98845,-30.73448],[-64.98802,-30.73449],[-64.98831,-30.7348],[-64.98845,-30.73448]]]},"properties":{"periodo":2024,"dts":"2023-12-07","dte":"2025-01-02","infobs":"aprovechamiento forestal intenso"}},
{"type":"Feature","geometry":{"type":"Polygon","coordinates":[[[-64.98578,-30.7279],[-64.98587,-30.72761],[-64.98614,-30.72738],[-64.98613,-30.72718],[-64.98714,-30.7273],[-64.98741,-30.72755],[-64.98701,-30.72814],[-64.98664,-30.7285],[-64.98676,-30.72904],[-64.98623,-30.72916],[-64.98636,-30.72991],[-64.98515,-30.72994],[-64.98466,-30.73062],[-64.98508,-30.73081],[-64.98571,-30.73142],[-64.98598,-30.73176],[-64.98625,-30.73193],[-64.98657,-30.73195],[-64.98657,-30.73222],[-64.98614,-30.73258],[-64.98604,-30.73296],[-64.98631,-30.73328],[-64.98648,-30.73376],[-64.98661,-30.73444],[-64.98636,-30.73498],[-64.98618,-30.735],[-64.98634,-30.73584],[-64.9867,-30.7358],[-64.98671,-30.73648],[-64.98634,-30.73624],[-64.98622,-30.73581],[-64.98596,-30.73579],[-64.98598,-30.73638],[-64.9853,-30.73653],[-64.98527,-30.73625],[-64.98545,-30.73595],[-64.98542,-30.73558],[-64.98565,-30.73542],[-64.98554,-30.7351],[-64.98502,-30.73549],[-64.98434,-30.7356],[-64.98435,-30.73581],[-64.98402,-30.7359],[-64.98413,-30.73534],[-64.98384,-30.73493],[-64.98377,-30.73462],[-64.98349,-30.73428],[-64.9825,-30.73417],[-64.98268,-30.73396],[-64.98195,-30.73337],[-64.98226,-30.7329],[-64.9825,-30.73313],[-64.98288,-30.73323],[-64.98352,-30.73313],[-64.98396,-30.73283],[-64.98369,-30.73252],[-64.98282,-30.73227],[-64.98206,-30.73216],[-64.98216,-30.73179],[-64.98252,-30.73176],[-64.98243,-30.73093],[-64.98316,-30.73079],[-64.98326,-30.73095],[-64.98373,-30.73107],[-64.98397,-30.73088],[-64.98414,-30.7302],[-64.98368,-30.73003],[-64.98306,-30.73019],[-64.98244,-30.73016],[-64.98245,-30.72996],[-64.98211,-30.72982],[-64.98184,-30.72943],[-64.98139,-30.72937],[-64.98135,-30.72912],[-64.98152,-30.72867],[-64.98257,-30.72856],[-64.98272,-30.72906],[-64.98304,-30.72887],[-64.98337,-30.72892],[-64.98359,-30.7295],[-64.98399,-30.72892],[-64.98422,-30.7289],[-64.98476,-30.72911],[-64.98517,-30.7294],[-64.98556,-30.72919],[-64.98529,-30.72882],[-64.98461,-30.72838],[-64.98353,-30.72805],[-64.98424,-30.72802],[-64.98434,-30.72782],[-64.98468,-30.72782],[-64.98489,-30.72802],[-64.98543,-30.72802],[-64.98578,-30.7279]],[[-64.98583,-30.7319],[-64.98559,-30.7318],[-64.98554,-30.73157],[-64.98519,-30.73152],[-64.98458,-30.73125],[-64.98445,-30.73102],[-64.98414,-30.731],[-64.98379,-30.73132],[-64.98409,-30.73147],[-64.98433,-30.73174],[-64.9853,-30.73191],[-64.98565,-30.73214],[-64.98583,-30.7319]],[[-64.98365,-30.73164],[-64.98299,-30.73156],[-64.98301,-30.73183],[-64.98334,-30.73186],[-64.98365,-30.73164]],[[-64.98533,-30.73356],[-64.98562,-30.73335],[-64.98556,-30.73281],[-64.98512,-30.73282],[-64.98531,-30.73321],[-64.9852,-30.7335],[-64.98486,-30.73339],[-64.98434,-30.73355],[-64.98453,-30.73376],[-64.98498,-30.73379],[-64.98533,-30.73356]],[[-64.98502,-30.73451],[-64.98527,-30.73423],[-64.98444,-30.73423],[-64.98454,-30.73456],[-64.98502,-30.73451]]]},"properties":{"periodo":2024,"dts":"2023-12-07","dte":"2025-01-02","infobs":"aprovechamiento forestal intenso"}},
{"type":"Feature","geometry":{"type":"Polygon","coordinates":[[[-63.44075,-30.09911],[-63.44167,-30.09908],[-63.44197,-30.09768],[-63.44301,-30.09767],[-63.44509,-30.09775],[-63.4452,-30.0991],[-63.44446,-30.09968],[-63.44526,-30.0999],[-63.44531,-30.10053],[-63.4441,-30.10047],[-63.44374,-30.10143],[-63.44509,-30.10139],[-63.44543,-30.10197],[-63.44548,-30.10263],[-63.44517,-30.10239],[-63.44056,-30.10169],[-63.44077,-30.10106],[-63.44075,-30.09911]]]},"properties":{"periodo":2024,"dts":"2024-01-25","dte":"2024-12-26","infobs":"agropecuario"}},
{"type":"Feature","geometry":{"type":"Polygon","coordinates":[[[-63.43551,-30.09983],[-63.436,-30.10007],[-63.43713,-30.10053],[-63.43771,-30.10067],[-63.43876,-30.10069],[-63.43978,-30.10044],[-63.43982,-30.10297],[-63.43573,-30.10295],[-63.4358,-30.10646],[-63.43526,-30.10645],[-63.43522,-30.10253],[-63.43553,-30.10246],[-63.43551,-30.09983]]]},"properties":{"periodo":2024,"dts":"2024-01-25","dte":"2024-12-26","infobs":"agropecuario"}},
{"type":"Feature","geometry":{"type":"Polygon","coordinates":[[[-63.39283,-30.43722],[-63.39363,-30.4372],[-63.39363,-30.43649],[-63.3943,-30.43652],[-63.39431,-30.4372],[-63.39468,-30.43722],[-63.39465,-30.43757],[-63.3943,-30.43776],[-63.39364,-30.43774],[-63.39358,-30.43761],[-63.39294,-30.43762],[-63.39283,-30.43722]]]},"properties":{"periodo":2024,"dts":"2024-01-25","dte":"2024-12-26","infobs":"agropecuario"}},
{"type":"Feature","geometry":{"type":"Polygon","coordinates":[[[-63.62764,-29.77134],[-63.62869,-29.76986],[-63.6299,-29.76824],[-63.63072,-29.76762],[-63.631,-29.76774],[-63.63118,-29.76848],[-63.63112,-29.76976],[-63.63084,-29.77011],[-63.63034,-29.77031],[-63.62988,-29.77025],[-63.62875,-29.77089],[-63.62874,-29.77191],[-63.62869,-29.77218],[-63.62813,-29.77243],[-63.62811,-29.77274],[-63.62767,-29.77285],[-63.62764,-29.77134]]]},"properties":{"periodo":2024,"dts":"2024-01-25","dte":"2024-12-26","infobs":"agropecuario"}},
{"type":"Feature","geometry":{"type":"Polygon","coordinates":[[[-63.62459,-29.77715],[-63.62671,-29.77642],[-63.62776,-29.77509],[-63.62821,-29.77391],[-63.62937,-29.77262],[-63.62926,-29.77181],[-63.62968,-29.77105],[-63.6302,-29.77077],[-63.63121,-29.77057],[-63.63186,-29.76989],[-63.63259,-29.76934],[-63.63336,-29.76955],[-63.63397,-29.76953],[-63.63481,-29.76933],[-63.63542,-29.76904],[-63.63623,-29.76903],[-63.63686,-29.76885],[-63.63743,-29.76848],[-63.63817,-29.76857],[-63.63864,-29.76917],[-63.6387,-29.76955],[-63.6391,-29.76974],[-63.63905,-29.77028],[-63.63934,-29.77026],[-63.63924,-29.77077],[-63.6397,-29.77083],[-63.63971,-29.77117],[-63.63782,-29.7712],[-63.63783,-29.77085],[-63.63741,-29.77084],[-63.63765,-29.77145],[-63.63726,-29.77162],[-63.6368,-29.7715],[-63.63666,-29.77176],[-63.63621,-29.77194],[-63.63608,-29.77171],[-63.63558,-29.77174],[-63.6356,-29.77317],[-63.63308,-29.77496],[-63.63254,-29.77493],[-63.63246,-29.77462],[-63.6318,-29.77466],[-63.63182,-29.77499],[-63.63119,-29.77507],[-63.63101,-29.77462],[-63.63101,-29.77358],[-63.63066,-29.77333],[-63.6306,-29.77281],[-63.62949,-29.77287],[-63.62925,-29.77342],[-63.62952,-29.77401],[-63.62955,-29.77462],[-63.62942,-29.77554],[-63.62966,-29.7755],[-63.6301,-29.77492],[-63.63119,-29.77507],[-63.63243,-29.77682],[-63.62855,-29.7818],[-63.62828,-29.78136],[-63.62821,-29.78058],[-63.62746,-29.78023],[-63.62678,-29.78077],[-63.62678,-29.78035],[-63.62698,-29.78029],[-63.62695,-29.77958],[-63.62739,-29.77971],[-63.62768,-29.78005],[-63.6284,-29.77995],[-63.62918,-29.7797],[-63.62977,-29.77848],[-63.6295,-29.77819],[-63.62948,-29.77756],[-63.62884,-29.77724],[-63.62878,-29.77774],[-63.6278,-29.77868],[-63.62693,-29.77898],[-63.62691,-29.7783],[-63.62668,-29.77827],[-63.62666,-29.77735],[-63.62615,-29.77723],[-63.62548,-29.77723],[-63.62459,-29.77715]]]},"properties":{"periodo":2024,"dts":"2024-01-25","dte":"2024-12-26","infobs":"agropecuario"}},
{"type":"Feature","geometry":{"type":"Polygon","coordinates":[[[-63.51156,-30.25446],[-63.51987,-30.25452],[-63.51981,-30.25957],[-63.51631,-30.25943],[-63.51157,-30.25965],[-63.50398,-30.25959],[-63.50402,-30.26311],[-63.50398,-30.26466],[-63.50087,-30.26468],[-63.50047,-30.26457],[-63.49944,-30.26249],[-63.49895,-30.26159],[-63.49853,-30.26066],[-63.49854,-30.25984],[-63.50029,-30.25976],[-63.50046,-30.25856],[-63.50187,-30.25855],[-63.50185,-30.2596],[-63.50273,-30.25959],[-63.50269,-30.25907],[-63.50298,-30.25867],[-63.50367,-30.25855],[-63.5038,-30.25793],[-63.50374,-30.25663],[-63.50314,-30.25572],[-63.5031,-30.25504],[-63.5029,-30.25473],[-63.49944,-30.25485],[-63.49947,-30.25463],[-63.50072,-30.25453],[-63.51156,-30.25466],[-63.51156,-30.25446]],[[-63.50246,-30.26411],[-63.50337,-30.2641],[-63.50368,-30.26387],[-63.50368,-30.26221],[-63.50357,-30.26143],[-63.50332,-30.26087],[-63.5015,-30.2609],[-63.49941,-30.2609],[-63.49943,-30.26193],[-63.50009,-30.26265],[-63.5001,-30.263],[-63.50028,-30.26333],[-63.50069,-30.2635],[-63.50067,-30.26387],[-63.50086,-30.26412],[-63.50246,-30.26411]]]},"properties":{"periodo":2024,"dts":"2024-01-25","dte":"2024-12-26","infobs":"agropecuario"}},
{"type":"Feature","geometry":{"type":"Polygon","coordinates":[[[-63.53323,-31.18869],[-63.53321,-31.1883],[-63.53339,-31.18811],[-63.53315,-31.18789],[-63.53313,-31.18708],[-63.53358,-31.18706],[-63.53364,-31.18763],[-63.53397,-31.18812],[-63.534,-31.18852],[-63.53379,-31.1887],[-63.53323,-31.18869]]]},"properties":{"periodo":2024,"dts":"2024-01-25","dte":"2024-12-26","infobs":"agricultura"}},
{"type":"Feature","geometry":{"type":"Polygon","coordinates":[[[-63.4332,-29.81958],[-63.4332,-29.81546],[-63.43293,-29.81481],[-63.43509,-29.81486],[-63.43508,-29.8153],[-63.43614,-29.81534],[-63.43789,-29.81494],[-63.44575,-29.81516],[-63.44537,-29.81644],[-63.44513,-29.81917],[-63.44481,-29.82323],[-63.44451,-29.82536],[-63.44501,-29.82544],[-63.44562,-29.8247],[-63.44552,-29.83157],[-63.44391,-29.83017],[-63.44169,-29.82905],[-63.44182,-29.82869],[-63.43997,-29.82872],[-63.43994,-29.82836],[-63.43854,-29.82732],[-63.43877,-29.82439],[-63.4421,-29.82008],[-63.44204,-29.81949],[-63.44188,-29.81915],[-63.44192,-29.8181],[-63.44129,-29.81795],[-63.44133,-29.81723],[-63.44145,-29.81636],[-63.44069,-29.81634],[-63.44052,-29.81609],[-63.43823,-29.81607],[-63.43806,-29.81634],[-63.43711,-29.81665],[-63.43656,-29.81698],[-63.4363,-29.81701],[-63.43633,-29.81632],[-63.43645,-29.8155],[-63.43525,-29.81547],[-63.43469,-29.81556],[-63.43431,-29.81532],[-63.43386,-29.81555],[-63.4334,-29.8156],[-63.43343,-29.81959],[-63.4332,-29.81958]]]},"properties":{"periodo":2024,"dts":"2024-01-25","dte":"2024-12-26","infobs":"agricultura"}},
{"type":"Feature","geometry":{"type":"Polygon","coordinates":[[[-63.56564,-30.06315],[-63.56153,-30.06345],[-63.56134,-30.05582],[-63.56589,-30.05489],[-63.56564,-30.06315]]]},"properties":{"periodo":2024,"dts":"2024-01-25","dte":"2024-12-26","infobs":"agricultura"}},
{"type":"Feature","geometry":{"type":"Polygon","coordinates":[[[-63.64905,-30.13511],[-63.64984,-30.13539],[-63.65058,-30.1354],[-63.6507,-30.13543],[-63.65061,-30.13681],[-63.64832,-30.13743],[-63.64881,-30.13976],[-63.64808,-30.13978],[-63.64809,-30.14035],[-63.64776,-30.14052],[-63.64703,-30.14071],[-63.64668,-30.14111],[-63.64607,-30.14119],[-63.64561,-30.14102],[-63.64501,-30.1405],[-63.64495,-30.13631],[-63.64499,-30.13516],[-63.64532,-30.13539],[-63.64893,-30.1354],[-63.64905,-30.13511]]]},"properties":{"periodo":2024,"dts":"2024-01-25","dte":"2024-12-26","infobs":"agricultura"}},
{"type":"Feature","geometry":{"type":"Polygon","coordinates":[[[-63.545,-30.27373],[-63.545,-30.27318],[-63.54521,-30.27265],[-63.54589,-30.27245],[-63.54695,-30.27241],[-63.54695,-30.27306],[-63.54725,-30.27316],[-63.5476,-30.27385],[-63.545,-30.27385],[-63.545,-30.27373]]]},"properties":{"periodo":2024,"dts":"2024-01-25","dte":"2024-12-26","infobs":"agricultura"}},
{"type":"Feature","geometry":{"type":"Polygon","coordinates":[[[-63.65317,-30.30682],[-63.65276,-30.30656],[-63.65252,-30.30603],[-63.6518,-30.30519],[-63.65151,-30.30498],[-63.65144,-30.3045],[-63.65227,-30.30417],[-63.65277,-30.3036],[-63.65294,-30.30312],[-63.65327,-30.30258],[-63.65347,-30.30192],[-63.65396,-30.30078],[-63.65528,-30.30083],[-63.65449,-30.30416],[-63.65457,-30.30677],[-63.65504,-30.30863],[-63.6554,-30.30968],[-63.65544,-30.31001],[-63.65523,-30.31023],[-63.65464,-30.31029],[-63.65457,-30.30968],[-63.6544,-30.30941],[-63.65444,-30.30905],[-63.65422,-30.30831],[-63.65369,-30.30713],[-63.6534,-30.30716],[-63.65317,-30.30682]]]},"properties":{"periodo":2024,"dts":"2024-01-25","dte":"2024-12-26","infobs":"agricultura"}},
{"type":"Feature","geometry":{"type":"Polygon","coordinates":[[[-63.66845,-30.30232],[-63.66832,-30.30221],[-63.66829,-30.30178],[-63.66812,-30.30153],[-63.66805,-30.30101],[-63.66876,-30.30101],[-63.66908,-30.30121],[-63.66917,-30.30207],[-63.66911,-30.30226],[-63.6686,-30.3024],[-63.66845,-30.30232]]]},"properties":{"periodo":2024,"dts":"2024-01-25","dte":"2024-12-26","infobs":"agricultura"}},
{"type":"Feature","geometry":{"type":"Polygon","coordinates":[[[-63.65542,-30.3072],[-63.65514,-30.30602],[-63.65541,-30.3034],[-63.65568,-30.30303],[-63.65563,-30.30811],[-63.65542,-30.3072]]]},"properties":{"periodo":2024,"dts":"2024-01-25","dte":"2024-12-26","infobs":"agricultura"}},
{"type":"Feature","geometry":{"type":"Polygon","coordinates":[[[-63.54428,-30.39172],[-63.54423,-30.39009],[-63.5476,-30.39009],[-63.54775,-30.39011],[-63.54777,-30.39176],[-63.54428,-30.39172]]]},"properties":{"periodo":2024,"dts":"2024-01-25","dte":"2024-12-26","infobs":"agricultura"}},
{"type":"Feature","geometry":{"type":"Polygon","coordinates":[[[-63.16071,-30.96741],[-63.16085,-30.96728],[-63.16162,-30.96789],[-63.16124,-30.96839],[-63.15923,-30.9695],[-63.15916,-30.96901],[-63.15939,-30.96887],[-63.15961,-30.96921],[-63.16071,-30.96741]]]},"properties":{"periodo":2024,"dts":"2024-01-25","dte":"2024-12-26","infobs":"agricultura"}},
{"type":"Feature","geometry":{"type":"Polygon","coordinates":[[[-63.50684,-29.88407],[-63.50715,-29.88537],[-63.51307,-29.88397],[-63.51299,-29.88341],[-63.51388,-29.88324],[-63.52051,-29.88187],[-63.52133,-29.88542],[-63.52105,-29.88552],[-63.5211,-29.88593],[-63.52193,-29.89171],[-63.51293,-29.89365],[-63.51139,-29.88773],[-63.50634,-29.88783],[-63.50418,-29.88454],[-63.50684,-29.88407]]]},"properties":{"periodo":2024,"dts":"2024-01-25","dte":"2024-12-26","infobs":"agricultura"}},
{"type":"Feature","geometry":{"type":"Polygon","coordinates":[[[-63.50219,-29.89557],[-63.49898,-29.89645],[-63.49674,-29.88709],[-63.49737,-29.88616],[-63.49926,-29.88574],[-63.49955,-29.88574],[-63.49993,-29.88599],[-63.50219,-29.89557]]]},"properties":{"periodo":2024,"dts":"2024-01-25","dte":"2024-12-26","infobs":"agricultura"}},
{"type":"Feature","geometry":{"type":"Polygon","coordinates":[[[-63.50434,-29.89613],[-63.51316,-29.89457],[-63.52211,-29.89316],[-63.52262,-29.89475],[-63.5048,-29.89826],[-63.50434,-29.89613]]]},"properties":{"periodo":2024,"dts":"2024-01-25","dte":"2024-12-26","infobs":"agricultura"}},
{"type":"Feature","geometry":{"type":"Polygon","coordinates":[[[-63.53868,-30.11181],[-63.53901,-30.11164],[-63.53916,-30.11032],[-63.53911,-30.10953],[-63.53973,-30.10944],[-63.54022,-30.10899],[-63.54198,-30.11013],[-63.54146,-30.11024],[-63.54139,-30.11077],[-63.53966,-30.11145],[-63.53974,-30.11308],[-63.53855,-30.11315],[-63.53839,-30.11378],[-63.53977,-30.11368],[-63.53978,-30.11399],[-63.53768,-30.11424],[-63.53758,-30.11368],[-63.53721,-30.11362],[-63.53695,-30.11389],[-63.53691,-30.11451],[-63.53647,-30.11459],[-63.53641,-30.11368],[-63.53614,-30.11349],[-63.53613,-30.11311],[-63.53583,-30.11304],[-63.5356,-30.11349],[-63.53561,-30.11376],[-63.53586,-30.11416],[-63.53586,-30.11484],[-63.53493,-30.11485],[-63.53487,-30.11434],[-63.5346,-30.11423],[-63.5346,-30.11492],[-63.53398,-30.11514],[-63.53332,-30.11375],[-63.53331,-30.11292],[-63.53313,-30.11249],[-63.53495,-30.11232],[-63.536,-30.112],[-63.53678,-30.11207],[-63.53767,-30.1118],[-63.53827,-30.11186],[-63.53868,-30.11181]]]},"properties":{"periodo":2024,"dts":"2024-01-25","dte":"2024-12-26","infobs":"posible silvopastoril/desarbustado"}},
{"type":"Feature","geometry":{"type":"Polygon","coordinates":[[[-65.61196,-31.26859],[-65.61199,-31.26937],[-65.61145,-31.26921],[-65.61042,-31.26924],[-65.60931,-31.26959],[-65.60887,-31.26929],[-65.60835,-31.26985],[-65.60747,-31.26986],[-65.60704,-31.26926],[-65.60673,-31.26871],[-65.60643,-31.26869],[-65.60639,-31.26814],[-65.60578,-31.26718],[-65.60549,-31.2662],[-65.60679,-31.26556],[-65.61,-31.26546],[-65.61001,-31.26598],[-65.61035,-31.26633],[-65.6101,-31.26647],[-65.61009,-31.26748],[-65.6106,-31.26755],[-65.61073,-31.26793],[-65.611,-31.26772],[-65.61221,-31.26773],[-65.61226,-31.26849],[-65.61196,-31.26859]]]},"properties":{"periodo":2024,"dts":"2023-12-07","dte":"2025-01-02","infobs":"posible silvopastoril/desarbustado"}},
{"type":"Feature","geometry":{"type":"Polygon","coordinates":[[[-65.60112,-31.57853],[-65.60227,-31.57817],[-65.60206,-31.5778],[-65.60834,-31.57752],[-65.60838,-31.57882],[-65.60796,-31.58017],[-65.60795,-31.58179],[-65.60836,-31.58305],[-65.60899,-31.5845],[-65.60961,-31.58567],[-65.60971,-31.5882],[-65.60928,-31.58928],[-65.60918,-31.59067],[-65.60527,-31.59077],[-65.60483,-31.58101],[-65.60468,-31.58087],[-65.59855,-31.58096],[-65.59846,-31.57827],[-65.59859,-31.578],[-65.59991,-31.578],[-65.59996,-31.57861],[-65.60112,-31.57853]]]},"properties":{"periodo":2024,"dts":"2023-12-07","dte":"2025-01-02","infobs":"posible silvopastoril/desarbustado"}},
{"type":"Feature","geometry":{"type":"Polygon","coordinates":[[[-65.59301,-31.58077],[-65.59282,-31.57846],[-65.59831,-31.57809],[-65.59833,-31.58097],[-65.59331,-31.58108],[-65.59301,-31.58077]]]},"properties":{"periodo":2024,"dts":"2023-12-07","dte":"2025-01-02","infobs":"posible silvopastoril/desarbustado"}},
{"type":"Feature","geometry":{"type":"Polygon","coordinates":[[[-65.58278,-31.58144],[-65.58226,-31.58027],[-65.58153,-31.57891],[-65.58159,-31.57878],[-65.58527,-31.57872],[-65.58535,-31.58084],[-65.58531,-31.58127],[-65.58446,-31.58153],[-65.58278,-31.58144]]]},"properties":{"periodo":2024,"dts":"2023-12-07","dte":"2025-01-02","infobs":"posible silvopastoril/desarbustado"}},
{"type":"Feature","geometry":{"type":"Polygon","coordinates":[[[-65.19316,-32.28133],[-65.19409,-32.2813],[-65.19411,-32.28159],[-65.19449,-32.28155],[-65.1947,-32.28184],[-65.19478,-32.28237],[-65.19505,-32.28239],[-65.1951,-32.28344],[-65.19289,-32.28349],[-65.1926,-32.28378],[-65.19251,-32.28274],[-65.19295,-32.28217],[-65.19315,-32.28211],[-65.19316,-32.28133]]]},"properties":{"periodo":2024,"dts":"2023-12-07","dte":"2025-01-02","infobs":"posible silvopastoril/desarbustado"}},
{"type":"Feature","geometry":{"type":"Polygon","coordinates":[[[-65.12926,-32.23723],[-65.12926,-32.23706],[-65.1299,-32.23702],[-65.12988,-32.23668],[-65.13028,-32.23665],[-65.13039,-32.23697],[-65.1299,-32.23762],[-65.12969,-32.23801],[-65.12939,-32.23803],[-65.12939,-32.2383],[-65.12875,-32.23832],[-65.12855,-32.23865],[-65.12696,-32.23867],[-65.12693,-32.23812],[-65.12672,-32.2376],[-65.12796,-32.2376],[-65.12829,-32.2373],[-65.12926,-32.23723]]]},"properties":{"periodo":2024,"dts":"2023-12-07","dte":"2025-01-02","infobs":"posible silvopastoril/desarbustado"}},
{"type":"Feature","geometry":{"type":"Polygon","coordinates":[[[-64.46224,-30.45867],[-64.46278,-30.45845],[-64.46266,-30.45938],[-64.46226,-30.45937],[-64.46183,-30.45992],[-64.46192,-30.46015],[-64.4618,-30.46094],[-64.4616,-30.46082],[-64.46158,-30.45976],[-64.46117,-30.45995],[-64.46033,-30.46],[-64.46032,-30.46049],[-64.45989,-30.46049],[-64.45995,-30.46087],[-64.45933,-30.46121],[-64.45931,-30.46159],[-64.45908,-30.4616],[-64.45907,-30.46258],[-64.45883,-30.46265],[-64.45867,-30.46211],[-64.4585,-30.46196],[-64.45816,-30.46196],[-64.45818,-30.46148],[-64.45848,-30.46141],[-64.45849,-30.46108],[-64.45805,-30.46094],[-64.45852,-30.46052],[-64.45906,-30.46047],[-64.45907,-30.4601],[-64.4596,-30.45979],[-64.45993,-30.45961],[-64.46093,-30.45923],[-64.46155,-30.45908],[-64.46179,-30.45919],[-64.46238,-30.45916],[-64.46242,-30.45887],[-64.46224,-30.45867]]]},"properties":{"periodo":2024,"dts":"2023-12-07","dte":"2025-01-02","infobs":"NA"}},
{"type":"Feature","geometry":{"type":"Polygon","coordinates":[[[-65.16384,-31.95903],[-65.16892,-31.9585],[-65.16851,-31.95964],[-65.1679,-31.95998],[-65.16599,-31.96039],[-65.16361,-31.96077],[-65.16356,-31.95931],[-65.16383,-31.95931],[-65.16384,-31.95903]]]},"properties":{"periodo":2024,"dts":"2023-12-07","dte":"2025-01-02","infobs":"infraestructura"}},
{"type":"Feature","geometry":{"type":"Polygon","coordinates":[[[-64.27368,-30.53831],[-64.27405,-30.53553],[-64.27338,-30.53458],[-64.27336,-30.53438],[-64.27283,-30.53351],[-64.27196,-30.53255],[-64.27025,-30.53011],[-64.2702,-30.5297],[-64.2714,-30.52964],[-64.27208,-30.5297],[-64.27209,-30.53029],[-64.27238,-30.53119],[-64.2723,-30.53227],[-64.27282,-30.53297],[-64.27399,-30.53411],[-64.27446,-30.53447],[-64.27504,-30.53464],[-64.27525,-30.53519],[-64.27525,-30.53641],[-64.27446,-30.53691],[-64.27481,-30.538],[-64.27512,-30.5383],[-64.27507,-30.53873],[-64.2743,-30.53877],[-64.27409,-30.53849],[-64.27281,-30.54105],[-64.27202,-30.54104],[-64.27368,-30.53831]]]},"properties":{"periodo":2024,"dts":"2024-01-25","dte":"2024-12-26","infobs":"incendio"}},
{"type":"Feature","geometry":{"type":"Polygon","coordinates":[[[-64.26864,-30.54553],[-64.26992,-30.54505],[-64.26884,-30.5432],[-64.26727,-30.54258],[-64.2679,-30.54228],[-64.26958,-30.54239],[-64.27015,-30.54338],[-64.27102,-30.54441],[-64.27076,-30.54478],[-64.27068,-30.54539],[-64.27285,-30.54564],[-64.27343,-30.54516],[-64.27536,-30.54516],[-64.27662,-30.54521],[-64.27811,-30.54594],[-64.27751,-30.54771],[-64.27863,-30.55116],[-64.27709,-30.55105],[-64.27592,-30.55183],[-64.27521,-30.55235],[-64.27301,-30.55263],[-64.27257,-30.55108],[-64.27297,-30.55058],[-64.27238,-30.54972],[-64.27234,-30.54897],[-64.27196,-30.54802],[-64.27134,-30.54754],[-64.27087,-30.54703],[-64.27038,-30.54683],[-64.26827,-30.54618],[-64.26864,-30.54553]],[[-64.27523,-30.54793],[-64.27541,-30.54736],[-64.27498,-30.54702],[-64.27401,-30.54749],[-64.27409,-30.54786],[-64.27446,-30.54797],[-64.27523,-30.54793]],[[-64.27473,-30.54906],[-64.2749,-30.54879],[-64.27478,-30.54837],[-64.27431,-30.54863],[-64.27438,-30.54913],[-64.27473,-30.54906]]]},"properties":{"periodo":2024,"dts":"2024-01-25","dte":"2024-12-26","infobs":"incendio"}},
{"type":"Feature","geometry":{"type":"Polygon","coordinates":[[[-65.43466,-31.22513],[-65.43689,-31.2241],[-65.43769,-31.22347],[-65.43709,-31.22503],[-65.43466,-31.22513]]]},"properties":{"periodo":2024,"dts":"2023-12-07","dte":"2025-01-02","infobs":"incendio"}},
{"type":"Feature","geometry":{"type":"Polygon","coordinates":[[[-65.43107,-31.22434],[-65.43222,-31.22416],[-65.43317,-31.22362],[-65.4325,-31.22601],[-65.43327,-31.2257],[-65.43201,-31.22701],[-65.43141,-31.22918],[-65.42925,-31.23119],[-65.42632,-31.23251],[-65.4263,-31.2367],[-65.42453,-31.23921],[-65.42628,-31.24039],[-65.4243,-31.24457],[-65.42293,-31.24607],[-65.42271,-31.25026],[-65.42561,-31.25245],[-65.42521,-31.25513],[-65.42405,-31.25607],[-65.42368,-31.25606],[-65.4219,-31.25635],[-65.42059,-31.25637],[-65.41937,-31.2565],[-65.41892,-31.2567],[-65.41812,-31.25663],[-65.4163,-31.25593],[-65.4155,-31.25559],[-65.41457,-31.25407],[-65.41223,-31.25385],[-65.41207,-31.25575],[-65.41163,-31.25657],[-65.4113,-31.25831],[-65.40875,-31.26049],[-65.40875,-31.26075],[-65.40761,-31.26237],[-65.40729,-31.26248],[-65.40656,-31.26209],[-65.40581,-31.26218],[-65.40538,-31.26244],[-65.40499,-31.26297],[-65.40454,-31.26319],[-65.40413,-31.26321],[-65.4039,-31.26306],[-65.40356,-31.26266],[-65.4033,-31.26215],[-65.40205,-31.262],[-65.40152,-31.2616],[-65.40132,-31.26101],[-65.40083,-31.26073],[-65.39961,-31.26088],[-65.3975,-31.26103],[-65.39707,-31.26084],[-65.39581,-31.26081],[-65.39529,-31.26103],[-65.39461,-31.26121],[-65.39401,-31.26171],[-65.39334,-31.26163],[-65.39212,-31.26084],[-65.39145,-31.26081],[-65.39094,-31.26117],[-65.39068,-31.26163],[-65.39126,-31.26259],[-65.39188,-31.26303],[-65.39214,-31.26363],[-65.3913,-31.26422],[-65.38984,-31.26543],[-65.38879,-31.26589],[-65.388,-31.26589],[-65.38716,-31.26504],[-65.38718,-31.264],[-65.38744,-31.26288],[-65.38756,-31.26197],[-65.39136,-31.25852],[-65.3928,-31.25466],[-65.39688,-31.25548],[-65.39737,-31.25368],[-65.39411,-31.25227],[-65.39439,-31.2489],[-65.3925,-31.24764],[-65.39621,-31.24487],[-65.39895,-31.24435],[-65.40106,-31.24204],[-65.40629,-31.24801],[-65.41103,-31.25053],[-65.41849,-31.24944],[-65.41479,-31.24857],[-65.40935,-31.24792],[-65.40766,-31.24563],[-65.40739,-31.2391],[-65.40606,-31.23753],[-65.40717,-31.23464],[-65.40978,-31.23676],[-65.41403,-31.23818],[-65.40805,-31.23312],[-65.41006,-31.22936],[-65.41783,-31.23116],[-65.42073,-31.23056],[-65.41977,-31.22934],[-65.41971,-31.22896],[-65.42081,-31.22822],[-65.42235,-31.22822],[-65.42304,-31.22663],[-65.42715,-31.22498],[-65.42787,-31.22671],[-65.42919,-31.2263],[-65.43115,-31.22488],[-65.43107,-31.22434]]]},"properties":{"periodo":2024,"dts":"2023-12-07","dte":"2025-01-02","infobs":"incendio"}},
{"type":"Feature","geometry":{"type":"Polygon","coordinates":[[[-64.49402,-30.86281],[-64.49484,-30.86255],[-64.49674,-30.86315],[-64.49817,-30.86385],[-64.49882,-30.86346],[-64.50004,-30.86372],[-64.50125,-30.8638],[-64.50082,-30.8644],[-64.49971,-30.86459],[-64.49929,-30.86532],[-64.49955,-30.86581],[-64.49998,-30.8662],[-64.50043,-30.86597],[-64.50062,-30.86566],[-64.5012,-30.86578],[-64.50173,-30.86574],[-64.50215,-30.86509],[-64.50238,-30.86581],[-64.50273,-30.86627],[-64.5033,-30.86562],[-64.5046,-30.86562],[-64.50571,-30.86578],[-64.50567,-30.86612],[-64.50686,-30.86639],[-64.50778,-30.86483],[-64.50844,-30.86494],[-64.50865,-30.86513],[-64.50823,-30.86643],[-64.50877,-30.86715],[-64.50984,-30.86696],[-64.51075,-30.86688],[-64.51022,-30.86742],[-64.51114,-30.8675],[-64.51259,-30.86715],[-64.51345,-30.867],[-64.51351,-30.86746],[-64.51286,-30.86834],[-64.51232,-30.86895],[-64.51247,-30.86956],[-64.5137,-30.86872],[-64.51484,-30.86834],[-64.51569,-30.8683],[-64.51469,-30.8691],[-64.51419,-30.86922],[-64.51488,-30.8696],[-64.51423,-30.87032],[-64.51364,-30.87192],[-64.51323,-30.87287],[-64.51263,-30.87292],[-64.51194,-30.87403],[-64.51117,-30.87457],[-64.51033,-30.87503],[-64.5101,-30.87568],[-64.51125,-30.87548],[-64.5114,-30.8759],[-64.51022,-30.87671],[-64.5103,-30.87724],[-64.5091,-30.87835],[-64.50801,-30.87863],[-64.50742,-30.87957],[-64.50576,-30.87934],[-64.50538,-30.87829],[-64.504,-30.87896],[-64.50433,-30.87988],[-64.503,-30.88011],[-64.50175,-30.87965],[-64.5029,-30.87794],[-64.5041,-30.87658],[-64.5051,-30.87652],[-64.5051,-30.87602],[-64.50558,-30.87524],[-64.50704,-30.87105],[-64.50591,-30.87057],[-64.50377,-30.87516],[-64.50313,-30.87615],[-64.50224,-30.87664],[-64.50178,-30.87738],[-64.50066,-30.87667],[-64.50191,-30.87541],[-64.49985,-30.87471],[-64.49952,-30.87321],[-64.49917,-30.87196],[-64.49879,-30.87134],[-64.49714,-30.87211],[-64.49626,-30.87181],[-64.49526,-30.87135],[-64.49434,-30.8727],[-64.49396,-30.87308],[-64.49377,-30.87251],[-64.49407,-30.87197],[-64.49437,-30.87078],[-64.49344,-30.87056],[-64.49272,-30.8717],[-64.49261,-30.87121],[-64.49264,-30.87007],[-64.49133,-30.86958],[-64.49038,-30.8701],[-64.48994,-30.8717],[-64.48975,-30.87299],[-64.4893,-30.87308],[-64.48859,-30.8736],[-64.48835,-30.87433],[-64.48824,-30.87495],[-64.48838,-30.87603],[-64.48777,-30.87652],[-64.48705,-30.87584],[-64.48602,-30.87519],[-64.48523,-30.8746],[-64.48466,-30.87408],[-64.48427,-30.87333],[-64.48325,-30.87297],[-64.48295,-30.87237],[-64.48189,-30.87256],[-64.47904,-30.87452],[-64.47849,-30.87547],[-64.47784,-30.8753],[-64.47715,-30.87582],[-64.47617,-30.87596],[-64.47492,-30.87576],[-64.47449,-30.87533],[-64.47421,-30.87538],[-64.47383,-30.87487],[-64.47395,-30.8743],[-64.4735,-30.87381],[-64.4727,-30.87349],[-64.47213,-30.87349],[-64.47171,-30.87384],[-64.47161,-30.87468],[-64.47145,-30.8752],[-64.47058,-30.87599],[-64.46946,-30.87582],[-64.46903,-30.87628],[-64.46905,-30.87725],[-64.46817,-30.87719],[-64.46766,-30.87702],[-64.46722,-30.87655],[-64.467,-30.87604],[-64.46672,-30.87585],[-64.46595,-30.87602],[-64.46549,-30.87574],[-64.46588,-30.87482],[-64.46613,-30.87454],[-64.46804,-30.87442],[-64.47031,-30.87442],[-64.47077,-30.87342],[-64.47015,-30.87307],[-64.46972,-30.87234],[-64.47054,-30.87208],[-64.4715,-30.87199],[-64.47215,-30.87216],[-64.47245,-30.8719],[-64.47344,-30.87234],[-64.4744,-30.87268],[-64.47518,-30.87238],[-64.47639,-30.87247],[-64.47674,-30.87338],[-64.47821,-30.87338],[-64.47838,-30.87277],[-64.47959,-30.87268],[-64.48037,-30.87212],[-64.48016,-30.87147],[-64.47955,-30.87117],[-64.48033,-30.87047],[-64.48124,-30.87008],[-64.48202,-30.87013],[-64.48336,-30.87065],[-64.48418,-30.87065],[-64.48648,-30.8703],[-64.48709,-30.86952],[-64.48722,-30.86883],[-64.48748,-30.86826],[-64.48852,-30.86831],[-64.48908,-30.86788],[-64.48895,-30.86714],[-64.49111,-30.86684],[-64.49185,-30.86606],[-64.49228,-30.86549],[-64.49315,-30.86493],[-64.49402,-30.86281]]]},"properties":{"periodo":2024,"dts":"2023-12-07","dte":"2025-01-02","infobs":"incendio"}},
{"type":"Feature","geometry":{"type":"Polygon","coordinates":[[[-64.48139,-30.86146],[-64.48235,-30.86233],[-64.48344,-30.86372],[-64.48522,-30.86411],[-64.48732,-30.86503],[-64.48509,-30.86608],[-64.48509,-30.86651],[-64.48527,-30.86734],[-64.48453,-30.86839],[-64.48392,-30.86856],[-64.48339,-30.86821],[-64.48326,-30.86717],[-64.48248,-30.8669],[-64.48091,-30.86708],[-64.47947,-30.86817],[-64.47847,-30.86965],[-64.47808,-30.87074],[-64.47603,-30.87109],[-64.47529,-30.87126],[-64.47489,-30.86951],[-64.47511,-30.86795],[-64.47564,-30.86725],[-64.47664,-30.86621],[-64.47564,-30.86429],[-64.47815,-30.86249],[-64.47827,-30.86176],[-64.47947,-30.8618],[-64.48139,-30.86146]]]},"properties":{"periodo":2024,"dts":"2023-12-07","dte":"2025-01-02","infobs":"incendio"}},
{"type":"Feature","geometry":{"type":"Polygon","coordinates":[[[-65.4485,-30.6356],[-65.44854,-30.63504],[-65.44813,-30.63504],[-65.44806,-30.63456],[-65.44701,-30.63456],[-65.44675,-30.63404],[-65.44579,-30.63404],[-65.44556,-30.63303],[-65.44561,-30.63163],[-65.44685,-30.6291],[-65.44855,-30.62868],[-65.44913,-30.62894],[-65.44872,-30.62982],[-65.44841,-30.63087],[-65.4485,-30.63184],[-65.44891,-30.63272],[-65.44952,-30.63352],[-65.45002,-30.63431],[-65.45072,-30.63511],[-65.4511,-30.63537],[-65.45033,-30.63571],[-65.4485,-30.6356]]]},"properties":{"periodo":2024,"dts":"2023-12-07","dte":"2025-01-02","infobs":"ganaderia"}},
{"type":"Feature","geometry":{"type":"Polygon","coordinates":[[[-63.47571,-30.14009],[-63.47694,-30.14007],[-63.47717,-30.14011],[-63.47716,-30.14333],[-63.47763,-30.14333],[-63.4776,-30.14382],[-63.47719,-30.14384],[-63.47712,-30.14462],[-63.47668,-30.1448],[-63.47286,-30.14491],[-63.47198,-30.14511],[-63.47091,-30.14509],[-63.471,-30.14405],[-63.47093,-30.14284],[-63.47097,-30.14023],[-63.47172,-30.1401],[-63.47286,-30.14012],[-63.47571,-30.14009]]]},"properties":{"periodo":2024,"dts":"2024-01-25","dte":"2024-12-26","infobs":"silvopastoril/desarbustado"}},
{"type":"Feature","geometry":{"type":"Polygon","coordinates":[[[-63.47968,-29.92109],[-63.47929,-29.91943],[-63.47708,-29.91951],[-63.47731,-29.91947],[-63.47718,-29.91876],[-63.47343,-29.91959],[-63.47272,-29.91704],[-63.47147,-29.91781],[-63.4702,-29.9134],[-63.4727,-29.91285],[-63.47306,-29.91313],[-63.47316,-29.91337],[-63.47311,-29.91421],[-63.47495,-29.91416],[-63.47515,-29.9141],[-63.47654,-29.91459],[-63.47706,-29.91471],[-63.47754,-29.91472],[-63.47757,-29.91492],[-63.4788,-29.91499],[-63.47825,-29.91276],[-63.47909,-29.91257],[-63.48124,-29.92065],[-63.47968,-29.92109]]]},"properties":{"periodo":2024,"dts":"2024-01-25","dte":"2024-12-26","infobs":"silvopastoril/desarbustado"}},
{"type":"Feature","geometry":{"type":"Polygon","coordinates":[[[-63.4755,-29.92291],[-63.47519,-29.92281],[-63.47497,-29.9232],[-63.47338,-29.9233],[-63.4733,-29.92314],[-63.47538,-29.92272],[-63.4755,-29.92291]]]},"properties":{"periodo":2024,"dts":"2024-01-25","dte":"2024-12-26","infobs":"silvopastoril/desarbustado"}},
{"type":"Feature","geometry":{"type":"Polygon","coordinates":[[[-63.47605,-29.92383],[-63.47573,-29.92405],[-63.47573,-29.92329],[-63.47605,-29.92383]]]},"properties":{"periodo":2024,"dts":"2024-01-25","dte":"2024-12-26","infobs":"silvopastoril/desarbustado"}},
{"type":"Feature","geometry":{"type":"Polygon","coordinates":[[[-62.87828,-30.94795],[-62.87935,-30.94718],[-62.8782,-30.94825],[-62.87828,-30.94795]]]},"properties":{"periodo":2021,"dts":"2020-12-10","dte":"2021-12-30","infobs":"agricultura"}},
{"type":"Feature","geometry":{"type":"Polygon","coordinates":[[[-62.78515,-30.90484],[-62.78574,-30.90464],[-62.78734,-30.90424],[-62.78868,-30.90405],[-62.79016,-30.9038],[-62.79018,-30.9039],[-62.78711,-30.90451],[-62.78515,-30.90484]]]},"properties":{"periodo":2021,"dts":"2020-12-10","dte":"2021-12-30","infobs":"agricultura"}},
{"type":"Feature","geometry":{"type":"Polygon","coordinates":[[[-62.79251,-30.89973],[-62.79277,-30.89991],[-62.79288,-30.90021],[-62.7922,-30.90037],[-62.79249,-30.89998],[-62.79251,-30.89973]]]},"properties":{"periodo":2021,"dts":"2020-12-10","dte":"2021-12-30","infobs":"agricultura"}},
{"type":"Feature","geometry":{"type":"Polygon","coordinates":[[[-62.79151,-31.05695],[-62.79162,-31.05668],[-62.79227,-31.05655],[-62.79262,-31.05655],[-62.79317,-31.05668],[-62.79331,-31.05684],[-62.79256,-31.05706],[-62.79096,-31.05728],[-62.79151,-31.05695]]]},"properties":{"periodo":2021,"dts":"2020-12-10","dte":"2021-12-30","infobs":"incendio"}},
{"type":"Feature","geometry":{"type":"Polygon","coordinates":[[[-62.79202,-31.05078],[-62.79412,-31.05049],[-62.79385,-31.05103],[-62.79354,-31.05088],[-62.7933,-31.05095],[-62.79237,-31.05101],[-62.79215,-31.05116],[-62.79214,-31.05208],[-62.7925,-31.05232],[-62.79238,-31.05288],[-62.79249,-31.05316],[-62.79287,-31.05349],[-62.79287,-31.05394],[-62.79234,-31.05417],[-62.79247,-31.05457],[-62.79229,-31.05516],[-62.79242,-31.05556],[-62.79222,-31.05569],[-62.79165,-31.05562],[-62.79134,-31.05586],[-62.7911,-31.05584],[-62.79099,-31.05552],[-62.79103,-31.05502],[-62.79132,-31.05464],[-62.79132,-31.05432],[-62.79158,-31.0543],[-62.79225,-31.0531],[-62.79219,-31.05259],[-62.79194,-31.05228],[-62.79157,-31.05225],[-62.79086,-31.05241],[-62.79091,-31.05212],[-62.79192,-31.05191],[-62.79202,-31.05078]]]},"properties":{"periodo":2021,"dts":"2020-12-10","dte":"2021-12-30","infobs":"incendio"}},
{"type":"Feature","geometry":{"type":"Polygon","coordinates":[[[-63.30315,-31.15278],[-63.30325,-31.15273],[-63.3038,-31.15342],[-63.3041,-31.15349],[-63.30475,-31.1534],[-63.30479,-31.15359],[-63.30295,-31.15396],[-63.30309,-31.15429],[-63.30343,-31.15436],[-63.30299,-31.15487],[-63.30292,-31.15444],[-63.30274,-31.15439],[-63.3026,-31.1551],[-63.30221,-31.15448],[-63.30218,-31.154],[-63.30255,-31.15401],[-63.30278,-31.15367],[-63.30359,-31.15367],[-63.30366,-31.15358],[-63.30315,-31.15278]]]},"properties":{"periodo":2021,"dts":"2020-12-10","dte":"2021-12-30","infobs":"NA"}},
{"type":"Feature","geometry":{"type":"Polygon","coordinates":[[[-65.05974,-34.01512],[-65.05972,-34.01428],[-65.06004,-34.01422],[-65.06217,-34.01421],[-65.06311,-34.01417],[-65.06313,-34.01484],[-65.06302,-34.01528],[-65.05974,-34.01534],[-65.05974,-34.01512]]]},"properties":{"periodo":2021,"dts":"2020-12-31","dte":"2021-12-18","infobs":"agropecuario"}},
{"type":"Feature","geometry":{"type":"Polygon","coordinates":[[[-62.80802,-32.23576],[-62.80808,-32.23571],[-62.81289,-32.23469],[-62.81302,-32.23487],[-62.80815,-32.23589],[-62.80802,-32.23576]]]},"properties":{"periodo":2021,"dts":"2020-12-10","dte":"2021-12-25","infobs":"NA"}},
{"type":"Feature","geometry":{"type":"Polygon","coordinates":[[[-62.34289,-32.08601],[-62.34406,-32.08581],[-62.34426,-32.08594],[-62.34292,-32.08625],[-62.34289,-32.08601]]]},"properties":{"periodo":2021,"dts":"2020-12-10","dte":"2021-12-25","infobs":"NA"}},
{"type":"Feature","geometry":{"type":"Polygon","coordinates":[[[-62.34659,-32.08552],[-62.34677,-32.08538],[-62.34846,-32.08497],[-62.34892,-32.08495],[-62.34898,-32.08508],[-62.34654,-32.08564],[-62.34659,-32.08552]]]},"properties":{"periodo":2021,"dts":"2020-12-10","dte":"2021-12-25","infobs":"NA"}},
{"type":"Feature","geometry":{"type":"Polygon","coordinates":[[[-64.55495,-32.46004],[-64.55524,-32.4603],[-64.55491,-32.4605],[-64.55495,-32.46004]]]},"properties":{"periodo":2021,"dts":"2020-12-10","dte":"2021-12-15","infobs":"NA"}},
{"type":"Feature","geometry":{"type":"Polygon","coordinates":[[[-62.79385,-30.90026],[-62.79408,-30.90002],[-62.79444,-30.90011],[-62.79458,-30.90039],[-62.79416,-30.9005],[-62.79385,-30.90026]]]},"properties":{"periodo":2021,"dts":"2020-12-10","dte":"2021-12-30","infobs":"agricultura"}},
{"type":"Feature","geometry":{"type":"Polygon","coordinates":[[[-62.40682,-32.33676],[-62.40671,-32.3365],[-62.40733,-32.33624],[-62.40772,-32.33637],[-62.40772,-32.33682],[-62.40745,-32.33694],[-62.40708,-32.33727],[-62.40682,-32.33676]]]},"properties":{"periodo":2021,"dts":"2020-12-10","dte":"2021-12-25","infobs":"incendio"}},
{"type":"Feature","geometry":{"type":"Polygon","coordinates":[[[-62.71596,-31.91345],[-62.7166,-31.91335],[-62.71718,-31.91258],[-62.71633,-31.91167],[-62.71661,-31.91121],[-62.71704,-31.91103],[-62.71772,-31.912],[-62.71821,-31.91367],[-62.71801,-31.91383],[-62.71608,-31.91445],[-62.71596,-31.91345]]]},"properties":{"periodo":2021,"dts":"2020-12-10","dte":"2021-12-25","infobs":"NA"}},
{"type":"Feature","geometry":{"type":"Polygon","coordinates":[[[-62.46155,-30.97233],[-62.46156,-30.97215],[-62.46211,-30.97207],[-62.46206,-30.97229],[-62.46239,-30.97239],[-62.46285,-30.97216],[-62.46308,-30.97242],[-62.46294,-30.97311],[-62.46244,-30.97346],[-62.46202,-30.97357],[-62.46164,-30.97334],[-62.46107,-30.97313],[-62.46093,-30.97276],[-62.46102,-30.97258],[-62.46155,-30.97233]]]},"properties":{"periodo":2021,"dts":"2020-12-10","dte":"2021-12-30","infobs":"agricultura"}},
{"type":"Feature","geometry":{"type":"Polygon","coordinates":[[[-63.22359,-31.51606],[-63.22346,-31.5155],[-63.22386,-31.51576],[-63.22416,-31.51584],[-63.22418,-31.51606],[-63.22359,-31.51606]]]},"properties":{"periodo":2021,"dts":"2020-12-10","dte":"2021-12-30","infobs":"agricultura"}},
{"type":"Feature","geometry":{"type":"Polygon","coordinates":[[[-63.44662,-31.48216],[-63.44637,-31.48194],[-63.44682,-31.48192],[-63.44662,-31.48216]]]},"properties":{"periodo":2021,"dts":"2020-12-10","dte":"2021-12-30","infobs":"agricultura"}},
{"type":"Feature","geometry":{"type":"Polygon","coordinates":[[[-63.65107,-31.4377],[-63.65127,-31.43798],[-63.65184,-31.43792],[-63.65267,-31.4383],[-63.65086,-31.43816],[-63.65107,-31.4377]]]},"properties":{"periodo":2021,"dts":"2020-12-10","dte":"2021-12-30","infobs":"agricultura"}},
{"type":"Feature","geometry":{"type":"Polygon","coordinates":[[[-63.65582,-31.43849],[-63.65577,-31.43898],[-63.65579,-31.43922],[-63.65546,-31.43928],[-63.65483,-31.43908],[-63.65509,-31.43879],[-63.65563,-31.43721],[-63.65569,-31.43624],[-63.65562,-31.43591],[-63.65589,-31.43542],[-63.65574,-31.43669],[-63.65579,-31.43719],[-63.65572,-31.43804],[-63.65582,-31.43849]]]},"properties":{"periodo":2021,"dts":"2020-12-10","dte":"2021-12-30","infobs":"agricultura"}},
{"type":"Feature","geometry":{"type":"Polygon","coordinates":[[[-63.65592,-31.435],[-63.65583,-31.43438],[-63.65561,-31.43394],[-63.65584,-31.43369],[-63.65603,-31.43426],[-63.65592,-31.435]]]},"properties":{"periodo":2021,"dts":"2020-12-10","dte":"2021-12-30","infobs":"agricultura"}},
{"type":"Feature","geometry":{"type":"Polygon","coordinates":[[[-63.65453,-31.43242],[-63.65386,-31.43238],[-63.65391,-31.43212],[-63.655,-31.43222],[-63.65508,-31.43247],[-63.65453,-31.43242]]]},"properties":{"periodo":2021,"dts":"2020-12-10","dte":"2021-12-30","infobs":"agricultura"}},
{"type":"Feature","geometry":{"type":"Polygon","coordinates":[[[-63.11533,-31.11833],[-63.11509,-31.11783],[-63.11566,-31.11775],[-63.11581,-31.11838],[-63.11533,-31.11833]]]},"properties":{"periodo":2021,"dts":"2020-12-10","dte":"2021-12-30","infobs":"agricultura"}},
{"type":"Feature","geometry":{"type":"Polygon","coordinates":[[[-64.22872,-32.6653],[-64.22938,-32.66531],[-64.22971,-32.66585],[-64.22903,-32.66625],[-64.22872,-32.6653]]]},"properties":{"periodo":2021,"dts":"2020-12-10","dte":"2021-12-15","infobs":"agricultura"}},
{"type":"Feature","geometry":{"type":"Polygon","coordinates":[[[-64.22735,-32.65982],[-64.22912,-32.65951],[-64.22933,-32.66044],[-64.22758,-32.66071],[-64.22735,-32.65982]]]},"properties":{"periodo":2021,"dts":"2020-12-10","dte":"2021-12-15","infobs":"agricultura"}},
{"type":"Feature","geometry":{"type":"Polygon","coordinates":[[[-64.22643,-32.6569],[-64.22799,-32.65658],[-64.2274,-32.65692],[-64.22739,-32.6572],[-64.22829,-32.65707],[-64.22831,-32.65718],[-64.22708,-32.65744],[-64.22675,-32.65775],[-64.22643,-32.6569]]]},"properties":{"periodo":2021,"dts":"2020-12-10","dte":"2021-12-15","infobs":"agricultura"}},
{"type":"Feature","geometry":{"type":"Polygon","coordinates":[[[-64.22654,-32.65485],[-64.22648,-32.65448],[-64.22683,-32.65444],[-64.22683,-32.65472],[-64.22654,-32.65485]]]},"properties":{"periodo":2021,"dts":"2020-12-10","dte":"2021-12-15","infobs":"agricultura"}},
{"type":"Feature","geometry":{"type":"Polygon","coordinates":[[[-63.10492,-32.49757],[-63.10496,-32.49696],[-63.10567,-32.4966],[-63.1062,-32.4967],[-63.10614,-32.4974],[-63.10568,-32.49751],[-63.10521,-32.49793],[-63.10492,-32.49757]]]},"properties":{"periodo":2021,"dts":"2020-12-10","dte":"2021-12-15","infobs":"agricultura"}},
{"type":"Feature","geometry":{"type":"Polygon","coordinates":[[[-63.96094,-33.075],[-63.96148,-33.07616],[-63.96207,-33.07678],[-63.96286,-33.0772],[-63.96346,-33.07763],[-63.96371,-33.07799],[-63.96477,-33.07891],[-63.96469,-33.07913],[-63.96418,-33.07859],[-63.96348,-33.07816],[-63.9634,-33.07777],[-63.96305,-33.07748],[-63.9619,-33.07692],[-63.96137,-33.0761],[-63.96095,-33.07516],[-63.96038,-33.07506],[-63.96003,-33.07455],[-63.96011,-33.07424],[-63.96046,-33.07371],[-63.9606,-33.07365],[-63.96085,-33.07447],[-63.96094,-33.075]]]},"properties":{"periodo":2021,"dts":"2020-12-10","dte":"2021-12-25","infobs":"agricultura"}},
{"type":"Feature","geometry":{"type":"Polygon","coordinates":[[[-63.96058,-33.07358],[-63.96021,-33.07357],[-63.96008,-33.07309],[-63.96036,-33.07248],[-63.96058,-33.07358]]]},"properties":{"periodo":2021,"dts":"2020-12-10","dte":"2021-12-25","infobs":"agricultura"}},
{"type":"Feature","geometry":{"type":"Polygon","coordinates":[[[-63.95952,-33.06936],[-63.95941,-33.069],[-63.95862,-33.06582],[-63.95868,-33.06239],[-63.9583,-33.0623],[-63.95778,-33.0624],[-63.95709,-33.06204],[-63.95686,-33.06176],[-63.95882,-33.06213],[-63.95879,-33.06596],[-63.95952,-33.06936]]]},"properties":{"periodo":2021,"dts":"2020-12-10","dte":"2021-12-25","infobs":"agricultura"}},
{"type":"Feature","geometry":{"type":"Polygon","coordinates":[[[-62.79599,-30.90125],[-62.79604,-30.9009],[-62.79698,-30.9009],[-62.79749,-30.90119],[-62.79746,-30.90143],[-62.79608,-30.90165],[-62.79599,-30.90125]]]},"properties":{"periodo":2021,"dts":"2020-12-10","dte":"2021-12-30","infobs":"agricultura"}},
{"type":"Feature","geometry":{"type":"Polygon","coordinates":[[[-63.02841,-31.77209],[-63.02893,-31.77196],[-63.02901,-31.77222],[-63.02869,-31.77239],[-63.02867,-31.77265],[-63.02906,-31.77297],[-63.02909,-31.77313],[-63.02886,-31.77347],[-63.02851,-31.77361],[-63.02828,-31.77323],[-63.02808,-31.77213],[-63.02841,-31.77209]]]},"properties":{"periodo":2021,"dts":"2020-12-10","dte":"2021-12-15","infobs":"anegamiento"}},
{"type":"Feature","geometry":{"type":"Polygon","coordinates":[[[-63.02798,-31.77043],[-63.02807,-31.77037],[-63.02905,-31.77039],[-63.02946,-31.7705],[-63.02996,-31.771],[-63.03015,-31.77143],[-63.02942,-31.77096],[-63.02895,-31.77095],[-63.02856,-31.77104],[-63.02839,-31.77132],[-63.02812,-31.77135],[-63.02798,-31.77043]]]},"properties":{"periodo":2021,"dts":"2020-12-10","dte":"2021-12-15","infobs":"anegamiento"}},
{"type":"Feature","geometry":{"type":"Polygon","coordinates":[[[-62.80073,-31.7706],[-62.80104,-31.77018],[-62.80138,-31.77004],[-62.80139,-31.76938],[-62.80171,-31.76907],[-62.80157,-31.76863],[-62.80179,-31.76802],[-62.80213,-31.76802],[-62.80199,-31.77088],[-62.79878,-31.77103],[-62.79867,-31.77051],[-62.7987,-31.76964],[-62.79919,-31.76998],[-62.79927,-31.77024],[-62.80004,-31.77064],[-62.80073,-31.7706]]]},"properties":{"periodo":2021,"dts":"2020-12-10","dte":"2021-12-25","infobs":"anegamiento"}},
{"type":"Feature","geometry":{"type":"Polygon","coordinates":[[[-62.72229,-31.46094],[-62.72162,-31.46049],[-62.72114,-31.46031],[-62.72096,-31.46014],[-62.72106,-31.4596],[-62.72144,-31.45971],[-62.72172,-31.46011],[-62.72187,-31.46052],[-62.72229,-31.46094]]]},"properties":{"periodo":2021,"dts":"2020-12-10","dte":"2021-12-30","infobs":"anegamiento"}},
{"type":"Feature","geometry":{"type":"Polygon","coordinates":[[[-62.72255,-31.45838],[-62.72314,-31.45851],[-62.72343,-31.45921],[-62.72356,-31.45879],[-62.72375,-31.45858],[-62.72391,-31.4594],[-62.72368,-31.45959],[-62.72339,-31.45943],[-62.72282,-31.45928],[-62.72252,-31.45898],[-62.72255,-31.45838]]]},"properties":{"periodo":2021,"dts":"2020-12-10","dte":"2021-12-30","infobs":"anegamiento"}},
{"type":"Feature","geometry":{"type":"Polygon","coordinates":[[[-63.73136,-32.21716],[-63.73191,-32.21666],[-63.73221,-32.21601],[-63.73223,-32.21505],[-63.73274,-32.21513],[-63.73284,-32.21551],[-63.73272,-32.21586],[-63.73197,-32.21675],[-63.73153,-32.21717],[-63.7304,-32.21788],[-63.72987,-32.21786],[-63.72963,-32.21811],[-63.72971,-32.21723],[-63.72983,-32.21702],[-63.73026,-32.21663],[-63.731,-32.21557],[-63.7313,-32.21549],[-63.73151,-32.21582],[-63.73134,-32.21618],[-63.73106,-32.21646],[-63.73074,-32.21698],[-63.73094,-32.21718],[-63.73136,-32.21716]]]},"properties":{"periodo":2021,"dts":"2020-12-10","dte":"2021-12-15","infobs":"incendio"}},
{"type":"Feature","geometry":{"type":"Polygon","coordinates":[[[-62.40589,-32.33275],[-62.40622,-32.33302],[-62.40685,-32.33298],[-62.40676,-32.33366],[-62.40685,-32.33424],[-62.40684,-32.33467],[-62.40661,-32.33489],[-62.40633,-32.33486],[-62.40589,-32.33275]]]},"properties":{"periodo":2021,"dts":"2020-12-10","dte":"2021-12-25","infobs":"incendio"}},
{"type":"Feature","geometry":{"type":"Polygon","coordinates":[[[-62.84621,-31.82816],[-62.84685,-31.82871],[-62.84723,-31.8288],[-62.84771,-31.82913],[-62.84634,-31.82927],[-62.84621,-31.82816]]]},"properties":{"periodo":2021,"dts":"2020-12-10","dte":"2021-12-25","infobs":"incendio"}},
{"type":"Feature","geometry":{"type":"Polygon","coordinates":[[[-62.77669,-31.39066],[-62.77663,-31.39318],[-62.77631,-31.39285],[-62.77629,-31.39203],[-62.77606,-31.39191],[-62.77558,-31.39216],[-62.77536,-31.39215],[-62.77495,-31.39192],[-62.77467,-31.39195],[-62.77472,-31.39234],[-62.77444,-31.39233],[-62.7735,-31.39248],[-62.77373,-31.39271],[-62.77368,-31.39292],[-62.77329,-31.39308],[-62.77329,-31.39367],[-62.77366,-31.39357],[-62.77414,-31.39355],[-62.77458,-31.39328],[-62.77502,-31.39369],[-62.77569,-31.39398],[-62.77593,-31.39419],[-62.77567,-31.3944],[-62.7757,-31.3946],[-62.77602,-31.3948],[-62.77602,-31.39517],[-62.77639,-31.39511],[-62.77655,-31.39539],[-62.77393,-31.39673],[-62.77418,-31.39635],[-62.77408,-31.39588],[-62.7738,-31.39556],[-62.77406,-31.39519],[-62.77403,-31.39488],[-62.77375,-31.39425],[-62.7735,-31.39414],[-62.77336,-31.39472],[-62.77281,-31.39484],[-62.77269,-31.39452],[-62.77285,-31.39385],[-62.77251,-31.39369],[-62.77221,-31.39376],[-62.77212,-31.39418],[-62.77223,-31.39444],[-62.77179,-31.39459],[-62.77131,-31.39459],[-62.77068,-31.39445],[-62.77063,-31.39483],[-62.77087,-31.39542],[-62.77078,-31.39557],[-62.77101,-31.39636],[-62.77124,-31.39683],[-62.77145,-31.397],[-62.77152,-31.39756],[-62.77186,-31.39779],[-62.76969,-31.39891],[-62.76938,-31.39755],[-62.76952,-31.39751],[-62.76849,-31.39248],[-62.76912,-31.39238],[-62.76955,-31.39312],[-62.77047,-31.39306],[-62.77044,-31.39288],[-62.77001,-31.39258],[-62.7699,-31.39225],[-62.77047,-31.39217],[-62.77119,-31.39281],[-62.77164,-31.39266],[-62.77154,-31.39226],[-62.77669,-31.39066]],[[-62.76987,-31.39332],[-62.77001,-31.39356],[-62.77036,-31.39356],[-62.77054,-31.39411],[-62.77073,-31.39397],[-62.77061,-31.39367],[-62.77068,-31.39333],[-62.76987,-31.39332]]]},"properties":{"periodo":2021,"dts":"2020-12-10","dte":"2021-12-30","infobs":"incendio"}},
{"type":"Feature","geometry":{"type":"Polygon","coordinates":[[[-62.75778,-31.34524],[-62.75797,-31.34516],[-62.75833,-31.34462],[-62.75901,-31.34485],[-62.75893,-31.34524],[-62.75853,-31.34541],[-62.75846,-31.34592],[-62.75832,-31.34609],[-62.75778,-31.34524]]]},"properties":{"periodo":2021,"dts":"2020-12-10","dte":"2021-12-30","infobs":"incendio"}},
{"type":"Feature","geometry":{"type":"Polygon","coordinates":[[[-62.76213,-31.34451],[-62.76231,-31.3442],[-62.76278,-31.34407],[-62.76346,-31.34429],[-62.76327,-31.34465],[-62.7636,-31.34531],[-62.76309,-31.34503],[-62.76291,-31.34468],[-62.7627,-31.34478],[-62.76277,-31.34513],[-62.76177,-31.34518],[-62.76147,-31.34532],[-62.76113,-31.34564],[-62.75985,-31.34505],[-62.75936,-31.34471],[-62.75959,-31.34424],[-62.76009,-31.34432],[-62.76041,-31.34415],[-62.7607,-31.34416],[-62.76099,-31.34454],[-62.7614,-31.3444],[-62.76194,-31.34456],[-62.76213,-31.34451]]]},"properties":{"periodo":2021,"dts":"2020-12-10","dte":"2021-12-30","infobs":"incendio"}},
{"type":"Feature","geometry":{"type":"Polygon","coordinates":[[[-62.83611,-30.91452],[-62.83642,-30.91446],[-62.83722,-30.91461],[-62.83746,-30.91536],[-62.83708,-30.91552],[-62.83649,-30.91504],[-62.83612,-30.91487],[-62.83611,-30.91452]]]},"properties":{"periodo":2021,"dts":"2020-12-10","dte":"2021-12-30","infobs":"incendio"}},
{"type":"Feature","geometry":{"type":"Polygon","coordinates":[[[-64.38886,-32.838],[-64.38953,-32.83771],[-64.38974,-32.83755],[-64.39055,-32.8376],[-64.39012,-32.838],[-64.38877,-32.83811],[-64.38886,-32.838]]]},"properties":{"periodo":2021,"dts":"2020-12-10","dte":"2021-12-15","infobs":"infraestructura"}},
{"type":"Feature","geometry":{"type":"Polygon","coordinates":[[[-63.26228,-32.45137],[-63.26209,-32.45062],[-63.26238,-32.45048],[-63.26265,-32.4509],[-63.26228,-32.45137]]]},"properties":{"periodo":2021,"dts":"2020-12-10","dte":"2021-12-15","infobs":"infraestructura"}},
{"type":"Feature","geometry":{"type":"Polygon","coordinates":[[[-63.26204,-32.45004],[-63.2623,-32.45021],[-63.26203,-32.4504],[-63.26204,-32.45004]]]},"properties":{"periodo":2021,"dts":"2020-12-10","dte":"2021-12-15","infobs":"infraestructura"}},
{"type":"Feature","geometry":{"type":"Polygon","coordinates":[[[-63.48682,-31.54645],[-63.48654,-31.54613],[-63.48671,-31.54592],[-63.48702,-31.54596],[-63.48707,-31.5464],[-63.48682,-31.54645]]]},"properties":{"periodo":2021,"dts":"2020-12-10","dte":"2021-12-30","infobs":"NA"}},
{"type":"Feature","geometry":{"type":"Polygon","coordinates":[[[-63.48645,-31.54392],[-63.48637,-31.54357],[-63.48667,-31.54362],[-63.48645,-31.54392]]]},"properties":{"periodo":2021,"dts":"2020-12-10","dte":"2021-12-30","infobs":"NA"}},
{"type":"Feature","geometry":{"type":"Polygon","coordinates":[[[-63.48482,-31.54314],[-63.48475,-31.54279],[-63.48522,-31.54285],[-63.48571,-31.54308],[-63.48497,-31.54327],[-63.48482,-31.54314]]]},"properties":{"periodo":2021,"dts":"2020-12-10","dte":"2021-12-30","infobs":"NA"}},
{"type":"Feature","geometry":{"type":"Polygon","coordinates":[[[-63.47847,-31.32653],[-63.47884,-31.32656],[-63.47902,-31.32691],[-63.47957,-31.32701],[-63.47949,-31.32753],[-63.47911,-31.3279],[-63.47874,-31.32788],[-63.4783,-31.32755],[-63.47793,-31.32673],[-63.47813,-31.32655],[-63.47847,-31.32653]]]},"properties":{"periodo":2021,"dts":"2020-12-10","dte":"2021-12-30","infobs":"NA"}},
{"type":"Feature","geometry":{"type":"Polygon","coordinates":[[[-63.46348,-31.26088],[-63.46344,-31.26081],[-63.46465,-31.25918],[-63.46372,-31.25755],[-63.46402,-31.25717],[-63.46484,-31.25861],[-63.46487,-31.25927],[-63.46408,-31.26051],[-63.46356,-31.26104],[-63.46348,-31.26088]]]},"properties":{"periodo":2021,"dts":"2020-12-10","dte":"2021-12-30","infobs":"NA"}},
{"type":"Feature","geometry":{"type":"Polygon","coordinates":[[[-63.41896,-31.18781],[-63.42029,-31.18748],[-63.42063,-31.18782],[-63.41943,-31.18809],[-63.41911,-31.18828],[-63.41896,-31.18781]]]},"properties":{"periodo":2021,"dts":"2020-12-10","dte":"2021-12-30","infobs":"NA"}},
{"type":"Feature","geometry":{"type":"Polygon","coordinates":[[[-63.67736,-32.59006],[-63.67737,-32.58989],[-63.67988,-32.5898],[-63.67964,-32.59008],[-63.67736,-32.59006]]]},"properties":{"periodo":2021,"dts":"2020-12-10","dte":"2021-12-25","infobs":"NA"}},
{"type":"Feature","geometry":{"type":"Polygon","coordinates":[[[-63.67548,-32.58525],[-63.67501,-32.58498],[-63.67515,-32.58458],[-63.67545,-32.58478],[-63.67653,-32.58432],[-63.67726,-32.58412],[-63.6773,-32.58461],[-63.6759,-32.58491],[-63.67548,-32.58525]]]},"properties":{"periodo":2021,"dts":"2020-12-10","dte":"2021-12-25","infobs":"NA"}},
{"type":"Feature","geometry":{"type":"Polygon","coordinates":[[[-63.68686,-32.58267],[-63.68698,-32.58261],[-63.68839,-32.58469],[-63.691,-32.58307],[-63.69111,-32.58322],[-63.6885,-32.58487],[-63.69017,-32.5873],[-63.69006,-32.58742],[-63.68833,-32.58493],[-63.68623,-32.58627],[-63.68946,-32.58802],[-63.68938,-32.58813],[-63.68333,-32.58492],[-63.68335,-32.58475],[-63.686,-32.58615],[-63.68822,-32.58478],[-63.68686,-32.58267]]]},"properties":{"periodo":2021,"dts":"2020-12-10","dte":"2021-12-25","infobs":"NA"}},
{"type":"Feature","geometry":{"type":"Polygon","coordinates":[[[-63.68592,-32.58131],[-63.68612,-32.5813],[-63.68671,-32.5822],[-63.68808,-32.58153],[-63.68795,-32.58174],[-63.68744,-32.58193],[-63.68732,-32.58213],[-63.68606,-32.58279],[-63.6848,-32.58337],[-63.68322,-32.58424],[-63.68332,-32.58402],[-63.68174,-32.58218],[-63.68186,-32.582],[-63.68342,-32.58389],[-63.68544,-32.58285],[-63.6848,-32.58242],[-63.68398,-32.58145],[-63.68355,-32.58106],[-63.68369,-32.58097],[-63.68426,-32.58154],[-63.68477,-32.58221],[-63.68552,-32.58274],[-63.68652,-32.58229],[-63.68592,-32.58131]]]},"properties":{"periodo":2021,"dts":"2020-12-10","dte":"2021-12-25","infobs":"NA"}},
{"type":"Feature","geometry":{"type":"Polygon","coordinates":[[[-63.67921,-32.58029],[-63.67936,-32.58013],[-63.68135,-32.58216],[-63.68117,-32.58228],[-63.67921,-32.58029]]]},"properties":{"periodo":2021,"dts":"2020-12-10","dte":"2021-12-25","infobs":"NA"}},
{"type":"Feature","geometry":{"type":"Polygon","coordinates":[[[-63.68046,-32.5789],[-63.68056,-32.57878],[-63.68291,-32.58128],[-63.68279,-32.58135],[-63.68046,-32.5789]]]},"properties":{"periodo":2021,"dts":"2020-12-10","dte":"2021-12-25","infobs":"NA"}},
{"type":"Feature","geometry":{"type":"Polygon","coordinates":[[[-63.6803,-32.57768],[-63.6798,-32.57794],[-63.68043,-32.57864],[-63.68031,-32.57877],[-63.67978,-32.57814],[-63.67957,-32.578],[-63.67902,-32.57814],[-63.67891,-32.57867],[-63.67907,-32.57914],[-63.67959,-32.57954],[-63.67945,-32.57969],[-63.67881,-32.57903],[-63.67868,-32.57842],[-63.67886,-32.57795],[-63.6803,-32.57768]]]},"properties":{"periodo":2021,"dts":"2020-12-10","dte":"2021-12-25","infobs":"NA"}},
{"type":"Feature","geometry":{"type":"Polygon","coordinates":[[[-62.66371,-32.39798],[-62.66399,-32.398],[-62.66381,-32.39827],[-62.66355,-32.39835],[-62.66371,-32.39798]]]},"properties":{"periodo":2021,"dts":"2020-12-10","dte":"2021-12-25","infobs":"NA"}},
{"type":"Feature","geometry":{"type":"Polygon","coordinates":[[[-62.66542,-32.39669],[-62.66503,-32.396],[-62.66523,-32.39594],[-62.66552,-32.39635],[-62.66542,-32.39669]]]},"properties":{"periodo":2021,"dts":"2020-12-10","dte":"2021-12-25","infobs":"NA"}},
{"type":"Feature","geometry":{"type":"Polygon","coordinates":[[[-62.66754,-32.3958],[-62.66747,-32.39625],[-62.66689,-32.39632],[-62.66706,-32.39584],[-62.66754,-32.3958]]]},"properties":{"periodo":2021,"dts":"2020-12-10","dte":"2021-12-25","infobs":"NA"}},
{"type":"Feature","geometry":{"type":"Polygon","coordinates":[[[-62.66951,-32.3952],[-62.66954,-32.39482],[-62.67017,-32.39465],[-62.67053,-32.39563],[-62.67035,-32.39565],[-62.67006,-32.39531],[-62.66951,-32.3952]]]},"properties":{"periodo":2021,"dts":"2020-12-10","dte":"2021-12-25","infobs":"NA"}},
{"type":"Feature","geometry":{"type":"Polygon","coordinates":[[[-62.66841,-32.39261],[-62.66847,-32.39306],[-62.66864,-32.39307],[-62.66843,-32.39487],[-62.66822,-32.39492],[-62.66841,-32.39261]]]},"properties":{"periodo":2021,"dts":"2020-12-10","dte":"2021-12-25","infobs":"NA"}},
{"type":"Feature","geometry":{"type":"Polygon","coordinates":[[[-62.85648,-31.69414],[-62.85663,-31.69465],[-62.8567,-31.69768],[-62.85643,-31.69808],[-62.85658,-31.69891],[-62.85711,-31.69886],[-62.85699,-31.69783],[-62.85831,-31.69765],[-62.85846,-31.69781],[-62.85903,-31.69756],[-62.85944,-31.6976],[-62.85993,-31.6974],[-62.86188,-31.69714],[-62.86209,-31.6972],[-62.86584,-31.69666],[-62.86718,-31.70332],[-62.8692,-31.70296],[-62.86929,-31.70306],[-62.86108,-31.70479],[-62.86073,-31.70437],[-62.86064,-31.70411],[-62.86041,-31.70402],[-62.85969,-31.70427],[-62.85947,-31.70442],[-62.85938,-31.70475],[-62.85895,-31.70509],[-62.85799,-31.70493],[-62.8574,-31.70518],[-62.85682,-31.70534],[-62.8546,-31.70382],[-62.85292,-31.70213],[-62.8493,-31.70225],[-62.84843,-31.70199],[-62.84726,-31.69566],[-62.85648,-31.69414]],[[-62.85526,-31.70328],[-62.85526,-31.70252],[-62.85511,-31.70224],[-62.85469,-31.70206],[-62.85422,-31.70202],[-62.85448,-31.70362],[-62.85492,-31.70374],[-62.85526,-31.70328]]]},"properties":{"periodo":2021,"dts":"2020-12-10","dte":"2021-12-30","infobs":"NA"}},
{"type":"Feature","geometry":{"type":"Polygon","coordinates":[[[-62.76761,-31.39501],[-62.76822,-31.39502],[-62.76836,-31.3953],[-62.76823,-31.39545],[-62.76757,-31.39529],[-62.76761,-31.39501]]]},"properties":{"periodo":2021,"dts":"2020-12-10","dte":"2021-12-30","infobs":"NA"}},
{"type":"Feature","geometry":{"type":"Polygon","coordinates":[[[-62.76852,-31.39555],[-62.76863,-31.39541],[-62.76849,-31.39486],[-62.76869,-31.39452],[-62.7693,-31.39743],[-62.76928,-31.39749],[-62.7671,-31.39728],[-62.76716,-31.39685],[-62.76736,-31.39646],[-62.76724,-31.39578],[-62.76745,-31.39561],[-62.76832,-31.39567],[-62.76852,-31.39555]]]},"properties":{"periodo":2021,"dts":"2020-12-10","dte":"2021-12-30","infobs":"NA"}},
{"type":"Feature","geometry":{"type":"Polygon","coordinates":[[[-62.76645,-31.39491],[-62.7661,-31.39416],[-62.76635,-31.39394],[-62.76739,-31.39418],[-62.76765,-31.39433],[-62.76754,-31.39495],[-62.76645,-31.39491]]]},"properties":{"periodo":2021,"dts":"2020-12-10","dte":"2021-12-30","infobs":"NA"}},
{"type":"Feature","geometry":{"type":"Polygon","coordinates":[[[-62.76848,-31.39353],[-62.76846,-31.3937],[-62.7669,-31.39352],[-62.76663,-31.39343],[-62.76636,-31.39313],[-62.76621,-31.39249],[-62.76552,-31.39251],[-62.76514,-31.39241],[-62.7648,-31.39212],[-62.76397,-31.39173],[-62.76519,-31.39154],[-62.76531,-31.39172],[-62.76577,-31.39169],[-62.76654,-31.39157],[-62.76688,-31.39179],[-62.76695,-31.39232],[-62.76712,-31.39289],[-62.76687,-31.39325],[-62.76732,-31.39336],[-62.76848,-31.39353]]]},"properties":{"periodo":2021,"dts":"2020-12-10","dte":"2021-12-30","infobs":"NA"}},
{"type":"Feature","geometry":{"type":"Polygon","coordinates":[[[-62.84989,-31.38777],[-62.84956,-31.38826],[-62.84872,-31.38825],[-62.84875,-31.3877],[-62.84989,-31.38777]]]},"properties":{"periodo":2021,"dts":"2020-12-10","dte":"2021-12-30","infobs":"NA"}},
{"type":"Feature","geometry":{"type":"Polygon","coordinates":[[[-62.7244,-31.21235],[-62.72494,-31.21222],[-62.72524,-31.21244],[-62.72503,-31.21267],[-62.72505,-31.2129],[-62.72541,-31.21308],[-62.72556,-31.21365],[-62.72469,-31.21366],[-62.7244,-31.21235]]]},"properties":{"periodo":2021,"dts":"2020-12-10","dte":"2021-12-30","infobs":"NA"}},
{"type":"Feature","geometry":{"type":"Polygon","coordinates":[[[-62.53734,-31.15171],[-62.53747,-31.15152],[-62.53783,-31.15154],[-62.53801,-31.15181],[-62.53864,-31.15181],[-62.53892,-31.15174],[-62.53969,-31.15177],[-62.54009,-31.15161],[-62.54074,-31.15154],[-62.5401,-31.15317],[-62.53878,-31.15344],[-62.53765,-31.15343],[-62.53738,-31.15327],[-62.53712,-31.15295],[-62.53717,-31.15265],[-62.53747,-31.1524],[-62.53734,-31.15171]]]},"properties":{"periodo":2021,"dts":"2020-12-10","dte":"2021-12-30","infobs":"NA"}},
{"type":"Feature","geometry":{"type":"Polygon","coordinates":[[[-62.54096,-31.15152],[-62.54141,-31.15149],[-62.54146,-31.15088],[-62.54184,-31.15072],[-62.54207,-31.15137],[-62.54189,-31.15151],[-62.54183,-31.15192],[-62.54189,-31.1522],[-62.54138,-31.1526],[-62.54111,-31.15292],[-62.54041,-31.1531],[-62.54096,-31.15152]]]},"properties":{"periodo":2021,"dts":"2020-12-10","dte":"2021-12-30","infobs":"NA"}},
{"type":"Feature","geometry":{"type":"Polygon","coordinates":[[[-62.54107,-31.15079],[-62.54076,-31.1503],[-62.54132,-31.1501],[-62.54107,-31.15079]]]},"properties":{"periodo":2021,"dts":"2020-12-10","dte":"2021-12-30","infobs":"NA"}},
{"type":"Feature","geometry":{"type":"Polygon","coordinates":[[[-62.53531,-31.14637],[-62.53528,-31.14629],[-62.53914,-31.14565],[-62.54034,-31.14814],[-62.54008,-31.14844],[-62.53957,-31.14877],[-62.53979,-31.14945],[-62.5396,-31.14975],[-62.5392,-31.14954],[-62.53855,-31.14968],[-62.5383,-31.14956],[-62.53824,-31.1492],[-62.53745,-31.14898],[-62.53752,-31.14856],[-62.53688,-31.14818],[-62.53749,-31.14783],[-62.53763,-31.14748],[-62.53734,-31.14698],[-62.53666,-31.14698],[-62.53602,-31.14718],[-62.53578,-31.1474],[-62.53555,-31.14728],[-62.53531,-31.14637]]]},"properties":{"periodo":2021,"dts":"2020-12-10","dte":"2021-12-30","infobs":"NA"}},
{"type":"Feature","geometry":{"type":"Polygon","coordinates":[[[-62.5444,-31.14477],[-62.54432,-31.14498],[-62.54438,-31.14553],[-62.54405,-31.14559],[-62.54377,-31.14531],[-62.54341,-31.14523],[-62.54283,-31.14536],[-62.54188,-31.14545],[-62.54054,-31.14582],[-62.54026,-31.14607],[-62.53989,-31.14658],[-62.53944,-31.1456],[-62.5444,-31.14477]]]},"properties":{"periodo":2021,"dts":"2020-12-10","dte":"2021-12-30","infobs":"NA"}},
{"type":"Feature","geometry":{"type":"Polygon","coordinates":[[[-62.46829,-30.97875],[-62.46788,-30.97823],[-62.46746,-30.9779],[-62.46716,-30.97707],[-62.47127,-30.97786],[-62.47194,-30.97816],[-62.4728,-30.97825],[-62.47274,-30.97851],[-62.47244,-30.97873],[-62.47253,-30.97934],[-62.47239,-30.97961],[-62.47259,-30.97977],[-62.47335,-30.97947],[-62.4736,-30.97924],[-62.47375,-30.97889],[-62.47417,-30.97901],[-62.47421,-30.97962],[-62.47397,-30.97999],[-62.47399,-30.98024],[-62.47425,-30.98055],[-62.47464,-30.9815],[-62.47463,-30.98178],[-62.47425,-30.98189],[-62.47313,-30.98198],[-62.47285,-30.98183],[-62.47285,-30.9813],[-62.47268,-30.98105],[-62.47217,-30.98079],[-62.47161,-30.98022],[-62.47146,-30.97976],[-62.47082,-30.97937],[-62.46951,-30.97901],[-62.46918,-30.97877],[-62.46854,-30.97883],[-62.46829,-30.97875]]]},"properties":{"periodo":2021,"dts":"2020-12-10","dte":"2021-12-30","infobs":"NA"}},
{"type":"Feature","geometry":{"type":"Polygon","coordinates":[[[-62.42443,-30.93412],[-62.42455,-30.93401],[-62.4248,-30.93419],[-62.42455,-30.93429],[-62.42443,-30.93412]]]},"properties":{"periodo":2021,"dts":"2020-12-10","dte":"2021-12-30","infobs":"NA"}},
{"type":"Feature","geometry":{"type":"Polygon","coordinates":[[[-62.42196,-30.93288],[-62.42266,-30.93296],[-62.42251,-30.93331],[-62.42257,-30.93374],[-62.42209,-30.93351],[-62.42209,-30.93327],[-62.42234,-30.93311],[-62.42196,-30.93288]]]},"properties":{"periodo":2021,"dts":"2020-12-10","dte":"2021-12-30","infobs":"NA"}},
{"type":"Feature","geometry":{"type":"Polygon","coordinates":[[[-62.42239,-30.93125],[-62.42258,-30.93128],[-62.42241,-30.93188],[-62.42213,-30.93224],[-62.42186,-30.93193],[-62.42186,-30.93158],[-62.42239,-30.93125]]]},"properties":{"periodo":2021,"dts":"2020-12-10","dte":"2021-12-30","infobs":"NA"}},
{"type":"Feature","geometry":{"type":"Polygon","coordinates":[[[-62.64267,-30.90874],[-62.64269,-30.90832],[-62.64297,-30.90833],[-62.64305,-30.9087],[-62.6433,-30.90896],[-62.64299,-30.90915],[-62.64267,-30.90874]]]},"properties":{"periodo":2021,"dts":"2020-12-10","dte":"2021-12-30","infobs":"NA"}},
{"type":"Feature","geometry":{"type":"Polygon","coordinates":[[[-62.5241,-30.89433],[-62.52378,-30.89407],[-62.52315,-30.89388],[-62.52239,-30.89339],[-62.52344,-30.89345],[-62.52382,-30.89402],[-62.5241,-30.89433]]]},"properties":{"periodo":2021,"dts":"2020-12-10","dte":"2021-12-30","infobs":"NA"}},
{"type":"Feature","geometry":{"type":"Polygon","coordinates":[[[-62.52784,-30.89432],[-62.52793,-30.89357],[-62.52816,-30.89321],[-62.52845,-30.8935],[-62.52837,-30.89423],[-62.52784,-30.89432]]]},"properties":{"periodo":2021,"dts":"2020-12-10","dte":"2021-12-30","infobs":"NA"}},
{"type":"Feature","geometry":{"type":"Polygon","coordinates":[[[-63.44572,-31.48996],[-63.44575,-31.48962],[-63.44655,-31.48967],[-63.44655,-31.48995],[-63.44627,-31.49002],[-63.44572,-31.48996]]]},"properties":{"periodo":2021,"dts":"2020-12-10","dte":"2021-12-30","infobs":"agricultura"}},
{"type":"Feature","geometry":{"type":"Polygon","coordinates":[[[-62.87139,-30.95355],[-62.87163,-30.95361],[-62.86822,-30.95643],[-62.86816,-30.95628],[-62.8712,-30.95359],[-62.87139,-30.95355]]]},"properties":{"periodo":2021,"dts":"2020-12-10","dte":"2021-12-30","infobs":"agricultura"}},
{"type":"Feature","geometry":{"type":"Polygon","coordinates":[[[-62.87333,-30.95205],[-62.87327,-30.95181],[-62.87399,-30.95134],[-62.87448,-30.95117],[-62.87458,-30.95087],[-62.87496,-30.9506],[-62.87591,-30.94982],[-62.87606,-30.94994],[-62.87444,-30.95138],[-62.8744,-30.95154],[-62.87401,-30.95167],[-62.87333,-30.95205]]]},"properties":{"periodo":2021,"dts":"2020-12-10","dte":"2021-12-30","infobs":"agricultura"}},
{"type":"Feature","geometry":{"type":"Polygon","coordinates":[[[-62.4907,-30.95638],[-62.49121,-30.95647],[-62.49214,-30.95739],[-62.49244,-30.95761],[-62.49095,-30.95783],[-62.4907,-30.95638]]]},"properties":{"periodo":2022,"dts":"2021-12-30","dte":"2022-12-30","infobs":"agricultura"}},
{"type":"Feature","geometry":{"type":"Polygon","coordinates":[[[-64.65711,-32.75833],[-64.65561,-32.75777],[-64.65606,-32.75719],[-64.65795,-32.75769],[-64.65895,-32.75889],[-64.65997,-32.75863],[-64.66036,-32.7579],[-64.66173,-32.75793],[-64.66149,-32.75834],[-64.66091,-32.75909],[-64.65989,-32.76013],[-64.65959,-32.76051],[-64.65893,-32.7619],[-64.65859,-32.76224],[-64.6577,-32.76336],[-64.65704,-32.76408],[-64.65622,-32.76462],[-64.65485,-32.76531],[-64.65436,-32.76549],[-64.6533,-32.7655],[-64.6551,-32.76416],[-64.65594,-32.76323],[-64.65718,-32.76239],[-64.65739,-32.76103],[-64.65554,-32.7599],[-64.65627,-32.75907],[-64.65684,-32.75911],[-64.65711,-32.75833]]]},"properties":{"periodo":2022,"dts":"2021-12-18","dte":"2022-12-29","infobs":"incendio"}},
{"type":"Feature","geometry":{"type":"Polygon","coordinates":[[[-64.59554,-33.07828],[-64.5948,-33.07756],[-64.59428,-33.07688],[-64.59353,-33.07644],[-64.59386,-33.07551],[-64.59434,-33.07569],[-64.59476,-33.07596],[-64.59593,-33.07696],[-64.59592,-33.07736],[-64.59612,-33.07776],[-64.59677,-33.0782],[-64.59655,-33.07839],[-64.59554,-33.07828]]]},"properties":{"periodo":2022,"dts":"2021-12-18","dte":"2022-12-29","infobs":"incendio"}},
{"type":"Feature","geometry":{"type":"Polygon","coordinates":[[[-65.02498,-34.47268],[-65.02464,-34.47207],[-65.02387,-34.47158],[-65.02318,-34.47129],[-65.02208,-34.47091],[-65.02216,-34.47009],[-65.0238,-34.47007],[-65.02447,-34.47017],[-65.02496,-34.47035],[-65.02519,-34.47075],[-65.02544,-34.47162],[-65.02548,-34.47342],[-65.02562,-34.47429],[-65.02563,-34.47474],[-65.02576,-34.47517],[-65.02614,-34.47549],[-65.02662,-34.47565],[-65.02717,-34.47564],[-65.02749,-34.47545],[-65.02747,-34.475],[-65.02769,-34.47413],[-65.02791,-34.4738],[-65.02801,-34.47337],[-65.02796,-34.47111],[-65.02805,-34.47071],[-65.02908,-34.47045],[-65.03451,-34.47036],[-65.03463,-34.47072],[-65.03472,-34.47446],[-65.03484,-34.47489],[-65.03489,-34.47669],[-65.03501,-34.47711],[-65.03502,-34.47756],[-65.03532,-34.47843],[-65.03556,-34.47883],[-65.03564,-34.47927],[-65.03554,-34.4797],[-65.03534,-34.47998],[-65.0349,-34.48018],[-65.03419,-34.48065],[-65.03381,-34.48007],[-65.03311,-34.47976],[-65.03254,-34.47972],[-65.03223,-34.48042],[-65.03235,-34.4808],[-65.02428,-34.48093],[-65.02418,-34.48038],[-65.02444,-34.48005],[-65.02513,-34.47994],[-65.02545,-34.47946],[-65.02573,-34.47881],[-65.02638,-34.47828],[-65.02711,-34.4774],[-65.0266,-34.47651],[-65.0257,-34.47628],[-65.02569,-34.477],[-65.02518,-34.47703],[-65.0248,-34.47751],[-65.02514,-34.4781],[-65.02519,-34.4787],[-65.02475,-34.4791],[-65.02425,-34.47993],[-65.02257,-34.47862],[-65.0218,-34.47885],[-65.02181,-34.4794],[-65.0223,-34.47991],[-65.02322,-34.48059],[-65.02332,-34.48095],[-65.02168,-34.48097],[-65.02116,-34.48087],[-65.02082,-34.48052],[-65.02069,-34.4801],[-65.02055,-34.47922],[-65.02052,-34.47787],[-65.02073,-34.477],[-65.02071,-34.47655],[-65.02103,-34.47624],[-65.02128,-34.47578],[-65.02184,-34.47587],[-65.02252,-34.47538],[-65.02331,-34.47559],[-65.02382,-34.47561],[-65.02432,-34.47498],[-65.02403,-34.47444],[-65.0233,-34.47502],[-65.02301,-34.47438],[-65.022,-34.47475],[-65.02133,-34.47456],[-65.02182,-34.47439],[-65.02204,-34.47404],[-65.02202,-34.47314],[-65.02213,-34.47271],[-65.02211,-34.47198],[-65.02296,-34.47234],[-65.024,-34.4731],[-65.02467,-34.47346],[-65.02498,-34.47268]],[[-65.03017,-34.47511],[-65.02986,-34.47586],[-65.02994,-34.4767],[-65.03017,-34.47752],[-65.03086,-34.47728],[-65.03096,-34.47669],[-65.03062,-34.47609],[-65.03121,-34.47554],[-65.03077,-34.4748],[-65.03017,-34.47511]],[[-65.03117,-34.47395],[-65.03145,-34.47451],[-65.03221,-34.47468],[-65.03253,-34.47435],[-65.03228,-34.47398],[-65.0315,-34.47364],[-65.03117,-34.47395]]]},"properties":{"periodo":2022,"dts":"2021-12-18","dte":"2022-12-29","infobs":"incendio"}},
{"type":"Feature","geometry":{"type":"Polygon","coordinates":[[[-64.9758,-34.63642],[-64.97649,-34.63629],[-64.97709,-34.63631],[-64.97775,-34.6373],[-64.97777,-34.638],[-64.9764,-34.63874],[-64.97543,-34.63888],[-64.97526,-34.63863],[-64.97546,-34.6379],[-64.97514,-34.63746],[-64.97442,-34.63805],[-64.97387,-34.63871],[-64.97322,-34.63899],[-64.97257,-34.63873],[-64.97233,-34.63819],[-64.97268,-34.63792],[-64.97349,-34.63746],[-64.97383,-34.63681],[-64.97444,-34.63647],[-64.97513,-34.63653],[-64.9758,-34.63642]]]},"properties":{"periodo":2022,"dts":"2021-12-18","dte":"2022-12-29","infobs":"incendio"}},
{"type":"Feature","geometry":{"type":"Polygon","coordinates":[[[-64.8352,-34.87705],[-64.83411,-34.87674],[-64.83337,-34.87661],[-64.83253,-34.87579],[-64.83296,-34.87544],[-64.83399,-34.87526],[-64.83453,-34.87511],[-64.83498,-34.87468],[-64.83528,-34.87387],[-64.83562,-34.87369],[-64.83577,-34.87329],[-64.83614,-34.87314],[-64.83678,-34.8726],[-64.83681,-34.87215],[-64.83677,-34.87051],[-64.83728,-34.87072],[-64.83798,-34.8711],[-64.84012,-34.87386],[-64.84054,-34.87489],[-64.84068,-34.87561],[-64.84128,-34.87714],[-64.84252,-34.87984],[-64.84164,-34.87964],[-64.8411,-34.87868],[-64.84112,-34.87936],[-64.84153,-34.88032],[-64.84232,-34.88059],[-64.84307,-34.8813],[-64.8427,-34.88245],[-64.84233,-34.88331],[-64.84173,-34.88346],[-64.84105,-34.88219],[-64.84012,-34.88127],[-64.83866,-34.88025],[-64.83714,-34.87835],[-64.83686,-34.87745],[-64.83574,-34.87783],[-64.8352,-34.87705]]]},"properties":{"periodo":2022,"dts":"2021-12-18","dte":"2022-12-29","infobs":"incendio"}},
{"type":"Feature","geometry":{"type":"Polygon","coordinates":[[[-64.86367,-34.78147],[-64.86405,-34.78159],[-64.86546,-34.78157],[-64.86563,-34.78918],[-64.86554,-34.79008],[-64.86561,-34.79333],[-64.86483,-34.79336],[-64.86359,-34.79314],[-64.86241,-34.79372],[-64.86169,-34.79362],[-64.86228,-34.79241],[-64.86194,-34.79191],[-64.86087,-34.79252],[-64.8604,-34.79241],[-64.8598,-34.7915],[-64.85865,-34.79172],[-64.8579,-34.79212],[-64.85734,-34.79162],[-64.85772,-34.79075],[-64.85852,-34.79077],[-64.85891,-34.79059],[-64.85925,-34.78977],[-64.85941,-34.78873],[-64.85729,-34.7893],[-64.85613,-34.79075],[-64.85688,-34.79199],[-64.85755,-34.79281],[-64.85583,-34.79362],[-64.85444,-34.79394],[-64.85457,-34.79341],[-64.8546,-34.79087],[-64.85479,-34.79052],[-64.85532,-34.78985],[-64.85573,-34.78857],[-64.85607,-34.78822],[-64.85629,-34.78785],[-64.85667,-34.78755],[-64.85716,-34.78681],[-64.85729,-34.78638],[-64.85762,-34.78607],[-64.85781,-34.78566],[-64.85818,-34.78533],[-64.85869,-34.78461],[-64.85976,-34.7836],[-64.86,-34.7832],[-64.86036,-34.78289],[-64.86133,-34.78246],[-64.86175,-34.78219],[-64.86227,-34.78209],[-64.86367,-34.78147]]]},"properties":{"periodo":2022,"dts":"2021-12-18","dte":"2022-12-29","infobs":"incendio"}},
{"type":"Feature","geometry":{"type":"Polygon","coordinates":[[[-63.92448,-31.66712],[-63.92438,-31.66744],[-63.92389,-31.66775],[-63.92343,-31.66761],[-63.92247,-31.66785],[-63.92232,-31.668],[-63.92185,-31.66804],[-63.92155,-31.66778],[-63.92205,-31.66747],[-63.92293,-31.66738],[-63.92383,-31.66708],[-63.92419,-31.66739],[-63.92448,-31.66712]]]},"properties":{"periodo":2022,"dts":"2021-12-30","dte":"2022-12-30","infobs":"incendio"}},
{"type":"Feature","geometry":{"type":"Polygon","coordinates":[[[-63.96094,-33.075],[-63.96085,-33.07447],[-63.9606,-33.07365],[-63.96115,-33.07342],[-63.96218,-33.07441],[-63.96207,-33.07496],[-63.9617,-33.07515],[-63.96102,-33.07515],[-63.96094,-33.075]]]},"properties":{"periodo":2022,"dts":"2021-12-25","dte":"2022-12-30","infobs":"agricultura"}},
{"type":"Feature","geometry":{"type":"Polygon","coordinates":[[[-63.96036,-33.07248],[-63.9606,-33.0723],[-63.96106,-33.07215],[-63.96117,-33.0729],[-63.96109,-33.07322],[-63.96058,-33.07358],[-63.96036,-33.07248]]]},"properties":{"periodo":2022,"dts":"2021-12-25","dte":"2022-12-30","infobs":"agricultura"}},
{"type":"Feature","geometry":{"type":"Polygon","coordinates":[[[-63.22418,-31.51606],[-63.22427,-31.51699],[-63.22229,-31.51723],[-63.22212,-31.5162],[-63.22333,-31.51614],[-63.22359,-31.51606],[-63.22418,-31.51606]]]},"properties":{"periodo":2022,"dts":"2021-12-30","dte":"2022-12-30","infobs":"agricultura"}},
{"type":"Feature","geometry":{"type":"Polygon","coordinates":[[[-62.52394,-30.90018],[-62.52501,-30.90001],[-62.52421,-30.90039],[-62.52394,-30.90018]]]},"properties":{"periodo":2022,"dts":"2021-12-30","dte":"2022-12-30","infobs":"agricultura"}},
{"type":"Feature","geometry":{"type":"Polygon","coordinates":[[[-62.52595,-30.89987],[-62.52661,-30.89965],[-62.52656,-30.89994],[-62.52612,-30.90015],[-62.52595,-30.89987]]]},"properties":{"periodo":2022,"dts":"2021-12-30","dte":"2022-12-30","infobs":"agricultura"}},
{"type":"Feature","geometry":{"type":"Polygon","coordinates":[[[-62.31287,-32.31132],[-62.31285,-32.31113],[-62.31356,-32.31105],[-62.31387,-32.31177],[-62.31407,-32.31153],[-62.31453,-32.31214],[-62.31491,-32.31231],[-62.31546,-32.3123],[-62.31572,-32.31222],[-62.31618,-32.31255],[-62.31614,-32.31272],[-62.31562,-32.31255],[-62.31474,-32.31258],[-62.31416,-32.31232],[-62.31326,-32.31212],[-62.31287,-32.31132]]]},"properties":{"periodo":2022,"dts":"2021-12-25","dte":"2022-12-30","infobs":"incendio"}},
{"type":"Feature","geometry":{"type":"Polygon","coordinates":[[[-62.31073,-32.30889],[-62.31111,-32.30923],[-62.31163,-32.30937],[-62.31177,-32.30965],[-62.31121,-32.31009],[-62.31126,-32.31042],[-62.31172,-32.31045],[-62.31216,-32.30997],[-62.31261,-32.31002],[-62.31191,-32.31064],[-62.31196,-32.31102],[-62.31232,-32.31136],[-62.31223,-32.31155],[-62.31186,-32.31164],[-62.31167,-32.31233],[-62.31046,-32.31235],[-62.31037,-32.31207],[-62.31073,-32.30889]]]},"properties":{"periodo":2022,"dts":"2021-12-25","dte":"2022-12-30","infobs":"incendio"}},
{"type":"Feature","geometry":{"type":"Polygon","coordinates":[[[-62.30986,-32.30868],[-62.3106,-32.30877],[-62.31014,-32.31235],[-62.30998,-32.31255],[-62.30938,-32.31271],[-62.30879,-32.31252],[-62.30871,-32.31216],[-62.30851,-32.31186],[-62.30885,-32.31146],[-62.30877,-32.31071],[-62.30866,-32.31038],[-62.30949,-32.30898],[-62.30956,-32.30868],[-62.30986,-32.30868]]]},"properties":{"periodo":2022,"dts":"2021-12-25","dte":"2022-12-30","infobs":"incendio"}},
{"type":"Feature","geometry":{"type":"Polygon","coordinates":[[[-62.31025,-32.30604],[-62.31016,-32.30561],[-62.31059,-32.30569],[-62.31106,-32.30616],[-62.31176,-32.30622],[-62.31206,-32.306],[-62.31267,-32.30624],[-62.31329,-32.30632],[-62.31488,-32.3069],[-62.31634,-32.30775],[-62.31707,-32.30799],[-62.31718,-32.30844],[-62.31683,-32.30886],[-62.31646,-32.30854],[-62.31559,-32.308],[-62.3152,-32.30764],[-62.31412,-32.30727],[-62.31349,-32.30739],[-62.31298,-32.30724],[-62.31275,-32.30753],[-62.31251,-32.30761],[-62.31195,-32.30725],[-62.31155,-32.30743],[-62.31144,-32.3078],[-62.31094,-32.30764],[-62.31111,-32.30636],[-62.31089,-32.3064],[-62.31091,-32.3067],[-62.31039,-32.30705],[-62.31008,-32.30687],[-62.31025,-32.30604]]]},"properties":{"periodo":2022,"dts":"2021-12-25","dte":"2022-12-30","infobs":"incendio"}},
{"type":"Feature","geometry":{"type":"Polygon","coordinates":[[[-63.96444,-31.65379],[-63.96551,-31.65377],[-63.96652,-31.65388],[-63.96651,-31.65439],[-63.96675,-31.65492],[-63.96563,-31.6548],[-63.96523,-31.65465],[-63.96437,-31.65488],[-63.96375,-31.65498],[-63.96344,-31.65478],[-63.9633,-31.65447],[-63.96348,-31.65413],[-63.96444,-31.65379]]]},"properties":{"periodo":2022,"dts":"2021-12-30","dte":"2022-12-30","infobs":"incendio"}},
{"type":"Feature","geometry":{"type":"Polygon","coordinates":[[[-62.76757,-31.39529],[-62.76709,-31.39556],[-62.76678,-31.39591],[-62.76655,-31.39582],[-62.76642,-31.39556],[-62.76645,-31.39491],[-62.76754,-31.39495],[-62.76761,-31.39501],[-62.76757,-31.39529]]]},"properties":{"periodo":2022,"dts":"2021-12-30","dte":"2022-12-30","infobs":"incendio"}},
{"type":"Feature","geometry":{"type":"Polygon","coordinates":[[[-62.76528,-31.39636],[-62.76488,-31.39551],[-62.76467,-31.39481],[-62.7651,-31.39499],[-62.76523,-31.3954],[-62.76588,-31.39626],[-62.76571,-31.39716],[-62.76528,-31.39636]]]},"properties":{"periodo":2022,"dts":"2021-12-30","dte":"2022-12-30","infobs":"incendio"}},
{"type":"Feature","geometry":{"type":"Polygon","coordinates":[[[-62.76577,-31.39169],[-62.76615,-31.39139],[-62.76669,-31.39131],[-62.76697,-31.39156],[-62.76718,-31.39224],[-62.76743,-31.39246],[-62.76803,-31.39256],[-62.76836,-31.39299],[-62.76848,-31.39353],[-62.76732,-31.39336],[-62.76687,-31.39325],[-62.76712,-31.39289],[-62.76695,-31.39232],[-62.76688,-31.39179],[-62.76654,-31.39157],[-62.76577,-31.39169]]]},"properties":{"periodo":2022,"dts":"2021-12-30","dte":"2022-12-30","infobs":"incendio"}},
{"type":"Feature","geometry":{"type":"Polygon","coordinates":[[[-62.63902,-31.21143],[-62.63914,-31.21113],[-62.63944,-31.21154],[-62.63983,-31.21159],[-62.63968,-31.2122],[-62.63986,-31.21252],[-62.6401,-31.21263],[-62.64022,-31.21305],[-62.63978,-31.21335],[-62.63967,-31.21294],[-62.63927,-31.21239],[-62.6387,-31.21239],[-62.63866,-31.21208],[-62.63878,-31.21181],[-62.63906,-31.21163],[-62.63902,-31.21143]]]},"properties":{"periodo":2022,"dts":"2021-12-30","dte":"2022-12-30","infobs":"incendio"}},
{"type":"Feature","geometry":{"type":"Polygon","coordinates":[[[-62.6358,-31.20989],[-62.63571,-31.20947],[-62.63615,-31.20948],[-62.63638,-31.20982],[-62.63669,-31.21001],[-62.63715,-31.20997],[-62.63751,-31.21014],[-62.63773,-31.21046],[-62.63757,-31.2109],[-62.637,-31.21103],[-62.63675,-31.21094],[-62.63656,-31.21045],[-62.63611,-31.2104],[-62.6358,-31.20989]]]},"properties":{"periodo":2022,"dts":"2021-12-30","dte":"2022-12-30","infobs":"incendio"}},
{"type":"Feature","geometry":{"type":"Polygon","coordinates":[[[-62.63642,-31.20682],[-62.63672,-31.20699],[-62.63665,-31.20731],[-62.63634,-31.20754],[-62.63652,-31.20835],[-62.63777,-31.20818],[-62.63812,-31.2083],[-62.63822,-31.20872],[-62.6386,-31.20929],[-62.63871,-31.20961],[-62.63863,-31.20982],[-62.63813,-31.21008],[-62.6377,-31.20978],[-62.6377,-31.20949],[-62.63732,-31.20916],[-62.63694,-31.20908],[-62.63675,-31.20886],[-62.63607,-31.20898],[-62.63564,-31.20843],[-62.63588,-31.20819],[-62.63583,-31.20782],[-62.63555,-31.20739],[-62.63549,-31.2071],[-62.63566,-31.20693],[-62.63602,-31.20698],[-62.63642,-31.20682]]]},"properties":{"periodo":2022,"dts":"2021-12-30","dte":"2022-12-30","infobs":"incendio"}},
{"type":"Feature","geometry":{"type":"Polygon","coordinates":[[[-62.50054,-31.08323],[-62.49998,-31.08261],[-62.49948,-31.08258],[-62.49795,-31.08009],[-62.49808,-31.07973],[-62.49806,-31.07892],[-62.49827,-31.07839],[-62.49871,-31.07791],[-62.49927,-31.07781],[-62.49956,-31.07834],[-62.49936,-31.07907],[-62.49991,-31.07952],[-62.50032,-31.07997],[-62.50066,-31.08011],[-62.50061,-31.08093],[-62.50127,-31.08171],[-62.50109,-31.08214],[-62.50112,-31.08246],[-62.50153,-31.08287],[-62.50135,-31.0834],[-62.50103,-31.08362],[-62.50054,-31.08323]]]},"properties":{"periodo":2022,"dts":"2021-12-30","dte":"2022-12-30","infobs":"incendio"}},
{"type":"Feature","geometry":{"type":"Polygon","coordinates":[[[-62.4954,-31.07645],[-62.49552,-31.07546],[-62.49549,-31.0747],[-62.49554,-31.07434],[-62.49606,-31.07416],[-62.49638,-31.07395],[-62.49632,-31.07344],[-62.49661,-31.07315],[-62.49729,-31.07431],[-62.49789,-31.07703],[-62.4961,-31.07747],[-62.4954,-31.07645]]]},"properties":{"periodo":2022,"dts":"2021-12-30","dte":"2022-12-30","infobs":"incendio"}},
{"type":"Feature","geometry":{"type":"Polygon","coordinates":[[[-62.49808,-31.07109],[-62.49835,-31.07102],[-62.49844,-31.0704],[-62.49836,-31.07014],[-62.49922,-31.06999],[-62.50011,-31.07333],[-62.5,-31.07347],[-62.49731,-31.07418],[-62.49652,-31.07278],[-62.49672,-31.07248],[-62.49676,-31.07219],[-62.49718,-31.07187],[-62.49722,-31.07141],[-62.49714,-31.07095],[-62.49656,-31.07065],[-62.49644,-31.07041],[-62.49775,-31.07027],[-62.49769,-31.07081],[-62.49779,-31.07111],[-62.49808,-31.07109]]]},"properties":{"periodo":2022,"dts":"2021-12-30","dte":"2022-12-30","infobs":"incendio"}},
{"type":"Feature","geometry":{"type":"Polygon","coordinates":[[[-62.66635,-32.39436],[-62.66692,-32.39444],[-62.66762,-32.39466],[-62.66745,-32.39479],[-62.66634,-32.39458],[-62.66635,-32.39436]]]},"properties":{"periodo":2022,"dts":"2021-12-25","dte":"2022-12-30","infobs":"NA"}},
{"type":"Feature","geometry":{"type":"Polygon","coordinates":[[[-62.84875,-31.3877],[-62.84872,-31.38628],[-62.84968,-31.38625],[-62.8498,-31.38688],[-62.84976,-31.38731],[-62.84989,-31.38777],[-62.84875,-31.3877]]]},"properties":{"periodo":2022,"dts":"2021-12-30","dte":"2022-12-30","infobs":"NA"}},
{"type":"Feature","geometry":{"type":"Polygon","coordinates":[[[-62.55187,-30.92735],[-62.55172,-30.92701],[-62.55167,-30.92659],[-62.55176,-30.92627],[-62.55209,-30.92613],[-62.55257,-30.92608],[-62.55256,-30.92656],[-62.55275,-30.92721],[-62.55345,-30.92837],[-62.55381,-30.9287],[-62.55409,-30.92939],[-62.55382,-30.92938],[-62.55274,-30.92768],[-62.55248,-30.92759],[-62.55218,-30.92783],[-62.55187,-30.92735]]]},"properties":{"periodo":2022,"dts":"2021-12-30","dte":"2022-12-30","infobs":"NA"}},
{"type":"Feature","geometry":{"type":"Polygon","coordinates":[[[-62.78515,-30.90484],[-62.78493,-30.90398],[-62.78555,-30.90421],[-62.78596,-30.90402],[-62.78673,-30.90399],[-62.78689,-30.90352],[-62.78709,-30.90324],[-62.78746,-30.90384],[-62.78786,-30.90386],[-62.78867,-30.90381],[-62.78912,-30.90371],[-62.7901,-30.90362],[-62.79016,-30.9038],[-62.78868,-30.90405],[-62.78734,-30.90424],[-62.78574,-30.90464],[-62.78515,-30.90484]]]},"properties":{"periodo":2022,"dts":"2021-12-30","dte":"2022-12-30","infobs":"agricultura"}},
{"type":"Feature","geometry":{"type":"Polygon","coordinates":[[[-62.78464,-30.90048],[-62.78517,-30.90026],[-62.78633,-30.90001],[-62.78619,-30.9003],[-62.78552,-30.90038],[-62.78479,-30.90057],[-62.78464,-30.90048]]]},"properties":{"periodo":2022,"dts":"2021-12-30","dte":"2022-12-30","infobs":"agricultura"}},
{"type":"Feature","geometry":{"type":"Polygon","coordinates":[[[-62.79251,-30.89973],[-62.79249,-30.89998],[-62.7922,-30.90037],[-62.79027,-30.90082],[-62.78999,-30.90079],[-62.78951,-30.901],[-62.78769,-30.90143],[-62.78755,-30.9011],[-62.78797,-30.9009],[-62.78913,-30.90083],[-62.7894,-30.90069],[-62.78974,-30.90071],[-62.79114,-30.90044],[-62.7918,-30.90019],[-62.79194,-30.89986],[-62.79251,-30.89973]]]},"properties":{"periodo":2022,"dts":"2021-12-30","dte":"2022-12-30","infobs":"agricultura"}},
{"type":"Feature","geometry":{"type":"Polygon","coordinates":[[[-62.79076,-30.8998],[-62.79128,-30.89969],[-62.79177,-30.89995],[-62.79139,-30.90023],[-62.79113,-30.8999],[-62.79076,-30.8998]]]},"properties":{"periodo":2022,"dts":"2021-12-30","dte":"2022-12-30","infobs":"agricultura"}},
{"type":"Feature","geometry":{"type":"Polygon","coordinates":[[[-62.84875,-31.3877],[-62.84862,-31.38878],[-62.848,-31.38875],[-62.84749,-31.38633],[-62.84872,-31.38628],[-62.84875,-31.3877]]]},"properties":{"periodo":2023,"dts":"2022-12-30","dte":"2023-12-25","infobs":"agricultura"}},
{"type":"Feature","geometry":{"type":"Polygon","coordinates":[[[-63.13725,-32.28889],[-63.13719,-32.28859],[-63.14148,-32.28842],[-63.14149,-32.28881],[-63.14126,-32.28909],[-63.13782,-32.28916],[-63.13779,-32.289],[-63.13725,-32.28889]]]},"properties":{"periodo":2023,"dts":"2022-12-30","dte":"2023-12-25","infobs":"silvopastoril/desarbustado"}},
{"type":"Feature","geometry":{"type":"Polygon","coordinates":[[[-64.30423,-32.26499],[-64.30465,-32.26508],[-64.30486,-32.26543],[-64.30424,-32.26548],[-64.30423,-32.26499]]]},"properties":{"periodo":2024,"dts":"2023-12-10","dte":"2024-12-19","infobs":"agricultura"}},
{"type":"Feature","geometry":{"type":"Polygon","coordinates":[[[-62.72475,-31.83539],[-62.72475,-31.83458],[-62.72508,-31.83444],[-62.72508,-31.83668],[-62.72475,-31.83539]]]},"properties":{"periodo":2024,"dts":"2023-12-10","dte":"2024-12-29","infobs":"agricultura"}},
{"type":"Feature","geometry":{"type":"Polygon","coordinates":[[[-63.5048,-31.51962],[-63.50441,-31.51929],[-63.50401,-31.5185],[-63.50412,-31.51842],[-63.50444,-31.51916],[-63.5048,-31.51962]]]},"properties":{"periodo":2024,"dts":"2023-12-10","dte":"2024-12-29","infobs":"agricultura"}},
{"type":"Feature","geometry":{"type":"Polygon","coordinates":[[[-63.44716,-31.50039],[-63.44761,-31.50051],[-63.44759,-31.50101],[-63.4474,-31.50119],[-63.44736,-31.5018],[-63.44719,-31.5018],[-63.44719,-31.50128],[-63.44709,-31.50087],[-63.44743,-31.50077],[-63.44716,-31.50039]]]},"properties":{"periodo":2024,"dts":"2023-12-10","dte":"2024-12-29","infobs":"agricultura"}},
{"type":"Feature","geometry":{"type":"Polygon","coordinates":[[[-63.65574,-31.43669],[-63.65607,-31.43685],[-63.65595,-31.43903],[-63.65577,-31.43897],[-63.65582,-31.43849],[-63.65572,-31.43804],[-63.65579,-31.43719],[-63.65574,-31.43669]]]},"properties":{"periodo":2024,"dts":"2023-12-10","dte":"2024-12-29","infobs":"agricultura"}},
{"type":"Feature","geometry":{"type":"Polygon","coordinates":[[[-63.65603,-31.43426],[-63.65621,-31.43501],[-63.65614,-31.43541],[-63.65623,-31.43566],[-63.65613,-31.43611],[-63.65583,-31.43604],[-63.65589,-31.43542],[-63.65592,-31.435],[-63.65603,-31.43426]]]},"properties":{"periodo":2024,"dts":"2023-12-10","dte":"2024-12-29","infobs":"agricultura"}},
{"type":"Feature","geometry":{"type":"Polygon","coordinates":[[[-63.65162,-31.43169],[-63.65347,-31.43192],[-63.65347,-31.43226],[-63.65245,-31.43204],[-63.65162,-31.43203],[-63.65162,-31.43169]]]},"properties":{"periodo":2024,"dts":"2023-12-10","dte":"2024-12-29","infobs":"agricultura"}},
{"type":"Feature","geometry":{"type":"Polygon","coordinates":[[[-63.42636,-31.1922],[-63.4266,-31.19254],[-63.42646,-31.19289],[-63.42568,-31.19339],[-63.42554,-31.1929],[-63.426,-31.19266],[-63.42598,-31.19231],[-63.42636,-31.1922]]]},"properties":{"periodo":2024,"dts":"2023-12-10","dte":"2024-12-29","infobs":"agricultura"}},
{"type":"Feature","geometry":{"type":"Polygon","coordinates":[[[-63.00637,-31.05458],[-63.00658,-31.05444],[-63.00686,-31.05455],[-63.00678,-31.05516],[-63.00734,-31.05478],[-63.00799,-31.05479],[-63.00871,-31.0554],[-63.00622,-31.0558],[-63.00592,-31.05459],[-63.00637,-31.05458]]]},"properties":{"periodo":2024,"dts":"2023-12-10","dte":"2024-12-29","infobs":"agricultura"}},
{"type":"Feature","geometry":{"type":"Polygon","coordinates":[[[-62.91899,-31.5331],[-62.91935,-31.53295],[-62.91924,-31.53258],[-62.91862,-31.53234],[-62.91845,-31.53136],[-62.91874,-31.5313],[-62.92,-31.53344],[-62.91934,-31.53353],[-62.91899,-31.5331]]]},"properties":{"periodo":2024,"dts":"2023-12-10","dte":"2024-12-29","infobs":"agricultura"}},
{"type":"Feature","geometry":{"type":"Polygon","coordinates":[[[-62.50101,-30.966],[-62.50043,-30.96596],[-62.5003,-30.96578],[-62.50039,-30.9654],[-62.50074,-30.96534],[-62.501,-30.96553],[-62.50101,-30.966]]]},"properties":{"periodo":2024,"dts":"2023-12-10","dte":"2024-12-29","infobs":"agricultura"}},
{"type":"Feature","geometry":{"type":"Polygon","coordinates":[[[-62.4123,-30.91752],[-62.41227,-30.91735],[-62.41281,-30.91692],[-62.41305,-30.91715],[-62.41313,-30.91763],[-62.41289,-30.91783],[-62.41285,-30.91809],[-62.41224,-30.9183],[-62.41195,-30.91805],[-62.41194,-30.91751],[-62.4123,-30.91752]]]},"properties":{"periodo":2024,"dts":"2023-12-10","dte":"2024-12-29","infobs":"agricultura"}},
{"type":"Feature","geometry":{"type":"Polygon","coordinates":[[[-62.41354,-30.91629],[-62.41341,-30.91608],[-62.41384,-30.91592],[-62.41432,-30.9161],[-62.41386,-30.9163],[-62.4136,-30.91678],[-62.4132,-30.91687],[-62.41322,-30.91643],[-62.41354,-30.91629]]]},"properties":{"periodo":2024,"dts":"2023-12-10","dte":"2024-12-29","infobs":"agricultura"}},
{"type":"Feature","geometry":{"type":"Polygon","coordinates":[[[-62.40968,-30.91454],[-62.40975,-30.91442],[-62.41026,-30.91422],[-62.41088,-30.91457],[-62.41114,-30.91454],[-62.4114,-30.91481],[-62.41106,-30.91492],[-62.41037,-30.91478],[-62.40968,-30.91454]]]},"properties":{"periodo":2024,"dts":"2023-12-10","dte":"2024-12-29","infobs":"agricultura"}},
{"type":"Feature","geometry":{"type":"Polygon","coordinates":[[[-62.80358,-30.90324],[-62.80444,-30.90285],[-62.80513,-30.90277],[-62.80568,-30.90264],[-62.80567,-30.90293],[-62.80367,-30.90328],[-62.80358,-30.90324]]]},"properties":{"periodo":2024,"dts":"2023-12-10","dte":"2024-12-29","infobs":"agricultura"}},
{"type":"Feature","geometry":{"type":"Polygon","coordinates":[[[-63.68477,-32.58221],[-63.68462,-32.58201],[-63.68559,-32.58125],[-63.68592,-32.58131],[-63.68652,-32.58229],[-63.68552,-32.58274],[-63.68477,-32.58221]],[[-63.68596,-32.58167],[-63.68572,-32.58144],[-63.6851,-32.58196],[-63.68542,-32.58218],[-63.68596,-32.58167]]]},"properties":{"periodo":2024,"dts":"2023-12-25","dte":"2024-12-19","infobs":"agricultura"}},
{"type":"Feature","geometry":{"type":"Polygon","coordinates":[[[-63.6803,-32.57768],[-63.67886,-32.57795],[-63.67833,-32.57777],[-63.67828,-32.57738],[-63.67864,-32.57723],[-63.67944,-32.57723],[-63.67986,-32.57713],[-63.68,-32.57725],[-63.68047,-32.57728],[-63.6803,-32.57768]]]},"properties":{"periodo":2024,"dts":"2023-12-25","dte":"2024-12-19","infobs":"agricultura"}},
{"type":"Feature","geometry":{"type":"Polygon","coordinates":[[[-63.6888,-32.22864],[-63.68827,-32.22819],[-63.68833,-32.22797],[-63.6888,-32.22803],[-63.68922,-32.22854],[-63.6888,-32.22864]]]},"properties":{"periodo":2024,"dts":"2023-12-10","dte":"2024-12-29","infobs":"anegamiento"}},
{"type":"Feature","geometry":{"type":"Polygon","coordinates":[[[-62.77982,-31.91688],[-62.77657,-31.91446],[-62.77937,-31.91368],[-62.7806,-31.91356],[-62.78338,-31.91304],[-62.78479,-31.91283],[-62.78537,-31.91421],[-62.78508,-31.91471],[-62.78532,-31.91535],[-62.7855,-31.91628],[-62.78387,-31.91658],[-62.77982,-31.91688]]]},"properties":{"periodo":2024,"dts":"2023-12-10","dte":"2024-12-29","infobs":"silvopastoril/desarbustado"}},
{"type":"Feature","geometry":{"type":"Polygon","coordinates":[[[-62.58233,-31.70004],[-62.58268,-31.6998],[-62.58297,-31.69996],[-62.58275,-31.7003],[-62.58233,-31.70004]]]},"properties":{"periodo":2024,"dts":"2023-12-10","dte":"2024-12-29","infobs":"incendio"}},
{"type":"Feature","geometry":{"type":"Polygon","coordinates":[[[-62.57539,-31.16505],[-62.57554,-31.16473],[-62.57608,-31.16454],[-62.57611,-31.16487],[-62.57586,-31.16514],[-62.57551,-31.16514],[-62.57522,-31.16557],[-62.57487,-31.16507],[-62.57539,-31.16505]]]},"properties":{"periodo":2024,"dts":"2023-12-10","dte":"2024-12-29","infobs":"incendio"}},
{"type":"Feature","geometry":{"type":"Polygon","coordinates":[[[-62.57461,-31.164],[-62.57533,-31.16387],[-62.57576,-31.16414],[-62.5753,-31.16428],[-62.57532,-31.16449],[-62.57483,-31.1648],[-62.57458,-31.16458],[-62.57472,-31.1642],[-62.57461,-31.164]]]},"properties":{"periodo":2024,"dts":"2023-12-10","dte":"2024-12-29","infobs":"incendio"}},
{"type":"Feature","geometry":{"type":"Polygon","coordinates":[[[-62.59647,-31.16256],[-62.5966,-31.1621],[-62.59632,-31.16156],[-62.59687,-31.1613],[-62.59742,-31.16374],[-62.59628,-31.16396],[-62.59647,-31.16337],[-62.59646,-31.16304],[-62.59705,-31.16293],[-62.59698,-31.16269],[-62.59647,-31.16256]]]},"properties":{"periodo":2024,"dts":"2023-12-10","dte":"2024-12-29","infobs":"incendio"}},
{"type":"Feature","geometry":{"type":"Polygon","coordinates":[[[-65.08024,-33.60295],[-65.07992,-33.60288],[-65.07983,-33.60179],[-65.08077,-33.60099],[-65.08152,-33.60185],[-65.08117,-33.60234],[-65.08133,-33.60279],[-65.08211,-33.60301],[-65.08336,-33.6031],[-65.08361,-33.60393],[-65.08318,-33.60412],[-65.08355,-33.60484],[-65.0835,-33.60562],[-65.08297,-33.60585],[-65.08291,-33.60652],[-65.08223,-33.6065],[-65.08209,-33.60726],[-65.08169,-33.60758],[-65.08067,-33.60733],[-65.08032,-33.60701],[-65.07986,-33.60621],[-65.07983,-33.60485],[-65.08073,-33.60467],[-65.08083,-33.60442],[-65.08058,-33.60401],[-65.08025,-33.60402],[-65.08024,-33.60295]],[[-65.08259,-33.60575],[-65.08268,-33.6049],[-65.08259,-33.60444],[-65.08216,-33.60447],[-65.0817,-33.60561],[-65.08101,-33.60635],[-65.08155,-33.60673],[-65.08259,-33.60575]]]},"properties":{"periodo":2024,"dts":"2024-01-25","dte":"2024-12-26","infobs":"incendio"}},
{"type":"Feature","geometry":{"type":"Polygon","coordinates":[[[-63.33752,-31.44105],[-63.33737,-31.44047],[-63.33714,-31.44003],[-63.33766,-31.44011],[-63.33752,-31.44105]]]},"properties":{"periodo":2024,"dts":"2023-12-10","dte":"2024-12-29","infobs":"infraestructura"}},
{"type":"Feature","geometry":{"type":"Polygon","coordinates":[[[-64.56305,-32.83872],[-64.56329,-32.83881],[-64.56353,-32.83904],[-64.56368,-32.83928],[-64.56436,-32.83979],[-64.56377,-32.83954],[-64.56352,-32.83933],[-64.56338,-32.83906],[-64.56305,-32.83885],[-64.56305,-32.83872]]]},"properties":{"periodo":2024,"dts":"2023-12-10","dte":"2024-12-19","infobs":"NA"}},
{"type":"Feature","geometry":{"type":"Polygon","coordinates":[[[-64.3477,-32.56789],[-64.348,-32.5679],[-64.34849,-32.56772],[-64.34863,-32.56858],[-64.34809,-32.5687],[-64.3477,-32.56789]]]},"properties":{"periodo":2024,"dts":"2023-12-10","dte":"2024-12-19","infobs":"NA"}},
{"type":"Feature","geometry":{"type":"Polygon","coordinates":[[[-64.50851,-32.3997],[-64.5084,-32.39937],[-64.5088,-32.39928],[-64.50934,-32.3994],[-64.50929,-32.39966],[-64.50873,-32.39989],[-64.50851,-32.3997]]]},"properties":{"periodo":2024,"dts":"2023-12-10","dte":"2024-12-19","infobs":"NA"}},
{"type":"Feature","geometry":{"type":"Polygon","coordinates":[[[-62.72556,-32.4276],[-62.72352,-32.42686],[-62.72277,-32.42642],[-62.72175,-32.42595],[-62.7207,-32.42559],[-62.71972,-32.42512],[-62.71938,-32.42502],[-62.71932,-32.42478],[-62.72088,-32.4255],[-62.72216,-32.42599],[-62.72319,-32.42649],[-62.72376,-32.42683],[-62.72523,-32.4273],[-62.72623,-32.42752],[-62.72628,-32.42773],[-62.72556,-32.4276]]]},"properties":{"periodo":2024,"dts":"2023-12-10","dte":"2024-12-29","infobs":"NA"}},
{"type":"Feature","geometry":{"type":"Polygon","coordinates":[[[-62.73101,-32.42975],[-62.73066,-32.42946],[-62.72947,-32.42793],[-62.72871,-32.42688],[-62.72618,-32.42426],[-62.72762,-32.4255],[-62.7289,-32.42685],[-62.72984,-32.42814],[-62.73094,-32.42954],[-62.73155,-32.4299],[-62.73149,-32.43008],[-62.73101,-32.42975]]]},"properties":{"periodo":2024,"dts":"2023-12-10","dte":"2024-12-29","infobs":"NA"}},
{"type":"Feature","geometry":{"type":"Polygon","coordinates":[[[-62.35007,-32.30829],[-62.35006,-32.30787],[-62.35041,-32.30757],[-62.3506,-32.30793],[-62.35037,-32.30846],[-62.35007,-32.30829]]]},"properties":{"periodo":2024,"dts":"2023-12-10","dte":"2024-12-29","infobs":"NA"}},
{"type":"Feature","geometry":{"type":"Polygon","coordinates":[[[-62.97851,-31.42391],[-62.97829,-31.42369],[-62.97866,-31.4235],[-62.97872,-31.42418],[-62.97837,-31.42446],[-62.97802,-31.42446],[-62.97798,-31.42415],[-62.9782,-31.42379],[-62.97851,-31.42391]]]},"properties":{"periodo":2024,"dts":"2023-12-10","dte":"2024-12-29","infobs":"NA"}},
{"type":"Feature","geometry":{"type":"Polygon","coordinates":[[[-62.54585,-31.48953],[-62.54628,-31.48952],[-62.54744,-31.48927],[-62.5473,-31.48952],[-62.54601,-31.48972],[-62.54585,-31.48953]]]},"properties":{"periodo":2024,"dts":"2023-12-10","dte":"2024-12-29","infobs":"NA"}},
{"type":"Feature","geometry":{"type":"Polygon","coordinates":[[[-62.5067,-31.48237],[-62.50683,-31.48238],[-62.50701,-31.48455],[-62.50684,-31.48459],[-62.5067,-31.48237]]]},"properties":{"periodo":2024,"dts":"2023-12-10","dte":"2024-12-29","infobs":"NA"}},
{"type":"Feature","geometry":{"type":"Polygon","coordinates":[[[-62.61514,-32.23158],[-62.61591,-32.23157],[-62.61632,-32.23138],[-62.61657,-32.2317],[-62.617,-32.23136],[-62.61731,-32.23157],[-62.61747,-32.23133],[-62.61785,-32.23126],[-62.61804,-32.23145],[-62.61876,-32.23133],[-62.619,-32.23159],[-62.61862,-32.23181],[-62.61835,-32.23158],[-62.61794,-32.23182],[-62.61777,-32.23207],[-62.61219,-32.23317],[-62.61269,-32.23282],[-62.61317,-32.23275],[-62.61332,-32.23255],[-62.61308,-32.23229],[-62.61328,-32.23185],[-62.61388,-32.23222],[-62.61405,-32.23254],[-62.61492,-32.23251],[-62.61525,-32.23233],[-62.61514,-32.23158]]]},"properties":{"periodo":2024,"dts":"2023-12-10","dte":"2024-12-29","infobs":"NA"}},
{"type":"Feature","geometry":{"type":"Polygon","coordinates":[[[-62.61229,-32.22995],[-62.61245,-32.22954],[-62.61309,-32.22973],[-62.61353,-32.2301],[-62.61357,-32.23043],[-62.61344,-32.23108],[-62.61316,-32.23107],[-62.6132,-32.23142],[-62.61289,-32.23146],[-62.61265,-32.23124],[-62.61288,-32.23081],[-62.61322,-32.23078],[-62.6133,-32.23053],[-62.61281,-32.23009],[-62.61229,-32.22995]]]},"properties":{"periodo":2024,"dts":"2023-12-10","dte":"2024-12-29","infobs":"NA"}},
{"type":"Feature","geometry":{"type":"Polygon","coordinates":[[[-62.61702,-32.2283],[-62.61671,-32.22826],[-62.6165,-32.22803],[-62.61768,-32.22782],[-62.61758,-32.22814],[-62.6181,-32.22844],[-62.61877,-32.22834],[-62.61897,-32.22858],[-62.61951,-32.22872],[-62.61978,-32.22952],[-62.61962,-32.22989],[-62.61986,-32.23027],[-62.61927,-32.23049],[-62.61924,-32.23064],[-62.61973,-32.23082],[-62.62011,-32.23063],[-62.62022,-32.23098],[-62.61992,-32.2313],[-62.61933,-32.23165],[-62.619,-32.23111],[-62.61851,-32.23057],[-62.61854,-32.23036],[-62.6189,-32.23004],[-62.61846,-32.22952],[-62.61833,-32.22913],[-62.61793,-32.22912],[-62.61772,-32.2286],[-62.61748,-32.22859],[-62.61738,-32.22889],[-62.61743,-32.22925],[-62.61776,-32.22927],[-62.61802,-32.23019],[-62.61774,-32.23032],[-62.61778,-32.23074],[-62.61747,-32.23087],[-62.61731,-32.23119],[-62.61678,-32.23121],[-62.61644,-32.23074],[-62.61701,-32.23054],[-62.61678,-32.23032],[-62.61618,-32.23067],[-62.61579,-32.23014],[-62.61646,-32.23019],[-62.61643,-32.22991],[-62.61693,-32.22992],[-62.61683,-32.22958],[-62.61627,-32.22921],[-62.61644,-32.22879],[-62.61696,-32.22933],[-62.61715,-32.22921],[-62.617,-32.22886],[-62.6171,-32.22858],[-62.61702,-32.2283]]]},"properties":{"periodo":2024,"dts":"2023-12-10","dte":"2024-12-29","infobs":"NA"}},
{"type":"Feature","geometry":{"type":"Polygon","coordinates":[[[-62.43575,-32.19834],[-62.43597,-32.19937],[-62.4355,-32.19919],[-62.43536,-32.19942],[-62.43551,-32.19966],[-62.4353,-32.20035],[-62.43497,-32.20112],[-62.43484,-32.2018],[-62.43479,-32.20294],[-62.43325,-32.20324],[-62.43292,-32.20202],[-62.43324,-32.20194],[-62.43393,-32.20294],[-62.4345,-32.20278],[-62.43461,-32.20116],[-62.43526,-32.19973],[-62.43514,-32.19884],[-62.43418,-32.19908],[-62.43338,-32.1992],[-62.43312,-32.1991],[-62.4324,-32.19924],[-62.43233,-32.19968],[-62.43206,-32.19971],[-62.43201,-32.19921],[-62.43216,-32.19908],[-62.43307,-32.19891],[-62.43575,-32.19834]]]},"properties":{"periodo":2024,"dts":"2023-12-10","dte":"2024-12-29","infobs":"NA"}},
{"type":"Feature","geometry":{"type":"Polygon","coordinates":[[[-62.86368,-31.74538],[-62.86373,-31.74506],[-62.86337,-31.74486],[-62.86404,-31.74468],[-62.86413,-31.74516],[-62.86439,-31.74543],[-62.86369,-31.74572],[-62.86351,-31.74589],[-62.86361,-31.74622],[-62.86336,-31.74636],[-62.8632,-31.74588],[-62.86296,-31.74581],[-62.86266,-31.74533],[-62.86284,-31.74512],[-62.86344,-31.74547],[-62.86368,-31.74538]]]},"properties":{"periodo":2024,"dts":"2023-12-10","dte":"2024-12-29","infobs":"NA"}},
{"type":"Feature","geometry":{"type":"Polygon","coordinates":[[[-63.547,-31.53775],[-63.54706,-31.53742],[-63.54672,-31.53635],[-63.54666,-31.53591],[-63.54679,-31.53568],[-63.5471,-31.53693],[-63.54731,-31.53748],[-63.547,-31.53775]]]},"properties":{"periodo":2024,"dts":"2023-12-10","dte":"2024-12-29","infobs":"NA"}},
{"type":"Feature","geometry":{"type":"Polygon","coordinates":[[[-63.3851,-31.52331],[-63.38532,-31.52338],[-63.38549,-31.52413],[-63.38472,-31.52429],[-63.38439,-31.5237],[-63.38407,-31.52382],[-63.38389,-31.52369],[-63.38343,-31.52364],[-63.3851,-31.52331]],[[-63.38526,-31.52383],[-63.38526,-31.52358],[-63.38486,-31.52351],[-63.38469,-31.52373],[-63.38483,-31.52393],[-63.38526,-31.52383]]]},"properties":{"periodo":2024,"dts":"2023-12-10","dte":"2024-12-29","infobs":"NA"}},
{"type":"Feature","geometry":{"type":"Polygon","coordinates":[[[-62.88906,-31.40167],[-62.89004,-31.40167],[-62.89016,-31.40182],[-62.88906,-31.40167]]]},"properties":{"periodo":2024,"dts":"2023-12-10","dte":"2024-12-29","infobs":"NA"}},
{"type":"Feature","geometry":{"type":"Polygon","coordinates":[[[-62.88881,-31.39809],[-62.89064,-31.39833],[-62.89058,-31.39845],[-62.88987,-31.39844],[-62.88968,-31.39874],[-62.88877,-31.39867],[-62.88881,-31.39809]]]},"properties":{"periodo":2024,"dts":"2023-12-10","dte":"2024-12-29","infobs":"NA"}},
{"type":"Feature","geometry":{"type":"Polygon","coordinates":[[[-62.89253,-31.39322],[-62.8928,-31.39315],[-62.89327,-31.39353],[-62.89285,-31.39368],[-62.89196,-31.39361],[-62.89177,-31.39333],[-62.89253,-31.39322]]]},"properties":{"periodo":2024,"dts":"2023-12-10","dte":"2024-12-29","infobs":"NA"}},
{"type":"Feature","geometry":{"type":"Polygon","coordinates":[[[-62.67216,-31.25556],[-62.67234,-31.25525],[-62.67231,-31.25496],[-62.67197,-31.25475],[-62.6722,-31.2545],[-62.67207,-31.25428],[-62.67278,-31.25426],[-62.67294,-31.25476],[-62.67285,-31.25519],[-62.67352,-31.25561],[-62.67352,-31.25608],[-62.67297,-31.25621],[-62.67294,-31.25592],[-62.67268,-31.25561],[-62.67223,-31.25569],[-62.67216,-31.25556]]]},"properties":{"periodo":2024,"dts":"2023-12-10","dte":"2024-12-29","infobs":"NA"}},
{"type":"Feature","geometry":{"type":"Polygon","coordinates":[[[-62.60055,-31.03194],[-62.6007,-31.03174],[-62.60218,-31.03145],[-62.60223,-31.03163],[-62.60057,-31.03198],[-62.60055,-31.03194]]]},"properties":{"periodo":2024,"dts":"2023-12-10","dte":"2024-12-29","infobs":"NA"}},
{"type":"Feature","geometry":{"type":"Polygon","coordinates":[[[-62.50208,-30.96664],[-62.50559,-30.96596],[-62.50563,-30.96612],[-62.50258,-30.96668],[-62.50208,-30.96664]]]},"properties":{"periodo":2024,"dts":"2023-12-10","dte":"2024-12-29","infobs":"NA"}},
{"type":"Feature","geometry":{"type":"Polygon","coordinates":[[[-62.49907,-30.96352],[-62.49875,-30.96273],[-62.49842,-30.9609],[-62.49849,-30.96056],[-62.49907,-30.96352]]]},"properties":{"periodo":2024,"dts":"2023-12-10","dte":"2024-12-29","infobs":"NA"}},
{"type":"Feature","geometry":{"type":"Polygon","coordinates":[[[-62.41742,-30.91789],[-62.41759,-30.91799],[-62.41562,-30.91834],[-62.41475,-30.91856],[-62.41387,-30.91864],[-62.41354,-30.91855],[-62.41742,-30.91789]]]},"properties":{"periodo":2024,"dts":"2023-12-10","dte":"2024-12-29","infobs":"NA"}},
{"type":"Feature","geometry":{"type":"Polygon","coordinates":[[[-62.40927,-30.90598],[-62.40913,-30.90616],[-62.40813,-30.90631],[-62.40763,-30.90648],[-62.40714,-30.90649],[-62.40684,-30.90641],[-62.40927,-30.90598]]]},"properties":{"periodo":2024,"dts":"2023-12-10","dte":"2024-12-29","infobs":"NA"}},
{"type":"Feature","geometry":{"type":"Polygon","coordinates":[[[-63.95952,-33.06936],[-63.96046,-33.06934],[-63.9605,-33.06983],[-63.96044,-33.07042],[-63.96073,-33.07182],[-63.9601,-33.07231],[-63.95935,-33.07003],[-63.95952,-33.06936]]]},"properties":{"periodo":2024,"dts":"2023-12-25","dte":"2024-12-19","infobs":"NA"}},
{"type":"Feature","geometry":{"type":"Polygon","coordinates":[[[-63.67417,-32.59176],[-63.67425,-32.59153],[-63.67731,-32.5928],[-63.67717,-32.59296],[-63.67417,-32.59176]]]},"properties":{"periodo":2024,"dts":"2023-12-25","dte":"2024-12-19","infobs":"NA"}},
{"type":"Feature","geometry":{"type":"Polygon","coordinates":[[[-63.66794,-32.59008],[-63.66803,-32.58992],[-63.66956,-32.5901],[-63.66952,-32.59031],[-63.66794,-32.59008]]]},"properties":{"periodo":2024,"dts":"2023-12-25","dte":"2024-12-19","infobs":"NA"}},
{"type":"Feature","geometry":{"type":"Polygon","coordinates":[[[-63.67723,-32.58931],[-63.67711,-32.58907],[-63.68004,-32.58923],[-63.6801,-32.58948],[-63.67723,-32.58931]]]},"properties":{"periodo":2024,"dts":"2023-12-25","dte":"2024-12-19","infobs":"NA"}},
{"type":"Feature","geometry":{"type":"Polygon","coordinates":[[[-63.67961,-32.58669],[-63.67944,-32.58647],[-63.68186,-32.58738],[-63.68154,-32.58755],[-63.68017,-32.58691],[-63.67961,-32.58669]]]},"properties":{"periodo":2024,"dts":"2023-12-25","dte":"2024-12-19","infobs":"NA"}},
{"type":"Feature","geometry":{"type":"Polygon","coordinates":[[[-63.67548,-32.58525],[-63.67577,-32.58502],[-63.67742,-32.58552],[-63.67745,-32.58582],[-63.67595,-32.58536],[-63.67548,-32.58525]]]},"properties":{"periodo":2024,"dts":"2023-12-25","dte":"2024-12-19","infobs":"NA"}},
{"type":"Feature","geometry":{"type":"Polygon","coordinates":[[[-63.67695,-32.58244],[-63.67713,-32.58251],[-63.67716,-32.58283],[-63.67743,-32.58295],[-63.67749,-32.58339],[-63.67711,-32.58334],[-63.67654,-32.58375],[-63.67646,-32.58364],[-63.67696,-32.58328],[-63.67695,-32.58244]]]},"properties":{"periodo":2024,"dts":"2023-12-25","dte":"2024-12-19","infobs":"NA"}},
{"type":"Feature","geometry":{"type":"Polygon","coordinates":[[[-63.69124,-32.58904],[-63.69928,-32.58061],[-63.69942,-32.58075],[-63.6914,-32.58913],[-63.69124,-32.58904]]]},"properties":{"periodo":2024,"dts":"2023-12-25","dte":"2024-12-19","infobs":"NA"}},
{"type":"Feature","geometry":{"type":"Polygon","coordinates":[[[-63.70208,-32.58326],[-63.70122,-32.58219],[-63.70068,-32.58171],[-63.7025,-32.58165],[-63.70254,-32.5795],[-63.70275,-32.57973],[-63.70268,-32.58321],[-63.70223,-32.58338],[-63.70208,-32.58326]]]},"properties":{"periodo":2024,"dts":"2023-12-25","dte":"2024-12-19","infobs":"NA"}},
{"type":"Feature","geometry":{"type":"Polygon","coordinates":[[[-62.57212,-31.70539],[-62.57229,-31.70537],[-62.57237,-31.70472],[-62.57318,-31.70472],[-62.57326,-31.70571],[-62.57277,-31.70579],[-62.57209,-31.70573],[-62.57173,-31.70578],[-62.57102,-31.7057],[-62.57105,-31.70556],[-62.57177,-31.70553],[-62.57212,-31.70539]]]},"properties":{"periodo":2024,"dts":"2023-12-10","dte":"2024-12-29","infobs":"posible silvopastoril/desarbustado"}},
{"type":"Feature","geometry":{"type":"Polygon","coordinates":[[[-62.52837,-30.89423],[-62.5283,-30.89487],[-62.52802,-30.89548],[-62.52813,-30.89643],[-62.52784,-30.89908],[-62.52758,-30.89896],[-62.52744,-30.89866],[-62.52719,-30.89849],[-62.52684,-30.89721],[-62.52661,-30.89688],[-62.52627,-30.89618],[-62.52625,-30.89585],[-62.52671,-30.89579],[-62.52629,-30.89516],[-62.52607,-30.89503],[-62.52598,-30.89474],[-62.52607,-30.89438],[-62.52651,-30.89446],[-62.52679,-30.89432],[-62.52699,-30.89445],[-62.52751,-30.89453],[-62.52784,-30.89432],[-62.52837,-30.89423]]]},"properties":{"periodo":2024,"dts":"2023-12-10","dte":"2024-12-29","infobs":"posible silvopastoril/desarbustado"}},
{"type":"Feature","geometry":{"type":"Polygon","coordinates":[[[-63.39601,-31.51005],[-63.39588,-31.50955],[-63.39555,-31.50946],[-63.39558,-31.50904],[-63.39613,-31.50953],[-63.39631,-31.5099],[-63.39601,-31.51005]]]},"properties":{"periodo":2024,"dts":"2023-12-10","dte":"2024-12-29","infobs":"agricultura"}},
{"type":"Feature","geometry":{"type":"Polygon","coordinates":[[[-63.65705,-31.44045],[-63.65725,-31.43952],[-63.65755,-31.4396],[-63.65788,-31.43998],[-63.65758,-31.44063],[-63.65705,-31.44045]]]},"properties":{"periodo":2024,"dts":"2023-12-10","dte":"2024-12-29","infobs":"agricultura"}},
{"type":"Feature","geometry":{"type":"Polygon","coordinates":[[[-62.79263,-31.36202],[-62.79287,-31.36182],[-62.79484,-31.36179],[-62.79479,-31.36569],[-62.79427,-31.3656],[-62.79342,-31.36563],[-62.79273,-31.36547],[-62.79277,-31.36457],[-62.79267,-31.36248],[-62.79255,-31.3623],[-62.79263,-31.36202]],[[-62.79471,-31.36203],[-62.79282,-31.36204],[-62.7929,-31.36536],[-62.79346,-31.36545],[-62.79459,-31.36546],[-62.79471,-31.36203]]]},"properties":{"periodo":2024,"dts":"2023-12-10","dte":"2024-12-29","infobs":"agricultura"}},
{"type":"Feature","geometry":{"type":"Polygon","coordinates":[[[-62.78746,-30.90384],[-62.78742,-30.90376],[-62.79005,-30.90331],[-62.7901,-30.90362],[-62.78912,-30.90371],[-62.78867,-30.90381],[-62.78786,-30.90386],[-62.78746,-30.90384]]]},"properties":{"periodo":2024,"dts":"2023-12-10","dte":"2024-12-29","infobs":"agricultura"}},
{"type":"Feature","geometry":{"type":"Polygon","coordinates":[[[-64.81537,-34.16042],[-64.81448,-34.16041],[-64.81419,-34.16012],[-64.81411,-34.15884],[-64.81382,-34.15177],[-64.81433,-34.15182],[-64.81452,-34.15926],[-64.81485,-34.15977],[-64.81563,-34.16018],[-64.81656,-34.16042],[-64.81649,-34.157],[-64.81656,-34.15543],[-64.81707,-34.15546],[-64.81714,-34.16062],[-64.81967,-34.1607],[-64.81971,-34.16279],[-64.81827,-34.163],[-64.81756,-34.1627],[-64.816,-34.16132],[-64.81537,-34.16042]]]},"properties":{"periodo":2024,"dts":"2024-01-25","dte":"2024-12-26","infobs":"silvopastoril/desarbustado"}},
{"type":"Feature","geometry":{"type":"Polygon","coordinates":[[[-63.65288,-31.47692],[-63.653,-31.4767],[-63.6529,-31.47646],[-63.65311,-31.47603],[-63.65466,-31.47601],[-63.6542,-31.4769],[-63.65423,-31.4772],[-63.65288,-31.47692]]]},"properties":{"periodo":2024,"dts":"2023-12-10","dte":"2024-12-29","infobs":"NA"}},
{"type":"Feature","geometry":{"type":"Polygon","coordinates":[[[-63.24808,-31.46365],[-63.24875,-31.46267],[-63.24916,-31.46284],[-63.24882,-31.46367],[-63.24808,-31.46365]]]},"properties":{"periodo":2024,"dts":"2023-12-10","dte":"2024-12-29","infobs":"NA"}},
{"type":"Feature","geometry":{"type":"Polygon","coordinates":[[[-63.2789,-31.45501],[-63.27916,-31.45487],[-63.27973,-31.45502],[-63.28084,-31.45515],[-63.28082,-31.45527],[-63.2789,-31.45501]]]},"properties":{"periodo":2024,"dts":"2023-12-10","dte":"2024-12-29","infobs":"NA"}},
{"type":"Feature","geometry":{"type":"Polygon","coordinates":[[[-63.45596,-31.39774],[-63.45642,-31.39783],[-63.45349,-31.39835],[-63.45349,-31.3982],[-63.45596,-31.39774]]]},"properties":{"periodo":2024,"dts":"2023-12-10","dte":"2024-12-29","infobs":"NA"}},
{"type":"Feature","geometry":{"type":"Polygon","coordinates":[[[-63.67208,-32.58405],[-63.67219,-32.58414],[-63.67204,-32.58459],[-63.67187,-32.58444],[-63.67208,-32.58405]]]},"properties":{"periodo":2024,"dts":"2023-12-25","dte":"2024-12-19","infobs":"NA"}}
]}